annotation_id,image_id,category_id,bbox_x,bbox_y,bbox_w,bbox_h,score
1,1,27926,595.7093505859375,670.781982421875,258.4208984375,481.5792236328125,0.919206440448761
2,1,16551,554.04345703125,63.5946044921875,401.81201171875,413.41021728515625,0.9116049408912659
3,1,24850,170.12081909179688,740.115966796875,183.30206298828125,292.856201171875,0.8945168256759644
4,1,1900,156.2275848388672,251.3710174560547,205.96534729003906,124.95069885253906,0.7795202136039734
5,10,21771,640.50732421875,286.56982421875,191.0517578125,186.693603515625,0.9597029685974121
6,10,16548,102.95030975341797,805.916259765625,242.23688507080078,240.001708984375,0.8551796078681946
7,10,29451,103.6689453125,233.72142028808594,415.10791015625,225.47474670410156,0.8031883835792542
8,10,1900,643.18701171875,842.8267822265625,190.61328125,191.337646484375,0.6384475231170654
9,100,16548,583.4903564453125,131.331787109375,236.5279541015625,224.66943359375,0.8729070425033569
10,100,1900,134.34344482421875,244.49327087402344,192.13775634765625,162.02052307128906,0.840191662311554
11,100,33009,513.2952880859375,793.2526245117188,386.9854736328125,209.985595703125,0.8224144577980042
12,100,18110,42.983642578125,745.289794921875,308.71661376953125,303.0250244140625,0.7553535103797913
13,1003,34597,26.6077880859375,156.31024169921875,461.60943603515625,419.20794677734375,0.8831273913383484
14,1003,27733,120.4796142578125,769.18359375,318.8233642578125,278.51953125,0.8320631980895996
15,1003,16232,645.46240234375,183.9245147705078,197.3035888671875,183.88719177246094,0.811900794506073
16,1003,3483,604.2674560546875,791.6822509765625,275.2119140625,207.794921875,0.7985454201698303
17,1004,27733,560.5482177734375,257.44189453125,308.8931884765625,273.5086669921875,0.8868358731269836
18,1004,16232,140.15585327148438,890.597900390625,200.79397583007812,196.366943359375,0.8668415546417236
19,1004,34597,505.03857421875,655.9344482421875,461.0731201171875,440.701904296875,0.8644074201583862
20,1004,3483,123.28651428222656,307.03509521484375,272.92588806152344,201.109619140625,0.7913398742675781
21,1005,34597,18.4195556640625,120.90484619140625,447.71923828125,433.41278076171875,0.862899124622345
22,1005,27733,85.89251708984375,725.4012451171875,325.624755859375,281.32275390625,0.861242413520813
23,1005,16232,617.6222534179688,176.87452697753906,190.561279296875,186.04844665527344,0.8361135721206665
24,1005,3483,573.9302978515625,760.8759765625,279.94384765625,207.6163330078125,0.8064834475517273
25,1006,25469,46.870208740234375,856.325439453125,379.6536865234375,220.131103515625,0.8846170902252197
26,1006,25367,44.15998840332031,175.97767639160156,453.28746032714844,426.62998962402344,0.8614067435264587
27,1006,20238,615.6624755859375,194.05545043945312,230.15771484375,220.3956298828125,0.8250126242637634
28,1006,3483,600.6754150390625,842.7303466796875,279.023193359375,191.0797119140625,0.7336254119873047
29,1007,25469,11.685028076171875,812.2271728515625,386.3428649902344,225.5810546875,0.8866584300994873
30,1007,25367,24.219467163085938,149.91233825683594,450.23744201660156,429.16786193847656,0.8451583385467529
31,1007,20238,585.471435546875,189.6899871826172,226.8935546875,216.41236877441406,0.8238306045532227
32,1007,3483,571.0172729492188,811.1339111328125,283.62060546875,193.0966796875,0.7304744720458984
33,1009,22347,76.42041778564453,195.4823760986328,204.85027313232422,199.25205993652344,0.9153372049331665
34,1009,25469,11.79779052734375,812.601318359375,386.058349609375,225.0888671875,0.8857210874557495
35,1009,16262,542.305419921875,186.54774475097656,242.412353515625,231.40281677246094,0.8498884439468384
36,1009,3483,570.7703857421875,810.8768920898438,283.866455078125,193.0731201171875,0.721346378326416
37,1010,22347,91.72198486328125,204.46292114257812,210.84664916992188,201.30133056640625,0.925897479057312
38,1010,25469,47.06854248046875,856.63134765625,379.88031005859375,219.853271484375,0.8823760747909546
39,1010,16262,573.5057373046875,195.7415771484375,243.842041015625,232.14520263671875,0.8420261740684509
40,1010,3483,600.4453125,842.8824462890625,278.64404296875,191.4224853515625,0.7319677472114563
41,1012,24850,139.65228271484375,701.9112548828125,184.35000610351562,297.442138671875,0.9057620167732239
42,1012,27926,565.747802734375,630.09130859375,267.56298828125,485.869140625,0.8892104625701904
43,1012,16548,610.2552490234375,158.28225708007812,232.745361328125,224.4234619140625,0.8395624160766602
44,1012,1900,140.20846557617188,241.1551513671875,198.55300903320312,130.79327392578125,0.6879101395606995
45,1013,27926,145.5813751220703,143.87489318847656,264.58311462402344,459.19029235839844,0.9403125047683716
46,1013,24850,636.50439453125,274.1014404296875,181.838134765625,276.3868408203125,0.8953163027763367
47,1013,16548,104.08456420898438,864.0859375,245.81216430664062,242.13671875,0.7881798148155212
48,1013,1900,629.21484375,891.8902587890625,212.593505859375,136.185791015625,0.7852757573127747
49,1014,27926,595.6594848632812,670.7503662109375,258.4759521484375,481.89111328125,0.9172120094299316
50,1014,24850,170.4613037109375,740.49658203125,182.64996337890625,292.773681640625,0.8915442824363708
51,1014,16548,637.3470458984375,161.5872039794922,240.8663330078125,230.83265686035156,0.8677865266799927
52,1014,1900,156.22576904296875,251.3519744873047,206.150634765625,125.42762756347656,0.7818777561187744
53,1015,35206,654.1695556640625,174.44427490234375,228.8099365234375,406.26226806640625,0.9018036127090454
54,1015,20877,115.78230285644531,769.4691162109375,334.80711364746094,230.77734375,0.8811859488487244
55,1015,3483,648.5843505859375,749.779296875,209.85205078125,269.3603515625,0.8087360262870789
56,1015,30308,66.19779968261719,121.09150695800781,405.61354064941406,407.75193786621094,0.8004639148712158
57,1016,35206,97.335693359375,670.7266845703125,238.5018310546875,413.56494140625,0.8778769969940186
58,1016,20877,537.5335693359375,292.3128662109375,333.356201171875,234.333251953125,0.8631601333618164
59,1016,30308,532.806396484375,720.0028076171875,417.748046875,416.357177734375,0.8104670643806458
60,1016,3483,140.93707275390625,289.7484130859375,212.26571655273438,259.951416015625,0.8043382167816162
61,1018,27733,554.1995849609375,252.48236083984375,308.8704833984375,267.9656982421875,0.878030002117157
62,1018,29667,85.32369995117188,859.443115234375,235.75906372070312,231.8466796875,0.8732945322990417
63,1018,3483,122.2412109375,307.99444580078125,275.745361328125,201.2498779296875,0.788291871547699
64,1018,30308,427.21124267578125,737.3284912109375,492.2476806640625,313.535888671875,0.7543801665306091
65,1019,29667,666.9595947265625,180.81851196289062,227.415283203125,217.44976806640625,0.8731839060783386
66,1019,27733,127.78115844726562,777.8306884765625,317.3460693359375,278.718994140625,0.8481271862983704
67,1019,3483,604.197509765625,791.825439453125,275.4541015625,207.4794921875,0.795795738697052
68,1019,30308,87.23406982421875,214.57769775390625,479.2724609375,295.34332275390625,0.7123330235481262
69,102,16548,612.8831787109375,134.72381591796875,240.84423828125,230.144287109375,0.8654975891113281
70,102,1900,149.88426208496094,254.9823760986328,198.75685119628906,162.76768493652344,0.8322756886482239
71,102,18110,78.71377563476562,789.398193359375,305.70880126953125,295.559326171875,0.8270039558410645
72,102,33009,547.3465576171875,834.964111328125,377.2509765625,205.0977783203125,0.6956630349159241
73,1020,29667,639.0194091796875,175.89419555664062,218.3865966796875,217.5716552734375,0.8717304468154907
74,1020,27733,92.73016357421875,730.719482421875,322.69610595703125,282.61083984375,0.8607192635536194
75,1020,3483,573.357177734375,760.556396484375,280.34423828125,207.887939453125,0.8035787343978882
76,1020,30308,73.5762939453125,191.10235595703125,465.673095703125,291.10711669921875,0.7234050631523132
77,1022,33208,579.0367431640625,809.427490234375,219.18896484375,206.907958984375,0.929067075252533
78,1022,16551,621.1973876953125,22.60333251953125,288.278564453125,466.8812255859375,0.904992401599884
79,1022,29451,33.80950927734375,801.744140625,429.72198486328125,227.06982421875,0.8070188760757446
80,1022,1900,147.40106201171875,238.33079528808594,181.7066650390625,186.30470275878906,0.7060902714729309
81,1023,33208,608.262939453125,842.1337890625,213.4951171875,202.1571044921875,0.9383218884468079
82,1023,16551,644.42822265625,23.31005859375,306.52880859375,489.956787109375,0.9073526859283447
83,1023,29451,69.686279296875,843.0255126953125,422.07501220703125,218.917236328125,0.7990989685058594
84,1023,1900,166.2646026611328,248.29476928710938,183.73057556152344,183.5147705078125,0.6614192128181458
85,1025,16262,109.06446075439453,835.673095703125,249.84252166748047,243.79345703125,0.895338773727417
86,1025,20877,539.0642700195312,292.67706298828125,334.8236083984375,236.3482666015625,0.8704778552055359
87,1025,28763,643.2769775390625,861.939697265625,223.7078857421875,215.243408203125,0.8392809629440308
88,1025,3483,143.0037841796875,288.671875,211.41778564453125,259.795166015625,0.7950169444084167
89,1026,20877,116.675048828125,768.994140625,334.7374267578125,232.154541015625,0.8807041049003601
90,1026,16262,629.8160400390625,192.0841064453125,242.5699462890625,234.171630859375,0.8477887511253357
91,1026,28763,133.32357788085938,202.8363800048828,215.0599365234375,205.59239196777344,0.8297199606895447
92,1026,3483,648.1826782226562,749.853759765625,209.442138671875,270.227783203125,0.811310887336731
93,1027,13900,187.93878173828125,285.05267333984375,205.495361328125,235.599365234375,0.917806088924408
94,1027,3351,347.62335205078125,875.351318359375,203.870361328125,207.988037109375,0.4993152618408203
95,1028,13900,544.7840576171875,704.8521728515625,216.539794921875,251.41748046875,0.9063669443130493
96,1028,3351,383.36181640625,149.77169799804688,200.400390625,201.96221923828125,0.8635067343711853
97,1029,13900,592.02685546875,797.17138671875,203.4384765625,243.9306640625,0.9134318232536316
98,1029,3351,427.3712463378906,209.54505920410156,198.33956909179688,195.45079040527344,0.8906572461128235
99,1030,34597,43.7132568359375,140.93511962890625,459.3499755859375,421.20208740234375,0.8639281988143921
100,1030,27733,87.14828491210938,723.4755859375,321.87982177734375,283.9774169921875,0.8573809266090393
101,1030,35206,564.1971435546875,117.56756591796875,257.812255859375,384.2362060546875,0.8497119545936584
102,1030,3483,575.3092041015625,758.8373413085938,279.961181640625,209.36083984375,0.8058025240898132
103,1034,28763,648.8697509765625,882.37841796875,223.360595703125,214.7548828125,0.8412994146347046
104,1034,3483,149.3218536376953,217.04319763183594,252.68479919433594,222.54200744628906,0.8254165053367615
105,1034,19861,637.16943359375,276.76104736328125,222.6982421875,172.7889404296875,0.7702139616012573
106,1034,36637,94.41061401367188,905.51171875,273.9473571777344,165.55224609375,0.7083595991134644
107,1039,25469,46.601348876953125,856.724609375,380.5091857910156,219.8353271484375,0.88289475440979
108,1039,16262,573.522216796875,195.73191833496094,243.8380126953125,232.01466369628906,0.8328105211257935
109,1039,28763,123.8447265625,212.7838134765625,216.88592529296875,204.98944091796875,0.8234232664108276
110,1039,3483,601.3892822265625,842.966796875,278.464111328125,191.030029296875,0.7299227118492126
111,104,18357,105.34112548828125,608.7440185546875,254.6954345703125,373.51416015625,0.8956897258758545
112,104,21325,612.7506103515625,760.67578125,177.39306640625,231.888671875,0.8707802891731262
113,104,3351,319.16497802734375,197.4394989013672,195.12060546875,201.20008850097656,0.37718528509140015
114,1041,16262,166.4437255859375,833.126220703125,253.0037841796875,244.001220703125,0.8707629442214966
115,1041,28763,651.114990234375,853.2672119140625,225.1044921875,211.9656982421875,0.8204639554023743
116,1041,25469,569.2730712890625,231.32574462890625,375.7939453125,221.02264404296875,0.7932645678520203
117,1041,3483,124.57733154296875,272.2109375,273.9180908203125,189.2689208984375,0.7376000881195068
118,1043,18357,45.10833740234375,625.5830078125,279.3541259765625,357.5631103515625,0.9300951361656189
119,1043,3351,308.109619140625,162.85159301757812,196.20452880859375,200.7677001953125,0.8676771521568298
120,1043,35206,503.7227478027344,597.2389526367188,258.2590637207031,426.5753173828125,0.8250243067741394
121,1044,18357,90.26058959960938,721.21142578125,274.98944091796875,356.81201171875,0.9296656847000122
122,1044,3351,347.09375,220.937255859375,197.5494384765625,197.12078857421875,0.8510464429855347
123,1044,35206,544.0709228515625,697.885498046875,250.98486328125,413.7288818359375,0.8150162100791931
124,1045,20877,40.4912109375,754.4327392578125,334.6340026855469,252.17041015625,0.8939395546913147
125,1045,29667,592.94287109375,175.7561492919922,222.12109375,219.96559143066406,0.8664531111717224
126,1045,3483,620.35986328125,716.8446044921875,211.711181640625,272.162841796875,0.8187898993492126
127,1045,28763,131.98291015625,210.99365234375,212.06396484375,204.41973876953125,0.812671959400177
128,1046,20877,72.783935546875,798.8089599609375,332.862548828125,241.782958984375,0.8908174633979797
129,1046,28763,148.14251708984375,221.911376953125,218.16485595703125,204.93389892578125,0.8467512726783752
130,1046,29667,621.54052734375,179.94781494140625,226.954833984375,220.27557373046875,0.8458750247955322
131,1046,3483,647.6268920898438,749.9575805664062,210.095703125,270.790283203125,0.8070554137229919
132,1047,20877,589.5810546875,256.80389404296875,328.6171875,241.976318359375,0.8662696480751038
133,1047,29667,133.2072296142578,860.494873046875,234.23448181152344,229.7120361328125,0.8639170527458191
134,1047,3483,142.2696990966797,288.115234375,212.56996154785156,258.8924560546875,0.7981176376342773
135,1047,28763,626.2152099609375,842.9447021484375,221.88330078125,213.2080078125,0.7702187299728394
136,1050,22362,603.74658203125,775.106689453125,259.252197265625,414.5867919921875,0.8250142335891724
137,1050,2483,645.6615600585938,82.51802062988281,204.7327880859375,485.87522888183594,0.7793177366256714
138,1050,22627,92.99543762207031,177.085205078125,342.25364685058594,467.993408203125,0.7615691423416138
139,1050,5094,135.20172119140625,846.01220703125,285.40130615234375,275.602294921875,0.3965671956539154
140,1051,23223,480.87310791015625,650.661865234375,395.900634765625,477.814697265625,0.9694883823394775
141,1051,4378,135.58926391601562,106.83082580566406,222.32785034179688,439.01829528808594,0.9164609313011169
142,1051,5094,544.9959106445312,189.7987060546875,279.3564453125,271.53680419921875,0.7811864018440247
143,1051,2483,87.56784057617188,678.5755615234375,235.74032592773438,481.2467041015625,0.7385819554328918
144,1053,23223,75.36651611328125,69.74237060546875,390.80218505859375,476.69464111328125,0.975002646446228
145,1053,4378,583.337890625,697.7763671875,228.4898681640625,453.553466796875,0.8919473886489868
146,1053,5094,102.4970703125,799.554931640625,285.202392578125,276.5802001953125,0.862058162689209
147,1053,2483,613.166015625,49.15315246582031,223.6429443359375,487.15013122558594,0.7916007041931152
148,1055,31885,55.90287780761719,24.43841552734375,431.56105041503906,494.45196533203125,0.8936256766319275
149,1055,29667,647.5302734375,184.89871215820312,220.0623779296875,216.74041748046875,0.8750252723693848
150,1055,27733,81.1282958984375,728.0842895507812,326.83587646484375,277.040771484375,0.8494328260421753
151,1055,3483,566.3306884765625,765.67578125,281.32861328125,208.923828125,0.799677848815918
152,1056,29667,676.6796875,188.32510375976562,226.04541015625,218.4488525390625,0.8891111612319946
153,1056,31885,67.92669677734375,45.06895446777344,449.04510498046875,499.49098205566406,0.8862675428390503
154,1056,27733,115.43209838867188,776.3372802734375,325.832275390625,269.8270263671875,0.8519871830940247
155,1056,3483,597.0133056640625,797.3375854492188,275.82373046875,206.7435302734375,0.7883646488189697
156,1057,4378,638.9375610351562,702.360107421875,224.829833984375,459.551025390625,0.934788703918457
157,1057,12778,76.92831420898438,70.23124694824219,339.09228515625,509.81837463378906,0.9281015992164612
158,1057,25438,107.6251220703125,826.9666748046875,261.3280029296875,258.113037109375,0.8597121834754944
159,1057,2483,611.028076171875,64.21168518066406,245.414794921875,473.43272399902344,0.7874448895454407
160,1058,4378,649.3843383789062,705.7386474609375,230.373291015625,475.0855712890625,0.9356978535652161
161,1058,12778,80.37847900390625,96.7646484375,339.5728759765625,523.7128295898438,0.9226381778717041
162,1058,25438,107.76214599609375,841.3746337890625,267.228759765625,266.710693359375,0.8752610683441162
163,1058,2483,597.40576171875,96.791015625,253.42431640625,462.55548095703125,0.7991246581077576
164,1060,13395,112.2110595703125,49.0599365234375,245.0487060546875,483.5689697265625,0.958246111869812
165,1060,25438,549.3785400390625,204.8881378173828,256.6925048828125,253.24473571777344,0.8490818738937378
166,1060,22627,522.107666015625,639.924560546875,361.9481201171875,482.222900390625,0.8101469874382019
167,1060,2483,115.66780853271484,678.642822265625,218.57898712158203,491.227294921875,0.7578946352005005
168,1064,25469,47.39581298828125,856.567626953125,379.6029357910156,219.90185546875,0.886099100112915
169,1064,34597,55.96919250488281,130.79063415527344,464.34825134277344,417.58094787597656,0.8738946914672852
170,1064,20238,615.544189453125,194.02392578125,230.0699462890625,220.33160400390625,0.8147341012954712
171,1064,3483,601.23681640625,842.3453369140625,278.32568359375,191.4637451171875,0.7329505681991577
172,1065,34597,475.26873779296875,684.7799072265625,478.0142822265625,431.32080078125,0.8830101490020752
173,1065,20238,138.59310913085938,849.98193359375,233.813232421875,226.8125,0.8649539351463318
174,1065,25469,569.4891967773438,231.73300170898438,375.1259765625,220.971435546875,0.7951911091804504
175,1065,3483,124.41744995117188,272.6236572265625,274.1358642578125,189.978759765625,0.7354156970977783
176,1067,16262,116.36815643310547,845.03857421875,251.43408966064453,242.581298828125,0.9017323851585388
177,1067,31885,552.885009765625,672.206787109375,412.828857421875,532.455322265625,0.8691282868385315
178,1067,3483,132.40110778808594,288.0682373046875,278.51856994628906,175.058837890625,0.716781735420227
179,1067,27653,668.643798828125,254.82916259765625,223.443359375,201.58612060546875,0.7115299701690674
180,1069,21771,115.1981201171875,200.8278350830078,191.27365112304688,188.35459899902344,0.9616523385047913
181,1069,16548,642.7451171875,162.82281494140625,237.6962890625,231.31854248046875,0.8702760338783264
182,1069,1900,620.447998046875,888.80712890625,209.20263671875,139.95166015625,0.7706878185272217
183,1069,21026,136.12338256835938,867.799072265625,181.8897705078125,178.020263671875,0.7192918062210083
184,1070,21771,683.264404296875,880.90185546875,199.525634765625,196.5596923828125,0.9301949739456177
185,1070,16548,100.9116439819336,862.6865234375,244.47235870361328,242.19775390625,0.8180516362190247
186,1070,1900,173.80506896972656,279.5736083984375,203.96690368652344,140.72802734375,0.7963696122169495
187,1070,21026,671.2537231445312,270.0116271972656,178.260986328125,175.87078857421875,0.7568362951278687
188,1073,22347,112.58267211914062,196.4431610107422,204.88644409179688,198.86952209472656,0.8745202422142029
189,1073,36637,634.1705932617188,176.39511108398438,183.206787109375,244.297119140625,0.8252984285354614
190,1073,3483,528.2344970703125,777.625732421875,276.51220703125,225.84228515625,0.7596818804740906
191,1073,27777,142.74639892578125,772.9266357421875,180.8411865234375,208.5758056640625,0.5964903235435486
192,1075,16551,86.90293884277344,594.9361572265625,350.03504943847656,461.62939453125,0.9310765862464905
193,1075,29871,598.4312744140625,770.77587890625,213.533935546875,227.025390625,0.9064357876777649
194,1075,3544,101.4041748046875,160.1920928955078,204.73904418945312,202.24156188964844,0.665228545665741
195,1075,4543,608.1636962890625,142.42727661132812,207.9017333984375,200.55331420898438,0.6207790374755859
196,1076,3544,666.8367919921875,897.49462890625,219.1290283203125,216.3900146484375,0.9012165069580078
197,1076,29871,165.31199645996094,279.28216552734375,208.84156799316406,213.65313720703125,0.9003559947013855
198,1076,16551,529.294677734375,191.9073486328125,334.551513671875,439.25048828125,0.7772060632705688
199,1076,4543,132.71047973632812,916.2520751953125,215.07931518554688,214.5283203125,0.7750514149665833
200,1077,16551,121.56146240234375,641.3802490234375,346.877197265625,459.45068359375,0.9216486215591431
201,1077,29871,626.6805419921875,806.32763671875,211.13037109375,223.24951171875,0.8962538242340088
202,1077,4543,638.4854736328125,141.172607421875,211.24365234375,205.04925537109375,0.7090979814529419
203,1077,3544,115.31170654296875,165.2728729248047,211.2401123046875,205.30152893066406,0.5986396670341492
204,1079,22347,115.80815887451172,217.171630859375,210.65418243408203,201.3348388671875,0.9018462896347046
205,1079,20877,72.10061645507812,799.8140869140625,330.0325622558594,243.820068359375,0.8915725350379944
206,1079,29667,622.7166748046875,183.15646362304688,227.978515625,219.68231201171875,0.8514807820320129
207,1079,3483,644.4818115234375,754.8038330078125,211.519287109375,268.299072265625,0.804076611995697
208,108,12778,110.11335754394531,39.524169921875,294.38279724121094,535.358154296875,0.9368575811386108
209,108,25438,140.2078094482422,845.2763671875,264.72596740722656,254.646484375,0.845817506313324
210,108,2483,594.052490234375,85.75616455078125,257.7926025390625,467.46588134765625,0.8033552169799805
211,108,22362,581.9635620117188,740.3267822265625,265.0662841796875,413.4658203125,0.7994750738143921
212,1080,22347,101.44338989257812,209.3038787841797,204.76968383789062,196.97962951660156,0.8977653384208679
213,1080,20877,37.33538818359375,754.8111572265625,333.7613220214844,252.823974609375,0.8750337958335876
214,1080,29667,592.7425537109375,178.24517822265625,225.0631103515625,219.52447509765625,0.8539766073226929
215,1080,3483,616.6415405273438,720.4869384765625,211.3800048828125,272.0750732421875,0.8153069019317627
216,1081,44199,91.40576171875,185.29539489746094,258.56170654296875,228.79664611816406,0.9426792860031128
217,1081,16551,477.41314697265625,203.00091552734375,468.8572998046875,324.20574951171875,0.9030287861824036
218,1081,21026,123.22018432617188,865.86083984375,182.63485717773438,178.265625,0.7335671782493591
219,1081,1900,605.952392578125,899.9305419921875,210.4779052734375,139.04296875,0.7149266600608826
220,1085,20877,83.99765014648438,724.082275390625,338.30194091796875,239.9033203125,0.891416609287262
221,1085,25367,26.719100952148438,126.4576416015625,457.39930725097656,416.0186767578125,0.8488675951957703
222,1085,16232,623.59326171875,220.89476013183594,192.063232421875,185.46815490722656,0.8396766185760498
223,1085,3483,620.6268310546875,715.3292236328125,211.6982421875,272.69482421875,0.8095085620880127
224,1087,16551,86.94973754882812,591.067626953125,299.53240966796875,484.18994140625,0.9173997640609741
225,1087,10221,621.353759765625,203.4985809326172,219.552978515625,216.89625549316406,0.8697736263275146
226,1087,3544,133.2464599609375,173.83656311035156,204.93032836914062,201.74229431152344,0.8035677075386047
227,1087,31705,559.1923828125,671.9013671875,265.5247802734375,456.973876953125,0.7186319828033447
228,1089,10221,105.83261108398438,832.8956298828125,230.46890258789062,228.5833740234375,0.8937392234802246
229,1089,3544,633.5543212890625,886.34814453125,217.51708984375,214.763427734375,0.8043078780174255
230,1089,16551,580.7730712890625,178.78436279296875,295.9500732421875,461.593994140625,0.8038711547851562
231,1089,31705,148.3494873046875,141.98358154296875,258.52203369140625,426.625244140625,0.7626277208328247
232,109,35206,108.57513427734375,772.251708984375,301.20526123046875,394.13818359375,0.8872584700584412
233,109,25367,585.6507568359375,714.8419189453125,386.9134521484375,503.0400390625,0.8750277161598206
234,109,3483,148.80227661132812,217.33299255371094,253.542236328125,222.76930236816406,0.8328429460525513
235,109,19861,637.0997924804688,277.35150146484375,222.31298828125,172.44482421875,0.7596573233604431
236,1092,44199,134.06344604492188,242.30746459960938,244.16827392578125,232.904052734375,0.9073449969291687
237,1092,33009,568.0048828125,213.6517333984375,326.301513671875,288.76104736328125,0.8587085008621216
238,1092,1900,652.1474609375,847.924560546875,209.22216796875,162.046630859375,0.7820038199424744
239,1092,16548,82.87429809570312,912.054443359375,244.892822265625,240.36279296875,0.2896874248981476
240,1093,16262,101.24591064453125,851.83056640625,250.00323486328125,240.90234375,0.879253625869751
241,1093,34597,495.6100158691406,684.700927734375,462.1691589355469,446.7135009765625,0.8516117930412292
242,1093,3483,148.68609619140625,217.5987091064453,253.78143310546875,222.83238220214844,0.8236575126647949
243,1093,19861,636.9677124023438,277.19366455078125,222.5601806640625,172.4381103515625,0.7681616544723511
244,1095,34597,43.21858215332031,117.9837646484375,453.53379821777344,425.045166015625,0.8756876587867737
245,1095,16262,637.9105224609375,175.9430389404297,243.966552734375,235.13111877441406,0.8441550731658936
246,1095,19861,123.76815795898438,864.642333984375,224.13955688476562,170.610595703125,0.832150936126709
247,1095,3483,599.0377197265625,868.882080078125,260.79052734375,229.66845703125,0.8045124411582947
248,1096,27993,546.1528930664062,775.19189453125,311.9844970703125,244.6439208984375,0.9514924883842468
249,1096,16551,475.15643310546875,114.29183959960938,452.7440185546875,325.748046875,0.9141603708267212
250,1096,6563,163.78350830078125,671.1004638671875,223.6129150390625,366.5048828125,0.852772057056427
251,1096,3544,90.81861114501953,194.34552001953125,205.87853240966797,204.20941162109375,0.8294414281845093
252,1097,27993,575.579345703125,815.4007568359375,305.01708984375,233.1444091796875,0.9534685015678406
253,1097,16551,504.1068115234375,124.2325439453125,460.704345703125,330.35455322265625,0.8763979077339172
254,1097,6563,194.93014526367188,715.436767578125,223.48870849609375,362.135986328125,0.8524717092514038
255,1097,3544,107.04932403564453,204.32415771484375,208.93242645263672,203.0992431640625,0.6596091985702515
256,1098,16551,19.18853759765625,785.6385498046875,479.5010986328125,341.9427490234375,0.802397608757019
257,1098,6563,580.3485107421875,232.16851806640625,216.762939453125,338.12530517578125,0.7824877500534058
258,1098,3544,676.4478759765625,862.10595703125,217.59765625,213.773681640625,0.5866696834564209
259,1098,27993,126.60870361328125,249.582275390625,296.69635009765625,237.9317626953125,0.3133186101913452
260,110,25367,43.700836181640625,45.772216796875,384.1698913574219,486.61578369140625,0.8637192249298096
261,110,19861,123.50827026367188,864.53662109375,224.32427978515625,170.6697998046875,0.8331934213638306
262,110,35206,578.6905517578125,92.61761474609375,291.1192626953125,385.17449951171875,0.8208633065223694
263,110,3483,599.339599609375,869.34228515625,260.5771484375,229.083251953125,0.808184802532196
264,1100,31885,54.48655700683594,93.38946533203125,425.10780334472656,497.98944091796875,0.9131667017936707
265,1100,36637,633.5480346679688,177.32852172851562,183.31689453125,244.314208984375,0.8195399641990662
266,1100,3483,528.605224609375,777.114990234375,275.7138671875,226.519775390625,0.7581916451454163
267,1100,27777,142.62094116210938,772.8187255859375,180.64276123046875,208.5029296875,0.6001198887825012
268,1101,31885,64.99916076660156,115.89862060546875,442.92710876464844,503.3555908203125,0.8882002234458923
269,1101,36637,661.1808471679688,180.77642822265625,189.72607421875,249.42340087890625,0.8102093935012817
270,1101,3483,560.4583740234375,812.6678466796875,269.3994140625,219.5240478515625,0.7418416738510132
271,1101,27777,176.20530700683594,810.4736328125,176.53260803222656,204.1630859375,0.5979256629943848
272,1105,22347,109.21588134765625,210.4088134765625,209.2247314453125,200.69091796875,0.9128933548927307
273,1105,35206,596.2247314453125,121.85174560546875,261.74365234375,396.13916015625,0.8754695057868958
274,1105,27733,121.498046875,769.9749755859375,318.67535400390625,278.2742919921875,0.8249301314353943
275,1105,3483,604.2119750976562,791.5593872070312,275.904296875,207.7698974609375,0.800483226776123
276,1109,28763,138.46307373046875,223.73011779785156,216.4521484375,204.30137634277344,0.8409085869789124
277,1109,16262,622.490234375,181.160400390625,241.412841796875,233.92315673828125,0.8085646033287048
278,1109,3483,588.689208984375,844.7783203125,281.556396484375,167.66650390625,0.7272067070007324
279,1109,27653,96.183837890625,854.63623046875,221.58029174804688,204.803466796875,0.6658149361610413
280,1111,29667,601.9637451171875,175.887939453125,220.06298828125,215.92169189453125,0.8699640035629272
281,1111,28763,113.72146606445312,185.805908203125,212.04525756835938,201.16387939453125,0.8222511410713196
282,1111,3483,557.158935546875,812.2122802734375,287.8013916015625,174.42626953125,0.7233275771141052
283,1111,27653,59.20488739013672,809.5916748046875,228.59497833251953,212.5546875,0.6581586003303528
284,1114,35206,104.73587036132812,686.588134765625,207.20953369140625,419.2994384765625,0.8733424544334412
285,1114,30308,560.464599609375,690.2767333984375,399.9921875,428.7916259765625,0.8544410467147827
286,1114,27653,667.746826171875,254.30723571777344,224.216552734375,200.95289611816406,0.7206092476844788
287,1114,3483,131.95440673828125,288.2591247558594,278.67718505859375,175.05303955078125,0.7201009392738342
288,1115,35206,648.779052734375,142.32080078125,199.5888671875,402.8253173828125,0.8839355111122131
289,1115,30308,38.512969970703125,119.67564392089844,387.6436767578125,407.78944396972656,0.8183698058128357
290,1115,3483,557.465087890625,812.79736328125,288.5089111328125,174.008056640625,0.7271217703819275
291,1115,27653,59.995758056640625,809.59375,229.21109008789062,213.689697265625,0.6498002409934998
292,1116,35206,679.252197265625,151.0687255859375,200.4461669921875,410.0452880859375,0.8818833827972412
293,1116,30308,52.27226257324219,142.10426330566406,396.52760314941406,412.79246520996094,0.8212090134620667
294,1116,3483,587.8529052734375,844.708984375,282.61376953125,168.1488037109375,0.728904128074646
295,1116,27653,95.12960815429688,853.479736328125,222.92141723632812,205.944580078125,0.6530259847640991
296,1118,29871,196.08184814453125,240.39483642578125,175.0662841796875,234.08392333984375,0.9120808243751526
297,1118,3544,676.6510009765625,857.5045166015625,215.556884765625,216.6134033203125,0.9064329266548157
298,1118,6563,583.3829345703125,238.5888671875,218.904296875,335.06573486328125,0.793635904788971
299,1119,29871,632.126708984375,825.9793701171875,172.318603515625,242.179931640625,0.9107908606529236
300,1119,16548,642.7960205078125,144.44607543945312,239.00732421875,230.44366455078125,0.8687989115715027
301,1119,6563,189.671875,707.65380859375,224.367919921875,359.2401123046875,0.8261348009109497
302,1119,3544,107.9515380859375,205.86798095703125,209.10983276367188,203.70458984375,0.5308172702789307
303,112,16551,153.52313232421875,586.013916015625,320.8179931640625,473.398193359375,0.9210702776908875
304,112,3544,124.65756225585938,232.71173095703125,209.780029296875,205.485107421875,0.8842283487319946
305,112,10221,629.9931030273438,198.21214294433594,227.989501953125,218.41322326660156,0.7605893611907959
306,112,33009,561.466552734375,809.4667358398438,373.45458984375,210.9522705078125,0.6965394020080566
307,1121,28763,619.894775390625,860.46533203125,223.528076171875,214.5054931640625,0.8628523945808411
308,1121,25469,570.8447265625,183.9837646484375,339.161865234375,288.91204833984375,0.806229293346405
309,1121,29667,137.4430694580078,870.9659423828125,231.36521911621094,229.508544921875,0.8032197952270508
310,1121,3483,125.79519653320312,272.0670166015625,272.94677734375,187.9466552734375,0.7351846098899841
311,1123,27733,560.2106323242188,257.63397216796875,309.017578125,272.35174560546875,0.8848699927330017
312,1123,16262,149.6261444091797,803.185791015625,253.94471740722656,242.5166015625,0.8847387433052063
313,1123,25367,493.5167236328125,657.558349609375,455.90380859375,444.6591796875,0.8602266907691956
314,1123,3483,123.57186889648438,306.81304931640625,272.19781494140625,202.1727294921875,0.7949206233024597
315,1125,25367,64.76080322265625,150.81060791015625,452.44622802734375,439.25543212890625,0.8717098832130432
316,1125,16262,588.9586791992188,227.13442993164062,244.1710205078125,232.69110107421875,0.853296160697937
317,1125,27733,120.80946350097656,770.339111328125,320.96726989746094,276.761962890625,0.8243383765220642
318,1125,3483,604.4075927734375,791.6158447265625,274.72998046875,207.68408203125,0.7977164387702942
319,1126,16262,109.41207885742188,835.001220703125,250.49847412109375,243.063232421875,0.8985795974731445
320,1126,31885,504.0540771484375,727.2928466796875,458.7822265625,488.9033203125,0.8974241614341736
321,1126,20877,540.5234375,292.46649169921875,334.3272705078125,236.9345703125,0.8587903380393982
322,1126,3483,143.60446166992188,287.8436279296875,212.4383544921875,259.1466064453125,0.8009139895439148
323,1129,22347,679.4227294921875,826.360107421875,215.575927734375,209.333984375,0.9183802008628845
324,1129,27733,560.021728515625,256.52886962890625,309.2247314453125,271.8265380859375,0.8771286010742188
325,1129,20238,111.53622436523438,854.640869140625,235.670166015625,227.715087890625,0.8581562638282776
326,1129,3483,123.406494140625,306.45391845703125,272.21112060546875,201.66259765625,0.7963430881500244
327,113,10221,124.52529907226562,843.1336669921875,232.80587768554688,228.972412109375,0.9043987989425659
328,113,3544,657.6324462890625,832.9786376953125,215.89453125,213.6114501953125,0.8814204335212708
329,113,16551,525.1406860351562,227.13023376464844,311.65771484375,459.50453186035156,0.7941876649856567
330,113,33009,78.22885131835938,268.30059814453125,365.72137451171875,223.53338623046875,0.782733678817749
331,1135,1900,150.36038208007812,255.56961059570312,198.56719970703125,162.21722412109375,0.8304688930511475
332,1135,18110,78.73236083984375,789.901611328125,305.6559753417969,294.859375,0.8302050232887268
333,1135,16551,603.558837890625,49.89337158203125,288.090576171875,487.6951904296875,0.7816879153251648
334,1135,33009,547.445556640625,834.9869384765625,376.352294921875,203.734619140625,0.7001631855964661
335,1136,16551,92.25814819335938,702.0035400390625,298.43304443359375,499.194580078125,0.9128962159156799
336,1136,18110,612.041015625,220.1228790283203,301.146728515625,288.29344177246094,0.8522926568984985
337,1136,33009,85.37150573730469,255.8409423828125,374.13404846191406,212.31597900390625,0.8316423892974854
338,1136,1900,643.1490478515625,855.21533203125,204.255126953125,173.36865234375,0.7795741558074951
339,1138,20238,590.21875,171.6361083984375,224.7791748046875,215.24713134765625,0.8677800893783569
340,1138,34597,29.552642822265625,81.12626647949219,372.0235290527344,488.37464904785156,0.8033530116081238
341,1138,3483,559.2879638671875,811.9671630859375,287.8751220703125,174.220947265625,0.7239158153533936
342,1138,27653,62.23198699951172,810.604736328125,228.76923370361328,213.167236328125,0.6604896187782288
343,114,16551,120.17160034179688,537.79638671875,323.195556640625,477.6553955078125,0.9193414449691772
344,114,3544,109.24832153320312,223.027587890625,204.17446899414062,203.709228515625,0.8850240707397461
345,114,10221,600.692138671875,192.8204345703125,222.7177734375,214.65716552734375,0.8742130994796753
346,114,33009,531.39013671875,764.4474487304688,382.604248046875,223.8638916015625,0.7844260334968567
347,1140,20238,620.0895385742188,175.1486053466797,228.2310791015625,219.96400451660156,0.8745627999305725
348,1140,34597,45.728271484375,111.72914123535156,378.08367919921875,482.95372009277344,0.772615909576416
349,1140,3483,589.4412841796875,844.32666015625,281.9287109375,168.183349609375,0.7292468547821045
350,1140,27653,97.7908935546875,854.4793701171875,222.59024047851562,205.86572265625,0.658496618270874
351,1141,23223,562.89013671875,562.369384765625,307.89306640625,514.420654296875,0.970963716506958
352,1141,25438,549.8033447265625,193.19248962402344,255.206298828125,256.61256408691406,0.849736213684082
353,1141,2483,71.52206420898438,644.6109619140625,298.32403564453125,457.0843505859375,0.7970505356788635
354,1141,12081,61.91747283935547,110.90345764160156,234.47028350830078,436.26560974121094,0.6060989499092102
355,1142,23223,63.87841796875,128.2410125732422,306.2099609375,510.45289611816406,0.9681338667869568
356,1142,25438,118.92135620117188,821.048095703125,261.61566162109375,256.1005859375,0.8701466917991638
357,1142,2483,576.8792724609375,116.84326171875,296.09423828125,450.94671630859375,0.7198708057403564
358,1142,12081,644.6610107421875,700.0072021484375,243.3907470703125,453.342529296875,0.5675036311149597
359,1143,23223,65.99795532226562,157.37255859375,307.1429443359375,513.4306640625,0.9696682691574097
360,1143,25438,120.656982421875,830.9140625,268.14593505859375,269.038330078125,0.8406128287315369
361,1143,2483,569.1470336914062,142.315185546875,300.456298828125,446.07293701171875,0.798216700553894
362,1143,12081,648.57177734375,701.0982666015625,259.787841796875,470.8369140625,0.6051620841026306
363,1144,31885,53.54608154296875,173.186279296875,450.364501953125,489.078369140625,0.9012566208839417
364,1144,25469,47.302734375,856.5146484375,379.54595947265625,219.8240966796875,0.8819539546966553
365,1144,16262,571.99267578125,195.8532257080078,245.51904296875,232.47776794433594,0.8514900803565979
366,1144,3483,600.8569946289062,842.26806640625,279.2069091796875,191.6710205078125,0.7306533455848694
367,1148,41768,552.1376953125,631.451904296875,272.0977783203125,305.819091796875,0.8569271564483643
368,1148,16232,143.6248779296875,730.5406494140625,197.95294189453125,194.59765625,0.7351283431053162
369,1148,3351,376.0548095703125,152.31304931640625,199.9822998046875,203.37579345703125,0.7221482992172241
370,1149,3351,419.7542724609375,213.61651611328125,200.0135498046875,196.99560546875,0.8843070864677429
371,1149,41768,595.846923828125,715.370361328125,264.78857421875,312.960693359375,0.8587003946304321
372,1149,16232,186.02783203125,819.6356201171875,197.46856689453125,192.49365234375,0.7477089762687683
373,115,27733,554.9742431640625,252.48692321777344,308.92919921875,269.12538146972656,0.8775473833084106
374,115,25367,499.1181945800781,641.51708984375,425.3395690917969,468.587890625,0.8538184762001038
375,115,3483,122.361328125,308.0826416015625,274.900390625,201.619873046875,0.7907840013504028
376,115,36637,99.8946533203125,880.098388671875,268.1650390625,178.682373046875,0.776196300983429
377,1150,29667,629.0260009765625,163.10081481933594,224.791015625,218.44801330566406,0.8686432838439941
378,1150,34597,84.32084655761719,49.16796875,407.05946350097656,472.2098388671875,0.8358653783798218
379,1150,3483,559.060791015625,813.6195068359375,269.751953125,218.92236328125,0.743106484413147
380,1150,27777,175.00692749023438,810.35791015625,178.94451904296875,203.016357421875,0.5860530734062195
381,1153,22347,141.49090576171875,208.6288604736328,209.87225341796875,199.97142028808594,0.8996975421905518
382,1153,19861,123.548583984375,864.7923583984375,224.56390380859375,170.7608642578125,0.8368824124336243
383,1153,16232,644.2847900390625,173.03814697265625,192.92724609375,190.2474365234375,0.8200032711029053
384,1153,3483,599.1585693359375,868.8560791015625,260.5013427734375,230.0247802734375,0.8073166608810425
385,1154,22347,124.46713256835938,199.7897491455078,207.57794189453125,199.78257751464844,0.9015063047409058
386,1154,19861,87.96127319335938,826.3988037109375,230.19650268554688,177.4722900390625,0.8453154563903809
387,1154,3483,570.3953857421875,837.6676025390625,265.9775390625,230.79638671875,0.8295718431472778
388,1154,16232,614.781494140625,170.60916137695312,189.2265625,184.470458984375,0.8188533186912537
389,1155,22347,639.8458862304688,861.0635986328125,214.3465576171875,210.3525390625,0.9282377362251282
390,1155,16232,144.07321166992188,898.4447021484375,197.1861572265625,193.07080078125,0.8776944875717163
391,1155,3483,149.2651824951172,217.3886260986328,253.00819396972656,222.13401794433594,0.8390861749649048
392,1155,19861,637.0704345703125,277.1590576171875,222.451904296875,172.10443115234375,0.7542000412940979
393,1156,13900,180.3416290283203,283.67059326171875,212.20188903808594,231.5032958984375,0.9194563031196594
394,1156,16262,567.9679565429688,309.6500244140625,248.014892578125,236.489990234375,0.8784069418907166
395,1156,3351,385.47503662109375,851.370361328125,204.861083984375,204.9462890625,0.3839784860610962
396,1157,13900,545.9761962890625,711.9871826171875,221.4417724609375,247.258056640625,0.9204483032226562
397,1157,16262,110.03915405273438,675.214111328125,248.87591552734375,247.30908203125,0.8911862373352051
398,1157,3351,348.5814208984375,175.2382049560547,196.446044921875,200.97279357910156,0.42029866576194763
399,1158,13900,590.3955078125,803.813232421875,212.810302734375,239.5126953125,0.9284901022911072
400,1158,16262,152.0919189453125,767.6031494140625,248.05926513671875,238.977783203125,0.8929869532585144
401,1158,3351,389.2879638671875,234.47425842285156,200.15423583984375,197.75657653808594,0.5118871927261353
402,1159,18357,151.0523681640625,298.61834716796875,253.06396484375,360.60699462890625,0.9058437943458557
403,1159,3351,394.63671875,800.5623168945312,203.130126953125,206.72802734375,0.8396849632263184
404,1159,16232,645.6300659179688,294.23065185546875,191.03564453125,195.3922119140625,0.6945906281471252
405,1161,18357,579.069091796875,614.5880126953125,250.7916259765625,374.8857421875,0.8964917063713074
406,1161,3351,379.76202392578125,274.55059814453125,198.3489990234375,195.099853515625,0.851429283618927
407,1163,16551,40.326446533203125,604.16552734375,308.2743835449219,472.97314453125,0.8760371804237366
408,1163,3544,117.42254638671875,183.63876342773438,207.73065185546875,203.7103271484375,0.779332160949707
409,1163,29451,495.9803466796875,806.4315185546875,405.5093994140625,239.704833984375,0.6920108199119568
410,1163,10221,655.6707763671875,197.49928283691406,225.45166015625,216.98997497558594,0.6914794445037842
411,1164,16551,12.790618896484375,556.3892822265625,305.56036376953125,475.3905029296875,0.8983667492866516
412,1164,10221,626.0697021484375,191.10324096679688,220.7611083984375,216.51971435546875,0.7075707316398621
413,1164,3544,102.0413818359375,179.00953674316406,205.04080200195312,201.03819274902344,0.687722384929657
414,1164,29451,459.6761474609375,767.9855346679688,420.031005859375,246.890869140625,0.609085738658905
415,1166,25367,568.6029052734375,678.1878662109375,396.2730712890625,495.6881103515625,0.8497827053070068
416,1166,25469,571.0860595703125,183.46218872070312,338.26025390625,290.4703369140625,0.8123777508735657
417,1166,36637,129.64837646484375,828.7086181640625,184.36245727539062,264.392333984375,0.7801365852355957
418,1166,3483,125.47422790527344,272.0823974609375,273.14161682128906,189.28961181640625,0.7371291518211365
419,1167,25469,87.098388671875,827.614990234375,343.862060546875,306.810302734375,0.8362051844596863
420,1167,25367,47.770263671875,85.31666564941406,395.200439453125,483.43113708496094,0.8304115533828735
421,1167,36637,670.8290405273438,170.6494903564453,179.06591796875,257.86766052246094,0.8183234333992004
422,1167,3483,601.386962890625,843.4552001953125,278.50732421875,190.3779296875,0.7279576659202576
423,1168,29667,586.8653564453125,167.45477294921875,223.5679931640625,217.6640625,0.86758953332901
424,1168,30308,42.68109130859375,12.7230224609375,353.57342529296875,429.79266357421875,0.8343060612678528
425,1168,25469,47.1185302734375,787.5081787109375,354.2705078125,302.6329345703125,0.8293066024780273
426,1168,3483,569.5107421875,812.0888671875,284.05712890625,191.7919921875,0.7298942804336548
427,1170,29667,617.6124267578125,170.33546447753906,227.2156982421875,220.06211853027344,0.868441641330719
428,1170,25469,85.11236572265625,827.898193359375,346.190185546875,305.377685546875,0.8296810984611511
429,1170,30308,52.581634521484375,20.08782958984375,368.3539123535156,442.78033447265625,0.8143633604049683
430,1170,3483,599.7694091796875,843.174072265625,279.0496826171875,190.7508544921875,0.7333880662918091
431,1171,16548,574.8742065429688,744.9815673828125,247.2999267578125,235.9208984375,0.8698723316192627
432,1171,4543,636.8336181640625,149.35928344726562,208.4267578125,202.36666870117188,0.8383610248565674
433,1171,10221,90.22457885742188,787.7769775390625,228.57577514648438,222.9647216796875,0.7644991874694824
434,1171,3544,119.44781494140625,179.4024658203125,206.93515014648438,202.72271728515625,0.6437441110610962
435,1173,3544,646.5230712890625,876.3648681640625,216.097412109375,214.4246826171875,0.895209014415741
436,1173,10221,642.7880859375,262.0320129394531,219.90380859375,213.91168212890625,0.8473191857337952
437,1173,4543,103.47137451171875,906.4090576171875,215.50555419921875,212.0087890625,0.7301698327064514
438,1173,16548,160.06741333007812,286.7823181152344,234.05328369140625,224.66943359375,0.34977149963378906
439,1174,30308,570.5195922851562,751.2568359375,405.48040771484375,436.1444091796875,0.8684032559394836
440,1174,29667,124.03897094726562,863.11572265625,234.74777221679688,228.507568359375,0.8677258491516113
441,1174,3483,133.39727783203125,288.32879638671875,278.02471923828125,174.75238037109375,0.712117075920105
442,1174,27653,669.186279296875,254.79750061035156,223.6512451171875,201.82652282714844,0.70567387342453
443,1176,29667,630.29150390625,179.3937225341797,226.17626953125,218.80018615722656,0.8703248500823975
444,1176,30308,39.399200439453125,75.50747680664062,394.181884765625,416.66259765625,0.8180622458457947
445,1176,3483,586.4186401367188,845.1865234375,282.8519287109375,167.139404296875,0.716560423374176
446,1176,27653,94.26675415039062,853.3536376953125,223.06097412109375,205.03466796875,0.6655886173248291
447,1178,31885,100.251953125,47.52638244628906,425.02239990234375,503.16941833496094,0.8819884657859802
448,1178,20238,569.3236083984375,189.133056640625,228.845947265625,217.3248291015625,0.8408863544464111
449,1178,3483,530.682861328125,778.6795654296875,275.365478515625,227.189208984375,0.7663305401802063
450,1178,27777,143.51443481445312,775.09228515625,180.73004150390625,209.03466796875,0.605510950088501
451,118,16688,406.3994140625,66.3759765625,453.8587646484375,539.8341064453125,0.9652814865112305
452,118,13900,63.32098388671875,309.38134765625,231.74310302734375,216.80023193359375,0.8953360915184021
453,118,3351,448.0833435058594,838.8231201171875,205.07009887695312,207.056396484375,0.8013825416564941
454,1180,19232,489.4788818359375,229.93377685546875,333.646728515625,260.46392822265625,0.8996652364730835
455,1180,21325,185.67874145507812,307.6435546875,172.94232177734375,226.4813232421875,0.8974520564079285
456,1180,3351,387.5350341796875,909.078369140625,204.287841796875,205.696533203125,0.8027428388595581
457,1184,24850,672.137451171875,826.8880615234375,191.832275390625,301.6240234375,0.8824899792671204
458,1184,1900,185.890625,271.958740234375,206.377685546875,138.7918701171875,0.7522047758102417
459,1184,21026,681.9893798828125,271.71002197265625,181.647216796875,175.64892578125,0.7320579290390015
460,1185,16548,598.4622802734375,150.26092529296875,241.48974609375,227.38232421875,0.8772974014282227
461,1185,24850,134.96966552734375,141.67156982421875,189.6297607421875,295.32073974609375,0.8048071265220642
462,1185,21026,123.2265625,865.7408447265625,182.43682861328125,178.549072265625,0.7322854995727539
463,1185,1900,606.2196044921875,900.0389404296875,210.13623046875,138.920166015625,0.7121299505233765
464,1186,4378,135.27639770507812,106.4117431640625,222.95455932617188,439.66314697265625,0.9150479435920715
465,1186,19552,503.80792236328125,555.6700439453125,331.7884521484375,495.32470703125,0.9137033224105835
466,1186,5094,545.2396240234375,189.4590301513672,279.4580078125,272.48292541503906,0.7911372184753418
467,1186,2483,84.22595977783203,681.1480712890625,243.14842987060547,483.4091796875,0.7693514227867126
468,1187,19552,107.33723449707031,158.23789978027344,328.16673278808594,486.42640686035156,0.8955478072166443
469,1187,4378,583.3861083984375,697.0452880859375,228.449951171875,454.510009765625,0.8930438160896301
470,1187,5094,102.480224609375,799.5673828125,285.0732421875,276.55859375,0.866660475730896
471,1187,2483,610.7589111328125,49.61114501953125,229.1312255859375,487.1439208984375,0.7888698577880859
472,1189,3743,115.3782958984375,783.85400390625,335.90350341796875,324.1373291015625,0.8026818633079529
473,1189,22627,97.7239990234375,132.6378936767578,315.268798828125,484.08287048339844,0.7767324447631836
474,1189,2483,586.0448608398438,67.68580627441406,252.31640625,484.93894958496094,0.7674331068992615
475,1189,12081,597.662353515625,704.8359375,240.726318359375,457.0341796875,0.6064119338989258
476,119,13900,650.9459228515625,705.6094970703125,233.0362548828125,224.046630859375,0.9739044308662415
477,119,16688,79.9736328125,577.8638916015625,467.04443359375,583.5382080078125,0.8837030529975891
478,119,3351,288.56805419921875,186.73789978027344,196.65948486328125,200.05738830566406,0.8680431842803955
479,1190,22627,99.28387451171875,158.45257568359375,315.8587646484375,493.601806640625,0.809727132320404
480,1190,3743,118.59820556640625,793.149169921875,341.11529541015625,335.208251953125,0.8056093454360962
481,1190,2483,578.0032958984375,93.4937744140625,245.9658203125,486.3056640625,0.7874728441238403
482,1190,12081,606.066650390625,718.1385498046875,249.69970703125,460.0855712890625,0.6500944495201111
483,1191,2483,89.28997802734375,667.00341796875,259.05584716796875,478.45361328125,0.7865155339241028
484,1191,22627,514.9566650390625,586.1190185546875,329.595947265625,492.512939453125,0.7796485424041748
485,1191,12081,107.24627685546875,105.40711975097656,235.24365234375,433.26988220214844,0.6327540874481201
486,1191,3743,486.3639831542969,162.73045349121094,325.3948059082031,307.15003967285156,0.5679373145103455
487,1192,24850,646.2249755859375,205.66294860839844,176.474365234375,276.47096252441406,0.9197773933410645
488,1192,33009,85.32806396484375,255.78955078125,374.34942626953125,211.77978515625,0.8355818390846252
489,1192,1900,643.7454833984375,854.8157958984375,204.025634765625,173.658447265625,0.7926903367042542
490,1192,16551,85.9510498046875,690.612548828125,294.38720703125,501.896728515625,0.7691763043403625
491,1194,16551,610.00390625,61.79917907714844,290.8350830078125,484.79701232910156,0.9125975966453552
492,1194,24850,164.63558959960938,817.3441162109375,181.353515625,296.7557373046875,0.8953771591186523
493,1194,1900,149.89556884765625,255.1539306640625,198.45037841796875,162.993408203125,0.8334410786628723
494,1194,33009,547.3704833984375,834.887451171875,377.3177490234375,205.1575927734375,0.7130144238471985
495,1196,35206,135.7032470703125,703.9853515625,244.99639892578125,414.834228515625,0.8833020329475403
496,1196,28763,614.507568359375,888.186767578125,222.03076171875,214.4906005859375,0.8020156621932983
497,1196,3483,170.5947265625,277.501953125,266.18084716796875,218.42242431640625,0.7656181454658508
498,1196,27777,634.8949584960938,289.8058776855469,179.9241943359375,199.02264404296875,0.5660759210586548
499,1197,35206,612.3703002929688,141.9232635498047,227.1297607421875,401.93788146972656,0.8757333159446716
500,1197,3483,563.6944580078125,812.4674072265625,269.072998046875,218.10400390625,0.7619585394859314
501,1197,27777,179.02586364746094,811.95947265625,176.42323303222656,204.25732421875,0.5919803380966187
502,1197,28763,163.02911376953125,177.3751220703125,215.89141845703125,205.68939208984375,0.47814425826072693
503,1198,20238,601.1596069335938,195.36224365234375,229.653564453125,217.4058837890625,0.8442061543464661
504,1198,3483,563.263427734375,814.324951171875,268.596435546875,219.68994140625,0.7481462955474854
505,1198,28763,128.14544677734375,214.593505859375,215.67791748046875,204.73468017578125,0.7145321369171143
506,1198,27777,177.5589599609375,813.6227416992188,177.1048583984375,203.77001953125,0.5997891426086426
507,1199,28763,647.7288818359375,851.7354736328125,221.67626953125,212.7354736328125,0.8327500224113464
508,1199,20238,151.92724609375,850.6939697265625,233.77313232421875,226.65576171875,0.8049814701080322
509,1199,3483,172.6374969482422,273.8658447265625,265.11927795410156,217.7635498046875,0.7707757949829102
510,1199,27777,635.761474609375,288.676025390625,179.57373046875,198.75604248046875,0.5635771751403809
511,120,13900,688.4448852539062,796.8770141601562,233.6922607421875,219.357666015625,0.9723939299583435
512,120,16688,118.40667724609375,675.939453125,469.98931884765625,594.32275390625,0.9171791672706604
513,120,3351,328.26788330078125,247.63990783691406,197.78717041015625,196.42320251464844,0.8637632727622986
514,1201,12247,581.224365234375,815.6416015625,210.18115234375,157.032958984375,0.9752914905548096
515,1201,16548,581.7100830078125,211.94561767578125,237.21728515625,226.4576416015625,0.8695589900016785
516,1201,21026,99.82870483398438,821.459716796875,183.75570678710938,181.0474853515625,0.7363661527633667
517,1201,3544,141.94659423828125,188.10812377929688,206.65737915039062,200.82000732421875,0.31469660997390747
518,1204,22074,684.77685546875,262.9510192871094,185.9730224609375,187.82958984375,0.8985995054244995
519,1204,3351,384.17987060546875,853.0699462890625,208.47198486328125,207.492919921875,0.7907627820968628
520,1204,32310,68.949462890625,207.04803466796875,349.111083984375,264.02032470703125,0.5632355809211731
521,1206,32310,560.7198486328125,811.7783203125,362.932373046875,278.71142578125,0.9467144012451172
522,1206,22074,90.21511840820312,852.5345458984375,189.75796508789062,189.983154296875,0.9166402816772461
523,1206,3351,389.0465087890625,216.8821258544922,197.74853515625,197.15028381347656,0.5275680422782898
524,1207,22347,684.0711669921875,811.949951171875,215.48583984375,208.977783203125,0.8383601307868958
525,1207,16232,150.5965576171875,826.2691650390625,194.4371337890625,195.098388671875,0.8063949942588806
526,1207,3483,170.27313232421875,277.2508544921875,266.48907470703125,217.56866455078125,0.7652835845947266
527,1207,27777,635.2012939453125,289.7246398925781,179.67236328125,198.77581787109375,0.5606428980827332
528,1209,22347,99.90850067138672,258.276611328125,209.11640167236328,201.8182373046875,0.8530907034873962
529,1209,16232,643.0951538085938,250.2851104736328,188.6822509765625,183.09739685058594,0.8247199654579163
530,1209,3483,564.60009765625,812.5341796875,267.9161376953125,219.174560546875,0.7570319771766663
531,1209,27777,179.16525268554688,812.3451538085938,176.25665283203125,203.8487548828125,0.589425802230835
532,1210,35206,654.725341796875,174.5224609375,227.84912109375,406.463623046875,0.8948681950569153
533,1210,20877,116.8809814453125,768.7186279296875,335.5863037109375,231.6982421875,0.8781225085258484
534,1210,34597,59.15003967285156,138.87872314453125,492.54014587402344,392.99481201171875,0.8767010569572449
535,1210,3483,648.492919921875,749.1346435546875,209.524169921875,269.62890625,0.8104016780853271
536,1212,35206,97.48785400390625,670.889892578125,239.82318115234375,413.336669921875,0.8732569813728333
537,1212,34597,434.69586181640625,700.0806884765625,505.474853515625,411.833740234375,0.8653436303138733
538,1212,20877,537.9300537109375,292.56085205078125,333.376953125,234.6322021484375,0.857550859451294
539,1212,3483,140.78115844726562,289.581298828125,212.53753662109375,260.15625,0.8045337796211243
540,1213,5886,586.787109375,679.7672119140625,246.380615234375,490.673828125,0.9632399082183838
541,1213,25438,124.95574951171875,834.1473388671875,263.18389892578125,258.5789794921875,0.8433020710945129
542,1213,22627,101.540771484375,1.0205078125,323.31787109375,485.56451416015625,0.7874664664268494
543,1213,2483,662.61376953125,63.01531982421875,203.326416015625,485.96905517578125,0.7788116931915283
544,1214,5886,592.8773193359375,681.573486328125,254.054931640625,504.4251708984375,0.9642565846443176
545,1214,25438,126.5311279296875,846.3983154296875,268.40679931640625,268.0849609375,0.8586261868476868
546,1214,22627,104.60052490234375,24.27349853515625,320.9476318359375,504.62261962890625,0.832516610622406
547,1214,2483,652.804931640625,84.26820373535156,201.807861328125,485.63865661621094,0.804619312286377
548,1216,27926,157.42401123046875,174.88572692871094,266.40826416015625,457.87770080566406,0.9376587271690369
549,1216,10221,131.75592041015625,846.7032470703125,227.95867919921875,225.911865234375,0.8831695318222046
550,1216,3544,658.2623291015625,865.2213134765625,217.1607666015625,214.2940673828125,0.6095311641693115
551,1216,16551,613.7166137695312,180.1939697265625,291.2996826171875,464.5206298828125,0.6016786098480225
552,1219,29345,573.93408203125,667.5888671875,292.475341796875,449.078369140625,0.8006631135940552
553,1219,16551,64.10943603515625,575.062744140625,337.67913818359375,471.195068359375,0.581890881061554
554,1219,10221,649.1175537109375,207.0298614501953,219.906982421875,216.64476013183594,0.5323475003242493
555,1219,3544,103.5965576171875,240.08319091796875,205.06494140625,200.8516845703125,0.4990367889404297
556,122,29667,587.251953125,168.22157287597656,223.15869140625,217.55772399902344,0.8688280582427979
557,122,25367,54.58575439453125,88.0150146484375,377.08880615234375,481.84259033203125,0.8311471939086914
558,122,25469,46.878936767578125,787.2939453125,354.0201416015625,302.4283447265625,0.822661280632019
559,122,3483,569.2647705078125,811.3907470703125,284.298828125,193.4678955078125,0.7213402390480042
560,1220,29345,603.2164306640625,704.7176513671875,284.635009765625,445.3089599609375,0.8064093589782715
561,1220,3544,118.99868774414062,252.24342346191406,210.25289916992188,203.07542419433594,0.7143568396568298
562,1220,31885,94.441650390625,631.3349609375,343.0291748046875,458.697021484375,0.6319328546524048
563,1220,16551,95.32061767578125,624.9027099609375,339.04559326171875,458.795654296875,0.5356812477111816
564,1222,36637,611.4308471679688,202.25201416015625,187.5758056640625,243.06439208984375,0.8203406929969788
565,1222,25367,95.46353149414062,100.70947265625,322.57208251953125,500.65142822265625,0.7990546226501465
566,1222,3483,559.9257202148438,811.1924438476562,285.7344970703125,176.0303955078125,0.7177974581718445
567,1222,27653,60.3978271484375,809.73486328125,229.2388916015625,213.5675048828125,0.6549402475357056
568,1224,25367,115.96234130859375,115.281005859375,328.43212890625,508.22271728515625,0.8217104077339172
569,1224,36637,640.5614013671875,207.7691650390625,191.63623046875,248.89385986328125,0.8201030492782593
570,1224,3483,588.3004150390625,844.5535888671875,282.271728515625,167.974609375,0.7249801754951477
571,1224,27653,95.74341583251953,854.514404296875,221.53917694091797,205.354736328125,0.6643823385238647
572,1226,19861,123.6632080078125,864.818603515625,224.1982421875,170.556640625,0.8387306928634644
573,1226,35206,577.840087890625,92.264892578125,291.269775390625,385.74365234375,0.8068479895591736
574,1226,31885,121.81094360351562,6.17340087890625,343.87237548828125,542.992431640625,0.8008642196655273
575,1226,3483,599.3438720703125,869.4666748046875,260.6551513671875,229.009521484375,0.8004713654518127
576,1227,35206,109.81097412109375,771.504638671875,300.3035888671875,395.299072265625,0.885587751865387
577,1227,31885,533.0859375,693.0208740234375,350.836669921875,556.875732421875,0.8477169871330261
578,1227,3483,148.89761352539062,217.33804321289062,253.20294189453125,223.19287109375,0.8373717069625854
579,1227,19861,636.7596435546875,277.1968994140625,222.807861328125,172.5452880859375,0.7652361392974854
580,1232,31885,536.4734497070312,655.2010498046875,424.35009765625,535.4561767578125,0.8815402984619141
581,1232,20877,593.2353515625,256.62408447265625,328.1982421875,242.99951171875,0.8800784945487976
582,1232,29667,132.149169921875,856.98095703125,234.48333740234375,230.443115234375,0.8665457367897034
583,1232,3483,145.21524047851562,286.66302490234375,212.46551513671875,259.669189453125,0.8011658191680908
584,1235,21771,158.82736206054688,805.2340087890625,193.05706787109375,186.924560546875,0.9316362142562866
585,1235,16548,618.930908203125,143.13653564453125,241.4005126953125,231.4622802734375,0.8734841346740723
586,1235,1900,149.64967346191406,254.39886474609375,198.43748474121094,163.40081787109375,0.8313625454902649
587,1235,33009,546.3665771484375,835.183349609375,378.4359130859375,204.8402099609375,0.6922928690910339
588,1237,16548,612.496826171875,188.032470703125,239.3369140625,227.82745361328125,0.8756294250488281
589,1237,31705,167.65463256835938,681.597900390625,258.76043701171875,452.275146484375,0.76963871717453
590,1237,1900,104.31582641601562,270.0387268066406,202.92462158203125,124.9862060546875,0.7642645239830017
591,1237,44199,631.4259033203125,801.1180419921875,158.7734375,281.08642578125,0.757308304309845
592,1238,31705,563.6556396484375,174.83482360839844,260.3876953125,422.51100158691406,0.7852123975753784
593,1238,1900,683.2928466796875,879.065673828125,210.256591796875,132.428955078125,0.7308220863342285
594,1238,44199,206.25277709960938,231.90267944335938,161.5377197265625,271.37591552734375,0.6864076256752014
595,1238,16548,132.23321533203125,841.3382568359375,243.39190673828125,240.2440185546875,0.5501809120178223
596,1239,16548,582.352294921875,180.5977325439453,236.9278564453125,226.93675231933594,0.8815832138061523
597,1239,44199,600.654296875,769.448486328125,166.2628173828125,285.78466796875,0.8199099898338318
598,1239,31705,135.48294067382812,639.471923828125,259.77264404296875,458.082275390625,0.7677997350692749
599,1239,1900,87.03045654296875,259.3318176269531,201.67630004882812,129.30682373046875,0.7542544603347778
600,124,21771,682.90283203125,881.044677734375,199.5679931640625,196.800048828125,0.9300966858863831
601,124,16551,0.0,760.545166015625,369.10888671875,464.3260498046875,0.8151451349258423
602,124,1900,173.2327880859375,279.36822509765625,204.44390869140625,141.3006591796875,0.7900344729423523
603,124,21026,671.3307495117188,270.3748779296875,177.732666015625,175.523681640625,0.752381443977356
604,1242,29345,89.80081176757812,703.2708740234375,290.21331787109375,449.4302978515625,0.8875953555107117
605,1242,44199,641.197021484375,805.4266357421875,154.3328857421875,287.5643310546875,0.8413022756576538
606,1242,1900,157.7203369140625,257.06878662109375,127.67257690429688,200.3895263671875,0.7529601454734802
607,1242,16551,539.74462890625,86.23887634277344,292.96923828125,471.75038146972656,0.7416852116584778
608,1243,35206,594.71337890625,122.02241516113281,262.5633544921875,396.10337829589844,0.8738704919815063
609,1243,30308,65.60289001464844,137.53228759765625,380.01686096191406,425.61553955078125,0.8269328474998474
610,1243,27733,121.37957763671875,768.8309326171875,318.7176513671875,279.4368896484375,0.8244869709014893
611,1243,3483,604.64501953125,791.4615478515625,275.11767578125,207.93896484375,0.7887787222862244
612,1244,27733,559.658203125,256.94354248046875,308.57421875,272.9859619140625,0.885756254196167
613,1244,35206,122.401123046875,727.582763671875,273.76116943359375,408.7418212890625,0.8855865597724915
614,1244,30308,561.6586303710938,685.896484375,385.9130859375,435.8505859375,0.8449051380157471
615,1244,3483,122.12591552734375,308.56951904296875,274.9239501953125,202.23583984375,0.7888616323471069
616,1245,35206,568.4005126953125,116.65704345703125,253.001708984375,384.68353271484375,0.8636069297790527
617,1245,27733,86.52777099609375,725.4307861328125,325.24822998046875,281.880126953125,0.8622833490371704
618,1245,30308,51.374114990234375,116.89453125,371.3368835449219,420.75390625,0.8208666443824768
619,1245,3483,574.2996826171875,760.57861328125,280.24755859375,207.7275390625,0.8036385774612427
620,1246,34597,54.10981750488281,76.4683837890625,400.00523376464844,466.7430419921875,0.8580553531646729
621,1246,16262,574.1314697265625,186.50047302246094,238.771484375,230.49769592285156,0.8514407277107239
622,1246,3483,529.8079223632812,778.4251708984375,276.1527099609375,227.063720703125,0.7636115550994873
623,1246,27777,143.1256103515625,774.5128173828125,181.013671875,209.1885986328125,0.6015025973320007
624,1248,16262,136.803466796875,835.1295166015625,252.26092529296875,243.080810546875,0.8914312720298767
625,1248,34597,517.48828125,657.207763671875,425.019775390625,489.616943359375,0.8497496843338013
626,1248,3483,173.93099975585938,275.326171875,264.44964599609375,216.4468994140625,0.7604003548622131
627,1248,27777,636.5958251953125,289.634765625,179.0869140625,198.70465087890625,0.5727449655532837
628,125,21771,115.23095703125,200.80508422851562,191.3304443359375,188.579345703125,0.9625258445739746
629,125,16551,623.6707763671875,25.10284423828125,352.3292236328125,449.77569580078125,0.8981039524078369
630,125,1900,620.2932739257812,888.15478515625,209.3851318359375,140.4957275390625,0.7743173241615295
631,125,21026,136.14727783203125,867.7061767578125,181.91876220703125,177.9755859375,0.718782365322113
632,1250,12778,97.67266845703125,59.25054931640625,307.6884765625,530.8511962890625,0.9312324523925781
633,1250,4378,589.2926635742188,698.635009765625,238.9766845703125,470.112548828125,0.90794438123703
634,1250,5094,104.10693359375,810.0189208984375,291.27191162109375,287.49951171875,0.8554827570915222
635,1250,2483,608.55126953125,79.86541748046875,217.357421875,479.05804443359375,0.7695671319961548
636,1251,12778,532.78564453125,649.00537109375,318.6611328125,528.199462890625,0.9253108501434326
637,1251,4378,135.4521484375,106.24763488769531,222.56939697265625,440.03782653808594,0.9133701324462891
638,1251,2483,83.57996368408203,678.4000244140625,242.43254852294922,482.844970703125,0.783022403717041
639,1251,5094,545.165771484375,189.90695190429688,279.0784912109375,271.8172607421875,0.7753984928131104
640,1252,20877,72.42636108398438,798.936279296875,330.0920715332031,244.1826171875,0.894386351108551
641,1252,29667,622.5633544921875,183.214599609375,227.84033203125,219.750244140625,0.8627374172210693
642,1252,3483,644.365478515625,754.6157836914062,211.65380859375,268.5380859375,0.8090055584907532
643,1252,30308,74.5035400390625,80.17453002929688,406.81134033203125,410.52716064453125,0.7758560180664062
644,1254,20877,37.42877197265625,755.3558349609375,333.8458251953125,251.8184814453125,0.8731556534767151
645,1254,29667,592.7349853515625,178.502197265625,224.8236083984375,219.41705322265625,0.8591293692588806
646,1254,30308,62.69346618652344,63.79911804199219,394.22987365722656,402.18702697753906,0.8168149590492249
647,1254,3483,617.131103515625,720.193115234375,211.954833984375,271.8740234375,0.8095837235450745
648,1256,1900,645.30615234375,828.596435546875,171.84375,203.1478271484375,0.8141366839408875
649,1256,19607,654.862548828125,271.9307861328125,157.4765625,150.68994140625,0.7717280983924866
650,1256,31705,132.38174438476562,125.4578857421875,251.96185302734375,427.02911376953125,0.7646408081054688
651,1256,16551,91.80233764648438,660.002685546875,308.6487121582031,490.928955078125,0.759718656539917
652,126,21771,99.2374267578125,192.6171875,188.58743286132812,185.65972900390625,0.9634642601013184
653,126,16551,589.7152099609375,25.740325927734375,353.15966796875,432.4835205078125,0.8827881813049316
654,126,1900,593.2119750976562,855.002197265625,213.1436767578125,149.755126953125,0.7549123764038086
655,126,21026,101.68927764892578,833.0205078125,184.48247528076172,182.53662109375,0.7337459921836853
656,1261,22347,138.75637817382812,166.9547576904297,209.14138793945312,201.82752990722656,0.8832564353942871
657,1261,16232,646.1517333984375,228.90380859375,195.9522705078125,185.41497802734375,0.8466945886611938
658,1261,3483,587.5611572265625,845.2188720703125,282.235595703125,168.84521484375,0.7187569737434387
659,1261,27653,95.09038543701172,853.8563232421875,222.61823272705078,206.1898193359375,0.6581643223762512
660,1262,22347,121.1986083984375,161.71864318847656,206.23464965820312,198.58164978027344,0.8577792644500732
661,1262,16232,618.558349609375,219.33644104003906,190.5947265625,186.58201599121094,0.8563570380210876
662,1262,3483,559.37548828125,812.14453125,285.47509765625,175.36328125,0.7176331877708435
663,1262,27653,59.841941833496094,809.6533203125,229.38391876220703,213.474853515625,0.6550418734550476
664,1263,22347,644.0049438476562,899.4326171875,215.3414306640625,213.096923828125,0.895842969417572
665,1263,16232,141.11874389648438,844.547607421875,199.01263427734375,196.01904296875,0.8665984272956848
666,1263,3483,132.43106079101562,287.52239990234375,278.22393798828125,175.51934814453125,0.7162699699401855
667,1263,27653,669.06689453125,254.1913299560547,222.9793701171875,200.51124572753906,0.711692214012146
668,1264,31863,635.5394287109375,321.3648681640625,209.161865234375,208.01959228515625,0.9168608784675598
669,1264,3351,382.61358642578125,852.901611328125,205.82415771484375,207.4918212890625,0.8270103931427002
670,1264,36637,226.5638885498047,318.03955078125,211.82203674316406,243.19952392578125,0.6593263745307922
671,1264,3351,634.20361328125,315.55816650390625,213.233642578125,213.9881591796875,0.49887898564338684
672,1265,31863,76.7527084350586,704.02099609375,217.22486114501953,215.509765625,0.8947502970695496
673,1265,36637,496.1085205078125,657.171875,224.2911376953125,260.945556640625,0.7266092896461487
674,1265,3351,349.641845703125,169.91693115234375,197.680908203125,202.68365478515625,0.5892053842544556
675,1266,31863,119.28192138671875,790.795654296875,213.38519287109375,209.1162109375,0.8924484848976135
676,1266,36637,538.8348388671875,747.9608154296875,216.71044921875,251.640380859375,0.7362753748893738
677,1266,3351,390.65460205078125,229.82846069335938,200.22576904296875,198.10968017578125,0.7122888565063477
678,1269,13900,615.45556640625,761.6121826171875,182.155517578125,260.598876953125,0.946459174156189
679,1269,36637,215.78506469726562,766.1148681640625,220.70843505859375,244.234619140625,0.6695646643638611
680,1269,3351,355.635009765625,225.74093627929688,196.53662109375,196.525634765625,0.500330924987793
681,127,2483,638.7232055664062,112.588623046875,207.25732421875,473.06201171875,0.7871349453926086
682,127,22362,613.150146484375,775.0250244140625,268.3203125,428.4451904296875,0.7798329591751099
683,127,6192,130.62747192382812,155.7437744140625,303.6812744140625,532.6322021484375,0.7608271837234497
684,127,5094,135.08514404296875,854.3175048828125,292.3145751953125,291.5869140625,0.6593109369277954
685,1270,27926,147.2367706298828,144.9202423095703,266.13450622558594,459.12034606933594,0.9414435029029846
686,1270,18110,642.7958984375,266.41986083984375,301.852783203125,293.789306640625,0.855471670627594
687,1270,1900,629.64404296875,892.9508056640625,212.854248046875,136.634033203125,0.7725769281387329
688,1270,16548,113.26400756835938,852.6966552734375,245.32693481445312,239.7564697265625,0.412810742855072
689,1272,27926,594.4839477539062,670.44287109375,258.543701171875,481.1856689453125,0.9190452694892883
690,1272,16548,627.6806030273438,175.19708251953125,240.529541015625,230.2298583984375,0.8785572052001953
691,1272,18110,47.58807373046875,737.2296142578125,307.039794921875,294.014892578125,0.8298922181129456
692,1272,1900,156.03915405273438,249.4888153076172,205.99444580078125,126.09596252441406,0.7778443694114685
693,1273,13395,110.27999877929688,48.28399658203125,244.94235229492188,481.4083251953125,0.9556546807289124
694,1273,25438,546.9674072265625,203.3606719970703,258.103515625,253.19981384277344,0.8391201496124268
695,1273,2483,109.33043670654297,678.153564453125,228.44135284423828,488.8433837890625,0.7779494524002075
696,1273,6192,535.531494140625,591.9959716796875,308.370849609375,526.6697998046875,0.7710483074188232
697,1274,13395,579.936279296875,716.08154296875,249.06396484375,496.395263671875,0.9389657974243164
698,1274,25438,121.4840087890625,809.5081787109375,262.58544921875,259.140869140625,0.8409590721130371
699,1274,2483,596.41259765625,49.41009521484375,220.52294921875,480.42059326171875,0.7437927722930908
700,1274,6192,101.62283325195312,80.4482421875,301.16314697265625,527.8892822265625,0.6809276938438416
701,1278,38162,616.9893798828125,702.6824951171875,198.518798828125,299.489013671875,0.9540717601776123
702,1278,3832,146.2176513671875,599.44482421875,318.76947021484375,421.828369140625,0.9301499128341675
703,1278,3351,409.493896484375,249.30734252929688,198.6546630859375,195.004638671875,0.5611788630485535
704,1279,21771,672.521728515625,284.7918701171875,189.623046875,184.4788818359375,0.9417286515235901
705,1279,16551,91.98165893554688,766.595947265625,301.9047546386719,498.830078125,0.8844406008720398
706,1279,31705,122.36550903320312,128.87225341796875,250.81793212890625,427.83172607421875,0.7760559916496277
707,1279,1900,648.348876953125,857.673583984375,207.774169921875,154.8455810546875,0.7554742693901062
708,128,22362,602.6958618164062,776.2314453125,259.6396484375,413.37939453125,0.8191874623298645
709,128,2483,646.8526000976562,81.64276123046875,202.864501953125,484.6025390625,0.769016683101654
710,128,6192,131.76589965820312,139.23614501953125,298.447998046875,519.61279296875,0.6957042217254639
711,128,5094,134.5214080810547,845.39990234375,284.85633850097656,276.0399169921875,0.43404656648635864
712,1280,21771,90.05548858642578,808.7216186523438,196.97509002685547,192.271728515625,0.9511279463768005
713,1280,1900,122.57162475585938,261.3804931640625,199.82485961914062,146.7193603515625,0.822127640247345
714,1280,16551,568.491943359375,0.0,287.1019287109375,457.98492431640625,0.7829113602638245
715,1280,31705,600.3106689453125,685.629150390625,257.7586669921875,459.72265625,0.7380159497261047
716,1282,13395,82.610595703125,83.36053466796875,237.67120361328125,482.68682861328125,0.9532040357589722
717,1282,19552,494.2090759277344,590.0538330078125,325.3989562988281,501.2645263671875,0.9051120281219482
718,1282,3743,488.0557861328125,122.89451599121094,326.5111083984375,312.42372131347656,0.7852717638015747
719,1282,2483,53.62030029296875,645.87939453125,215.71542358398438,485.6514892578125,0.7512109875679016
720,1284,13395,622.6597900390625,677.7547607421875,243.392578125,495.7733154296875,0.9455273747444153
721,1284,19552,124.29299926757812,115.18096923828125,316.369873046875,498.0819091796875,0.8993043303489685
722,1284,3743,113.673095703125,825.720703125,333.72076416015625,324.533203125,0.8034804463386536
723,1284,2483,669.6268310546875,80.71900939941406,210.178955078125,484.33885192871094,0.768641471862793
724,129,22362,78.75189208984375,69.35498046875,259.63421630859375,402.3209228515625,0.8181020617485046
725,129,6192,507.8712158203125,541.6983642578125,303.24462890625,524.3125,0.7418637871742249
726,129,5094,516.208984375,147.9457244873047,276.6585693359375,269.89857482910156,0.7198723554611206
727,129,2483,80.76736450195312,647.800048828125,210.84512329101562,485.273193359375,0.6894773840904236
728,1290,29345,586.0961303710938,533.9864501953125,278.5313720703125,443.9482421875,0.8866880536079407
729,1290,16548,533.6395874023438,137.92031860351562,237.334716796875,229.48397827148438,0.8770787119865417
730,1290,18110,44.5244140625,722.0643920898438,310.353759765625,300.0809326171875,0.8234798312187195
731,1290,1900,162.15362548828125,254.7633056640625,126.56695556640625,201.21734619140625,0.7458856105804443
732,1293,30308,111.1817626953125,82.22412109375,319.110595703125,449.71307373046875,0.8580812811851501
733,1293,20238,570.7528076171875,189.58407592773438,227.466552734375,216.6875,0.8521095514297485
734,1293,3483,530.85302734375,778.7281494140625,275.5380859375,226.918701171875,0.7689777612686157
735,1293,27777,143.59475708007812,775.03076171875,181.04177856445312,209.150634765625,0.6025091409683228
736,1294,35206,678.93603515625,152.14434814453125,200.119140625,408.39617919921875,0.8705516457557678
737,1294,34597,11.998504638671875,40.28778076171875,418.8324279785156,459.93780517578125,0.860792338848114
738,1294,3483,587.8899536132812,844.7688598632812,282.606689453125,168.080078125,0.7231032252311707
739,1294,27653,95.8470687866211,853.54052734375,221.77643585205078,205.822509765625,0.6614937782287598
740,1295,35206,648.1898193359375,142.6091766357422,200.3675537109375,402.34791564941406,0.8805723786354065
741,1295,34597,7.104888916015625,14.3209228515625,397.5483093261719,462.6932678222656,0.8327381610870361
742,1295,3483,557.10595703125,812.43505859375,289.058349609375,174.048583984375,0.7240238785743713
743,1295,27653,59.931793212890625,809.7847290039062,229.54782104492188,213.45556640625,0.6524187922477722
744,1296,34597,566.0284423828125,724.4674072265625,409.9715576171875,485.126220703125,0.8933984041213989
745,1296,35206,104.30215454101562,686.5599365234375,207.73471069335938,419.0679931640625,0.8794952630996704
746,1296,27653,668.7971801757812,254.29457092285156,223.0943603515625,201.44676208496094,0.7179728150367737
747,1296,3483,131.7041015625,288.31781005859375,278.66424560546875,174.9749755859375,0.7175779342651367
748,1297,3544,644.9091186523438,918.88232421875,215.6444091796875,217.5224609375,0.9096413850784302
749,1297,12420,687.93017578125,274.0346374511719,183.8271484375,173.6146240234375,0.8990674614906311
750,1297,4543,155.6238250732422,889.09375,217.63624572753906,214.9404296875,0.7839067578315735
751,1298,16548,615.6685180664062,827.1419677734375,238.0888671875,231.302001953125,0.8765076994895935
752,1298,12420,116.953369140625,860.998046875,187.72442626953125,182.501953125,0.8687220811843872
753,1298,4543,615.7933349609375,169.234619140625,209.70947265625,201.78857421875,0.8202587962150574
754,1298,3544,139.420654296875,143.146728515625,209.1607666015625,204.864990234375,0.7886903285980225
755,13,33880,473.3511657714844,243.31695556640625,444.7781066894531,271.81036376953125,0.9464071989059448
756,13,3351,422.2947692871094,846.8021240234375,202.77175903320312,205.036376953125,0.8549516797065735
757,13,16232,142.2545166015625,329.48736572265625,196.64865112304688,192.851806640625,0.8538878560066223
758,130,36637,129.60104370117188,826.5712890625,192.98599243164062,258.54541015625,0.8144814372062683
759,130,3483,172.2952880859375,277.33642578125,266.118896484375,217.5802001953125,0.7621104121208191
760,130,30308,502.8663330078125,766.1741943359375,473.1336669921875,315.6942138671875,0.7422097325325012
761,130,27777,635.3801879882812,290.78179931640625,179.584228515625,197.92779541015625,0.555687665939331
762,1300,31885,71.07664489746094,119.17138671875,476.54847717285156,475.3421630859375,0.9005807638168335
763,1300,29667,630.2100830078125,179.49099731445312,225.895751953125,218.76336669921875,0.868412435054779
764,1300,3483,586.7593994140625,845.2364501953125,282.4658203125,167.566650390625,0.7174931168556213
765,1300,27653,94.1439208984375,853.5745849609375,222.3812255859375,204.908203125,0.6673648953437805
766,1302,31885,53.89642333984375,92.7720947265625,466.21636962890625,477.27081298828125,0.8997432589530945
767,1302,29667,601.1746826171875,176.16513061523438,220.838134765625,216.764892578125,0.8741913437843323
768,1302,3483,557.1658935546875,811.979736328125,287.609130859375,174.8343505859375,0.7231678366661072
769,1302,27653,58.99988555908203,809.1502685546875,228.97325897216797,213.080322265625,0.6550052762031555
770,1305,27926,593.8671875,157.7042236328125,265.2149658203125,453.10302734375,0.9398699402809143
771,1305,16551,82.427734375,670.45458984375,338.60528564453125,471.91650390625,0.8731338381767273
772,1305,1900,630.985107421875,893.025146484375,212.275390625,135.975341796875,0.7950544357299805
773,1305,12247,140.68032836914062,292.4686279296875,281.35601806640625,146.7135009765625,0.44151023030281067
774,1309,27733,555.4012451171875,252.074951171875,308.8193359375,269.246337890625,0.8775328993797302
775,1309,29667,84.98080444335938,859.19970703125,236.01657104492188,232.4189453125,0.872384786605835
776,1309,28763,579.199951171875,869.200927734375,227.761474609375,213.81201171875,0.8666427731513977
777,1309,3483,122.6400146484375,306.53009033203125,273.3720703125,200.76666259765625,0.7915442585945129
778,1311,29667,638.808349609375,175.20477294921875,219.1943359375,217.666259765625,0.8681959509849548
779,1311,27733,92.61236572265625,730.7412109375,323.1636962890625,283.003662109375,0.861807644367218
780,1311,28763,174.51988220214844,185.46124267578125,213.10231018066406,202.2640380859375,0.8197699189186096
781,1311,3483,574.0211791992188,760.7750244140625,280.5579833984375,207.6005859375,0.8033086657524109
782,1312,5886,590.1138305664062,684.4266357421875,246.0838623046875,489.2615966796875,0.9653156995773315
783,1312,22627,65.60305786132812,54.095703125,332.1214294433594,487.4498291015625,0.7663189172744751
784,1312,2483,616.9108276367188,53.916259765625,253.5750732421875,467.3201904296875,0.7351906895637512
785,1312,5094,105.92401123046875,803.03125,284.55511474609375,279.1015625,0.7260626554489136
786,1315,19232,536.2183837890625,205.34365844726562,306.444580078125,293.53851318359375,0.8950785398483276
787,1315,3351,414.27972412109375,870.845458984375,204.4324951171875,207.148681640625,0.4505787193775177
788,1315,16688,146.90145874023438,87.32940673828125,286.0892333984375,598.7302856445312,0.4257360100746155
789,1316,19232,80.91632080078125,689.89697265625,317.9705810546875,312.057861328125,0.879883885383606
790,1316,16688,497.2417907714844,473.8541259765625,306.8420715332031,673.1240234375,0.8670585751533508
791,1316,3351,323.03173828125,156.58013916015625,195.732177734375,197.81243896484375,0.40439099073410034
792,132,36637,661.73046875,179.81277465820312,189.282958984375,250.07977294921875,0.8067768216133118
793,132,30308,23.531768798828125,182.18016052246094,472.52227783203125,302.78639221191406,0.7580249905586243
794,132,3483,562.5689697265625,812.459228515625,268.623291015625,219.508544921875,0.7469520568847656
795,132,27777,178.1742706298828,811.6954345703125,176.78990173339844,204.180908203125,0.5924139618873596
796,1322,4378,135.52572631835938,106.547607421875,222.331298828125,439.5574951171875,0.9111297130584717
797,1322,2483,83.33789825439453,681.05078125,243.27892303466797,484.668701171875,0.8132950067520142
798,1322,5094,545.314697265625,189.54705810546875,279.3935546875,272.42431640625,0.7978271245956421
799,1322,6192,472.12115478515625,590.3223876953125,356.0062255859375,505.7506103515625,0.7644723653793335
800,1323,4378,583.1435546875,697.7840576171875,229.2271728515625,453.6478271484375,0.8941342830657959
801,1323,5094,102.5675048828125,799.407958984375,285.00750732421875,276.820556640625,0.8665566444396973
802,1323,2483,606.4500732421875,53.9603271484375,235.197265625,480.95941162109375,0.7889018058776855
803,1323,6192,124.17996215820312,102.87841796875,351.68939208984375,511.2276611328125,0.6561431884765625
804,1326,3351,361.8109130859375,238.9977264404297,198.29827880859375,196.28627014160156,0.8855841159820557
805,1326,20238,597.3350219726562,837.1142578125,233.1290283203125,227.2862548828125,0.8133400678634644
806,1326,18357,161.08682250976562,669.8096923828125,275.77471923828125,352.3975830078125,0.5717815160751343
807,1327,29451,510.0211181640625,241.42092895507812,412.16015625,224.94268798828125,0.8626070618629456
808,1327,44199,176.7809600830078,232.80270385742188,199.70103454589844,263.6009521484375,0.862387478351593
809,1327,1900,643.2568359375,844.0482177734375,190.298828125,191.90087890625,0.6458393931388855
810,1328,44199,621.8987426757812,809.66552734375,209.6112060546875,271.805908203125,0.8675482869148254
811,1328,16548,579.150390625,216.4346923828125,238.20361328125,228.9476318359375,0.8574417233467102
812,1328,29451,69.22932434082031,843.1422119140625,421.52366638183594,218.56298828125,0.7774814367294312
813,1328,1900,166.57318115234375,248.39016723632812,183.859130859375,183.4185791015625,0.6813803315162659
814,1329,16548,549.0903930664062,207.4691925048828,236.86181640625,227.59056091308594,0.8735876679420471
815,1329,44199,596.6395263671875,778.41455078125,212.921142578125,277.160888671875,0.8464303612709045
816,1329,29451,33.28523254394531,801.3822021484375,429.56394958496094,227.6392822265625,0.8106672763824463
817,1329,1900,147.10882568359375,238.0775146484375,182.38092041015625,186.51708984375,0.6957990527153015
818,1330,35206,608.0645751953125,116.97782897949219,235.6644287109375,404.72267150878906,0.872097373008728
819,1330,34597,90.4569091796875,162.19993591308594,460.71978759765625,426.56385803222656,0.8616602420806885
820,1330,25469,88.036865234375,826.901123046875,343.56341552734375,307.7406005859375,0.8307641744613647
821,1330,3483,600.552001953125,842.832275390625,279.0244140625,190.5760498046875,0.7284103631973267
822,1331,35206,578.6585693359375,113.64491271972656,229.007568359375,390.67979431152344,0.8848527073860168
823,1331,34597,76.96466064453125,127.0438232421875,446.59686279296875,436.759521484375,0.8660725355148315
824,1331,25469,49.208526611328125,785.7071533203125,351.5150451660156,305.634521484375,0.8262914419174194
825,1331,3483,570.8504638671875,810.6640625,283.789306640625,193.423095703125,0.7189693450927734
826,1332,34597,441.7849426269531,644.637939453125,482.9403991699219,439.667236328125,0.8814894556999207
827,1332,35206,134.50894165039062,724.691650390625,252.30572509765625,416.528564453125,0.8679443001747131
828,1332,25469,570.21826171875,183.44879150390625,338.16162109375,290.566162109375,0.8107174038887024
829,1332,3483,124.61349487304688,273.2108154296875,273.4464111328125,189.33984375,0.735867440700531
830,1333,20014,576.0645751953125,279.53021240234375,346.03125,323.59881591796875,0.9518721103668213
831,1333,3351,392.5626220703125,915.7545166015625,205.739013671875,206.56884765625,0.7155655026435852
832,1333,36637,155.46275329589844,284.7694091796875,200.02223205566406,246.168701171875,0.7042093873023987
833,1337,29451,492.69403076171875,821.4490966796875,400.5458984375,264.982421875,0.8930574059486389
834,1337,16548,573.856201171875,186.42019653320312,241.5067138671875,229.15570068359375,0.8916682600975037
835,1337,18110,77.42153930664062,789.1884765625,306.3633728027344,294.519287109375,0.842746376991272
836,1337,1900,166.4677734375,247.7447509765625,184.82379150390625,183.1734619140625,0.6685781478881836
837,134,35206,648.3525390625,142.6055145263672,199.8433837890625,402.29469299316406,0.8832948803901672
838,134,31885,34.48504638671875,6.58404541015625,359.26068115234375,520.8570556640625,0.8252235651016235
839,134,3483,557.238037109375,812.6980590820312,288.928955078125,174.44921875,0.7220214009284973
840,134,27653,60.268707275390625,810.1116943359375,228.96609497070312,212.866943359375,0.6584567427635193
841,1340,24850,581.156005859375,286.9339599609375,289.136962890625,167.7215576171875,0.9019115567207336
842,1340,16548,185.76583862304688,824.8231201171875,246.4478759765625,239.686767578125,0.8430564403533936
843,1340,1900,643.9066162109375,859.8123779296875,207.7099609375,158.1842041015625,0.781522810459137
844,1340,31705,133.47901916503906,121.24505615234375,252.13731384277344,429.1065673828125,0.7710400819778442
845,1345,31885,157.12188720703125,126.93017578125,452.43255615234375,513.6604614257812,0.8862989544868469
846,1345,25469,84.26998901367188,827.854248046875,346.5902099609375,305.74951171875,0.8374832272529602
847,1345,29667,616.283447265625,172.89776611328125,227.586181640625,219.45623779296875,0.8150264024734497
848,1345,3483,600.1807861328125,842.9796142578125,279.57470703125,191.4222412109375,0.7302060723304749
849,1347,31885,402.853271484375,615.1934814453125,445.3643798828125,511.905517578125,0.9150412678718567
850,1347,25469,570.89990234375,184.47227478027344,339.677490234375,288.57496643066406,0.8140023946762085
851,1347,3483,126.47817993164062,271.8343505859375,272.87115478515625,190.57086181640625,0.735969603061676
852,1347,29667,138.4423065185547,869.2591552734375,231.25770568847656,230.8466796875,0.6605159640312195
853,1348,31863,184.97113037109375,264.61053466796875,209.05609130859375,207.4625244140625,0.9103028178215027
854,1348,22074,671.29052734375,309.24951171875,188.79443359375,190.81707763671875,0.9039175510406494
855,1348,3351,355.53997802734375,872.0408935546875,203.86090087890625,206.488037109375,0.8198843598365784
856,1348,3351,179.89694213867188,259.011962890625,217.529296875,215.638427734375,0.7823147773742676
857,135,35206,678.6317138671875,152.0032958984375,200.27197265625,408.61029052734375,0.871713399887085
858,135,31885,47.251861572265625,16.633056640625,374.85662841796875,537.5737915039062,0.8346140384674072
859,135,3483,587.9928588867188,845.2218017578125,282.16845703125,167.6331787109375,0.7209509611129761
860,135,27653,95.47109985351562,853.6182861328125,221.87237548828125,205.656982421875,0.6611894369125366
861,1350,22074,105.31137084960938,813.2653198242188,187.5584716796875,189.972900390625,0.8982566595077515
862,1350,31863,583.978515625,857.92529296875,211.474609375,206.8623046875,0.8912298083305359
863,1350,3351,418.32275390625,213.64736938476562,199.3994140625,195.85107421875,0.7283484935760498
864,1353,34597,507.0418701171875,675.2861328125,447.7330322265625,459.058837890625,0.8781989216804504
865,1353,16232,151.20704650878906,826.7578735351562,194.25743103027344,194.9637451171875,0.8130866885185242
866,1353,3483,170.2430419921875,277.47021484375,266.8695068359375,217.9921875,0.7555515766143799
867,1353,27777,635.112548828125,290.11566162109375,179.5306396484375,199.03448486328125,0.5580320358276367
868,1354,20877,538.1536865234375,293.6832275390625,334.7900390625,235.646484375,0.864489734172821
869,1354,30308,572.0352783203125,729.208740234375,351.3712158203125,476.76513671875,0.8475307822227478
870,1354,36637,165.5393524169922,799.1636962890625,192.32374572753906,257.0772705078125,0.8017048239707947
871,1354,3483,141.34613037109375,289.348388671875,211.98184204101562,260.16314697265625,0.7963617444038391
872,1355,20877,84.29031372070312,723.9910888671875,337.92999267578125,239.771728515625,0.8929299116134644
873,1355,30308,77.27374267578125,41.73155212402344,329.0789794921875,448.26417541503906,0.8343513607978821
874,1355,3483,621.1007080078125,715.2982788085938,211.6177978515625,272.7618408203125,0.8147071599960327
875,1355,36637,599.5185546875,204.50999450683594,184.306640625,243.41969299316406,0.8125213980674744
876,1357,16548,573.4617919921875,168.00607299804688,236.6329345703125,227.33734130859375,0.883656919002533
877,1357,3544,92.36542510986328,225.82711791992188,207.45464324951172,204.98211669921875,0.8832519054412842
878,1357,6563,161.8373260498047,671.6483154296875,225.16200256347656,366.3160400390625,0.8542353510856628
879,1357,12420,624.8682861328125,813.9111328125,192.64404296875,189.2628173828125,0.833477258682251
880,1358,3544,110.59805297851562,239.49896240234375,208.46865844726562,202.40765380859375,0.8862343430519104
881,1358,16548,602.736083984375,174.48760986328125,241.423828125,229.98553466796875,0.8851171731948853
882,1358,6563,193.84173583984375,716.150146484375,223.0977783203125,362.1181640625,0.8514500260353088
883,1358,12420,652.9884033203125,847.10498046875,189.2265625,182.2867431640625,0.3173089027404785
884,1359,12420,163.8710174560547,278.6141052246094,185.25892639160156,179.59521484375,0.9078892469406128
885,1359,6563,579.36376953125,230.52032470703125,218.795166015625,336.68792724609375,0.7817088961601257
886,1359,3544,672.594970703125,826.6595458984375,216.69677734375,214.2392578125,0.7181172370910645
887,136,44199,134.2314453125,243.31651306152344,243.45355224609375,232.75599670410156,0.9139308929443359
888,136,16551,78.70187377929688,654.48828125,318.861328125,485.814208984375,0.9091259837150574
889,136,33009,568.65576171875,214.1007843017578,325.1810302734375,288.55577087402344,0.864276111125946
890,136,1900,651.5399169921875,849.3155517578125,208.37109375,161.28759765625,0.764205276966095
891,1361,29667,627.3961181640625,689.8873291015625,233.8258056640625,233.865478515625,0.8905401825904846
892,1361,19232,167.66250610351562,643.3916015625,249.138427734375,367.46142578125,0.8530079126358032
893,1361,3351,350.68310546875,142.72589111328125,198.2850341796875,200.22930908203125,0.8088213205337524
894,1363,33880,442.5474548339844,245.4102783203125,443.1523742675781,281.6588134765625,0.9171346426010132
895,1363,16262,117.10698699951172,290.5904541015625,249.92401885986328,238.027587890625,0.9011105298995972
896,1363,3351,426.1101989746094,881.3460693359375,202.08523559570312,203.580810546875,0.8214807510375977
897,1366,29667,123.736572265625,862.9169921875,234.82745361328125,228.28759765625,0.864581286907196
898,1366,22347,660.1942138671875,835.0966796875,215.9925537109375,210.535888671875,0.8353637456893921
899,1366,3483,133.63934326171875,287.50433349609375,278.28753662109375,175.525634765625,0.7139971256256104
900,1366,27653,670.473388671875,254.82061767578125,222.3751220703125,201.3656005859375,0.7103946805000305
901,1367,22347,105.527587890625,223.44406127929688,204.40338134765625,197.6185302734375,0.8843835592269897
902,1367,29667,602.138427734375,175.92987060546875,220.035888671875,216.11358642578125,0.8710173964500427
903,1367,3483,558.78076171875,812.024658203125,285.640380859375,175.530029296875,0.725499153137207
904,1367,27653,58.696624755859375,809.42041015625,228.8408203125,213.14697265625,0.654376208782196
905,1369,22347,115.75473022460938,211.19949340820312,210.80789184570312,202.300048828125,0.9173331260681152
906,1369,16262,638.5584716796875,175.49163818359375,243.71630859375,235.7261962890625,0.8476468324661255
907,1369,19861,123.87518310546875,864.9217529296875,223.99459838867188,170.6192626953125,0.8378539681434631
908,1369,3483,599.4803466796875,869.4132080078125,260.17236328125,229.0908203125,0.802368700504303
909,1371,22347,101.36029052734375,203.16357421875,205.45294189453125,199.13238525390625,0.933862566947937
910,1371,19861,88.23092651367188,826.3737182617188,230.22689819335938,177.5025634765625,0.84004145860672
911,1371,3483,570.4378051757812,837.66455078125,265.9161376953125,230.657470703125,0.8257011771202087
912,1371,16262,608.9925537109375,169.79405212402344,239.8680419921875,233.06813049316406,0.7999706864356995
913,1372,5886,603.9892578125,695.9674072265625,253.0936279296875,511.6519775390625,0.9656200408935547
914,1372,22627,78.84567260742188,86.917724609375,332.91937255859375,499.36083984375,0.8226482272148132
915,1372,2483,594.313232421875,101.71687316894531,289.053466796875,455.94395446777344,0.7805248498916626
916,1372,3743,71.70443725585938,810.466552734375,341.51611328125,333.25,0.7617995738983154
917,1376,33208,151.14353942871094,295.21649169921875,208.64112854003906,200.1895751953125,0.9209353923797607
918,1376,16551,92.41693115234375,700.0147705078125,297.12823486328125,499.497802734375,0.914181113243103
919,1376,1900,641.0230102539062,858.52001953125,207.0975341796875,167.48291015625,0.7853307723999023
920,1376,33009,586.485595703125,241.39329528808594,361.712890625,235.41627502441406,0.7450259327888489
921,1377,33208,640.716796875,805.110595703125,210.824951171875,203.58447265625,0.9422078132629395
922,1377,1900,149.59539794921875,257.20794677734375,201.69403076171875,156.695556640625,0.8296663761138916
923,1377,16551,604.0894775390625,50.89369201660156,288.246337890625,487.81333923339844,0.788950502872467
924,1377,33009,46.694122314453125,824.54150390625,366.496337890625,231.69970703125,0.6567169427871704
925,1378,22347,622.4927368164062,868.1422119140625,215.296875,209.8707275390625,0.9222879409790039
926,1378,35206,108.32696533203125,771.6319580078125,301.04638671875,396.4012451171875,0.8844706416130066
927,1378,3483,149.20071411132812,217.4679412841797,253.0311279296875,222.69764709472656,0.8296600580215454
928,1378,19861,636.75390625,277.0213928222656,222.787841796875,172.35760498046875,0.7595901489257812
929,1379,22347,158.74349975585938,200.08853149414062,210.528076171875,202.0489501953125,0.9254873394966125
930,1379,19861,123.81967163085938,864.833984375,223.907470703125,170.7188720703125,0.8359611630439758
931,1379,35206,579.0107421875,92.55148315429688,289.602294921875,385.8719482421875,0.8171579241752625
932,1379,3483,599.4285888671875,869.39404296875,260.4471435546875,229.2064208984375,0.7993016242980957
933,1381,21325,631.333740234375,272.9656982421875,239.8345947265625,144.9188232421875,0.8887115716934204
934,1381,3351,397.284423828125,834.8453369140625,208.296142578125,208.353759765625,0.8278490900993347
935,1381,32310,32.2171630859375,225.69589233398438,374.27838134765625,244.57550048828125,0.5322784185409546
936,1384,25367,52.2933349609375,87.79493713378906,423.24920654296875,460.74314880371094,0.8536745309829712
937,1384,20238,600.9857177734375,195.29071044921875,229.4326171875,217.61590576171875,0.8414668440818787
938,1384,3483,562.7994995117188,814.3468017578125,268.605224609375,219.505615234375,0.7487873435020447
939,1384,27777,177.38218688964844,813.174560546875,176.34010314941406,203.8111572265625,0.5942348837852478
940,1385,20238,570.28125,189.5361328125,227.88525390625,216.6934814453125,0.8505192995071411
941,1385,25367,35.424468994140625,75.65936279296875,416.4750671386719,455.88079833984375,0.8365471363067627
942,1385,3483,530.43115234375,778.7799072265625,275.78955078125,227.2296142578125,0.7640827298164368
943,1385,27777,143.28326416015625,774.9320068359375,181.00082397460938,209.433837890625,0.5994825959205627
944,1386,25367,533.5775146484375,692.900146484375,429.590576171875,479.36669921875,0.8585841059684753
945,1386,20238,152.35894775390625,850.983154296875,233.7412109375,226.318115234375,0.8419933319091797
946,1386,3483,172.52500915527344,274.09368896484375,265.33900451660156,218.9962158203125,0.7663763165473938
947,1386,27777,636.1270751953125,289.33428955078125,179.283935546875,198.5892333984375,0.5703614950180054
948,1387,22347,109.38446044921875,240.95274353027344,209.3275146484375,199.25379943847656,0.8876093029975891
949,1387,20877,136.154052734375,833.471435546875,280.686279296875,308.93896484375,0.8862621784210205
950,1387,20238,597.9114990234375,181.25662231445312,231.144287109375,217.75244140625,0.8480892181396484
951,1387,3483,641.26806640625,756.12939453125,203.385986328125,273.753173828125,0.8029913306236267
952,139,35206,581.1776123046875,113.85589599609375,225.880615234375,391.756103515625,0.9011154174804688
953,139,31885,10.792755126953125,47.20689392089844,397.5684509277344,503.94483947753906,0.8630003929138184
954,139,25469,48.2330322265625,787.1600341796875,352.536865234375,303.633544921875,0.8314725756645203
955,139,3483,569.46728515625,812.1724853515625,284.412109375,192.114013671875,0.726334273815155
956,1390,25438,154.2762451171875,868.986572265625,270.1640625,270.6983642578125,0.8313997387886047
957,1390,22362,602.2489013671875,742.0389404296875,274.023193359375,423.766357421875,0.8133856654167175
958,1390,22627,110.537353515625,152.835205078125,375.26507568359375,472.8802490234375,0.7867053747177124
959,1390,2483,597.39404296875,112.52447509765625,212.899658203125,474.34912109375,0.7588692307472229
960,1392,25438,152.82403564453125,858.973388671875,263.7164306640625,256.537109375,0.8487039804458618
961,1392,22627,108.93856811523438,127.001953125,375.1622314453125,464.62359619140625,0.8205689787864685
962,1392,2483,595.7987060546875,83.13873291015625,227.7239990234375,476.54083251953125,0.7753073573112488
963,1392,22362,590.2244873046875,743.5931396484375,269.500732421875,409.34326171875,0.7459010481834412
964,1393,22347,680.479248046875,869.895263671875,217.0745849609375,209.68115234375,0.8943908214569092
965,1393,16262,136.0245361328125,834.1746826171875,251.77191162109375,244.39013671875,0.8937633633613586
966,1393,3483,173.83314514160156,274.3511962890625,264.67771911621094,218.628662109375,0.7603095173835754
967,1393,27777,636.5076904296875,289.38739013671875,179.3662109375,198.5631103515625,0.56702721118927
968,1395,22347,84.68801879882812,191.161376953125,207.24545288085938,198.56683349609375,0.9101897478103638
969,1395,16262,574.6920166015625,186.3815460205078,238.905517578125,229.96897888183594,0.8497442603111267
970,1395,3483,529.8262939453125,778.1671142578125,275.552001953125,227.32275390625,0.7641578316688538
971,1395,27777,143.07867431640625,774.893310546875,180.4830322265625,208.7784423828125,0.6062417030334473
972,1396,13395,77.06494140625,84.1551513671875,239.70761108398438,482.23834228515625,0.9520211815834045
973,1396,19552,498.762939453125,597.8760986328125,341.218017578125,485.5950927734375,0.9031648635864258
974,1396,5094,515.14208984375,158.1727294921875,279.861572265625,274.429931640625,0.7615793943405151
975,1396,2483,75.86334228515625,661.86328125,227.94302368164062,486.371826171875,0.33788785338401794
976,140,31885,22.132232666015625,69.35636901855469,414.1648254394531,510.47804260253906,0.8950877785682678
977,140,35206,610.969970703125,117.0838623046875,232.659912109375,406.1898193359375,0.8934071660041809
978,140,25469,87.2169189453125,827.7506103515625,343.62152099609375,306.4599609375,0.8439887762069702
979,140,3483,600.620361328125,843.0064697265625,279.02783203125,191.2744140625,0.7329089045524597
980,1401,22347,648.9675903320312,850.583740234375,214.9984130859375,211.055419921875,0.8807453513145447
981,1401,29667,137.205810546875,869.107666015625,230.977294921875,231.56005859375,0.8319091200828552
982,1401,25469,571.139892578125,184.040283203125,339.328857421875,288.39794921875,0.812675416469574
983,1401,3483,125.93215942382812,270.97308349609375,273.04949951171875,189.628173828125,0.733283281326294
984,1402,33880,451.5810546875,191.5262451171875,404.843505859375,371.1492919921875,0.9620208144187927
985,1402,3351,416.22357177734375,877.396240234375,206.0367431640625,207.451416015625,0.6378998160362244
986,1402,20238,82.27215576171875,332.348388671875,231.28036499023438,226.13702392578125,0.600132942199707
987,1404,33880,119.31080627441406,737.8568115234375,408.11607360839844,384.93603515625,0.9576197266578674
988,1404,3351,359.6844482421875,208.66908264160156,198.19775390625,195.97691345214844,0.8847866058349609
989,1404,20238,667.4813232421875,760.6331787109375,231.322265625,225.3935546875,0.8504465222358704
990,1407,33880,101.51406860351562,673.9466552734375,313.28924560546875,443.428466796875,0.9305094480514526
991,1407,38162,601.01025390625,792.262451171875,249.912841796875,253.61767578125,0.9221885800361633
992,1407,3351,372.4119873046875,223.1661376953125,197.043701171875,197.97918701171875,0.8642443418502808
993,1408,33208,657.3802490234375,898.85888671875,219.9873046875,212.3868408203125,0.9433728456497192
994,1408,16548,73.75299072265625,806.8748779296875,246.40435791015625,239.745849609375,0.8520990014076233
995,1408,1900,186.98374938964844,272.7569580078125,204.50086975097656,137.585205078125,0.7351287007331848
996,1408,21026,681.9560546875,271.6390075683594,181.76171875,175.69012451171875,0.7330455780029297
997,1411,36637,640.994873046875,207.54229736328125,191.155517578125,248.3973388671875,0.8179759383201599
998,1411,30308,68.66435241699219,124.73175048828125,395.03041076660156,422.15570068359375,0.8100588321685791
999,1411,3483,589.3646240234375,844.716796875,281.484619140625,167.672119140625,0.7337908148765564
1000,1411,27653,96.76361083984375,854.177001953125,222.129638671875,205.85400390625,0.6552136540412903
1001,1413,30308,545.064453125,700.640380859375,401.263671875,432.2130126953125,0.854075014591217
1002,1413,36637,148.06369018554688,802.476806640625,199.19302368164062,254.60693359375,0.8003286719322205
1003,1413,27653,667.10205078125,253.715087890625,223.837890625,201.382568359375,0.7178358435630798
1004,1413,3483,131.2521209716797,288.56842041015625,278.85792541503906,174.8345947265625,0.7176536917686462
1005,1414,10221,596.9256591796875,191.8423614501953,221.683349609375,214.54844665527344,0.9299569725990295
1006,1414,27926,547.800537109375,598.6163330078125,283.728515625,482.876220703125,0.9007653594017029
1007,1414,16548,54.46056365966797,775.2642822265625,242.65760040283203,235.73974609375,0.881610631942749
1008,1414,3544,109.64004516601562,192.1466522216797,202.35092163085938,202.13038635253906,0.8334633708000183
1009,1418,16551,103.20793151855469,651.7159423828125,297.83448791503906,489.35595703125,0.9158285856246948
1010,1418,1900,126.04190063476562,257.18988037109375,199.94650268554688,147.8529052734375,0.8208548426628113
1011,1418,31705,585.133056640625,692.1888427734375,263.8026123046875,462.98046875,0.7708839178085327
1012,142,44199,76.63519287109375,176.34686279296875,250.98876953125,225.17230224609375,0.9484327435493469
1013,142,16548,591.1514892578125,155.0472412109375,233.37060546875,226.3577880859375,0.8870314955711365
1014,142,21026,89.57363891601562,831.4529418945312,184.79562377929688,181.73291015625,0.7352207899093628
1015,142,1900,577.9212646484375,866.793212890625,215.291748046875,145.42236328125,0.7141933441162109
1016,1420,16688,531.9282836914062,65.42620849609375,284.51416015625,597.7614135742188,0.9539592266082764
1017,1420,41768,100.64236450195312,237.43206787109375,293.9501953125,268.29302978515625,0.9055947065353394
1018,1420,3351,403.5201416015625,868.1248779296875,203.4925537109375,205.445068359375,0.4112997353076935
1019,1421,41768,547.6983642578125,717.0137939453125,309.728515625,284.892822265625,0.8612101674079895
1020,1421,16688,111.20175170898438,509.2969055175781,286.947509765625,659.8727722167969,0.8529688119888306
1021,1421,3351,332.441650390625,158.93426513671875,196.10009765625,201.92578125,0.46540433168411255
1022,1424,35206,580.0533447265625,134.19366455078125,225.406982421875,392.84149169921875,0.884190022945404
1023,1424,31885,90.5338134765625,71.5458984375,378.17486572265625,527.7677001953125,0.8402451872825623
1024,1424,3483,530.25048828125,776.6378173828125,275.853515625,226.6751708984375,0.766330361366272
1025,1424,27777,143.5760498046875,774.1964111328125,180.8043212890625,208.613525390625,0.6024145483970642
1026,1425,35206,610.9156494140625,142.6708984375,227.781494140625,402.103759765625,0.8691314458847046
1027,1425,31885,111.107421875,96.040283203125,384.29620361328125,530.2344970703125,0.8557901978492737
1028,1425,3483,562.8668212890625,812.7928466796875,268.42919921875,219.137451171875,0.7491214275360107
1029,1425,27777,176.3133544921875,811.8115234375,179.54022216796875,202.5318603515625,0.5937848091125488
1030,1429,16548,125.17831420898438,829.6998291015625,238.14547729492188,230.4703369140625,0.8865569233894348
1031,1429,29345,603.4066162109375,705.0933837890625,284.400634765625,444.625732421875,0.8268722891807556
1032,1429,3544,118.92788696289062,252.42794799804688,210.64358520507812,203.03369140625,0.7167929410934448
1033,1429,29667,677.989013671875,215.48297119140625,224.9962158203125,215.27508544921875,0.33407920598983765
1034,143,44199,89.81924438476562,185.4338836669922,259.7843933105469,228.43959045410156,0.9406031966209412
1035,143,16548,619.83154296875,160.76950073242188,238.542236328125,229.10394287109375,0.8757763504981995
1036,143,21026,123.258544921875,865.6048583984375,182.380126953125,178.60498046875,0.7312683463096619
1037,143,1900,606.0460205078125,900.0159912109375,210.4754638671875,139.054443359375,0.7295833826065063
1038,1431,16548,90.55091094970703,790.1600341796875,242.27184295654297,235.259521484375,0.8917065262794495
1039,1431,29345,573.6995849609375,667.9398193359375,292.490966796875,448.2572021484375,0.8150321841239929
1040,1431,3544,103.24838256835938,239.83013916015625,204.87496948242188,202.8345947265625,0.5378405451774597
1041,1431,10221,649.2621459960938,206.6070556640625,219.506591796875,216.46484375,0.5254266262054443
1042,1433,32310,0.0,659.0678100585938,308.025146484375,333.6558837890625,0.9381942749023438
1043,1433,38162,606.867919921875,752.557861328125,299.1317138671875,211.78662109375,0.9147688746452332
1044,1433,3351,362.30255126953125,165.61871337890625,194.17510986328125,199.8641357421875,0.8932456374168396
1045,1435,13900,167.3458709716797,339.41717529296875,178.20948791503906,255.102783203125,0.9544931650161743
1046,1435,3351,390.65081787109375,847.178955078125,201.6630859375,203.7158203125,0.7891829013824463
1047,1435,20238,584.729248046875,307.34332275390625,231.412841796875,220.11846923828125,0.5931865572929382
1048,1436,13900,598.25341796875,625.6005859375,181.638916015625,267.05078125,0.9523739814758301
1049,1436,3351,343.79498291015625,179.67247009277344,197.16314697265625,201.08668518066406,0.8120487332344055
1050,1436,20238,109.08334350585938,698.9061279296875,233.65811157226562,229.85791015625,0.4932207763195038
1051,1438,12247,174.92823791503906,303.105712890625,205.62303161621094,126.8253173828125,0.9617220163345337
1052,1438,16548,206.0655059814453,841.174560546875,248.42906188964844,239.796875,0.8257946372032166
1053,1438,6563,578.4854736328125,231.2362060546875,218.3304443359375,336.092041015625,0.7865461111068726
1054,1438,3544,696.1915283203125,856.324951171875,218.736328125,215.55322265625,0.7547397613525391
1055,1439,12247,589.9737548828125,848.850341796875,214.02734375,128.19091796875,0.9664158821105957
1056,1439,3544,72.44768524169922,198.117431640625,204.19446563720703,203.10662841796875,0.8989086151123047
1057,1439,16548,506.8013916015625,177.41912841796875,242.128662109375,232.17791748046875,0.8760161399841309
1058,1439,6563,164.04827880859375,671.1787109375,224.053466796875,366.2635498046875,0.8533940315246582
1059,1441,27733,92.47332763671875,731.2366943359375,322.564208984375,282.612060546875,0.8622551560401917
1060,1441,22347,115.111083984375,171.60516357421875,205.59585571289062,196.96246337890625,0.8595276474952698
1061,1441,3483,573.705810546875,760.8858642578125,280.276611328125,207.779052734375,0.8065059781074524
1062,1441,36637,592.2078247070312,201.61593627929688,253.801513671875,170.3775634765625,0.790776252746582
1063,1442,27733,127.53639221191406,778.8370361328125,317.38682556152344,278.534423828125,0.8488836288452148
1064,1442,22347,132.14822387695312,176.18634033203125,209.56991577148438,202.41802978515625,0.8436076045036316
1065,1442,3483,604.1810302734375,791.7221069335938,275.32958984375,208.443359375,0.7931566834449768
1066,1442,36637,618.99658203125,206.20034790039062,261.20947265625,173.3287353515625,0.7820183634757996
1067,1444,23223,509.974609375,624.363037109375,308.8062744140625,512.03857421875,0.9587475657463074
1068,1444,4378,134.90435791015625,107.53431701660156,222.79815673828125,438.51963806152344,0.9146819114685059
1069,1444,3743,472.74102783203125,143.5285186767578,327.7392578125,315.06077575683594,0.7951534390449524
1070,1444,2483,91.87786102294922,691.4913330078125,216.81122589111328,486.8895263671875,0.7524074912071228
1071,1446,23223,118.6793212890625,68.00978088378906,305.260986328125,509.54051208496094,0.9671890735626221
1072,1446,4378,583.537841796875,700.93994140625,232.7978515625,451.1368408203125,0.8836962580680847
1073,1446,3743,126.5679931640625,800.404052734375,337.5906982421875,322.9228515625,0.8062705397605896
1074,1446,2483,628.0842895507812,27.855712890625,203.69091796875,487.559326171875,0.741279125213623
1075,1447,16548,44.3544921875,790.0736083984375,244.12161254882812,235.8983154296875,0.8785645365715027
1076,1447,3544,102.24883270263672,179.07492065429688,204.96582794189453,200.63751220703125,0.6869369745254517
1077,1447,10221,626.2133178710938,191.3505859375,220.6922607421875,216.01068115234375,0.6816596984863281
1078,1447,29451,459.6278076171875,767.735595703125,419.8497314453125,247.1279296875,0.6312534213066101
1079,1449,16548,79.6220703125,831.9022216796875,239.78271484375,230.0469970703125,0.8749999403953552
1080,1449,3544,117.71656036376953,184.61097717285156,208.77721405029297,202.92442321777344,0.7673656344413757
1081,1449,29451,495.7259826660156,806.896484375,405.6884460449219,239.31201171875,0.7108469605445862
1082,1449,10221,655.6803588867188,197.661865234375,225.330810546875,216.84637451171875,0.6539250612258911
1083,1450,13395,580.0048828125,715.3839111328125,247.381591796875,496.064697265625,0.9452502131462097
1084,1450,12778,115.2901611328125,62.80975341796875,293.933837890625,526.7659301757812,0.9333496689796448
1085,1450,25438,121.38430786132812,809.837158203125,262.6868896484375,258.5025634765625,0.8408490419387817
1086,1450,2483,597.56640625,48.760986328125,218.474365234375,479.4193115234375,0.7433505058288574
1087,1452,13395,593.1220703125,715.44140625,246.8212890625,507.25927734375,0.9491627216339111
1088,1452,12778,116.97731018066406,85.547119140625,297.30113220214844,538.614990234375,0.9339183568954468
1089,1452,25438,122.57481384277344,822.191650390625,267.07667541503906,269.41455078125,0.8439993262290955
1090,1452,2483,595.4439697265625,81.88511657714844,208.3115234375,471.13404846191406,0.7671998143196106
1091,1453,18357,46.143829345703125,309.0863037109375,284.2547302246094,332.593994140625,0.943588376045227
1092,1453,16688,466.0198974609375,114.37347412109375,435.82373046875,534.0211181640625,0.9434014558792114
1093,1453,3351,450.0171813964844,899.619140625,203.72219848632812,205.8779296875,0.6732290387153625
1094,1455,16688,74.850341796875,620.699951171875,460.89764404296875,598.4482421875,0.9427183866500854
1095,1455,18357,649.44091796875,646.099609375,285.90625,347.321044921875,0.8421988487243652
1096,1455,3351,328.69268798828125,185.974609375,196.15606689453125,194.90374755859375,0.8174743056297302
1097,1458,23223,71.64846801757812,162.59580993652344,307.413818359375,508.59413146972656,0.9632497429847717
1098,1458,4378,636.4857177734375,702.441650390625,229.063232421875,459.78564453125,0.9382660388946533
1099,1458,25438,107.47598266601562,827.540283203125,261.8111877441406,257.23974609375,0.8621459603309631
1100,1458,2483,612.3895263671875,62.94935607910156,243.20166015625,474.43699645996094,0.7773275375366211
1101,1459,5094,104.93794250488281,808.6767578125,291.41966247558594,290.074462890625,0.8155000805854797
1102,1459,2483,627.5250244140625,63.969970703125,228.2669677734375,475.6697998046875,0.7493848204612732
1103,1459,22627,75.17340087890625,180.22735595703125,316.03228759765625,488.73883056640625,0.7292042374610901
1104,1459,12081,645.2314453125,691.6236572265625,251.48486328125,469.185302734375,0.67845618724823
1105,146,31885,548.033447265625,669.63720703125,418.807373046875,531.33447265625,0.8777453303337097
1106,146,16232,150.8488006591797,826.5535888671875,194.32142639160156,195.134033203125,0.8183594346046448
1107,146,3483,170.6798553466797,277.6473083496094,266.47401428222656,217.84423828125,0.7622703313827515
1108,146,27777,635.1482543945312,290.13409423828125,179.3642578125,198.90985107421875,0.5541488528251648
1109,1460,5094,543.816162109375,188.69268798828125,280.0625,272.29705810546875,0.8207419514656067
1110,1460,22627,532.111328125,572.7529296875,335.457763671875,491.6929931640625,0.7801203727722168
1111,1460,2483,48.757476806640625,698.1688232421875,260.73895263671875,485.5970458984375,0.752167284488678
1112,1460,12081,69.08615112304688,116.95634460449219,233.97879028320312,441.50465393066406,0.6126220226287842
1113,1461,5094,103.52972412109375,799.8912353515625,285.4451904296875,277.6357421875,0.7865248322486877
1114,1461,2483,626.419921875,31.20367431640625,245.8985595703125,482.181396484375,0.7470555901527405
1115,1461,22627,73.13922119140625,152.36956787109375,316.8062744140625,485.33111572265625,0.7023333311080933
1116,1461,12081,637.7109375,688.1607666015625,243.09130859375,452.17919921875,0.6709170341491699
1117,1462,25367,529.803466796875,672.594970703125,425.76953125,469.677001953125,0.8574719429016113
1118,1462,20238,131.26426696777344,867.07666015625,235.94154357910156,229.471923828125,0.8557392954826355
1119,1462,3483,131.7352752685547,287.94805908203125,278.51881408691406,175.404541015625,0.7217209935188293
1120,1462,27653,667.11572265625,253.68820190429688,223.694580078125,201.7568359375,0.7151727080345154
1121,1463,20238,620.2598876953125,176.0063934326172,228.2635498046875,219.51454162597656,0.8784462213516235
1122,1463,25367,55.30010986328125,115.98570251464844,429.84405517578125,459.18348693847656,0.8498260974884033
1123,1463,3483,588.4146728515625,844.735595703125,282.34716796875,168.5096435546875,0.7362687587738037
1124,1463,27653,96.81356811523438,854.579345703125,222.34539794921875,205.5355224609375,0.6554475426673889
1125,1464,20238,590.805908203125,173.64329528808594,225.8214111328125,215.24806213378906,0.8688621520996094
1126,1464,25367,46.999359130859375,104.044189453125,412.8162841796875,450.665771484375,0.8284488320350647
1127,1464,3483,558.1339111328125,810.991455078125,288.4241943359375,175.923583984375,0.7208158373832703
1128,1464,27653,60.90966033935547,810.3234252929688,229.55036163330078,213.3544921875,0.6592802405357361
1129,1466,22347,104.50970458984375,177.1514892578125,203.85504150390625,196.5185546875,0.9159368872642517
1130,1466,16262,593.5450439453125,176.0840301513672,236.194580078125,229.65223693847656,0.8255713582038879
1131,1466,3483,559.6864013671875,811.7344970703125,284.90869140625,175.98046875,0.7184860110282898
1132,1466,27653,60.247596740722656,809.505859375,228.92290496826172,213.407958984375,0.6608816385269165
1133,1473,19607,150.64340209960938,217.55447387695312,159.732177734375,155.09075927734375,0.9285550117492676
1134,1473,16551,565.3556518554688,90.49024963378906,293.634521484375,483.84263610839844,0.9180100560188293
1135,1473,21026,123.38446044921875,865.940673828125,182.65789794921875,178.2574462890625,0.7328602075576782
1136,1473,1900,612.4300537109375,860.5887451171875,205.871826171875,157.3895263671875,0.7122874855995178
1137,1474,34597,61.75077819824219,101.3836669921875,454.10963439941406,429.19342041015625,0.8760080337524414
1138,1474,27733,123.01931762695312,768.7584228515625,317.5789794921875,278.7752685546875,0.8139957785606384
1139,1474,3483,604.8756103515625,791.2924194335938,275.68408203125,206.839599609375,0.8011012077331543
1140,1474,36637,618.4959716796875,204.7916259765625,261.533203125,173.36993408203125,0.7797882556915283
1141,1476,27733,88.87017822265625,723.2442626953125,321.16241455078125,284.381591796875,0.8585205078125
1142,1476,34597,47.582305908203125,68.97708129882812,443.14654541015625,437.92742919921875,0.8544204831123352
1143,1476,3483,575.8712158203125,758.46875,279.78125,209.4892578125,0.8066542148590088
1144,1476,36637,590.828857421875,200.72010803222656,254.634033203125,170.81675720214844,0.7720137238502502
1145,1477,18357,341.9716796875,670.6116943359375,286.33251953125,393.3201904296875,0.9530431032180786
1146,1477,3351,650.3487548828125,286.4871826171875,184.04541015625,186.1922607421875,0.7003135085105896
1147,1477,36637,87.38672637939453,226.8417205810547,243.81810760498047,219.43617248535156,0.26069483160972595
1148,148,19232,494.9976806640625,234.10052490234375,337.975341796875,261.6949462890625,0.9030345678329468
1149,148,3351,394.86077880859375,842.4737548828125,203.2684326171875,205.950927734375,0.760706901550293
1150,148,20238,118.99553680419922,296.6673583984375,230.45099639892578,226.0675048828125,0.6068384051322937
1151,1480,10221,158.76373291015625,260.01239013671875,221.75347900390625,215.4302978515625,0.9366854429244995
1152,1480,16548,172.36605834960938,832.43359375,246.63470458984375,240.7626953125,0.8806705474853516
1153,1480,6563,589.3292236328125,240.14337158203125,220.254150390625,336.1654052734375,0.7862996459007263
1154,1480,3544,640.34228515625,874.893798828125,218.3365478515625,215.695068359375,0.7796292304992676
1155,1483,35206,108.88372802734375,772.342041015625,300.03509521484375,394.83984375,0.8942978978157043
1156,1483,3483,148.65274047851562,217.39251708984375,253.57501220703125,222.759521484375,0.8350963592529297
1157,1483,28763,629.3818359375,897.2093505859375,222.86865234375,216.6458740234375,0.7981107234954834
1158,1483,19861,636.977294921875,277.2009582519531,222.35107421875,172.27215576171875,0.7609087228775024
1159,1485,28763,145.6974334716797,165.1581573486328,216.35755920410156,206.73838806152344,0.8486077189445496
1160,1485,19861,123.75079345703125,864.87890625,224.01968383789062,170.6376953125,0.8370541930198669
1161,1485,35206,579.20703125,92.4862060546875,289.877197265625,385.4617919921875,0.827437698841095
1162,1485,3483,599.37255859375,868.87353515625,260.27783203125,229.66552734375,0.8035680055618286
1163,1488,31863,624.5672607421875,831.2806396484375,212.946044921875,207.497802734375,0.9160544276237488
1164,1488,21325,209.90036010742188,824.696533203125,205.4755859375,203.239013671875,0.9073324799537659
1165,1488,3351,383.4368896484375,198.54893493652344,200.27276611328125,198.83314514160156,0.8545812368392944
1166,1489,20014,529.7430419921875,286.97705078125,349.7725830078125,320.1148681640625,0.9533458948135376
1167,1489,3351,394.87689208984375,842.307861328125,204.2962646484375,206.9273681640625,0.8401822447776794
1168,1489,3351,182.88575744628906,279.86041259765625,232.38682556152344,222.4100341796875,0.3380139470100403
1169,149,19232,93.56491088867188,693.77392578125,344.4901123046875,268.330322265625,0.8992621898651123
1170,149,20238,590.7490234375,709.8446044921875,236.954345703125,230.749755859375,0.8265873193740845
1171,149,3351,340.58648681640625,183.2742156982422,196.37890625,200.24110412597656,0.7160385251045227
1172,1492,18147,522.0095825195312,298.0596923828125,346.81103515625,353.82244873046875,0.8322060704231262
1173,1492,21325,180.90574645996094,278.1844482421875,165.67787170410156,229.088623046875,0.7916930913925171
1174,1492,3351,372.39111328125,897.2803955078125,204.3026123046875,206.069580078125,0.752434492111206
1175,1493,3351,360.28338623046875,129.34408569335938,199.2880859375,204.578369140625,0.8891947269439697
1176,1493,18147,56.294158935546875,543.0771484375,356.4132995605469,378.3896484375,0.8702521920204163
1177,1493,21325,594.4437255859375,719.9268798828125,161.886962890625,243.01318359375,0.741748034954071
1178,1497,29667,608.530029296875,198.1954345703125,221.4996337890625,217.18695068359375,0.8612978458404541
1179,1497,19861,82.40978240966797,825.45458984375,228.19550323486328,178.126953125,0.8542863726615906
1180,1497,34597,60.581085205078125,49.3758544921875,299.10333251953125,510.6873779296875,0.812370240688324
1181,1497,3483,562.9505615234375,839.95166015625,265.642333984375,234.44970703125,0.8053960800170898
1182,15,33880,46.996826171875,786.565673828125,453.94757080078125,277.66162109375,0.9623340368270874
1183,15,3351,353.02838134765625,240.81471252441406,198.7755126953125,195.56724548339844,0.8434658646583557
1184,15,21325,640.57958984375,795.2344970703125,197.872802734375,192.272216796875,0.35016146302223206
1185,150,19232,137.71420288085938,796.546630859375,340.41552734375,267.19921875,0.9006432890892029
1186,150,20238,630.885009765625,799.656005859375,232.21630859375,226.707275390625,0.8560509085655212
1187,150,3351,380.76904296875,245.98748779296875,198.5653076171875,193.48529052734375,0.7286059856414795
1188,1500,38162,191.7281494140625,732.0003662109375,196.49603271484375,301.1834716796875,0.9419494271278381
1189,1500,3351,344.05352783203125,228.6656494140625,199.16522216796875,198.6162109375,0.8864659667015076
1190,1500,41768,573.51513671875,858.986083984375,350.236083984375,176.76708984375,0.8382077813148499
1191,151,33208,182.93641662597656,265.8388671875,211.48374938964844,200.432373046875,0.9384633898735046
1192,151,29451,509.252685546875,241.5108642578125,411.133544921875,223.2890625,0.86093670129776
1193,151,1900,643.3193359375,843.1697998046875,190.1123046875,194.8531494140625,0.6576131582260132
1194,152,33208,580.0927124023438,810.6981201171875,218.2557373046875,206.4180908203125,0.9300300478935242
1195,152,16548,618.1343994140625,202.6461181640625,235.19140625,228.533935546875,0.8516558408737183
1196,152,29451,33.52099609375,801.3914794921875,429.91925048828125,227.4912109375,0.8101154565811157
1197,152,1900,146.98428344726562,238.3505859375,182.03628540039062,186.57550048828125,0.7053588628768921
1198,153,33208,608.104248046875,842.28662109375,213.818603515625,202.173583984375,0.9396122097969055
1199,153,16548,647.121826171875,210.55810546875,239.48828125,229.31182861328125,0.8762395977973938
1200,153,29451,69.7139892578125,843.25830078125,422.15283203125,218.616943359375,0.7906310558319092
1201,153,1900,166.44232177734375,248.437744140625,183.3685302734375,183.27435302734375,0.6782534718513489
1202,154,5886,590.3026123046875,684.880126953125,245.85791015625,488.7615966796875,0.9654052257537842
1203,154,23223,84.20486450195312,125.010986328125,326.15863037109375,507.45220947265625,0.9646803140640259
1204,154,2483,615.8746337890625,55.5579833984375,255.17333984375,465.5616455078125,0.7428184151649475
1205,154,5094,105.8431396484375,802.97119140625,284.723876953125,279.4068603515625,0.6956716775894165
1206,155,23223,522.697998046875,570.993896484375,336.71337890625,503.625732421875,0.9621896743774414
1207,155,5886,111.9844970703125,81.67039489746094,240.344482421875,475.66297912597656,0.9553276896476746
1208,155,2483,68.75357055664062,689.9656982421875,257.8565979003906,471.3636474609375,0.8382169008255005
1209,155,5094,544.6043701171875,184.5059814453125,275.97119140625,270.7618408203125,0.8286205530166626
1210,156,23223,88.0003662109375,156.34535217285156,325.49298095703125,507.89439392089844,0.9624358415603638
1211,156,5886,598.1803588867188,685.2071533203125,254.2525634765625,502.68896484375,0.9619227647781372
1212,156,2483,605.5611572265625,84.86051940917969,259.236328125,459.68702697753906,0.8053509593009949
1213,156,5094,106.85859680175781,814.533447265625,290.71372985839844,287.863037109375,0.6331883072853088
1214,157,16262,573.5223999023438,186.45736694335938,239.4505615234375,230.45697021484375,0.8498824834823608
1215,157,25367,109.2235107421875,77.44769287109375,403.7772216796875,465.9820556640625,0.8466616272926331
1216,157,3483,530.317138671875,778.94921875,275.236572265625,226.755859375,0.766907274723053
1217,157,27777,143.24221801757812,774.6343994140625,181.03384399414062,209.288818359375,0.6008017659187317
1218,159,16262,601.59716796875,194.10641479492188,244.972900390625,232.72943115234375,0.8679652214050293
1219,159,25367,122.71478271484375,97.05894470214844,414.373779296875,470.49476623535156,0.8408467173576355
1220,159,3483,561.7875366210938,814.541015625,269.20458984375,219.621337890625,0.7488692998886108
1221,159,27777,176.8096160888672,812.5841064453125,177.15052795410156,204.112548828125,0.5952887535095215
1222,160,3544,625.6270751953125,886.9329833984375,216.8896484375,215.364501953125,0.9003419280052185
1223,160,23203,208.723876953125,314.96282958984375,136.890869140625,139.9039306640625,0.8740942478179932
1224,160,4543,144.21612548828125,915.381103515625,217.5333251953125,212.722900390625,0.8568892478942871
1225,160,16551,574.739013671875,263.5887451171875,290.2591552734375,473.1851806640625,0.6149647831916809
1226,162,3544,155.53778076171875,177.030029296875,210.91943359375,203.16778564453125,0.8885148167610168
1227,162,16551,129.25213623046875,531.679931640625,290.98541259765625,480.990234375,0.7960042357444763
1228,162,4543,624.8419189453125,144.04116821289062,212.0537109375,204.26837158203125,0.7853789925575256
1229,163,16232,642.9625244140625,250.26904296875,188.754150390625,183.11279296875,0.8280468583106995
1230,163,3483,563.9012451171875,812.525146484375,268.8486328125,218.42236328125,0.7605654001235962
1231,163,27777,178.03240966796875,811.921142578125,177.750244140625,204.5,0.5912782549858093
1232,163,27653,124.62310791015625,171.4334716796875,217.43618774414062,207.139892578125,0.4671454429626465
1233,164,28763,651.6201171875,891.5830078125,224.531982421875,215.6466064453125,0.8308150172233582
1234,164,16232,150.55239868164062,826.716552734375,194.52151489257812,194.731201171875,0.8232976198196411
1235,164,3483,170.4427490234375,277.33673095703125,266.619140625,217.8548583984375,0.7637819051742554
1236,164,27777,634.8758544921875,289.62579345703125,179.853271484375,198.90472412109375,0.5533391237258911
1237,165,16232,613.0984497070312,238.5101318359375,186.5982666015625,183.6884765625,0.8358451724052429
1238,165,3483,531.9825439453125,776.6956787109375,275.366943359375,226.314208984375,0.7723011374473572
1239,165,27777,144.765869140625,774.2666015625,180.6585693359375,208.8193359375,0.5957987308502197
1240,17,41768,558.947998046875,645.0711669921875,277.6837158203125,300.780517578125,0.8375656008720398
1241,17,35206,113.4703369140625,580.9469604492188,315.30078125,392.709716796875,0.8049497008323669
1242,17,3351,294.48284912109375,160.65335083007812,194.1162109375,198.92529296875,0.44088083505630493
1243,170,5094,104.89381408691406,808.461181640625,291.9535369873047,290.348388671875,0.8232556581497192
1244,170,2483,621.9197998046875,65.17156982421875,238.4195556640625,475.60540771484375,0.7538222074508667
1245,170,6192,116.57421875,154.0003662109375,312.2374267578125,525.653564453125,0.7529512047767639
1246,170,12081,645.3426513671875,690.7418212890625,251.5364990234375,469.96142578125,0.6618974804878235
1247,172,29667,630.365966796875,179.53932189941406,226.089111328125,218.66270446777344,0.8702861070632935
1248,172,25367,114.09521484375,60.87449645996094,351.2120361328125,508.21766662597656,0.8110568523406982
1249,172,3483,586.5994262695312,844.565185546875,283.06103515625,169.103271484375,0.7120140194892883
1250,172,27653,93.98314666748047,853.52197265625,223.04889678955078,204.931396484375,0.6685212850570679
1251,173,29667,601.5390014648438,176.32066345214844,220.441650390625,216.11427307128906,0.8739393353462219
1252,173,25367,95.697998046875,47.54185485839844,340.733154296875,496.39198303222656,0.8140262365341187
1253,173,3483,558.5067138671875,811.632080078125,285.7393798828125,175.527099609375,0.718564510345459
1254,173,27653,58.95862579345703,809.421142578125,229.44524383544922,212.74560546875,0.6530776619911194
1255,174,29667,123.82635498046875,862.97314453125,235.02346801757812,228.312744140625,0.8654183149337769
1256,174,25367,551.1820068359375,683.7864990234375,340.03759765625,514.93408203125,0.8485768437385559
1257,174,3483,133.27606201171875,287.7217102050781,278.403076171875,175.4202880859375,0.719544529914856
1258,174,27653,669.5451049804688,255.00186157226562,223.2366943359375,201.353271484375,0.7162812352180481
1259,175,30308,118.64697265625,95.30677795410156,270.67181396484375,476.53257751464844,0.9741842746734619
1260,175,29667,636.517822265625,203.4694061279297,227.219482421875,218.41639709472656,0.8596403002738953
1261,175,19861,116.81835174560547,864.3402099609375,223.89606475830078,171.0810546875,0.8472151756286621
1262,175,3483,592.0260009765625,871.660400390625,262.443359375,231.4971923828125,0.8048210740089417
1263,176,30308,597.116455078125,675.4119873046875,286.02197265625,483.9053955078125,0.9482386112213135
1264,176,29667,118.86813354492188,838.9019775390625,231.38385009765625,228.96728515625,0.8650331497192383
1265,176,3483,154.7074737548828,213.69558715820312,255.62583923339844,223.39288330078125,0.8268519043922424
1266,176,19861,644.6780395507812,278.20330810546875,221.1231689453125,171.63818359375,0.7844798564910889
1267,179,22347,643.3265380859375,832.453369140625,214.101318359375,210.456298828125,0.9028964042663574
1268,179,20238,151.7410888671875,850.447265625,234.15814208984375,227.0042724609375,0.8172509670257568
1269,179,3483,172.36146545410156,274.69439697265625,265.53111267089844,217.188232421875,0.7563115358352661
1270,179,27777,635.90283203125,288.669921875,179.702392578125,199.2435302734375,0.5647287368774414
1271,180,22347,120.26373291015625,226.1957550048828,206.524169921875,198.96287536621094,0.8882824182510376
1272,180,20238,570.9091186523438,189.20724487304688,227.59619140625,216.412841796875,0.8391410112380981
1273,180,3483,530.553466796875,779.014404296875,275.6209716796875,226.9691162109375,0.7638524770736694
1274,180,27777,143.58181762695312,775.1217041015625,180.47332763671875,208.9302978515625,0.6061781644821167
1275,183,10221,159.1084442138672,260.37298583984375,221.75917053222656,215.2086181640625,0.9408203363418579
1276,183,6563,588.7438354492188,240.55230712890625,221.2041015625,338.51861572265625,0.7825584411621094
1277,183,3544,640.3189697265625,875.2010498046875,218.3577880859375,216.112548828125,0.7801283597946167
1278,185,16548,133.097900390625,738.2805786132812,242.97247314453125,235.1617431640625,0.8949441909790039
1279,185,23203,625.566162109375,821.28125,141.857177734375,140.788818359375,0.8542999029159546
1280,185,3544,140.9949951171875,170.15895080566406,204.4404296875,202.41880798339844,0.84961998462677
1281,185,4543,595.0012817382812,144.371826171875,209.162109375,200.83160400390625,0.6855408549308777
1282,186,3544,155.17633056640625,178.30758666992188,211.07867431640625,203.131103515625,0.8932300806045532
1283,186,16548,166.21275329589844,780.365966796875,239.54676818847656,230.131591796875,0.8880324959754944
1284,186,4543,625.0838623046875,143.70742797851562,212.48828125,204.51788330078125,0.7702311277389526
1285,189,12778,90.9344482421875,128.0643310546875,296.51727294921875,534.18359375,0.9286062121391296
1286,189,2483,638.2607421875,114.72843933105469,208.962890625,472.55628967285156,0.7849966883659363
1287,189,22362,613.1629638671875,775.722412109375,267.96484375,428.4815673828125,0.7746502161026001
1288,189,5094,135.14993286132812,854.2540283203125,292.02880859375,291.458984375,0.708347737789154
1289,19,27733,124.39996337890625,769.523681640625,316.584716796875,278.66015625,0.8451497554779053
1290,19,28763,99.19084930419922,167.6002197265625,216.40961456298828,207.35089111328125,0.8206964731216431
1291,19,36637,618.8897094726562,202.9739532470703,261.21337890625,173.59043884277344,0.8028892874717712
1292,19,3483,606.4182739257812,790.0050048828125,275.177490234375,206.94140625,0.7769423723220825
1293,191,4543,636.615966796875,151.228271484375,207.956298828125,200.98077392578125,0.8417637944221497
1294,191,16551,574.3638305664062,562.8974609375,293.593017578125,493.2489013671875,0.8013349771499634
1295,191,10221,90.45925903320312,787.0736083984375,227.82766723632812,223.8045654296875,0.7918685674667358
1296,191,3544,120.1053466796875,180.52622985839844,206.90396118164062,201.61842346191406,0.6085506677627563
1297,196,12778,517.2437133789062,514.80517578125,304.6895751953125,525.865234375,0.9353116154670715
1298,196,22362,81.18145751953125,114.53953552246094,260.372802734375,396.41651916503906,0.8459956049919128
1299,196,2483,87.63519287109375,659.8411865234375,218.085205078125,493.2991943359375,0.797745406627655
1300,196,3743,483.72418212890625,122.97531127929688,323.3387451171875,310.8704833984375,0.7579076290130615
1301,197,12778,120.39727783203125,169.7906494140625,291.4677734375,526.6873779296875,0.9365122318267822
1302,197,3743,119.740234375,824.88623046875,333.96417236328125,325.5560302734375,0.8030295968055725
1303,197,22362,597.537353515625,733.330322265625,270.128173828125,408.460693359375,0.7850863337516785
1304,197,2483,636.4784545898438,62.8284912109375,204.253662109375,484.668701171875,0.7520116567611694
1305,198,12778,121.78836059570312,194.9468994140625,292.51025390625,529.8262939453125,0.9333348274230957
1306,198,3743,118.07003784179688,836.07080078125,346.525146484375,335.666259765625,0.8136955499649048
1307,198,22362,606.1369018554688,730.133544921875,280.575927734375,424.911376953125,0.8122472167015076
1308,198,2483,626.51708984375,85.37513732910156,204.9129638671875,483.91038513183594,0.7895017862319946
1309,199,29667,628.7535400390625,163.30291748046875,225.12109375,218.29241943359375,0.8702420592308044
1310,199,30308,35.7647705078125,114.96307373046875,411.3822021484375,402.12896728515625,0.794677197933197
1311,199,3483,559.3037109375,813.677001953125,269.69287109375,218.1439208984375,0.7408544421195984
1312,199,27777,175.07086181640625,810.247802734375,178.67578125,203.289306640625,0.5899099707603455
1313,200,29667,125.29083251953125,877.698486328125,233.9920654296875,231.818115234375,0.869222104549408
1314,200,30308,560.6253662109375,729.635986328125,415.3746337890625,415.411865234375,0.8452511429786682
1315,200,3483,174.40687561035156,276.2728271484375,265.93785095214844,218.0400390625,0.7558510303497314
1316,200,27777,637.4052124023438,292.12713623046875,179.109619140625,197.8809814453125,0.565441906452179
1317,202,16262,109.26782989501953,835.1123046875,249.74114227294922,243.170166015625,0.8916120529174805
1318,202,22347,686.859130859375,865.8211669921875,216.8076171875,210.5174560546875,0.8640146851539612
1319,202,20877,540.254150390625,292.07965087890625,334.628173828125,237.6583251953125,0.8616313934326172
1320,202,3483,142.79432678222656,287.46490478515625,212.80296325683594,259.72991943359375,0.8004679083824158
1321,203,20877,83.26544189453125,724.3911743164062,336.2205810546875,240.30859375,0.8958611488342285
1322,203,22347,79.583740234375,194.12152099609375,205.50006103515625,200.02496337890625,0.8900651931762695
1323,203,16262,600.3920288085938,185.85305786132812,238.1871337890625,230.885986328125,0.8460167646408081
1324,203,3483,619.5418090820312,718.203125,211.5465087890625,270.782470703125,0.8135642409324646
1325,204,20877,114.77679443359375,769.7390747070312,334.8643798828125,231.72705078125,0.8785956501960754
1326,204,22347,95.78366088867188,201.86529541015625,210.45156860351562,202.2049560546875,0.8695451617240906
1327,204,16262,629.6806640625,193.0575714111328,242.847900390625,234.00486755371094,0.8441798090934753
1328,204,3483,646.7716064453125,751.514404296875,210.0867919921875,269.5579833984375,0.8091546297073364
1329,205,16548,588.17431640625,119.8281478881836,236.07666015625,226.83869171142578,0.8881244659423828
1330,205,23203,620.32568359375,846.71142578125,140.849853515625,140.261474609375,0.8778086304664612
1331,205,6563,163.38037109375,671.99951171875,224.124755859375,367.396240234375,0.8588106036186218
1332,205,3544,111.4783935546875,161.1134796142578,203.84063720703125,202.88121032714844,0.7845836877822876
1333,210,31863,591.7442626953125,875.120849609375,213.98583984375,207.263916015625,0.9114103317260742
1334,210,29667,160.19004821777344,749.6640014648438,234.51747131347656,225.3446044921875,0.9030038714408875
1335,210,3351,410.9139709472656,237.0968780517578,199.14743041992188,197.47886657714844,0.4960661828517914
1336,212,16551,476.1573486328125,140.05352783203125,446.768310546875,347.8690185546875,0.8790093064308167
1337,212,18110,57.229705810546875,121.46527099609375,309.8530578613281,294.53973388671875,0.8286195397377014
1338,212,1900,620.661865234375,887.905517578125,209.1427001953125,139.97607421875,0.7626157999038696
1339,212,21026,136.3634033203125,867.2091064453125,181.89114379882812,178.166259765625,0.7211939692497253
1340,213,16551,446.7056579589844,124.87594604492188,437.9892883300781,348.0372314453125,0.8850610852241516
1341,213,18110,45.154998779296875,112.28640747070312,299.3553771972656,291.5203857421875,0.8385416269302368
1342,213,1900,593.5008544921875,854.8187255859375,213.154296875,149.9296875,0.7532251477241516
1343,213,21026,101.94122314453125,832.8482055664062,184.2301025390625,182.732421875,0.7300904989242554
1344,214,33208,584.4646606445312,801.8841552734375,219.7728271484375,205.564697265625,0.917932391166687
1345,214,27926,91.22247314453125,611.046875,272.46728515625,484.8939208984375,0.8501340746879578
1346,214,16551,560.1602783203125,50.26268005371094,287.574951171875,472.63209533691406,0.8332238793373108
1347,214,1900,140.2178955078125,238.652587890625,199.5751953125,131.279052734375,0.7267980575561523
1348,215,33208,614.2301025390625,835.0384521484375,213.0369873046875,201.397705078125,0.9141878485679626
1349,215,27926,129.8292236328125,664.4302978515625,263.52960205078125,480.41357421875,0.8353609442710876
1350,215,1900,156.2875213623047,248.77685546875,206.36256408691406,126.8961181640625,0.7780563235282898
1351,215,16551,591.1613159179688,53.56617736816406,291.572265625,489.17247009277344,0.7660961747169495
1352,217,3743,115.96492004394531,783.8975830078125,333.16844177246094,324.71923828125,0.8029525279998779
1353,217,2483,584.8658447265625,67.31524658203125,253.892822265625,486.36468505859375,0.7696462869644165
1354,217,6192,127.317138671875,125.97821044921875,286.6024169921875,533.6116333007812,0.7569518089294434
1355,217,12081,596.7113037109375,705.6512451171875,241.40380859375,456.2239990234375,0.6195440888404846
1356,219,2483,89.14410400390625,666.1025390625,259.35888671875,477.52880859375,0.7948400378227234
1357,219,6192,512.9300537109375,547.2596435546875,303.241943359375,528.459228515625,0.7862239480018616
1358,219,12081,107.8823471069336,104.53790283203125,235.51288604736328,434.23321533203125,0.6156681776046753
1359,219,3743,488.6593933105469,163.6636199951172,323.2619934082031,306.14088439941406,0.5429480075836182
1360,222,16262,170.79061889648438,768.1212768554688,249.57452392578125,239.91796875,0.8846352100372314
1361,222,41768,601.538818359375,741.3123779296875,279.2142333984375,300.570068359375,0.8423916697502136
1362,222,3351,397.32598876953125,196.92381286621094,199.58453369140625,197.36683654785156,0.6728718876838684
1363,224,29667,617.8348388671875,171.2930908203125,227.23974609375,219.42730712890625,0.8673271536827087
1364,224,25469,84.39215087890625,827.41357421875,345.18560791015625,304.4544677734375,0.8455159664154053
1365,224,34597,106.43792724609375,80.09759521484375,363.337158203125,488.1142578125,0.8087828159332275
1366,224,3483,600.1781005859375,842.397705078125,278.78857421875,191.523681640625,0.7299679517745972
1367,225,29667,137.78016662597656,869.836669921875,230.49607849121094,230.9473876953125,0.8078938126564026
1368,225,25469,571.667236328125,184.74061584472656,339.1861572265625,289.65232849121094,0.8067429065704346
1369,225,34597,527.247314453125,658.296142578125,375.302734375,513.337646484375,0.8033775687217712
1370,225,3483,125.77922058105469,272.18145751953125,273.20899963378906,189.8748779296875,0.735415518283844
1371,226,22347,106.44420623779297,227.68914794921875,209.51984405517578,202.257568359375,0.9113429188728333
1372,226,20238,642.6505126953125,186.5930938720703,228.096923828125,220.64939880371094,0.8701322078704834
1373,226,19861,123.5560302734375,864.843994140625,224.383056640625,170.8287353515625,0.8373106122016907
1374,226,3483,599.4700927734375,869.363525390625,260.2646484375,229.1300048828125,0.7999768257141113
1375,229,23223,490.59326171875,648.66650390625,415.9468994140625,467.130126953125,0.971828281879425
1376,229,5886,95.29202270507812,65.31422424316406,248.75650024414062,480.65293884277344,0.9638575911521912
1377,229,3743,528.4573974609375,147.93531799316406,326.095703125,309.14744567871094,0.7733340263366699
1378,229,2483,51.86883544921875,674.454833984375,285.69287109375,466.204345703125,0.7707852125167847
1379,23,25367,21.727203369140625,84.413818359375,423.1246032714844,447.47698974609375,0.8432706594467163
1380,23,16262,593.3150634765625,176.7158660888672,236.825439453125,229.63270568847656,0.839078962802887
1381,23,3483,559.4385986328125,811.90576171875,285.08837890625,175.353271484375,0.7202291488647461
1382,23,27653,59.91625213623047,809.4154663085938,229.14466094970703,213.1898193359375,0.6534314751625061
1383,231,23223,53.371002197265625,119.3201904296875,400.47625732421875,464.24359130859375,0.9742366075515747
1384,231,5886,603.956787109375,695.7974853515625,253.1083984375,510.9534912109375,0.9663885235786438
1385,231,2483,594.2994995117188,101.11505126953125,288.708251953125,456.78143310546875,0.7875027060508728
1386,231,3743,72.06072998046875,810.1494140625,341.0035705566406,333.825439453125,0.7356660962104797
1387,232,22347,125.506591796875,231.614990234375,210.73968505859375,202.6697998046875,0.902635395526886
1388,232,29667,676.5645751953125,187.61904907226562,226.4842529296875,219.03387451171875,0.8836212754249573
1389,232,27733,114.42733764648438,775.574462890625,326.319091796875,270.1883544921875,0.8501577973365784
1390,232,3483,596.30517578125,796.75830078125,276.3887939453125,207.4031982421875,0.7847932577133179
1391,234,22347,108.2845687866211,221.19778442382812,205.75983428955078,197.7568359375,0.9005430340766907
1392,234,29667,647.6851806640625,184.200927734375,220.2801513671875,216.4476318359375,0.8655016422271729
1393,234,27733,79.3475341796875,728.1417236328125,331.0081787109375,274.26025390625,0.8564137816429138
1394,234,3483,565.7247314453125,765.666015625,281.397216796875,208.849853515625,0.8013637065887451
1395,236,35206,104.29986572265625,686.7088623046875,207.333251953125,419.4093017578125,0.8798651695251465
1396,236,28763,614.255859375,832.9896240234375,224.27392578125,215.65087890625,0.8611388802528381
1397,236,3483,132.11219787597656,288.25811767578125,278.20396423339844,174.91741943359375,0.7206263542175293
1398,236,27653,668.357177734375,254.25033569335938,223.54736328125,200.77691650390625,0.7179030776023865
1399,237,35206,648.5769653320312,142.036376953125,200.161865234375,403.31719970703125,0.8809728026390076
1400,237,28763,142.32861328125,220.9009552001953,212.4735107421875,201.82261657714844,0.7731125354766846
1401,237,3483,557.874755859375,812.4052734375,288.052734375,174.245361328125,0.7248822450637817
1402,237,27653,60.204620361328125,810.0181884765625,229.16677856445312,213.2486572265625,0.6524693369865417
1403,238,16262,624.9219970703125,237.604248046875,244.99853515625,239.01739501953125,0.8532469868659973
1404,238,3351,395.591796875,826.6817626953125,201.7098388671875,204.348876953125,0.8505229353904724
1405,238,18357,67.96990966796875,255.9398956298828,305.218994140625,305.17991638183594,0.8169787526130676
1406,24,25367,26.279541015625,104.02154541015625,441.86041259765625,444.73968505859375,0.846282958984375
1407,24,16262,622.46142578125,181.81411743164062,241.34521484375,233.654052734375,0.815694272518158
1408,24,3483,587.7694091796875,843.9537353515625,282.0626220703125,169.84765625,0.7185621857643127
1409,24,27653,95.31503295898438,853.61181640625,221.96673583984375,205.143310546875,0.6610842943191528
1410,241,18147,512.4837036132812,255.411376953125,314.8216552734375,385.142822265625,0.9009296298027039
1411,241,3351,402.50732421875,904.7220458984375,205.4547119140625,207.694091796875,0.8291762471199036
1412,241,20238,125.7437744140625,325.605224609375,234.82220458984375,222.896728515625,0.25909852981567383
1413,243,3351,370.7850341796875,179.12887573242188,199.22509765625,196.1712646484375,0.882880449295044
1414,243,18147,141.12152099609375,646.05810546875,323.9827880859375,405.30419921875,0.8785422444343567
1415,243,20238,620.6488037109375,767.9652099609375,231.41064453125,226.94091796875,0.8403089642524719
1416,244,16551,574.203857421875,5.072265625,292.0947265625,483.080810546875,0.890716552734375
1417,244,3544,125.65274047851562,166.8680419921875,210.15298461914062,205.1986083984375,0.8544897437095642
1418,244,6563,195.47027587890625,716.954345703125,222.90911865234375,361.750732421875,0.8489341735839844
1419,244,23203,649.4503173828125,880.26806640625,137.22021484375,134.832763671875,0.48547226190567017
1420,247,22362,605.6871337890625,730.320556640625,280.4765625,424.784423828125,0.8224892616271973
1421,247,3743,117.38006591796875,835.9971923828125,347.07843017578125,335.8443603515625,0.8178148865699768
1422,247,2483,624.6820678710938,89.15916442871094,206.165283203125,480.07911682128906,0.7725001573562622
1423,247,6192,55.7962646484375,127.2064208984375,339.74676513671875,516.8120727539062,0.6744614243507385
1424,248,3743,119.21044921875,825.1248779296875,334.45672607421875,325.4259033203125,0.8016619086265564
1425,248,22362,596.9072265625,733.84912109375,270.15576171875,408.304931640625,0.7723910212516785
1426,248,2483,635.11962890625,62.7354736328125,206.410888671875,485.18463134765625,0.7562350034713745
1427,248,6192,53.6719970703125,102.7979736328125,338.1797180175781,510.6944580078125,0.6875580549240112
1428,249,22362,81.22702026367188,114.53353881835938,260.7680969238281,396.113525390625,0.8406713604927063
1429,249,2483,87.92166137695312,662.93603515625,218.32327270507812,489.5008544921875,0.7698456048965454
1430,249,3743,483.66729736328125,123.24076843261719,323.9759521484375,310.11805725097656,0.7617431282997131
1431,249,6192,552.247314453125,589.3128662109375,348.50048828125,505.3240966796875,0.3855438828468323
1432,250,18357,533.0836181640625,229.68736267089844,258.150146484375,355.85865783691406,0.9612630605697632
1433,250,29667,126.44058227539062,201.5402069091797,233.76266479492188,231.70350646972656,0.9008120894432068
1434,250,3351,371.21075439453125,840.9195556640625,202.8543701171875,206.77197265625,0.5159995555877686
1435,251,18357,137.22372436523438,594.05224609375,257.99066162109375,375.043701171875,0.9450340270996094
1436,251,29667,585.47412109375,792.640380859375,237.1357421875,235.7197265625,0.9150574803352356
1437,251,3351,362.88763427734375,171.60842895507812,196.9925537109375,201.41595458984375,0.8865821361541748
1438,252,18357,180.6267852783203,690.123046875,258.76206970214844,374.48046875,0.9474189281463623
1439,252,29667,623.6182861328125,883.37109375,230.9539794921875,229.1123046875,0.9114989042282104
1440,252,3351,403.54296875,230.76080322265625,199.245849609375,198.9488525390625,0.8838313817977905
1441,253,35206,61.51031494140625,253.3679962158203,421.77655029296875,221.11558532714844,0.9820584654808044
1442,253,33880,442.7445068359375,253.53411865234375,446.565185546875,288.97576904296875,0.9118723273277283
1443,253,3351,438.12884521484375,840.892333984375,201.701416015625,207.0323486328125,0.7548314929008484
1444,256,5886,109.64871215820312,85.3427734375,239.25094604492188,475.29974365234375,0.9556697010993958
1445,256,19552,479.1622619628906,652.8487548828125,337.7914733886719,504.47412109375,0.8961509466171265
1446,256,25438,533.6339111328125,177.45721435546875,260.8001708984375,257.32568359375,0.8712294101715088
1447,256,2483,60.29065704345703,665.8275146484375,215.38335418701172,487.5711669921875,0.7603470683097839
1448,259,41768,109.90396118164062,283.15606689453125,274.90313720703125,286.558837890625,0.9049861431121826
1449,259,20238,602.1011962890625,278.85247802734375,230.0517578125,223.22467041015625,0.7091328501701355
1450,259,3351,375.33477783203125,886.547607421875,205.6319580078125,207.6607666015625,0.5212017893791199
1451,262,29667,601.430908203125,176.03146362304688,220.76953125,216.38128662109375,0.8738663792610168
1452,262,34597,74.42733764648438,28.559188842773438,332.5357971191406,501.70863342285156,0.7726690173149109
1453,262,3483,558.8944702148438,811.3268432617188,285.6956787109375,176.1317138671875,0.7219333648681641
1454,262,27653,58.863380432128906,809.4599609375,229.09038543701172,212.96923828125,0.6548345685005188
1455,264,29667,123.91091918945312,862.72802734375,235.26797485351562,229.003662109375,0.8665932416915894
1456,264,34597,561.7598876953125,675.8525390625,355.6258544921875,516.9600830078125,0.7772260904312134
1457,264,3483,133.48768615722656,287.986083984375,278.39842224121094,175.14990234375,0.718714714050293
1458,264,27653,669.8004150390625,254.7408447265625,223.0179443359375,201.59747314453125,0.7087914347648621
1459,265,25367,599.4681396484375,658.279296875,372.6416015625,499.7098388671875,0.8679512143135071
1460,265,16232,140.934814453125,845.112548828125,199.66937255859375,195.46484375,0.8626800775527954
1461,265,3483,132.8528594970703,288.055908203125,278.32273864746094,175.3663330078125,0.7166310548782349
1462,265,27653,668.1734619140625,254.64285278320312,223.899169921875,201.3531494140625,0.713456928730011
1463,266,16232,645.8858642578125,228.89381408691406,195.8236083984375,185.54954528808594,0.8474285006523132
1464,266,25367,22.256622314453125,104.6658935546875,386.9053039550781,477.54718017578125,0.8410845398902893
1465,266,3483,587.552978515625,844.96044921875,282.231201171875,168.002197265625,0.7197656631469727
1466,266,27653,94.99817657470703,853.376953125,222.35564422607422,206.030517578125,0.6603685617446899
1467,27,23223,73.02047729492188,101.94024658203125,303.1705322265625,515.0003051757812,0.9660294055938721
1468,27,13395,591.8621215820312,714.5423583984375,246.7052001953125,510.3948974609375,0.9485602974891663
1469,27,25438,121.70388793945312,821.36572265625,266.66668701171875,267.98486328125,0.8440990447998047
1470,27,2483,596.450927734375,80.30564880371094,208.09130859375,471.56690979003906,0.7882770895957947
1471,271,22347,103.07070922851562,186.25148010253906,204.37496948242188,197.20237731933594,0.9270174503326416
1472,271,35206,627.3331909179688,161.90870666503906,221.371826171875,399.07640075683594,0.9090787768363953
1473,271,20877,83.88525390625,724.60986328125,338.3133544921875,239.2529296875,0.8933124542236328
1474,271,3483,621.1358032226562,715.765625,211.420166015625,272.5360107421875,0.8143742084503174
1475,273,22347,663.7021484375,876.4825439453125,217.903564453125,209.380859375,0.8971699476242065
1476,273,20877,538.845703125,292.9630126953125,334.5916748046875,236.34625244140625,0.8732981085777283
1477,273,35206,96.286865234375,670.6749267578125,238.56268310546875,414.156982421875,0.8724677562713623
1478,273,3483,141.02969360351562,289.28582763671875,212.777099609375,259.95556640625,0.8035848736763
1479,274,20014,574.527099609375,255.95448303222656,347.287109375,318.86705017089844,0.9448776841163635
1480,274,3351,410.9674072265625,882.7738037109375,206.41064453125,206.7236328125,0.7920814156532288
1481,274,21325,204.93075561523438,325.4423828125,157.541259765625,234.3897705078125,0.7912752628326416
1482,275,20014,5.1531982421875,644.8357543945312,352.4749755859375,343.6865234375,0.954054594039917
1483,275,3351,322.43487548828125,143.24038696289062,198.12921142578125,202.45703125,0.8674648404121399
1484,275,21325,577.0439453125,663.8160400390625,162.089599609375,245.44775390625,0.4237237274646759
1485,277,30308,81.93341064453125,91.99385070800781,401.3499755859375,411.88230895996094,0.8810545206069946
1486,277,19861,123.53073120117188,864.406494140625,224.40988159179688,170.843017578125,0.8378148674964905
1487,277,3483,599.336669921875,869.80810546875,260.4361572265625,228.7843017578125,0.8119931817054749
1488,277,36637,617.5194091796875,197.26910400390625,267.094482421875,153.64453125,0.7931036353111267
1489,278,3483,149.78472900390625,217.32171630859375,252.51202392578125,222.82904052734375,0.8284016251564026
1490,278,30308,521.4722290039062,746.3773193359375,406.2452392578125,410.64453125,0.8000521659851074
1491,278,19861,637.108642578125,277.570556640625,222.4515380859375,171.9814453125,0.7654235363006592
1492,278,36637,96.04501342773438,905.8526611328125,272.2187194824219,164.84814453125,0.7150943875312805
1493,28,35206,612.53857421875,142.454345703125,226.7978515625,402.53594970703125,0.8727434277534485
1494,28,25367,21.44989013671875,56.29498291015625,414.07025146484375,465.9217529296875,0.8494950532913208
1495,28,3483,562.232666015625,812.7933349609375,268.951171875,218.8455810546875,0.7552791833877563
1496,28,27777,177.16558837890625,811.5743408203125,176.921875,204.3936767578125,0.5948075652122498
1497,280,3832,431.03668212890625,274.52703857421875,393.214599609375,353.4281005859375,0.9314160943031311
1498,280,3351,401.3743896484375,859.74267578125,205.1885986328125,207.165771484375,0.8604941368103027
1499,286,30308,26.3529052734375,113.56024169921875,385.47369384765625,410.0926513671875,0.8460387587547302
1500,286,16262,574.6956787109375,186.53041076660156,238.262939453125,230.12290954589844,0.8261439800262451
1501,286,3483,530.4356079101562,778.3922729492188,275.164794921875,227.497314453125,0.7637872099876404
1502,286,27777,143.31979370117188,774.8262939453125,180.37393188476562,208.740966796875,0.6039746999740601
1503,287,16262,136.73634338378906,835.1024169921875,251.26072692871094,243.070556640625,0.8929656744003296
1504,287,30308,569.9981689453125,696.125,400.57421875,433.643310546875,0.8491392731666565
1505,287,3483,173.43943786621094,274.4614562988281,264.80641174316406,218.44354248046875,0.7595613598823547
1506,287,27777,636.384765625,289.38458251953125,179.55078125,199.160400390625,0.5792274475097656
1507,288,16262,602.143798828125,193.88589477539062,244.2491455078125,232.9686279296875,0.8670812845230103
1508,288,30308,41.41265869140625,128.2777099609375,394.47210693359375,421.85491943359375,0.8242344856262207
1509,288,3483,561.818359375,814.2706298828125,268.700439453125,219.889892578125,0.7487316131591797
1510,288,27777,176.93997192382812,812.685791015625,176.60345458984375,204.06298828125,0.5957576036453247
1511,289,25438,140.6030731201172,842.05908203125,264.31898498535156,257.8118896484375,0.8431468605995178
1512,289,22362,581.5369873046875,740.3043212890625,265.2109375,413.3568115234375,0.7878672480583191
1513,289,6192,94.72601318359375,47.5809326171875,280.90924072265625,533.972900390625,0.7803165912628174
1514,289,2483,592.5216674804688,84.88450622558594,260.322509765625,468.06959533691406,0.773686945438385
1515,29,35206,580.5123291015625,133.94219970703125,224.613525390625,393.3895263671875,0.8851913809776306
1516,29,25367,10.366943359375,44.49601745605469,402.73114013671875,460.21998596191406,0.8352392911911011
1517,29,3483,530.4616088867188,776.9501953125,275.96630859375,227.109375,0.7606521844863892
1518,29,27777,143.70956420898438,773.8696899414062,180.49227905273438,209.0499267578125,0.6009742021560669
1519,291,25438,527.3033447265625,171.83657836914062,258.02978515625,257.26123046875,0.8615864515304565
1520,291,22362,101.8883056640625,102.56280517578125,257.065673828125,400.1915283203125,0.812271237373352
1521,291,2483,73.27764892578125,651.765869140625,265.4745788574219,480.717529296875,0.8014142513275146
1522,291,6192,559.5746459960938,615.48193359375,290.1766357421875,538.77685546875,0.7729367613792419
1523,292,5886,112.62832641601562,82.25640869140625,235.9044189453125,476.43353271484375,0.9553145170211792
1524,292,12778,533.0802001953125,587.774169921875,334.8016357421875,513.7220458984375,0.9428415894508362
1525,292,25438,539.134033203125,176.11825561523438,256.854736328125,253.78192138671875,0.8431555032730103
1526,292,2483,62.44506072998047,661.8841552734375,213.33844757080078,486.2178955078125,0.7528629899024963
1527,295,20014,124.83453369140625,187.709716796875,349.61688232421875,322.415771484375,0.9575160145759583
1528,295,16232,640.1773681640625,295.76446533203125,197.317626953125,194.9661865234375,0.8605841994285583
1529,295,3351,404.4583435058594,856.2032470703125,205.30178833007812,205.9794921875,0.6923458576202393
1530,298,33208,156.9390869140625,232.87872314453125,208.17449951171875,199.9132080078125,0.9417640566825867
1531,298,16548,160.84375,774.753662109375,244.27752685546875,239.429443359375,0.8530593514442444
1532,298,31705,563.5,172.15260314941406,259.451171875,425.34349060058594,0.7882978320121765
1533,298,1900,683.157470703125,878.3748779296875,210.841552734375,133.42236328125,0.7200086712837219
1534,299,33208,609.4635009765625,846.6456298828125,216.654296875,205.104736328125,0.9338963031768799
1535,299,16548,556.0010986328125,244.24403381347656,237.79052734375,228.90391540527344,0.8809186816215515
1536,299,1900,86.93350219726562,259.37042236328125,202.07077026367188,129.5548095703125,0.7838823199272156
1537,299,31705,135.66912841796875,640.8477783203125,260.38677978515625,457.7685546875,0.7628968954086304
1538,3,24850,139.63937377929688,702.0278930664062,183.73519897460938,297.157470703125,0.9099077582359314
1539,3,16551,524.598876953125,59.21095275878906,395.630615234375,401.61094665527344,0.9080647826194763
1540,3,27926,564.58203125,627.692626953125,266.9630126953125,487.032470703125,0.8762115240097046
1541,3,1900,140.07659912109375,241.1556396484375,198.48907470703125,130.18304443359375,0.6923641562461853
1542,302,19232,93.89974975585938,631.6868896484375,284.27996826171875,327.395263671875,0.8965966105461121
1543,302,3351,304.4787902832031,153.26638793945312,196.4039306640625,202.0147705078125,0.8832330107688904
1544,302,36637,567.57275390625,710.8663330078125,238.345458984375,231.552978515625,0.6888185143470764
1545,304,4378,588.9935302734375,699.9532470703125,244.71240234375,468.76416015625,0.9119855165481567
1546,304,22627,102.49598693847656,139.1275177001953,318.53684997558594,499.62608337402344,0.8261928558349609
1547,304,3743,126.86865234375,808.9581298828125,347.347900390625,339.0029296875,0.8227556347846985
1548,304,2483,615.12158203125,65.19697570800781,202.614501953125,472.91929626464844,0.7332940697669983
1549,308,41768,562.6959228515625,603.5908203125,277.538818359375,297.747802734375,0.8897777199745178
1550,308,3351,284.92657470703125,200.3769073486328,195.3096923828125,198.99949645996094,0.8230242729187012
1551,308,36637,115.96621704101562,708.9249267578125,194.96636962890625,267.6895751953125,0.660173237323761
1552,31,3544,110.6220474243164,239.48553466796875,208.40251922607422,202.43243408203125,0.8910752534866333
1553,31,6563,193.63177490234375,716.0484619140625,223.55987548828125,361.861083984375,0.8525483012199402
1554,31,16551,584.8489990234375,48.55908203125,292.38916015625,483.41094970703125,0.7474156022071838
1555,31,12420,652.9903564453125,847.8873291015625,189.4208984375,181.8876953125,0.33854445815086365
1556,310,12247,616.2142944335938,322.02459716796875,175.7122802734375,184.03985595703125,0.9841920137405396
1557,310,16551,110.1746826171875,142.7957763671875,315.103759765625,453.60797119140625,0.8245708346366882
1558,310,4543,138.5953369140625,867.057373046875,215.91632080078125,212.81103515625,0.7689184546470642
1559,310,3544,652.15966796875,890.98095703125,219.214599609375,215.59765625,0.4560323655605316
1560,313,20877,36.929290771484375,754.373779296875,336.153564453125,251.2481689453125,0.8648404479026794
1561,313,34597,11.87884521484375,17.1468505859375,458.55535888671875,417.4560546875,0.8647223114967346
1562,313,29667,592.6942138671875,178.65802001953125,225.008056640625,219.5531005859375,0.8576593399047852
1563,313,3483,617.1019287109375,720.645751953125,211.76806640625,271.186279296875,0.8130989074707031
1564,315,34597,501.8056945800781,780.4691162109375,466.0475769042969,425.060302734375,0.8915150165557861
1565,315,20877,592.9363403320312,256.45477294921875,328.191162109375,243.58245849609375,0.8748794198036194
1566,315,29667,132.32765197753906,857.030517578125,234.40220642089844,230.4195556640625,0.867030918598175
1567,315,3483,145.09576416015625,286.651123046875,212.92108154296875,259.6512451171875,0.8039977550506592
1568,316,16548,166.86581420898438,791.172607421875,238.30291748046875,229.339599609375,0.8968057632446289
1569,316,3544,124.46066284179688,232.15335083007812,209.76583862304688,205.7213134765625,0.8820904493331909
1570,316,10221,630.2124633789062,197.77099609375,228.4537353515625,218.91424560546875,0.7374221086502075
1571,316,33009,561.9505615234375,810.544677734375,373.3306884765625,210.5885009765625,0.7203803658485413
1572,317,10221,124.37347412109375,842.4359130859375,232.92755126953125,229.466552734375,0.8976467847824097
1573,317,3544,657.738525390625,830.2462158203125,216.5048828125,215.81103515625,0.8731756210327148
1574,317,16548,591.59912109375,282.327880859375,231.32177734375,224.87109375,0.8480962514877319
1575,317,33009,77.67938232421875,267.18487548828125,366.461181640625,223.953369140625,0.7844721078872681
1576,32,16551,106.4598388671875,707.486083984375,301.43145751953125,499.064697265625,0.9117090702056885
1577,32,12420,163.91136169433594,278.7718200683594,185.23536682128906,179.51116943359375,0.9105258584022522
1578,32,6563,581.0864868164062,231.7420654296875,216.6629638671875,337.38232421875,0.7791882753372192
1579,32,3544,672.813232421875,826.7130126953125,216.432373046875,214.0755615234375,0.7178702354431152
1580,320,35206,627.2242431640625,161.41883850097656,221.61181640625,399.10227966308594,0.9093605279922485
1581,320,20877,84.4195556640625,724.4103393554688,338.26519775390625,239.454833984375,0.8950051069259644
1582,320,28763,134.25836181640625,194.4776611328125,210.58087158203125,201.7794189453125,0.8238138556480408
1583,320,3483,621.533447265625,715.447509765625,212.095947265625,272.784423828125,0.8116346001625061
1584,323,22347,653.9429931640625,874.9813232421875,216.195068359375,210.9208984375,0.902615487575531
1585,323,36637,149.0318603515625,801.7060546875,197.22296142578125,255.810791015625,0.7910008430480957
1586,323,27653,668.723876953125,253.856689453125,222.874267578125,200.24945068359375,0.7196821570396423
1587,323,3483,131.3131866455078,288.1295166015625,279.34410095214844,174.591064453125,0.7195297479629517
1588,324,22347,129.68801879882812,193.1486053466797,208.35397338867188,201.37660217285156,0.8976365923881531
1589,324,36637,641.4703369140625,207.55078125,191.25927734375,248.63397216796875,0.8290104866027832
1590,324,3483,588.0599365234375,844.5472412109375,282.4508056640625,168.131591796875,0.7233178615570068
1591,324,27653,95.74567413330078,854.597900390625,222.34722137451172,205.6279296875,0.6660818457603455
1592,325,16262,136.84800720214844,834.69140625,252.19154357910156,243.6396484375,0.8911228179931641
1593,325,31885,504.3193359375,702.111572265625,424.6380615234375,534.340576171875,0.8840072154998779
1594,325,3483,174.092041015625,275.3111572265625,264.45953369140625,217.6158447265625,0.7615852355957031
1595,325,27777,636.714111328125,289.700927734375,179.2015380859375,198.6998291015625,0.5659672617912292
1596,327,31885,89.35516357421875,17.99005126953125,423.55157470703125,523.1307983398438,0.8771965503692627
1597,327,16262,601.804931640625,193.71116638183594,244.86572265625,233.24745178222656,0.86520916223526
1598,327,3483,561.5191650390625,814.1258544921875,269.487060546875,219.259521484375,0.7474061250686646
1599,327,27777,176.76821899414062,812.596435546875,176.4754638671875,203.9814453125,0.5957266688346863
1600,328,27733,553.9849853515625,254.74644470214844,309.8907470703125,263.44813537597656,0.886401891708374
1601,328,31885,510.8961181640625,644.7811279296875,413.092529296875,534.283203125,0.8744783997535706
1602,328,3483,121.87841796875,307.9614562988281,275.7174072265625,201.4295654296875,0.7876647710800171
1603,328,36637,99.99826049804688,879.8289794921875,267.97412109375,178.595947265625,0.7762367129325867
1604,332,12420,82.33941650390625,824.3980712890625,190.69857788085938,184.4195556640625,0.9196878671646118
1605,332,16551,554.281005859375,539.162353515625,297.1588134765625,492.401123046875,0.9168844819068909
1606,332,4543,585.501708984375,166.28640747070312,207.053466796875,201.46429443359375,0.7810274362564087
1607,332,3544,122.85052490234375,139.0914306640625,206.4921875,201.70492553710938,0.6691265106201172
1608,334,20877,83.949462890625,724.3936767578125,338.7059326171875,239.533203125,0.8937491774559021
1609,334,16232,624.0721435546875,220.5332794189453,192.394287109375,186.05015563964844,0.8445820808410645
1610,334,22347,143.4588623046875,221.78851318359375,205.68850708007812,198.1939697265625,0.8430278301239014
1611,334,3483,620.8875122070312,715.5572509765625,211.8731689453125,272.7587890625,0.8145105242729187
1612,335,20877,538.5921020507812,292.7322998046875,334.9970703125,236.501708984375,0.8693572282791138
1613,335,16232,133.831787109375,844.43408203125,198.25692749023438,196.5435791015625,0.8557102680206299
1614,335,3483,141.15982055664062,289.421630859375,212.54000854492188,259.69085693359375,0.7959717512130737
1615,335,22347,620.5352783203125,838.8031005859375,215.386474609375,208.367431640625,0.7610953450202942
1616,336,20877,116.58470153808594,768.879150390625,335.32301330566406,232.1025390625,0.8810152411460876
1617,336,16232,652.5548095703125,229.03594970703125,197.5628662109375,183.67474365234375,0.8582869172096252
1618,336,22347,163.2586669921875,230.7042236328125,208.3004150390625,201.810546875,0.8582850694656372
1619,336,3483,648.720703125,749.3685302734375,209.65771484375,270.06201171875,0.8097727298736572
1620,337,22347,638.8143310546875,834.2264404296875,215.40625,210.63427734375,0.899988055229187
1621,337,25469,570.6121826171875,183.31204223632812,339.1826171875,289.8626708984375,0.8018024563789368
1622,337,36637,128.73419189453125,828.0850830078125,184.44775390625,265.009521484375,0.771265983581543
1623,337,3483,125.47225952148438,271.6859130859375,273.3238525390625,187.9033203125,0.7372357845306396
1624,338,22347,123.7996826171875,223.4351806640625,207.69979858398438,198.93450927734375,0.8709765672683716
1625,338,25469,47.85552978515625,787.5804443359375,352.75897216796875,303.1976318359375,0.827031135559082
1626,338,36637,644.3897705078125,168.58050537109375,172.9346923828125,248.68170166015625,0.8052617311477661
1627,338,3483,569.7481689453125,812.5353393554688,284.255126953125,191.81640625,0.726237952709198
1628,339,22347,142.45553588867188,233.76934814453125,209.65762329101562,201.00933837890625,0.8643189668655396
1629,339,25469,86.16775512695312,827.9898681640625,345.1217041015625,306.520263671875,0.8340511322021484
1630,339,36637,671.084716796875,170.144775390625,179.2734375,258.59002685546875,0.8124523758888245
1631,339,3483,600.4381103515625,843.32666015625,279.580078125,191.45166015625,0.726948618888855
1632,340,20238,570.9393310546875,189.6817626953125,227.528564453125,216.604248046875,0.8456387519836426
1633,340,34597,34.8604736328125,80.63446044921875,394.2994079589844,475.15802001953125,0.8199281096458435
1634,340,3483,530.7578125,778.8654174804688,275.71044921875,226.4454345703125,0.7661092877388
1635,340,27777,143.66424560546875,774.9193115234375,181.10293579101562,209.330078125,0.6010091304779053
1636,341,20238,600.5271606445312,195.0751953125,230.126220703125,217.58074951171875,0.8420931696891785
1637,341,34597,49.833587646484375,112.44012451171875,400.24578857421875,465.37518310546875,0.8350034952163696
1638,341,3483,562.9482421875,814.8433837890625,268.207763671875,219.614501953125,0.7499101161956787
1639,341,27777,177.72024536132812,812.8789672851562,176.391357421875,204.043701171875,0.5961002707481384
1640,344,16262,602.5906982421875,194.04891967773438,244.224365234375,232.79034423828125,0.8576064705848694
1641,344,3483,561.8865966796875,814.320068359375,268.991943359375,219.63720703125,0.7439073920249939
1642,344,27777,176.833251953125,813.0964965820312,176.78961181640625,203.97021484375,0.5982344746589661
1643,345,16262,574.9039306640625,186.0482177734375,238.5762939453125,230.2735595703125,0.8427152037620544
1644,345,3483,530.4561767578125,778.7315063476562,275.43701171875,226.541748046875,0.7693294286727905
1645,345,27777,143.06149291992188,774.91162109375,180.83056640625,208.91796875,0.6042990684509277
1646,345,27653,137.051025390625,184.26605224609375,209.70468139648438,202.16650390625,0.32731667160987854
1647,346,25367,139.93463134765625,49.09284973144531,357.0888671875,506.51597595214844,0.8338949680328369
1648,346,16232,642.539306640625,250.051025390625,188.55419921875,183.46148681640625,0.827457845211029
1649,346,3483,564.33984375,812.3443603515625,268.468505859375,218.54541015625,0.7617321014404297
1650,346,27777,178.01145935058594,811.669921875,177.79750061035156,204.6978759765625,0.58668452501297
1651,347,25367,124.08053588867188,39.20855712890625,349.02166748046875,496.82098388671875,0.8078494071960449
1652,347,16232,613.27685546875,239.48931884765625,185.59912109375,183.58685302734375,0.7908840179443359
1653,347,3483,532.0224609375,776.6546630859375,275.4227294921875,226.37451171875,0.7656565308570862
1654,347,27777,144.79226684570312,773.9180297851562,180.72705078125,208.9908447265625,0.5966195464134216
1655,349,34597,10.111572265625,132.87255859375,438.80780029296875,427.7403564453125,0.8799374103546143
1656,349,35206,612.3427124023438,142.423583984375,226.96240234375,401.915283203125,0.8728974461555481
1657,349,3483,564.03759765625,811.9022216796875,268.6474609375,219.445068359375,0.7603517174720764
1658,349,27777,177.9342041015625,811.9365234375,177.77294921875,204.2061767578125,0.5879500508308411
1659,352,19552,108.92523193359375,177.43138122558594,338.13238525390625,487.19862365722656,0.887270450592041
1660,352,2483,637.437255859375,118.10247802734375,209.7333984375,469.15106201171875,0.7964332103729248
1661,352,22362,613.5137939453125,775.2877197265625,268.430908203125,427.74267578125,0.7799429893493652
1662,352,5094,136.09347534179688,854.553466796875,293.55126953125,291.390869140625,0.6858165264129639
1663,355,23223,530.2553100585938,587.596923828125,317.4010009765625,507.237548828125,0.9636978507041931
1664,355,5094,544.215087890625,188.9703369140625,279.68212890625,271.56396484375,0.8260370492935181
1665,355,2483,53.81621551513672,699.2528076171875,254.18824005126953,483.329345703125,0.749346137046814
1666,355,12081,69.56037139892578,118.1025390625,233.13518524169922,440.156494140625,0.6143528819084167
1667,356,23223,92.79293823242188,107.43898010253906,309.2193908691406,503.42295837402344,0.9680993556976318
1668,356,5094,103.653076171875,800.0718994140625,284.746337890625,277.124267578125,0.8044638633728027
1669,356,2483,627.7701416015625,31.03692626953125,242.968017578125,481.92401123046875,0.7466332912445068
1670,356,12081,638.37890625,688.47802734375,242.2615966796875,451.2637939453125,0.670697808265686
1671,359,29667,628.907470703125,163.27880859375,224.9111328125,218.35858154296875,0.8669694066047668
1672,359,31885,77.30241394042969,42.09124755859375,381.89649963378906,536.2265014648438,0.8366862535476685
1673,359,3483,558.8875732421875,813.384033203125,269.995361328125,219.0518798828125,0.7435940504074097
1674,359,27777,175.57272338867188,810.1787109375,175.91485595703125,204.509765625,0.5981423854827881
1675,361,18147,205.4459991455078,171.93031311035156,234.30332946777344,408.61839294433594,0.9004114866256714
1676,361,16262,645.5028076171875,287.9154052734375,242.3857421875,237.0802001953125,0.8954336047172546
1677,361,3351,421.91790771484375,874.2117919921875,202.893310546875,204.9605712890625,0.5243130922317505
1678,364,35206,103.94744873046875,250.2872772216797,354.11083984375,333.13258361816406,0.9771221280097961
1679,364,32310,580.0577392578125,165.1693115234375,257.527099609375,343.76043701171875,0.6881653666496277
1680,364,3351,397.63885498046875,847.0985107421875,208.32879638671875,209.8116455078125,0.6595743894577026
1681,372,25469,47.06256103515625,856.4560546875,379.95343017578125,219.961181640625,0.8864423632621765
1682,372,34597,14.197113037109375,139.30462646484375,457.7256164550781,418.23529052734375,0.8705146312713623
1683,372,16262,571.93212890625,195.84080505371094,244.9306640625,232.01295471191406,0.8583976626396179
1684,372,3483,600.4832763671875,842.632080078125,278.815673828125,191.4129638671875,0.7203786373138428
1685,374,20877,72.039794921875,800.0732421875,330.80023193359375,243.11962890625,0.8892239332199097
1686,374,29667,622.5543823242188,183.4470977783203,228.0433349609375,219.55857849121094,0.8625572919845581
1687,374,25367,101.1314697265625,25.721633911132812,418.8779296875,478.89512634277344,0.8582364320755005
1688,374,3483,644.353271484375,754.697509765625,211.692138671875,268.7176513671875,0.8043401837348938
1689,379,16688,438.94207763671875,144.27442932128906,495.4520263671875,477.78160095214844,0.9689341187477112
1690,379,31863,135.66973876953125,315.23419189453125,210.3828125,209.50408935546875,0.9111072421073914
1691,379,3351,457.11767578125,852.61474609375,201.99072265625,206.2620849609375,0.5285108089447021
1692,38,35206,621.96533203125,161.92185974121094,218.85400390625,397.27613830566406,0.9051031470298767
1693,38,20877,84.18704223632812,723.98046875,337.8333740234375,239.713134765625,0.8901821374893188
1694,38,31885,115.4921875,21.07183837890625,418.71807861328125,517.7225341796875,0.8660092353820801
1695,38,3483,621.0346069335938,715.5118408203125,211.436767578125,272.44677734375,0.8142050504684448
1696,380,16688,0.0,544.4302978515625,502.0408935546875,530.8126220703125,0.9630488157272339
1697,380,31863,593.0732421875,714.2430419921875,216.9638671875,215.067626953125,0.9165173172950745
1698,380,3351,282.46258544921875,176.28305053710938,194.4869384765625,197.33160400390625,0.8589403629302979
1699,382,5886,603.4817504882812,696.51708984375,253.189208984375,509.9866943359375,0.9653841257095337
1700,382,2483,595.3316650390625,102.94837951660156,288.235107421875,454.95481872558594,0.7863360047340393
1701,382,3743,72.00692749023438,810.302978515625,340.99560546875,333.479248046875,0.7585324645042419
1702,382,12778,91.82345581054688,113.091064453125,387.0345458984375,474.75732421875,0.44039449095726013
1703,384,5886,592.0802001953125,694.7010498046875,250.4521484375,493.8092041015625,0.9675818085670471
1704,384,3743,71.12979125976562,798.302001953125,334.80413818359375,323.163818359375,0.7722872495651245
1705,384,2483,607.883056640625,78.8140869140625,280.5498046875,457.525146484375,0.7480056881904602
1706,384,12778,90.010009765625,85.22900390625,387.80804443359375,465.5806884765625,0.6225626468658447
1707,387,31885,494.1370849609375,654.5682373046875,436.516357421875,520.66650390625,0.888350248336792
1708,387,20238,131.444091796875,866.861083984375,235.51422119140625,229.591796875,0.8555593490600586
1709,387,3483,131.28448486328125,288.0870361328125,278.81500244140625,175.216796875,0.7199298143386841
1710,387,27653,666.7769775390625,253.9365692138672,224.2088623046875,200.83680725097656,0.7101240158081055
1711,389,20877,83.93670654296875,723.914794921875,337.60760498046875,240.14404296875,0.8917109966278076
1712,389,34597,23.706436157226562,119.7176513671875,454.32151794433594,431.82843017578125,0.8713811635971069
1713,389,16262,600.0054931640625,185.22071838378906,238.169189453125,230.89122009277344,0.8587557673454285
1714,389,3483,619.9019775390625,716.3284301757812,212.3131103515625,272.61865234375,0.8101144433021545
1715,390,20877,115.41893005371094,769.3946533203125,334.76844787597656,230.7825927734375,0.8806565999984741
1716,390,34597,39.56932067871094,150.4776611328125,461.75746154785156,423.34161376953125,0.8749995231628418
1717,390,16262,629.596435546875,192.27401733398438,242.770263671875,234.0052490234375,0.8356738686561584
1718,390,3483,648.1510009765625,750.2178955078125,209.505859375,270.4097900390625,0.8089693188667297
1719,392,33208,657.4459228515625,899.153076171875,219.6298828125,212.186767578125,0.942406177520752
1720,392,16551,111.58612060546875,694.79931640625,299.58758544921875,502.924072265625,0.7758135199546814
1721,392,21026,682.0496215820312,271.95635986328125,181.4990234375,175.2298583984375,0.739274263381958
1722,392,1900,187.03277587890625,272.68426513671875,204.60833740234375,138.3402099609375,0.7304036617279053
1723,393,33208,108.16424560546875,159.76934814453125,210.91165161132812,197.696533203125,0.9182556867599487
1724,393,16551,547.398681640625,50.69439697265625,289.025146484375,463.61865234375,0.9167313575744629
1725,393,21026,89.61630249023438,831.3582763671875,185.10293579101562,181.782958984375,0.7342343330383301
1726,393,1900,577.9641723632812,867.003173828125,215.394287109375,144.603271484375,0.7138819694519043
1727,394,20238,137.8961944580078,849.416015625,234.90464782714844,227.44482421875,0.8743345737457275
1728,394,28763,602.859375,856.7242431640625,224.9482421875,215.9296875,0.8677427768707275
1729,394,25469,569.4661865234375,231.44517517089844,375.330810546875,220.91957092285156,0.7911064624786377
1730,394,3483,124.2647705078125,272.07177734375,274.0791015625,189.656494140625,0.7337359189987183
1731,395,25469,46.807891845703125,856.7176513671875,379.86004638671875,219.902587890625,0.8868072032928467
1732,395,28763,170.9013214111328,208.52410888671875,217.07530212402344,204.52392578125,0.8387234807014465
1733,395,20238,615.7469482421875,193.85772705078125,230.32373046875,220.3465576171875,0.8239234089851379
1734,395,3483,600.7784423828125,842.7359619140625,278.337646484375,191.3546142578125,0.7338867783546448
1735,396,25469,11.7740478515625,812.412353515625,385.9493103027344,225.421875,0.884895384311676
1736,396,28763,150.94085693359375,197.12380981445312,214.514892578125,205.82476806640625,0.8569064140319824
1737,396,20238,586.0060424804688,188.775146484375,226.7481689453125,216.2830810546875,0.8439100980758667
1738,396,3483,570.2637939453125,811.44921875,284.4425048828125,192.469482421875,0.7247568964958191
1739,4,24850,600.704345703125,254.30868530273438,289.8526611328125,161.59423828125,0.9403334259986877
1740,4,16551,130.8621368408203,652.149658203125,301.41722106933594,491.3216552734375,0.9122182130813599
1741,4,29345,114.6226806640625,154.21209716796875,281.51177978515625,414.43084716796875,0.7579042911529541
1742,4,1900,682.8154296875,807.3193359375,134.40478515625,211.2572021484375,0.6292576789855957
1743,40,29667,120.30075073242188,837.6500244140625,230.7994384765625,228.34033203125,0.8640629053115845
1744,40,31885,616.9208984375,609.786865234375,350.07080078125,561.3311767578125,0.8326933979988098
1745,40,3483,156.91940307617188,213.75425720214844,252.176025390625,222.78517150878906,0.8233885765075684
1746,40,19861,645.94287109375,278.04095458984375,220.694580078125,172.1536865234375,0.788196861743927
1747,400,33208,611.6866455078125,770.5130615234375,215.933837890625,207.280029296875,0.9350446462631226
1748,400,16548,601.3187255859375,124.29898071289062,234.39404296875,226.23330688476562,0.8926048874855042
1749,400,1900,133.63735961914062,244.70053100585938,194.68646240234375,158.2886962890625,0.8346443176269531
1750,400,33009,17.737030029296875,777.675048828125,364.6300048828125,237.678955078125,0.771978497505188
1751,401,33208,151.8584442138672,294.04412841796875,208.56983947753906,199.384765625,0.9218367338180542
1752,401,16548,109.82562255859375,896.47802734375,247.8531494140625,244.4808349609375,0.8801210522651672
1753,401,1900,641.2889404296875,857.39697265625,207.110595703125,168.21826171875,0.7817739248275757
1754,401,33009,586.0758056640625,241.1879119873047,362.13232421875,235.35035705566406,0.7408012747764587
1755,404,35206,429.2402038574219,697.3946533203125,427.4038391113281,236.832763671875,0.9862577319145203
1756,404,18147,14.5936279296875,586.7861328125,290.5692138671875,424.6781005859375,0.9228314757347107
1757,404,3351,350.5704345703125,138.3009033203125,199.11456298828125,201.94424438476562,0.6395718455314636
1758,409,16551,8.148651123046875,728.976806640625,472.7958984375,323.2142333984375,0.8793713450431824
1759,409,1900,134.75863647460938,242.75575256347656,190.65341186523438,165.49742126464844,0.8378801345825195
1760,409,33009,512.87255859375,792.9539794921875,387.322509765625,210.185546875,0.8053574562072754
1761,41,29667,636.2161865234375,205.00018310546875,226.004638671875,217.8590087890625,0.8633708357810974
1762,41,19861,116.18917846679688,864.6868896484375,223.53573608398438,170.65087890625,0.8525823354721069
1763,41,3483,590.5067138671875,872.8656005859375,262.8173828125,230.734375,0.7989193201065063
1764,41,31885,53.18524169921875,84.45367431640625,331.2015380859375,555.7351684570312,0.7977890372276306
1765,411,33009,84.50146484375,255.5200958251953,376.30804443359375,211.84410095214844,0.8317116498947144
1766,411,16551,492.57470703125,196.21377563476562,461.1025390625,314.86212158203125,0.8263745903968811
1767,411,1900,645.3433837890625,852.526611328125,201.9296875,177.6173095703125,0.7875773906707764
1768,412,19552,115.7950439453125,185.15594482421875,313.69573974609375,503.71551513671875,0.8774425387382507
1769,412,5094,104.806640625,808.44189453125,292.18353271484375,290.544921875,0.7590269446372986
1770,412,2483,625.748291015625,63.41522216796875,230.842529296875,475.478271484375,0.7394282817840576
1771,412,12081,645.4947509765625,691.0594482421875,251.2337646484375,469.0377197265625,0.6703925132751465
1772,413,19552,111.26434326171875,160.77197265625,315.9482421875,495.32568359375,0.8925009369850159
1773,413,5094,103.82843017578125,799.9591064453125,284.95428466796875,277.0758056640625,0.7718858122825623
1774,413,2483,627.30029296875,30.99176025390625,245.9388427734375,482.25469970703125,0.7494165301322937
1775,413,12081,638.2330322265625,688.4930419921875,242.4176025390625,451.4588623046875,0.6729604601860046
1776,414,19552,507.474365234375,550.7620849609375,324.385009765625,498.5587158203125,0.9140839576721191
1777,414,5094,543.8536376953125,188.94053649902344,280.142822265625,272.26502990722656,0.8380664587020874
1778,414,2483,49.25439453125,699.15625,261.6019592285156,483.0313720703125,0.745699405670166
1779,414,12081,69.11618041992188,117.793212890625,233.71853637695312,440.533203125,0.6058987975120544
1780,415,31885,94.10992431640625,84.2432861328125,334.8743896484375,554.513671875,0.8466439843177795
1781,415,19861,123.30810546875,864.583740234375,224.2613525390625,170.85009765625,0.843347430229187
1782,415,16262,637.89794921875,176.21792602539062,244.0419921875,234.77227783203125,0.8422879576683044
1783,415,3483,599.5389404296875,868.89013671875,260.63134765625,229.1373291015625,0.8114286661148071
1784,416,19861,88.51678466796875,826.326904296875,229.5908203125,177.36474609375,0.844829261302948
1785,416,3483,570.0516357421875,837.3409423828125,266.0751953125,231.346435546875,0.8286170959472656
1786,416,31885,78.210693359375,70.779296875,327.05279541015625,535.2947998046875,0.8240771293640137
1787,416,16262,608.71728515625,170.63681030273438,239.5535888671875,232.9295654296875,0.7996622920036316
1788,417,16262,101.11727905273438,851.87646484375,250.69204711914062,240.709228515625,0.8757695555686951
1789,417,31885,563.798828125,611.8460693359375,339.396240234375,552.833251953125,0.8534421324729919
1790,417,3483,149.17620849609375,217.61434936523438,252.74481201171875,222.57366943359375,0.8322513103485107
1791,417,19861,637.11962890625,277.49212646484375,222.4168701171875,172.5145263671875,0.7738348245620728
1792,419,25367,540.7186279296875,728.8797607421875,429.730712890625,447.491943359375,0.8841738104820251
1793,419,27733,559.8160400390625,257.256103515625,309.233642578125,272.9925537109375,0.8818269371986389
1794,419,20238,111.61196899414062,854.5794677734375,235.83468627929688,227.614501953125,0.8579025268554688
1795,419,3483,123.03167724609375,306.673095703125,272.4515380859375,201.82794189453125,0.7916433811187744
1796,42,29667,607.3718872070312,198.91253662109375,221.8389892578125,217.0665283203125,0.8612855672836304
1797,42,19861,81.60628509521484,825.68115234375,228.28070831298828,177.981689453125,0.8569948077201843
1798,42,31885,33.93341064453125,63.4876708984375,321.53570556640625,544.616943359375,0.820803701877594
1799,42,3483,562.522216796875,840.2686767578125,265.09423828125,234.4510498046875,0.8010784387588501
1800,420,27733,85.84698486328125,725.5477294921875,324.74505615234375,281.794921875,0.8703984022140503
1801,420,25367,11.29937744140625,60.86503601074219,425.738037109375,436.68507385253906,0.867905855178833
1802,420,20238,612.00634765625,184.58380126953125,223.710693359375,217.02777099609375,0.825749397277832
1803,420,3483,573.6918334960938,760.322265625,280.107666015625,208.4332275390625,0.8059524893760681
1804,422,3483,150.94537353515625,216.8828125,252.4295654296875,222.4892578125,0.8339571952819824
1805,422,19861,638.98046875,277.5732421875,222.3463134765625,172.31494140625,0.7678651213645935
1806,422,36637,95.82968139648438,904.69580078125,272.66546630859375,165.362060546875,0.7101371884346008
1807,422,34597,557.6800537109375,690.47509765625,357.08642578125,526.436279296875,0.696210503578186
1808,423,19861,86.7353515625,825.9761962890625,230.1142578125,177.371826171875,0.8435876965522766
1809,423,3483,568.8067016601562,838.15380859375,265.6087646484375,231.151123046875,0.8232995271682739
1810,423,34597,78.81268310546875,15.335800170898438,336.68304443359375,495.31300354003906,0.7969460487365723
1811,423,36637,589.881103515625,194.35594177246094,259.1329345703125,155.30152893066406,0.7850523591041565
1812,429,29667,667.038330078125,178.68841552734375,226.8636474609375,217.61810302734375,0.8640191555023193
1813,429,34597,65.05921936035156,156.06304931640625,505.03733825683594,356.9129638671875,0.8612765669822693
1814,429,27733,129.87124633789062,776.6951904296875,315.70050048828125,280.38623046875,0.8489497303962708
1815,429,3483,604.8968505859375,791.238525390625,275.3291015625,206.33447265625,0.7976126074790955
1816,430,33878,614.9740600585938,793.3787841796875,168.949951171875,220.359375,0.9556846618652344
1817,430,16551,70.55488586425781,605.49853515625,411.79331970214844,414.44677734375,0.916171669960022
1818,430,4543,610.081298828125,153.28936767578125,205.17529296875,200.587890625,0.6850773096084595
1819,430,3544,179.568359375,197.9046630859375,210.0084228515625,202.37213134765625,0.31625625491142273
1820,431,33878,643.8206787109375,831.3233642578125,164.444091796875,215.7679443359375,0.9554662704467773
1821,431,16551,103.675537109375,656.0257568359375,410.8665771484375,406.6678466796875,0.9139883518218994
1822,431,3544,198.82318115234375,204.87802124023438,211.6146240234375,205.60321044921875,0.7817678451538086
1823,431,4543,638.38818359375,152.91244506835938,210.5390625,204.7529296875,0.7788087129592896
1824,432,33878,190.67575073242188,256.16229248046875,164.423095703125,217.1148681640625,0.9510971307754517
1825,432,3544,579.8917236328125,857.989013671875,218.1396484375,215.366455078125,0.886347770690918
1826,432,4543,133.57562255859375,905.1590576171875,215.21868896484375,212.9600830078125,0.8107480406761169
1827,432,16551,489.2353515625,226.57403564453125,401.4443359375,388.87335205078125,0.677503764629364
1828,433,27733,86.6861572265625,723.59326171875,321.4825134277344,283.58154296875,0.8629474639892578
1829,433,16232,617.4927978515625,177.0269012451172,190.751220703125,185.82386779785156,0.8371723890304565
1830,433,3483,573.8768310546875,760.7457275390625,279.741943359375,207.9169921875,0.8093715310096741
1831,433,30308,92.42880249023438,104.34185791015625,360.34967041015625,425.88287353515625,0.7997450232505798
1832,434,27733,560.1026611328125,257.35626220703125,308.868896484375,271.21502685546875,0.8767095804214478
1833,434,16232,139.77203369140625,890.4232177734375,201.24822998046875,196.4156494140625,0.8669942617416382
1834,434,30308,533.2161254882812,687.3780517578125,374.0611572265625,455.2864990234375,0.8653109073638916
1835,434,3483,123.2098388671875,306.707275390625,272.7921142578125,201.5450439453125,0.7987412214279175
1836,435,27733,120.25860595703125,769.5850830078125,319.2724609375,278.119873046875,0.8314207196235657
1837,435,16232,645.5781860351562,184.1767578125,196.1510009765625,182.7503662109375,0.8155286908149719
1838,435,30308,106.10784912109375,117.60223388671875,367.23846435546875,440.271240234375,0.8039224743843079
1839,435,3483,604.21630859375,791.5074462890625,275.017578125,207.970703125,0.7934966087341309
1840,436,31885,35.984344482421875,134.6376953125,455.45257568359375,485.04547119140625,0.906404435634613
1841,436,25469,47.05194091796875,856.5477294921875,379.594482421875,219.869873046875,0.8850077390670776
1842,436,20238,615.7650146484375,194.23187255859375,229.804443359375,220.142333984375,0.8349685072898865
1843,436,3483,600.851318359375,842.67236328125,278.7965087890625,190.9619140625,0.7346240282058716
1844,44,13900,573.5667724609375,671.9166870117188,187.5316162109375,266.0504150390625,0.9432889223098755
1845,44,29667,90.0577392578125,722.588134765625,237.250732421875,234.548095703125,0.8998311161994934
1846,44,3351,363.58984375,147.4610595703125,196.59429931640625,200.33782958984375,0.8583457469940186
1847,443,4378,72.5726318359375,96.42396545410156,234.69451904296875,445.53404235839844,0.9427976608276367
1848,443,25438,561.268310546875,185.4530029296875,256.5029296875,254.998779296875,0.8729012608528137
1849,443,2483,84.17986297607422,671.8857421875,248.79486846923828,472.77001953125,0.790979266166687
1850,443,22627,526.9813232421875,673.007568359375,353.4852294921875,490.694580078125,0.7737464308738708
1851,444,4378,648.179931640625,705.91357421875,233.006591796875,475.40283203125,0.941421627998352
1852,444,25438,108.26300048828125,841.2894287109375,266.97454833984375,267.233642578125,0.8722498416900635
1853,444,22627,75.16897583007812,65.26025390625,338.9271240234375,491.487060546875,0.8275206089019775
1854,444,2483,597.8603515625,93.3936767578125,252.8060302734375,466.790771484375,0.8043994307518005
1855,449,16262,622.6004638671875,181.5446319580078,241.29736328125,233.74156188964844,0.8198783993721008
1856,449,34597,46.0528564453125,128.9654541015625,377.6732177734375,478.88946533203125,0.7999526858329773
1857,449,3483,587.578125,844.6851806640625,283.037841796875,167.9705810546875,0.7268189191818237
1858,449,27653,95.65277862548828,853.9796142578125,222.27086639404297,205.047607421875,0.6596944332122803
1859,452,29451,510.0086669921875,242.01022338867188,412.079833984375,224.78106689453125,0.8753020763397217
1860,452,44199,176.7540740966797,232.91607666015625,200.02455139160156,263.73211669921875,0.8504314422607422
1861,452,16551,139.94171142578125,630.223388671875,316.1021728515625,493.3834228515625,0.6491771340370178
1862,452,1900,642.7847900390625,843.401123046875,190.556396484375,194.32763671875,0.6461079120635986
1863,454,5886,125.2406005859375,83.00752258300781,235.3526611328125,476.69322204589844,0.960364580154419
1864,454,6192,477.19970703125,589.572265625,318.4356689453125,534.3282470703125,0.8876336216926575
1865,454,5094,556.0111083984375,194.5059356689453,279.552978515625,270.14109802246094,0.8211597800254822
1866,454,2483,103.01062774658203,704.005615234375,234.64568328857422,483.114501953125,0.7198971509933472
1867,455,5886,578.1016845703125,681.3497314453125,244.1669921875,490.428466796875,0.959346354007721
1868,455,6192,143.86813354492188,84.8876953125,306.93804931640625,526.7374267578125,0.8803831934928894
1869,455,2483,594.1759033203125,21.38555908203125,227.39794921875,487.42376708984375,0.7635065317153931
1870,455,5094,91.07489013671875,791.97021484375,283.9090576171875,280.4151611328125,0.6967464089393616
1871,456,5886,584.7796630859375,683.1500244140625,253.59326171875,501.978759765625,0.9650508761405945
1872,456,6192,145.52247619628906,113.66162109375,305.28892517089844,528.1954345703125,0.894493818283081
1873,456,2483,593.9207763671875,59.43682861328125,215.610107421875,473.9576416015625,0.7681531310081482
1874,456,5094,92.4935302734375,803.6561279296875,287.7928771972656,287.9002685546875,0.7261525988578796
1875,457,13395,626.745361328125,677.3963623046875,241.87646484375,494.3817138671875,0.9501842856407166
1876,457,6192,108.980224609375,155.29791259765625,292.42718505859375,532.0405883789062,0.8142526149749756
1877,457,2483,634.513916015625,61.07965087890625,221.090576171875,487.04888916015625,0.8050717115402222
1878,457,5094,132.88397216796875,831.567626953125,285.03375244140625,277.9344482421875,0.5462536215782166
1879,458,13395,635.138427734375,675.80810546875,250.596435546875,513.0340576171875,0.9565640091896057
1880,458,2483,623.4025268554688,94.50230407714844,231.692138671875,475.33924865722656,0.8479947447776794
1881,458,6192,109.99710083007812,177.89031982421875,289.66064453125,536.1861572265625,0.8427485823631287
1882,458,5094,133.64369201660156,839.934814453125,291.68260192871094,291.5052490234375,0.6736237406730652
1883,459,13395,77.57382202148438,86.2366943359375,239.80856323242188,481.4739990234375,0.952518105506897
1884,459,6192,532.8862915039062,516.7706298828125,290.5350341796875,529.4462890625,0.8401642441749573
1885,459,5094,515.7655029296875,158.29885864257812,279.446533203125,274.959716796875,0.7479326725006104
1886,459,2483,78.08059692382812,662.239501953125,224.58245849609375,482.803955078125,0.41663578152656555
1887,46,23223,95.75758361816406,108.7137451171875,321.10508728027344,503.35009765625,0.9680818319320679
1888,46,3743,115.4107666015625,784.26513671875,336.06427001953125,323.634521484375,0.7989306449890137
1889,46,2483,584.0437622070312,66.69075012207031,254.6591796875,486.96141052246094,0.7704354524612427
1890,46,12081,598.00146484375,704.81787109375,240.5302734375,456.945068359375,0.5677372217178345
1891,460,23223,494.4835205078125,582.9599609375,309.586181640625,512.6943359375,0.9586328864097595
1892,460,22362,81.27069091796875,114.89425659179688,260.37286376953125,396.05682373046875,0.8378456830978394
1893,460,3743,482.9609680175781,123.526123046875,324.5473327636719,309.65216064453125,0.7638933658599854
1894,460,2483,91.65221405029297,663.7696533203125,211.24689483642578,486.860107421875,0.7215985655784607
1895,462,23223,133.5130615234375,147.74530029296875,304.8468017578125,502.42230224609375,0.9676064252853394
1896,462,3743,118.08502197265625,835.7415771484375,346.33648681640625,335.842529296875,0.8190315365791321
1897,462,22362,606.1793212890625,730.574951171875,280.89892578125,424.32275390625,0.8101020455360413
1898,462,2483,625.6286010742188,91.8428955078125,208.4639892578125,477.86846923828125,0.7857646942138672
1899,463,20238,132.52890014648438,867.2908935546875,234.550048828125,230.0030517578125,0.8628716468811035
1900,463,28763,622.429931640625,871.7352294921875,222.940673828125,216.1217041015625,0.7465060353279114
1901,463,3483,130.55755615234375,288.03680419921875,279.012451171875,175.2318115234375,0.7178190350532532
1902,463,27653,666.4661865234375,253.40911865234375,223.051025390625,200.4752197265625,0.717340886592865
1903,464,20238,590.40478515625,171.06509399414062,225.11328125,215.325927734375,0.8624541759490967
1904,464,28763,137.05160522460938,184.176025390625,210.06259155273438,200.9017333984375,0.8334158658981323
1905,464,3483,561.9093017578125,811.8309326171875,284.1103515625,175.0914306640625,0.7179872989654541
1906,464,27653,62.743080139160156,811.1497802734375,228.07842254638672,212.526123046875,0.6628943085670471
1907,465,20238,621.0003662109375,174.10964965820312,228.17578125,219.76251220703125,0.8749906420707703
1908,465,28763,154.08340454101562,192.07913208007812,215.19921875,203.2159423828125,0.847257137298584
1909,465,3483,591.7022705078125,843.58056640625,279.0296630859375,169.70068359375,0.727580189704895
1910,465,27653,97.61048126220703,854.6273193359375,222.48961639404297,205.9580078125,0.6588926315307617
1911,468,23223,105.4771728515625,112.74932861328125,318.02301025390625,505.329345703125,0.9645877480506897
1912,468,25438,153.04299926757812,869.1658935546875,269.74468994140625,270.3563232421875,0.8284426331520081
1913,468,22362,600.2838134765625,742.509033203125,274.06787109375,424.128173828125,0.8014525771141052
1914,468,2483,597.980712890625,109.72760009765625,210.89208984375,477.2518310546875,0.7614203691482544
1915,469,35206,596.6116943359375,121.56353759765625,261.496826171875,396.73358154296875,0.8742613792419434
1916,469,28763,147.21543884277344,220.2528076171875,216.79225158691406,203.40924072265625,0.8360605239868164
1917,469,27733,121.06817626953125,769.996337890625,319.4002685546875,278.436767578125,0.8282679915428162
1918,469,3483,604.640625,791.814697265625,275.1397705078125,207.46337890625,0.7972542643547058
1919,47,23223,516.2012939453125,585.7113037109375,323.849365234375,507.382080078125,0.9592339992523193
1920,47,2483,91.58462524414062,666.28076171875,256.5956115722656,480.642822265625,0.775477945804596
1921,47,12081,107.07369995117188,105.40425109863281,235.33322143554688,433.64756774902344,0.6211138963699341
1922,47,3743,486.3617248535156,162.74464416503906,325.0839538574219,306.96885681152344,0.5415461659431458
1923,472,16548,625.7488403320312,144.82720947265625,239.384521484375,231.853759765625,0.8973879218101501
1924,472,6563,186.10574340820312,708.808837890625,225.6031494140625,359.505859375,0.8074287176132202
1925,472,3544,147.4061279296875,189.99371337890625,211.5433349609375,204.54168701171875,0.586243212223053
1926,472,33878,629.0996704101562,852.3323974609375,224.9716796875,137.102294921875,0.5166150331497192
1927,474,33878,150.82443237304688,305.1807861328125,217.35650634765625,150.2666015625,0.9485985636711121
1928,474,3544,634.0826416015625,874.005615234375,217.838623046875,216.439453125,0.8726943135261536
1929,474,16548,116.21947479248047,878.728759765625,245.56696319580078,240.67626953125,0.8661898970603943
1930,474,6563,586.6497802734375,235.5078125,218.1044921875,337.863037109375,0.8025738596916199
1931,475,13395,592.4898681640625,717.0948486328125,249.023193359375,508.45654296875,0.9412986636161804
1932,475,19552,92.88011169433594,132.71026611328125,317.55714416503906,508.69500732421875,0.87534099817276
1933,475,25438,122.6219482421875,822.492919921875,267.07781982421875,269.21484375,0.8409672379493713
1934,475,2483,595.1265869140625,80.74554443359375,208.626708984375,472.73876953125,0.7690824270248413
1935,477,13395,579.6981811523438,716.6666259765625,249.086669921875,496.0848388671875,0.930277407169342
1936,477,19552,90.1781005859375,108.65374755859375,317.841796875,497.52520751953125,0.8854255080223083
1937,477,25438,121.50531005859375,809.408447265625,262.40008544921875,258.9886474609375,0.8463191390037537
1938,477,2483,598.13037109375,48.89215087890625,218.343017578125,482.25030517578125,0.7397512197494507
1939,479,25367,61.76622009277344,78.876220703125,382.10755920410156,475.3756103515625,0.8270095586776733
1940,479,36637,633.4204711914062,176.14346313476562,183.71630859375,244.5587158203125,0.8214589953422546
1941,479,3483,529.68994140625,776.7406616210938,276.511474609375,226.7491455078125,0.7652326822280884
1942,479,27777,143.92379760742188,773.7613525390625,180.95999145507812,208.765380859375,0.5991198420524597
1943,481,13395,635.5086059570312,675.85498046875,250.239013671875,513.062255859375,0.9568181037902832
1944,481,2483,624.2284545898438,91.42256164550781,230.9566650390625,478.13658142089844,0.8535393476486206
1945,481,22627,77.51431274414062,105.05810546875,311.1955871582031,503.721923828125,0.831902265548706
1946,481,5094,133.7388153076172,839.7060546875,291.49940490722656,291.781005859375,0.6716007590293884
1947,482,13395,78.0323486328125,86.00489807128906,238.89852905273438,481.87071228027344,0.9494473934173584
1948,482,22627,543.1861572265625,633.0821533203125,326.244873046875,496.845703125,0.7856475114822388
1949,482,5094,515.6727294921875,158.6259765625,279.54736328125,274.13323974609375,0.7599382400512695
1950,482,2483,78.42205810546875,662.88623046875,221.31011962890625,482.919189453125,0.5613698363304138
1951,484,16688,466.7984924316406,114.13763427734375,431.2892761230469,537.0958862304688,0.9474926590919495
1952,484,3351,411.3623046875,885.7518310546875,206.8812255859375,209.117431640625,0.8606194257736206
1953,485,32310,622.0848388671875,531.474365234375,293.5272216796875,342.6146240234375,0.9533665180206299
1954,485,16688,33.68232727050781,520.67333984375,449.89659118652344,592.7113037109375,0.9190858006477356
1955,485,3351,321.9722900390625,139.530029296875,198.29345703125,202.19845581054688,0.8762806057929993
1956,486,32310,661.922607421875,628.7738037109375,297.036865234375,348.3040771484375,0.9451462030410767
1957,486,16688,76.95130920410156,619.6148681640625,459.98631286621094,600.7066650390625,0.9356599450111389
1958,486,3351,362.7291259765625,198.40240478515625,198.2266845703125,196.88812255859375,0.8605564832687378
1959,487,31885,90.13322448730469,46.97808837890625,425.42567443847656,510.3271484375,0.8720653653144836
1960,487,27733,120.35784912109375,769.63330078125,318.88543701171875,276.306396484375,0.8302375674247742
1961,487,16232,644.68408203125,183.83966064453125,198.23876953125,183.9229736328125,0.8126423358917236
1962,487,3483,604.002685546875,791.804931640625,275.28759765625,208.0283203125,0.7951417565345764
1963,493,19607,681.7171630859375,899.8026123046875,167.137939453125,162.676025390625,0.9282469749450684
1964,493,21026,681.9070434570312,271.5282897949219,181.586181640625,175.6654052734375,0.7366880178451538
1965,493,1900,184.87799072265625,291.1898193359375,202.43035888671875,155.882568359375,0.7307358980178833
1966,493,16548,122.59780883789062,885.5394287109375,245.02444458007812,239.2275390625,0.2805401384830475
1967,494,19607,133.93411254882812,210.5561065673828,157.6651611328125,155.21018981933594,0.9424442648887634
1968,494,16548,587.8121337890625,137.75616455078125,236.68994140625,226.403564453125,0.8970827460289001
1969,494,21026,89.44058227539062,831.474853515625,184.89300537109375,181.79541015625,0.736524224281311
1970,494,1900,584.380859375,827.8939208984375,208.468994140625,164.71240234375,0.6599352955818176
1971,496,3832,488.14410400390625,181.4603271484375,386.5462646484375,369.09698486328125,0.91157466173172
1972,496,36637,161.4107208251953,292.93603515625,195.81004333496094,250.1021728515625,0.6720073819160461
1973,496,3351,386.9761962890625,863.51220703125,204.09912109375,206.854736328125,0.5831943154335022
1974,497,3832,53.99102783203125,651.154541015625,389.3670654296875,381.6505126953125,0.9005739688873291
1975,497,3351,347.701904296875,152.65872192382812,196.127197265625,198.44979858398438,0.7338200807571411
1976,497,36637,582.0003662109375,667.074951171875,203.655517578125,261.9273681640625,0.6776586174964905
1977,499,16262,166.08229064941406,833.3564453125,254.69602966308594,243.7464599609375,0.8684322834014893
1978,499,25367,525.9190673828125,721.7801513671875,440.12109375,460.8944091796875,0.8594834804534912
1979,499,25469,569.23486328125,231.58816528320312,375.560546875,221.1053466796875,0.7986009120941162
1980,499,3483,124.47073364257812,271.78961181640625,273.89599609375,190.8143310546875,0.7357085943222046
1981,5,24850,98.19979858398438,895.517578125,294.4486999511719,161.8585205078125,0.9389660358428955
1982,5,1900,179.330322265625,264.88232421875,132.00677490234375,202.6148681640625,0.7960829734802246
1983,5,29345,610.9110717773438,717.373779296875,287.18505859375,437.176513671875,0.7660089731216431
1984,5,16551,563.835205078125,113.16734313964844,290.290283203125,478.43116760253906,0.7190051674842834
1985,500,25469,11.7454833984375,812.42724609375,385.85748291015625,225.240234375,0.8878229856491089
1986,500,16262,541.1357421875,187.15191650390625,243.489990234375,231.63134765625,0.859729528427124
1987,500,25367,31.0992431640625,54.2379150390625,430.21734619140625,449.31304931640625,0.8402509093284607
1988,500,3483,570.7320556640625,811.278564453125,283.7041015625,192.94384765625,0.7297344207763672
1989,501,25469,46.7860107421875,856.21630859375,380.1814880371094,220.2381591796875,0.8843128681182861
1990,501,16262,572.230712890625,195.6820068359375,245.209228515625,232.62164306640625,0.8565751910209656
1991,501,25367,47.2138671875,76.76371765136719,437.48040771484375,447.57276916503906,0.8546544909477234
1992,501,3483,600.28369140625,842.75830078125,279.2679443359375,191.2335205078125,0.7331327199935913
1993,502,20238,138.47247314453125,849.6585693359375,234.153076171875,227.748046875,0.8703048229217529
1994,502,30308,543.4779052734375,725.282470703125,422.593505859375,420.4951171875,0.8425627946853638
1995,502,25469,569.5479736328125,231.64346313476562,375.3094482421875,221.1597900390625,0.7977256774902344
1996,502,3483,124.59904479980469,272.4814147949219,273.83375549316406,190.17303466796875,0.7300228476524353
1997,503,25469,11.7239990234375,812.2705078125,385.96759033203125,225.443359375,0.8869317770004272
1998,503,20238,585.630615234375,189.69790649414062,226.906005859375,216.429443359375,0.8265091776847839
1999,503,30308,35.854583740234375,101.41390991210938,399.1839904785156,394.3055419921875,0.8115457892417908
2000,503,3483,570.6163330078125,811.7025146484375,283.96337890625,192.63916015625,0.727546751499176
2001,506,38162,520.97216796875,627.127197265625,214.384765625,309.6771240234375,0.9318633675575256
2002,506,31863,78.3568115234375,699.76416015625,217.00592041015625,212.645263671875,0.8963731527328491
2003,506,3351,345.565185546875,134.72247314453125,196.6060791015625,201.74346923828125,0.43204259872436523
2004,507,38162,564.1674194335938,726.7027587890625,208.0987548828125,295.61572265625,0.9297561645507812
2005,507,31863,121.68661499023438,785.2591552734375,213.45632934570312,207.2265625,0.8937057256698608
2006,507,3351,384.80218505859375,190.236572265625,200.20751953125,198.38818359375,0.6102745532989502
2007,508,18147,532.28857421875,239.445068359375,346.7396240234375,355.39306640625,0.8341273665428162
2008,508,22074,166.36732482910156,260.7672119140625,190.85655212402344,190.8170166015625,0.7721755504608154
2009,508,3351,410.2093505859375,862.4879150390625,206.5972900390625,208.113525390625,0.603248655796051
2010,509,18147,45.837158203125,603.0859985351562,353.4508056640625,384.59765625,0.8993802666664124
2011,509,22074,584.5652465820312,778.0533447265625,195.38232421875,197.565185546875,0.8965818285942078
2012,509,3351,323.322509765625,160.14256286621094,197.83184814453125,203.58302307128906,0.889424204826355
2013,511,25367,572.0569458007812,739.6513671875,396.8173828125,500.8707275390625,0.8624693751335144
2014,511,3483,149.22637939453125,215.87881469726562,257.041748046875,223.700439453125,0.8247075080871582
2015,511,19861,638.5487060546875,277.99212646484375,222.8153076171875,171.90911865234375,0.7701634764671326
2016,511,36637,95.67251586914062,904.8665771484375,272.67608642578125,165.3916015625,0.695589542388916
2017,515,35206,611.48388671875,142.62950134277344,227.646240234375,401.00807189941406,0.8622177839279175
2018,515,30308,90.7415771484375,183.86798095703125,436.57904052734375,368.28143310546875,0.7659658789634705
2019,515,3483,563.875244140625,812.166748046875,268.6181640625,218.5172119140625,0.7620258927345276
2020,515,27777,179.08409118652344,811.4675903320312,176.64149475097656,204.57470703125,0.5882933139801025
2021,516,35206,134.90638732910156,704.2137451171875,250.12608337402344,413.4481201171875,0.8748637437820435
2022,516,30308,466.3174133300781,698.66796875,454.9548034667969,379.516845703125,0.771294355392456
2023,516,3483,170.77015686035156,277.59375,266.50999450683594,218.447021484375,0.7638187408447266
2024,516,27777,635.2081298828125,290.0469970703125,179.458740234375,199.06524658203125,0.5647950172424316
2025,517,31885,22.58740234375,13.04736328125,383.9158935546875,528.320556640625,0.8383712768554688
2026,517,36637,641.095458984375,207.88967895507812,191.1143798828125,248.8328857421875,0.8283224701881409
2027,517,3483,587.843505859375,845.1605224609375,282.2666015625,168.1484375,0.7263581156730652
2028,517,27653,95.78475952148438,854.561279296875,221.86538696289062,205.0950927734375,0.6660909056663513
2029,518,31885,14.807342529296875,4.80267333984375,369.1296081542969,512.0247802734375,0.8557400107383728
2030,518,36637,611.5882568359375,202.77508544921875,187.7431640625,242.4981689453125,0.8241205811500549
2031,518,3483,557.7274169921875,812.6285400390625,288.042724609375,174.064208984375,0.7221317887306213
2032,518,27653,60.28509521484375,810.4344482421875,228.82415771484375,212.9881591796875,0.6572828888893127
2033,519,31885,598.9404296875,698.13134765625,374.4705810546875,549.58447265625,0.8632025718688965
2034,519,36637,149.18508911132812,801.7940673828125,197.48324584960938,255.4002685546875,0.7950810194015503
2035,519,27653,668.413818359375,253.99658203125,223.43017578125,200.8900146484375,0.7214588522911072
2036,519,3483,131.5195770263672,287.8123779296875,279.20924377441406,175.244873046875,0.7213088274002075
2037,520,29667,124.82281494140625,878.0723876953125,234.32760620117188,231.8526611328125,0.8675670027732849
2038,520,28763,613.71533203125,904.8863525390625,224.218994140625,214.609375,0.8039968609809875
2039,520,3483,174.94549560546875,276.564697265625,264.95086669921875,216.95379638671875,0.7650393843650818
2040,520,27777,636.906494140625,291.6139221191406,179.5810546875,198.25714111328125,0.5765354633331299
2041,521,29667,599.9560546875,159.9088134765625,220.395751953125,216.49755859375,0.8655423521995544
2042,521,28763,145.82620239257812,154.03726196289062,211.16790771484375,199.92428588867188,0.8206320405006409
2043,521,3483,528.0662841796875,777.2034912109375,275.9866943359375,226.6248779296875,0.7531524300575256
2044,521,27777,142.54852294921875,772.568603515625,180.43707275390625,208.8291015625,0.5998940467834473
2045,522,28763,162.7476348876953,158.81576538085938,214.80406188964844,204.53961181640625,0.8663199543952942
2046,522,29667,628.8675537109375,162.54385375976562,224.999755859375,218.45269775390625,0.8646125793457031
2047,522,3483,559.618408203125,813.4512939453125,269.7412109375,218.466552734375,0.7404112815856934
2048,522,27777,175.78472900390625,810.3507080078125,176.74664306640625,204.589599609375,0.5997518301010132
2049,525,27733,560.262451171875,256.3204345703125,308.9365234375,272.7723388671875,0.8837167620658875
2050,525,16232,139.546875,890.4271240234375,200.764892578125,196.8707275390625,0.8728022575378418
2051,525,3483,122.65927124023438,306.57916259765625,273.03717041015625,201.07080078125,0.7959496974945068
2052,525,28763,633.4730224609375,862.1422119140625,226.685791015625,217.4154052734375,0.7897857427597046
2053,526,30308,549.567138671875,708.5086669921875,314.320556640625,480.2279052734375,0.937292218208313
2054,526,16262,101.52825927734375,851.394287109375,249.05154418945312,242.4384765625,0.8761557936668396
2055,526,3483,149.01214599609375,217.52142333984375,252.96612548828125,222.7296142578125,0.8251612782478333
2056,526,19861,636.902587890625,277.05072021484375,222.612060546875,172.67388916015625,0.7712011337280273
2057,527,30308,138.43910217285156,71.5924072265625,313.06358337402344,467.01611328125,0.9653549194335938
2058,527,19861,123.65570068359375,864.621337890625,224.32916259765625,170.567626953125,0.8357961177825928
2059,527,16262,638.337158203125,175.92718505859375,243.4801025390625,235.11090087890625,0.8355582356452942
2060,527,3483,599.541748046875,868.285888671875,259.7144775390625,230.31005859375,0.8084902167320251
2061,528,30308,125.09721374511719,60.75404357910156,295.75404357910156,451.75303649902344,0.9643374085426331
2062,528,19861,88.22954559326172,826.2482299804688,230.13214874267578,177.47607421875,0.8478609919548035
2063,528,3483,570.21728515625,837.6790771484375,266.36962890625,231.3353271484375,0.8281012773513794
2064,528,16262,609.165771484375,170.34461975097656,239.202880859375,232.87913513183594,0.7957039475440979
2065,529,25469,46.8548583984375,856.558837890625,379.9298095703125,220.0338134765625,0.8853626251220703
2066,529,22347,104.65442657470703,240.20254516601562,209.02910614013672,199.6976318359375,0.8814390897750854
2067,529,20238,615.85595703125,193.97190856933594,230.135009765625,220.31385803222656,0.8338143825531006
2068,529,3483,601.3594970703125,842.818359375,279.0712890625,191.358154296875,0.7263062000274658
2069,53,5886,600.1485595703125,681.8505859375,249.62890625,505.476806640625,0.9611594080924988
2070,53,6192,101.66502380371094,93.4217529296875,369.27296447753906,502.67877197265625,0.871135950088501
2071,53,25438,130.5544891357422,851.834716796875,269.21156311035156,268.359619140625,0.8511630892753601
2072,53,2483,649.271728515625,90.0789794921875,215.83935546875,480.1875,0.7907319664955139
2073,530,22347,679.2532958984375,830.8380126953125,215.469482421875,209.80419921875,0.9230861067771912
2074,530,20238,137.88772583007812,849.654541015625,234.973876953125,227.3662109375,0.8730521202087402
2075,530,25469,569.6729736328125,231.2530975341797,375.3084716796875,221.13844299316406,0.7932296991348267
2076,530,3483,124.69891357421875,272.305908203125,273.65997314453125,189.21832275390625,0.7357890605926514
2077,531,22347,85.80282592773438,227.7015380859375,207.60711669921875,199.134033203125,0.8887666463851929
2078,531,25469,11.57708740234375,812.5189208984375,386.6011962890625,225.2515869140625,0.8870295882225037
2079,531,20238,585.8988037109375,188.80941772460938,226.8525390625,216.6181640625,0.8394091129302979
2080,531,3483,570.5340576171875,811.41650390625,283.8450927734375,192.88525390625,0.7306807637214661
2081,532,5886,604.0955810546875,696.215576171875,253.111328125,512.623291015625,0.9657118916511536
2082,532,19552,110.17041015625,91.66412353515625,402.32293701171875,456.8426513671875,0.8871434926986694
2083,532,2483,594.126953125,103.11376953125,288.8062744140625,454.5440673828125,0.7902730703353882
2084,532,3743,72.04190063476562,810.2340087890625,341.11004638671875,333.45849609375,0.749904215335846
2085,533,5886,592.3983154296875,695.96337890625,249.853759765625,492.3092041015625,0.9675431847572327
2086,533,19552,110.8492431640625,66.22921752929688,401.97418212890625,444.569580078125,0.906670093536377
2087,533,3743,71.0732421875,798.39404296875,334.90789794921875,323.480224609375,0.7515076398849487
2088,533,2483,609.2481689453125,79.22015380859375,278.7554931640625,455.97381591796875,0.7402157783508301
2089,534,5886,95.02880859375,65.58660888671875,249.77420043945312,480.08587646484375,0.9621096253395081
2090,534,19552,430.743896484375,684.6026611328125,412.322265625,447.7655029296875,0.9175500869750977
2091,534,2483,52.647979736328125,677.3121337890625,284.5633850097656,463.103271484375,0.790621280670166
2092,534,3743,529.3073120117188,148.2287139892578,325.1910400390625,308.89854431152344,0.772244930267334
2093,535,31885,83.80975341796875,139.4698486328125,422.1217041015625,513.986328125,0.8934928774833679
2094,535,25469,85.97418212890625,827.786865234375,344.955078125,306.7412109375,0.8243832588195801
2095,535,36637,670.7901611328125,170.74575805664062,179.03271484375,257.8935546875,0.8142094016075134
2096,535,3483,600.3709106445312,843.4139404296875,279.1905517578125,190.6533203125,0.731992244720459
2097,536,31885,59.75706481933594,115.26593017578125,416.20338439941406,505.74774169921875,0.875660240650177
2098,536,25469,47.614410400390625,787.585693359375,353.1116027832031,303.107666015625,0.8294878602027893
2099,536,36637,643.392578125,169.42453002929688,173.45458984375,248.93841552734375,0.8023362159729004
2100,536,3483,569.4871826171875,812.131591796875,284.0439453125,192.1953125,0.7198489308357239
2101,537,31885,506.0989990234375,595.9385986328125,433.003173828125,512.104736328125,0.864935040473938
2102,537,25469,570.8772583007812,184.8576202392578,339.5361328125,289.70237731933594,0.8118883371353149
2103,537,36637,128.652587890625,828.5889892578125,186.13433837890625,263.9461669921875,0.8028255701065063
2104,537,3483,126.16372680664062,272.20025634765625,273.1923828125,189.34619140625,0.7348639965057373
2105,539,20014,11.724761962890625,664.921630859375,353.4848937988281,349.267578125,0.9429592490196228
2106,539,38162,587.2467651367188,706.013427734375,205.5528564453125,306.994384765625,0.9099750518798828
2107,539,3351,317.96484375,127.07901763916016,195.661865234375,199.79375457763672,0.5293218493461609
2108,54,5886,112.34902954101562,82.35858154296875,237.02813720703125,476.66705322265625,0.9559434056282043
2109,54,25438,539.331787109375,177.78289794921875,257.171142578125,251.56787109375,0.8474674224853516
2110,54,2483,61.7647705078125,663.18408203125,215.21237182617188,484.12646484375,0.7811272144317627
2111,54,6192,463.4193115234375,642.01171875,378.47509765625,493.609130859375,0.7506436705589294
2112,540,20014,53.594970703125,753.160400390625,352.16851806640625,340.2645263671875,0.9339903593063354
2113,540,38162,628.13916015625,803.49365234375,201.293212890625,298.4404296875,0.9037752747535706
2114,540,3351,357.197265625,183.61972045898438,197.5511474609375,195.47222900390625,0.5907623767852783
2115,541,16232,144.37899780273438,898.2769775390625,197.2205810546875,193.8271484375,0.8700525164604187
2116,541,31885,572.483642578125,649.759765625,345.89404296875,552.8720703125,0.8468387722969055
2117,541,3483,148.68707275390625,217.35614013671875,253.4339599609375,223.06170654296875,0.8413144946098328
2118,541,19861,637.3358154296875,277.64581298828125,222.4588623046875,171.8065185546875,0.7590526342391968
2119,542,19861,88.33394622802734,826.4388427734375,230.07160186767578,177.2041015625,0.8449852466583252
2120,542,3483,570.213134765625,837.6700439453125,265.86181640625,231.1728515625,0.8280991315841675
2121,542,16232,614.63427734375,170.79412841796875,188.96240234375,184.7451171875,0.8143863081932068
2122,542,31885,65.25588989257812,30.136474609375,325.8756103515625,540.913818359375,0.7995244264602661
2123,543,19861,123.81082153320312,865.00146484375,223.74755859375,170.30859375,0.8403925895690918
2124,543,16232,644.0792236328125,173.53860473632812,192.92333984375,190.388671875,0.8199626207351685
2125,543,3483,599.5072021484375,869.6015625,260.359619140625,228.7781982421875,0.8033393621444702
2126,543,31885,87.19557189941406,48.0,331.60289001464844,554.1260986328125,0.7943385243415833
2127,545,22347,660.2071533203125,862.0931396484375,217.313720703125,211.2620849609375,0.8939250707626343
2128,545,29667,124.78823852539062,877.7496337890625,234.29623413085938,231.8720703125,0.8673709630966187
2129,545,3483,175.06956481933594,275.94793701171875,265.60951232910156,217.7750244140625,0.7552402019500732
2130,545,27777,637.3951416015625,291.54498291015625,179.4541015625,198.58013916015625,0.5827011466026306
2131,546,22347,105.17340087890625,198.4211883544922,203.69369506835938,198.75563049316406,0.8850167393684387
2132,546,29667,599.854736328125,160.36502075195312,220.647216796875,216.455322265625,0.8672074675559998
2133,546,3483,527.5357055664062,777.4954833984375,276.3585205078125,226.5751953125,0.7550979256629944
2134,546,27777,142.25595092773438,772.5452880859375,179.82281494140625,208.7142333984375,0.6010411977767944
2135,547,22347,118.10137939453125,241.26263427734375,211.11569213867188,200.552734375,0.9154536724090576
2136,547,20877,115.27577209472656,769.442138671875,334.74449157714844,231.99755859375,0.8792917132377625
2137,547,36637,629.5099487304688,210.05853271484375,187.1968994140625,251.08160400390625,0.8175865411758423
2138,547,3483,647.5928955078125,750.614501953125,209.3997802734375,269.7994384765625,0.8102234601974487
2139,548,22347,661.5299072265625,829.523681640625,216.19384765625,210.7955322265625,0.9418492913246155
2140,548,20877,539.54638671875,292.3006591796875,334.671142578125,236.62017822265625,0.8649677038192749
2141,548,3483,142.4442901611328,288.0303955078125,212.34410095214844,259.51580810546875,0.8025726675987244
2142,548,36637,165.5125732421875,797.6544189453125,192.05499267578125,257.686767578125,0.7919612526893616
2143,55,16688,423.78521728515625,146.4229736328125,507.0653076171875,474.2391357421875,0.962914764881134
2144,55,20014,51.11346435546875,279.70416259765625,347.0033874511719,324.78851318359375,0.9227241277694702
2145,55,3351,414.060791015625,840.169921875,205.5888671875,205.666259765625,0.7913501858711243
2146,551,20238,132.48486328125,867.8170166015625,234.82159423828125,229.7366943359375,0.8625664710998535
2147,551,30308,538.492919921875,683.589111328125,397.2109375,432.0650634765625,0.8354368209838867
2148,551,27653,667.193359375,253.804931640625,222.225341796875,201.2415771484375,0.7138130068778992
2149,551,3483,130.51272583007812,288.40008544921875,278.69439697265625,175.22021484375,0.7130209803581238
2150,552,20238,620.349853515625,175.5273895263672,228.021728515625,219.66859436035156,0.8811570405960083
2151,552,30308,76.21649169921875,143.22882080078125,391.4324951171875,422.22698974609375,0.7802899479866028
2152,552,3483,589.7277221679688,844.4099731445312,281.663818359375,167.8206787109375,0.7313212156295776
2153,552,27653,98.167236328125,854.1707763671875,222.03024291992188,206.075927734375,0.6526598930358887
2154,553,25469,11.8564453125,812.286376953125,386.51483154296875,225.5093994140625,0.886252224445343
2155,553,34597,14.042236328125,72.02880859375,414.77569580078125,450.2691650390625,0.8670995235443115
2156,553,16232,597.7855224609375,213.69497680664062,188.91259765625,183.6141357421875,0.8245561718940735
2157,553,3483,571.565185546875,811.258056640625,282.4901123046875,192.70068359375,0.7364000082015991
2158,555,25469,47.01568603515625,856.2926025390625,379.894775390625,220.181396484375,0.8814824223518372
2159,555,34597,21.370147705078125,98.17848205566406,430.3165283203125,445.23045349121094,0.8565126657485962
2160,555,16232,628.6747436523438,219.31353759765625,192.00830078125,188.47772216796875,0.8039721846580505
2161,555,3483,600.9132080078125,842.332763671875,278.1473388671875,191.78466796875,0.7288879156112671
2162,56,16688,0.0,547.83349609375,519.2681884765625,521.162109375,0.9613920450210571
2163,56,20014,542.0203857421875,616.9122924804688,357.8583984375,346.753173828125,0.940650463104248
2164,56,3351,319.1812744140625,185.16114807128906,198.8341064453125,202.94419860839844,0.8931198716163635
2165,560,30308,111.4422607421875,76.11048889160156,273.98638916015625,474.72642517089844,0.9709054827690125
2166,560,19861,123.69403076171875,864.6866455078125,224.05587768554688,170.709228515625,0.8401637077331543
2167,560,35206,578.377197265625,92.62712097167969,290.619140625,385.53517150878906,0.8246769905090332
2168,560,3483,599.55615234375,868.3394775390625,260.2451171875,230.126953125,0.8058971166610718
2169,564,21771,158.8537139892578,805.0899047851562,193.14256286621094,187.00146484375,0.9350845813751221
2170,564,1900,150.18911743164062,255.4199676513672,198.46337890625,162.55055236816406,0.8335651755332947
2171,564,16551,587.9036865234375,100.8697509765625,296.5855712890625,482.874267578125,0.7496532201766968
2172,564,33009,546.839111328125,835.07861328125,377.7177734375,204.1171875,0.7035703659057617
2173,565,5094,105.2344970703125,808.284912109375,291.88739013671875,290.3658447265625,0.8106241822242737
2174,565,2483,625.7974853515625,64.47163391113281,230.58935546875,474.84642028808594,0.7634934186935425
2175,565,12081,645.3673095703125,690.6795654296875,251.399169921875,469.640625,0.680733323097229
2176,565,12778,22.950164794921875,149.183349609375,410.2224426269531,452.09906005859375,0.30223578214645386
2177,569,12778,525.61181640625,569.494140625,313.48583984375,526.7293701171875,0.9316465258598328
2178,569,2483,90.3662109375,667.11962890625,256.8310241699219,475.457763671875,0.8037693500518799
2179,569,12081,107.88546752929688,105.73365783691406,232.64334106445312,434.19261169433594,0.6086058616638184
2180,569,3743,487.9081726074219,163.22662353515625,325.2698059082031,306.79986572265625,0.5233066082000732
2181,571,16551,525.1378173828125,54.73858642578125,318.756103515625,456.40582275390625,0.924635112285614
2182,571,24850,118.07583618164062,135.23388671875,187.49789428710938,284.4696044921875,0.8698638677597046
2183,571,21026,88.4819107055664,828.658935546875,185.47850799560547,182.735595703125,0.7250102758407593
2184,571,1900,577.0035400390625,866.575439453125,215.52099609375,145.076416015625,0.7219440340995789
2185,572,24850,671.9156494140625,827.61865234375,191.736083984375,302.14697265625,0.8814790844917297
2186,572,1900,187.41201782226562,271.856689453125,205.4898681640625,139.240478515625,0.7579370141029358
2187,572,21026,683.203857421875,272.9609375,181.23779296875,174.7799072265625,0.7334235310554504
2188,572,16551,101.01348876953125,705.26953125,331.23651123046875,485.03857421875,0.7301880717277527
2189,573,16551,555.4553833007812,58.3568115234375,325.6942138671875,472.5941162109375,0.915964663028717
2190,573,24850,134.88134765625,139.99237060546875,189.7498779296875,296.45428466796875,0.8092556595802307
2191,573,1900,605.203369140625,899.420654296875,210.07666015625,139.1275634765625,0.7292447686195374
2192,573,21026,122.72967529296875,865.0294189453125,182.52944946289062,178.542724609375,0.7277873158454895
2193,574,13395,622.9125366210938,676.975830078125,242.747802734375,496.512939453125,0.9489431381225586
2194,574,3743,112.98672485351562,825.659912109375,334.44757080078125,324.878173828125,0.8052080273628235
2195,574,2483,670.672607421875,80.6246337890625,209.0592041015625,484.25677490234375,0.770380437374115
2196,574,22627,91.35247802734375,178.91224670410156,319.84832763671875,481.39695739746094,0.7555325031280518
2197,575,13395,82.59606170654297,84.22772216796875,238.45587921142578,482.0330810546875,0.9558291435241699
2198,575,22627,522.413330078125,548.39208984375,327.2591552734375,487.282470703125,0.7913436889648438
2199,575,3743,488.2646179199219,122.72312927246094,326.4253234863281,312.7133331298828,0.7780131697654724
2200,575,2483,54.49029541015625,645.325927734375,214.83349609375,486.7066650390625,0.7553549408912659
2201,576,13395,632.190185546875,676.7935791015625,247.775146484375,509.64013671875,0.9544724225997925
2202,576,3743,112.69270324707031,837.5328369140625,342.93809509277344,334.9658203125,0.8173545002937317
2203,576,22627,95.21884155273438,200.32073974609375,319.93756103515625,491.28448486328125,0.7935344576835632
2204,576,2483,658.4791259765625,110.01295471191406,215.36328125,474.29881286621094,0.7913755178451538
2205,577,19607,138.58596801757812,786.1671142578125,161.87814331054688,160.2451171875,0.9353814125061035
2206,577,16551,532.7477416992188,64.29603576660156,358.8011474609375,432.02073669433594,0.8871720433235168
2207,577,1900,133.982666015625,245.94302368164062,194.40054321289062,157.96307373046875,0.8331577777862549
2208,577,33009,513.21728515625,792.3404541015625,385.46728515625,210.7998046875,0.8200898170471191
2209,578,19607,660.1170654296875,332.7292175292969,156.90673828125,150.6148681640625,0.8586382269859314
2210,578,33009,85.3572998046875,255.603515625,375.10943603515625,211.81878662109375,0.8367592096328735
2211,578,1900,641.282470703125,858.553955078125,206.861572265625,167.231689453125,0.7590466737747192
2212,578,16551,49.442596435546875,724.95166015625,385.836669921875,454.1424560546875,0.5665467381477356
2213,579,19607,171.8580322265625,823.2940673828125,159.492919921875,154.988037109375,0.9327830076217651
2214,579,16551,563.2435302734375,71.0245361328125,365.33056640625,445.00830078125,0.8787660002708435
2215,579,1900,149.18865966796875,257.0362548828125,201.7105712890625,157.06341552734375,0.8306295871734619
2216,579,33009,546.8118896484375,834.922119140625,377.6064453125,204.3966064453125,0.6991276741027832
2217,58,19861,88.2000732421875,826.2325439453125,229.947265625,177.5361328125,0.8432294726371765
2218,58,35206,546.0797119140625,88.74577331542969,288.6123046875,376.90223693847656,0.837674081325531
2219,58,3483,570.3917236328125,837.533203125,265.539794921875,230.900146484375,0.8290371894836426
2220,58,34597,37.504180908203125,45.03645324707031,392.1649169921875,471.63804626464844,0.8136170506477356
2221,581,24850,646.530029296875,205.2846221923828,176.2001953125,276.40208435058594,0.9194283485412598
2222,581,33009,87.85627746582031,254.70291137695312,372.82542419433594,212.64813232421875,0.8246109485626221
2223,581,1900,644.1296997070312,852.6812744140625,204.2701416015625,174.9150390625,0.7886611223220825
2224,583,5886,111.21551513671875,81.438232421875,240.75875854492188,476.2637939453125,0.956075131893158
2225,583,19552,450.7914733886719,628.931640625,355.8323059082031,498.04150390625,0.8968379497528076
2226,583,2483,68.61431884765625,690.0010986328125,258.41619873046875,471.718505859375,0.8353257179260254
2227,583,5094,544.362548828125,184.60662841796875,276.1912841796875,270.1591796875,0.8254321813583374
2228,584,5886,597.591064453125,685.0693359375,255.295166015625,502.443115234375,0.9635446071624756
2229,584,19552,141.91961669921875,111.51544189453125,342.583740234375,493.9036865234375,0.8830292820930481
2230,584,2483,604.9847412109375,86.3624267578125,259.82568359375,458.0994873046875,0.8038408160209656
2231,584,5094,106.85945129394531,815.11376953125,291.16111755371094,287.01025390625,0.6720768213272095
2232,586,28763,144.58985900878906,196.71800231933594,212.20823669433594,202.04225158691406,0.8360283970832825
2233,586,25469,47.8809814453125,787.26416015625,352.74273681640625,303.462890625,0.8289197087287903
2234,586,36637,644.4658813476562,168.7713165283203,172.9617919921875,248.45506286621094,0.8040856719017029
2235,586,3483,569.654052734375,812.451171875,284.672607421875,192.1536865234375,0.7329797148704529
2236,587,28763,613.6026611328125,858.7769775390625,223.5623779296875,214.5736083984375,0.8490143418312073
2237,587,25469,570.5838012695312,183.2135772705078,338.66845703125,290.01609802246094,0.8125612735748291
2238,587,36637,127.89862060546875,828.180908203125,185.8809814453125,264.1944580078125,0.7963634729385376
2239,587,3483,125.53350830078125,271.8272705078125,273.25836181640625,188.329345703125,0.7346823811531067
2240,588,28763,162.25157165527344,204.82763671875,215.71168518066406,206.330078125,0.8403805494308472
2241,588,25469,86.4267578125,827.6396484375,344.7850341796875,307.37548828125,0.8306351900100708
2242,588,36637,670.8233642578125,170.3258514404297,179.7523193359375,258.42225646972656,0.8066415786743164
2243,588,3483,601.0833740234375,843.511962890625,278.8193359375,190.6856689453125,0.7306606769561768
2244,589,25367,29.952484130859375,111.18882751464844,346.05078125,495.61854553222656,0.8645455837249756
2245,589,16262,637.8048095703125,176.06552124023438,244.0810546875,235.1568603515625,0.8434394001960754
2246,589,19861,123.54522705078125,864.56884765625,224.26449584960938,170.8333740234375,0.8368050456047058
2247,589,3483,599.271240234375,869.8079833984375,260.5042724609375,228.9521484375,0.7954466938972473
2248,591,16262,100.71118927001953,851.846435546875,250.33055877685547,241.436279296875,0.8853894472122192
2249,591,25367,630.0626220703125,640.4017333984375,340.814697265625,518.88427734375,0.8670457005500793
2250,591,3483,148.93109130859375,217.42572021484375,253.3388671875,222.776611328125,0.8219073414802551
2251,591,19861,636.9467163085938,277.479248046875,222.416259765625,172.146484375,0.7701215744018555
2252,592,29667,117.34095001220703,843.5185546875,233.39934539794922,227.579833984375,0.8573006391525269
2253,592,3483,150.79861450195312,216.46395874023438,253.24847412109375,222.65203857421875,0.8412759900093079
2254,592,28763,647.7178955078125,899.976806640625,224.64013671875,216.693115234375,0.8208813667297363
2255,592,19861,639.1669921875,277.5035400390625,222.277587890625,172.01800537109375,0.7635314464569092
2256,593,29667,608.2025146484375,193.14382934570312,221.31884765625,216.658203125,0.8658496141433716
2257,593,19861,86.51709747314453,825.9659423828125,230.12664031982422,177.380859375,0.8410716652870178
2258,593,3483,568.9127807617188,838.4725341796875,265.4400634765625,231.45166015625,0.8243111371994019
2259,593,28763,111.48690795898438,158.58685302734375,211.9344482421875,199.737060546875,0.8016084432601929
2260,594,28763,127.28009033203125,161.94564819335938,216.56951904296875,207.26373291015625,0.8688088059425354
2261,594,29667,636.507080078125,198.9961395263672,226.43896484375,218.52284240722656,0.858751654624939
2262,594,19861,120.97860717773438,865.005126953125,225.330078125,170.4384765625,0.8375374674797058
2263,594,3483,597.9833984375,870.0819091796875,260.02734375,229.7607421875,0.80535888671875
2264,595,32310,104.35507202148438,212.85389709472656,263.0958557128906,345.12937927246094,0.9076568484306335
2265,595,16232,649.0972290039062,288.60589599609375,193.7398681640625,191.721923828125,0.8445451855659485
2266,595,3351,389.0081787109375,857.8167724609375,208.4208984375,209.064697265625,0.8210736513137817
2267,596,32310,570.4134521484375,617.7713623046875,277.62548828125,372.347900390625,0.9220013618469238
2268,596,16232,78.76449584960938,732.7108154296875,201.72579956054688,199.662353515625,0.8121657967567444
2269,596,3351,343.91558837890625,155.70355224609375,193.78900146484375,199.06378173828125,0.6874011754989624
2270,598,33880,544.7916259765625,186.4547119140625,308.6395263671875,428.47735595703125,0.9487460851669312
2271,598,3351,395.0450439453125,865.55517578125,204.2254638671875,206.705078125,0.870873749256134
2272,598,36637,170.58575439453125,331.68133544921875,188.9482421875,257.04022216796875,0.6764996647834778
2273,60,35206,108.52911376953125,772.2667236328125,302.51312255859375,393.2574462890625,0.8957934975624084
2274,60,34597,541.2774658203125,685.098876953125,418.982177734375,497.2545166015625,0.8464058041572571
2275,60,3483,148.9547882080078,217.55810546875,253.23252868652344,222.49664306640625,0.8256458640098572
2276,60,19861,637.1234741210938,277.3463134765625,222.4300537109375,172.20166015625,0.7655945420265198
2277,600,33880,113.63742065429688,676.89111328125,307.7305908203125,442.23779296875,0.8953870534896851
2278,600,3351,379.6666259765625,219.37374877929688,198.95977783203125,196.60662841796875,0.8713253140449524
2279,600,36637,620.9224853515625,719.6341552734375,190.73046875,261.49560546875,0.7118102312088013
2280,601,31885,498.6854248046875,632.417724609375,456.888916015625,492.0067138671875,0.8912769556045532
2281,601,16262,149.2679443359375,803.207763671875,255.1556396484375,242.397216796875,0.8849267959594727
2282,601,27733,560.2843017578125,257.3968505859375,309.331787109375,272.44403076171875,0.878498911857605
2283,601,3483,123.10296630859375,307.77349853515625,274.7762451171875,202.37847900390625,0.790796160697937
2284,602,31885,30.732498168945312,107.01069641113281,457.45164489746094,477.14634704589844,0.9096078276634216
2285,602,27733,86.20233154296875,723.6272583007812,322.16180419921875,283.7119140625,0.8597219586372375
2286,602,16262,559.4345703125,217.19134521484375,240.836669921875,230.8599853515625,0.8309651613235474
2287,602,3483,573.318359375,760.5368041992188,280.32763671875,208.1785888671875,0.8077079653739929
2288,603,31885,51.21783447265625,131.98724365234375,467.44598388671875,479.0865478515625,0.899109423160553
2289,603,16262,589.2154541015625,226.74903869628906,243.759521484375,233.09642028808594,0.8552819490432739
2290,603,27733,120.61952209472656,770.4517822265625,320.91123962402344,276.88671875,0.8410180807113647
2291,603,3483,604.3302612304688,791.7515869140625,275.027587890625,207.736328125,0.7986562848091125
2292,605,36637,641.8331298828125,207.07089233398438,190.674072265625,248.39849853515625,0.8310461640357971
2293,605,28763,144.86138916015625,248.71221923828125,215.5994873046875,203.63543701171875,0.8184967637062073
2294,605,3483,589.2711181640625,844.4945678710938,281.806884765625,168.228759765625,0.731508195400238
2295,605,27653,96.52454376220703,854.9107666015625,222.10009002685547,205.732666015625,0.6555492281913757
2296,608,33880,47.941650390625,599.2744140625,316.43072509765625,454.658203125,0.9383898973464966
2297,608,29667,587.1658935546875,720.87060546875,236.1806640625,234.18408203125,0.9026690125465393
2298,608,3351,332.8795166015625,183.58035278320312,197.4180908203125,203.842529296875,0.6289979815483093
2299,610,16232,618.22314453125,219.65562438964844,190.85107421875,186.75746154785156,0.8504136800765991
2300,610,34597,0.0,105.86595153808594,393.1522521972656,449.85560607910156,0.8491964340209961
2301,610,3483,559.318359375,812.0037841796875,285.0511474609375,175.771728515625,0.7253542542457581
2302,610,27653,59.953857421875,809.4761962890625,229.24505615234375,213.595703125,0.656112790107727
2303,611,34597,580.414794921875,648.896240234375,395.585205078125,465.337158203125,0.886982798576355
2304,611,16232,141.45703125,845.39111328125,198.8409423828125,195.082763671875,0.8675175309181213
2305,611,3483,133.69717407226562,287.7996826171875,277.57073974609375,175.2998046875,0.7194211483001709
2306,611,27653,667.4771728515625,254.3502655029297,224.5078125,201.84828186035156,0.7151029109954834
2307,612,34597,7.013397216796875,139.98974609375,409.011474609375,438.0955810546875,0.8589385151863098
2308,612,16232,645.952880859375,229.03538513183594,196.070556640625,185.38929748535156,0.8499190211296082
2309,612,3483,587.3731689453125,844.9090576171875,282.423095703125,167.81494140625,0.7219662070274353
2310,612,27653,95.34143829345703,853.7738037109375,222.23851776123047,205.1103515625,0.6675230264663696
2311,614,19232,163.6291961669922,649.929931640625,248.64418029785156,364.1781005859375,0.8646659851074219
2312,614,3351,341.2332763671875,148.5623779296875,195.586181640625,199.15228271484375,0.7705600261688232
2313,614,22074,632.6072387695312,727.2308349609375,191.855712890625,194.8931884765625,0.6577162146568298
2314,615,19232,207.291259765625,749.443603515625,248.87115478515625,364.03173828125,0.8700767159461975
2315,615,3351,381.6417236328125,206.418701171875,198.63818359375,196.47210693359375,0.8094003200531006
2316,615,22074,671.5103759765625,821.0953369140625,188.0224609375,187.092041015625,0.6135509014129639
2317,616,16232,144.11178588867188,898.267333984375,196.80377197265625,193.2666015625,0.8754739761352539
2318,616,28763,628.3011474609375,887.820068359375,224.19921875,216.380126953125,0.8624165058135986
2319,616,3483,148.75643920898438,217.2290496826172,253.408203125,222.68287658691406,0.8324193954467773
2320,616,19861,636.9505004882812,277.14715576171875,222.472900390625,172.09912109375,0.7658907175064087
2321,617,19861,123.50299072265625,864.666015625,224.47531127929688,170.96923828125,0.8365687727928162
2322,617,28763,146.12109375,177.674072265625,217.787841796875,204.3046875,0.8169242739677429
2323,617,16232,644.7806396484375,173.55775451660156,192.42431640625,189.96519470214844,0.8158555626869202
2324,617,3483,599.288330078125,869.4881591796875,260.82275390625,229.365966796875,0.8031386137008667
2325,618,19861,88.16028594970703,826.2860107421875,230.06053924560547,177.47021484375,0.8455011248588562
2326,618,28763,129.37200927734375,167.9593963623047,212.82809448242188,203.16896057128906,0.8269103765487671
2327,618,3483,570.40625,837.846923828125,265.608642578125,230.6893310546875,0.8267660140991211
2328,618,16232,615.02294921875,170.52862548828125,189.07080078125,184.2891845703125,0.8228654265403748
2329,62,18147,87.42572021484375,547.9991455078125,292.0073547363281,422.1871337890625,0.9241595268249512
2330,62,3351,319.7734375,150.4178466796875,198.5975341796875,200.517822265625,0.873832106590271
2331,62,36637,532.580322265625,645.6708984375,218.888671875,260.915771484375,0.718405544757843
2332,620,23223,529.990234375,636.7950439453125,317.64111328125,515.6986083984375,0.9656602740287781
2333,620,22362,79.83895874023438,71.06201171875,255.56277465820312,399.39361572265625,0.8191766142845154
2334,620,5094,512.880126953125,147.220458984375,279.44921875,272.0338134765625,0.7208722233772278
2335,620,2483,78.6890869140625,641.38818359375,211.94229125976562,489.5216064453125,0.7207649946212769
2336,621,23223,91.14068603515625,52.41790771484375,302.7610778808594,509.57196044921875,0.971169650554657
2337,621,22362,603.70751953125,775.209716796875,259.058349609375,414.298828125,0.8165056705474854
2338,621,2483,645.4107666015625,82.27339172363281,205.401611328125,486.19334411621094,0.769402265548706
2339,621,5094,135.1077880859375,845.56787109375,285.26531982421875,276.0546875,0.4134679138660431
2340,622,41768,128.21807861328125,292.23785400390625,265.06451416015625,296.25531005859375,0.9188682436943054
2341,622,22074,608.3936767578125,289.90057373046875,191.506591796875,191.78173828125,0.8666896820068359
2342,622,3351,388.31536865234375,882.914794921875,204.4451904296875,206.217041015625,0.8415254950523376
2343,623,41768,552.9854125976562,631.0828857421875,271.4090576171875,306.113037109375,0.8611456751823425
2344,623,31863,124.09963989257812,745.8560791015625,194.09640502929688,197.948974609375,0.5945156216621399
2345,623,3351,344.8712158203125,141.45840454101562,199.1163330078125,202.36819458007812,0.5881646871566772
2346,624,41768,595.5565185546875,715.275390625,265.37060546875,313.244873046875,0.8407688140869141
2347,624,3351,384.40576171875,200.4168701171875,201.54840087890625,198.737060546875,0.749297559261322
2348,624,22074,168.01583862304688,838.75927734375,189.6712646484375,185.746337890625,0.440945029258728
2349,625,27733,559.943603515625,257.23651123046875,309.277099609375,272.545654296875,0.8851522207260132
2350,625,16262,149.46038818359375,803.547119140625,254.1279296875,242.2314453125,0.8821507692337036
2351,625,30308,495.686767578125,691.806884765625,431.3104248046875,405.906494140625,0.8154395818710327
2352,625,3483,123.30886840820312,306.76788330078125,272.0904541015625,201.858642578125,0.7921885251998901
2353,627,27733,85.79798889160156,725.4150390625,325.36277770996094,282.452880859375,0.8604098558425903
2354,627,16262,559.0256958007812,217.1849365234375,241.432373046875,230.38641357421875,0.8384127616882324
2355,627,30308,67.12080383300781,144.6564483642578,418.92234802246094,383.86241149902344,0.8198860287666321
2356,627,3483,573.9320068359375,760.794677734375,279.826416015625,207.883056640625,0.8059636354446411
2357,628,22347,676.8665771484375,850.5787353515625,214.365234375,210.4742431640625,0.9386171102523804
2358,628,27733,560.376708984375,256.8193359375,309.040771484375,272.2176513671875,0.8812315464019775
2359,628,16232,139.54342651367188,890.25537109375,200.8504638671875,196.673583984375,0.8758008480072021
2360,628,3483,122.89739990234375,306.6160888671875,273.0377197265625,201.423095703125,0.7933703064918518
2361,632,23223,481.2420654296875,600.3773193359375,320.749755859375,516.4246826171875,0.9628033638000488
2362,632,5886,116.02825164794922,84.769775390625,238.94861602783203,475.50213623046875,0.9577202200889587
2363,632,25438,543.2487182617188,181.3307342529297,256.2723388671875,253.08753967285156,0.8482615947723389
2364,632,2483,61.31781768798828,662.5068359375,218.99925994873047,488.10107421875,0.7685656547546387
2365,633,23223,134.2294464111328,119.1123046875,310.13340759277344,514.166259765625,0.9689323902130127
2366,633,5886,593.12939453125,681.5654296875,254.35400390625,504.25439453125,0.9632716774940491
2367,633,25438,127.6934814453125,846.3828125,267.1180419921875,267.56201171875,0.8580074906349182
2368,633,2483,652.0836181640625,85.052001953125,202.711181640625,484.73187255859375,0.8159964680671692
2369,635,33878,615.2440185546875,793.629150390625,168.494384765625,219.963623046875,0.9543459415435791
2370,635,16548,68.90286254882812,751.1867065429688,243.05331420898438,234.381591796875,0.8732460737228394
2371,635,4543,610.56396484375,152.76217651367188,205.031494140625,200.7786865234375,0.7175326943397522
2372,635,3544,179.433349609375,196.96563720703125,209.686767578125,202.51678466796875,0.34976911544799805
2373,636,33878,191.23822021484375,254.86334228515625,162.5960693359375,217.54107666015625,0.9507191777229309
2374,636,3544,579.890380859375,858.1651611328125,218.1827392578125,214.9395751953125,0.8871917128562927
2375,636,4543,133.5430908203125,905.032958984375,214.65533447265625,212.70849609375,0.8183650970458984
2376,636,16548,653.5396728515625,279.38397216796875,230.6337890625,224.481689453125,0.2641076147556305
2377,637,5886,604.0948486328125,695.9718017578125,253.284912109375,512.0750732421875,0.9664490818977356
2378,637,2483,594.37451171875,103.43070983886719,289.325927734375,454.13417053222656,0.7905614376068115
2379,637,3743,72.14788818359375,810.424560546875,341.0328369140625,333.2113037109375,0.7118763327598572
2380,637,23223,44.4996337890625,187.93629455566406,494.85882568359375,360.06016540527344,0.2627655267715454
2381,638,5886,591.811279296875,695.1123046875,250.7152099609375,492.94580078125,0.9667174220085144
2382,638,3743,71.199951171875,797.7777099609375,334.64306640625,323.6973876953125,0.7726582288742065
2383,638,2483,608.841796875,78.97686767578125,279.57470703125,456.7376708984375,0.7581126093864441
2384,64,20014,590.06005859375,267.182373046875,341.517822265625,320.887939453125,0.9619397521018982
2385,64,29667,154.169189453125,276.8349609375,229.89794921875,225.932861328125,0.8880034685134888
2386,64,3351,389.59564208984375,880.3114013671875,204.10009765625,206.5771484375,0.5936872363090515
2387,640,3832,479.5960388183594,282.45501708984375,407.6787414550781,342.63336181640625,0.912177324295044
2388,640,3351,396.8895263671875,911.2095947265625,205.8170166015625,207.521728515625,0.8411650061607361
2389,641,3832,43.598541259765625,577.477294921875,409.89434814453125,349.166748046875,0.8796592354774475
2390,641,20238,616.791259765625,707.4500732421875,236.845703125,231.46630859375,0.8675661087036133
2391,641,3351,335.1790771484375,118.2803726196289,197.15582275390625,199.39568328857422,0.8548521995544434
2392,644,13395,71.575927734375,87.72990417480469,239.8739013671875,480.41383361816406,0.9560846090316772
2393,644,6192,478.9940185546875,603.5748291015625,305.0142822265625,546.734619140625,0.8198567032814026
2394,644,2483,53.367828369140625,653.262939453125,219.20733642578125,481.0775146484375,0.7909996509552002
2395,644,3743,476.6832580566406,116.79791259765625,325.1283874511719,311.333740234375,0.7828570604324341
2396,646,34597,380.57623291015625,621.20068359375,488.5736083984375,444.43115234375,0.876638650894165
2397,646,36637,129.6407470703125,826.4359130859375,194.82659912109375,258.605712890625,0.8140548467636108
2398,646,3483,173.0404052734375,277.69970703125,265.3428955078125,217.2965087890625,0.7619888782501221
2399,646,27777,635.51904296875,290.903564453125,179.53955078125,198.5721435546875,0.5655576586723328
2400,647,34597,143.4378662109375,189.6756591796875,465.2772216796875,423.679931640625,0.8532431721687317
2401,647,36637,659.8330078125,179.82318115234375,191.125732421875,249.93243408203125,0.7931748032569885
2402,647,3483,562.1535034179688,812.43994140625,269.1588134765625,219.93701171875,0.7499271035194397
2403,647,27777,177.97381591796875,811.2938842773438,177.09075927734375,204.610595703125,0.5915209054946899
2404,648,34597,119.5411376953125,147.969482421875,465.90618896484375,440.97174072265625,0.8557482957839966
2405,648,36637,632.2098388671875,176.38262939453125,184.8128662109375,244.9443359375,0.7976488471031189
2406,648,3483,530.1401977539062,776.8614501953125,275.494140625,226.3692626953125,0.762489914894104
2407,648,27777,144.1226806640625,774.0591430664062,180.55364990234375,208.656982421875,0.5979254245758057
2408,65,20014,0.0,628.6124877929688,344.6263427734375,349.9874267578125,0.9403440356254578
2409,65,29667,555.4190063476562,726.6400146484375,236.8709716796875,234.469482421875,0.9044432640075684
2410,65,3351,343.29473876953125,147.50717163085938,197.5562744140625,200.63619995117188,0.8633081316947937
2411,650,32310,0.0,700.3975830078125,315.1239013671875,321.568359375,0.9306347966194153
2412,650,3351,362.0789794921875,168.90606689453125,194.7789306640625,199.65533447265625,0.8716115355491638
2413,650,36637,557.3649291992188,820.2635498046875,278.6961669921875,171.6728515625,0.6927385926246643
2414,652,24850,116.12091064453125,841.52587890625,302.6131591796875,173.158935546875,0.9145764708518982
2415,652,1900,124.02407836914062,260.22882080078125,200.27737426757812,145.89337158203125,0.8269895315170288
2416,652,16551,557.439453125,58.771728515625,293.8572998046875,471.77392578125,0.809298038482666
2417,652,31705,590.8612060546875,689.350341796875,261.124755859375,461.1932373046875,0.7628639340400696
2418,653,16551,94.35627746582031,690.821044921875,311.32627868652344,491.7158203125,0.901233434677124
2419,653,24850,543.9342651367188,264.71368408203125,295.16650390625,166.84326171875,0.90083909034729
2420,653,1900,646.426025390625,858.4708251953125,207.8486328125,155.760498046875,0.7841421961784363
2421,653,31705,130.21060180664062,125.2908935546875,249.29388427734375,427.80450439453125,0.7669057250022888
2422,654,24850,150.6265869140625,879.23583984375,298.565673828125,164.8843994140625,0.9246129393577576
2423,654,1900,140.8536376953125,268.5975341796875,203.1160888671875,147.53924560546875,0.8246949315071106
2424,654,31705,619.3289794921875,729.427001953125,255.915283203125,452.8603515625,0.7755807042121887
2425,654,16551,588.9688720703125,67.90008544921875,298.220458984375,483.14678955078125,0.6717730164527893
2426,656,16551,534.8529052734375,171.62937927246094,423.3131103515625,400.06105041503906,0.9234727025032043
2427,656,6563,186.2825927734375,708.5980224609375,225.197021484375,359.573486328125,0.8056067824363708
2428,656,3544,147.51052856445312,190.2590789794922,211.61541748046875,204.32765197753906,0.6012634634971619
2429,658,16551,627.5568237304688,9.094573974609375,288.8973388671875,485.7324523925781,0.9081935882568359
2430,658,29451,493.08447265625,821.1978759765625,399.9053955078125,265.0457763671875,0.882617712020874
2431,658,18110,77.39532470703125,789.0780029296875,306.566162109375,294.53515625,0.8430737257003784
2432,658,1900,166.9086151123047,247.59902954101562,184.45240783691406,183.4364013671875,0.6681767106056213
2433,659,16551,599.1611328125,9.78814697265625,282.88818359375,469.3509521484375,0.9175015091896057
2434,659,29451,460.238525390625,784.6783447265625,408.7188720703125,274.340576171875,0.9032025933265686
2435,659,18110,43.5341796875,745.756591796875,309.2490234375,304.1695556640625,0.8171160221099854
2436,659,1900,147.46823120117188,237.10049438476562,183.50515747070312,185.9010009765625,0.7159615159034729
2437,66,20014,31.201019287109375,717.8231201171875,351.49029541015625,339.587890625,0.94461989402771
2438,66,29667,596.399169921875,817.77099609375,232.867919921875,226.527587890625,0.9024761915206909
2439,66,3351,383.189208984375,203.83267211914062,201.4832763671875,198.43438720703125,0.8959183692932129
2440,660,29451,113.74302673339844,211.07073974609375,399.28663635253906,265.93988037109375,0.8664155602455139
2441,660,18110,611.3255615234375,224.5077667236328,303.289794921875,290.33726501464844,0.8646159768104553
2442,660,16551,64.52288818359375,743.144287109375,297.90234375,502.997314453125,0.732093870639801
2443,660,1900,642.95751953125,846.0740966796875,190.25732421875,190.2646484375,0.6694720387458801
2444,661,31863,176.62274169921875,302.288818359375,212.994873046875,211.453369140625,0.9084263443946838
2445,661,3351,369.1832275390625,870.069580078125,204.5596923828125,207.3304443359375,0.8147216439247131
2446,661,21325,685.2518310546875,293.14141845703125,193.9169921875,190.09130859375,0.25143665075302124
2447,662,31863,549.8048095703125,725.4278564453125,216.6571044921875,214.6044921875,0.9099609851837158
2448,662,16232,41.90814208984375,745.609130859375,199.2198486328125,191.833251953125,0.8132458925247192
2449,662,3351,363.5655517578125,153.29135131835938,197.31982421875,203.63088989257812,0.6286126971244812
2450,664,20877,538.4967041015625,293.127685546875,334.5389404296875,236.2532958984375,0.8751797080039978
2451,664,3483,140.41561889648438,289.3983154296875,213.11431884765625,259.434814453125,0.8039205074310303
2452,664,36637,165.68670654296875,798.922607421875,191.74395751953125,257.7734375,0.7949622869491577
2453,664,28763,628.4534912109375,872.6260986328125,224.06103515625,216.089599609375,0.7716224193572998
2454,665,20877,84.45297241210938,724.1768798828125,338.0810546875,239.7685546875,0.890265703201294
2455,665,36637,599.7900390625,203.628173828125,184.119140625,244.2957763671875,0.8172712922096252
2456,665,3483,621.7013549804688,714.9268798828125,212.1949462890625,273.290771484375,0.8125830888748169
2457,665,28763,128.39630126953125,184.13748168945312,213.01214599609375,202.13665771484375,0.8022628426551819
2458,667,22627,23.39569091796875,142.7520751953125,487.30474853515625,282.3165283203125,0.8716826438903809
2459,667,25438,118.90374755859375,820.780029296875,261.66766357421875,256.0985107421875,0.8697091937065125
2460,667,2483,573.7520751953125,117.64739990234375,301.1070556640625,449.44256591796875,0.6977499723434448
2461,667,12081,644.547119140625,699.5347900390625,243.8603515625,453.3814697265625,0.5916568636894226
2462,668,25438,549.9013671875,193.31884765625,254.78857421875,255.97686767578125,0.8522921800613403
2463,668,2483,68.36993408203125,647.5330810546875,303.52923583984375,454.2137451171875,0.803057074546814
2464,668,12081,61.73870849609375,111.14393615722656,234.65386962890625,435.77500915527344,0.6036749482154846
2465,670,22347,680.1229248046875,847.7001953125,216.004638671875,208.2548828125,0.9150453805923462
2466,670,35206,133.42626953125,724.5577392578125,247.1080322265625,416.447998046875,0.8672773241996765
2467,670,25469,570.582763671875,183.3505859375,338.178955078125,290.39837646484375,0.8075433969497681
2468,670,3483,124.50004577636719,272.81622314453125,273.91432189941406,188.61859130859375,0.7362256646156311
2469,672,22347,103.84860229492188,222.8352508544922,207.52029418945312,202.02272033691406,0.8970357179641724
2470,672,35206,612.19482421875,116.80415344238281,231.795654296875,406.05223083496094,0.892513632774353
2471,672,25469,88.02191162109375,827.3299560546875,343.3709716796875,307.406005859375,0.8316260576248169
2472,672,3483,601.3297119140625,843.3729248046875,278.932861328125,190.84765625,0.735393762588501
2473,674,27926,593.5386962890625,156.7360076904297,264.460205078125,454.23414611816406,0.9408659934997559
2474,674,1900,630.6405029296875,892.2310791015625,212.85693359375,136.5079345703125,0.791537344455719
2475,674,16548,152.02894592285156,888.560302734375,246.78160095214844,243.259521484375,0.7852110862731934
2476,674,12247,139.28082275390625,293.0084533691406,282.1502685546875,146.18280029296875,0.4315224289894104
2477,675,44199,548.0202026367188,830.0107421875,294.6373291015625,152.2392578125,0.9340897798538208
2478,675,16548,560.53515625,133.6728515625,235.61279296875,227.198486328125,0.8801975250244141
2479,675,27926,100.25836181640625,611.1778564453125,270.16082763671875,485.2979736328125,0.8518409729003906
2480,675,1900,137.8052978515625,239.02688598632812,200.2681884765625,131.93603515625,0.6856455206871033
2481,677,27926,563.5421752929688,629.231689453125,268.8499755859375,485.502685546875,0.8660351037979126
2482,677,18110,14.029876708984375,691.7188720703125,311.8302001953125,301.694580078125,0.8244291543960571
2483,677,16551,611.9884033203125,8.706207275390625,302.4171142578125,462.4408264160156,0.8121688961982727
2484,677,1900,139.8887939453125,239.8072509765625,198.57196044921875,130.63507080078125,0.7018800973892212
2485,679,4378,589.8526611328125,701.991455078125,238.3023681640625,465.474609375,0.9093680381774902
2486,679,5094,104.37652587890625,809.6588134765625,290.70684814453125,288.100830078125,0.8580113649368286
2487,679,22627,126.17510986328125,149.56707763671875,357.93511962890625,492.10162353515625,0.8216001391410828
2488,679,2483,606.9462890625,79.72245788574219,217.577392578125,478.93238830566406,0.7711347937583923
2489,68,16232,151.24876403808594,826.8513793945312,193.91603088378906,194.51953125,0.8300698399543762
2490,68,30308,505.97418212890625,763.8956298828125,453.54345703125,380.68505859375,0.7847256660461426
2491,68,3483,170.36419677734375,277.4320983886719,266.88165283203125,218.19012451171875,0.7649008631706238
2492,68,27777,635.01220703125,289.99285888671875,179.617919921875,198.818115234375,0.5593196749687195
2493,680,4378,135.16555786132812,106.015625,223.15090942382812,440.10394287109375,0.9126177430152893
2494,680,5094,544.8638916015625,189.82647705078125,279.8447265625,271.9736328125,0.7920470237731934
2495,680,2483,88.1595458984375,680.73046875,237.86520385742188,484.88525390625,0.7833935618400574
2496,680,22627,464.17340087890625,595.5419921875,351.147216796875,485.400146484375,0.7750276327133179
2497,681,4378,583.15673828125,697.8411865234375,229.279052734375,453.9447021484375,0.8998417258262634
2498,681,5094,102.5302734375,799.184326171875,285.2921142578125,276.927734375,0.8662697672843933
2499,681,2483,607.56201171875,53.50311279296875,233.689208984375,481.6197509765625,0.799042284488678
2500,681,22627,127.39727783203125,129.26678466796875,356.0506591796875,477.18572998046875,0.7661619186401367
2501,684,18110,77.09262084960938,763.8128662109375,307.399658203125,291.8016357421875,0.8592362403869629
2502,684,1900,179.37518310546875,265.2823486328125,132.22064208984375,202.2537841796875,0.8054076433181763
2503,684,29345,576.058349609375,719.609619140625,324.822998046875,421.315185546875,0.5654423832893372
2504,684,16551,527.4904174804688,79.01026916503906,364.87890625,444.83763122558594,0.49680641293525696
2505,685,25438,114.03375244140625,817.9376220703125,264.0142822265625,258.8485107421875,0.8791990876197815
2506,685,2483,581.9698486328125,114.49810791015625,291.7486572265625,452.76934814453125,0.7111110687255859
2507,685,12081,640.2314453125,700.6846923828125,247.451416015625,454.3140869140625,0.56242835521698
2508,685,6192,93.23095703125,13.3800048828125,301.52996826171875,526.2266845703125,0.5622407793998718
2509,688,34597,93.6351318359375,180.2006072998047,475.16815185546875,413.74159240722656,0.861747145652771
2510,688,27733,85.4188232421875,725.52294921875,326.498291015625,281.074951171875,0.8615742921829224
2511,688,20238,611.0062255859375,184.512451171875,225.079345703125,217.36688232421875,0.8169761300086975
2512,688,3483,573.9798583984375,760.2810668945312,279.32080078125,208.3701171875,0.8052148818969727
2513,692,22347,656.2727661132812,834.5953369140625,215.2650146484375,210.2105712890625,0.900689423084259
2514,692,35206,105.11492919921875,686.5443115234375,206.30429077148438,419.2193603515625,0.8716204166412354
2515,692,27653,669.623046875,254.14170837402344,222.148681640625,200.60243225097656,0.7199752330780029
2516,692,3483,132.0806884765625,288.09698486328125,278.53558349609375,174.93701171875,0.7164399027824402
2517,694,19232,494.1531066894531,235.55455017089844,338.6718444824219,260.91493225097656,0.8966877460479736
2518,694,35206,152.5120849609375,274.55487060546875,267.31695556640625,395.57464599609375,0.8875499963760376
2519,694,3351,394.67156982421875,842.0738525390625,204.052490234375,206.8450927734375,0.6190658807754517
2520,697,38162,135.89447021484375,256.1435546875,236.03009033203125,271.80029296875,0.9353007078170776
2521,697,3351,393.69573974609375,847.8524169921875,207.7220458984375,207.6339111328125,0.8425623178482056
2522,697,18357,598.13818359375,201.5396728515625,249.0794677734375,346.832275390625,0.4030224680900574
2523,698,38162,569.4282836914062,675.3662109375,245.4736328125,283.849853515625,0.9291076064109802
2524,698,3351,339.41015625,165.5628204345703,195.51953125,200.54148864746094,0.8315844535827637
2525,70,24850,644.5093994140625,257.50506591796875,193.0186767578125,269.64666748046875,0.93647301197052
2526,70,1900,631.4071044921875,898.855712890625,210.77685546875,155.571533203125,0.7405835390090942
2527,70,29451,46.47271728515625,232.03302001953125,407.85504150390625,230.34466552734375,0.7201069593429565
2528,70,16551,52.25640869140625,706.4534912109375,299.0570068359375,503.14990234375,0.6881512403488159
2529,700,30308,72.85064697265625,127.24591064453125,391.91180419921875,402.19696044921875,0.8947707414627075
2530,700,19861,87.984375,826.112548828125,230.31707763671875,177.951171875,0.8453807234764099
2531,700,3483,570.012451171875,837.669189453125,266.1697998046875,230.828125,0.8299900889396667
2532,700,16232,614.4677734375,171.03033447265625,189.049560546875,184.57421875,0.8188788294792175
2533,701,30308,87.10330200195312,145.41514587402344,404.0452880859375,412.26502990722656,0.871947169303894
2534,701,19861,123.051025390625,864.9556884765625,225.16363525390625,170.7086181640625,0.8387660384178162
2535,701,16232,644.751220703125,173.92547607421875,192.203369140625,190.11566162109375,0.8225017189979553
2536,701,3483,599.7467041015625,869.09326171875,260.1572265625,229.005615234375,0.8162767291069031
2537,702,16232,144.31536865234375,898.6199951171875,197.14508056640625,193.111572265625,0.8670448660850525
2538,702,3483,149.02249145507812,217.48907470703125,252.713134765625,222.59576416015625,0.8333390355110168
2539,702,30308,509.720703125,691.957275390625,412.134033203125,420.659912109375,0.7846049070358276
2540,702,19861,636.8828125,277.1758728027344,222.6719970703125,172.3231201171875,0.7532584071159363
2541,705,22347,117.29009246826172,198.7394561767578,212.49323272705078,202.41954040527344,0.8695983290672302
2542,705,29667,637.2197265625,204.1600341796875,225.9127197265625,218.38165283203125,0.8622220754623413
2543,705,19861,115.94815063476562,864.5228271484375,223.80056762695312,171.319091796875,0.8500797152519226
2544,705,3483,590.673583984375,872.3671875,262.4228515625,231.457275390625,0.8115155100822449
2545,706,5886,597.779296875,685.0430908203125,254.798095703125,503.7088623046875,0.9642703533172607
2546,706,12778,64.34335327148438,108.62762451171875,353.950439453125,503.22308349609375,0.8696141839027405
2547,706,2483,605.068603515625,86.47442626953125,259.7939453125,457.81121826171875,0.799686849117279
2548,706,5094,106.83634948730469,814.6895751953125,291.23316955566406,287.7535400390625,0.6900143027305603
2549,707,5886,111.74138641357422,81.99285888671875,240.49280548095703,475.64251708984375,0.9560071229934692
2550,707,12778,522.7017822265625,623.6806640625,368.01171875,507.5780029296875,0.9226945042610168
2551,707,2483,68.69143676757812,690.002685546875,258.2084655761719,470.713623046875,0.825118362903595
2552,707,5094,544.560546875,184.53555297851562,276.0224609375,270.01336669921875,0.8244732618331909
2553,708,5886,590.3267211914062,684.5455322265625,245.8310546875,489.223876953125,0.9670422673225403
2554,708,12778,60.627105712890625,76.6483154296875,356.11102294921875,505.0263671875,0.9037367105484009
2555,708,2483,617.4385986328125,54.76751708984375,252.993896484375,466.7999267578125,0.7400687336921692
2556,708,5094,106.06671142578125,802.96533203125,284.32952880859375,279.20263671875,0.7250003814697266
2557,710,28763,155.65699768066406,230.71185302734375,212.82444763183594,204.993896484375,0.8571644425392151
2558,710,27733,86.49505615234375,723.5772094726562,321.9231872558594,283.7032470703125,0.8570808172225952
2559,710,16262,560.904541015625,217.07521057128906,239.557373046875,230.34068298339844,0.8077635169029236
2560,710,3483,573.8012084960938,760.6832275390625,280.2247314453125,208.0628662109375,0.8053410053253174
2561,712,13395,635.6783447265625,676.2620849609375,249.7545166015625,509.4803466796875,0.9580410122871399
2562,712,12778,105.4942626953125,105.96563720703125,300.116943359375,548.4719848632812,0.9376485347747803
2563,712,2483,623.78515625,94.41064453125,231.374755859375,474.6068115234375,0.8587522506713867
2564,712,5094,133.884765625,839.77880859375,291.24761962890625,291.513671875,0.6781371235847473
2565,713,13395,78.01629638671875,85.2635498046875,239.28106689453125,482.47747802734375,0.9477484822273254
2566,713,12778,532.921142578125,598.21728515625,304.97802734375,527.5882568359375,0.9351361393928528
2567,713,5094,515.921630859375,158.6129913330078,278.6124267578125,274.36106872558594,0.7475904226303101
2568,713,2483,75.670654296875,659.9188232421875,228.05584716796875,488.844970703125,0.48943057656288147
2569,714,13395,627.16650390625,676.562744140625,241.230712890625,495.6956787109375,0.9525126218795776
2570,714,12778,107.00738525390625,84.462890625,293.945556640625,528.458984375,0.9403495192527771
2571,714,2483,635.0662841796875,62.5277099609375,221.5419921875,485.384765625,0.8001173734664917
2572,714,5094,132.77801513671875,831.196533203125,284.948486328125,278.3349609375,0.6080543994903564
2573,716,19552,95.37925720214844,129.41168212890625,328.15052795410156,501.28375244140625,0.8893070816993713
2574,716,3743,117.64971923828125,792.9742431640625,341.19219970703125,335.611572265625,0.8113599419593811
2575,716,2483,576.4490966796875,94.58673095703125,247.7215576171875,484.07171630859375,0.7820695042610168
2576,716,12081,605.3994750976562,718.38330078125,249.3428955078125,460.27880859375,0.6511675119400024
2577,717,19552,512.8768310546875,604.60400390625,339.1767578125,491.856689453125,0.911250650882721
2578,717,2483,88.7574462890625,666.5887451171875,259.14324951171875,479.3016357421875,0.7476667165756226
2579,717,12081,107.99929809570312,104.94573974609375,235.39459228515625,434.10528564453125,0.6176926493644714
2580,717,3743,487.4884338378906,162.8705596923828,325.1696472167969,307.03184509277344,0.5508735179901123
2581,719,21771,89.81177520751953,808.798828125,197.21715545654297,192.21240234375,0.9487573504447937
2582,719,16548,548.2735595703125,181.4359130859375,237.0030517578125,228.41583251953125,0.8841378688812256
2583,719,1900,122.45947265625,261.38616943359375,199.8807373046875,146.6292724609375,0.8207610249519348
2584,719,31705,599.6873779296875,685.3896484375,258.7568359375,460.4658203125,0.7336039543151855
2585,72,16551,639.5208129882812,45.42694091796875,295.44482421875,486.1143798828125,0.9249646663665771
2586,72,24850,152.03704833984375,773.91845703125,195.25701904296875,281.450927734375,0.9203250408172607
2587,72,29451,544.2879638671875,841.2220458984375,419.119873046875,226.388671875,0.7071331739425659
2588,72,1900,155.94354248046875,225.60711669921875,205.06134033203125,149.2633056640625,0.6801363229751587
2589,720,21771,672.4029541015625,284.7499694824219,189.853759765625,184.3094482421875,0.9487974643707275
2590,720,16548,166.75259399414062,840.361328125,244.87420654296875,239.8935546875,0.8694544434547424
2591,720,31705,121.85919189453125,128.68687438964844,251.26177978515625,428.04603576660156,0.7754194140434265
2592,720,1900,647.8585205078125,857.5897216796875,208.41943359375,155.1484375,0.768186628818512
2593,721,31885,66.62611389160156,154.869140625,459.76304626464844,479.90850830078125,0.9055435061454773
2594,721,27733,87.09271240234375,723.3165283203125,321.93463134765625,284.1641845703125,0.8574659824371338
2595,721,35206,564.1185302734375,117.17532348632812,257.8636474609375,385.14410400390625,0.8520819544792175
2596,721,3483,574.799072265625,758.5596923828125,279.8497314453125,209.864501953125,0.8064155578613281
2597,724,16548,105.85186767578125,735.8961181640625,239.4517822265625,235.08642578125,0.8933573961257935
2598,724,10221,574.8590698242188,166.2093505859375,221.652587890625,214.763916015625,0.8569862246513367
2599,724,3544,131.5784912109375,176.41510009765625,204.74490356445312,201.3209228515625,0.8511415719985962
2600,724,31705,564.4486083984375,671.1572265625,262.896484375,457.415771484375,0.7107365131378174
2601,725,10221,150.72158813476562,873.7843017578125,234.37298583984375,228.25927734375,0.9105909466743469
2602,725,16548,618.469482421875,299.844970703125,232.700927734375,227.7288818359375,0.8532423973083496
2603,725,3544,635.2351684570312,884.318115234375,216.8428955078125,214.347412109375,0.8429005146026611
2604,725,31705,145.84506225585938,142.17652893066406,258.17095947265625,427.34349060058594,0.7607221603393555
2605,726,16548,138.7313232421875,774.876953125,237.696044921875,229.30859375,0.906131386756897
2606,726,3544,147.64599609375,181.5699005126953,209.19580078125,203.56468200683594,0.872497022151947
2607,726,10221,603.260009765625,169.0522003173828,228.439697265625,219.15635681152344,0.8107132911682129
2608,726,31705,596.0430908203125,710.6488037109375,258.09814453125,451.224853515625,0.7283849120140076
2609,727,25469,11.835296630859375,812.306884765625,386.0748291015625,225.341552734375,0.8854977488517761
2610,727,25367,36.5028076171875,146.62322998046875,416.8390197753906,456.5457763671875,0.8490298986434937
2611,727,16232,598.0428466796875,213.24481201171875,188.77392578125,184.29058837890625,0.799938976764679
2612,727,3483,570.4754028320312,810.8638916015625,283.742431640625,193.22802734375,0.729152500629425
2613,728,25469,46.89691162109375,856.3284912109375,380.482177734375,220.161376953125,0.8864665627479553
2614,728,25367,50.86314392089844,173.2407684326172,429.43653869628906,455.90699768066406,0.8647980093955994
2615,728,16232,628.3201904296875,219.08444213867188,192.5628662109375,189.04974365234375,0.8038302659988403
2616,728,3483,600.5574340820312,842.614501953125,278.89697265625,191.2030029296875,0.7325806617736816
2617,73,12247,589.714111328125,848.67041015625,214.3447265625,128.267333984375,0.9640408158302307
2618,73,16551,514.3302001953125,70.55145263671875,363.3345947265625,427.418701171875,0.918844997882843
2619,73,3544,72.51293182373047,198.19912719726562,204.22681427001953,202.99017333984375,0.8898128271102905
2620,73,6563,163.92111206054688,671.0003662109375,224.17755126953125,366.5196533203125,0.8531562685966492
2621,731,29871,598.7568359375,770.6595458984375,213.610107421875,226.837158203125,0.9077678918838501
2622,731,16548,116.09341430664062,767.86328125,242.75567626953125,234.24951171875,0.8794174194335938
2623,731,4543,610.1177978515625,141.26327514648438,205.5040283203125,200.8280029296875,0.6536605954170227
2624,731,3544,101.45281982421875,158.86822509765625,205.55532836914062,201.51055908203125,0.5395694375038147
2625,732,29871,165.360107421875,278.00872802734375,208.35369873046875,213.82586669921875,0.8992553353309631
2626,732,3544,666.845703125,896.762451171875,219.5626220703125,216.90673828125,0.8884663581848145
2627,732,4543,132.46286010742188,916.2274169921875,215.24954223632812,214.3017578125,0.7918715476989746
2628,732,16548,605.3878173828125,264.96563720703125,231.2490234375,224.322998046875,0.7158133387565613
2629,738,44199,600.76025390625,769.30615234375,166.021484375,285.7457275390625,0.8299217224121094
2630,738,1900,87.1404800415039,259.32098388671875,201.79534149169922,129.2921142578125,0.8034335374832153
2631,738,31705,135.55136108398438,639.2679443359375,259.778076171875,458.2484130859375,0.7708932161331177
2632,738,16551,583.2481689453125,84.903564453125,290.3759765625,469.9530029296875,0.764462411403656
2633,740,1900,644.85986328125,828.0526123046875,172.552734375,204.4912109375,0.8164231181144714
2634,740,16548,119.84429168701172,802.917724609375,245.91767120361328,239.07568359375,0.7863790988922119
2635,740,31705,132.32998657226562,125.25201416015625,251.94598388671875,427.33099365234375,0.7589784860610962
2636,740,19607,654.7373046875,271.7442932128906,157.335205078125,151.49176025390625,0.6669391989707947
2637,742,4378,74.81698608398438,96.7296142578125,231.04339599609375,445.61151123046875,0.9410605430603027
2638,742,25438,561.5936279296875,184.91749572753906,256.72705078125,256.76292419433594,0.8729207515716553
2639,742,2483,83.70343780517578,672.4168701171875,249.94603729248047,471.63720703125,0.7914844155311584
2640,742,6192,552.5119018554688,537.2451171875,299.64111328125,531.124755859375,0.7475227117538452
2641,743,4378,639.553955078125,702.40625,224.31103515625,459.8515625,0.9332991242408752
2642,743,25438,107.71463012695312,827.365234375,261.37054443359375,258.04345703125,0.8597885966300964
2643,743,2483,610.613525390625,64.100341796875,245.7576904296875,473.2186279296875,0.7689536809921265
2644,743,6192,92.52334594726562,136.4779052734375,289.05206298828125,527.715576171875,0.7425008416175842
2645,745,32310,111.36248779296875,174.83807373046875,237.212890625,366.00390625,0.8689828515052795
2646,745,16262,661.2388916015625,269.2618408203125,241.57861328125,234.9083251953125,0.8670969605445862
2647,745,3351,343.124755859375,884.9696044921875,208.97314453125,207.7705078125,0.8341195583343506
2648,747,32310,633.73876953125,737.2391357421875,242.361083984375,392.61474609375,0.9187691807746887
2649,747,16262,60.75091552734375,797.126220703125,246.7569580078125,239.6314697265625,0.8935337066650391
2650,747,3351,428.8719482421875,185.31593322753906,198.82421875,198.50120544433594,0.8921791911125183
2651,75,12247,619.5091552734375,879.6175537109375,208.543212890625,125.39794921875,0.9743083715438843
2652,75,16551,537.4244384765625,78.16105651855469,377.658935546875,437.14979553222656,0.9011811017990112
2653,75,3544,85.87960815429688,209.22091674804688,210.28134155273438,203.17169189453125,0.8928936123847961
2654,75,6563,195.6631622314453,715.410888671875,223.29747009277344,362.388671875,0.8498450517654419
2655,750,29345,583.6652221679688,131.81690979003906,278.6832275390625,409.86473083496094,0.8352980613708496
2656,750,44199,177.7024688720703,199.427978515625,162.03282165527344,270.5916748046875,0.7849934697151184
2657,750,1900,686.6018676757812,803.63623046875,132.601806640625,210.974609375,0.6710103154182434
2658,750,16548,147.26597595214844,789.4027099609375,243.82887268066406,236.8067626953125,0.5160762667655945
2659,752,27993,545.852783203125,774.8243408203125,312.1156005859375,245.1275634765625,0.9527507424354553
2660,752,16548,553.4595947265625,134.94155883789062,235.89111328125,228.58621215820312,0.8749511241912842
2661,752,3544,90.70989990234375,194.10513305664062,205.84512329101562,204.43853759765625,0.8563410043716431
2662,752,6563,163.57064819335938,671.335693359375,223.50634765625,365.824462890625,0.8532305955886841
2663,754,3832,87.5791015625,650.8375244140625,378.2344970703125,382.157958984375,0.9071173071861267
2664,754,29667,623.7567138671875,759.2376708984375,234.0164794921875,226.4471435546875,0.8952346444129944
2665,754,3351,365.05712890625,190.7818603515625,199.242919921875,197.65155029296875,0.8808995485305786
2666,756,3832,507.4698486328125,252.49053955078125,377.639892578125,382.71551513671875,0.9008428454399109
2667,756,29667,124.07949829101562,317.89031982421875,230.48617553710938,228.45611572265625,0.8972204923629761
2668,756,3351,409.19573974609375,883.426513671875,204.16650390625,204.8470458984375,0.8038302659988403
2669,758,31885,559.5518798828125,653.1021728515625,342.53857421875,569.916748046875,0.8669610023498535
2670,758,3483,149.21636962890625,216.00680541992188,256.826416015625,223.642333984375,0.824255108833313
2671,758,19861,638.6671142578125,278.22882080078125,222.682373046875,171.56591796875,0.7626971006393433
2672,758,36637,96.07302856445312,904.605712890625,272.0540771484375,165.564453125,0.6977728009223938
2673,759,19861,86.67931365966797,825.9793701171875,229.92871856689453,177.338623046875,0.8458020687103271
2674,759,31885,75.5396728515625,29.8603515625,336.32818603515625,534.4512939453125,0.8277049660682678
2675,759,3483,568.5621337890625,837.9263916015625,265.7100830078125,231.3951416015625,0.8272730112075806
2676,759,36637,589.6435546875,194.5172119140625,259.41064453125,155.27911376953125,0.7910014986991882
2677,760,33208,654.0385131835938,804.324462890625,217.3271484375,206.162353515625,0.9269329905509949
2678,760,29345,88.173583984375,703.9720458984375,293.1166076660156,448.6968994140625,0.8835342526435852
2679,760,16548,579.0474853515625,201.37161254882812,235.8468017578125,229.1895751953125,0.8447699546813965
2680,760,1900,157.738037109375,257.336669921875,127.86126708984375,200.2213134765625,0.7400157451629639
2681,761,33208,681.696044921875,835.45703125,213.419921875,202.73583984375,0.929939329624176
2682,761,29345,126.69598388671875,752.3350830078125,286.1590576171875,435.7799072265625,0.8851161003112793
2683,761,16548,607.173828125,210.11053466796875,240.54736328125,230.219970703125,0.8552836179733276
2684,761,1900,176.94284057617188,268.1615905761719,131.9815673828125,201.41180419921875,0.7979333400726318
2685,763,31885,501.6303405761719,637.4583740234375,454.1274719238281,485.286865234375,0.8880556225776672
2686,763,27733,560.4617919921875,257.560302734375,308.6724853515625,272.327880859375,0.8690232038497925
2687,763,20238,111.86407470703125,854.640625,235.07443237304688,227.363037109375,0.8551363348960876
2688,763,3483,123.12947082519531,306.95257568359375,272.52256774902344,201.68096923828125,0.7866730690002441
2689,764,31885,50.72441101074219,127.28968811035156,468.01502990722656,480.79466247558594,0.8997772336006165
2690,764,27733,120.25396728515625,770.026123046875,319.02789306640625,277.7801513671875,0.8323265910148621
2691,764,20238,640.9049072265625,190.3487548828125,229.73046875,219.42315673828125,0.8264274597167969
2692,764,3483,604.5985107421875,791.3529663085938,274.73291015625,208.4678955078125,0.7996698021888733
2693,766,34597,564.63134765625,723.4593505859375,411.36865234375,486.0185546875,0.8916632533073425
2694,766,20877,539.529541015625,293.227783203125,334.7882080078125,236.49072265625,0.8704185485839844
2695,766,3483,142.84275817871094,288.66632080078125,211.46388244628906,259.54400634765625,0.8035891056060791
2696,766,36637,165.77310180664062,798.16748046875,192.34991455078125,256.87109375,0.7983042597770691
2697,768,20877,83.47943115234375,724.2896728515625,337.82318115234375,239.7596435546875,0.8952880501747131
2698,768,34597,8.78662109375,13.7657470703125,400.75970458984375,464.37579345703125,0.8578767776489258
2699,768,3483,619.9228515625,716.6358032226562,211.794921875,272.1488037109375,0.8121758103370667
2700,768,36637,599.0653076171875,205.19482421875,185.0355224609375,244.48321533203125,0.8110305070877075
2701,772,33208,638.3766479492188,879.27783203125,209.4315185546875,201.2403564453125,0.9395835995674133
2702,772,16551,546.501708984375,80.85272216796875,299.189697265625,481.43475341796875,0.9223594069480896
2703,772,31705,167.82858276367188,682.213134765625,259.3402099609375,451.459716796875,0.7676301598548889
2704,772,1900,104.29389190673828,270.1385498046875,203.24907684326172,124.6771240234375,0.7538862824440002
2705,773,33208,609.723388671875,846.35546875,216.693115234375,205.513427734375,0.9347332119941711
2706,773,16551,518.7288818359375,72.30340576171875,293.3607177734375,471.63897705078125,0.9122025966644287
2707,773,1900,86.64126586914062,259.62835693359375,201.855224609375,129.0819091796875,0.7917103171348572
2708,773,31705,135.62391662597656,639.345703125,260.69541931152344,458.19873046875,0.7679526805877686
2709,778,25469,47.264892578125,856.402587890625,379.86370849609375,220.005615234375,0.8801945447921753
2710,778,30308,84.77153015136719,170.7498779296875,414.68910217285156,400.0185546875,0.7910445332527161
2711,778,16232,628.3729248046875,219.3457489013672,192.5093994140625,188.50831604003906,0.7877861261367798
2712,778,3483,600.6331787109375,842.39208984375,278.9970703125,191.308349609375,0.7324247360229492
2713,779,16232,161.7147979736328,855.133544921875,197.41770935058594,191.999755859375,0.8515803217887878
2714,779,30308,508.5501708984375,684.056640625,423.672607421875,409.490478515625,0.8320084810256958
2715,779,25469,569.5390625,231.83761596679688,375.0843505859375,220.75,0.7973416447639465
2716,779,3483,124.6265869140625,272.12786865234375,273.7247314453125,190.173095703125,0.7323884963989258
2717,780,25469,11.665924072265625,812.3223876953125,386.25555419921875,225.49072265625,0.8871995806694031
2718,780,16232,597.7550048828125,213.22149658203125,188.7275390625,184.10107421875,0.8210116028785706
2719,780,30308,65.31504821777344,146.177734375,408.21241760253906,397.99639892578125,0.8106187582015991
2720,780,3483,570.627685546875,810.8284912109375,283.9443359375,193.34521484375,0.724078357219696
2721,782,20014,6.2440185546875,620.4898681640625,353.17706298828125,348.18212890625,0.9355756640434265
2722,782,22074,581.7264404296875,727.456298828125,194.365234375,195.56201171875,0.9111042618751526
2723,782,3351,333.47216796875,176.9055938720703,196.85009765625,201.02391052246094,0.6962498426437378
2724,785,35206,104.58466339111328,686.770751953125,207.74724578857422,418.88818359375,0.878541886806488
2725,785,25367,540.8374633789062,686.5838623046875,397.0697021484375,498.10595703125,0.8632057309150696
2726,785,27653,667.3544921875,254.2647705078125,224.482666015625,201.2197265625,0.7212570309638977
2727,785,3483,131.7456817626953,288.1705322265625,278.67735290527344,174.94775390625,0.7205927968025208
2728,787,20238,111.76516723632812,855.9537353515625,231.36489868164062,226.96435546875,0.8547574281692505
2729,787,3483,148.6509552001953,217.51165771484375,252.94639587402344,222.68817138671875,0.83588707447052
2730,787,34597,534.9000854492188,652.0465087890625,356.7957763671875,514.646484375,0.8017570376396179
2731,787,19861,636.942626953125,277.012451171875,222.5640869140625,172.818603515625,0.7679202556610107
2732,788,20238,612.59228515625,185.41627502441406,224.722900390625,214.83348083496094,0.8660981059074402
2733,788,19861,88.54510498046875,826.42919921875,230.0166015625,177.444091796875,0.8416554927825928
2734,788,3483,570.763427734375,837.2506103515625,265.613037109375,231.16064453125,0.8255886435508728
2735,788,34597,95.365478515625,54.45854187011719,339.37762451171875,500.70411682128906,0.718529224395752
2736,79,19232,495.4817199707031,234.9824981689453,337.4570007324219,260.37779235839844,0.8962675333023071
2737,79,16262,127.13970947265625,295.2835693359375,247.9180908203125,238.14691162109375,0.8939887881278992
2738,79,3351,380.5064697265625,838.12451171875,204.1995849609375,206.2117919921875,0.40156400203704834
2739,797,27993,491.8768310546875,855.0496826171875,340.1395263671875,164.431396484375,0.930982768535614
2740,797,16551,41.836822509765625,527.1243896484375,307.778076171875,477.583984375,0.7792515158653259
2741,797,4543,597.2598266601562,187.97650146484375,210.569580078125,201.0716552734375,0.6865424513816833
2742,797,3544,144.28594970703125,191.1002960205078,206.26580810546875,201.74034118652344,0.362521231174469
2743,798,27993,521.4666748046875,893.255615234375,333.76708984375,154.8079833984375,0.9237997531890869
2744,798,4543,626.8171997070312,191.70462036132812,213.886474609375,204.3807373046875,0.8089220523834229
2745,798,16551,68.0789794921875,572.2342529296875,312.573486328125,473.6265869140625,0.723441481590271
2746,798,3544,162.47837829589844,197.12091064453125,209.45191955566406,204.56414794921875,0.4055025279521942
2747,799,20238,642.4732666015625,186.3934326171875,228.299560546875,220.8013916015625,0.8732773661613464
2748,799,28763,169.1937255859375,177.8040008544922,214.6932373046875,205.74562072753906,0.8709754943847656
2749,799,19861,122.97384643554688,865.5538330078125,225.73965454101562,170.245361328125,0.8354891538619995
2750,799,3483,599.0986328125,870.37939453125,261.101318359375,228.2548828125,0.8129386901855469
2751,8,22347,128.17037963867188,218.26112365722656,208.41201782226562,200.60130310058594,0.9028130173683167
2752,8,20238,621.0250244140625,174.6058349609375,228.049072265625,219.7666015625,0.8741810321807861
2753,8,3483,589.1470336914062,845.324462890625,281.4122314453125,168.2772216796875,0.7313781380653381
2754,8,27653,96.6776351928711,854.8272705078125,222.32373809814453,205.729736328125,0.6571758389472961
2755,80,19232,93.62152099609375,694.1522216796875,344.39996337890625,267.8330078125,0.8970950841903687
2756,80,16262,565.3975830078125,695.0881958007812,252.305908203125,244.601318359375,0.8900423049926758
2757,80,3351,352.4097900390625,186.61337280273438,198.44769287109375,202.95208740234375,0.4846101701259613
2758,807,29667,119.39251708984375,838.4207763671875,231.08172607421875,228.7415771484375,0.8645529747009277
2759,807,25367,605.3070068359375,705.5047607421875,324.6009521484375,527.5738525390625,0.8637321591377258
2760,807,3483,155.0625457763672,213.5255126953125,255.54127502441406,223.3084716796875,0.8201097846031189
2761,807,19861,645.8087158203125,278.3983154296875,220.275634765625,171.408447265625,0.7832890748977661
2762,808,29871,631.9554443359375,825.8887939453125,171.822021484375,241.817138671875,0.9087438583374023
2763,808,6563,189.11595153808594,707.6083984375,224.64283752441406,359.325439453125,0.8210330605506897
2764,808,16551,608.068603515625,39.966552734375,341.596435546875,467.58843994140625,0.7572301030158997
2765,808,3544,108.00030517578125,205.83517456054688,209.258544921875,203.59722900390625,0.43659132719039917
2766,810,29871,601.1749877929688,790.224609375,178.3245849609375,248.175537109375,0.9065813422203064
2767,810,6563,156.556396484375,664.013671875,225.67333984375,365.64990234375,0.8625410199165344
2768,810,16551,583.6075439453125,33.46492004394531,329.8377685546875,457.34226989746094,0.7731760740280151
2769,810,3544,91.22421264648438,197.630615234375,205.95895385742188,202.25750732421875,0.3922213017940521
2770,815,32310,514.4583740234375,610.4269409179688,290.1422119140625,362.5245361328125,0.9110684394836426
2771,815,3351,356.32989501953125,161.61927795410156,195.40167236328125,199.95384216308594,0.8950667977333069
2772,815,20238,98.011962890625,709.8447265625,236.13592529296875,232.091064453125,0.8166675567626953
2773,817,16232,645.5345458984375,229.0880126953125,196.496826171875,185.2265625,0.8541401624679565
2774,817,30308,96.89337158203125,154.0439910888672,390.33453369140625,422.45399475097656,0.7799295783042908
2775,817,3483,588.576171875,844.1817016601562,281.1417236328125,169.2926025390625,0.7182668447494507
2776,817,27653,95.45184326171875,853.59814453125,222.548583984375,205.56689453125,0.6610952019691467
2777,818,16232,141.10659790039062,845.5615234375,199.3179931640625,195.076904296875,0.8622179627418518
2778,818,30308,524.8402099609375,670.7650146484375,392.197265625,436.4141845703125,0.8574764132499695
2779,818,3483,132.04042053222656,287.9080810546875,279.12644958496094,175.3538818359375,0.7167432308197021
2780,818,27653,669.388916015625,254.72235107421875,222.521484375,200.6978759765625,0.7164077162742615
2781,819,16232,618.6232299804688,219.6255340576172,190.5335693359375,186.73878479003906,0.8604696989059448
2782,819,30308,79.08651733398438,135.80169677734375,381.720703125,411.6427001953125,0.8259696364402771
2783,819,3483,559.3119506835938,811.9539794921875,285.402587890625,175.4244384765625,0.7233182191848755
2784,819,27653,60.179290771484375,809.4462890625,228.55422973632812,213.556884765625,0.6534053683280945
2785,82,19552,114.90139770507812,146.45428466796875,330.7071533203125,499.90765380859375,0.8324168920516968
2786,82,22362,606.1275634765625,730.04248046875,280.989990234375,424.623779296875,0.8135927319526672
2787,82,3743,117.98924255371094,835.65771484375,347.02320861816406,336.265625,0.8131637573242188
2788,82,2483,627.0313720703125,90.7547607421875,206.032958984375,478.50408935546875,0.789896547794342
2789,820,19552,471.2664794921875,640.92236328125,354.9051513671875,489.092529296875,0.9111902713775635
2790,820,4378,134.52346801757812,107.57635498046875,223.47763061523438,437.83551025390625,0.9096495509147644
2791,820,3743,472.34619140625,143.60186767578125,328.3968505859375,315.1591796875,0.7970135807991028
2792,820,2483,91.4519271850586,692.1251220703125,217.14466094970703,486.8026123046875,0.7460670471191406
2793,822,4378,589.1541137695312,700.8475341796875,244.3250732421875,467.5157470703125,0.9130986332893372
2794,822,19552,120.39572143554688,103.26593017578125,346.22369384765625,488.88702392578125,0.8779207468032837
2795,822,3743,126.79222106933594,808.8504638671875,347.69154357910156,339.2930908203125,0.8154366612434387
2796,822,2483,615.66943359375,65.5076904296875,202.19873046875,473.552001953125,0.7403914928436279
2797,826,18147,529.439453125,319.66461181640625,312.438232421875,383.7435302734375,0.8771799802780151
2798,826,3351,399.65753173828125,855.0289306640625,204.5909423828125,206.46826171875,0.8243655562400818
2799,826,38162,175.15939331054688,198.2084503173828,259.12359619140625,268.72581481933594,0.6018189191818237
2800,828,38162,546.271484375,860.399169921875,257.746826171875,253.653564453125,0.9238637685775757
2801,828,18147,127.64508056640625,573.04833984375,311.70220947265625,409.372314453125,0.8973658084869385
2802,828,3351,373.6856689453125,229.46414184570312,199.4112548828125,197.84906005859375,0.8579708933830261
2803,829,28763,94.6368179321289,165.19200134277344,212.24285125732422,204.16371154785156,0.8226008415222168
2804,829,36637,634.286376953125,175.44183349609375,182.885009765625,244.4052734375,0.8213579058647156
2805,829,3483,530.3383178710938,776.6799926757812,275.673828125,226.6456298828125,0.7694272398948669
2806,829,27777,144.04507446289062,773.91162109375,180.87783813476562,209.233642578125,0.6033095717430115
2807,83,19552,493.102783203125,598.4332275390625,339.186767578125,492.525146484375,0.8973618745803833
2808,83,22362,81.1614990234375,114.5858154296875,260.3201904296875,396.34539794921875,0.8357040286064148
2809,83,2483,90.3666000366211,663.2236328125,212.70551300048828,488.676025390625,0.7600144147872925
2810,83,3743,482.5874328613281,123.4569091796875,324.5651550292969,309.92889404296875,0.7569835782051086
2811,830,28763,664.7750244140625,890.05517578125,226.458984375,215.083251953125,0.8356345891952515
2812,830,36637,128.62738037109375,826.310302734375,193.2945556640625,258.8985595703125,0.8055917024612427
2813,830,3483,172.82518005371094,277.2576904296875,265.34461975097656,217.065185546875,0.7594117522239685
2814,830,27777,635.6280517578125,289.90545654296875,179.608154296875,198.63201904296875,0.5596656799316406
2815,831,36637,662.0591430664062,179.2569580078125,188.9296875,250.21441650390625,0.8191262483596802
2816,831,28763,111.14349365234375,173.81521606445312,216.34674072265625,204.4847412109375,0.7950963973999023
2817,831,3483,562.644775390625,812.4835205078125,268.607177734375,219.7874755859375,0.75296550989151
2818,831,27777,177.9797821044922,811.9349975585938,176.91139221191406,204.123291015625,0.5964201092720032
2819,832,16548,603.3847045898438,161.42822265625,240.3211669921875,229.06414794921875,0.8871570825576782
2820,832,18110,57.134796142578125,121.7279052734375,310.0560607910156,294.14361572265625,0.8319756388664246
2821,832,1900,620.5572509765625,887.96337890625,209.462646484375,140.2587890625,0.7542298436164856
2822,832,21026,136.34149169921875,867.8641357421875,182.07815551757812,177.7481689453125,0.722166121006012
2823,838,33208,584.605224609375,802.3248291015625,219.956298828125,205.4775390625,0.9201017618179321
2824,838,16548,591.8919677734375,161.7533721923828,231.015869140625,226.16197204589844,0.8823009729385376
2825,838,27926,91.0396728515625,611.73828125,272.59326171875,484.9395751953125,0.8059893250465393
2826,838,1900,139.98336791992188,239.17027282714844,199.52593994140625,131.05189514160156,0.6931886672973633
2827,842,27733,560.0053100585938,257.13641357421875,309.1783447265625,273.8497314453125,0.8907396793365479
2828,842,16262,149.79931640625,803.3970947265625,255.26800537109375,241.9503173828125,0.8848944306373596
2829,842,34597,457.7712707519531,660.4591064453125,479.2157897949219,438.6435546875,0.8518340587615967
2830,842,3483,123.55804443359375,306.8660583496094,272.433349609375,201.6597900390625,0.7946048378944397
2831,85,21771,146.51083374023438,846.70068359375,198.3070068359375,194.8128662109375,0.9541129469871521
2832,85,16548,566.4617919921875,251.15829467773438,237.714111328125,226.705078125,0.8828390836715698
2833,85,29345,579.8927001953125,679.4119873046875,297.108154296875,442.1322021484375,0.7827799320220947
2834,85,1900,161.79367065429688,254.44679260253906,127.18505859375,201.44444274902344,0.7460831999778748
2835,851,22627,108.52243041992188,150.62835693359375,313.5047607421875,494.8140869140625,0.8296777606010437
2836,851,3743,117.56280517578125,835.1649169921875,346.822021484375,337.422607421875,0.8087913990020752
2837,851,22362,606.1212768554688,729.937255859375,280.6842041015625,425.1337890625,0.8025813698768616
2838,851,2483,626.650634765625,90.17323303222656,206.814208984375,479.27964782714844,0.7996529340744019
2839,855,12778,86.4912109375,128.6407470703125,311.3741455078125,532.6512451171875,0.9394974112510681
2840,855,4378,589.00390625,699.802001953125,244.185546875,468.3311767578125,0.917405903339386
2841,855,3743,126.99002075195312,809.038330078125,347.03619384765625,338.19091796875,0.8183310627937317
2842,855,2483,615.693603515625,65.31980895996094,201.812744140625,472.87806701660156,0.7314120531082153
2843,857,31863,568.536865234375,745.693359375,218.222412109375,214.998291015625,0.9054964780807495
2844,857,16262,91.08816528320312,677.3545532226562,251.20062255859375,246.4300537109375,0.850092887878418
2845,857,3351,332.524169921875,126.17459106445312,195.78790283203125,201.53140258789062,0.6097946763038635
2846,858,31863,611.1243896484375,835.204345703125,210.271484375,206.320068359375,0.9169105887413025
2847,858,16262,135.2288818359375,768.6196899414062,248.57098388671875,241.0123291015625,0.8683893084526062
2848,858,3351,373.0189208984375,184.0863037109375,197.64691162109375,195.30963134765625,0.6381315588951111
2849,86,21771,616.8094482421875,248.53982543945312,190.260986328125,183.8438720703125,0.9427075982093811
2850,86,29345,117.4515380859375,153.07334899902344,278.99993896484375,416.12208557128906,0.759802520275116
2851,86,1900,682.7107543945312,807.372314453125,134.54248046875,211.17529296875,0.6406356692314148
2852,861,19552,61.27154541015625,86.1961669921875,360.0870361328125,481.4102783203125,0.8841959238052368
2853,861,25438,120.46714782714844,830.4840087890625,268.37794494628906,268.9542236328125,0.8394735455513
2854,861,2483,568.240234375,138.4131317138672,301.765869140625,450.40870666503906,0.8053150773048401
2855,861,12081,648.7388916015625,700.847412109375,259.9033203125,471.2542724609375,0.6062391996383667
2856,862,34597,76.18170166015625,136.322509765625,461.3475341796875,420.1239013671875,0.8691558241844177
2857,862,25469,87.06976318359375,827.3712158203125,343.6771240234375,307.228759765625,0.8336367607116699
2858,862,36637,670.8232421875,171.07174682617188,179.06103515625,257.58331298828125,0.8068055510520935
2859,862,3483,600.8004150390625,843.266845703125,278.7745361328125,190.879150390625,0.7263408899307251
2860,864,34597,56.43365478515625,101.53265380859375,456.54278564453125,430.142578125,0.8578373789787292
2861,864,25469,47.886474609375,787.0023193359375,352.986572265625,303.918701171875,0.8243630528450012
2862,864,36637,643.238525390625,169.6025848388672,173.537353515625,248.82838439941406,0.7968230247497559
2863,864,3483,569.951171875,812.2615966796875,284.1197509765625,191.786865234375,0.7354355454444885
2864,866,16688,29.3548583984375,522.2303466796875,452.085205078125,592.1568603515625,0.9416837096214294
2865,866,3351,301.05828857421875,165.90963745117188,196.47601318359375,202.09857177734375,0.7185760736465454
2866,867,16688,73.32635498046875,621.75537109375,455.18145751953125,599.29541015625,0.9579132199287415
2867,867,3351,340.79644775390625,225.64071655273438,197.63720703125,197.61279296875,0.7322515249252319
2868,868,31885,23.617828369140625,50.2181396484375,420.5152282714844,519.0322875976562,0.8701117038726807
2869,868,16232,645.7876586914062,229.3157958984375,196.235595703125,185.04718017578125,0.8552436828613281
2870,868,3483,587.7335205078125,845.0797729492188,281.807373046875,168.2242431640625,0.7172954082489014
2871,868,27653,95.01034545898438,853.7867431640625,222.69210815429688,205.7216796875,0.666667640209198
2872,869,31885,20.70184326171875,34.11968994140625,395.5648193359375,511.04022216796875,0.8789889216423035
2873,869,16232,618.171142578125,219.68711853027344,190.7911376953125,186.88966369628906,0.858607828617096
2874,869,3483,559.020263671875,812.235595703125,285.26904296875,175.550537109375,0.7194095849990845
2875,869,27653,60.04448699951172,810.048828125,228.38605499267578,213.138916015625,0.6553214192390442
2876,870,31885,567.1712646484375,674.44873046875,405.39599609375,527.783935546875,0.8768901228904724
2877,870,16232,141.2266845703125,844.8665771484375,199.62155151367188,195.57373046875,0.866608202457428
2878,870,3483,132.9341278076172,287.8092956542969,278.07484436035156,175.07720947265625,0.7213323712348938
2879,870,27653,669.495849609375,254.3341064453125,222.51171875,201.337890625,0.7198783159255981
2880,873,16688,72.58815002441406,622.2200927734375,462.73069763183594,596.7105712890625,0.9613564610481262
2881,873,3351,337.2891845703125,217.7288818359375,198.32177734375,197.33984375,0.8962632417678833
2882,873,18147,621.120361328125,668.90185546875,289.4271240234375,428.437744140625,0.731775164604187
2883,874,20877,84.2548828125,724.27880859375,337.323974609375,239.19091796875,0.8938384652137756
2884,874,31885,148.5615234375,143.17994689941406,449.0208740234375,497.94908142089844,0.8902609944343567
2885,874,3483,621.012939453125,715.5811157226562,210.97216796875,272.731689453125,0.8136647939682007
2886,874,16232,623.9580078125,219.23562622070312,192.083984375,187.55621337890625,0.8120260834693909
2887,875,31885,154.443359375,174.0485076904297,474.1556396484375,497.28443908691406,0.8928232192993164
2888,875,20877,116.71484375,768.7196044921875,335.2689208984375,231.2724609375,0.8855471014976501
2889,875,16232,651.6700439453125,230.15185546875,196.9915771484375,183.955078125,0.8345029354095459
2890,875,3483,648.2239379882812,748.5047607421875,209.481201171875,270.70068359375,0.8036299347877502
2891,878,36637,640.7579345703125,207.62692260742188,191.32958984375,248.781494140625,0.8304176330566406
2892,878,34597,74.46588134765625,119.82713317871094,336.5863037109375,501.96192932128906,0.8018864393234253
2893,878,3483,589.1265869140625,844.7633056640625,281.62353515625,167.66259765625,0.7294225096702576
2894,878,27653,96.60480499267578,854.5357666015625,222.62236785888672,205.32177734375,0.6623051762580872
2895,879,36637,611.717529296875,201.98394775390625,187.186767578125,243.1353759765625,0.8260146975517273
2896,879,34597,59.243499755859375,91.41839599609375,326.02593994140625,503.36627197265625,0.7968260049819946
2897,879,3483,560.5118408203125,811.8399658203125,285.2080078125,174.993408203125,0.7179621458053589
2898,879,27653,60.7559814453125,809.8804931640625,229.10491943359375,213.668212890625,0.6562268137931824
2899,88,18110,78.41510009765625,798.004150390625,306.8851318359375,292.95947265625,0.8539836406707764
2900,88,1900,129.44573974609375,231.1158905029297,203.8927001953125,138.72071838378906,0.805574357509613
2901,88,31705,616.5567626953125,729.2562255859375,253.8837890625,453.464599609375,0.7686538100242615
2902,88,16551,606.4149169921875,49.46888732910156,288.2901611328125,482.92417907714844,0.7131324410438538
2903,880,13395,64.70052337646484,91.47979736328125,240.03919219970703,479.66082763671875,0.9564603567123413
2904,880,23223,494.4788818359375,601.3038330078125,323.639892578125,511.6898193359375,0.9536393880844116
2905,880,5094,502.14349365234375,155.07962036132812,281.70703125,275.33941650390625,0.7722276449203491
2906,880,2483,70.2209243774414,670.6800537109375,232.81719207763672,483.44482421875,0.5113258361816406
2907,882,23223,124.38703918457031,89.93321228027344,312.28123474121094,508.72767639160156,0.9635046720504761
2908,882,13395,640.681884765625,670.1009521484375,243.43603515625,495.082275390625,0.9479093551635742
2909,882,2483,634.1350708007812,61.62669372558594,227.91064453125,480.50062561035156,0.7931216359138489
2910,882,5094,147.22911071777344,835.6531982421875,285.40370178222656,276.2445068359375,0.5371755957603455
2911,883,25469,46.961090087890625,856.985107421875,379.61566162109375,219.558837890625,0.8793911337852478
2912,883,28763,141.7503662109375,228.5222625732422,216.6072998046875,207.78614807128906,0.8266018033027649
2913,883,16232,628.2860107421875,218.95834350585938,193.059326171875,188.85955810546875,0.8080169558525085
2914,883,3483,601.40283203125,843.155517578125,278.714111328125,191.086669921875,0.7355186343193054
2915,886,31863,162.18472290039062,285.1705322265625,208.60760498046875,208.3426513671875,0.9141358733177185
2916,886,35206,536.261962890625,259.6060791015625,278.795654296875,392.106201171875,0.8160196542739868
2917,886,3351,402.0411376953125,886.029296875,204.490234375,206.650390625,0.4867696166038513
2918,888,31863,607.609619140625,834.90771484375,212.530029296875,206.9755859375,0.9148836135864258
2919,888,35206,158.635986328125,641.5943603515625,276.84698486328125,401.281494140625,0.8735529780387878
2920,888,3351,372.66949462890625,198.38662719726562,198.8955078125,198.012939453125,0.863425612449646
2921,889,20877,538.595947265625,292.81353759765625,334.6318359375,236.4478759765625,0.8742744326591492
2922,889,16232,133.86944580078125,844.177978515625,198.01644897460938,196.794921875,0.857941746711731
2923,889,3483,141.9805908203125,289.5792236328125,211.57794189453125,259.27008056640625,0.7939054369926453
2924,889,28763,707.7848510742188,888.5260009765625,226.941162109375,213.4613037109375,0.7423620223999023
2925,89,1900,113.20120239257812,224.53086853027344,200.85809326171875,141.27406311035156,0.833538830280304
2926,89,18110,43.952056884765625,756.550537109375,308.2690124511719,301.1536865234375,0.8209578990936279
2927,89,16551,575.3709716796875,43.6395263671875,282.47607421875,470.49853515625,0.7921492457389832
2928,89,31705,586.0032958984375,690.067626953125,263.273681640625,461.319091796875,0.7691117525100708
2929,891,20877,84.07159423828125,724.5902099609375,337.68853759765625,239.43994140625,0.8935992121696472
2930,891,16232,624.1693115234375,220.20411682128906,192.56005859375,186.39439392089844,0.8414041996002197
2931,891,3483,621.18115234375,715.465576171875,211.865478515625,272.934326171875,0.8114048838615417
2932,891,28763,52.65685272216797,168.7020263671875,213.65094757080078,204.6439208984375,0.7985411286354065
2933,894,20877,83.364013671875,724.6536865234375,337.82061767578125,239.765625,0.8937790393829346
2934,894,25367,22.79144287109375,15.656982421875,426.10693359375,455.313720703125,0.8463453054428101
2935,894,36637,599.6150512695312,205.4934539794922,184.319091796875,244.06581115722656,0.8115901350975037
2936,894,3483,620.2545166015625,716.8818359375,211.942626953125,272.0301513671875,0.810925304889679
2937,895,16551,523.13134765625,41.15303039550781,305.898681640625,458.24131774902344,0.9150493741035461
2938,895,10221,579.51025390625,775.3604736328125,232.914794921875,221.277099609375,0.9104105234146118
2939,895,21026,98.04464721679688,819.4698486328125,184.33941650390625,181.80859375,0.7501252293586731
2940,895,3544,89.94281005859375,220.6522674560547,207.84442138671875,203.49501037597656,0.3030642569065094
2941,896,16551,547.185791015625,45.40240478515625,317.3179931640625,473.51348876953125,0.9254235029220581
2942,896,10221,610.0977783203125,811.3409423828125,226.28515625,216.546875,0.8833860158920288
2943,896,21026,131.76910400390625,854.039794921875,181.9810791015625,177.812744140625,0.7433692812919617
2944,896,3544,107.52294921875,231.354736328125,209.77197265625,202.88531494140625,0.5246348977088928
2945,897,10221,168.81549072265625,274.203857421875,221.30023193359375,216.24334716796875,0.9289208650588989
2946,897,3544,674.96826171875,833.224853515625,216.4901123046875,215.2327880859375,0.8782101273536682
2947,897,21026,673.7442626953125,284.13861083984375,180.0087890625,174.363037109375,0.750751256942749
2948,897,16551,121.05804443359375,719.452392578125,319.00946044921875,490.4222412109375,0.6378614902496338
2949,898,12247,616.49462890625,205.82260131835938,175.47314453125,188.10595703125,0.9636430144309998
2950,898,27926,561.66064453125,586.712890625,267.232177734375,481.2994384765625,0.9374717473983765
2951,898,16548,72.40057373046875,777.0292358398438,241.09747314453125,235.4967041015625,0.8811325430870056
2952,898,3544,118.83116912841797,169.91729736328125,205.79920196533203,202.96270751953125,0.770690381526947
2953,9,22347,110.8055419921875,209.3902130126953,204.71792602539062,197.42417907714844,0.9151498079299927
2954,9,20238,590.3804931640625,171.81414794921875,225.277587890625,215.416259765625,0.8655262589454651
2955,9,3483,558.3631591796875,812.3599853515625,288.208984375,174.86279296875,0.7255880832672119
2956,9,27653,60.715599060058594,810.211669921875,229.85889434814453,213.75439453125,0.6557325124740601
2957,90,16551,88.13031005859375,708.47705078125,298.4278564453125,497.84619140625,0.8773736357688904
2958,90,18110,611.44482421875,215.75079345703125,301.68115234375,291.66326904296875,0.8644883036613464
2959,90,31705,132.78689575195312,125.14678955078125,252.26849365234375,427.42584228515625,0.7603859305381775
2960,90,1900,656.4119873046875,903.252197265625,211.8681640625,147.720703125,0.7582648992538452
2961,900,12247,646.5067138671875,205.69447326660156,176.5972900390625,191.49729919433594,0.9733172655105591
2962,900,27926,594.3992919921875,626.5230712890625,254.7977294921875,481.09912109375,0.9420526623725891
2963,900,16548,106.30062866210938,821.3226318359375,238.33523559570312,228.9150390625,0.8950356245040894
2964,900,3544,134.49752807617188,176.58279418945312,208.79501342773438,204.0028076171875,0.8400825262069702
2965,904,30308,158.6202392578125,51.37837219238281,296.944580078125,474.86851501464844,0.8675557971000671
2966,904,20238,641.28466796875,190.2340850830078,229.552734375,219.44371032714844,0.8255870938301086
2967,904,27733,120.8487548828125,770.130126953125,318.679931640625,277.627685546875,0.8255325555801392
2968,904,3483,604.4326782226562,791.2811279296875,275.357421875,208.4971923828125,0.7894393801689148
2969,906,27733,560.0050048828125,257.3570556640625,308.883544921875,271.83428955078125,0.8747475147247314
2970,906,20238,111.6768798828125,854.6658935546875,235.80853271484375,227.463623046875,0.8558335304260254
2971,906,30308,541.757080078125,721.812255859375,308.399658203125,483.7967529296875,0.7984663844108582
2972,906,3483,123.27432250976562,306.65228271484375,272.31591796875,202.1375732421875,0.7949331998825073
2973,908,31863,569.02783203125,745.7786254882812,217.6927490234375,214.66796875,0.9053193926811218
2974,908,20238,113.7503433227539,713.2828369140625,234.15312957763672,233.13623046875,0.6128836274147034
2975,908,3351,300.62103271484375,186.59127807617188,195.602294921875,200.49517822265625,0.5559654831886292
2976,91,27926,146.77182006835938,142.55308532714844,265.39593505859375,456.94508361816406,0.9359729290008545
2977,91,19607,688.4310302734375,298.90069580078125,157.9451904296875,150.11700439453125,0.9004504680633545
2978,91,1900,629.0736694335938,892.307373046875,212.7657470703125,136.8377685546875,0.77862149477005
2979,91,16548,121.68649291992188,864.2564697265625,246.06857299804688,241.4287109375,0.756274402141571
2980,910,25367,511.4410400390625,691.849365234375,455.654296875,449.0650634765625,0.8694701194763184
2981,910,29667,125.16177368164062,877.921142578125,233.85311889648438,231.261474609375,0.8623321652412415
2982,910,3483,174.9141845703125,276.71966552734375,265.12164306640625,217.0281982421875,0.7607631087303162
2983,910,27777,637.4581298828125,291.8123779296875,179.607421875,198.978515625,0.5840617418289185
2984,912,29667,599.8470458984375,160.68063354492188,220.6817626953125,216.7337646484375,0.8632117509841919
2985,912,25367,25.181777954101562,93.45660400390625,446.85960388183594,439.28570556640625,0.8592167496681213
2986,912,3483,527.541259765625,777.8028564453125,275.904296875,226.343994140625,0.751758337020874
2987,912,27777,142.167724609375,772.0531005859375,180.37921142578125,209.1845703125,0.5976294875144958
2988,914,13900,545.439697265625,706.444580078125,216.2337646484375,252.43603515625,0.9290546178817749
2989,914,3351,362.39532470703125,117.34988403320312,197.08551025390625,201.71243286132812,0.8380388617515564
2990,915,13900,593.4193115234375,797.5506591796875,202.468017578125,245.6036376953125,0.932744026184082
2991,915,3351,403.48260498046875,172.00885009765625,199.0931396484375,197.91485595703125,0.8845746517181396
2992,916,27733,560.4219970703125,257.52679443359375,308.719482421875,271.89453125,0.8857648968696594
2993,916,16232,139.79507446289062,890.57421875,201.30722045898438,196.588623046875,0.8677781224250793
2994,916,25367,504.0540771484375,675.871826171875,462.839599609375,432.323974609375,0.8636700510978699
2995,916,3483,122.99774169921875,307.95343017578125,274.5740966796875,201.634521484375,0.7944164276123047
2996,919,27733,558.5601806640625,256.6927490234375,308.7763671875,274.2060546875,0.8881227374076843
2997,919,30308,489.6280212402344,673.5670166015625,378.1914367675781,443.1431884765625,0.8205650448799133
2998,919,3483,121.351318359375,309.2484130859375,273.853759765625,201.62506103515625,0.7912356853485107
2999,919,36637,100.27969360351562,881.3106689453125,268.2275085449219,178.2762451171875,0.771664559841156
3000,920,27733,88.43606567382812,723.1429443359375,321.47607421875,284.8251953125,0.8581517338752747
3001,920,30308,127.0201416015625,122.1024169921875,368.23590087890625,425.908203125,0.8324511051177979
3002,920,3483,576.1153564453125,758.4127197265625,279.39892578125,209.15087890625,0.801154375076294
3003,920,36637,590.7313232421875,200.7253875732422,254.6259765625,170.68324279785156,0.7717185020446777
3004,923,16262,109.21966552734375,835.363525390625,250.214111328125,242.464111328125,0.8974690437316895
3005,923,25367,536.7427368164062,705.230224609375,430.9520263671875,455.648681640625,0.8640143275260925
3006,923,20877,539.5902709960938,292.4598388671875,335.1060791015625,237.04876708984375,0.8634040355682373
3007,923,3483,143.0475616455078,288.27587890625,212.42918395996094,259.1474609375,0.7993093729019165
3008,925,34597,476.517333984375,618.39306640625,452.243896484375,462.083251953125,0.8711917996406555
3009,925,16232,144.30313110351562,898.39453125,197.48883056640625,193.182373046875,0.859908938407898
3010,925,3483,149.01348876953125,217.6424560546875,253.2408447265625,222.82171630859375,0.828085720539093
3011,925,19861,636.9407958984375,277.57855224609375,222.48681640625,172.189453125,0.7569542527198792
3012,927,34597,57.72853088378906,140.361083984375,436.63389587402344,445.30377197265625,0.8476011157035828
3013,927,19861,88.46707153320312,826.213623046875,229.94137573242188,177.384521484375,0.843856930732727
3014,927,3483,570.428466796875,837.8079833984375,265.779296875,230.57958984375,0.8303799033164978
3015,927,16232,614.344970703125,171.04940795898438,189.10986328125,184.6688232421875,0.8056928515434265
3016,929,31885,25.119873046875,35.379638671875,421.2674560546875,496.98876953125,0.8860675692558289
3017,929,25469,11.899169921875,812.21240234375,385.92791748046875,225.509033203125,0.8801425695419312
3018,929,16232,597.769775390625,213.3243408203125,188.988037109375,184.01416015625,0.8218899965286255
3019,929,3483,570.9600830078125,811.1636352539062,283.5966796875,192.9527587890625,0.7246668934822083
3020,930,31885,533.945068359375,685.913330078125,428.427734375,512.956298828125,0.8676137924194336
3021,930,16232,161.62698364257812,855.0196533203125,197.6126708984375,192.240966796875,0.8648570775985718
3022,930,25469,569.4970092773438,231.69874572753906,375.1348876953125,221.10643005371094,0.7919692397117615
3023,930,3483,124.98611450195312,272.5440673828125,273.48828125,189.71923828125,0.7282480597496033
3024,931,19607,164.220703125,918.17724609375,162.15518188476562,156.619384765625,0.9215697646141052
3025,931,1900,176.7747802734375,267.97308349609375,132.32550048828125,201.6396484375,0.7727296948432922
3026,931,16551,472.846923828125,242.8344268798828,493.0582275390625,266.47569274902344,0.6677934527397156
3027,931,29345,575.5062255859375,719.1302490234375,325.96337890625,421.896484375,0.5687353610992432
3028,932,19607,128.85064697265625,886.244140625,165.36691284179688,160.03173828125,0.933016836643219
3029,932,16551,442.50714111328125,218.24407958984375,489.9598388671875,274.74884033203125,0.7999994158744812
3030,932,1900,157.86444091796875,257.3078918457031,127.56292724609375,200.10137939453125,0.7469030618667603
3031,932,29345,542.3822631835938,682.170654296875,339.869873046875,425.9873046875,0.5320371985435486
3032,933,19607,664.34033203125,252.40464782714844,158.0068359375,153.23963928222656,0.9003341794013977
3033,933,16551,18.594482421875,733.1685791015625,504.27117919921875,289.014404296875,0.7022382020950317
3034,933,1900,686.063232421875,803.69580078125,132.85693359375,211.345458984375,0.6617388725280762
3035,933,29345,119.6356201171875,167.59283447265625,314.4652099609375,399.94085693359375,0.5439155101776123
3036,936,4378,648.4755859375,705.9349365234375,232.32470703125,475.6646728515625,0.941023588180542
3037,936,19552,116.866455078125,187.19871520996094,321.39068603515625,502.74000549316406,0.8848339319229126
3038,936,25438,107.8525390625,841.575439453125,267.7714538574219,267.1663818359375,0.8762925267219543
3039,936,2483,598.183837890625,94.58299255371094,252.89111328125,465.33192443847656,0.8178436756134033
3040,937,4378,589.118408203125,699.1256103515625,243.170166015625,469.6961669921875,0.9104042053222656
3041,937,3743,126.82499694824219,809.2374267578125,347.69996643066406,338.49169921875,0.8218053579330444
3042,937,2483,615.3671875,66.448486328125,202.302978515625,471.9005126953125,0.7429125308990479
3043,937,6192,125.2362060546875,90.23919677734375,302.1182861328125,541.6300659179688,0.7317173480987549
3044,938,4378,583.4599609375,701.0159912109375,233.0609130859375,450.923828125,0.8811126351356506
3045,938,3743,126.93046569824219,801.02490234375,337.66444396972656,323.080810546875,0.805206835269928
3046,938,2483,626.8449096679688,27.84814453125,205.1829833984375,488.484130859375,0.7428706288337708
3047,938,6192,124.81196594238281,71.16973876953125,299.78672790527344,528.4364013671875,0.7158930897712708
3048,940,18147,198.611083984375,226.8978729248047,238.45916748046875,412.59217834472656,0.9068171381950378
3049,940,16232,641.9202880859375,320.56707763671875,194.001220703125,192.0355224609375,0.8315317034721375
3050,940,3351,412.5815124511719,891.0479736328125,206.45559692382812,205.9847412109375,0.6399716734886169
3051,941,18147,493.155029296875,553.4866943359375,241.55029296875,442.426025390625,0.9029279351234436
3052,941,3351,322.27679443359375,135.84478759765625,196.8349609375,200.80532836914062,0.5218045711517334
3053,941,16232,88.96908569335938,710.796630859375,197.21310424804688,195.7392578125,0.4963134229183197
3054,942,18147,539.12646484375,646.095703125,235.4608154296875,442.89306640625,0.9056892395019531
3055,942,16232,130.07421875,798.6488647460938,196.23687744140625,191.48583984375,0.831459641456604
3056,942,3351,361.76385498046875,192.93983459472656,197.951904296875,196.96629333496094,0.8181158900260925
3057,945,25367,626.271240234375,640.5029296875,326.579833984375,522.511962890625,0.8766160607337952
3058,945,20238,111.81045532226562,856.1219482421875,231.52883911132812,226.721923828125,0.8461460471153259
3059,945,3483,148.5397186279297,217.23129272460938,253.30836486816406,222.84356689453125,0.8408440351486206
3060,945,19861,636.8681640625,277.52703857421875,222.531005859375,172.301513671875,0.7670720815658569
3061,947,28763,592.0789184570312,887.672119140625,223.195556640625,213.8580322265625,0.8782356381416321
3062,947,16232,141.05001831054688,844.646240234375,199.0147705078125,196.053955078125,0.868283212184906
3063,947,27653,668.619140625,254.1419677734375,223.4234619140625,200.52490234375,0.7216435670852661
3064,947,3483,132.273681640625,287.59771728515625,278.42388916015625,175.325439453125,0.7147262692451477
3065,948,28763,182.02252197265625,178.1067352294922,217.81201171875,204.48634338378906,0.8607862591743469
3066,948,16232,646.09228515625,228.8101806640625,195.78271484375,185.28289794921875,0.8431707620620728
3067,948,3483,588.3538208007812,844.6016845703125,281.4443359375,169.67236328125,0.7241640686988831
3068,948,27653,95.43694305419922,854.232177734375,222.26874542236328,205.4609375,0.657710611820221
3069,949,16262,109.21028900146484,835.7205810546875,249.89466094970703,243.345458984375,0.8978107571601868
3070,949,20877,539.21630859375,292.88421630859375,334.280517578125,235.9227294921875,0.8718484044075012
3071,949,30308,498.19012451171875,721.381103515625,430.8184814453125,402.587890625,0.818374752998352
3072,949,3483,142.73080444335938,288.67626953125,211.755859375,259.7984619140625,0.796815037727356
3073,95,32310,495.710693359375,714.8727416992188,387.94384765625,248.1546630859375,0.9246004819869995
3074,95,29667,59.851165771484375,740.99462890625,234.4974365234375,236.38818359375,0.8741715550422668
3075,95,3351,332.26446533203125,176.39398193359375,194.68994140625,198.6331787109375,0.857313871383667
3076,950,20877,83.85914611816406,724.0365600585938,337.89012145996094,240.24169921875,0.8932645320892334
3077,950,16262,600.3924560546875,185.72955322265625,237.823974609375,230.108642578125,0.856708288192749
3078,950,3483,620.708251953125,715.965576171875,211.26123046875,272.704833984375,0.8130093216896057
3079,950,30308,70.08192443847656,114.48826599121094,414.45628356933594,391.95497131347656,0.8100350499153137
3080,951,20877,116.43350219726562,768.8302001953125,334.7581787109375,231.6875,0.8832406401634216
3081,951,16262,629.5872192382812,192.3589324951172,242.8634033203125,233.83949279785156,0.8369763493537903
3082,951,3483,647.3109130859375,750.011474609375,210.5040283203125,270.212158203125,0.8038631081581116
3083,951,30308,87.19073486328125,135.89410400390625,420.82965087890625,392.07208251953125,0.8001731634140015
3084,952,16262,166.19076538085938,834.3697509765625,253.6119384765625,242.7320556640625,0.8684736490249634
3085,952,30308,562.033203125,647.5499267578125,390.74169921875,432.746826171875,0.8635398149490356
3086,952,25469,569.445556640625,231.7801513671875,375.1982421875,221.0478515625,0.7955003976821899
3087,952,3483,124.24522399902344,272.77020263671875,274.10560607910156,189.4493408203125,0.7354947328567505
3088,953,25469,11.38958740234375,812.1016845703125,386.58953857421875,225.401611328125,0.883990466594696
3089,953,16262,541.127685546875,187.24539184570312,243.7667236328125,231.7044677734375,0.8618872165679932
3090,953,30308,46.224090576171875,156.98211669921875,378.8997497558594,418.45599365234375,0.8241384625434875
3091,953,3483,570.5927734375,810.9663696289062,283.4669189453125,193.005615234375,0.7190442681312561
3092,954,25469,46.862335205078125,856.382080078125,380.0411376953125,220.07861328125,0.8870060443878174
3093,954,16262,572.292724609375,195.90509033203125,244.9130859375,232.15216064453125,0.8527393937110901
3094,954,30308,61.1824951171875,180.1680908203125,388.4244384765625,425.832275390625,0.8234996199607849
3095,954,3483,600.9447631835938,842.5794677734375,278.73583984375,191.2852783203125,0.7317073941230774
3096,956,19607,141.843017578125,861.7723388671875,160.19146728515625,156.5673828125,0.9352282881736755
3097,956,27926,593.9532470703125,671.0830078125,258.85595703125,481.5650634765625,0.9172422885894775
3098,956,1900,154.89532470703125,249.5991668701172,207.6331787109375,125.96058654785156,0.785387396812439
3099,956,16551,591.542236328125,0.0,313.163330078125,446.1956787109375,0.7788694500923157
3100,957,27926,145.48387145996094,144.3184814453125,268.27503967285156,454.745849609375,0.9428298473358154
3101,957,16551,79.47698974609375,788.0846557617188,318.7601318359375,485.16851806640625,0.9134410619735718
3102,957,19607,688.5106201171875,298.9619140625,157.80029296875,149.697509765625,0.9042436480522156
3103,957,1900,628.6126708984375,893.08984375,213.0643310546875,136.62255859375,0.7790181040763855
3104,962,19607,141.992919921875,847.1650390625,162.78466796875,160.64404296875,0.9338219165802002
3105,962,16551,621.786376953125,108.8038330078125,285.749267578125,474.0648193359375,0.9247936606407166
3106,962,29451,468.5904541015625,777.2100830078125,409.1357421875,279.6236572265625,0.8918185234069824
3107,962,1900,147.81509399414062,238.41259765625,180.83584594726562,186.4215087890625,0.7159956693649292
3108,966,16548,125.4541015625,852.8477783203125,248.03204345703125,237.956298828125,0.8718764185905457
3109,966,18110,611.8975830078125,215.91754150390625,301.0665283203125,291.383544921875,0.8650580644607544
3110,966,1900,656.3975830078125,903.185302734375,211.884033203125,148.2371826171875,0.7653019428253174
3111,966,31705,132.9058837890625,124.90325927734375,251.89794921875,427.5111083984375,0.7640833854675293
3112,967,41768,125.66522216796875,300.6807861328125,263.18023681640625,296.642822265625,0.9257804751396179
3113,967,29667,584.9251708984375,305.0133056640625,232.026123046875,224.361328125,0.8915102481842041
3114,967,3351,398.47479248046875,880.355224609375,203.4678955078125,206.374755859375,0.5595704317092896
3115,968,29667,109.63787078857422,694.674072265625,234.96454620361328,235.768798828125,0.906697154045105
3116,968,41768,563.9365234375,617.6708984375,262.6895751953125,310.89111328125,0.8466619253158569
3117,968,3351,335.20294189453125,149.242919921875,196.80377197265625,201.1522216796875,0.6106976866722107
3118,97,19607,664.1822509765625,252.1353302001953,158.5126953125,153.68540954589844,0.906656801700592
3119,97,16548,100.48895263671875,820.8939208984375,243.09292602539062,239.44384765625,0.8318395018577576
3120,97,1900,685.8739624023438,805.37646484375,133.464111328125,210.1593017578125,0.6650363206863403
3121,97,29345,119.638427734375,167.7550048828125,314.3917236328125,400.0830078125,0.5422441363334656
3122,972,21771,123.68475341796875,772.628173828125,196.82461547851562,193.170166015625,0.9649121761322021
3123,972,16551,568.2320556640625,8.922119140625,332.209228515625,446.05999755859375,0.8834119439125061
3124,972,27926,565.3543090820312,630.1314697265625,268.1136474609375,485.66162109375,0.8605796694755554
3125,972,1900,139.95361328125,240.5101318359375,198.66900634765625,131.13507080078125,0.6912389397621155
3126,973,21771,180.5520782470703,882.0423583984375,194.51048278808594,190.0289306640625,0.9587156176567078
3127,973,1900,179.36837768554688,264.99029541015625,132.00918579101562,202.675537109375,0.8044179081916809
3128,973,29345,610.6192626953125,717.36962890625,287.969482421875,437.2376708984375,0.7680131793022156
3129,973,16551,566.7833251953125,77.40045166015625,306.473876953125,474.18048095703125,0.7130535840988159
3130,974,21771,146.446044921875,846.5771484375,198.16796875,194.910888671875,0.9539764523506165
3131,974,29345,579.63720703125,679.1951904296875,297.057373046875,441.972412109375,0.7889119386672974
3132,974,1900,162.16714477539062,254.5690155029297,126.49624633789062,201.04469299316406,0.7484429478645325
3133,974,16551,534.8963623046875,71.09649658203125,304.781005859375,461.79595947265625,0.7143741846084595
3134,975,21771,617.1007080078125,248.5884552001953,190.096923828125,183.82701110839844,0.9422240853309631
3135,975,16551,102.65438842773438,689.9459228515625,326.06695556640625,484.62353515625,0.9258348345756531
3136,975,29345,114.96981811523438,153.92002868652344,281.13037109375,413.79396057128906,0.7587210536003113
3137,975,1900,682.52099609375,807.084716796875,134.695556640625,211.5772705078125,0.6229318976402283
3138,979,22074,580.0667724609375,709.5719604492188,193.765625,195.623046875,0.9089933633804321
3139,979,18357,71.5455322265625,546.6793212890625,288.67462158203125,340.093994140625,0.7089838981628418
3140,979,3351,385.664306640625,150.30740356445312,198.1934814453125,201.54937744140625,0.5132749080657959
3141,980,22074,169.88449096679688,310.57403564453125,190.0357666015625,192.766845703125,0.8749040365219116
3142,980,3351,347.36639404296875,865.198974609375,203.37548828125,205.858642578125,0.8080630898475647
3143,980,18357,571.6920166015625,303.29351806640625,285.1893310546875,325.9171142578125,0.47053301334381104
3144,982,23223,99.21205139160156,111.08984375,310.04832458496094,509.197021484375,0.966690182685852
3145,982,13395,632.63232421875,676.8583984375,247.18505859375,508.74462890625,0.9589558243751526
3146,982,3743,114.36737060546875,837.634765625,342.33367919921875,334.9132080078125,0.8118476867675781
3147,982,2483,660.248779296875,111.74757385253906,213.2685546875,473.13365173339844,0.7856652736663818
3148,983,23223,97.54473876953125,80.50123596191406,308.55853271484375,504.52574157714844,0.968357503414154
3149,983,13395,622.990966796875,678.040283203125,243.053466796875,495.8072509765625,0.9454206824302673
3150,983,3743,113.07719421386719,825.3428955078125,334.56666564941406,325.1671142578125,0.8088180422782898
3151,983,2483,670.5215454101562,83.3453369140625,209.7132568359375,479.36907958984375,0.7761320471763611
3152,984,23223,523.8663940429688,611.74755859375,316.8304443359375,513.9881591796875,0.959610641002655
3153,984,13395,82.77005004882812,83.84820556640625,237.83804321289062,482.07403564453125,0.9514224529266357
3154,984,2483,54.679962158203125,646.7994384765625,214.3824462890625,485.9588623046875,0.7983182072639465
3155,984,3743,488.069091796875,123.19149780273438,326.69140625,312.47552490234375,0.7779218554496765
3156,985,24850,115.98489379882812,735.7879638671875,200.74307250976562,289.4683837890625,0.9306249618530273
3157,985,16548,572.468505859375,186.86212158203125,235.5478515625,224.82952880859375,0.8598778247833252
3158,985,29451,516.3545532226562,803.7109375,425.9677734375,234.34326171875,0.7358235120773315
3159,985,1900,138.46469116210938,218.97061157226562,201.93991088867188,149.54510498046875,0.6839016675949097
3160,986,24850,644.544677734375,257.29376220703125,193.0390625,269.62896728515625,0.935399055480957
3161,986,1900,631.6317138671875,898.9884033203125,210.48388671875,155.4627685546875,0.749133288860321
3162,986,29451,46.37213134765625,231.6942901611328,408.429443359375,230.75682067871094,0.7109888195991516
3163,986,16548,141.3588409423828,836.6727294921875,245.72239685058594,239.112060546875,0.3873808979988098
3164,988,22347,154.78515625,181.35009765625,211.477783203125,202.06683349609375,0.8835457563400269
3165,988,19861,121.300048828125,864.93115234375,224.98968505859375,170.557861328125,0.8393957614898682
3166,988,36637,617.92578125,197.8497772216797,267.08447265625,153.81336975097656,0.8092390298843384
3167,988,3483,598.3299560546875,870.1951904296875,259.684814453125,229.7274169921875,0.80042564868927
3168,989,22347,139.79571533203125,174.85699462890625,204.614013671875,198.1715087890625,0.8918091058731079
3169,989,19861,86.60140991210938,826.1493530273438,229.94223022460938,177.4674072265625,0.8440685272216797
3170,989,3483,568.3270263671875,838.5386962890625,265.9453125,231.490478515625,0.8225281834602356
3171,989,36637,589.3477783203125,193.79405212402344,261.0596923828125,154.91542053222656,0.7907959818840027
3172,990,22347,625.27197265625,886.7545166015625,216.08251953125,211.4205322265625,0.8723921775817871
3173,990,3483,150.85089111328125,216.50775146484375,253.4510498046875,222.615234375,0.83017897605896
3174,990,19861,638.9556884765625,277.2029724121094,222.5621337890625,172.44354248046875,0.7689692378044128
3175,990,36637,93.8133544921875,904.5281982421875,274.40447998046875,165.872802734375,0.7032811045646667
3176,991,10221,579.469482421875,775.018798828125,233.061767578125,221.507080078125,0.9076642990112305
3177,991,16548,568.10546875,221.53665161132812,237.60498046875,225.51177978515625,0.885013997554779
3178,991,21026,98.1314697265625,819.749267578125,184.18203735351562,181.407958984375,0.7418267726898193
3179,991,3544,89.76824951171875,220.8516845703125,207.95217895507812,202.87884521484375,0.38030797243118286
3180,993,16548,598.9000854492188,232.1710205078125,239.268798828125,229.50439453125,0.8807050585746765
3181,993,10221,610.207763671875,811.300048828125,226.1964111328125,216.2998046875,0.8736652731895447
3182,993,21026,131.86599731445312,854.0423583984375,182.07162475585938,177.7930908203125,0.7417003512382507
3183,993,3544,107.46206665039062,231.2417449951172,209.34231567382812,202.83888244628906,0.5475273728370667
3184,994,16262,116.12332153320312,844.8826904296875,251.23568725585938,243.06689453125,0.9015805125236511
3185,994,30308,504.34124755859375,748.83154296875,401.190185546875,436.539306640625,0.8156457543373108
3186,994,3483,132.5673370361328,288.1265563964844,278.17967224121094,175.0225830078125,0.7217514514923096
3187,994,27653,668.7229614257812,254.47549438476562,223.12939453125,201.11004638671875,0.7208348512649536
3188,996,16262,622.5414428710938,181.81126403808594,241.498291015625,233.72987365722656,0.8097368478775024
3189,996,30308,109.11668395996094,77.5198974609375,394.27333068847656,417.522705078125,0.7825525999069214
3190,996,3483,588.20703125,844.439453125,281.7869873046875,168.647216796875,0.7247889041900635
3191,996,27653,95.5572509765625,853.24267578125,222.23739624023438,206.1429443359375,0.6608877182006836
3192,997,21771,121.81829833984375,804.205322265625,196.59759521484375,189.7672119140625,0.9347087144851685
3193,997,16551,583.78662109375,62.4747314453125,283.844482421875,469.30694580078125,0.9114300608634949
3194,997,29451,451.4857177734375,809.437744140625,427.331298828125,226.029296875,0.7968153357505798
3195,997,1900,147.24066162109375,238.20068359375,182.29974365234375,185.79742431640625,0.7126020193099976
3196,998,21771,154.70135498046875,838.21826171875,195.32733154296875,186.6702880859375,0.9339232444763184
3197,998,16551,613.468505859375,66.57049560546875,291.122802734375,482.85491943359375,0.9136015176773071
3198,998,29451,484.74554443359375,845.8477783203125,418.818603515625,221.4378662109375,0.7961254715919495
3199,998,1900,166.55787658691406,248.61569213867188,184.08274841308594,183.22625732421875,0.6820275783538818
3200,999,21771,641.420654296875,287.174560546875,190.796630859375,187.087890625,0.9610952138900757
3201,999,29451,105.4307861328125,234.3818359375,414.02264404296875,225.11102294921875,0.7989473938941956
3202,999,16551,81.0316162109375,688.9783935546875,295.301513671875,495.7279052734375,0.7588682174682617
3203,999,1900,643.3663330078125,843.8558349609375,190.377685546875,191.000732421875,0.6428179144859314
