annotation_id,image_id,category_id,bbox_x,bbox_y,bbox_w,bbox_h,score
1,1,16551,548.6141357421875,54.15399169921875,415.334228515625,437.38702392578125,0.8424069285392761
2,1,1900,153.4273681640625,247.2020721435547,210.363525390625,134.78248596191406,0.8166489005088806
3,1,27926,585.943359375,670.7647705078125,290.234130859375,493.3316650390625,0.6897043585777283
4,1,24850,169.69363403320312,739.514404296875,187.01568603515625,296.9561767578125,0.6874683499336243
5,10,21771,633.9281005859375,282.306640625,205.05419921875,197.046142578125,0.9000766277313232
6,10,1900,638.5446166992188,834.831298828125,195.701904296875,202.831298828125,0.8038918375968933
7,10,16548,92.51812744140625,798.1097412109375,258.82952880859375,255.48779296875,0.7618002891540527
8,10,29451,91.403076171875,218.69105529785156,433.0279541015625,253.83860778808594,0.6392176151275635
9,100,16548,579.4141845703125,124.5220947265625,241.67236328125,239.267333984375,0.8984366059303284
10,100,33009,510.481689453125,772.7250366210938,389.8349609375,244.8096923828125,0.8169158101081848
11,100,1900,130.08712768554688,236.05624389648438,199.9959716796875,175.20013427734375,0.8054890632629395
12,100,18110,37.98486328125,739.6488037109375,320.1414794921875,318.8271484375,0.7925398349761963
13,1003,27733,113.322265625,754.2197265625,327.77410888671875,315.4979248046875,0.8755437135696411
14,1003,16232,641.4427490234375,173.3623046875,204.3583984375,198.79351806640625,0.8387690186500549
15,1003,3483,597.0960693359375,777.241943359375,290.99072265625,228.5716552734375,0.7841213941574097
16,1003,34597,12.795730590820312,148.340576171875,488.65415954589844,446.85943603515625,0.7829543352127075
17,1004,27733,555.7275390625,244.5308837890625,322.6893310546875,304.68603515625,0.8857226371765137
18,1004,16232,135.06747436523438,884.2459716796875,210.22579956054688,209.197265625,0.8554718494415283
19,1004,3483,116.18780517578125,294.7142333984375,285.5316162109375,225.4547119140625,0.7792683839797974
20,1004,34597,486.8371276855469,646.738525390625,489.1628723144531,468.234375,0.7735148668289185
21,1005,16232,613.09130859375,169.02096557617188,197.8397216796875,197.1884765625,0.8437960147857666
22,1005,27733,78.63906860351562,705.66552734375,332.4533996582031,325.236083984375,0.8337035179138184
23,1005,3483,569.101318359375,746.1990356445312,294.6502685546875,232.21337890625,0.779961347579956
24,1005,34597,2.530670166015625,113.237060546875,473.1288757324219,461.3013916015625,0.7688421607017517
25,1006,25367,20.883926391601562,163.528564453125,479.01878356933594,456.11834716796875,0.8616379499435425
26,1006,20238,611.0603637695312,187.0625762939453,236.504150390625,234.33238220214844,0.8062852621078491
27,1006,3483,592.95654296875,829.5323486328125,298.124267578125,212.173095703125,0.76345294713974
28,1006,25469,38.80975341796875,836.8800048828125,388.4159851074219,253.6905517578125,0.748418927192688
29,1007,25367,4.5963134765625,145.3963623046875,468.05133056640625,454.24298095703125,0.8373485207557678
30,1007,20238,581.6765747070312,182.7532958984375,232.578125,229.41607666015625,0.797363817691803
31,1007,25469,0.0,795.6192626953125,396.35076904296875,256.7734375,0.7856473326683044
32,1007,3483,568.620849609375,794.9359130859375,296.376953125,218.5517578125,0.7610058784484863
33,1009,22347,74.01083374023438,190.8794708251953,213.15234375,208.01573181152344,0.9028065800666809
34,1009,16262,541.7408447265625,179.2274932861328,246.25341796875,244.14781188964844,0.8283354043960571
35,1009,25469,0.0,795.9788818359375,396.33575439453125,256.236328125,0.7940331697463989
36,1009,3483,568.7904052734375,795.0570068359375,295.977783203125,218.337890625,0.763340950012207
37,1010,22347,88.3750228881836,197.6814727783203,216.12848663330078,214.27378845214844,0.884580135345459
38,1010,16262,570.3915405273438,186.14529418945312,250.012451171875,245.69146728515625,0.8347189426422119
39,1010,25469,38.636474609375,837.5294189453125,389.0798034667969,254.81005859375,0.7796444892883301
40,1010,3483,593.5786743164062,830.2462158203125,295.400146484375,212.5533447265625,0.7667576670646667
41,1012,16548,605.8123779296875,152.15878295898438,240.169189453125,238.662109375,0.8765976428985596
42,1012,27926,557.050537109375,629.9949951171875,285.9554443359375,495.3922119140625,0.8408445119857788
43,1012,1900,137.02993774414062,235.08692932128906,208.42349243164062,139.41648864746094,0.7987483143806458
44,1012,24850,136.578857421875,701.9515380859375,190.26080322265625,299.4454345703125,0.6733353734016418
45,1013,16548,95.293212890625,859.7674560546875,257.731201171875,252.7391357421875,0.867788553237915
46,1013,1900,625.418701171875,887.25,218.7271728515625,144.31982421875,0.8141446113586426
47,1013,27926,133.2100830078125,142.08758544921875,288.47332763671875,470.08660888671875,0.7373449206352234
48,1013,24850,633.29150390625,273.8038330078125,191.11328125,280.6934814453125,0.7220652103424072
49,1014,16548,634.3681640625,156.23480224609375,246.599609375,240.3409423828125,0.8845012187957764
50,1014,1900,153.53335571289062,246.91390991210938,210.532470703125,136.146240234375,0.8228473663330078
51,1014,27926,585.9241943359375,670.9627685546875,290.6295166015625,494.048095703125,0.7822621464729309
52,1014,24850,170.14349365234375,739.638671875,186.71368408203125,297.125244140625,0.6841716766357422
53,1015,20877,112.83180236816406,761.771728515625,343.20603942871094,253.908203125,0.8328835368156433
54,1015,35206,645.6449584960938,170.56251525878906,255.503662109375,421.65928649902344,0.7911346554756165
55,1015,3483,636.7613525390625,738.635009765625,239.926025390625,283.33984375,0.7811319231987
56,1015,30308,33.54521179199219,117.20960998535156,438.17726135253906,430.98289489746094,0.5948448181152344
57,1016,20877,535.9796142578125,284.9569091796875,346.8756103515625,256.27313232421875,0.8104038834571838
58,1016,3483,129.8426513671875,285.31829833984375,231.067626953125,268.5872802734375,0.7748112678527832
59,1016,30308,512.90478515625,704.752197265625,445.65673828125,446.306396484375,0.7441478967666626
60,1016,35206,87.61126708984375,666.8980712890625,259.0028076171875,423.911376953125,0.7356148958206177
61,1018,27733,551.86181640625,241.409912109375,319.278076171875,304.0888671875,0.8351460099220276
62,1018,3483,115.96354675292969,295.40447998046875,285.79347229003906,224.94036865234375,0.78267902135849
63,1018,29667,82.12415313720703,854.9654541015625,242.75383758544922,242.515869140625,0.7653796672821045
64,1018,30308,424.568359375,724.4451904296875,502.2032470703125,356.38623046875,0.6602598428726196
65,1019,27733,119.00265502929688,759.15966796875,324.17974853515625,322.249755859375,0.8724700212478638
66,1019,29667,663.6023559570312,173.0646514892578,236.9588623046875,233.41563415527344,0.7932078242301941
67,1019,3483,596.8798828125,777.7058715820312,291.37353515625,227.369873046875,0.7831434607505798
68,1019,30308,73.65411376953125,186.32501220703125,492.02679443359375,347.9183349609375,0.7288491129875183
69,102,16548,608.7977294921875,127.06692504882812,248.4012451171875,244.1773681640625,0.891941487789154
70,102,1900,149.23275756835938,248.91192626953125,203.899169921875,173.5447998046875,0.799809455871582
71,102,33009,539.370361328125,817.745849609375,385.300537109375,234.346923828125,0.7121363878250122
72,102,18110,73.18606567382812,784.7037353515625,311.6965637207031,310.98291015625,0.70576012134552
73,1020,27733,84.240478515625,720.0543212890625,329.0985107421875,312.951416015625,0.8669675588607788
74,1020,3483,569.0675048828125,745.7225341796875,294.822265625,232.01611328125,0.7823662757873535
75,1020,29667,632.274658203125,170.69717407226562,233.24609375,229.8603515625,0.7660578489303589
76,1020,30308,69.26654052734375,165.6165313720703,469.79388427734375,349.00328063964844,0.6632484197616577
77,1022,33208,578.7916259765625,802.4984130859375,221.5142822265625,221.00146484375,0.8807307481765747
78,1022,16551,612.41259765625,23.046615600585938,301.39306640625,477.40687561035156,0.8117296099662781
79,1022,1900,143.17254638671875,234.12574768066406,188.21063232421875,191.13108825683594,0.7981331944465637
80,1022,29451,23.73004150390625,786.7252197265625,445.6436767578125,253.823974609375,0.7617998719215393
81,1023,33208,603.723876953125,835.0423583984375,222.615234375,216.5008544921875,0.8799715042114258
82,1023,16551,646.0440673828125,10.4677734375,313.9873046875,512.7576904296875,0.8579781651496887
83,1023,1900,164.10646057128906,242.98538208007812,185.40403747558594,191.496337890625,0.8065992593765259
84,1023,29451,56.6483154296875,825.688720703125,439.2591552734375,250.05322265625,0.7348589897155762
85,1025,16262,101.75244140625,828.1746826171875,260.425048828125,256.246337890625,0.8318047523498535
86,1025,28763,638.2960205078125,856.85595703125,230.75390625,221.4915771484375,0.7919312715530396
87,1025,20877,540.3201904296875,287.1414794921875,341.404541015625,252.9765625,0.7852360606193542
88,1025,3483,131.0338134765625,285.1112060546875,230.57742309570312,268.35125732421875,0.7712770104408264
89,1026,16262,626.9454345703125,184.6933135986328,250.0643310546875,246.67308044433594,0.8505096435546875
90,1026,20877,112.13829040527344,762.6458740234375,344.39772033691406,252.336669921875,0.8329787254333496
91,1026,3483,637.6494750976562,741.0823974609375,237.078125,281.11669921875,0.78423672914505
92,1026,28763,132.01397705078125,197.91513061523438,221.21255493164062,215.8585205078125,0.7661057114601135
93,1027,13900,181.58668518066406,280.31207275390625,210.32164001464844,247.0377197265625,0.8163954615592957
94,1027,3351,347.1656494140625,875.6568603515625,203.0430908203125,207.602783203125,0.7742955684661865
95,1027,16232,595.3712158203125,256.63873291015625,200.27783203125,201.7066650390625,0.4566227197647095
96,1027,22074,595.0347900390625,255.89352416992188,200.15234375,201.73284912109375,0.37715256214141846
97,1028,13900,545.5360717773438,701.55078125,221.393310546875,260.35009765625,0.8972572684288025
98,1028,3351,387.33880615234375,152.078857421875,192.493896484375,197.3746337890625,0.7901973724365234
99,1028,16232,131.27529907226562,775.6019287109375,199.98031616210938,199.2899169921875,0.484551340341568
100,1029,13900,590.002197265625,789.482666015625,207.1541748046875,259.54443359375,0.8089334964752197
101,1029,3351,430.8367004394531,209.37127685546875,194.39840698242188,195.5576171875,0.8059490919113159
102,1029,16232,173.42282104492188,861.906005859375,201.40533447265625,205.26025390625,0.504986584186554
103,1030,27733,79.48641967773438,705.0902099609375,331.7537536621094,325.7828369140625,0.8372519612312317
104,1030,34597,22.902603149414062,126.17509460449219,484.34349060058594,452.91334533691406,0.7965911030769348
105,1030,3483,569.3262939453125,745.234130859375,295.1068115234375,232.636962890625,0.7836403846740723
106,1030,35206,555.4259033203125,111.84814453125,278.3892822265625,403.0772705078125,0.7768492102622986
107,1034,36637,89.96780395507812,896.49072265625,284.8354187011719,187.2581787109375,0.7722528576850891
108,1034,3483,142.3465118408203,213.38070678710938,265.90989685058594,235.4443359375,0.7651001214981079
109,1034,28763,645.3173217773438,876.8837890625,229.9320068359375,224.63525390625,0.7648530006408691
110,1034,19861,636.476318359375,270.16986083984375,228.32763671875,185.1278076171875,0.761233925819397
111,1039,16262,570.72802734375,186.47402954101562,248.953369140625,245.1693115234375,0.8349456787109375
112,1039,28763,123.23492431640625,204.2119140625,220.80059814453125,219.27362060546875,0.8035342693328857
113,1039,3483,593.9090576171875,830.6741943359375,295.176513671875,211.7938232421875,0.7656874060630798
114,1039,25469,39.208465576171875,838.215576171875,388.23663330078125,252.7735595703125,0.7637447714805603
115,104,21325,607.0479125976562,755.6673583984375,193.0216064453125,245.731689453125,0.8615373969078064
116,104,3351,316.7078857421875,195.2755889892578,197.653076171875,202.11424255371094,0.7857003211975098
117,104,18357,88.7408447265625,602.0785522460938,288.656494140625,389.986083984375,0.40559881925582886
118,1041,16262,162.12782287597656,827.02197265625,254.48179626464844,253.435302734375,0.8579240441322327
119,1041,3483,117.6673583984375,258.78375244140625,287.67108154296875,212.54541015625,0.7743600010871887
120,1041,25469,566.14111328125,216.27685546875,383.419921875,249.81085205078125,0.7701857089996338
121,1041,28763,647.4615478515625,845.415771484375,229.41748046875,224.037841796875,0.7358624339103699
122,1043,18357,30.074951171875,616.975341796875,303.19183349609375,376.543212890625,0.7806894183158875
123,1043,3351,306.48211669921875,161.75270080566406,198.969970703125,200.42063903808594,0.7761691808700562
124,1044,18357,80.349365234375,711.6297607421875,295.252685546875,377.9559326171875,0.7777739763259888
125,1044,3351,347.213623046875,219.4583740234375,198.20068359375,198.76300048828125,0.7704305648803711
126,1044,35206,539.408935546875,695.6727294921875,265.530517578125,428.786376953125,0.2804885506629944
127,1045,20877,34.11505126953125,751.937255859375,342.1881408691406,267.504150390625,0.8147733211517334
128,1045,3483,609.8283081054688,709.3733520507812,234.1490478515625,282.5308837890625,0.7671999931335449
129,1045,28763,131.41244506835938,205.4870147705078,217.04010009765625,213.68577575683594,0.7633581757545471
130,1045,29667,590.973388671875,169.4327392578125,228.991943359375,231.140380859375,0.7563241720199585
131,1046,20877,67.6273193359375,796.4505615234375,339.9718017578125,258.3734130859375,0.8258585929870605
132,1046,3483,637.3704833984375,741.1304931640625,237.029052734375,281.2813720703125,0.7839407920837402
133,1046,29667,619.173828125,173.45147705078125,234.910888671875,233.5513916015625,0.7730290293693542
134,1046,28763,148.1461639404297,214.82931518554688,219.82154846191406,216.43975830078125,0.7362761497497559
135,1047,20877,583.6499633789062,251.11756896972656,338.567626953125,261.16844177246094,0.7872501015663147
136,1047,3483,130.63345336914062,284.72235107421875,230.96304321289062,268.26226806640625,0.7650472521781921
137,1047,29667,127.85205078125,856.056884765625,239.54998779296875,240.2159423828125,0.7609236240386963
138,1047,28763,622.2161865234375,839.434326171875,228.283935546875,220.643798828125,0.7043142914772034
139,1050,2483,607.6488037109375,79.22650146484375,288.072265625,508.06097412109375,0.8108243346214294
140,1050,5094,116.75189208984375,829.6607666015625,310.7755126953125,310.7283935546875,0.7396965026855469
141,1050,22362,576.9078369140625,771.627197265625,313.082275390625,435.416015625,0.7091629505157471
142,1050,22627,61.72015380859375,157.915283203125,395.082275390625,522.76123046875,0.5753200650215149
143,1051,2483,43.53875732421875,646.431640625,328.23095703125,532.631103515625,0.7718429565429688
144,1051,23223,434.548583984375,625.8914794921875,477.851318359375,543.133544921875,0.748090386390686
145,1051,5094,525.246337890625,165.95977783203125,320.28125,322.3603515625,0.6833146810531616
146,1051,4378,87.29672241210938,105.4708251953125,317.07904052734375,456.5938720703125,0.46578919887542725
147,1053,2483,595.0537109375,36.45220947265625,273.873291015625,513.1777954101562,0.8259790539741516
148,1053,23223,39.865234375,57.0511474609375,428.5604248046875,522.6846923828125,0.8122620582580566
149,1053,5094,88.349853515625,785.7569580078125,305.30322265625,307.1817626953125,0.7889167070388794
150,1053,4378,557.6436767578125,692.6883544921875,281.6668701171875,475.65234375,0.6733267903327942
151,1055,27733,73.07083129882812,717.8726806640625,337.0081481933594,311.329833984375,0.8421751856803894
152,1055,3483,561.5166015625,756.434814453125,292.5867919921875,226.6632080078125,0.770126461982727
153,1055,29667,642.2066650390625,176.21881103515625,232.3916015625,232.973876953125,0.7593256235122681
154,1055,31885,30.824020385742188,24.268783569335938,455.69276428222656,511.93324279785156,0.6671121120452881
155,1056,27733,108.56463623046875,759.310302734375,331.9537353515625,310.9735107421875,0.8608746528625488
156,1056,3483,591.34130859375,787.9630737304688,291.53564453125,223.5654296875,0.7918052673339844
157,1056,29667,672.77783203125,181.62603759765625,236.798828125,233.6890869140625,0.7767584323883057
158,1056,31885,34.88238525390625,41.72007751464844,482.11163330078125,511.71449279785156,0.7638267874717712
159,1057,25438,93.3868408203125,817.7210693359375,284.87542724609375,277.8907470703125,0.8432714343070984
160,1057,2483,593.687255859375,45.30665588378906,277.8505859375,510.97581481933594,0.8046361804008484
161,1057,12778,54.05584716796875,58.88916015625,373.58929443359375,544.0953369140625,0.7933327555656433
162,1057,4378,610.179443359375,701.96728515625,286.78466796875,470.7340087890625,0.6898680329322815
163,1058,25438,94.99398803710938,823.4879150390625,290.18927001953125,295.626953125,0.8457813262939453
164,1058,12778,60.92791748046875,96.09759521484375,368.90966796875,540.0225830078125,0.8141051530838013
165,1058,2483,575.763916015625,106.11521911621094,298.1070556640625,474.35182189941406,0.7593497037887573
166,1058,4378,623.108154296875,704.8828125,281.552734375,481.6787109375,0.7012994885444641
167,1060,25438,533.847412109375,182.36422729492188,290.271728515625,292.48211669921875,0.8014876842498779
168,1060,2483,74.9642333984375,652.7252197265625,315.263671875,532.7216796875,0.7785482406616211
169,1060,22627,473.818115234375,613.266845703125,446.569091796875,534.9805908203125,0.45721879601478577
170,1060,13395,81.19830322265625,49.53883361816406,316.41845703125,502.47300720214844,0.33296456933021545
171,1064,34597,29.48126220703125,117.5384521484375,495.40838623046875,453.30877685546875,0.8234825730323792
172,1064,20238,610.7801513671875,186.83126831054688,236.664794921875,234.50286865234375,0.8154439926147461
173,1064,3483,593.4553833007812,829.12939453125,296.053466796875,214.29541015625,0.7597745060920715
174,1064,25469,38.738983154296875,837.0367431640625,388.6167297363281,253.217041015625,0.7368703484535217
175,1065,34597,466.893310546875,671.8909912109375,499.8223876953125,469.020263671875,0.8349511623382568
176,1065,20238,133.21661376953125,842.96240234375,243.56317138671875,238.4647216796875,0.8030656576156616
177,1065,25469,566.1173095703125,217.5191650390625,383.149658203125,248.36395263671875,0.77640300989151
178,1065,3483,118.03648376464844,259.82684326171875,286.91139221191406,212.4375,0.7733033299446106
179,1067,27653,672.9786376953125,248.2864990234375,223.425537109375,213.31646728515625,0.8433149456977844
180,1067,16262,113.1181640625,839.2847900390625,256.5346374511719,254.5621337890625,0.8400749564170837
181,1067,3483,126.40866088867188,282.3546142578125,291.4720458984375,188.6905517578125,0.7770460247993469
182,1067,31885,533.7935791015625,655.232177734375,442.2064208984375,564.73974609375,0.7222238779067993
183,1069,21771,112.82562255859375,196.81414794921875,202.4853515625,196.8408203125,0.9323256015777588
184,1069,16548,637.9171142578125,157.40122985839844,245.041015625,240.66236877441406,0.9025989770889282
185,1069,1900,623.775390625,887.4447021484375,206.4931640625,146.8507080078125,0.8021636009216309
186,1069,21026,133.32171630859375,863.2275390625,188.40692138671875,187.245849609375,0.7062796950340271
187,1070,21771,679.228271484375,874.4189453125,212.20263671875,208.861328125,0.9452324509620667
188,1070,16548,92.95858764648438,857.6500244140625,257.3158264160156,252.6380615234375,0.8946410417556763
189,1070,1900,172.23831176757812,275.61181640625,209.97955322265625,149.5694580078125,0.8244290947914124
190,1070,21026,665.710693359375,267.78009033203125,190.9483642578125,183.3077392578125,0.7383944988250732
191,1073,22347,111.7738037109375,190.9954376220703,210.12649536132812,208.33055114746094,0.9016995429992676
192,1073,27777,135.34866333007812,770.6242065429688,195.81832885742188,217.1190185546875,0.7907544374465942
193,1073,3483,527.0796508789062,767.3201904296875,285.8594970703125,239.781005859375,0.7743075489997864
194,1073,36637,625.7351684570312,174.61856079101562,202.2646484375,253.5706787109375,0.7529090642929077
195,1075,3544,97.1456298828125,152.75039672851562,215.63461303710938,213.50189208984375,0.8166397213935852
196,1075,4543,604.744384765625,132.57046508789062,214.6103515625,213.924072265625,0.7981128096580505
197,1075,16551,84.55511474609375,592.9278564453125,353.58709716796875,477.843017578125,0.7369375824928284
198,1075,29871,598.104248046875,764.5560302734375,216.4326171875,238.32373046875,0.6540709137916565
199,1076,4543,126.04672241210938,910.3656005859375,225.9381103515625,223.0712890625,0.8222188949584961
200,1076,16551,525.384033203125,184.3675537109375,343.9256591796875,459.02099609375,0.7891861200332642
201,1076,3544,661.2451171875,893.44189453125,228.609130859375,224.796142578125,0.7293820381164551
202,1076,29871,161.04623413085938,271.01019287109375,214.84259033203125,225.7489013671875,0.522434651851654
203,1077,4543,633.9722290039062,131.92471313476562,220.2237548828125,217.12112426757812,0.7914279103279114
204,1077,3544,109.81207275390625,156.56007385253906,222.19546508789062,219.82713317871094,0.7390972375869751
205,1077,29871,629.5947875976562,799.0677490234375,210.8629150390625,234.7860107421875,0.6996411681175232
206,1077,16551,117.35711669921875,641.8092041015625,350.22283935546875,473.46337890625,0.6979230642318726
207,1079,22347,115.83688354492188,210.5264434814453,214.09246826171875,214.30064392089844,0.8826740980148315
208,1079,20877,64.06549072265625,795.203369140625,341.1474304199219,259.7850341796875,0.8142353296279907
209,1079,29667,620.8204345703125,176.35284423828125,234.8701171875,233.93316650390625,0.7940627932548523
210,1079,3483,634.4598388671875,744.3648681640625,238.12890625,280.7576904296875,0.779563844203949
211,108,25438,128.4449462890625,831.10302734375,282.167236328125,278.58642578125,0.8458852767944336
212,108,2483,580.25,76.558349609375,312.05126953125,508.7520751953125,0.7911489605903625
213,108,12778,81.51739501953125,42.051513671875,348.13909912109375,544.6678466796875,0.7509127259254456
214,108,22362,563.550048828125,742.5172119140625,304.340576171875,425.247314453125,0.3318714499473572
215,1080,22347,97.588134765625,202.85052490234375,211.48748779296875,209.52996826171875,0.8934289216995239
216,1080,20877,31.8592529296875,748.7125244140625,341.26507568359375,271.443359375,0.8175671696662903
217,1080,3483,605.728515625,712.34814453125,237.3614501953125,282.98388671875,0.7708768844604492
218,1080,29667,591.3572998046875,171.96826171875,230.82177734375,231.9501953125,0.7607827186584473
219,1081,44199,88.22540283203125,175.1268310546875,265.03863525390625,249.8939208984375,0.8475756645202637
220,1081,16551,481.6568603515625,186.4972686767578,467.7962646484375,359.86900329589844,0.8407478332519531
221,1081,21026,120.67050170898438,860.971435546875,192.14877319335938,188.146240234375,0.791478157043457
222,1081,1900,607.2354736328125,896.0687255859375,210.0716552734375,145.8551025390625,0.7778376936912537
223,1085,16232,621.367919921875,212.17906188964844,198.6123046875,197.04225158691406,0.8546228408813477
224,1085,25367,9.29449462890625,118.46722412109375,469.929931640625,442.8575439453125,0.8510963320732117
225,1085,20877,77.03657531738281,718.611083984375,351.30955505371094,261.0126953125,0.813420295715332
226,1085,3483,608.9207763671875,707.583251953125,236.7274169921875,284.450439453125,0.764270007610321
227,1087,10221,615.8714599609375,197.12583923339844,231.544189453125,229.64869689941406,0.8496193885803223
228,1087,16551,86.29824829101562,589.702880859375,312.7449035644531,494.033935546875,0.816724956035614
229,1087,3544,128.6292724609375,167.20526123046875,215.7137451171875,215.02166748046875,0.7438057065010071
230,1089,10221,98.31646728515625,827.093994140625,242.4754638671875,239.515380859375,0.8674997687339783
231,1089,3544,627.0496826171875,879.9947509765625,228.635009765625,225.223388671875,0.8003331422805786
232,1089,16551,575.4215698242188,180.99900817871094,311.7515869140625,474.19300842285156,0.6789382696151733
233,109,25367,564.04736328125,713.3878173828125,411.95263671875,514.7752685546875,0.8836110830307007
234,109,35206,100.6663818359375,762.2418212890625,315.91815185546875,410.2850341796875,0.7780296802520752
235,109,3483,142.1778106689453,214.58546447753906,263.28538513183594,232.94566345214844,0.7675610780715942
236,109,19861,637.020263671875,271.1954345703125,227.082275390625,184.552978515625,0.7649639844894409
237,1092,16548,76.56212615966797,904.9639282226562,255.76691436767578,256.70989990234375,0.8309897184371948
238,1092,1900,649.6865234375,843.160400390625,216.466796875,168.1373291015625,0.7910754084587097
239,1092,33009,562.427734375,201.45263671875,331.0517578125,311.79095458984375,0.7571503520011902
240,1092,44199,126.9708251953125,233.62969970703125,254.8917236328125,249.6104736328125,0.6855145692825317
241,1093,34597,478.6449890136719,684.4908447265625,497.3550109863281,464.65380859375,0.8168548345565796
242,1093,16262,95.68341064453125,841.4945068359375,256.2261962890625,258.3226318359375,0.7707788348197937
243,1093,3483,142.62843322753906,214.07864379882812,265.17979431152344,234.91644287109375,0.768927276134491
244,1093,19861,636.4987182617188,271.2874755859375,227.291748046875,184.1297607421875,0.757308304309845
245,1095,16262,636.2391357421875,169.3678741455078,248.025634765625,244.47850036621094,0.8372200131416321
246,1095,34597,29.40496826171875,118.42948913574219,475.76885986328125,440.73085021972656,0.7864782214164734
247,1095,3483,593.3449096679688,859.91064453125,271.78271484375,242.55615234375,0.7787827849388123
248,1095,19861,123.45199584960938,860.1300048828125,227.61825561523438,178.6806640625,0.6603007316589355
249,1096,27993,540.2926025390625,767.8450927734375,325.34521484375,263.0714111328125,0.8978058099746704
250,1096,16551,476.776611328125,96.3184814453125,452.7745361328125,358.08795166015625,0.8263026475906372
251,1096,6563,155.7759552001953,669.3828125,234.55906677246094,373.941650390625,0.7692981958389282
252,1096,3544,87.40032958984375,188.52085876464844,212.51437377929688,212.88685607910156,0.7120271325111389
253,1097,6563,185.9890899658203,714.5992431640625,236.97434997558594,368.966064453125,0.8395667672157288
254,1097,27993,570.6614990234375,806.79638671875,317.974609375,254.562744140625,0.8376425504684448
255,1097,16551,502.08343505859375,109.29754638671875,469.8441162109375,366.4951171875,0.8366591334342957
256,1097,3544,102.20844268798828,195.72515869140625,218.98784637451172,216.93731689453125,0.7555200457572937
257,1098,16551,1.5807342529296875,769.5545654296875,497.32862854003906,382.838623046875,0.8128091096878052
258,1098,27993,120.00311279296875,245.55374145507812,308.552978515625,250.6856689453125,0.7902454733848572
259,1098,6563,571.667724609375,227.6593017578125,234.753662109375,346.857421875,0.7826744914054871
260,1098,3544,671.1632690429688,855.2679443359375,227.6944580078125,225.466064453125,0.771182656288147
261,110,35206,577.5301513671875,85.63121032714844,305.62353515625,402.50367736816406,0.8054215312004089
262,110,3483,593.0826416015625,859.97607421875,272.0675048828125,242.3682861328125,0.7812908887863159
263,110,25367,35.939453125,49.80235290527344,380.25384521484375,495.21498107910156,0.7351272106170654
264,110,19861,123.406494140625,860.567138671875,227.6319580078125,178.2906494140625,0.6585240960121155
265,1100,27777,134.86505126953125,770.450439453125,196.13812255859375,217.287353515625,0.8072879910469055
266,1100,3483,525.401611328125,766.6993408203125,286.7764892578125,239.957275390625,0.7685917615890503
267,1100,36637,625.8782958984375,174.77098083496094,201.497314453125,253.98304748535156,0.7597008347511292
268,1100,31885,32.28424072265625,79.1038818359375,448.99810791015625,528.2098388671875,0.6550776958465576
269,1101,27777,170.74453735351562,806.0933837890625,190.73040771484375,215.55078125,0.7866290807723999
270,1101,3483,555.074951171875,802.2940673828125,281.486328125,233.349609375,0.7786253094673157
271,1101,36637,657.461669921875,175.72109985351562,204.6063232421875,263.89849853515625,0.7352538108825684
272,1101,31885,39.58335876464844,114.21356201171875,463.82643127441406,517.4030151367188,0.7238965630531311
273,1105,27733,114.96865844726562,755.7645263671875,325.99554443359375,312.4295654296875,0.8895465135574341
274,1105,22347,106.10059356689453,203.53775024414062,216.13072967529297,214.43621826171875,0.8825930953025818
275,1105,3483,598.084228515625,777.271240234375,290.850341796875,228.006103515625,0.7924151420593262
276,1105,35206,595.0601806640625,116.53163146972656,282.024169921875,412.77952575683594,0.7361513376235962
277,1109,27653,92.43524169921875,840.689453125,228.61917114257812,226.0272216796875,0.8544664978981018
278,1109,16262,620.5738525390625,172.04586791992188,247.41455078125,248.73809814453125,0.8512496948242188
279,1109,3483,583.9725341796875,829.9910888671875,294.477783203125,193.3829345703125,0.7835567593574524
280,1109,28763,134.71359252929688,216.14112854003906,221.79583740234375,216.32652282714844,0.7824589610099792
281,1111,27653,53.97492218017578,801.1724853515625,234.22106170654297,226.078369140625,0.8341254591941833
282,1111,3483,552.1583251953125,800.5113525390625,299.838134765625,193.600830078125,0.7858434319496155
283,1111,29667,598.0440673828125,168.1112823486328,232.354736328125,229.30332946777344,0.7591882348060608
284,1111,28763,110.73568725585938,180.0370635986328,218.25076293945312,214.11570739746094,0.7327945232391357
285,1114,27653,672.759033203125,247.53599548339844,223.90478515625,214.04554748535156,0.8417637944221497
286,1114,35206,89.01296997070312,687.16015625,235.71810913085938,421.305419921875,0.7902957201004028
287,1114,3483,126.94281005859375,282.2110290527344,290.76983642578125,188.93414306640625,0.7816053628921509
288,1114,30308,529.9754638671875,690.031982421875,440.225341796875,440.8681640625,0.7223749756813049
289,1115,27653,55.000389099121094,800.854248046875,234.66840362548828,227.744384765625,0.8278363943099976
290,1115,3483,551.9896240234375,799.9038696289062,301.092529296875,194.8948974609375,0.7750921845436096
291,1115,35206,631.1141357421875,141.8807373046875,241.36181640625,413.77001953125,0.7641346454620361
292,1115,30308,14.4295654296875,121.15025329589844,412.02911376953125,419.90895080566406,0.4563697874546051
293,1116,27653,91.00668334960938,839.734130859375,230.575927734375,227.959228515625,0.8436498641967773
294,1116,3483,582.8416748046875,829.678955078125,298.140625,194.803466796875,0.7797694206237793
295,1116,35206,661.6947631835938,149.8985595703125,237.570556640625,418.4415283203125,0.7395790815353394
296,1116,30308,18.909210205078125,130.54380798339844,430.2821350097656,439.61866760253906,0.5085963010787964
297,1118,6563,578.0653076171875,234.8165283203125,230.75830078125,344.07763671875,0.889988124370575
298,1118,16548,91.55123901367188,872.971923828125,257.42205810546875,256.4267578125,0.8727394938468933
299,1118,3544,670.325927734375,852.20166015625,227.48681640625,226.40966796875,0.780386209487915
300,1118,29871,189.2858123779297,236.07554626464844,185.25404357910156,244.75453186035156,0.5569369196891785
301,1119,16548,639.11865234375,138.2691650390625,245.50732421875,243.0262451171875,0.8708632588386536
302,1119,6563,183.01718139648438,707.8309326171875,235.328125,369.37939453125,0.8663879632949829
303,1119,3544,102.56900024414062,197.75367736816406,219.91754150390625,218.38059997558594,0.827594518661499
304,1119,29871,627.5701904296875,821.7557373046875,182.049560546875,250.68603515625,0.7834398150444031
305,112,33009,549.417236328125,794.2257080078125,385.159423828125,237.9088134765625,0.8049700856208801
306,112,3544,120.64437866210938,225.35971069335938,219.660888671875,219.402099609375,0.7999150156974792
307,112,10221,627.2034912109375,191.537353515625,236.501708984375,229.7711181640625,0.7503597140312195
308,112,16551,149.642578125,578.7822265625,324.5750732421875,490.575927734375,0.7374737858772278
309,1121,3483,118.56781005859375,258.546142578125,288.04779052734375,211.426513671875,0.7764211893081665
310,1121,28763,615.894287109375,854.31640625,229.24365234375,221.2490234375,0.7669064402580261
311,1121,25469,566.4813232421875,175.560546875,348.6875,309.05706787109375,0.7583933472633362
312,1121,29667,130.54522705078125,864.3212890625,241.7520751953125,240.469482421875,0.7347437739372253
313,1123,25367,471.66131591796875,655.6627197265625,489.9713134765625,464.73876953125,0.9032297134399414
314,1123,27733,556.1463623046875,245.63694763183594,320.6552734375,300.91212463378906,0.8842040300369263
315,1123,16262,146.52081298828125,796.3046875,257.27313232421875,253.43994140625,0.8221302628517151
316,1123,3483,116.79087829589844,295.607177734375,284.52064514160156,224.0738525390625,0.7823404669761658
317,1125,27733,113.66796875,754.6541748046875,327.206298828125,314.053466796875,0.8920462727546692
318,1125,25367,27.113021850585938,149.72450256347656,485.26075744628906,455.99363708496094,0.8688541650772095
319,1125,16262,584.21630859375,218.55894470214844,252.46240234375,245.08888244628906,0.8563514947891235
320,1125,3483,597.1937255859375,777.3123779296875,290.683349609375,228.30322265625,0.7867815494537354
321,1126,16262,102.05764770507812,827.6617431640625,260.8372497558594,256.179443359375,0.8354905843734741
322,1126,20877,541.5225830078125,288.13616943359375,340.8509521484375,251.96337890625,0.8316075205802917
323,1126,31885,478.71453857421875,727.6922607421875,497.28546142578125,500.78271484375,0.7708432078361511
324,1126,3483,131.63958740234375,283.54473876953125,229.9515380859375,268.85009765625,0.7519667148590088
325,1129,27733,555.93798828125,244.68296813964844,321.92529296875,302.30860900878906,0.8769962787628174
326,1129,22347,675.75048828125,818.9720458984375,222.5391845703125,218.3094482421875,0.8413485884666443
327,1129,20238,105.82788848876953,847.1749267578125,244.81591033935547,240.6307373046875,0.7965390682220459
328,1129,3483,116.5123291015625,293.9052734375,285.02447509765625,225.82659912109375,0.7800018787384033
329,113,10221,118.44711303710938,836.2679443359375,243.88735961914062,245.652099609375,0.8848221898078918
330,113,33009,73.5850830078125,253.9156951904297,372.06072998046875,250.39540100097656,0.8025503754615784
331,113,3544,649.1466064453125,826.03759765625,229.5888671875,225.796630859375,0.7735384106636047
332,113,16551,519.9042358398438,223.2110137939453,330.2177734375,475.26170349121094,0.7170592546463013
333,1135,16551,594.3182373046875,33.363525390625,310.76953125,515.6248779296875,0.8694302439689636
334,1135,1900,149.38511657714844,249.47604370117188,203.67054748535156,173.1829833984375,0.7985355257987976
335,1135,33009,539.199462890625,816.414794921875,385.405517578125,235.431884765625,0.7341154217720032
336,1135,18110,72.8590087890625,783.4765625,314.2257080078125,312.5703125,0.6491386890411377
337,1136,16551,79.07534790039062,687.07177734375,322.39691162109375,521.93994140625,0.8096367716789246
338,1136,1900,638.845947265625,850.44775390625,211.6519775390625,181.218994140625,0.8060505986213684
339,1136,33009,82.39820861816406,243.6017303466797,378.52781677246094,237.47157287597656,0.7555676102638245
340,1136,18110,600.8365478515625,212.35321044921875,314.42431640625,308.30804443359375,0.6884369254112244
341,1138,27653,57.268096923828125,800.98974609375,233.9151611328125,228.272705078125,0.8226730823516846
342,1138,3483,553.2012939453125,798.5115966796875,301.533447265625,197.044677734375,0.7738625407218933
343,1138,20238,587.926513671875,164.1934814453125,230.7862548828125,229.21832275390625,0.6859188675880432
344,1138,34597,9.9425048828125,84.95050048828125,403.7378234863281,496.05352783203125,0.574282169342041
345,114,10221,597.9466552734375,184.56153869628906,232.742431640625,230.00364685058594,0.8708817958831787
346,114,3544,103.42236328125,216.50985717773438,216.64178466796875,213.497802734375,0.8454426527023315
347,114,33009,521.7056884765625,753.1574096679688,390.882080078125,248.8819580078125,0.8174051642417908
348,114,16551,115.76214599609375,534.2164306640625,332.2772216796875,491.2879638671875,0.7193443179130554
349,1140,27653,93.87515258789062,840.534912109375,229.10818481445312,227.3743896484375,0.8240166306495667
350,1140,3483,585.4314575195312,829.3411865234375,295.3482666015625,194.9432373046875,0.779679000377655
351,1140,20238,616.66748046875,166.54486083984375,235.51904296875,231.98126220703125,0.7275089621543884
352,1140,34597,16.1971435546875,115.08966064453125,418.72845458984375,491.927001953125,0.5426973700523376
353,1141,25438,530.842529296875,171.27761840820312,298.04052734375,295.81231689453125,0.8451533317565918
354,1141,2483,31.59063720703125,622.437255859375,353.1064453125,508.782470703125,0.7959761023521423
355,1141,23223,510.32861328125,550.6844482421875,424.749755859375,553.5294189453125,0.7039027810096741
356,1142,25438,100.18679809570312,799.5728759765625,296.015625,295.660888671875,0.8619565963745117
357,1142,2483,552.1728515625,93.19830322265625,338.774658203125,499.38946533203125,0.8123384118080139
358,1142,23223,20.85479736328125,112.93743896484375,390.48077392578125,550.6945190429688,0.7636330127716064
359,1142,4378,614.8301391601562,693.403076171875,308.9625244140625,479.813232421875,0.43203628063201904
360,1143,25438,105.09100341796875,818.5963134765625,292.89111328125,291.7020263671875,0.8315960764884949
361,1143,23223,34.22064208984375,157.2252197265625,368.59478759765625,530.8489990234375,0.7958399057388306
362,1143,2483,549.4161376953125,144.475830078125,327.2252197265625,467.0355224609375,0.7437042593955994
363,1144,16262,569.4951171875,186.54722595214844,250.530517578125,245.60072326660156,0.8253732323646545
364,1144,31885,20.1368408203125,166.87493896484375,478.33544921875,506.36285400390625,0.7867146730422974
365,1144,3483,593.60400390625,829.6182861328125,297.531494140625,212.025634765625,0.7656296491622925
366,1144,25469,38.071624755859375,836.8753662109375,388.4472961425781,255.23193359375,0.74546879529953
367,1148,41768,541.388671875,620.6580810546875,289.968017578125,328.787353515625,0.8047095537185669
368,1148,3351,379.60260009765625,154.6461181640625,196.21923828125,198.49746704101562,0.7885084748268127
369,1148,16232,142.87652587890625,725.5795288085938,203.9122314453125,206.599609375,0.6092203855514526
370,1149,3351,422.1083068847656,214.9437255859375,195.17819213867188,194.3172607421875,0.8053994178771973
371,1149,41768,579.9241943359375,708.44921875,286.559326171875,332.037109375,0.75131756067276
372,1149,16232,182.64828491210938,813.340576171875,202.74591064453125,203.9234619140625,0.5440161228179932
373,115,25367,462.92877197265625,633.71484375,474.147216796875,486.89306640625,0.8851237297058105
374,115,27733,550.3260498046875,240.75575256347656,321.529296875,309.01036071777344,0.8535892367362976
375,115,3483,115.29225158691406,295.2943115234375,286.49607849121094,224.5142822265625,0.7771358489990234
376,115,36637,94.25177001953125,868.8221435546875,281.2011413574219,202.359619140625,0.7630102038383484
377,1150,27777,169.56149291992188,805.9239501953125,191.3677978515625,216.007080078125,0.7911920547485352
378,1150,3483,554.1112060546875,802.176513671875,282.0633544921875,233.935302734375,0.7769794464111328
379,1150,29667,626.2322387695312,155.38388061523438,234.8084716796875,234.126953125,0.7456006407737732
380,1150,34597,50.3115234375,49.22203063964844,447.56817626953125,486.67237854003906,0.6555461883544922
381,1153,16232,640.9353637695312,166.79647827148438,199.19482421875,199.800048828125,0.8494694828987122
382,1153,22347,141.31301879882812,201.8781280517578,213.01138305664062,211.82383728027344,0.7983583211898804
383,1153,3483,593.4384765625,859.7855224609375,271.533447265625,242.560302734375,0.7787724137306213
384,1153,19861,123.44424438476562,860.7862548828125,227.51760864257812,178.7462158203125,0.6612449884414673
385,1154,16232,612.01513671875,163.85328674316406,194.36572265625,196.27488708496094,0.819668173789978
386,1154,22347,121.6578369140625,193.45701599121094,210.8819580078125,207.91737365722656,0.7806372046470642
387,1154,3483,565.7124633789062,826.2586669921875,276.7142333984375,247.19189453125,0.7732070088386536
388,1154,19861,88.17938232421875,818.5758056640625,231.38412475585938,187.3603515625,0.7363983392715454
389,1155,16232,139.66009521484375,894.5240478515625,205.15914916992188,202.3265380859375,0.8685662746429443
390,1155,22347,635.6276245117188,856.1065673828125,224.7257080078125,216.98828125,0.7896894216537476
391,1155,19861,636.4803466796875,270.32415771484375,228.1610107421875,185.88616943359375,0.7698875069618225
392,1155,3483,142.37579345703125,213.1932373046875,265.904052734375,235.53466796875,0.7655894756317139
393,1156,16262,567.7103271484375,300.494384765625,252.424072265625,251.442138671875,0.8217398524284363
394,1156,13900,176.1042022705078,278.04864501953125,216.22312927246094,242.9443359375,0.8043248653411865
395,1156,3351,387.65411376953125,849.6038818359375,200.705322265625,206.061279296875,0.771654486656189
396,1157,16262,105.43948364257812,670.015380859375,257.9097595214844,257.11865234375,0.8195656538009644
397,1157,13900,545.5858764648438,705.7841796875,224.609375,259.469482421875,0.8056150078773499
398,1157,3351,349.00164794921875,174.67701721191406,196.458984375,202.15330505371094,0.7997381687164307
399,1158,3351,392.0079345703125,235.08642578125,195.3563232421875,193.799072265625,0.8035826086997986
400,1158,13900,590.3402099609375,797.493408203125,211.877685546875,252.5087890625,0.7852760553359985
401,1158,16262,148.03759765625,761.74951171875,254.17669677734375,250.861328125,0.776172935962677
402,1159,3351,394.1820068359375,797.589599609375,207.310302734375,212.4825439453125,0.7940568327903748
403,1159,16232,636.266845703125,282.58807373046875,208.406494140625,214.57012939453125,0.359249085187912
404,1159,22074,635.4908447265625,283.39495849609375,208.83984375,214.488525390625,0.35785236954689026
405,1161,3351,379.59063720703125,270.6148681640625,199.13653564453125,200.1983642578125,0.7983216047286987
406,1161,16232,122.33538818359375,806.8546142578125,206.19580078125,206.153564453125,0.4810657501220703
407,1163,10221,648.8106689453125,188.5369415283203,239.276611328125,233.28453063964844,0.8841570615768433
408,1163,16551,26.93280029296875,588.1405029296875,334.13824462890625,502.02294921875,0.8417496681213379
409,1163,3544,110.83230590820312,174.28684997558594,224.14065551757812,219.98805236816406,0.7187744379043579
410,1163,29451,477.1756591796875,783.9981689453125,439.304443359375,282.529541015625,0.6602248549461365
411,1164,10221,620.6229858398438,182.49417114257812,232.17529296875,232.85693359375,0.9382631182670593
412,1164,16551,0.0,554.9833984375,329.20611572265625,491.5556640625,0.8246353268623352
413,1164,3544,97.8686294555664,171.10104370117188,216.93871307373047,216.889404296875,0.7198657989501953
414,1164,29451,447.566650390625,747.521240234375,442.8387451171875,285.0328369140625,0.7038296461105347
415,1166,25367,545.8727416992188,670.8253173828125,430.12725830078125,512.1680908203125,0.8702822327613831
416,1166,3483,119.33609008789062,259.6373291015625,285.855224609375,210.44384765625,0.7761354446411133
417,1166,25469,567.413818359375,174.40347290039062,344.707763671875,310.15386962890625,0.7653045058250427
418,1166,36637,121.43917846679688,828.962158203125,198.9578857421875,269.417724609375,0.7241753339767456
419,1167,25469,78.89846801757812,814.9456787109375,351.9757080078125,333.083740234375,0.7704600691795349
420,1167,3483,590.6795654296875,829.279541015625,299.5762939453125,215.787841796875,0.7674344778060913
421,1167,25367,23.516754150390625,86.31842041015625,414.7300109863281,497.2510986328125,0.7291884422302246
422,1167,36637,662.5072631835938,168.37860107421875,200.043701171875,269.608154296875,0.6696140170097351
423,1168,25469,40.4715576171875,773.9229736328125,360.8580322265625,326.370361328125,0.7891271114349365
424,1168,3483,566.6553955078125,795.3509521484375,297.52392578125,218.001220703125,0.7644851207733154
425,1168,29667,584.7603759765625,159.70013427734375,230.60791015625,232.5074462890625,0.7415568828582764
426,1168,30308,27.522979736328125,14.662506103515625,364.6396179199219,436.27069091796875,0.3011893928050995
427,1170,25469,78.43052673339844,815.786376953125,352.21705627441406,329.8333740234375,0.7673130631446838
428,1170,3483,592.5946655273438,829.60546875,298.0535888671875,213.718994140625,0.7633573412895203
429,1170,29667,614.1966552734375,162.7366943359375,234.775146484375,233.877197265625,0.7004979848861694
430,1170,30308,32.9974365234375,21.65972900390625,382.0430908203125,454.8597106933594,0.40779027342796326
431,1171,10221,85.92611694335938,779.707275390625,237.7608642578125,237.003662109375,0.8956047892570496
432,1171,16548,571.683349609375,738.2831420898438,253.502197265625,248.776611328125,0.8940091133117676
433,1171,4543,632.9754638671875,142.26132202148438,213.7783203125,215.77154541015625,0.8793213367462158
434,1171,3544,116.4468994140625,171.14727783203125,216.25473022460938,217.58160400390625,0.807237982749939
435,1173,10221,634.8367309570312,255.31277465820312,233.6595458984375,227.83465576171875,0.9105001091957092
436,1173,4543,96.7351303100586,899.9244384765625,225.33960723876953,225.5108642578125,0.8325256705284119
437,1173,16548,153.52804565429688,281.06689453125,243.35943603515625,240.3956298828125,0.8252784609794617
438,1173,3544,639.415283203125,869.3934326171875,228.4150390625,226.345703125,0.802727460861206
439,1174,27653,673.8883056640625,248.3077392578125,222.8543701171875,213.16162109375,0.8455762267112732
440,1174,30308,546.0791015625,749.720458984375,429.9208984375,448.8148193359375,0.7990955710411072
441,1174,3483,127.65512084960938,281.3466796875,289.628173828125,190.6534423828125,0.777527928352356
442,1174,29667,120.69601440429688,857.9761962890625,239.009765625,239.162841796875,0.7563689947128296
443,1176,27653,89.35385131835938,839.5048828125,231.24948120117188,227.011962890625,0.8489349484443665
444,1176,3483,580.83447265625,829.709716796875,298.5548095703125,194.37451171875,0.7778156399726868
445,1176,29667,627.979248046875,171.60098266601562,236.2373046875,233.98956298828125,0.7488834857940674
446,1176,30308,11.70123291015625,65.55938720703125,426.153076171875,441.218505859375,0.5392142534255981
447,1178,20238,571.8899536132812,182.52838134765625,230.36767578125,228.25897216796875,0.7881245613098145
448,1178,27777,138.63507080078125,772.3013916015625,193.49227905273438,217.54296875,0.7840227484703064
449,1178,3483,527.1154174804688,767.9752197265625,287.362060546875,239.737548828125,0.7657161951065063
450,1178,31885,87.48919677734375,44.85650634765625,425.58026123046875,518.4046630859375,0.6423317193984985
451,118,13900,58.373870849609375,300.8603515625,243.10003662109375,233.9503173828125,0.8076589107513428
452,118,3351,451.248291015625,838.2386474609375,201.896240234375,207.670166015625,0.7893815040588379
453,118,16688,336.92706298828125,60.5697021484375,537.652587890625,564.6939697265625,0.34495940804481506
454,1180,21325,177.86758422851562,303.799072265625,184.017333984375,236.15081787109375,0.7932119965553284
455,1180,3351,388.96441650390625,908.0452880859375,202.5032958984375,207.530517578125,0.7711036801338196
456,1180,19232,489.26361083984375,221.55059814453125,338.1512451171875,275.86065673828125,0.6131856441497803
457,1184,16548,135.8846435546875,870.3201904296875,257.36114501953125,255.24658203125,0.8394415974617004
458,1184,1900,184.0829315185547,267.00640869140625,209.03492736816406,148.966064453125,0.8139329552650452
459,1184,24850,666.4285888671875,827.5367431640625,201.0390625,303.248046875,0.6590229272842407
460,1184,21026,678.7689208984375,271.9904479980469,187.638671875,180.86993408203125,0.6109513640403748
461,1185,16548,594.10791015625,141.92808532714844,250.3055419921875,243.50831604003906,0.8736023306846619
462,1185,21026,120.867431640625,861.233642578125,192.23904418945312,188.03564453125,0.7934103012084961
463,1185,1900,607.4195556640625,896.615966796875,209.8099365234375,145.189697265625,0.7880801558494568
464,1185,24850,130.72311401367188,142.35641479492188,191.05404663085938,298.10296630859375,0.6750725507736206
465,1186,2483,50.606231689453125,646.2427978515625,315.9637756347656,531.615478515625,0.765311062335968
466,1186,5094,528.3541259765625,169.6272430419922,313.58203125,314.74549865722656,0.759780764579773
467,1186,4378,95.86587524414062,107.60589599609375,303.3294982910156,453.92266845703125,0.599087119102478
468,1186,19552,449.24493408203125,518.9857177734375,432.3443603515625,560.2862548828125,0.5338292121887207
469,1187,2483,593.3221435546875,36.47650146484375,279.11865234375,513.5673828125,0.81392902135849
470,1187,5094,87.78857421875,785.3050537109375,306.69720458984375,308.6444091796875,0.7690949440002441
471,1187,4378,555.90869140625,691.969970703125,286.43896484375,476.990234375,0.6987485885620117
472,1187,19552,82.38301086425781,137.975830078125,372.89317321777344,538.91748046875,0.6028806567192078
473,1189,2483,571.7032470703125,54.20637512207031,297.876708984375,511.70457458496094,0.8033673167228699
474,1189,3743,99.190185546875,765.0673828125,361.54791259765625,366.1507568359375,0.7638443112373352
475,1189,22627,66.9388427734375,114.36712646484375,377.44122314453125,533.5849609375,0.5838274955749512
476,1189,4378,569.230224609375,704.6719970703125,300.660888671875,469.597412109375,0.4609189033508301
477,119,13900,646.623779296875,698.1581420898438,241.366943359375,238.9599609375,0.8048068284988403
478,119,3351,288.7764892578125,187.34893798828125,193.8363037109375,197.97296142578125,0.7715146541595459
479,119,16688,26.829238891601562,557.5174560546875,508.51451110839844,607.5557861328125,0.2611842155456543
480,1190,2483,573.612548828125,110.90411376953125,280.452392578125,475.18145751953125,0.7527664303779602
481,1190,3743,102.842529296875,783.6484375,360.12139892578125,356.9681396484375,0.6790246963500977
482,1190,22627,75.168212890625,163.98333740234375,359.4095458984375,507.52294921875,0.5439505577087402
483,1190,4378,589.3922119140625,717.11767578125,290.1802978515625,475.3359375,0.3114955723285675
484,1191,2483,63.988494873046875,649.520751953125,314.02703857421875,510.306640625,0.7963997721672058
485,1191,22627,475.21337890625,561.4620361328125,417.9798583984375,541.8740234375,0.5179835557937622
486,1191,3743,468.7667541503906,137.50634765625,364.8356628417969,358.4752197265625,0.47071975469589233
487,1191,5094,467.3123779296875,136.042236328125,366.659912109375,360.5333251953125,0.4218027889728546
488,1192,1900,640.083984375,850.14453125,210.823486328125,181.7470703125,0.7951958179473877
489,1192,16551,79.01519775390625,695.087158203125,310.9289245605469,505.89013671875,0.7547388076782227
490,1192,33009,82.1419677734375,243.0083770751953,379.28912353515625,237.31407165527344,0.7518302202224731
491,1192,24850,639.2221069335938,206.98431396484375,189.771484375,278.9456787109375,0.7254570126533508
492,1194,16551,608.5870361328125,45.80316162109375,304.3681640625,509.85491943359375,0.8507920503616333
493,1194,1900,149.28929138183594,248.880126953125,203.28309631347656,173.7047119140625,0.7936909198760986
494,1194,33009,540.62939453125,817.7242431640625,383.547607421875,234.551513671875,0.7265446186065674
495,1194,24850,160.66775512695312,816.86767578125,191.23931884765625,299.8115234375,0.695319652557373
496,1196,3483,164.41259765625,267.5169677734375,275.8604736328125,231.9306640625,0.7685179710388184
497,1196,27777,629.4051513671875,288.892822265625,185.984619140625,204.715087890625,0.7668724656105042
498,1196,35206,128.31773376464844,698.9967041015625,269.25184631347656,425.066162109375,0.7393138408660889
499,1196,28763,611.296142578125,879.3037109375,229.2724609375,224.7392578125,0.7310632467269897
500,1197,3483,558.037109375,801.2110595703125,281.251953125,232.755615234375,0.7801998257637024
501,1197,27777,174.91348266601562,808.2332763671875,189.37335205078125,215.656494140625,0.7708615660667419
502,1197,28763,160.71084594726562,170.34844970703125,220.31622314453125,217.48162841796875,0.740352988243103
503,1197,35206,604.7545166015625,135.353271484375,259.655029296875,420.62603759765625,0.7194607853889465
504,1198,28763,127.33966064453125,205.69737243652344,221.13067626953125,218.77272033691406,0.8253353834152222
505,1198,3483,559.1190185546875,803.2086181640625,280.477294921875,235.69140625,0.7785654664039612
506,1198,27777,173.017578125,809.7137451171875,190.3052978515625,215.9915771484375,0.7644789218902588
507,1198,20238,601.523193359375,188.94857788085938,233.4970703125,229.9617919921875,0.7611990571022034
508,1199,27777,630.7548217773438,288.581787109375,185.6182861328125,204.1263427734375,0.7704136967658997
509,1199,3483,166.70156860351562,266.45916748046875,273.81591796875,230.277099609375,0.7633344531059265
510,1199,28763,644.25048828125,844.0103759765625,229.5980224609375,226.115234375,0.7102437615394592
511,1199,20238,146.08062744140625,844.0625,242.6474609375,237.4459228515625,0.6514207124710083
512,120,3351,328.95269775390625,249.0219268798828,194.94091796875,193.44468688964844,0.777386486530304
513,120,13900,685.1182861328125,788.2330322265625,242.15576171875,236.4287109375,0.6361774802207947
514,120,16688,75.86737060546875,657.388671875,494.31915283203125,618.331787109375,0.41443103551864624
515,1201,12247,580.87255859375,809.1763916015625,216.3603515625,168.997314453125,0.9550387859344482
516,1201,16548,579.326171875,204.3878173828125,242.3236083984375,240.6002197265625,0.892756998538971
517,1201,3544,138.43603515625,179.8335723876953,214.34957885742188,214.34983825683594,0.8477200865745544
518,1201,21026,97.185302734375,816.2147216796875,191.39804077148438,188.366455078125,0.7534273266792297
519,1204,3351,384.445556640625,850.0704345703125,208.4449462890625,212.80419921875,0.7924157381057739
520,1204,22074,676.3519287109375,253.0399169921875,203.627197265625,207.04327392578125,0.7826379537582397
521,1204,32310,55.508056640625,193.59814453125,370.2369384765625,293.95745849609375,0.2740402817726135
522,1206,3351,388.65570068359375,216.07192993164062,199.020751953125,198.78961181640625,0.8099185228347778
523,1206,22074,83.15435028076172,845.4033203125,205.23981475830078,205.455810546875,0.7869095206260681
524,1206,32310,554.276611328125,796.976806640625,383.1209716796875,309.52392578125,0.643880307674408
525,1207,22347,679.6409301757812,806.494384765625,224.3367919921875,218.5205078125,0.865850031375885
526,1207,16232,148.31594848632812,820.39892578125,202.470703125,205.0235595703125,0.8381054401397705
527,1207,3483,164.50274658203125,267.03790283203125,276.115966796875,232.3294677734375,0.7662357687950134
528,1207,27777,629.8525390625,289.08453369140625,185.392822265625,204.2611083984375,0.7661089301109314
529,1209,22347,95.16500091552734,251.70188903808594,218.19611358642578,212.85902404785156,0.9007437229156494
530,1209,16232,638.2982788085938,241.41539001464844,197.8011474609375,196.59425354003906,0.8499090075492859
531,1209,27777,174.39569091796875,807.560546875,190.7991943359375,216.625732421875,0.7786188721656799
532,1209,3483,557.6708984375,800.561767578125,282.2601318359375,234.494140625,0.7782221436500549
533,1210,20877,113.1680908203125,761.3011474609375,342.92669677734375,254.70068359375,0.8299994468688965
534,1210,34597,35.87469482421875,119.04634094238281,518.0154418945312,432.24754333496094,0.8057777285575867
535,1210,35206,643.2523193359375,169.98126220703125,259.2801513671875,422.11297607421875,0.8014088869094849
536,1210,3483,636.7911376953125,738.427001953125,239.9501953125,283.53466796875,0.7819187641143799
537,1212,34597,440.0982360839844,690.5787353515625,514.2617492675781,445.404541015625,0.842495322227478
538,1212,20877,537.980712890625,284.01519775390625,344.32958984375,256.637451171875,0.7881543636322021
539,1212,3483,130.02767944335938,284.74041748046875,231.478759765625,269.54998779296875,0.7751515507698059
540,1212,35206,80.74713134765625,664.0736083984375,270.84881591796875,427.8446044921875,0.726538360118866
541,1213,25438,106.97349548339844,818.9534912109375,296.23561096191406,288.1363525390625,0.8397636413574219
542,1213,2483,618.5989990234375,41.4268798828125,300.4542236328125,522.6275634765625,0.7878382802009583
543,1213,22627,67.17567443847656,0.0,385.08274841308594,515.4893188476562,0.44113123416900635
544,1213,13395,546.046142578125,675.411376953125,328.91943359375,517.6888427734375,0.31799495220184326
545,1214,25438,112.17904663085938,832.208251953125,290.75433349609375,291.831787109375,0.8638619780540466
546,1214,2483,618.932861328125,100.87266540527344,267.98291015625,481.03236389160156,0.7470262050628662
547,1214,22627,86.57449340820312,30.94049072265625,354.80694580078125,515.6812744140625,0.416415810585022
548,1214,5886,576.4127197265625,686.365966796875,298.549072265625,511.219970703125,0.3096942901611328
549,1216,10221,123.8199462890625,838.281494140625,240.11334228515625,242.2001953125,0.8209114074707031
550,1216,3544,651.1522216796875,859.39794921875,229.013671875,225.730224609375,0.8008438348770142
551,1216,16551,611.804931640625,180.55787658691406,299.397705078125,475.07078552246094,0.7590311169624329
552,1216,27926,150.28662109375,173.09539794921875,279.991455078125,469.0133056640625,0.6814088821411133
553,1219,10221,643.5674438476562,199.5489501953125,232.30078125,231.91802978515625,0.9275625944137573
554,1219,16551,63.546295166015625,569.3848876953125,344.4748229980469,490.8648681640625,0.85809326171875
555,1219,3544,99.2744369506836,232.85736083984375,216.61878204345703,216.9599609375,0.7534360289573669
556,1219,29345,570.14404296875,663.393798828125,301.869384765625,458.683349609375,0.6164782643318176
557,122,25469,40.381103515625,774.3140869140625,359.99542236328125,324.841796875,0.8007616996765137
558,122,3483,565.925048828125,795.3851318359375,297.9090576171875,218.3511962890625,0.7652661204338074
559,122,29667,586.1849365234375,161.11395263671875,229.8323974609375,232.40753173828125,0.7489543557167053
560,122,25367,44.5242919921875,89.83506774902344,377.50787353515625,492.57630920410156,0.7050297856330872
561,1220,10221,671.9669799804688,203.58279418945312,238.4263916015625,236.298583984375,0.8362349271774292
562,1220,16551,92.8685302734375,634.08544921875,344.7447509765625,466.078125,0.8240748643875122
563,1220,3544,114.66928100585938,242.3415985107422,221.73345947265625,218.60621643066406,0.7991557717323303
564,1220,29345,596.6980590820312,697.740478515625,296.500244140625,457.331298828125,0.6812013983726501
565,1222,27653,55.80413818359375,801.0540771484375,234.14239501953125,227.494873046875,0.8261319994926453
566,1222,3483,552.5241088867188,799.71142578125,301.0926513671875,195.029052734375,0.7788297533988953
567,1222,36637,604.2326049804688,199.93829345703125,202.76123046875,257.15020751953125,0.7586671113967896
568,1222,25367,77.88629150390625,102.38787841796875,355.44976806640625,509.80877685546875,0.5261951088905334
569,1224,27653,91.90115356445312,840.519287109375,228.7994384765625,226.283447265625,0.8454388380050659
570,1224,3483,583.7779541015625,829.82080078125,294.618408203125,193.797119140625,0.7822757959365845
571,1224,36637,633.032958984375,205.13162231445312,209.322265625,260.43280029296875,0.7460830211639404
572,1224,25367,94.2340087890625,112.5816650390625,362.5318603515625,522.4127197265625,0.49870872497558594
573,1226,35206,576.647705078125,85.5216064453125,306.437255859375,402.59228515625,0.811903715133667
574,1226,3483,593.7236328125,860.3792724609375,271.336669921875,241.38623046875,0.7789629101753235
575,1226,31885,109.01557922363281,0.0,353.98887634277344,564.2072143554688,0.7561807632446289
576,1226,19861,123.12567138671875,860.6885986328125,227.899658203125,178.002197265625,0.6666905283927917
577,1227,35206,100.11151123046875,762.1387939453125,317.95477294921875,411.3338623046875,0.7748928070068359
578,1227,3483,142.17787170410156,213.42160034179688,265.95933532714844,235.92510986328125,0.7672827839851379
579,1227,19861,636.3504638671875,270.79791259765625,228.155517578125,184.959228515625,0.7656581997871399
580,1227,31885,529.458740234375,671.0650634765625,370.454345703125,593.73291015625,0.7487277984619141
581,1232,20877,585.237060546875,250.9608154296875,340.853515625,262.4000244140625,0.7986689209938049
582,1232,29667,126.9542236328125,854.011962890625,240.345458984375,239.430419921875,0.7771493792533875
583,1232,31885,518.7576904296875,657.56298828125,439.455322265625,540.8865966796875,0.76222825050354
584,1232,3483,134.71624755859375,281.1539306640625,229.65728759765625,267.29620361328125,0.7574987411499023
585,1235,21771,155.7440948486328,798.2439575195312,202.51792907714844,199.36279296875,0.9523410797119141
586,1235,16548,614.49365234375,136.93504333496094,249.927490234375,243.61463928222656,0.8712133765220642
587,1235,1900,149.08184814453125,248.21681213378906,203.37078857421875,174.19883728027344,0.7938298583030701
588,1235,33009,539.9072265625,818.2763671875,384.61328125,234.0185546875,0.7078123092651367
589,1237,16548,608.7044677734375,181.3375244140625,247.447509765625,242.61090087890625,0.8799212574958801
590,1237,1900,100.68191528320312,263.43310546875,213.98861694335938,134.1636962890625,0.7839256525039673
591,1237,44199,623.4859619140625,794.7213134765625,176.716064453125,295.52880859375,0.6272838711738586
592,1238,16548,122.697998046875,833.8076171875,257.82708740234375,254.80224609375,0.8056505918502808
593,1238,1900,678.891357421875,869.68408203125,220.4473876953125,148.88671875,0.7949234247207642
594,1238,44199,199.24276733398438,223.96421813964844,177.07049560546875,287.23011779785156,0.4379720687866211
595,1239,16548,579.844482421875,172.7664794921875,242.9599609375,241.51812744140625,0.8859581351280212
596,1239,1900,85.24038696289062,253.17257690429688,207.80593872070312,139.74993896484375,0.7672292590141296
597,1239,44199,600.8084716796875,761.261962890625,176.197509765625,302.5714111328125,0.7165416479110718
598,124,21771,678.92041015625,874.70947265625,213.8966064453125,209.24462890625,0.9304625988006592
599,124,16551,0.0,756.830078125,378.1439208984375,482.048828125,0.8471211791038513
600,124,1900,171.4695587158203,274.6036376953125,210.58628845214844,151.16015625,0.823061466217041
601,124,21026,665.4224853515625,267.5103759765625,191.4715576171875,183.9100341796875,0.780349612236023
602,1242,16551,533.9549560546875,70.38079833984375,315.6204833984375,501.17547607421875,0.8340311050415039
603,1242,1900,152.40725708007812,254.60977172851562,137.92193603515625,204.94732666015625,0.8186790347099304
604,1242,44199,627.860595703125,799.0494384765625,177.509765625,300.87548828125,0.7908939719200134
605,1242,29345,80.4520263671875,702.0509033203125,308.95526123046875,456.3839111328125,0.5475148558616638
606,1243,27733,114.57139587402344,754.7642822265625,326.52845764160156,313.94140625,0.8719865083694458
607,1243,3483,597.8323974609375,776.544189453125,290.8746337890625,228.822021484375,0.7868956327438354
608,1243,35206,594.195556640625,116.38885498046875,283.35498046875,413.19366455078125,0.7493559718132019
609,1243,30308,31.3077392578125,128.8253631591797,416.393310546875,447.69715881347656,0.42761120200157166
610,1244,27733,555.6611328125,244.53851318359375,320.55126953125,302.87579345703125,0.8611605763435364
611,1244,35206,110.33245849609375,725.459716796875,295.40753173828125,416.1357421875,0.7842821478843689
612,1244,3483,115.69268798828125,295.4769287109375,285.41973876953125,224.80322265625,0.7790207266807556
613,1244,30308,531.6641845703125,674.9112548828125,430.115234375,458.8466796875,0.7395995259284973
614,1245,27733,79.39987182617188,705.9896240234375,331.7019348144531,324.4627685546875,0.83124178647995
615,1245,3483,569.640869140625,745.1110229492188,294.6318359375,232.9788818359375,0.7874663472175598
616,1245,35206,557.30078125,111.62591552734375,277.1580810546875,402.75677490234375,0.750006914138794
617,1245,30308,37.465911865234375,117.01226806640625,388.07672119140625,426.87335205078125,0.34491196274757385
618,1246,16262,570.5233154296875,178.6444091796875,245.326904296875,243.80340576171875,0.7975633144378662
619,1246,34597,31.551300048828125,81.116455078125,433.26995849609375,480.075439453125,0.7926250696182251
620,1246,3483,527.44384765625,768.5628662109375,287.5341796875,240.511962890625,0.7701857089996338
621,1246,27777,137.82650756835938,771.4945068359375,194.32974243164062,218.0706787109375,0.7667500376701355
622,1248,16262,131.91815185546875,828.5311279296875,257.59930419921875,253.6552734375,0.8448516726493835
623,1248,34597,494.6876220703125,660.081787109375,465.98291015625,493.993896484375,0.8175245523452759
624,1248,27777,631.2222290039062,289.1622314453125,185.3402099609375,204.0023193359375,0.7733591198921204
625,1248,3483,167.08570861816406,266.218017578125,273.93235778808594,230.1376953125,0.7630056738853455
626,125,21771,113.064697265625,196.7127227783203,202.404541015625,197.12705993652344,0.921207845211029
627,125,16551,617.477294921875,25.42242431640625,358.522705078125,462.7388916015625,0.8394615054130554
628,125,1900,623.616943359375,887.1151123046875,206.798828125,147.2177734375,0.8073288202285767
629,125,21026,133.36602783203125,862.9158935546875,188.59320068359375,187.5115966796875,0.6731205582618713
630,1250,12778,82.2620849609375,71.62030029296875,340.12615966796875,532.8397216796875,0.7743474841117859
631,1250,5094,90.07037353515625,800.2567138671875,305.9864501953125,306.1142578125,0.7651288509368896
632,1250,2483,594.1280517578125,96.68585205078125,274.066162109375,471.3057861328125,0.7312473654747009
633,1250,4378,574.2218017578125,702.875244140625,273.3096923828125,472.123046875,0.7059030532836914
634,1251,2483,46.184356689453125,659.19921875,325.5029602050781,514.90771484375,0.7645007371902466
635,1251,12778,492.975830078125,629.388916015625,403.4613037109375,574.1480712890625,0.7100077867507935
636,1251,5094,527.4591064453125,168.44012451171875,315.284912109375,317.502197265625,0.6751359701156616
637,1251,4378,91.91827392578125,107.46044921875,309.91729736328125,453.7947998046875,0.5517492294311523
638,1252,20877,64.69204711914062,795.3134765625,340.92681884765625,259.666015625,0.8269855380058289
639,1252,29667,620.0597534179688,177.0366668701172,235.159423828125,233.07484436035156,0.7956228852272034
640,1252,3483,633.9683837890625,744.614013671875,238.524658203125,280.1180419921875,0.7754882574081421
641,1252,30308,49.8280029296875,69.71392822265625,428.8135986328125,436.91845703125,0.5458481907844543
642,1254,20877,32.441864013671875,750.1246337890625,340.77642822265625,269.4876708984375,0.8290294408798218
643,1254,3483,605.9776611328125,711.6927490234375,237.423828125,284.106689453125,0.7662687301635742
644,1254,29667,591.3737182617188,172.32177734375,229.8785400390625,231.74072265625,0.7584097981452942
645,1254,30308,40.06439208984375,63.29609680175781,416.88909912109375,415.41416931152344,0.6410092115402222
646,1256,19607,650.3654174804688,268.1637878417969,167.5423583984375,157.11273193359375,0.7409001588821411
647,1256,1900,635.6573486328125,820.8487548828125,185.966796875,213.243408203125,0.7347049117088318
648,1256,16551,81.99490356445312,648.112548828125,324.2774658203125,514.4013671875,0.7257725596427917
649,126,21771,96.39266967773438,188.7998046875,195.58709716796875,193.93414306640625,0.9106545448303223
650,126,16551,588.3591918945312,24.16741943359375,351.5556640625,447.083984375,0.8311761021614075
651,126,21026,99.60116577148438,828.5610961914062,190.39590454101562,189.7491455078125,0.8084906339645386
652,126,1900,595.0150146484375,853.3333740234375,212.09033203125,152.036376953125,0.8044528961181641
653,1261,22347,134.54217529296875,160.7771453857422,217.82861328125,211.97669982910156,0.8875539898872375
654,1261,27653,90.519775390625,840.231201171875,230.06350708007812,226.9820556640625,0.8525307774543762
655,1261,16232,643.14404296875,221.60220336914062,202.400390625,197.1678466796875,0.8318702578544617
656,1261,3483,582.3985595703125,829.8468017578125,297.767578125,195.1575927734375,0.7803319692611694
657,1262,16232,613.6905517578125,211.01712036132812,198.780517578125,198.54522705078125,0.8497252464294434
658,1262,27653,54.28252410888672,801.395751953125,234.85260772705078,226.573486328125,0.8290303349494934
659,1262,22347,119.3758544921875,156.9730224609375,210.40200805664062,206.41632080078125,0.8131241202354431
660,1262,3483,552.16064453125,800.114990234375,300.266357421875,194.780029296875,0.7742106318473816
661,1263,22347,639.1546630859375,895.3182373046875,225.38818359375,220.38525390625,0.9053335785865784
662,1263,27653,673.1220703125,246.96356201171875,223.5858154296875,214.50323486328125,0.8480798602104187
663,1263,16232,135.82855224609375,840.5062255859375,208.65414428710938,204.069580078125,0.8346871733665466
664,1263,3483,126.70298767089844,281.2188720703125,291.16688537597656,189.751220703125,0.7806646227836609
665,1264,3351,386.48077392578125,855.2698974609375,200.289794921875,205.309326171875,0.7933323979377747
666,1264,36637,216.7091064453125,313.2564697265625,220.141845703125,253.70703125,0.4377357065677643
667,1264,31863,629.9700927734375,314.0048828125,219.481201171875,221.82379150390625,0.3616037964820862
668,1265,3351,351.565673828125,171.71937561035156,194.3629150390625,199.31565856933594,0.8046765923500061
669,1265,31863,74.4803466796875,698.6469116210938,221.678955078125,224.38916015625,0.670380711555481
670,1265,36637,499.28399658203125,657.1116943359375,223.343994140625,267.187255859375,0.38473084568977356
671,1266,3351,392.90106201171875,231.2521514892578,195.8460693359375,194.14561462402344,0.777308464050293
672,1266,31863,115.723388671875,783.49951171875,221.20046997070312,220.5758056640625,0.6390572786331177
673,1266,36637,537.2252197265625,745.1260986328125,221.0135498046875,261.327880859375,0.4990334212779999
674,1269,13900,608.3455810546875,755.7061767578125,191.7802734375,275.0220947265625,0.8023853302001953
675,1269,3351,356.8587646484375,224.84605407714844,194.49139404296875,196.63551330566406,0.7869616150856018
676,1269,36637,212.79339599609375,763.69921875,224.39349365234375,254.4327392578125,0.4059203267097473
677,127,2483,607.5003662109375,117.74908447265625,276.344970703125,482.4591064453125,0.7518076300621033
678,127,5094,120.24745178222656,846.62255859375,309.75840759277344,309.625244140625,0.6996778249740601
679,127,22362,598.0770263671875,776.70166015625,302.79833984375,437.297119140625,0.6439010500907898
680,127,6192,112.2314453125,164.635498046875,334.7530517578125,537.5065307617188,0.41420793533325195
681,1270,16548,108.56343841552734,844.6470947265625,255.08472442626953,255.0115966796875,0.8439840078353882
682,1270,1900,625.4149169921875,888.079833984375,219.22216796875,145.179931640625,0.807807445526123
683,1270,18110,630.1678466796875,260.23504638671875,316.822998046875,310.67779541015625,0.786179780960083
684,1270,27926,134.48648071289062,143.2118682861328,288.1473388671875,469.65037536621094,0.6807804107666016
685,1272,16548,623.615966796875,169.3818359375,249.314697265625,243.0399169921875,0.8652567267417908
686,1272,1900,152.78302001953125,245.8490753173828,211.04840087890625,134.94163513183594,0.8189115524291992
687,1272,18110,41.916015625,729.3349609375,314.5215148925781,313.70654296875,0.796999454498291
688,1272,27926,583.4039916992188,670.6973876953125,284.1705322265625,494.1112060546875,0.7708789110183716
689,1273,2483,78.58160400390625,652.950927734375,301.4288330078125,529.1005859375,0.7971680164337158
690,1273,25438,535.6256103515625,186.87892150878906,285.908935546875,283.43235778808594,0.7914993762969971
691,1273,6192,502.0299987792969,579.6290283203125,378.1369934082031,556.920654296875,0.7575583457946777
692,1273,13395,85.30535888671875,50.29107666015625,305.0694580078125,498.2647705078125,0.3038225769996643
693,1274,25438,102.43060302734375,790.30615234375,296.70465087890625,296.25146484375,0.8442542552947998
694,1274,2483,558.0538330078125,39.17242431640625,316.9395751953125,512.1751708984375,0.7292616963386536
695,1274,6192,73.765625,69.00958251953125,362.46588134765625,564.4508666992188,0.6788015961647034
696,1274,13395,548.0008544921875,710.7138671875,327.1893310546875,521.81787109375,0.37482669949531555
697,1278,38162,601.01123046875,696.1182861328125,231.6025390625,313.631591796875,0.8005492091178894
698,1278,3351,408.6414489746094,246.3238983154297,201.35574340820312,200.85951232910156,0.7857184410095215
699,1278,35206,129.98831176757812,593.746337890625,342.805419921875,448.104736328125,0.37351688742637634
700,1279,21771,665.0826416015625,279.5050354003906,204.6357421875,196.968505859375,0.9399694800376892
701,1279,1900,643.7427978515625,852.052734375,219.841796875,165.85986328125,0.7461660504341125
702,1279,16551,72.32955932617188,748.6239013671875,329.8743896484375,523.7659912109375,0.6569905877113342
703,128,2483,610.942626953125,64.6734619140625,280.6336669921875,518.1010131835938,0.8083130121231079
704,128,6192,102.11721801757812,131.4036865234375,351.2574462890625,552.3089599609375,0.7244614958763123
705,128,5094,116.94369506835938,829.5230712890625,309.0897216796875,310.3829345703125,0.7003993391990662
706,128,22362,576.1611328125,772.8033447265625,313.0323486328125,434.2281494140625,0.6587507128715515
707,1280,21771,86.95419311523438,803.2469482421875,204.17556762695312,200.8475341796875,0.9524546265602112
708,1280,1900,120.49270629882812,256.6405944824219,204.10891723632812,156.0577392578125,0.7889589667320251
709,1280,16551,565.6828002929688,0.0,300.2841796875,467.8675537109375,0.7282816171646118
710,1280,31705,595.207763671875,692.9189453125,283.089599609375,459.501708984375,0.48740291595458984
711,1282,2483,17.031951904296875,621.1968994140625,294.0275573730469,527.730224609375,0.807680606842041
712,1282,5094,478.27105712890625,107.5999755859375,349.90673828125,345.1781005859375,0.544097900390625
713,1282,19552,476.3876037597656,570.4769287109375,380.2314147949219,537.019775390625,0.4395422339439392
714,1282,13395,52.189300537109375,84.0482177734375,299.22796630859375,501.5640869140625,0.38814613223075867
715,1284,2483,622.01220703125,74.6064453125,301.0804443359375,513.450439453125,0.7950320243835449
716,1284,3743,92.97843933105469,807.945068359375,365.06202697753906,364.880126953125,0.6180495023727417
717,1284,13395,591.0858154296875,671.3707275390625,309.667236328125,527.055419921875,0.5476639270782471
718,1284,19552,85.40960693359375,102.1490478515625,384.00067138671875,541.9637451171875,0.5001230239868164
719,129,2483,48.714996337890625,619.15234375,284.3893737792969,528.85986328125,0.820275068283081
720,129,22362,59.69195556640625,74.76380920410156,304.06402587890625,411.13462829589844,0.7324801087379456
721,129,6192,483.9654235839844,520.9454345703125,361.8533020019531,568.5672607421875,0.6521743535995483
722,129,5094,505.01318359375,135.3840789794922,299.0167236328125,301.14491271972656,0.46016523241996765
723,1290,16548,528.8485107421875,131.76470947265625,246.848388671875,242.8955078125,0.8715196251869202
724,1290,1900,154.10446166992188,253.20303344726562,143.09136962890625,205.49884033203125,0.818101704120636
725,1290,18110,37.447906494140625,711.9989013671875,322.700927734375,322.650146484375,0.7855678200721741
726,1290,29345,582.19091796875,532.099853515625,298.0054931640625,454.0106201171875,0.5620161294937134
727,1293,27777,138.95831298828125,772.2802734375,194.05255126953125,217.813232421875,0.7845811247825623
728,1293,3483,528.0567626953125,768.4326171875,287.886474609375,240.9256591796875,0.7715158462524414
729,1293,20238,572.62158203125,182.69284057617188,229.7894287109375,228.002685546875,0.7529581785202026
730,1294,27653,90.84628295898438,840.045654296875,229.82244873046875,227.3382568359375,0.8254252076148987
731,1294,34597,0.0,35.99018859863281,443.4402770996094,480.57615661621094,0.7849881052970886
732,1294,3483,583.0660400390625,830.2110595703125,296.3349609375,193.6162109375,0.7786147594451904
733,1294,35206,661.257080078125,149.62847900390625,237.650390625,419.16790771484375,0.7097724676132202
734,1295,34597,0.0,20.310394287109375,414.2797546386719,476.2218017578125,0.8114719986915588
735,1295,27653,54.055419921875,800.4864501953125,235.47463989257812,228.32958984375,0.7972263097763062
736,1295,3483,551.8682861328125,799.4453125,301.27099609375,195.576904296875,0.7777262926101685
737,1295,35206,631.87060546875,141.66314697265625,240.776611328125,414.10821533203125,0.750621497631073
738,1296,27653,672.1654052734375,247.35687255859375,224.33203125,213.625244140625,0.8278976082801819
739,1296,34597,545.071044921875,725.7374267578125,430.928955078125,500.20166015625,0.8150673508644104
740,1296,35206,86.9918212890625,686.882080078125,239.09722900390625,422.1103515625,0.7820895910263062
741,1296,3483,126.412841796875,282.19879150390625,291.24432373046875,188.6622314453125,0.7807088494300842
742,1297,4543,150.97543334960938,882.9669189453125,226.230224609375,223.462646484375,0.8656458854675293
743,1297,3544,638.8370361328125,913.6610107421875,226.2154541015625,225.7548828125,0.8016003966331482
744,1297,16548,144.21592712402344,240.21485900878906,245.25746154785156,238.66490173339844,0.7947568893432617
745,1297,12420,682.069091796875,268.6590576171875,193.03857421875,183.05712890625,0.6042267680168152
746,1298,4543,612.3983764648438,160.9200439453125,218.556396484375,215.33172607421875,0.8570756912231445
747,1298,16548,611.318603515625,821.6666259765625,247.979248046875,243.744140625,0.855414092540741
748,1298,3544,134.58193969726562,135.24420166015625,219.51165771484375,219.09332275390625,0.809229850769043
749,1298,12420,113.26812744140625,856.1845703125,194.66513061523438,192.058349609375,0.5496271252632141
750,13,3351,424.5791015625,845.8583984375,200.68310546875,206.59375,0.7967657446861267
751,13,33880,464.7740478515625,230.23663330078125,466.94091796875,310.5135498046875,0.6615360379219055
752,13,22074,137.59893798828125,322.9598388671875,204.55990600585938,205.613525390625,0.4170876145362854
753,13,16232,138.2569580078125,322.34747314453125,204.91375732421875,206.28302001953125,0.4097459018230438
754,130,27777,629.7550048828125,289.5203552246094,186.6136474609375,204.34320068359375,0.7678987979888916
755,130,3483,168.38558959960938,268.8974914550781,272.7012939453125,228.90264892578125,0.7613997459411621
756,130,36637,119.59793090820312,827.3798828125,210.04278564453125,266.2364501953125,0.7411680817604065
757,130,30308,495.60089111328125,750.2125244140625,480.39910888671875,355.16845703125,0.6829641461372375
758,1300,27653,89.13689422607422,839.8118896484375,231.20844268798828,226.5926513671875,0.8509187698364258
759,1300,29667,628.5223388671875,171.697998046875,234.6513671875,234.21441650390625,0.7807292342185974
760,1300,3483,580.7247924804688,829.8687744140625,298.783447265625,194.01708984375,0.7768315076828003
761,1300,31885,40.82818603515625,119.21917724609375,498.48931884765625,485.06951904296875,0.7745769023895264
762,1302,27653,53.04266357421875,800.3355712890625,235.5765380859375,227.501220703125,0.8225198984146118
763,1302,3483,551.68798828125,800.0086669921875,300.1990966796875,194.62646484375,0.7775017023086548
764,1302,29667,596.7589111328125,168.21466064453125,234.224853515625,230.460205078125,0.7703496217727661
765,1302,31885,28.22357177734375,91.89208984375,487.0047607421875,491.25836181640625,0.7203869223594666
766,1305,16551,78.9276123046875,658.114990234375,340.8126220703125,495.09326171875,0.8686826825141907
767,1305,44199,133.50433349609375,277.9255676269531,294.0968017578125,177.7911376953125,0.8109729886054993
768,1305,1900,628.606689453125,889.3228759765625,217.4466552734375,146.394287109375,0.7962983250617981
769,1305,27926,586.192626953125,153.17889404296875,286.894775390625,468.3726806640625,0.47037428617477417
770,1309,27733,551.6953125,240.92872619628906,320.484619140625,299.25401306152344,0.8616994619369507
771,1309,3483,116.23556518554688,293.9959716796875,285.20135498046875,225.00115966796875,0.7824427485466003
772,1309,29667,81.319580078125,855.12060546875,241.70574951171875,242.0439453125,0.7618916034698486
773,1309,28763,578.929931640625,864.032470703125,230.7843017578125,224.510009765625,0.701416552066803
774,1311,27733,84.5047607421875,720.98193359375,328.358154296875,311.49072265625,0.8763474225997925
775,1311,3483,569.2557373046875,747.3355712890625,294.4678955078125,230.206787109375,0.7810208797454834
776,1311,28763,169.46798706054688,178.39697265625,219.3897705078125,215.75128173828125,0.7605181336402893
777,1311,29667,633.1356201171875,170.51806640625,232.052978515625,228.927490234375,0.7500451803207397
778,1312,2483,589.5975341796875,44.57911682128906,297.8565673828125,502.61558532714844,0.8078951239585876
779,1312,5094,90.0640869140625,788.6202392578125,306.90020751953125,309.515380859375,0.6911481618881226
780,1312,22627,44.44561767578125,35.5792236328125,373.4537353515625,537.0700073242188,0.588895857334137
781,1312,13395,565.1920776367188,683.9705810546875,300.3131103515625,510.812744140625,0.40864846110343933
782,1315,3351,417.2355041503906,870.750732421875,200.85910034179688,207.582763671875,0.7631250619888306
783,1315,19232,536.4605712890625,200.5901336669922,311.9736328125,307.66725158691406,0.6121022701263428
784,1315,16688,115.98905944824219,84.783447265625,333.25453186035156,618.1795654296875,0.29309970140457153
785,1316,19232,72.42437744140625,685.2432861328125,324.2938232421875,327.6259765625,0.886250376701355
786,1316,3351,321.174072265625,156.13572692871094,194.3072509765625,199.88270568847656,0.7839901447296143
787,1316,16688,489.6480407714844,479.2406005859375,346.6318664550781,660.3499755859375,0.5392808318138123
788,132,27777,173.65426635742188,807.406494140625,190.58868408203125,216.025634765625,0.7806484699249268
789,132,3483,556.17724609375,801.24951171875,282.198974609375,233.866943359375,0.7789880633354187
790,132,30308,12.124618530273438,155.05126953125,484.41810607910156,355.46319580078125,0.7508946657180786
791,132,36637,657.1851806640625,174.6981201171875,204.859619140625,264.59368896484375,0.7223323583602905
792,1322,2483,52.237548828125,660.0296630859375,318.14215087890625,513.010009765625,0.7697858810424805
793,1322,5094,529.2471923828125,170.1654052734375,312.1678466796875,314.02734375,0.7000642418861389
794,1322,6192,446.94158935546875,559.914794921875,410.2769775390625,569.8892822265625,0.6569119691848755
795,1322,4378,97.2608642578125,108.34771728515625,301.66650390625,452.9200439453125,0.6191414594650269
796,1323,2483,591.1177978515625,35.85198974609375,282.0487060546875,514.14990234375,0.8243158459663391
797,1323,5094,87.71368408203125,785.007568359375,306.5885009765625,308.9437255859375,0.7728589773178101
798,1323,4378,555.3836669921875,691.9940185546875,286.5458984375,476.89990234375,0.6740865707397461
799,1323,6192,106.5340576171875,98.0054931640625,368.9569091796875,534.271484375,0.5986282229423523
800,1326,3351,362.8250732421875,236.624755859375,197.1761474609375,198.22357177734375,0.7911385893821716
801,1326,20238,593.2999267578125,831.7178955078125,241.878662109375,239.06787109375,0.7512769103050232
802,1326,18357,146.36981201171875,661.098876953125,300.418701171875,370.797119140625,0.39201265573501587
803,1327,16548,157.8533935546875,804.8485107421875,257.66412353515625,255.6573486328125,0.8728070855140686
804,1327,1900,638.4669189453125,835.4609375,195.1138916015625,203.07568359375,0.8159430623054504
805,1327,29451,501.06671142578125,223.9363555908203,428.2757568359375,260.79600524902344,0.7046653032302856
806,1327,44199,171.00787353515625,225.22869873046875,208.55303955078125,280.89208984375,0.6457329988479614
807,1328,16548,575.2500610351562,207.68951416015625,247.2115478515625,246.71551513671875,0.874187707901001
808,1328,29451,55.9102783203125,825.520263671875,439.33306884765625,249.55322265625,0.8123091459274292
809,1328,1900,164.0447998046875,243.2425079345703,186.34063720703125,191.06834411621094,0.8075898885726929
810,1328,44199,624.5272216796875,802.3243408203125,210.506591796875,289.796142578125,0.7227598428726196
811,1329,16548,546.40673828125,200.66433715820312,243.42578125,241.80712890625,0.8817576169967651
812,1329,1900,143.75299072265625,234.15924072265625,188.6011962890625,191.14776611328125,0.8062375783920288
813,1329,44199,591.518798828125,771.0047607421875,222.86083984375,291.92724609375,0.7768533229827881
814,1329,29451,22.81683349609375,784.9764404296875,445.53961181640625,256.4261474609375,0.7519051432609558
815,1330,34597,62.59747314453125,150.5601806640625,486.45867919921875,455.6781005859375,0.8379478454589844
816,1330,35206,597.4803466796875,115.97930908203125,267.3031005859375,414.640625,0.7828439474105835
817,1330,25469,79.61572265625,815.1759033203125,351.7135009765625,332.651123046875,0.7738444209098816
818,1330,3483,593.6133422851562,830.004638671875,295.4384765625,212.4453125,0.7662145495414734
819,1331,34597,49.6671142578125,116.25767517089844,478.7337646484375,464.05628967285156,0.8240028023719788
820,1331,25469,39.32330322265625,772.1815185546875,364.47772216796875,334.17138671875,0.7856900095939636
821,1331,3483,568.8043212890625,794.5618896484375,296.23681640625,218.395263671875,0.7669160962104797
822,1331,35206,569.7908935546875,108.90544128417969,252.407958984375,406.48243713378906,0.7122345566749573
823,1332,34597,437.44769287109375,637.836181640625,492.8134765625,472.471923828125,0.8406717777252197
824,1332,3483,118.0882568359375,259.39044189453125,286.87744140625,213.13739013671875,0.7796294093132019
825,1332,25469,566.459716796875,173.863525390625,345.1744384765625,311.551025390625,0.7721163034439087
826,1332,35206,132.38027954101562,722.1484375,267.65350341796875,428.03955078125,0.7235208749771118
827,1333,3351,394.73663330078125,914.908935546875,203.28533935546875,207.591796875,0.7770271301269531
828,1333,20014,570.0972900390625,272.29876708984375,360.0771484375,344.6929931640625,0.7308756709098816
829,1333,36637,146.5662078857422,280.33660888671875,212.56825256347656,259.2755126953125,0.4460410177707672
830,1337,16548,569.8009033203125,178.27865600585938,249.18896484375,246.4407958984375,0.8889077305793762
831,1337,18110,70.0509033203125,779.4793701171875,320.55999755859375,316.279296875,0.8076192736625671
832,1337,29451,485.3801574707031,807.7099609375,417.2961120605469,294.9833984375,0.8049373030662537
833,1337,1900,164.066650390625,241.615966796875,186.9674072265625,191.67303466796875,0.7926575541496277
834,134,27653,54.126312255859375,800.859130859375,235.48370361328125,227.92822265625,0.8171773552894592
835,134,3483,551.9090576171875,799.6826171875,301.296875,195.38525390625,0.7708138823509216
836,134,35206,629.5718994140625,141.5467529296875,243.3770751953125,414.40753173828125,0.7495349049568176
837,134,31885,13.054840087890625,13.030029296875,388.3448791503906,524.7158203125,0.6343237161636353
838,1340,16548,179.592529296875,815.8145751953125,255.0577392578125,254.3494873046875,0.8589862585067749
839,1340,1900,638.729248046875,854.8253784179688,221.0732421875,168.188720703125,0.751979649066925
840,1340,24850,577.0429077148438,278.537109375,299.9453125,189.589111328125,0.6994226574897766
841,1345,31885,142.2451629638672,127.52458190917969,451.19190979003906,511.85487365722656,0.7854562997817993
842,1345,25469,78.4161376953125,816.164306640625,351.09271240234375,328.620361328125,0.776845395565033
843,1345,3483,590.898193359375,829.54296875,297.639892578125,214.775390625,0.7644572257995605
844,1345,29667,611.5654296875,165.68612670898438,236.996826171875,232.46533203125,0.7335154414176941
845,1347,31885,375.79736328125,610.050048828125,479.244873046875,534.45751953125,0.7914302945137024
846,1347,25469,566.4923095703125,174.43240356445312,350.718994140625,308.48333740234375,0.7786654233932495
847,1347,3483,117.10075378417969,259.5779113769531,289.60523986816406,211.210693359375,0.7723178863525391
848,1347,29667,131.6153564453125,863.1978759765625,245.2034912109375,241.283935546875,0.742832601070404
849,1348,3351,355.81536865234375,871.148681640625,202.125,207.55126953125,0.720963180065155
850,1348,22074,666.469970703125,302.29913330078125,200.460693359375,204.82733154296875,0.644448459148407
851,1348,16232,176.66915893554688,256.8715515136719,220.7745361328125,222.87225341796875,0.32605889439582825
852,135,27653,91.19851684570312,840.2435302734375,229.53878784179688,227.314453125,0.8399797081947327
853,135,3483,583.5653076171875,829.9273681640625,296.818603515625,194.214599609375,0.7794559597969055
854,135,31885,35.91668701171875,3.74835205078125,390.1566467285156,561.759765625,0.7155500054359436
855,135,35206,661.4554443359375,149.73944091796875,236.3978271484375,418.68341064453125,0.7056961059570312
856,1350,22074,98.48726654052734,808.4644775390625,199.24677276611328,200.729248046875,0.8143084049224854
857,1350,3351,421.1883544921875,212.9044189453125,196.1015625,196.1363525390625,0.7132603526115417
858,1350,31863,580.9644775390625,850.59912109375,220.4197998046875,219.7666015625,0.5788148641586304
859,1353,16232,148.5570068359375,820.79248046875,202.6168212890625,204.875732421875,0.8381657004356384
860,1353,34597,486.4141540527344,667.645751953125,489.5858459472656,482.9971923828125,0.8159089684486389
861,1353,3483,164.5354766845703,268.2542419433594,275.86143493652344,230.33258056640625,0.76337730884552
862,1353,27777,629.6175537109375,289.34075927734375,185.67236328125,204.460693359375,0.759235680103302
863,1354,20877,536.0748291015625,285.22625732421875,346.623779296875,255.78863525390625,0.8170776963233948
864,1354,3483,130.5299072265625,285.59588623046875,229.80404663085938,268.23199462890625,0.7675365209579468
865,1354,36637,155.5321044921875,795.8272705078125,211.3922119140625,269.8699951171875,0.7063574194908142
866,1354,30308,564.321044921875,726.0640869140625,367.252197265625,480.791015625,0.4486324191093445
867,1355,20877,79.76712036132812,716.955322265625,347.00970458984375,264.311767578125,0.8122361898422241
868,1355,3483,610.571044921875,707.46435546875,234.48095703125,283.912353515625,0.7649909257888794
869,1355,36637,593.7660522460938,202.30584716796875,199.953857421875,255.6143798828125,0.7001402974128723
870,1357,16548,571.3380126953125,161.35076904296875,241.8173828125,239.7042236328125,0.8875718712806702
871,1357,6563,154.5273895263672,669.776611328125,236.12049865722656,374.664306640625,0.7639853358268738
872,1357,3544,88.77011108398438,219.75250244140625,214.848388671875,215.26409912109375,0.7059018611907959
873,1357,12420,621.806640625,808.6533203125,199.6885986328125,194.49560546875,0.43318936228752136
874,1358,16548,599.57763671875,168.28378295898438,248.38037109375,242.24462890625,0.8971690535545349
875,1358,6563,185.52230834960938,715.4974365234375,236.95556640625,368.403564453125,0.8355132937431335
876,1358,3544,105.41091918945312,231.4853515625,219.74356079101562,217.20050048828125,0.7985177636146545
877,1358,12420,649.5089111328125,841.9222412109375,196.237060546875,190.896240234375,0.4934035837650299
878,1359,16548,132.53607177734375,845.605224609375,256.00634765625,254.79052734375,0.8624216318130493
879,1359,6563,573.4768676757812,227.658447265625,233.3289794921875,345.69940185546875,0.8261743187904358
880,1359,3544,668.5306396484375,821.0159912109375,225.6337890625,223.241943359375,0.7815256118774414
881,1359,12420,157.08399963378906,272.01513671875,195.50389099121094,187.8328857421875,0.6035254597663879
882,136,16551,69.9979248046875,651.9842529296875,334.6510009765625,498.809326171875,0.8322775959968567
883,136,1900,649.6951293945312,844.9351196289062,215.2847900390625,168.1390380859375,0.7864079475402832
884,136,33009,561.7999267578125,201.9129638671875,331.40966796875,311.7369384765625,0.747072160243988
885,136,44199,126.59304809570312,234.39297485351562,255.49853515625,249.6927490234375,0.6900923848152161
886,1361,29667,623.5865478515625,685.0267333984375,242.61083984375,245.385986328125,0.8006730675697327
887,1361,3351,352.15252685546875,141.5712890625,194.88067626953125,200.85601806640625,0.792924702167511
888,1361,19232,153.042236328125,648.0145874023438,274.28717041015625,369.1451416015625,0.6029228568077087
889,1363,16262,113.84119415283203,284.48101806640625,250.95458221435547,249.09100341796875,0.8390625715255737
890,1363,3351,427.33856201171875,878.387939453125,203.2596435546875,208.1763916015625,0.7928492426872253
891,1363,33880,441.0892333984375,228.716552734375,453.3115234375,322.353515625,0.6921514272689819
892,1366,22347,657.849609375,830.239501953125,221.0592041015625,219.192626953125,0.9026079177856445
893,1366,27653,673.4166259765625,247.7734375,223.9000244140625,213.87890625,0.8495410680770874
894,1366,3483,126.95867919921875,281.45709228515625,291.3834228515625,189.597412109375,0.7816622257232666
895,1366,29667,120.35000610351562,857.416259765625,239.45196533203125,239.660888671875,0.7780635952949524
896,1367,22347,101.55770874023438,216.59986877441406,213.30343627929688,209.07200622558594,0.8880655169487
897,1367,27653,53.32140350341797,800.9564208984375,235.46460723876953,226.7684326171875,0.8338195085525513
898,1367,3483,551.6023559570312,799.950927734375,300.2891845703125,194.72216796875,0.786008358001709
899,1367,29667,597.4293212890625,167.87403869628906,233.23388671875,230.08116149902344,0.7592761516571045
900,1369,16262,636.89013671875,169.51470947265625,247.981201171875,243.83624267578125,0.8260736465454102
901,1369,3483,593.3153076171875,859.9708251953125,272.12890625,242.5166015625,0.7795059680938721
902,1369,22347,116.30972290039062,204.36134338378906,213.85162353515625,214.71128845214844,0.6992700695991516
903,1369,19861,123.253173828125,860.640869140625,227.7650146484375,178.627685546875,0.6642602682113647
904,1371,16262,608.1573486328125,163.90338134765625,242.59619140625,241.57861328125,0.8440929651260376
905,1371,3483,565.840087890625,827.1258544921875,276.33056640625,245.8917236328125,0.7731449604034424
906,1371,22347,98.61224365234375,197.8104248046875,210.48516845703125,207.71307373046875,0.7718567848205566
907,1371,19861,88.60751342773438,818.22216796875,230.83999633789062,187.44189453125,0.7281098961830139
908,1372,3743,50.56890869140625,795.4547119140625,368.25457763671875,365.197265625,0.7632034420967102
909,1372,2483,580.9574584960938,112.35784912109375,309.1695556640625,468.3297119140625,0.7493515014648438
910,1372,22627,60.66265869140625,90.76947021484375,369.93634033203125,515.4935302734375,0.5623863339424133
911,1372,13395,585.862548828125,693.779296875,301.515869140625,523.8251953125,0.45459747314453125
912,1376,33208,146.52926635742188,289.15460205078125,215.94256591796875,212.3233642578125,0.856354296207428
913,1376,1900,637.0758056640625,854.89794921875,213.88671875,175.10986328125,0.8027250170707703
914,1376,16551,76.97561645507812,682.746826171875,322.3588562011719,525.595947265625,0.7995796203613281
915,1376,33009,581.62646484375,228.8480224609375,369.88671875,262.059326171875,0.7795854806900024
916,1377,16551,594.98974609375,35.01605224609375,312.03173828125,515.3839111328125,0.8663678169250488
917,1377,33009,36.28228759765625,810.5634765625,376.42510986328125,260.105712890625,0.8102118968963623
918,1377,33208,638.0127563476562,798.2652587890625,217.7841796875,215.627685546875,0.7970163822174072
919,1377,1900,150.10015869140625,251.5083770751953,203.2242431640625,166.34580993652344,0.7914920449256897
920,1378,35206,99.56236267089844,762.632568359375,317.70716857910156,410.26708984375,0.8040829300880432
921,1378,3483,142.28057861328125,213.3712615966797,266.11895751953125,235.92457580566406,0.7693619728088379
922,1378,22347,618.3408203125,863.061279296875,222.27294921875,219.510009765625,0.7659231424331665
923,1378,19861,636.4224243164062,270.05780029296875,228.0694580078125,185.44940185546875,0.7619320750236511
924,1379,22347,157.19581604003906,193.19708251953125,213.12522888183594,211.75994873046875,0.8091546297073364
925,1379,35206,578.5487670898438,85.4986572265625,304.299072265625,402.1170654296875,0.8084499835968018
926,1379,3483,593.860595703125,860.1873779296875,271.127197265625,242.01220703125,0.780139148235321
927,1379,19861,123.41571044921875,860.91796875,227.4510498046875,178.0426025390625,0.6714779138565063
928,1381,21325,624.900390625,255.12579345703125,256.26708984375,184.6990966796875,0.855309009552002
929,1381,3351,395.81787109375,830.233154296875,213.986328125,219.753173828125,0.7857338786125183
930,1381,32310,20.332672119140625,203.4859619140625,391.7878723144531,293.0006103515625,0.40049928426742554
931,1384,20238,600.4569091796875,188.57208251953125,234.5155029296875,230.80682373046875,0.7797654867172241
932,1384,3483,557.914794921875,802.5692138671875,281.496826171875,237.0830078125,0.7771058082580566
933,1384,27777,172.35716247558594,808.319580078125,190.91883850097656,216.962646484375,0.7673249840736389
934,1384,25367,14.86138916015625,89.71565246582031,457.6200256347656,478.94285583496094,0.7639635801315308
935,1385,20238,572.361328125,182.40423583984375,230.253173828125,228.388427734375,0.7887122631072998
936,1385,27777,138.65191650390625,771.810302734375,193.93667602539062,218.4443359375,0.7750888466835022
937,1385,3483,528.0303344726562,768.69677734375,287.88623046875,240.709716796875,0.7728685140609741
938,1385,25367,16.5504150390625,79.22186279296875,427.96234130859375,463.76422119140625,0.5700746774673462
939,1386,25367,505.5216064453125,693.1480712890625,470.4783935546875,487.5784912109375,0.9166324734687805
940,1386,27777,630.696044921875,289.0166015625,185.5128173828125,203.773681640625,0.7731689214706421
941,1386,3483,167.3600311279297,266.90509033203125,272.77284240722656,230.00543212890625,0.7596952319145203
942,1386,20238,146.98486328125,844.39794921875,242.302978515625,237.375732421875,0.6854991316795349
943,1387,22347,107.11068725585938,233.57778930664062,214.92874145507812,212.65240478515625,0.8865845203399658
944,1387,20877,130.82041931152344,828.324951171875,294.04151916503906,324.8157958984375,0.8407158255577087
945,1387,20238,596.201904296875,171.82391357421875,237.0439453125,232.9471435546875,0.820297122001648
946,1387,3483,633.4410400390625,751.3011474609375,220.3837890625,282.90087890625,0.7728947997093201
947,139,25469,41.61431884765625,773.633056640625,359.8646545410156,328.848876953125,0.7853833436965942
948,139,31885,0.0,41.020263671875,411.611328125,526.4175415039062,0.7746985554695129
949,139,3483,567.1339111328125,795.107421875,297.285888671875,219.368408203125,0.7628834247589111
950,139,35206,573.2252197265625,109.34983825683594,248.900146484375,405.97926330566406,0.6679980754852295
951,1390,25438,142.17445373535156,857.1634521484375,288.55894470214844,290.237060546875,0.8493343591690063
952,1390,2483,570.292236328125,121.06781005859375,270.9884033203125,471.2091064453125,0.749828577041626
953,1390,22362,585.786376953125,746.2271728515625,302.673095703125,430.4337158203125,0.7028276920318604
954,1390,22627,91.08772277832031,162.277099609375,394.72032165527344,482.8692626953125,0.4619583785533905
955,1392,25438,138.41168212890625,850.4976806640625,285.089111328125,274.7401123046875,0.8683133721351624
956,1392,2483,571.8262939453125,79.14390563964844,289.36767578125,498.45179748535156,0.7665320038795471
957,1392,22627,80.206298828125,116.88389587402344,408.0382080078125,499.21839904785156,0.5180692672729492
958,1392,22362,575.0341796875,740.775634765625,303.24658203125,427.873291015625,0.4694698750972748
959,1393,22347,676.9615478515625,864.2110595703125,225.721923828125,220.4542236328125,0.8582504987716675
960,1393,16262,131.2012481689453,828.66259765625,256.02024841308594,253.174560546875,0.8473121523857117
961,1393,27777,631.06982421875,288.84295654296875,185.7510986328125,204.0306396484375,0.7772946953773499
962,1393,3483,168.4139404296875,266.0919189453125,275.3758544921875,230.7098388671875,0.763486385345459
963,1395,22347,85.64822387695312,185.03781127929688,209.64181518554688,208.923095703125,0.8777853846549988
964,1395,16262,571.3948974609375,178.033447265625,244.985107421875,243.68792724609375,0.8013234734535217
965,1395,3483,527.4813232421875,768.410888671875,287.0712890625,239.6162109375,0.7739463448524475
966,1395,27777,137.45233154296875,771.904541015625,194.19921875,217.4913330078125,0.7699419260025024
967,1396,2483,43.9622802734375,654.49609375,297.53839111328125,509.7864990234375,0.8207655549049377
968,1396,5094,506.5814208984375,144.93011474609375,300.249267578125,302.884033203125,0.6500790119171143
969,1396,13395,55.081298828125,85.92755126953125,291.9129943847656,497.05413818359375,0.46901369094848633
970,1396,19552,469.7305908203125,569.937255859375,400.2882080078125,536.11181640625,0.4487520456314087
971,140,31885,0.0,60.45068359375,436.66009521484375,529.3983154296875,0.7796651124954224
972,140,35206,600.0533447265625,116.88777160644531,264.6279296875,414.17369079589844,0.7732969522476196
973,140,25469,79.02250671386719,815.2432861328125,351.60377502441406,333.00146484375,0.7668665051460266
974,140,3483,592.690673828125,829.799560546875,297.903076171875,213.5694580078125,0.7664881348609924
975,1401,22347,644.895263671875,844.74658203125,223.5859375,220.5648193359375,0.838991105556488
976,1401,3483,117.52822875976562,259.068603515625,288.69024658203125,210.57470703125,0.7744181156158447
977,1401,25469,566.7176513671875,174.34852600097656,350.468505859375,307.82408142089844,0.7465892434120178
978,1401,29667,130.14559936523438,864.015625,242.1405029296875,240.8851318359375,0.7393454313278198
979,1402,3351,418.5521240234375,876.5858154296875,202.753662109375,208.717529296875,0.7781350612640381
980,1402,20238,77.91748046875,325.8394775390625,239.09744262695312,237.60693359375,0.7049710750579834
981,1402,33880,449.79296875,190.40704345703125,410.109375,383.63916015625,0.6092170476913452
982,1404,3351,360.67498779296875,207.79147338867188,195.63555908203125,195.29248046875,0.794788122177124
983,1404,20238,664.979736328125,755.5755615234375,239.7481689453125,236.5439453125,0.7334429025650024
984,1404,33880,108.184326171875,734.57568359375,414.14794921875,395.029296875,0.6840643286705017
985,1407,38162,598.5220947265625,785.30859375,260.034912109375,270.500244140625,0.8678632974624634
986,1407,3351,374.8466796875,222.6314239501953,199.11669921875,197.36534118652344,0.7958033680915833
987,1407,33880,93.1029052734375,679.8416748046875,329.27215576171875,446.1094970703125,0.37626317143440247
988,1407,20877,96.7225341796875,676.5074462890625,330.39654541015625,448.503173828125,0.25594043731689453
989,1408,33208,652.7142333984375,892.640869140625,225.166259765625,223.4288330078125,0.8643501996994019
990,1408,16548,65.70791625976562,799.224365234375,255.82949829101562,253.8720703125,0.8526166677474976
991,1408,1900,184.06719970703125,267.3355712890625,208.61004638671875,148.3248291015625,0.8106387853622437
992,1408,21026,679.9348754882812,271.75311279296875,187.0079345703125,181.8436279296875,0.6435647010803223
993,1411,27653,92.813232421875,840.56787109375,229.18106079101562,227.63330078125,0.8456981182098389
994,1411,3483,584.184814453125,829.0545654296875,297.2222900390625,195.396484375,0.7816202044487
995,1411,36637,632.6451416015625,204.2164306640625,210.2869873046875,260.89923095703125,0.7371396422386169
996,1411,30308,34.491729736328125,117.29046630859375,431.2042236328125,444.088623046875,0.5758440494537354
997,1413,27653,672.142822265625,246.823486328125,223.637451171875,214.10174560546875,0.8439337611198425
998,1413,3483,126.17535400390625,279.19525146484375,291.292236328125,192.7901611328125,0.7776502966880798
999,1413,30308,519.095458984375,696.07958984375,443.0555419921875,445.6787109375,0.7395912408828735
1000,1413,36637,143.82012939453125,799.3389892578125,209.18450927734375,265.738525390625,0.7154811024665833
1001,1414,16548,48.146217346191406,767.4049072265625,251.09654998779297,250.2294921875,0.8495189547538757
1002,1414,27926,552.1279296875,599.5238037109375,280.0115966796875,493.113037109375,0.8241291642189026
1003,1414,3544,103.27661895751953,185.50914001464844,215.25591278076172,213.31141662597656,0.8228435516357422
1004,1414,10221,594.1641845703125,183.67019653320312,229.04931640625,229.20489501953125,0.778988242149353
1005,1418,1900,123.25808715820312,252.1971893310547,205.10089111328125,158.58387756347656,0.8061760663986206
1006,1418,16551,98.38618469238281,644.812744140625,309.07896423339844,505.99755859375,0.652310848236084
1007,1418,31705,585.9617919921875,695.767578125,275.563232421875,466.683349609375,0.3739423453807831
1008,142,16548,587.37060546875,148.25482177734375,242.4345703125,240.9835205078125,0.8930380344390869
1009,142,44199,74.67721557617188,167.2783203125,257.2477111816406,245.5294189453125,0.8594956398010254
1010,142,21026,86.8202896118164,826.9599609375,194.02025604248047,189.3092041015625,0.828046977519989
1011,142,1900,578.7091064453125,861.8553466796875,216.3331298828125,152.43310546875,0.8035897016525269
1012,1420,41768,91.46990966796875,229.27052307128906,308.6438293457031,285.89219665527344,0.7797103524208069
1013,1420,3351,404.2666015625,867.528076171875,204.4993896484375,205.76708984375,0.7784853577613831
1014,1421,3351,335.18060302734375,158.48876953125,195.3114013671875,202.24884033203125,0.7932559847831726
1015,1421,41768,538.3076782226562,704.8692626953125,322.9072265625,310.22705078125,0.6537795662879944
1016,1421,16688,79.5516357421875,507.047119140625,360.6839599609375,670.5732421875,0.5848328471183777
1017,1424,3483,526.98388671875,766.3387451171875,287.3389892578125,239.0802001953125,0.7722971439361572
1018,1424,27777,136.84164428710938,771.61572265625,195.31167602539062,216.921630859375,0.7649552822113037
1019,1424,35206,573.75830078125,124.45916748046875,250.751953125,414.1478271484375,0.7490507960319519
1020,1424,31885,80.630615234375,71.5322265625,381.030517578125,533.5591430664062,0.5954093933105469
1021,1425,3483,556.8759765625,801.560546875,281.34814453125,233.111572265625,0.7814627289772034
1022,1425,31885,100.360595703125,83.4085693359375,390.929931640625,552.986572265625,0.7736722826957703
1023,1425,27777,172.32220458984375,807.7366943359375,190.56005859375,215.896728515625,0.7729803323745728
1024,1425,35206,601.4075927734375,136.30316162109375,263.637939453125,420.52978515625,0.7595641016960144
1025,1429,10221,671.62646484375,203.5421142578125,238.546142578125,236.614013671875,0.8586843013763428
1026,1429,16548,119.82217407226562,822.9224853515625,247.29342651367188,244.823974609375,0.8543603420257568
1027,1429,3544,114.30474090576172,242.1627197265625,222.30365753173828,219.01275634765625,0.8008520603179932
1028,1429,29345,596.3611450195312,697.2232666015625,297.5068359375,457.6741943359375,0.7047222852706909
1029,143,16548,614.76953125,154.21133422851562,249.427490234375,241.5313720703125,0.8900894522666931
1030,143,44199,87.98443603515625,174.87405395507812,264.37744140625,249.97796630859375,0.8375797271728516
1031,143,21026,120.51336669921875,861.0225830078125,193.43951416015625,188.1650390625,0.7823306918144226
1032,143,1900,607.2403564453125,896.3702392578125,209.963134765625,145.86181640625,0.780434787273407
1033,1431,10221,643.9727172851562,199.99746704101562,231.37353515625,231.2862548828125,0.9309787154197693
1034,1431,16548,85.61133575439453,783.876220703125,250.12694549560547,248.3929443359375,0.8387557864189148
1035,1431,3544,99.18541717529297,233.21742248535156,216.29828643798828,216.37156677246094,0.7618606090545654
1036,1431,29345,571.9227294921875,663.9444580078125,299.0478515625,457.427734375,0.6711305379867554
1037,1433,38162,600.202880859375,735.0830078125,312.95068359375,240.7891845703125,0.9063622355461121
1038,1433,3351,360.253662109375,162.5186767578125,198.025390625,202.03680419921875,0.8262979984283447
1039,1433,32310,0.0,648.0853271484375,315.4768371582031,358.69873046875,0.6207610368728638
1040,1435,13900,155.516845703125,335.80670166015625,195.164306640625,267.33758544921875,0.8409422039985657
1041,1435,3351,392.06549072265625,845.1162109375,201.17877197265625,207.537841796875,0.7960042357444763
1042,1435,20238,581.8248291015625,298.584228515625,239.2777099609375,234.9879150390625,0.7003875374794006
1043,1436,13900,591.98291015625,619.6396484375,195.1824951171875,280.567138671875,0.9164100885391235
1044,1436,3351,342.93115234375,178.70779418945312,199.771240234375,199.95782470703125,0.7995697855949402
1045,1436,20238,103.6307373046875,693.067626953125,241.37716674804688,241.09716796875,0.7297624945640564
1046,1438,12247,171.51756286621094,295.478759765625,214.23255920410156,142.55322265625,0.9137401580810547
1047,1438,16548,200.97605895996094,834.722412109375,254.56227111816406,253.5870361328125,0.8593024015426636
1048,1438,6563,572.601318359375,227.76292419433594,233.438720703125,346.01979064941406,0.8230195045471191
1049,1438,3544,691.2749633789062,850.8663330078125,227.10205078125,223.9923095703125,0.8066728711128235
1050,1439,12247,588.8236083984375,841.584716796875,219.8258056640625,143.979248046875,0.9385355114936829
1051,1439,16548,506.74639892578125,172.70945739746094,242.4661865234375,240.57594299316406,0.8901203274726868
1052,1439,3544,67.98391723632812,190.6310272216797,215.71646118164062,217.03321838378906,0.7718149423599243
1053,1439,6563,154.81143188476562,668.8216552734375,237.39227294921875,375.9317626953125,0.7452294826507568
1054,1441,22347,113.62033081054688,165.79171752929688,211.56057739257812,207.3492431640625,0.9132616519927979
1055,1441,27733,84.06040954589844,720.7523193359375,329.22804260253906,311.556884765625,0.8818731307983398
1056,1441,3483,568.9505615234375,746.3214111328125,294.835205078125,231.9697265625,0.7800125479698181
1057,1441,36637,585.5281982421875,191.8897247314453,266.2799072265625,192.70616149902344,0.7571754455566406
1058,1442,22347,129.19595336914062,170.46560668945312,217.50094604492188,213.9906005859375,0.8916604518890381
1059,1442,27733,118.57101440429688,760.2003173828125,324.779052734375,325.191650390625,0.8886017203330994
1060,1442,3483,597.189697265625,778.00244140625,290.659912109375,227.893798828125,0.7858871221542358
1061,1442,36637,614.032470703125,194.96644592285156,272.0816650390625,196.07945251464844,0.76873779296875
1062,1444,2483,49.783355712890625,686.1025390625,319.5278015136719,510.021240234375,0.7587813138961792
1063,1444,23223,473.4587097167969,604.513671875,398.1609191894531,554.610595703125,0.7213900685310364
1064,1444,4378,92.45706176757812,108.43353271484375,306.8429260253906,453.690185546875,0.6365920901298523
1065,1444,5094,457.0650329589844,119.98065185546875,365.4265441894531,362.5966796875,0.5442571640014648
1066,1446,2483,586.56787109375,24.571731567382812,291.755859375,509.12950134277344,0.8028410077095032
1067,1446,23223,82.4056396484375,57.4696044921875,371.64727783203125,544.4561767578125,0.7314555048942566
1068,1446,4378,555.8223876953125,691.9945068359375,291.24462890625,477.6904296875,0.6961647272109985
1069,1446,5094,108.48124694824219,782.440185546875,362.81239318847656,361.498046875,0.4555056393146515
1070,1447,10221,622.2530517578125,183.27032470703125,229.529541015625,231.5411376953125,0.920010507106781
1071,1447,16548,38.338951110839844,783.9630126953125,252.04596710205078,249.791015625,0.7909370064735413
1072,1447,29451,449.02685546875,750.3824462890625,440.8343505859375,280.1800537109375,0.7494634389877319
1073,1447,3544,98.5196533203125,171.32846069335938,215.663818359375,216.14385986328125,0.7347328066825867
1074,1449,10221,650.3934326171875,190.18994140625,236.4969482421875,230.96795654296875,0.8612949252128601
1075,1449,16548,73.70944213867188,824.6229248046875,248.36038208007812,242.910888671875,0.8048940300941467
1076,1449,3544,112.88589477539062,175.16368103027344,220.73193359375,219.43190002441406,0.7489460706710815
1077,1449,29451,478.5861511230469,787.01025390625,437.1213684082031,276.98046875,0.7398286461830139
1078,1450,25438,102.169921875,789.9034423828125,297.1390380859375,296.68115234375,0.8494749069213867
1079,1450,2483,554.7332763671875,38.8756103515625,322.1142578125,513.0545654296875,0.743105947971344
1080,1450,12778,73.5115966796875,50.713134765625,377.71270751953125,560.9603271484375,0.7382125854492188
1081,1450,13395,546.67041015625,710.4560546875,330.6595458984375,521.943603515625,0.3437473475933075
1082,1452,25438,108.39796447753906,810.4124755859375,287.35203552246094,286.8173828125,0.85869300365448
1083,1452,12778,91.765380859375,106.263427734375,336.0263671875,529.43798828125,0.7877482175827026
1084,1452,2483,570.3848876953125,87.26312255859375,271.90673828125,476.1331787109375,0.7287697792053223
1085,1452,13395,575.6694946289062,720.1328125,291.1187744140625,517.424560546875,0.42137250304222107
1086,1453,3351,451.62103271484375,899.005126953125,202.99560546875,207.7548828125,0.7894108295440674
1087,1453,18357,38.9327392578125,301.17230224609375,296.803466796875,349.65057373046875,0.592274010181427
1088,1453,16688,420.00128173828125,102.086181640625,498.75244140625,570.6666259765625,0.38417160511016846
1089,1455,3351,328.4508056640625,185.8599395751953,194.91278076171875,194.55369567871094,0.7902452945709229
1090,1455,18357,645.73779296875,642.27001953125,298.4569091796875,360.1396484375,0.7306355834007263
1091,1455,16688,13.15142822265625,594.3675537109375,498.29998779296875,637.0894775390625,0.5044957399368286
1092,1458,25438,92.21517944335938,816.4453125,287.74652099609375,280.68408203125,0.8555073738098145
1093,1458,23223,35.282562255859375,154.94549560546875,375.8441162109375,541.2003784179688,0.8087102174758911
1094,1458,2483,592.90869140625,44.59417724609375,280.8388671875,512.8597412109375,0.7996482253074646
1095,1458,4378,608.8524169921875,701.212158203125,290.499267578125,471.909423828125,0.6887820959091187
1096,1459,5094,91.92788696289062,800.6917724609375,305.5829772949219,305.7999267578125,0.7731074690818787
1097,1459,2483,605.6177978515625,76.53846740722656,268.3388671875,470.68565368652344,0.7507113218307495
1098,1459,22627,50.5848388671875,173.1465301513672,361.1180419921875,509.85621643066406,0.5494678020477295
1099,146,16232,147.83709716796875,820.3857421875,202.91851806640625,205.3289794921875,0.844813346862793
1100,146,3483,164.31349182128906,268.17620849609375,275.94810485839844,231.0618896484375,0.7627696990966797
1101,146,27777,629.4573974609375,289.2969970703125,185.85107421875,204.5986328125,0.762366771697998
1102,146,31885,529.6710205078125,654.0447998046875,446.3289794921875,567.1910400390625,0.7061716318130493
1103,1460,2483,18.167694091796875,685.22021484375,328.7685546875,513.578369140625,0.7956920266151428
1104,1460,5094,526.154296875,169.50967407226562,315.471923828125,316.673095703125,0.6862702369689941
1105,1460,22627,500.4676208496094,544.625,416.5132141113281,546.385498046875,0.4201248586177826
1106,1461,2483,609.4931640625,12.48968505859375,286.08642578125,514.7188110351562,0.7963227033615112
1107,1461,5094,89.5374755859375,786.537353515625,305.2366943359375,306.6832275390625,0.7588022351264954
1108,1461,22627,39.487274169921875,138.1082763671875,376.20294189453125,519.77099609375,0.5453741550445557
1109,1461,4378,616.9967041015625,687.5047607421875,290.9556884765625,470.49072265625,0.3435528874397278
1110,1462,25367,495.5968017578125,666.51416015625,472.4561767578125,484.838623046875,0.8847262263298035
1111,1462,27653,671.508544921875,246.9902801513672,223.9365234375,213.91529846191406,0.841431200504303
1112,1462,3483,125.58689880371094,281.8404846191406,291.87757873535156,189.58453369140625,0.7767316102981567
1113,1462,20238,126.9361572265625,862.2640380859375,240.57763671875,238.324951171875,0.6667975187301636
1114,1463,27653,92.73300170898438,840.8304443359375,228.73263549804688,226.904541015625,0.8436992168426514
1115,1463,3483,581.0338134765625,831.67138671875,298.7763671875,192.5345458984375,0.7817981839179993
1116,1463,25367,24.069076538085938,119.09815979003906,455.12513732910156,472.05870056152344,0.781617283821106
1117,1463,20238,616.9061889648438,167.9774169921875,235.8572998046875,231.09161376953125,0.7459877729415894
1118,1464,27653,55.901580810546875,801.0787353515625,234.47808837890625,227.999267578125,0.8290393948554993
1119,1464,3483,552.734619140625,798.982177734375,301.315185546875,196.73681640625,0.7770397663116455
1120,1464,20238,588.4744873046875,165.10899353027344,230.5240478515625,228.83424377441406,0.6744425892829895
1121,1464,25367,19.8162841796875,99.64129638671875,438.37823486328125,469.86456298828125,0.6536625027656555
1122,1466,16262,589.77734375,168.17831420898438,244.07275390625,244.4652099609375,0.861540675163269
1123,1466,22347,100.92276000976562,170.2130889892578,213.43881225585938,209.68565368652344,0.8569633960723877
1124,1466,27653,54.73053741455078,800.861083984375,234.84300994873047,226.98974609375,0.8237127065658569
1125,1466,3483,551.794677734375,799.364013671875,300.59521484375,195.153076171875,0.7807490229606628
1126,1473,19607,149.30419921875,214.503173828125,164.84283447265625,159.77734375,0.8894863724708557
1127,1473,16551,563.9696655273438,71.57440185546875,309.4832763671875,512.387939453125,0.8507810831069946
1128,1473,1900,614.3271484375,857.3577880859375,202.001220703125,166.586181640625,0.7923200726509094
1129,1473,21026,121.11807250976562,861.6304931640625,191.896484375,187.2763671875,0.7557488083839417
1130,1474,27733,115.2796630859375,754.8214111328125,326.3055419921875,313.820556640625,0.8783078193664551
1131,1474,3483,598.76904296875,775.8753051757812,290.9609375,228.5218505859375,0.7829339504241943
1132,1474,36637,612.2069702148438,193.01004028320312,272.8336181640625,197.5938720703125,0.7684770822525024
1133,1474,34597,30.154190063476562,91.85198974609375,489.21775817871094,456.7896728515625,0.763785719871521
1134,1476,34597,25.356399536132812,53.97564697265625,472.98435974121094,471.97601318359375,0.8305299878120422
1135,1476,27733,80.5909423828125,706.2603759765625,330.80908203125,323.9410400390625,0.8280941843986511
1136,1476,36637,583.80029296875,190.51995849609375,266.9739990234375,194.08740234375,0.7884432673454285
1137,1476,3483,569.8084106445312,744.853759765625,295.5965576171875,232.4376220703125,0.7812188267707825
1138,1477,3351,640.1446533203125,277.0989685058594,203.68994140625,206.49005126953125,0.8013004064559937
1139,1477,36637,82.26849365234375,217.9839324951172,256.6202697753906,242.19337463378906,0.3308711647987366
1140,1477,18357,335.1590576171875,666.5152587890625,298.1849365234375,398.2181396484375,0.2960759401321411
1141,148,3351,397.2236328125,842.896484375,201.49560546875,206.269287109375,0.7850286960601807
1142,148,20238,113.7666015625,291.482666015625,239.2745361328125,234.47613525390625,0.7843936085700989
1143,148,19232,493.7392578125,222.07403564453125,345.898193359375,283.88983154296875,0.6138805747032166
1144,1480,6563,583.095947265625,237.6070556640625,229.673583984375,343.845947265625,0.8897719383239746
1145,1480,10221,152.2099151611328,252.45849609375,232.41148376464844,229.68804931640625,0.8830722570419312
1146,1480,16548,165.6651611328125,827.7308349609375,255.58673095703125,251.272216796875,0.8802651166915894
1147,1480,3544,636.1251220703125,868.935791015625,226.45166015625,225.7462158203125,0.8131332397460938
1148,1483,28763,628.274169921875,892.9796142578125,230.31689453125,222.49755859375,0.8093439340591431
1149,1483,3483,142.27833557128906,213.5999755859375,266.12986755371094,235.64959716796875,0.7685039043426514
1150,1483,19861,636.24951171875,269.5804443359375,228.02783203125,186.0877685546875,0.7680143713951111
1151,1483,35206,99.916259765625,762.7564697265625,317.3846435546875,410.4920654296875,0.7492782473564148
1152,1485,28763,144.02671813964844,159.7469482421875,218.59559631347656,215.65826416015625,0.8175747394561768
1153,1485,35206,579.6100463867188,88.62844848632812,302.84765625,398.05316162109375,0.7873162031173706
1154,1485,3483,594.061279296875,860.0020751953125,270.560791015625,242.054931640625,0.7791133522987366
1155,1485,19861,124.39559936523438,859.270263671875,227.17874145507812,181.251953125,0.6762337684631348
1156,1488,21325,204.65208435058594,819.5555419921875,214.82655334472656,214.80712890625,0.81576007604599
1157,1488,3351,388.1434326171875,198.58050537109375,194.5201416015625,194.8431396484375,0.7911449670791626
1158,1488,31863,619.373291015625,825.826416015625,221.06494140625,218.8992919921875,0.30828315019607544
1159,1488,16232,619.1536865234375,825.9459228515625,220.878173828125,218.63330078125,0.3047676086425781
1160,1489,3351,398.083984375,844.742919921875,200.32281494140625,205.04443359375,0.7738430500030518
1161,1489,20238,178.7122039794922,273.56036376953125,237.56459045410156,233.106201171875,0.5663202404975891
1162,1489,20014,529.1138916015625,277.37860107421875,357.196044921875,343.9476318359375,0.5336319804191589
1163,149,19232,85.4677734375,688.2467651367188,353.37005615234375,293.1444091796875,0.8517434000968933
1164,149,3351,339.0830078125,183.74261474609375,197.1661376953125,197.9041748046875,0.7940886616706848
1165,149,20238,589.0948486328125,704.547607421875,242.7099609375,241.394287109375,0.7630144953727722
1166,1492,3351,372.529296875,895.177734375,204.47637939453125,206.667724609375,0.7397096753120422
1167,1492,21325,175.20864868164062,273.13134765625,179.27789306640625,242.749755859375,0.6313630938529968
1168,1492,41768,511.37017822265625,286.35382080078125,374.0753173828125,388.58355712890625,0.3558800518512726
1169,1493,21325,588.4573974609375,718.4505615234375,177.943115234375,251.1466064453125,0.8157057762145996
1170,1493,3351,362.7869873046875,131.60330200195312,194.8232421875,198.4716796875,0.7944933772087097
1171,1493,41768,38.598968505859375,528.2962646484375,383.1613464355469,411.411376953125,0.4338456094264984
1172,1493,18147,31.51416015625,530.0877685546875,391.03521728515625,410.541015625,0.2508852779865265
1173,1497,3483,557.85302734375,829.607666015625,276.720703125,252.6719970703125,0.778221845626831
1174,1497,29667,605.3259887695312,191.660400390625,230.660888671875,230.4549560546875,0.7713455557823181
1175,1497,34597,41.6673583984375,39.86865234375,336.67474365234375,532.8302001953125,0.7685357928276062
1176,1497,19861,81.97470092773438,816.6505126953125,233.58657836914062,190.363525390625,0.7197604179382324
1177,15,3351,355.4583740234375,239.54322814941406,195.86065673828125,196.57505798339844,0.7945989370346069
1178,15,33880,34.9139404296875,767.975830078125,470.7891845703125,316.9630126953125,0.608868420124054
1179,15,16232,635.869873046875,788.62939453125,207.562744140625,206.729248046875,0.4911019802093506
1180,150,19232,126.67156982421875,789.6112060546875,352.12738037109375,293.0030517578125,0.7978205680847168
1181,150,20238,628.518310546875,796.4677734375,238.985107421875,236.60205078125,0.7958823442459106
1182,150,3351,382.579345703125,243.704833984375,195.50701904296875,196.384765625,0.7940983772277832
1183,1500,3351,345.44000244140625,229.06105041503906,198.24151611328125,195.96788024902344,0.7632039189338684
1184,1500,38162,183.5770721435547,731.546875,208.71290588378906,308.26220703125,0.7257775664329529
1185,1500,41768,564.6239013671875,834.669677734375,366.734130859375,237.6368408203125,0.603676974773407
1186,151,33208,175.096923828125,259.5456848144531,220.81463623046875,214.2501220703125,0.8731626272201538
1187,151,16548,89.69140625,809.5125732421875,256.1541442871094,254.9088134765625,0.8327261209487915
1188,151,1900,639.7255859375,835.25146484375,194.310791015625,203.1502685546875,0.8137220144271851
1189,151,29451,500.7740478515625,223.58302307128906,426.441162109375,260.73143005371094,0.6993504762649536
1190,152,33208,578.9688720703125,802.2901611328125,221.635498046875,221.2637939453125,0.8739438056945801
1191,152,16548,612.0565185546875,197.1129150390625,245.417724609375,240.46478271484375,0.8590303063392639
1192,152,1900,143.3162841796875,234.42581176757812,188.48150634765625,191.0833740234375,0.8041104674339294
1193,152,29451,23.286407470703125,786.11376953125,446.2166442871094,255.1751708984375,0.7783745527267456
1194,153,16548,642.39697265625,202.61976623535156,250.23193359375,245.15476989746094,0.8784135580062866
1195,153,33208,603.4810180664062,835.0260009765625,223.0169677734375,216.3076171875,0.8715976476669312
1196,153,1900,164.134033203125,242.86968994140625,185.7525634765625,191.54541015625,0.8097454905509949
1197,153,29451,56.618377685546875,825.5966796875,439.199462890625,249.9544677734375,0.7803319692611694
1198,154,2483,588.92236328125,43.18904113769531,299.70263671875,504.93357849121094,0.8136872053146362
1199,154,23223,61.43951416015625,121.630615234375,373.048095703125,539.2362060546875,0.8088491559028625
1200,154,5094,88.97369384765625,787.1402587890625,310.15716552734375,312.180908203125,0.7034482359886169
1201,154,13395,562.5960693359375,681.220947265625,307.149169921875,514.691650390625,0.4342867434024811
1202,155,2483,32.030670166015625,667.9703369140625,321.8008728027344,515.6435546875,0.7994343638420105
1203,155,23223,488.9021911621094,553.994873046875,406.7307434082031,549.267333984375,0.783947229385376
1204,155,5094,526.0527954101562,163.82659912109375,310.5489501953125,313.11541748046875,0.7391141653060913
1205,156,2483,583.5125732421875,86.07562255859375,302.090576171875,481.67584228515625,0.7625556588172913
1206,156,5094,94.60507202148438,801.9375,307.434326171875,310.2911376953125,0.7377995848655701
1207,156,23223,75.14399719238281,167.388671875,352.67613220214844,515.356201171875,0.6995950937271118
1208,156,13395,582.2269287109375,688.2667236328125,296.21728515625,513.3477783203125,0.3179078996181488
1209,157,16262,570.4005126953125,178.38290405273438,245.32421875,243.98614501953125,0.8070530891418457
1210,157,27777,138.49053955078125,771.742919921875,193.4273681640625,217.65869140625,0.7807702422142029
1211,157,3483,527.564697265625,768.6422729492188,287.255859375,240.004638671875,0.774134635925293
1212,157,25367,90.65924072265625,83.09651184082031,410.7841796875,470.89671325683594,0.5362142324447632
1213,159,16262,599.347412109375,186.23338317871094,249.7596435546875,244.06813049316406,0.8181766271591187
1214,159,3483,557.8123168945312,802.53759765625,281.07275390625,236.11669921875,0.7790310382843018
1215,159,27777,171.84701538085938,808.2020263671875,190.96844482421875,216.1669921875,0.7621266841888428
1216,159,25367,94.50982666015625,94.56341552734375,430.2099609375,484.68115234375,0.6383136510848999
1217,160,23203,208.0751190185547,314.99591064453125,142.98573303222656,140.916259765625,0.808239758014679
1218,160,4543,138.88739013671875,908.3634033203125,224.28228759765625,223.9388427734375,0.746317446231842
1219,160,3544,619.7801513671875,880.0953369140625,227.12548828125,225.3634033203125,0.7288860082626343
1220,160,16551,562.0018310546875,257.91693115234375,315.0787353515625,486.554931640625,0.7019339799880981
1221,162,4543,623.4326171875,136.07989501953125,217.7041015625,216.1754150390625,0.8570879101753235
1222,162,16551,115.83575439453125,518.680419921875,318.22833251953125,509.82177734375,0.8495678305625916
1223,162,23203,649.4144287109375,849.8126220703125,147.40185546875,144.168212890625,0.8113340735435486
1224,162,3544,152.92161560058594,169.03646850585938,218.70912170410156,219.29150390625,0.7615410685539246
1225,163,16232,638.3017578125,240.84930419921875,197.7457275390625,197.20819091796875,0.8464535474777222
1226,163,28763,122.82467651367188,165.3839111328125,222.199462890625,218.602783203125,0.79583740234375
1227,163,3483,557.7672729492188,800.9249267578125,282.180419921875,233.7626953125,0.7788903713226318
1228,163,27777,174.4959716796875,807.9295654296875,190.76708984375,216.277099609375,0.7736123204231262
1229,164,16232,148.8669891357422,823.0946044921875,201.53981018066406,204.92333984375,0.8371049165725708
1230,164,3483,164.68356323242188,267.515869140625,275.868896484375,231.1375732421875,0.7674705386161804
1231,164,27777,629.405029296875,288.85821533203125,185.994384765625,204.24859619140625,0.7550778388977051
1232,164,28763,647.9298095703125,885.375732421875,230.64208984375,222.558837890625,0.7336686253547668
1233,165,16232,609.63525390625,231.5633544921875,193.356689453125,194.61407470703125,0.854972779750824
1234,165,28763,105.1786117553711,160.80255126953125,218.41986846923828,211.83111572265625,0.7696370482444763
1235,165,3483,528.1651000976562,765.988525390625,287.704833984375,239.150390625,0.7679803371429443
1236,165,27777,139.17306518554688,772.033203125,194.26412963867188,216.840087890625,0.7545272707939148
1237,17,3351,292.7286376953125,159.06002807617188,193.5152587890625,200.67437744140625,0.7933446168899536
1238,17,41768,543.3912353515625,631.29541015625,300.724365234375,324.069091796875,0.7762141823768616
1239,17,35206,109.54376220703125,575.9825439453125,325.81005859375,407.25244140625,0.5445579886436462
1240,170,2483,606.534423828125,77.85687255859375,277.899658203125,471.1754150390625,0.7548424601554871
1241,170,5094,92.05926513671875,800.2237548828125,305.7725524902344,308.484130859375,0.7219582200050354
1242,170,4378,634.771240234375,691.3182373046875,280.4384765625,474.754150390625,0.3275880515575409
1243,170,6192,104.07907104492188,167.8583984375,337.33807373046875,532.6375732421875,0.3144546151161194
1244,172,27653,89.32681274414062,839.648193359375,230.77713012695312,226.81591796875,0.8406269550323486
1245,172,3483,580.88427734375,829.940185546875,298.708251953125,194.1524658203125,0.7790424227714539
1246,172,29667,628.4193725585938,171.8363494873047,235.5191650390625,233.20680236816406,0.7698705196380615
1247,172,25367,105.40185546875,61.537353515625,346.98779296875,517.131103515625,0.5651416778564453
1248,173,27653,52.864776611328125,800.389892578125,236.07821655273438,227.3955078125,0.8121452927589417
1249,173,3483,551.489501953125,799.3902587890625,300.4307861328125,195.621826171875,0.786277174949646
1250,173,29667,597.58984375,168.40646362304688,232.7991943359375,229.76104736328125,0.7669212222099304
1251,173,25367,90.12059020996094,50.07179260253906,342.53468322753906,504.52915954589844,0.3253938853740692
1252,174,27653,674.04541015625,248.74110412597656,222.7449951171875,212.80870056152344,0.8401100635528564
1253,174,25367,539.6719970703125,681.885986328125,357.86962890625,525.939697265625,0.806405782699585
1254,174,3483,127.36625671386719,281.64813232421875,290.72389221191406,189.5089111328125,0.7791236639022827
1255,174,29667,120.6202392578125,857.8095703125,239.4630126953125,239.204833984375,0.7742673754692078
1256,175,3483,588.2799072265625,862.28857421875,271.28759765625,248.057861328125,0.7756335139274597
1257,175,29667,634.214111328125,197.081298828125,236.0159912109375,230.78533935546875,0.771413266658783
1258,175,19861,117.95516967773438,858.635498046875,227.63259887695312,180.40771484375,0.7021193504333496
1259,175,30308,109.42398071289062,76.19354248046875,299.61541748046875,507.29254150390625,0.39915135502815247
1260,176,19861,644.4342041015625,271.83819580078125,226.14892578125,183.035400390625,0.789595365524292
1261,176,29667,114.11282348632812,833.3197021484375,238.22598266601562,238.79638671875,0.7833655476570129
1262,176,3483,149.26419067382812,207.62620544433594,263.27569580078125,237.32203674316406,0.7674540281295776
1263,176,30308,585.8685302734375,665.22607421875,306.735595703125,505.8984375,0.7049657106399536
1264,179,22347,637.833740234375,827.6270751953125,225.6064453125,217.8570556640625,0.9045451879501343
1265,179,27777,630.694091796875,288.53961181640625,185.857177734375,204.15081787109375,0.7725551724433899
1266,179,3483,166.9483642578125,266.670166015625,273.835693359375,229.98626708984375,0.7622585296630859
1267,179,20238,146.53594970703125,844.263427734375,242.12841796875,237.560546875,0.65052729845047
1268,180,22347,119.3072509765625,221.1577606201172,210.81524658203125,207.06080627441406,0.9043577313423157
1269,180,27777,138.60748291015625,772.1339111328125,193.973876953125,217.860107421875,0.7728835940361023
1270,180,3483,528.4407958984375,768.9107666015625,286.946533203125,239.867919921875,0.7701944708824158
1271,180,20238,573.3341064453125,182.5537872314453,229.105224609375,227.92588806152344,0.7562035918235779
1272,183,10221,152.31813049316406,252.88853454589844,232.60020446777344,230.20484924316406,0.8904109597206116
1273,183,6563,585.9246826171875,237.83380126953125,227.5025634765625,345.9083251953125,0.8892812728881836
1274,183,3544,635.942626953125,869.316650390625,226.66357421875,226.179443359375,0.8193819522857666
1275,183,16551,4.3182373046875,688.5093994140625,436.5823059082031,438.361328125,0.8179734945297241
1276,185,4543,594.6490478515625,136.24465942382812,212.646728515625,211.923583984375,0.8873623609542847
1277,185,16548,127.85223388671875,733.150390625,249.3740234375,246.40869140625,0.8828208446502686
1278,185,23203,627.3880615234375,820.9981689453125,144.339599609375,143.2088623046875,0.8517043590545654
1279,185,3544,135.7796630859375,163.8975372314453,215.57125854492188,213.94920349121094,0.8200551271438599
1280,186,23203,651.7265625,851.25048828125,146.6240234375,142.4644775390625,0.8849084973335266
1281,186,16548,161.2565155029297,774.4765625,245.23854064941406,243.260986328125,0.8725771903991699
1282,186,4543,623.6912841796875,136.29766845703125,217.5152587890625,215.82928466796875,0.8693280816078186
1283,186,3544,152.55865478515625,170.0059814453125,218.7174072265625,219.21923828125,0.7688789963722229
1284,189,12778,67.01629638671875,139.0068359375,340.78619384765625,534.7716674804688,0.7874110341072083
1285,189,2483,603.3472900390625,118.01959228515625,270.655517578125,482.71490478515625,0.7693766951560974
1286,189,5094,120.44873046875,846.525634765625,309.68603515625,309.7430419921875,0.6985099911689758
1287,189,22362,593.5430908203125,780.6409912109375,303.48193359375,433.0941162109375,0.6623281836509705
1288,19,27733,116.29000854492188,755.2816162109375,325.3360595703125,312.862060546875,0.8828005194664001
1289,19,3483,601.3353271484375,776.3633422851562,287.7093505859375,225.9410400390625,0.7862816452980042
1290,19,28763,97.64728546142578,161.03663635253906,222.73949432373047,218.14878845214844,0.7746421694755554
1291,19,36637,612.8983154296875,192.6614990234375,272.23193359375,196.00372314453125,0.7542203664779663
1292,191,10221,85.88302612304688,779.3153686523438,237.44830322265625,237.4482421875,0.8929117918014526
1293,191,4543,632.6533813476562,142.33367919921875,214.2518310546875,216.4803466796875,0.8526208400726318
1294,191,16551,564.715576171875,547.401123046875,315.783935546875,519.7142333984375,0.8516460657119751
1295,191,3544,116.53227996826172,171.6529083251953,216.34986114501953,217.37339782714844,0.7892733812332153
1296,196,12778,485.0623779296875,497.3268737792969,384.4912109375,568.5117492675781,0.8184624910354614
1297,196,2483,42.683319091796875,650.7989501953125,307.603271484375,516.0128173828125,0.7900843024253845
1298,196,5094,468.7323303222656,105.44438171386719,358.6508483886719,350.20204162597656,0.6132903695106506
1299,196,22362,56.9146728515625,111.0311279296875,309.46905517578125,419.6416015625,0.5782958269119263
1300,197,12778,80.5150146484375,164.74627685546875,365.5794677734375,557.197021484375,0.7696647047996521
1301,197,2483,586.1685791015625,54.75050354003906,306.787841796875,510.56748962402344,0.7588104009628296
1302,197,3743,99.75765991210938,806.9349365234375,364.71875,366.0155029296875,0.5236251354217529
1303,197,22362,576.7762451171875,723.686767578125,312.8271484375,434.465087890625,0.523603081703186
1304,198,12778,95.94955444335938,201.7255859375,340.671630859375,534.055908203125,0.8209988474845886
1305,198,2483,598.0809326171875,101.79850769042969,264.03173828125,480.03102111816406,0.77011638879776
1306,198,22362,601.0184326171875,729.9671630859375,294.463134765625,435.62060546875,0.658409595489502
1307,198,3743,104.26799011230469,822.812255859375,363.49488830566406,361.8792724609375,0.6192165017127991
1308,199,27777,169.10662841796875,805.9296264648438,191.41314697265625,215.9244384765625,0.792073130607605
1309,199,3483,553.983154296875,802.535400390625,282.03515625,233.71484375,0.7800630927085876
1310,199,29667,625.611572265625,157.16250610351562,234.9715576171875,232.5107421875,0.7209458947181702
1311,199,30308,11.07794189453125,106.40380859375,441.60626220703125,426.87249755859375,0.5990268588066101
1312,200,3483,169.98265075683594,267.6427917480469,274.45643615722656,230.650146484375,0.7673268914222717
1313,200,27777,631.5128173828125,290.546142578125,187.9150390625,205.9476318359375,0.7670409083366394
1314,200,29667,120.75979614257812,873.384033203125,241.16409301757812,241.589599609375,0.7635500431060791
1315,200,30308,534.2877807617188,723.87890625,441.71221923828125,431.617431640625,0.7541708946228027
1316,202,22347,683.257080078125,861.567626953125,222.915771484375,218.15966796875,0.8812092542648315
1317,202,16262,101.98587036132812,828.3541259765625,259.7869873046875,255.3369140625,0.8343428373336792
1318,202,20877,541.3157958984375,287.66217041015625,341.0386962890625,252.52130126953125,0.8218796849250793
1319,202,3483,132.10177612304688,284.91485595703125,230.21792602539062,267.73297119140625,0.7633916139602661
1320,203,22347,79.54846954345703,189.5246124267578,209.97399139404297,207.64329528808594,0.8973873257637024
1321,203,16262,596.9634399414062,179.64950561523438,247.0272216796875,243.2691650390625,0.8265722393989563
1322,203,20877,77.56280517578125,716.2391357421875,347.96539306640625,266.87744140625,0.7931991815567017
1323,203,3483,608.4942626953125,709.1400756835938,235.8349609375,284.33447265625,0.764803409576416
1324,204,22347,92.21206665039062,196.85487365722656,216.86273193359375,213.35704040527344,0.8992179036140442
1325,204,16262,626.8419189453125,185.7034912109375,250.5223388671875,246.4598388671875,0.8472868800163269
1326,204,20877,110.9681396484375,762.6005859375,345.08135986328125,251.986328125,0.8342649340629578
1327,204,3483,636.158447265625,740.517333984375,239.28125,282.8646240234375,0.781326174736023
1328,205,16548,586.6248168945312,113.54676055908203,241.131103515625,240.69463348388672,0.904983401298523
1329,205,23203,618.7821044921875,848.1512451171875,148.80078125,143.1767578125,0.8932690024375916
1330,205,3544,106.13079833984375,155.46026611328125,214.317138671875,212.44110107421875,0.814977765083313
1331,205,6563,155.26577758789062,672.145263671875,236.01971435546875,373.7587890625,0.7345844507217407
1332,210,29667,155.894287109375,744.9244384765625,240.4517822265625,238.693603515625,0.7772995233535767
1333,210,3351,411.42474365234375,236.7958526611328,197.8641357421875,195.10032653808594,0.7753992676734924
1334,210,31863,588.5440673828125,868.860107421875,219.748291015625,221.8486328125,0.6799418926239014
1335,212,18110,53.56005859375,113.44166564941406,315.58990478515625,313.75816345214844,0.8614404201507568
1336,212,16551,467.67236328125,121.61383056640625,460.441650390625,392.68365478515625,0.8330255150794983
1337,212,1900,623.470458984375,886.63671875,207.0223388671875,147.770263671875,0.8037764430046082
1338,212,21026,133.23892211914062,862.4393310546875,189.25845336914062,188.2034912109375,0.693517804145813
1339,213,16551,448.846435546875,108.52565002441406,440.65966796875,386.17588806152344,0.8517969846725464
1340,213,21026,99.3421630859375,827.708984375,191.13790893554688,191.36474609375,0.811393678188324
1341,213,1900,593.3514404296875,851.6767578125,214.993408203125,154.200927734375,0.8074473142623901
1342,213,18110,39.76824951171875,104.52583312988281,308.259033203125,313.30174255371094,0.7491241097450256
1343,214,33208,584.3196411132812,793.5140991210938,219.4752197265625,218.0283203125,0.8675099611282349
1344,214,27926,81.50750732421875,612.6656494140625,289.7786865234375,495.059326171875,0.8083258271217346
1345,214,1900,136.72476196289062,233.69952392578125,208.73660278320312,139.3184814453125,0.7997071146965027
1346,214,16551,559.1439208984375,49.3013916015625,302.6865234375,482.112548828125,0.6766799688339233
1347,215,33208,611.8857421875,827.9329833984375,218.123291015625,212.92236328125,0.8586019277572632
1348,215,16551,586.044677734375,37.51385498046875,305.9825439453125,518.3760986328125,0.8287881016731262
1349,215,1900,153.19464111328125,245.51522827148438,210.591552734375,135.41778564453125,0.8216342329978943
1350,215,27926,115.46160888671875,659.3746337890625,288.08221435546875,496.248291015625,0.5118993520736694
1351,217,2483,574.0648803710938,64.90791320800781,295.5963134765625,500.40367126464844,0.7887904047966003
1352,217,3743,99.210205078125,766.6214599609375,359.30743408203125,362.855224609375,0.7036258578300476
1353,217,6192,93.05224609375,131.94586181640625,351.05926513671875,545.5828247070312,0.6193447113037109
1354,217,4378,569.8843383789062,706.645263671875,296.9334716796875,466.951416015625,0.5167462229728699
1355,219,2483,63.409423828125,648.289306640625,315.1375732421875,512.4451904296875,0.798758864402771
1356,219,5094,469.0202331542969,137.63336181640625,364.3249816894531,358.13250732421875,0.5922783613204956
1357,219,6192,477.87664794921875,528.925537109375,391.3170166015625,571.9140625,0.5038021802902222
1358,222,16262,166.18963623046875,763.950927734375,250.2982177734375,247.42431640625,0.855568528175354
1359,222,3351,402.24334716796875,197.9969482421875,195.388916015625,194.40728759765625,0.7617183923721313
1360,222,41768,593.9385986328125,730.0137939453125,276.53662109375,322.604248046875,0.6534839868545532
1361,224,25469,78.08126831054688,817.4188232421875,351.7880859375,327.41943359375,0.7749679684638977
1362,224,3483,592.8563842773438,829.78662109375,295.0184326171875,213.235595703125,0.7663030028343201
1363,224,29667,612.31884765625,163.2406768798828,236.6812744140625,233.76451110839844,0.7201765179634094
1364,224,34597,84.75482177734375,81.8204345703125,393.3707275390625,499.775390625,0.5516994595527649
1365,225,3483,119.50047302246094,259.56549072265625,285.69581604003906,212.751220703125,0.774196982383728
1366,225,25469,568.3192138671875,177.22877502441406,346.769287109375,305.27488708496094,0.7702373266220093
1367,225,29667,131.16250610351562,864.125244140625,242.73040771484375,241.3919677734375,0.7413091063499451
1368,225,34597,504.1298828125,661.548828125,412.5234375,520.462158203125,0.720853865146637
1369,226,20238,639.8292236328125,178.53628540039062,235.3104248046875,233.82373046875,0.8452664017677307
1370,226,22347,103.70938110351562,222.0020294189453,216.57803344726562,211.65171813964844,0.7973260283470154
1371,226,3483,593.056640625,859.7601318359375,272.4149169921875,243.1181640625,0.7773652076721191
1372,226,19861,123.13385009765625,860.1807861328125,227.95364379882812,179.6513671875,0.6869234442710876
1373,229,2483,12.720794677734375,653.552734375,344.5852355957031,512.9599609375,0.8053342700004578
1374,229,23223,437.83441162109375,621.483642578125,511.3131103515625,529.69189453125,0.6003977060317993
1375,229,5094,512.3779296875,118.9639892578125,367.51220703125,366.98199462890625,0.5648888349533081
1376,23,16262,589.07080078125,168.2260284423828,245.046875,245.13352966308594,0.8630314469337463
1377,23,27653,54.204620361328125,800.1947021484375,235.13510131835938,228.11474609375,0.819604218006134
1378,23,25367,0.0,83.05255126953125,441.9747314453125,461.96234130859375,0.818821132183075
1379,23,3483,551.6447143554688,798.9856567382812,300.787353515625,196.2977294921875,0.7813016176223755
1380,231,23223,19.948211669921875,124.05487060546875,450.8421325683594,497.99505615234375,0.7740446329116821
1381,231,2483,580.7322998046875,112.43206787109375,309.6875,469.26422119140625,0.7383742928504944
1382,231,3743,50.448822021484375,795.895751953125,368.5132141113281,364.45947265625,0.6477457284927368
1383,231,13395,585.877685546875,693.599853515625,301.8863525390625,523.612548828125,0.4295714795589447
1384,232,22347,121.95474243164062,224.46466064453125,215.95559692382812,214.29180908203125,0.9225082397460938
1385,232,27733,107.57122802734375,758.9678955078125,332.4364013671875,310.454345703125,0.8875876665115356
1386,232,3483,590.5556030273438,788.3120727539062,291.848388671875,222.5189208984375,0.7956783771514893
1387,232,29667,673.2027587890625,181.06153869628906,236.988037109375,233.65122985839844,0.7769571542739868
1388,234,22347,106.37445068359375,217.36009216308594,212.81414794921875,207.41419982910156,0.8938585519790649
1389,234,27733,72.05364990234375,717.9744873046875,337.577880859375,310.0667724609375,0.8596086502075195
1390,234,3483,561.082763671875,756.1893310546875,292.4659423828125,225.460693359375,0.7741983532905579
1391,234,29667,643.0174560546875,175.486572265625,230.97216796875,233.427490234375,0.7683694958686829
1392,236,27653,672.725830078125,247.15135192871094,223.8154296875,214.35157775878906,0.846497654914856
1393,236,35206,86.0763168334961,686.953857421875,239.72547149658203,422.8709716796875,0.786948561668396
1394,236,3483,127.0020751953125,278.6697998046875,291.0716552734375,192.833984375,0.7827339768409729
1395,236,28763,610.4693603515625,829.941650390625,230.459228515625,221.923095703125,0.7073529958724976
1396,237,27653,55.872283935546875,801.921630859375,233.05447387695312,225.7548828125,0.8492101430892944
1397,237,3483,552.7047119140625,800.6605224609375,299.8687744140625,193.383056640625,0.7790235280990601
1398,237,28763,138.594970703125,214.65167236328125,218.68173217773438,213.7166748046875,0.7565305829048157
1399,237,35206,634.649658203125,142.2864990234375,236.23193359375,412.3651123046875,0.7289910316467285
1400,238,3351,395.0196533203125,824.3974609375,207.512939453125,209.623779296875,0.7988431453704834
1401,238,16262,616.717041015625,226.3177032470703,263.150390625,258.21263122558594,0.7725323438644409
1402,238,18357,51.0863037109375,241.480224609375,336.07806396484375,333.33837890625,0.7423086166381836
1403,24,16262,619.4022216796875,171.6626434326172,249.00146484375,250.09022521972656,0.8501025438308716
1404,24,27653,90.70379638671875,839.4630126953125,230.50546264648438,227.3101806640625,0.8389501571655273
1405,24,25367,7.8980712890625,94.64166259765625,462.560302734375,472.48785400390625,0.787581205368042
1406,24,3483,582.10498046875,829.2835693359375,295.6673583984375,194.8466796875,0.781083881855011
1407,241,3351,403.095458984375,904.2882080078125,206.2166748046875,209.02392578125,0.75147545337677
1408,241,41768,496.7278747558594,244.3729248046875,345.4758605957031,410.93072509765625,0.7021442651748657
1409,241,22347,122.826904296875,318.42919921875,238.98699951171875,236.460205078125,0.45831674337387085
1410,241,20238,126.22781372070312,319.25872802734375,234.99835205078125,235.09814453125,0.444365531206131
1411,243,3351,372.89654541015625,177.60791015625,197.8277587890625,197.118408203125,0.8019319772720337
1412,243,20238,617.165283203125,764.035888671875,238.906005859375,237.8427734375,0.7812893986701965
1413,243,18147,129.37921142578125,636.4373779296875,346.7366943359375,431.052490234375,0.25854650139808655
1414,244,6563,185.97447204589844,715.842529296875,237.22193908691406,368.35791015625,0.8439688086509705
1415,244,23203,645.9878540039062,877.3963623046875,149.169677734375,141.94189453125,0.837931215763092
1416,244,16551,572.2699584960938,8.994384765625,310.2073974609375,488.5531311035156,0.7971659898757935
1417,244,3544,122.65765380859375,159.84532165527344,218.60400390625,218.86756896972656,0.7937501072883606
1418,247,2483,593.5164794921875,103.704833984375,304.38623046875,486.0919189453125,0.7762951850891113
1419,247,22362,598.533447265625,729.23828125,296.80908203125,437.2989501953125,0.5892748832702637
1420,247,5094,103.42974853515625,822.39306640625,363.01458740234375,364.140380859375,0.4795548915863037
1421,247,3743,103.66845703125,823.5025634765625,364.4879150390625,361.126953125,0.43753716349601746
1422,248,2483,589.3138427734375,52.8253173828125,307.00341796875,515.21240234375,0.768558144569397
1423,248,6192,20.16241455078125,98.59375,386.08489990234375,542.880126953125,0.6637740731239319
1424,248,22362,579.116943359375,724.8583984375,308.5494384765625,432.85546875,0.5405771732330322
1425,248,3743,100.5953369140625,810.1055908203125,360.8353271484375,360.55908203125,0.46155688166618347
1426,249,2483,39.073028564453125,649.7027587890625,324.2020263671875,518.312255859375,0.8031377792358398
1427,249,22362,52.196990966796875,106.15223693847656,321.39794921875,426.57395935058594,0.6762800812721252
1428,249,5094,463.7138366699219,98.15724182128906,369.8403625488281,361.46165466308594,0.6354683637619019
1429,249,6192,518.354736328125,549.27294921875,426.51025390625,583.638671875,0.5664069056510925
1430,250,3351,368.53057861328125,838.08203125,208.7705078125,213.41552734375,0.7898916006088257
1431,250,29667,120.967041015625,195.79327392578125,243.38787841796875,248.09088134765625,0.7618199586868286
1432,250,18357,523.9857177734375,220.85577392578125,286.16650390625,371.66717529296875,0.4494912922382355
1433,251,3351,363.16229248046875,170.8952178955078,197.137939453125,202.77464294433594,0.7974123358726501
1434,251,29667,580.1553344726562,786.9755859375,247.1842041015625,248.78173828125,0.7678097486495972
1435,251,18357,124.42134094238281,590.2705078125,282.42478942871094,386.07666015625,0.5601776838302612
1436,252,29667,618.5059814453125,876.0281982421875,243.11279296875,244.706298828125,0.7832967042922974
1437,252,3351,405.1748352050781,229.5609588623047,200.67037963867188,197.22779846191406,0.7672696113586426
1438,252,18357,168.76136779785156,685.50830078125,278.03514099121094,387.1578369140625,0.6011447906494141
1439,253,3351,438.8609619140625,840.34033203125,203.3939208984375,208.11083984375,0.7826882600784302
1440,253,35206,51.798797607421875,240.05410766601562,436.97100830078125,253.621337890625,0.5763251781463623
1441,253,33880,446.0032958984375,240.65211486816406,449.776123046875,320.17283630371094,0.5118390917778015
1442,256,25438,524.46826171875,159.29196166992188,286.73876953125,289.7532958984375,0.8534603714942932
1443,256,2483,12.5223388671875,655.729248046875,317.83197021484375,510.095947265625,0.7185941934585571
1444,256,19552,448.320068359375,628.4012451171875,411.29052734375,553.4608154296875,0.27592945098876953
1445,259,41768,98.84194946289062,273.2010498046875,292.2862854003906,307.75469970703125,0.8733083605766296
1446,259,20238,599.1756591796875,270.6658935546875,237.4736328125,235.86181640625,0.7999287247657776
1447,259,3351,377.70245361328125,888.6422119140625,202.04901123046875,205.94189453125,0.7666923403739929
1448,262,27653,53.470123291015625,800.40966796875,235.20022583007812,227.002685546875,0.8068904876708984
1449,262,3483,551.4743041992188,799.54052734375,300.23681640625,195.607666015625,0.7833675146102905
1450,262,29667,597.3209838867188,168.15335083007812,233.158935546875,230.13031005859375,0.767440915107727
1451,262,25367,68.364501953125,17.47052001953125,349.386962890625,526.687744140625,0.41339483857154846
1452,264,27653,673.3436279296875,248.25335693359375,223.6575927734375,213.42333984375,0.8365182876586914
1453,264,34597,543.9984130859375,673.3978271484375,385.7197265625,533.6707763671875,0.822747528553009
1454,264,3483,126.67852783203125,281.24578857421875,291.6240234375,190.5147705078125,0.7780942320823669
1455,264,29667,120.70724487304688,857.6331787109375,239.70791625976562,239.59619140625,0.7765259742736816
1456,265,25367,564.8756103515625,660.4600830078125,411.1243896484375,508.3824462890625,0.8740314841270447
1457,265,27653,672.9493408203125,247.90673828125,223.471435546875,213.08197021484375,0.8442738652229309
1458,265,16232,136.24176025390625,840.49462890625,208.5291748046875,204.5654296875,0.8400382995605469
1459,265,3483,126.71690368652344,282.0706787109375,291.08558654785156,188.974609375,0.7764672040939331
1460,266,16232,642.9312133789062,221.2643585205078,202.559326171875,198.05113220214844,0.8401152491569519
1461,266,27653,90.12762451171875,839.8304443359375,230.67562866210938,227.5966796875,0.8373108506202698
1462,266,3483,582.0556030273438,829.580810546875,297.9947509765625,195.201171875,0.7783322334289551
1463,266,25367,1.88677978515625,104.16900634765625,406.2242431640625,499.4503173828125,0.6711825132369995
1464,27,25438,107.7076416015625,808.27978515625,286.69061279296875,287.07666015625,0.8389081358909607
1465,27,23223,46.877960205078125,109.641357421875,349.9222412109375,520.9373779296875,0.7441043257713318
1466,27,2483,568.4261474609375,84.30503845214844,271.0950927734375,478.59120178222656,0.7164548635482788
1467,27,13395,573.6337890625,719.126220703125,292.416259765625,517.63818359375,0.44491901993751526
1468,271,22347,100.36834716796875,178.4386749267578,211.41009521484375,209.24742126464844,0.8654518723487854
1469,271,20877,77.59767150878906,719.2086181640625,350.70555114746094,259.6484375,0.797120213508606
1470,271,35206,618.6395263671875,157.92962646484375,248.635498046875,410.24365234375,0.7820410132408142
1471,271,3483,609.8392944335938,707.92431640625,235.0064697265625,283.7994384765625,0.7660149335861206
1472,273,22347,662.0928955078125,870.4747314453125,222.5712890625,219.572509765625,0.8997920155525208
1473,273,3483,129.9180908203125,284.7691650390625,231.734619140625,269.31207275390625,0.7772454023361206
1474,273,20877,536.058349609375,284.1219482421875,347.521240234375,257.1026611328125,0.7747493386268616
1475,273,35206,86.3021240234375,666.010986328125,261.90252685546875,425.784912109375,0.7372296452522278
1476,274,21325,195.6871795654297,323.09747314453125,172.13587951660156,240.13250732421875,0.8312160968780518
1477,274,3351,414.15380859375,881.86669921875,202.5650634765625,208.337158203125,0.7619386911392212
1478,274,20014,570.9091796875,247.37977600097656,356.0546875,341.27439880371094,0.7016775012016296
1479,275,21325,573.889892578125,662.0552978515625,172.076171875,250.205322265625,0.840087890625
1480,275,3351,323.5975341796875,144.40274047851562,193.7252197265625,199.81954956054688,0.7833523154258728
1481,275,20014,0.0,637.2479248046875,365.5124816894531,364.8671875,0.7058992981910706
1482,277,36637,612.6732177734375,185.41879272460938,279.3795166015625,178.35772705078125,0.7794782519340515
1483,277,3483,592.6148681640625,859.68896484375,272.778076171875,243.123779296875,0.7773462533950806
1484,277,19861,123.03341674804688,860.04443359375,228.05014038085938,178.790771484375,0.6629543900489807
1485,277,30308,52.019622802734375,91.16009521484375,428.43695068359375,424.98028564453125,0.5493289828300476
1486,278,36637,90.36911010742188,897.103271484375,284.6465759277344,186.7093505859375,0.7699859142303467
1487,278,3483,143.05413818359375,213.95526123046875,264.97735595703125,235.09442138671875,0.7693883180618286
1488,278,19861,637.062744140625,271.1417236328125,227.138671875,183.9591064453125,0.7663115859031677
1489,278,30308,501.4469299316406,735.642333984375,442.4657897949219,444.254638671875,0.7634088397026062
1490,28,27777,172.4334259033203,807.6795654296875,190.81114196777344,215.704833984375,0.785392165184021
1491,28,3483,556.66162109375,801.5128173828125,281.302001953125,233.367431640625,0.7800214886665344
1492,28,35206,604.0126953125,136.7646942138672,260.744140625,419.88978576660156,0.7205509543418884
1493,28,25367,0.0,58.73118591308594,432.67559814453125,479.60511779785156,0.5728821754455566
1494,280,3351,404.906005859375,860.982177734375,203.6512451171875,205.476318359375,0.8079046607017517
1495,280,3832,425.53265380859375,259.70263671875,403.9932861328125,390.29119873046875,0.6614786386489868
1496,280,16232,131.45516967773438,283.51904296875,196.14340209960938,206.50146484375,0.4939172863960266
1497,280,35206,420.8447265625,259.73834228515625,410.567138671875,385.034912109375,0.28865131735801697
1498,286,16262,571.08447265625,178.6060333251953,244.9525146484375,243.78025817871094,0.8024320602416992
1499,286,27777,138.21981811523438,771.8287353515625,193.81268310546875,217.72802734375,0.787695586681366
1500,286,3483,527.54638671875,768.7874755859375,287.400634765625,240.458740234375,0.7734719514846802
1501,286,30308,12.39959716796875,110.46978759765625,401.22039794921875,421.54998779296875,0.45177286863327026
1502,287,16262,131.92420959472656,828.9034423828125,255.72337341308594,252.869140625,0.870194673538208
1503,287,27777,631.0562133789062,288.9491271972656,185.696044921875,204.419921875,0.7741771340370178
1504,287,3483,167.35166931152344,266.8829345703125,276.43934631347656,229.984619140625,0.760353147983551
1505,287,30308,546.2754516601562,692.640869140625,429.72454833984375,446.201904296875,0.6966482400894165
1506,288,16262,600.191162109375,185.91790771484375,249.64892578125,244.46221923828125,0.8372934460639954
1507,288,3483,557.46826171875,802.2486572265625,281.6298828125,236.8756103515625,0.7782919406890869
1508,288,27777,171.67166137695312,807.833251953125,191.131103515625,217.108154296875,0.7768075466156006
1509,288,30308,11.253387451171875,121.85209655761719,430.858154296875,441.95033264160156,0.5798476934432983
1510,289,25438,128.65768432617188,831.022705078125,282.05438232421875,279.1112060546875,0.8450258374214172
1511,289,2483,580.5069580078125,76.48870849609375,306.776123046875,506.66094970703125,0.7797439098358154
1512,289,6192,71.0294189453125,46.69189453125,342.28851318359375,552.4615478515625,0.618868887424469
1513,289,22362,563.0638427734375,742.268798828125,304.672607421875,425.23291015625,0.28239020705223083
1514,29,27777,138.57232666015625,771.251220703125,193.86557006835938,217.59033203125,0.7890774607658386
1515,29,3483,527.7676391601562,766.257080078125,287.8052978515625,241.17626953125,0.7713841795921326
1516,29,35206,577.0782470703125,125.13069152832031,247.311279296875,412.70481872558594,0.7019739151000977
1517,29,25367,0.0,44.60777282714844,409.5828857421875,470.98426818847656,0.43667808175086975
1518,291,25438,513.536376953125,150.2781982421875,292.595458984375,297.7337646484375,0.8621882796287537
1519,291,2483,47.5711669921875,638.4798583984375,327.4248046875,508.2769775390625,0.793432354927063
1520,291,6192,506.53369140625,597.6375732421875,396.271240234375,573.8199462890625,0.6165693402290344
1521,291,22362,69.98568725585938,98.9697265625,317.7171325683594,422.61920166015625,0.5473079085350037
1522,292,25438,527.1180419921875,157.74789428710938,289.82958984375,289.86669921875,0.8429605960845947
1523,292,12778,494.6145935058594,567.174072265625,404.7097473144531,565.6710205078125,0.7787538766860962
1524,292,2483,11.748748779296875,653.3121337890625,320.7035827636719,509.5439453125,0.7524940371513367
1525,295,3351,406.968994140625,856.6273193359375,203.01904296875,206.08837890625,0.7907568216323853
1526,295,16232,635.56396484375,289.17816162109375,205.31982421875,204.85791015625,0.6464349627494812
1527,295,20014,117.73968505859375,181.332275390625,355.15960693359375,341.775634765625,0.5870738625526428
1528,298,33208,150.09539794921875,227.3463134765625,216.30096435546875,212.549560546875,0.8903725147247314
1529,298,16548,152.961669921875,768.3477172851562,255.220947265625,251.99365234375,0.8770795464515686
1530,298,1900,678.6576538085938,869.7398681640625,220.712646484375,148.4639892578125,0.7891238927841187
1531,299,16548,554.686279296875,236.13980102539062,244.537109375,243.99871826171875,0.8840882778167725
1532,299,33208,605.4083251953125,839.596435546875,225.0828857421875,220.755859375,0.8334653377532959
1533,299,1900,84.99996948242188,251.70916748046875,209.22396850585938,139.926025390625,0.7656833529472351
1534,3,16551,521.013671875,47.09394836425781,400.3370361328125,428.96800231933594,0.8384125232696533
1535,3,27926,557.161865234375,630.1279296875,285.33544921875,495.0152587890625,0.8249148726463318
1536,3,1900,136.42282104492188,235.18478393554688,209.03189086914062,138.259033203125,0.8022770285606384
1537,3,24850,134.86639404296875,702.8570556640625,191.92803955078125,299.177490234375,0.6728391051292419
1538,302,19232,81.8157958984375,629.750244140625,302.36383056640625,343.5274658203125,0.8025352954864502
1539,302,3351,305.14447021484375,154.77664184570312,195.1259765625,199.00643920898438,0.8017497062683105
1540,302,36637,563.500244140625,703.3167114257812,248.452392578125,246.030029296875,0.4746708869934082
1541,304,2483,597.3646240234375,79.122802734375,260.0220947265625,472.6920166015625,0.7195383906364441
1542,304,4378,578.481201171875,704.355224609375,269.4544677734375,471.07861328125,0.7053727507591248
1543,304,3743,115.88531494140625,800.1519775390625,357.6343994140625,357.1748046875,0.6195652484893799
1544,304,22627,84.07098388671875,143.22918701171875,350.49468994140625,506.39532470703125,0.4880508482456207
1545,308,3351,282.760009765625,197.93618774414062,197.8419189453125,199.46014404296875,0.8018426299095154
1546,308,41768,545.4607543945312,590.1708984375,305.0379638671875,324.0164794921875,0.7730773091316223
1547,308,36637,105.9984130859375,705.2430419921875,214.9737548828125,279.685791015625,0.5278382301330566
1548,31,6563,185.68212890625,715.1697998046875,236.5721435546875,369.1239013671875,0.8504785895347595
1549,31,3544,105.5557861328125,231.5220947265625,219.1282958984375,217.24615478515625,0.7695426344871521
1550,31,16551,584.3677978515625,50.33636474609375,303.61279296875,491.686767578125,0.7399747967720032
1551,31,12420,649.6980590820312,842.05224609375,196.3167724609375,190.552001953125,0.5409854650497437
1552,310,12247,612.1437377929688,315.9705810546875,182.3421630859375,195.91552734375,0.9543020725250244
1553,310,4543,132.34103393554688,859.7196044921875,225.4642333984375,223.2666015625,0.8744685649871826
1554,310,3544,647.5999145507812,884.4581298828125,228.1121826171875,224.9354248046875,0.805342435836792
1555,310,16551,97.1710205078125,144.04005432128906,332.52581787109375,466.91770935058594,0.7937260270118713
1556,313,34597,0.0,12.610443115234375,475.1907958984375,441.88409423828125,0.8680962920188904
1557,313,20877,31.776763916015625,748.7279052734375,341.446044921875,271.251708984375,0.8232365846633911
1558,313,29667,590.881103515625,171.62008666992188,230.438720703125,234.30499267578125,0.7706524133682251
1559,313,3483,606.5203857421875,711.35400390625,236.30517578125,284.6572265625,0.7697609066963196
1560,315,34597,485.2202453613281,767.32666015625,490.7797546386719,464.6383056640625,0.8256863951683044
1561,315,20877,585.54931640625,251.25396728515625,339.9251708984375,262.26373291015625,0.7941069006919861
1562,315,29667,127.31777954101562,854.3382568359375,240.0010986328125,238.563232421875,0.7673910856246948
1563,315,3483,135.1491241455078,281.19012451171875,228.89683532714844,267.8994140625,0.7582703232765198
1564,316,16548,162.14703369140625,782.34814453125,245.74908447265625,245.364501953125,0.8681528568267822
1565,316,3544,120.09542846679688,224.97645568847656,219.906494140625,219.47386169433594,0.8071678876876831
1566,316,33009,549.73095703125,793.4405517578125,385.185791015625,240.0625,0.8025052547454834
1567,316,10221,627.9595947265625,190.09437561035156,234.5546875,232.01902770996094,0.7867287397384644
1568,317,10221,118.38787841796875,836.3765869140625,243.45278930664062,245.5966796875,0.8830294013023376
1569,317,16548,585.09765625,277.4888916015625,244.43798828125,238.1884765625,0.8506416082382202
1570,317,33009,73.60115051269531,254.5691680908203,372.68821716308594,247.73851013183594,0.7888266444206238
1571,317,3544,649.7777099609375,825.4376220703125,229.011474609375,225.6510009765625,0.7721293568611145
1572,32,6563,573.4264526367188,227.14158630371094,233.687255859375,347.27320861816406,0.7851242423057556
1573,32,3544,668.092041015625,820.8917236328125,226.4381103515625,223.7279052734375,0.7847774028778076
1574,32,16551,94.4747314453125,697.855712890625,316.8089599609375,515.66845703125,0.7652210593223572
1575,32,12420,157.06884765625,271.6309509277344,195.71307373046875,188.8980712890625,0.6316903829574585
1576,320,20877,78.1947021484375,720.8336181640625,349.92181396484375,257.1416015625,0.8038820624351501
1577,320,35206,619.7398681640625,158.55859375,246.354248046875,408.64996337890625,0.7923879027366638
1578,320,3483,611.666748046875,707.9725341796875,232.9326171875,283.45947265625,0.7659471035003662
1579,320,28763,132.19808959960938,189.4676513671875,218.423828125,211.07208251953125,0.7648274898529053
1580,323,22347,650.1270751953125,870.132568359375,223.336181640625,219.730224609375,0.8849964737892151
1581,323,27653,672.24658203125,246.253173828125,224.409912109375,214.99530029296875,0.8466824293136597
1582,323,3483,126.12066650390625,281.653564453125,291.37408447265625,188.93121337890625,0.7800212502479553
1583,323,36637,142.160400390625,798.3753662109375,211.00732421875,265.6405029296875,0.7269644737243652
1584,324,22347,125.65240478515625,186.75518798828125,216.57391357421875,212.72979736328125,0.9059373140335083
1585,324,27653,92.03317260742188,841.037841796875,228.92062377929688,226.1546630859375,0.850909948348999
1586,324,3483,583.674560546875,829.90625,296.8125,194.35986328125,0.781867504119873
1587,324,36637,633.2293701171875,204.9268798828125,209.518310546875,260.19232177734375,0.7452950477600098
1588,325,16262,131.40582275390625,828.5064697265625,258.06231689453125,253.532958984375,0.8497498631477356
1589,325,27777,631.0236206054688,289.09002685546875,185.8336181640625,204.05877685546875,0.7708932161331177
1590,325,3483,168.10362243652344,266.74609375,275.41566467285156,230.66015625,0.7596781849861145
1591,325,31885,480.7432861328125,682.7760009765625,455.270263671875,573.5361328125,0.7423784732818604
1592,327,16262,599.549072265625,186.04432678222656,249.746337890625,244.26731872558594,0.8202815651893616
1593,327,3483,555.7576904296875,802.7889404296875,282.117919921875,234.74267578125,0.7773418426513672
1594,327,27777,171.5072784423828,808.0445556640625,190.89463806152344,216.44189453125,0.7675629258155823
1595,327,31885,80.16094970703125,11.76251220703125,426.63275146484375,538.633544921875,0.7601165175437927
1596,328,27733,550.5848999023438,241.505859375,320.9454345703125,301.7784423828125,0.8489584922790527
1597,328,3483,115.46673583984375,295.015380859375,286.27838134765625,224.7862548828125,0.7799072861671448
1598,328,31885,494.0504455566406,629.4700927734375,426.6591491699219,559.4725341796875,0.7750183343887329
1599,328,36637,94.28750610351562,868.4888916015625,281.5788879394531,202.88818359375,0.7667326331138611
1600,332,4543,582.4676513671875,159.6968536376953,214.876220703125,210.92735290527344,0.7743586301803589
1601,332,16551,556.4776000976562,519.2674560546875,306.4962158203125,517.3983154296875,0.7457832098007202
1602,332,3544,118.48916625976562,131.8988037109375,215.79608154296875,215.5562744140625,0.7194494605064392
1603,332,12420,76.7174072265625,816.1370239257812,199.89013671875,195.4046630859375,0.5563381314277649
1604,334,22347,143.36578369140625,216.55511474609375,209.441650390625,208.21832275390625,0.8935523629188538
1605,334,16232,622.302978515625,211.9645538330078,197.66064453125,196.25889587402344,0.8546452522277832
1606,334,20877,77.712890625,721.0184326171875,350.2650146484375,257.278076171875,0.8097994327545166
1607,334,3483,610.49658203125,708.23876953125,234.294189453125,283.46826171875,0.7649521231651306
1608,335,22347,615.22314453125,832.78564453125,224.16552734375,219.166015625,0.8713390231132507
1609,335,20877,540.4678344726562,287.59490966796875,341.141357421875,252.488037109375,0.8116012215614319
1610,335,16232,129.58367919921875,840.1849365234375,206.35223388671875,205.086181640625,0.8084623217582703
1611,335,3483,130.47540283203125,285.03509521484375,231.14840698242188,268.63201904296875,0.7701923251152039
1612,336,22347,157.99267578125,223.60760498046875,217.60516357421875,213.90582275390625,0.9069348573684692
1613,336,16232,650.760986328125,222.203857421875,204.8560791015625,198.35760498046875,0.8444821834564209
1614,336,20877,112.27911376953125,762.3673706054688,344.36181640625,252.657958984375,0.8324838876724243
1615,336,3483,637.1309204101562,739.66162109375,238.7081298828125,282.4091796875,0.780393123626709
1616,337,22347,635.13232421875,829.579345703125,224.665283203125,219.080078125,0.891167402267456
1617,337,3483,118.06367492675781,258.4731750488281,287.94407653808594,211.5933837890625,0.7745853662490845
1618,337,25469,565.9439086914062,172.89199829101562,348.484130859375,312.20965576171875,0.7658770084381104
1619,337,36637,120.337890625,826.6380615234375,202.81640625,272.5635986328125,0.709203839302063
1620,338,22347,121.5091552734375,218.147705078125,210.96563720703125,208.94891357421875,0.8900635838508606
1621,338,25469,41.6846923828125,774.5570068359375,358.5213623046875,326.400634765625,0.7850816249847412
1622,338,3483,567.2286376953125,796.2137451171875,296.9228515625,217.060302734375,0.7637588381767273
1623,338,36637,633.2471923828125,166.4456329345703,193.4171142578125,260.72496032714844,0.6775307059288025
1624,339,22347,138.63848876953125,227.3043975830078,217.78570556640625,213.60118103027344,0.900621235370636
1625,339,3483,590.887451171875,829.3050537109375,298.804443359375,216.074951171875,0.7802372574806213
1626,339,25469,78.5775146484375,815.98583984375,352.4539794921875,332.0941162109375,0.7629081010818481
1627,339,36637,662.7552490234375,168.49978637695312,199.982177734375,268.78851318359375,0.6637921929359436
1628,340,20238,572.8026123046875,182.65672302246094,229.6376953125,228.13111877441406,0.785557746887207
1629,340,27777,139.03369140625,772.139404296875,193.82308959960938,217.742431640625,0.7787939310073853
1630,340,3483,528.14013671875,768.7027587890625,288.33251953125,240.259765625,0.7693834900856018
1631,340,34597,10.502197265625,83.56138610839844,431.37353515625,485.92848205566406,0.73439621925354
1632,341,20238,599.7775268554688,188.4515380859375,235.4964599609375,230.88031005859375,0.7906966805458069
1633,341,27777,172.46499633789062,808.515380859375,190.69091796875,216.81640625,0.7765275835990906
1634,341,3483,558.2960205078125,802.400634765625,281.760009765625,237.4052734375,0.7747989296913147
1635,341,34597,17.12835693359375,113.504150390625,445.66156005859375,483.665283203125,0.7104833722114563
1636,344,16262,601.143310546875,186.3272247314453,247.861572265625,243.67051696777344,0.8263182640075684
1637,344,3483,558.4579467773438,803.081298828125,279.8221435546875,235.5428466796875,0.7774397730827332
1638,344,27777,172.0301971435547,809.0821533203125,190.47999572753906,215.3482666015625,0.7550615668296814
1639,344,28763,149.9688720703125,186.2702178955078,219.8826904296875,215.86839294433594,0.735148012638092
1640,345,16262,571.656494140625,178.07452392578125,244.429443359375,243.25238037109375,0.7863276600837708
1641,345,3483,527.991455078125,768.744384765625,286.202880859375,239.52099609375,0.7724795341491699
1642,345,28763,133.52243041992188,176.98614501953125,218.5894775390625,215.3856201171875,0.7659807801246643
1643,345,27777,137.9046630859375,772.0505981445312,193.73641967773438,217.361572265625,0.7580127716064453
1644,346,16232,638.0938720703125,241.51907348632812,197.673828125,196.7838134765625,0.8557555675506592
1645,346,3483,557.7257080078125,800.733154296875,282.423583984375,233.6800537109375,0.7799274325370789
1646,346,27777,174.51437377929688,807.3895263671875,190.4718017578125,216.60546875,0.7748426795005798
1647,346,25367,129.0380859375,38.3704833984375,352.110107421875,530.2313232421875,0.36746087670326233
1648,347,16232,609.6470947265625,232.308837890625,192.960205078125,194.113525390625,0.8541070222854614
1649,347,3483,529.0894775390625,766.2901000976562,288.1844482421875,240.2154541015625,0.7708991169929504
1650,347,27777,140.14645385742188,771.59619140625,193.78192138671875,217.03466796875,0.7681334614753723
1651,349,27777,174.1342315673828,807.4454345703125,190.95152282714844,216.6361083984375,0.7819945216178894
1652,349,3483,557.4464111328125,800.3883056640625,282.44091796875,234.20068359375,0.7802689671516418
1653,349,34597,0.0,119.72216796875,454.8103332519531,455.33319091796875,0.7750447988510132
1654,349,35206,602.8406982421875,135.68536376953125,263.1019287109375,420.87335205078125,0.7389639019966125
1655,352,2483,605.2168579101562,118.880615234375,288.78076171875,485.5560302734375,0.7698422074317932
1656,352,5094,120.32354736328125,846.262939453125,312.58624267578125,310.919921875,0.7184290885925293
1657,352,22362,597.75732421875,773.152099609375,304.6142578125,441.01220703125,0.6933121681213379
1658,352,19552,87.057861328125,168.4063720703125,372.30950927734375,519.0786743164062,0.3850485384464264
1659,355,2483,20.041259765625,685.2088623046875,324.6441650390625,513.37744140625,0.8012416362762451
1660,355,23223,485.7613525390625,568.1746826171875,409.614501953125,557.390625,0.7831752896308899
1661,355,5094,526.76806640625,168.740478515625,315.241455078125,316.26947021484375,0.6184667944908142
1662,356,2483,610.40966796875,27.168685913085938,285.3404541015625,501.21095275878906,0.7898996472358704
1663,356,5094,88.87713623046875,786.06787109375,306.5123291015625,307.860107421875,0.7645519971847534
1664,356,23223,65.61917114257812,107.3846435546875,361.5840148925781,534.9295654296875,0.7247489094734192
1665,356,4378,615.7735595703125,687.263427734375,292.45361328125,471.2152099609375,0.31745046377182007
1666,359,27777,169.4014129638672,806.0706787109375,190.97096252441406,215.3603515625,0.7843911051750183
1667,359,3483,554.11474609375,802.492919921875,281.805908203125,233.4874267578125,0.7760261297225952
1668,359,29667,626.64306640625,155.18621826171875,235.28857421875,234.21075439453125,0.748406171798706
1669,359,31885,71.373779296875,29.8212890625,383.45782470703125,556.4832763671875,0.7439078092575073
1670,361,16262,639.179931640625,281.93316650390625,252.667236328125,245.688720703125,0.8319448232650757
1671,361,3351,422.762451171875,873.171630859375,201.808349609375,207.26123046875,0.764301061630249
1672,361,41768,184.78302001953125,166.05645751953125,274.3245849609375,424.24456787109375,0.3490144908428192
1673,364,3351,396.593505859375,841.6011962890625,213.06463623046875,219.111572265625,0.7954246401786804
1674,364,35206,86.13458251953125,236.7719268798828,382.216552734375,366.66575622558594,0.3460769057273865
1675,364,32310,558.971923828125,152.82452392578125,298.9229736328125,370.222900390625,0.2519015669822693
1676,372,34597,0.0,125.69142150878906,476.9936218261719,450.87303161621094,0.8306853771209717
1677,372,16262,569.48779296875,186.3054656982422,250.50048828125,245.98915100097656,0.8293858170509338
1678,372,25469,38.44580078125,837.2796630859375,389.3157958984375,253.9530029296875,0.7694764733314514
1679,372,3483,593.4132080078125,828.8765869140625,296.3134765625,214.45556640625,0.7634016275405884
1680,374,20877,63.9583740234375,794.7900390625,341.6087646484375,260.40087890625,0.8223576545715332
1681,374,29667,619.46728515625,176.6109161376953,235.844482421875,233.87278747558594,0.7904269695281982
1682,374,3483,633.9204711914062,743.82958984375,239.7054443359375,281.7874755859375,0.7767453193664551
1683,374,25367,68.08512878417969,18.150619506835938,440.11598205566406,498.38722229003906,0.6692177057266235
1684,379,3351,458.91094970703125,851.5572509765625,201.3345947265625,206.372314453125,0.7607433199882507
1685,379,16688,403.0121154785156,147.62042236328125,559.7751159667969,496.36627197265625,0.4043835997581482
1686,379,31863,131.61578369140625,307.61175537109375,219.46923828125,220.79937744140625,0.3465024530887604
1687,379,16232,131.990478515625,307.581298828125,218.4786376953125,221.2608642578125,0.34366926550865173
1688,38,20877,77.44357299804688,719.516357421875,350.447998046875,258.934326171875,0.8172295689582825
1689,38,35206,614.4757690429688,155.81378173828125,241.5899658203125,412.081787109375,0.7862539887428284
1690,38,3483,610.1188354492188,707.38330078125,235.2379150390625,284.17431640625,0.7604339122772217
1691,38,31885,98.42640686035156,24.5863037109375,412.62400817871094,521.0081787109375,0.6691298484802246
1692,380,3351,279.021240234375,174.31239318847656,200.851806640625,200.24278259277344,0.8037508726119995
1693,380,16688,0.0,519.2635498046875,520.8177490234375,575.45751953125,0.45475563406944275
1694,380,31863,589.6965942382812,708.3409423828125,223.4996337890625,226.832275390625,0.4289635121822357
1695,382,2483,580.12353515625,112.35874938964844,310.156982421875,468.61891174316406,0.7454481720924377
1696,382,12778,57.29579162597656,102.8687744140625,427.73008728027344,514.5513916015625,0.717477560043335
1697,382,3743,52.317291259765625,795.1337890625,366.8356628417969,365.4044189453125,0.6807488203048706
1698,382,13395,585.3963623046875,694.0731201171875,302.10498046875,523.0377197265625,0.4115124046802521
1699,384,2483,582.2569580078125,57.42218017578125,320.988037109375,504.24053955078125,0.8033220767974854
1700,384,12778,48.68058776855469,51.061279296875,446.24549865722656,545.1875610351562,0.7581155896186829
1701,384,3743,47.326751708984375,775.365234375,371.1472473144531,371.2496337890625,0.45706573128700256
1702,384,13395,562.7990112304688,688.9033203125,325.034423828125,521.804931640625,0.37955376505851746
1703,387,27653,671.940185546875,246.74044799804688,223.7236328125,214.75958251953125,0.8393239974975586
1704,387,3483,126.44793701171875,279.1725158691406,291.2618408203125,192.78912353515625,0.7769575119018555
1705,387,31885,473.09228515625,646.86181640625,465.1572265625,538.43701171875,0.7619708776473999
1706,387,20238,126.688720703125,861.4178466796875,241.5284423828125,239.37451171875,0.6926218867301941
1707,389,34597,4.25634765625,113.92045593261719,475.6733703613281,458.98915100097656,0.860165536403656
1708,389,16262,596.4844970703125,177.70347595214844,247.549072265625,244.92445373535156,0.8197815418243408
1709,389,20877,76.7720947265625,718.4185180664062,351.42364501953125,261.45947265625,0.8028151988983154
1710,389,3483,608.5756225585938,708.5260009765625,236.7384033203125,284.08740234375,0.7626535296440125
1711,390,16262,625.62939453125,184.4080810546875,251.7755126953125,247.2230224609375,0.8382762670516968
1712,390,20877,112.12474060058594,762.154541015625,344.42347717285156,251.7919921875,0.8295925855636597
1713,390,3483,637.142578125,740.1268310546875,238.089111328125,282.470703125,0.7833894491195679
1714,390,34597,18.514663696289062,145.15867614746094,491.23362731933594,449.31214904785156,0.7816543579101562
1715,392,33208,652.18310546875,892.5872802734375,225.716552734375,224.207275390625,0.8330783247947693
1716,392,1900,184.1047821044922,267.2249755859375,208.92970275878906,149.23724365234375,0.8076510429382324
1717,392,16551,104.69233703613281,681.4613037109375,311.04869079589844,527.150146484375,0.7589285373687744
1718,392,21026,680.1160888671875,271.587158203125,186.860595703125,182.564453125,0.6615941524505615
1719,393,33208,105.69076538085938,153.16390991210938,214.74588012695312,209.7088623046875,0.8405424952507019
1720,393,21026,87.157470703125,827.1568603515625,193.9503173828125,189.593994140625,0.823516845703125
1721,393,1900,578.79931640625,861.7172241210938,216.606201171875,151.8443603515625,0.80450040102005
1722,393,16551,547.8885498046875,50.02928161621094,300.2313232421875,478.44569396972656,0.7375779151916504
1723,394,28763,602.7972412109375,849.50341796875,229.113525390625,222.84375,0.79453045129776
1724,394,20238,132.67103576660156,843.0068359375,242.58457946777344,238.187744140625,0.7785784602165222
1725,394,3483,117.43891906738281,258.78936767578125,287.63487243652344,212.05889892578125,0.7722325921058655
1726,394,25469,565.854736328125,216.562255859375,383.700439453125,249.5980224609375,0.7700877785682678
1727,395,20238,612.1080322265625,186.95376586914062,235.2802734375,233.50799560546875,0.7994964718818665
1728,395,28763,166.30096435546875,200.0360107421875,223.9100341796875,218.5289306640625,0.7992246747016907
1729,395,3483,594.0289306640625,830.57861328125,294.77294921875,212.261474609375,0.7654202580451965
1730,395,25469,39.22528076171875,837.8897705078125,388.36077880859375,252.6495361328125,0.7534753084182739
1731,396,25469,0.0,797.592041015625,395.34246826171875,253.581787109375,0.785520076751709
1732,396,28763,145.9570770263672,192.48062133789062,220.41395568847656,213.297607421875,0.7835551500320435
1733,396,20238,583.1323852539062,182.90989685058594,230.7537841796875,228.13758850097656,0.7705860137939453
1734,396,3483,569.09130859375,796.10009765625,294.391845703125,217.077392578125,0.7613593935966492
1735,4,1900,672.5543212890625,800.7679443359375,150.1953125,218.3016357421875,0.80930495262146
1736,4,16551,117.52536010742188,646.4901123046875,322.02142333984375,505.8297119140625,0.8085491061210632
1737,4,24850,596.63232421875,245.53369140625,297.767333984375,185.7203369140625,0.7238136529922485
1738,4,29345,108.20132446289062,149.6498565673828,291.71148681640625,428.31809997558594,0.5223765969276428
1739,40,19861,644.8509521484375,271.46795654296875,226.4486083984375,183.6177978515625,0.7887083888053894
1740,40,3483,149.7528533935547,206.521240234375,264.33534240722656,238.3021240234375,0.7834748029708862
1741,40,31885,593.26318359375,603.989013671875,382.73681640625,583.139892578125,0.7609550356864929
1742,40,29667,114.60448455810547,831.9842529296875,239.14484405517578,239.6827392578125,0.7552626132965088
1743,400,16548,596.4388427734375,117.95574951171875,243.6298828125,240.8499755859375,0.8845402002334595
1744,400,1900,129.66741943359375,238.0641632080078,201.7078857421875,167.71714782714844,0.7958592772483826
1745,400,33208,610.663330078125,765.01416015625,220.1123046875,217.831298828125,0.7893040776252747
1746,400,33009,0.0,763.035888671875,384.4622802734375,262.5361328125,0.7798624634742737
1747,401,16548,102.87387084960938,891.5693359375,259.212646484375,254.371337890625,0.872525691986084
1748,401,33208,146.81210327148438,288.4874267578125,215.52630615234375,211.5159912109375,0.8602558970451355
1749,401,1900,637.1595458984375,853.7706298828125,214.1107177734375,175.357666015625,0.8064545392990112
1750,401,33009,581.7755126953125,229.1597137451172,369.262939453125,262.46156311035156,0.7703426480293274
1751,404,3351,352.17822265625,139.040283203125,194.80010986328125,198.46463012695312,0.8031497597694397
1752,404,35206,422.851318359375,682.7418212890625,439.537841796875,275.845703125,0.5610689520835876
1753,404,18147,0.0,574.4093017578125,317.5840759277344,449.49755859375,0.27344468235969543
1754,404,41768,0.685455322265625,580.4061279296875,314.791015625,442.878173828125,0.25580304861068726
1755,409,16551,5.1551513671875,715.6395263671875,474.408935546875,354.2637939453125,0.8646186590194702
1756,409,1900,130.76397705078125,235.6958465576172,197.1947021484375,178.28883361816406,0.8110995292663574
1757,409,33009,511.3431396484375,773.668212890625,387.480224609375,245.420654296875,0.769890308380127
1758,41,31885,24.82257080078125,77.62945556640625,365.6001281738281,564.3359375,0.8468786478042603
1759,41,29667,632.8016357421875,198.68246459960938,235.9765625,232.00732421875,0.7961442470550537
1760,41,3483,586.9788818359375,863.4189453125,271.224609375,249.1134033203125,0.7745382785797119
1761,41,19861,116.83929443359375,857.679931640625,227.74493408203125,181.640625,0.6846007704734802
1762,411,1900,641.4278564453125,846.5313720703125,209.2109375,186.6383056640625,0.787785530090332
1763,411,16551,486.14007568359375,185.4471435546875,473.3870849609375,349.49212646484375,0.7262482047080994
1764,411,33009,83.12406921386719,244.0247802734375,378.44935607910156,237.13861083984375,0.7250586748123169
1765,412,5094,91.91259765625,800.3505859375,306.5062255859375,306.076171875,0.7490406632423401
1766,412,2483,605.9134521484375,77.49787902832031,268.1541748046875,470.10728454589844,0.7322126030921936
1767,412,4378,635.980712890625,691.625732421875,277.70166015625,474.456298828125,0.3452453911304474
1768,412,12778,97.99557495117188,190.0045166015625,344.84112548828125,515.0783081054688,0.34179723262786865
1769,413,2483,611.1705322265625,13.072998046875,284.1251220703125,512.7381591796875,0.7934909462928772
1770,413,5094,89.55740356445312,787.9615478515625,303.76239013671875,304.452392578125,0.7646649479866028
1771,413,19552,88.18844604492188,143.4031982421875,358.2025146484375,537.4974365234375,0.46652060747146606
1772,413,4378,619.2987060546875,688.6973876953125,287.510498046875,468.386962890625,0.3633726239204407
1773,414,2483,24.319976806640625,685.9412841796875,322.58148193359375,511.3984375,0.7866823673248291
1774,414,5094,529.1705932617188,172.2115020751953,310.7667236328125,311.03514099121094,0.6220755577087402
1775,414,19552,475.73468017578125,517.71923828125,399.2484130859375,556.8631591796875,0.3671758770942688
1776,415,16262,636.6717529296875,169.36480712890625,247.407958984375,244.10858154296875,0.8477358222007751
1777,415,31885,80.45025634765625,71.43048095703125,363.0738525390625,570.06005859375,0.801274836063385
1778,415,3483,593.3636474609375,859.87548828125,271.954833984375,242.3316650390625,0.7790302634239197
1779,415,19861,123.37774658203125,860.845458984375,227.64031982421875,177.734130859375,0.6474772095680237
1780,416,16262,607.6016845703125,164.18994140625,242.93408203125,242.04107666015625,0.8545756936073303
1781,416,3483,565.9180908203125,826.2708740234375,276.129150390625,246.693359375,0.771301805973053
1782,416,19861,88.0194091796875,819.2850341796875,232.45416259765625,186.802978515625,0.7020355463027954
1783,416,31885,64.37155151367188,67.07025146484375,350.7922058105469,546.4120483398438,0.6912934184074402
1784,417,16262,94.46453857421875,841.83056640625,256.6365966796875,257.685546875,0.7809567451477051
1785,417,3483,141.9041290283203,213.2150421142578,266.64024353027344,236.46678161621094,0.7701992392539978
1786,417,19861,636.4471435546875,270.45355224609375,228.1064453125,185.3079833984375,0.7660447359085083
1787,417,31885,546.4671630859375,610.561279296875,377.12939453125,569.282470703125,0.7529685497283936
1788,419,25367,523.61376953125,721.03125,452.38623046875,469.95458984375,0.8954384326934814
1789,419,27733,556.365966796875,245.3817138671875,320.73876953125,301.1644287109375,0.8716452121734619
1790,419,20238,106.30001831054688,847.2587890625,244.31289672851562,240.3863525390625,0.8098758459091187
1791,419,3483,116.61001586914062,294.937744140625,284.872314453125,224.7255859375,0.776660680770874
1792,42,3483,557.5059814453125,830.0308837890625,276.734375,252.982177734375,0.7768868803977966
1793,42,29667,603.8052368164062,192.2391357421875,231.4085693359375,230.7989501953125,0.7721558809280396
1794,42,31885,4.365478515625,62.263427734375,371.4962158203125,552.0006103515625,0.7520977258682251
1795,42,19861,81.05447387695312,816.182373046875,233.96868896484375,191.0458984375,0.7212488055229187
1796,420,27733,78.86199951171875,707.67578125,331.8878173828125,322.42919921875,0.8231010437011719
1797,420,20238,609.334228515625,176.94195556640625,231.62109375,230.20361328125,0.8127933144569397
1798,420,3483,568.8546142578125,745.69677734375,295.234375,233.070556640625,0.7807702422142029
1799,420,25367,0.0,60.3115234375,439.35845947265625,455.05523681640625,0.7569869160652161
1800,422,34597,554.4412841796875,681.0367431640625,366.770751953125,546.6123046875,0.7935028076171875
1801,422,36637,90.56329345703125,896.384765625,284.4827880859375,186.2489013671875,0.7858880162239075
1802,422,19861,638.94921875,271.630126953125,226.8304443359375,184.39129638671875,0.7738173604011536
1803,422,3483,143.0789794921875,214.37940979003906,264.30731201171875,232.97984313964844,0.7699482440948486
1804,423,36637,584.0091552734375,184.7474365234375,272.0218505859375,173.57318115234375,0.7954289317131042
1805,423,3483,562.283447265625,828.2618408203125,277.552978515625,247.3634033203125,0.7771667838096619
1806,423,19861,86.81726837158203,817.911376953125,231.79418182373047,188.052734375,0.7267327308654785
1807,423,34597,86.36769104003906,21.390853881835938,331.70359802246094,501.48390197753906,0.7072156071662903
1808,429,27733,120.37567138671875,758.530517578125,323.406005859375,323.259765625,0.8760961890220642
1809,429,34597,55.2259521484375,134.4906463623047,513.9760131835938,396.30506896972656,0.7873407006263733
1810,429,3483,599.17041015625,775.3656005859375,290.60595703125,228.465576171875,0.7868454456329346
1811,429,29667,662.80126953125,171.529296875,237.7802734375,233.12066650390625,0.7695763111114502
1812,430,33878,610.4429321289062,787.5986328125,177.94580078125,230.172607421875,0.8681793212890625
1813,430,16551,52.20979309082031,594.1055908203125,433.17344665527344,440.5721435546875,0.8510046601295471
1814,430,4543,605.355712890625,144.00521850585938,213.334228515625,214.53366088867188,0.750006377696991
1815,430,3544,174.52960205078125,189.41925048828125,217.75958251953125,215.12115478515625,0.7066091299057007
1816,431,33878,640.7413330078125,825.4488525390625,169.124267578125,225.2486572265625,0.8661372065544128
1817,431,4543,634.185302734375,144.44113159179688,219.814208984375,217.5673828125,0.8120851516723633
1818,431,16551,90.48063659667969,649.651611328125,422.61756896972656,433.253173828125,0.7989660501480103
1819,431,3544,195.38571166992188,197.18577575683594,218.7725830078125,219.52552795410156,0.6911414265632629
1820,432,33878,191.5963134765625,257.5313720703125,165.9522705078125,220.2054443359375,0.8286749720573425
1821,432,3544,576.7566528320312,851.6434326171875,227.088134765625,225.0113525390625,0.8066304922103882
1822,432,16551,486.3702392578125,215.873046875,409.5306396484375,418.405517578125,0.7794619202613831
1823,432,4543,128.2757568359375,897.3134765625,224.371337890625,225.222900390625,0.7676335573196411
1824,433,16232,613.4515380859375,169.28402709960938,197.119140625,196.56744384765625,0.8443237543106079
1825,433,27733,78.93878173828125,707.0233154296875,331.79705810546875,322.1201171875,0.8181064128875732
1826,433,3483,569.0003662109375,745.5675048828125,294.91796875,233.079345703125,0.7829397320747375
1827,433,30308,76.4178466796875,99.15510559082031,366.7755126953125,436.57310485839844,0.30931520462036133
1828,434,27733,556.710205078125,245.44480895996094,320.80126953125,300.53541564941406,0.8661311864852905
1829,434,16232,135.1502685546875,885.224853515625,209.642578125,207.6328125,0.857767641544342
1830,434,3483,116.74517822265625,294.74969482421875,284.39508056640625,224.8935546875,0.7816656231880188
1831,434,30308,519.45556640625,688.78857421875,397.683837890625,455.115478515625,0.6667479276657104
1832,435,27733,113.48309326171875,755.1165771484375,327.3751220703125,313.192626953125,0.8746585845947266
1833,435,16232,641.619873046875,173.5299072265625,204.0791015625,198.26556396484375,0.8398016095161438
1834,435,3483,596.369140625,777.171875,291.821044921875,228.924072265625,0.7832840085029602
1835,435,30308,92.68006896972656,114.23626708984375,375.69285583496094,452.03948974609375,0.3874266445636749
1836,436,20238,610.86474609375,186.78082275390625,236.95458984375,235.0087890625,0.7848506569862366
1837,436,3483,593.7860107421875,829.214111328125,296.1917724609375,214.465087890625,0.7582264542579651
1838,436,31885,10.600204467773438,131.28929138183594,481.89381408691406,501.96949768066406,0.7558790445327759
1839,436,25469,38.695556640625,837.2957763671875,388.68804931640625,253.66943359375,0.699662983417511
1840,44,13900,567.8602294921875,667.3587036132812,198.25830078125,277.2947998046875,0.826960027217865
1841,44,29667,88.14138793945312,716.781982421875,243.61328125,247.060302734375,0.8137412667274475
1842,44,3351,366.8216552734375,147.95126342773438,193.0062255859375,198.99176025390625,0.7887911200523376
1843,443,25438,544.1810302734375,164.89093017578125,295.4810791015625,296.1907958984375,0.8701966404914856
1844,443,2483,38.0048828125,653.0487060546875,339.0921325683594,515.532958984375,0.7843356728553772
1845,443,4378,41.80621337890625,99.98858642578125,307.47784423828125,457.3043212890625,0.6618993878364563
1846,443,22627,475.4805908203125,652.935791015625,444.28369140625,547.3544921875,0.38348188996315
1847,444,25438,95.828125,824.6845703125,288.63983154296875,293.92333984375,0.8424461483955383
1848,444,2483,575.81103515625,106.229248046875,297.217041015625,474.55499267578125,0.7588363885879517
1849,444,4378,625.1627197265625,705.1536865234375,279.622802734375,483.053466796875,0.706914484500885
1850,444,22627,50.214263916015625,58.66632080078125,378.67938232421875,522.3515625,0.48425930738449097
1851,449,16262,619.3580932617188,171.43502807617188,248.9332275390625,250.0882568359375,0.8405472040176392
1852,449,27653,91.29177856445312,839.3656005859375,230.10153198242188,227.7193603515625,0.8229748606681824
1853,449,3483,582.4951171875,829.1600341796875,295.859375,195.053466796875,0.7799128890037537
1854,449,34597,18.80322265625,119.99391174316406,416.5550537109375,508.66343688964844,0.7335323691368103
1855,452,1900,638.8922119140625,835.888671875,194.95068359375,202.664794921875,0.8119462728500366
1856,452,29451,502.1499328613281,224.48394775390625,427.2170104980469,257.415771484375,0.6761105060577393
1857,452,16551,135.17572021484375,634.5789794921875,326.85931396484375,499.8707275390625,0.663325309753418
1858,452,44199,171.34246826171875,224.78106689453125,208.634033203125,280.9688720703125,0.6003492474555969
1859,454,2483,68.499267578125,693.1436767578125,308.156982421875,508.5361328125,0.7629558444023132
1860,454,5094,543.8009033203125,174.2676544189453,306.114013671875,312.76377868652344,0.740232527256012
1861,454,6192,454.375244140625,567.6766357421875,389.475341796875,571.837890625,0.5446093678474426
1862,455,2483,581.683837890625,6.64923095703125,276.798583984375,513.618408203125,0.7598565816879272
1863,455,5094,81.64578247070312,783.321044921875,297.5353698730469,302.2042236328125,0.7355034351348877
1864,455,6192,119.34571838378906,85.71331787109375,349.65525817871094,542.4425659179688,0.5046101808547974
1865,455,13395,557.4716796875,683.4722900390625,292.0146484375,506.38818359375,0.3309395909309387
1866,456,5094,80.94973754882812,793.82763671875,304.5035095214844,307.504150390625,0.7772937417030334
1867,456,2483,573.1378784179688,64.06060791015625,260.9222412109375,479.77056884765625,0.751213550567627
1868,456,13395,565.6148681640625,687.204833984375,291.7100830078125,510.525634765625,0.35913366079330444
1869,456,5886,569.7902221679688,687.9783935546875,298.5592041015625,510.8243408203125,0.29797402024269104
1870,457,2483,610.829345703125,46.992431640625,276.101806640625,521.3897094726562,0.805395781993866
1871,457,5094,115.85894775390625,818.08203125,308.48626708984375,310.145263671875,0.749052107334137
1872,457,6192,80.91468811035156,152.2698974609375,348.44017028808594,556.2626953125,0.6298795938491821
1873,457,13395,598.626220703125,672.8013916015625,299.1070556640625,524.927001953125,0.5661250948905945
1874,458,5094,118.54345703125,829.516357421875,309.7274169921875,312.04638671875,0.7736608982086182
1875,458,2483,611.4478149414062,106.764892578125,262.496826171875,474.03387451171875,0.7703208923339844
1876,458,13395,612.0950927734375,678.724365234375,294.31982421875,522.6126708984375,0.5641418695449829
1877,458,6192,84.76446533203125,177.73486328125,330.1409912109375,550.236572265625,0.4866800904273987
1878,459,2483,47.47723388671875,653.515625,294.28851318359375,511.2698974609375,0.8217242360115051
1879,459,6192,516.78564453125,507.9249267578125,351.506591796875,557.15771484375,0.6488547325134277
1880,459,5094,506.7830810546875,145.34324645996094,299.8095703125,302.49549865722656,0.5190040469169617
1881,459,13395,56.19403076171875,84.824462890625,290.20941162109375,500.6390380859375,0.39250120520591736
1882,46,2483,573.30712890625,55.9844970703125,293.924560546875,508.9444580078125,0.8010027408599854
1883,46,23223,69.368408203125,101.85455322265625,373.15570068359375,548.6923217773438,0.7810291647911072
1884,46,3743,99.72677612304688,766.4044189453125,359.96875,363.95703125,0.7459404468536377
1885,46,4378,570.538818359375,705.019287109375,297.0208740234375,469.155517578125,0.4782370626926422
1886,460,2483,42.98016357421875,648.9532470703125,308.4250793457031,517.3978271484375,0.7941014170646667
1887,460,22362,56.81597900390625,110.23736572265625,309.89239501953125,420.52093505859375,0.6646795272827148
1888,460,5094,468.3714599609375,104.9586181640625,359.7962646484375,351.1912841796875,0.58222496509552
1889,460,23223,462.5555419921875,557.7513427734375,393.0537109375,556.5538330078125,0.5642802119255066
1890,462,2483,598.0157470703125,104.13655090332031,264.330322265625,478.38865661621094,0.7623530030250549
1891,462,22362,593.79150390625,734.69775390625,300.9725341796875,432.0009765625,0.7139840126037598
1892,462,3743,104.009033203125,823.54248046875,363.98895263671875,361.5643310546875,0.7035558223724365
1893,462,23223,108.7977294921875,148.62030029296875,351.76922607421875,527.752685546875,0.6652805805206299
1894,463,27653,670.55859375,246.18081665039062,224.7781982421875,214.84368896484375,0.8459457755088806
1895,463,3483,125.36529541015625,278.60943603515625,291.85699462890625,194.207275390625,0.7806915640830994
1896,463,28763,618.8447875976562,869.013916015625,230.183349609375,221.703369140625,0.6976670622825623
1897,463,20238,126.23956298828125,862.7332763671875,241.55572509765625,238.3564453125,0.6117682456970215
1898,464,27653,58.76519775390625,802.4482421875,231.98004150390625,226.21875,0.8459834456443787
1899,464,28763,134.00241088867188,176.5701446533203,217.68939208984375,213.67539978027344,0.7958726286888123
1900,464,3483,557.2608642578125,797.443603515625,298.981689453125,196.997802734375,0.7743978500366211
1901,464,20238,589.3757934570312,164.19277954101562,228.922119140625,228.02886962890625,0.6533504724502563
1902,465,27653,94.26107025146484,841.4488525390625,228.00690460205078,226.752197265625,0.8464316129684448
1903,465,3483,583.00439453125,831.9244384765625,296.980712890625,191.6517333984375,0.7842437028884888
1904,465,28763,148.69580078125,185.2505645751953,222.4893798828125,214.24949645996094,0.7503663301467896
1905,465,20238,617.2681884765625,166.3767547607422,235.080322265625,231.61000061035156,0.6843560934066772
1906,468,25438,139.7498016357422,856.1397705078125,290.36549377441406,292.7137451171875,0.838294267654419
1907,468,2483,569.353515625,120.944580078125,271.99072265625,472.345703125,0.7498335838317871
1908,468,22362,583.837890625,746.5194091796875,303.470703125,430.65283203125,0.6020722985267639
1909,468,23223,84.14657592773438,120.5328369140625,358.51519775390625,523.293701171875,0.5545088648796082
1910,469,27733,115.27806091308594,755.9251708984375,325.53773498535156,312.320556640625,0.8831323981285095
1911,469,3483,598.93896484375,777.9039306640625,289.1851806640625,226.574951171875,0.7888680696487427
1912,469,28763,143.37359619140625,210.4012451171875,222.185302734375,217.36181640625,0.7642655968666077
1913,469,35206,595.367431640625,116.72259521484375,282.0299072265625,412.39739990234375,0.705117404460907
1914,47,2483,61.09918212890625,648.0242919921875,318.3500671386719,512.8978271484375,0.7995342016220093
1915,47,23223,475.18377685546875,560.072998046875,414.1383056640625,560.33154296875,0.7491137385368347
1916,47,5094,466.52532958984375,134.940673828125,367.8717041015625,361.6971435546875,0.5503317713737488
1917,472,16548,622.9808349609375,139.03741455078125,246.324462890625,243.24249267578125,0.8709337115287781
1918,472,6563,181.2176513671875,709.727294921875,234.07977294921875,368.9281005859375,0.8342556953430176
1919,472,33878,626.6815185546875,837.2989501953125,225.1407470703125,161.04541015625,0.8248735666275024
1920,472,3544,144.84622192382812,182.70689392089844,218.42523193359375,215.58277893066406,0.8078739643096924
1921,474,16548,110.2874984741211,872.7877197265625,254.23987579345703,254.4443359375,0.8786887526512146
1922,474,6563,580.9511108398438,235.10540771484375,228.7210693359375,342.34625244140625,0.8739089965820312
1923,474,33878,148.60238647460938,293.705810546875,225.64630126953125,171.43243408203125,0.8437091708183289
1924,474,3544,627.8121337890625,868.135009765625,227.500244140625,227.04345703125,0.7642860412597656
1925,475,25438,108.68307495117188,809.5303955078125,287.09356689453125,287.27978515625,0.8559311628341675
1926,475,2483,571.3934326171875,87.89337158203125,269.905029296875,474.07763671875,0.7174025774002075
1927,475,13395,575.020263671875,719.86181640625,292.5751953125,518.1085205078125,0.4332265853881836
1928,477,25438,102.2891845703125,790.63232421875,296.46270751953125,295.399658203125,0.8351142406463623
1929,477,2483,554.9986572265625,38.3975830078125,325.727783203125,515.5455322265625,0.731450617313385
1930,477,19552,49.42327880859375,86.61761474609375,395.6252746582031,542.4664306640625,0.39532727003097534
1931,477,13395,546.0198974609375,709.896484375,330.9254150390625,522.4957275390625,0.34659960865974426
1932,479,27777,139.00393676757812,771.2698974609375,194.41641235351562,217.2646484375,0.7864667177200317
1933,479,3483,526.2548828125,765.9368896484375,287.986328125,240.2587890625,0.7703644633293152
1934,479,36637,626.132568359375,174.2359619140625,201.157958984375,253.69464111328125,0.7356297373771667
1935,479,25367,52.858306884765625,82.87889099121094,383.6905822753906,487.18800354003906,0.4224371314048767
1936,481,2483,608.543212890625,107.95948791503906,257.0076904296875,473.96556091308594,0.7945458292961121
1937,481,5094,118.63673400878906,829.2449951171875,309.60911560058594,312.59228515625,0.7736904621124268
1938,481,13395,608.608154296875,674.9990234375,294.0927734375,528.174560546875,0.5764609575271606
1939,481,22627,52.23291015625,106.2442626953125,357.92657470703125,519.6802978515625,0.5584661960601807
1940,482,2483,40.5777587890625,652.9923095703125,305.581298828125,512.47705078125,0.8224666714668274
1941,482,5094,505.49365234375,142.50656127929688,302.7005615234375,307.71246337890625,0.6527501940727234
1942,482,13395,52.1273193359375,83.35211181640625,299.41064453125,503.80596923828125,0.4636329710483551
1943,482,22627,513.8150634765625,613.2677001953125,391.376953125,535.5968017578125,0.43215253949165344
1944,484,3351,414.2618713378906,887.553466796875,202.48385620117188,207.4420166015625,0.7831416130065918
1945,484,32310,9.351318359375,316.4892578125,317.4736022949219,346.5516357421875,0.5910562872886658
1946,484,16688,422.4822998046875,99.95379638671875,493.608642578125,574.8812866210938,0.2659722566604614
1947,485,3351,322.4571533203125,139.40090942382812,196.5589599609375,200.92227172851562,0.8059452176094055
1948,485,32310,616.064453125,523.5106201171875,308.64404296875,364.666015625,0.6408678889274597
1949,485,16688,6.107147216796875,492.2474365234375,460.7660217285156,641.36328125,0.38682428002357483
1950,486,3351,364.60821533203125,198.82269287109375,196.16009521484375,194.0714111328125,0.7575772404670715
1951,486,32310,651.986083984375,622.11279296875,319.0179443359375,368.5992431640625,0.6958854794502258
1952,486,16688,16.784164428710938,593.7796630859375,493.12110900878906,637.4765625,0.34586024284362793
1953,487,27733,113.64637756347656,754.94140625,327.01219177246094,313.9149169921875,0.8635152578353882
1954,487,16232,641.30419921875,173.47216796875,204.101318359375,198.63348388671875,0.8448063731193542
1955,487,3483,596.85888671875,777.611572265625,290.612548828125,228.09814453125,0.7803047299385071
1956,487,31885,76.67585754394531,32.9166259765625,435.92466735839844,540.5665893554688,0.7536336779594421
1957,493,16548,116.91460418701172,876.7584228515625,255.18433380126953,256.535888671875,0.8555331826210022
1958,493,1900,184.30874633789062,285.74066162109375,202.94183349609375,166.60986328125,0.8029137849807739
1959,493,19607,678.8880615234375,896.9886474609375,172.10107421875,166.88134765625,0.7720538973808289
1960,493,21026,679.8441162109375,271.617919921875,186.8759765625,181.91839599609375,0.5615336894989014
1961,494,19607,133.2589111328125,208.4780731201172,161.74359130859375,157.65248107910156,0.9440655708312988
1962,494,16548,584.535400390625,131.53298950195312,244.739013671875,238.55404663085938,0.8932268619537354
1963,494,21026,87.06063842773438,827.139892578125,194.01962280273438,189.311767578125,0.8141864538192749
1964,494,1900,585.3159790039062,824.720703125,208.4761962890625,172.353759765625,0.8084262013435364
1965,496,3351,386.48956298828125,861.471923828125,204.58880615234375,210.355712890625,0.7979036569595337
1966,496,3832,484.6375427246094,165.3985137939453,398.5151672363281,400.36778259277344,0.5125951170921326
1967,497,3351,342.4300537109375,145.49545288085938,206.71270751953125,210.54244995117188,0.8116442561149597
1968,497,3832,32.421966552734375,634.06982421875,423.0099792480469,421.956787109375,0.6827731132507324
1969,497,36637,570.2098388671875,659.6414794921875,225.4993896484375,281.618408203125,0.3949342966079712
1970,497,35206,26.56573486328125,630.266357421875,430.9534606933594,424.769775390625,0.2627178728580475
1971,499,25367,505.380126953125,721.98095703125,470.619873046875,475.5704345703125,0.9136971831321716
1972,499,16262,162.68524169921875,827.7115478515625,255.2950439453125,252.343505859375,0.8528254628181458
1973,499,3483,118.375244140625,259.66656494140625,286.26177978515625,212.3768310546875,0.7777721881866455
1974,499,25469,566.2122802734375,217.292724609375,382.952392578125,248.4443359375,0.7719546556472778
1975,5,16551,552.572998046875,113.29405212402344,324.5262451171875,493.49818420410156,0.8212507367134094
1976,5,1900,173.70907592773438,260.38482666015625,142.8663330078125,212.264404296875,0.8082883954048157
1977,5,29345,606.27783203125,707.113525390625,297.25927734375,460.010498046875,0.7669538259506226
1978,5,24850,92.72503662109375,885.6607666015625,305.68988037109375,184.6522216796875,0.6999543309211731
1979,500,16262,540.5940551757812,180.03500366210938,246.9183349609375,244.20556640625,0.8252136707305908
1980,500,25469,0.0,796.0732421875,396.142333984375,256.39453125,0.7846052646636963
1981,500,25367,10.68048095703125,49.75682067871094,448.5960693359375,468.70423889160156,0.7670071125030518
1982,500,3483,568.606201171875,794.6219482421875,296.192626953125,218.72607421875,0.7619968056678772
1983,501,25367,15.046722412109375,66.74662780761719,464.98052978515625,473.34645080566406,0.8527159690856934
1984,501,16262,569.900390625,186.39886474609375,250.0087890625,245.59375,0.8300951719284058
1985,501,25469,38.859405517578125,837.3154296875,388.666259765625,253.02392578125,0.774578869342804
1986,501,3483,593.29296875,829.9073486328125,295.7608642578125,212.645263671875,0.7647296786308289
1987,502,20238,133.32620239257812,843.181640625,241.4498291015625,237.6768798828125,0.7834984064102173
1988,502,3483,118.88128662109375,259.760986328125,285.81927490234375,212.180908203125,0.775750458240509
1989,502,25469,566.2454833984375,217.5462646484375,382.845947265625,248.0396728515625,0.7704590559005737
1990,502,30308,524.6188354492188,720.94384765625,451.38116455078125,432.6162109375,0.7085368633270264
1991,503,25469,0.0,796.0850830078125,395.80316162109375,256.1805419921875,0.7750405073165894
1992,503,20238,582.6370849609375,182.22837829589844,232.057373046875,229.91407775878906,0.7722865343093872
1993,503,3483,568.7302856445312,794.9710693359375,296.220458984375,218.55908203125,0.7615212798118591
1994,503,30308,13.663787841796875,95.49201965332031,426.7734069824219,414.85874938964844,0.7096544504165649
1995,506,38162,524.17236328125,628.6651611328125,214.45263671875,312.0478515625,0.9010042548179626
1996,506,3351,346.437255859375,134.264892578125,196.59014892578125,197.07470703125,0.7827697396278381
1997,506,31863,75.67892456054688,693.0841064453125,221.47195434570312,224.615478515625,0.6767263412475586
1998,507,38162,564.97412109375,723.2142333984375,211.298095703125,307.55419921875,0.8800355792045593
1999,507,3351,388.23583984375,190.1905059814453,194.75677490234375,196.72764587402344,0.7770220637321472
2000,507,31863,117.29044342041016,779.5549926757812,220.50121307373047,220.2978515625,0.6740827560424805
2001,508,3351,413.6453857421875,863.286376953125,201.681640625,204.9012451171875,0.7531063556671143
2002,508,22074,160.56993103027344,253.55514526367188,198.06178283691406,204.83587646484375,0.5219640135765076
2003,508,16232,161.171142578125,253.61761474609375,197.712890625,204.977294921875,0.4254187345504761
2004,508,41768,525.989501953125,226.2879638671875,364.21142578125,388.6683349609375,0.3742583096027374
2005,509,3351,323.7833251953125,160.93287658691406,194.53619384765625,199.34471130371094,0.7806992530822754
2006,509,22074,581.1124267578125,773.7127685546875,203.4295654296875,206.362548828125,0.6948112845420837
2007,509,18147,26.11126708984375,591.890869140625,385.364501953125,413.0831298828125,0.40018540620803833
2008,511,25367,548.808837890625,736.002685546875,427.191162109375,514.909912109375,0.8803207278251648
2009,511,36637,90.3341064453125,896.4881591796875,284.15155029296875,186.506103515625,0.7853245139122009
2010,511,19861,638.6007690429688,271.645263671875,227.3785400390625,184.616455078125,0.7714371681213379
2011,511,3483,143.41192626953125,212.33131408691406,264.11602783203125,234.99803161621094,0.7640345692634583
2012,515,3483,557.5575561523438,800.841552734375,281.98291015625,233.384521484375,0.7788541913032532
2013,515,27777,174.5625762939453,807.3781127929688,190.08421325683594,216.4271240234375,0.7750601172447205
2014,515,35206,601.5755615234375,135.63951110839844,263.4056396484375,420.76954650878906,0.7614624500274658
2015,515,30308,70.10302734375,175.13470458984375,464.4058837890625,396.25048828125,0.6261658668518066
2016,516,35206,129.8428955078125,699.062255859375,267.4466552734375,424.2705078125,0.7888014316558838
2017,516,30308,459.3875732421875,693.0643310546875,473.00146484375,398.4464111328125,0.7757747173309326
2018,516,27777,629.4818115234375,289.50750732421875,185.84716796875,204.9522705078125,0.7667381167411804
2019,516,3483,164.7949981689453,268.0418701171875,275.82395935058594,231.4815673828125,0.7650526762008667
2020,517,27653,91.06847381591797,840.302001953125,230.56458282470703,227.6004638671875,0.8410583734512329
2021,517,31885,4.29833984375,5.394775390625,410.2008056640625,549.617919921875,0.7855496406555176
2022,517,3483,583.3024291992188,829.8291015625,296.9178466796875,194.432861328125,0.778976559638977
2023,517,36637,632.7918701171875,204.8163604736328,209.544921875,260.90464782714844,0.7430893778800964
2024,518,27653,54.39708709716797,801.4193115234375,235.36951446533203,227.423828125,0.8242202401161194
2025,518,3483,552.29150390625,799.547607421875,300.78173828125,195.627197265625,0.7706533074378967
2026,518,36637,603.4482421875,200.0440216064453,204.52001953125,257.19981384277344,0.7484196424484253
2027,518,31885,0.0,8.2286376953125,389.6106262207031,524.5718994140625,0.7029181122779846
2028,519,27653,672.6640625,247.07711791992188,223.925048828125,214.36309814453125,0.843488335609436
2029,519,3483,126.60383605957031,281.78424072265625,290.96495056152344,189.11834716796875,0.7773815989494324
2030,519,31885,572.6578369140625,679.333740234375,403.3421630859375,580.122802734375,0.7221125364303589
2031,519,36637,141.11570739746094,799.7445068359375,214.02088928222656,266.1378173828125,0.7093350291252136
2032,520,27777,631.3233032226562,290.2137756347656,187.51806640625,205.15985107421875,0.7693217992782593
2033,520,3483,169.197998046875,267.263671875,275.537841796875,230.5625,0.7623515129089355
2034,520,29667,120.447265625,873.5340576171875,241.271484375,242.0955810546875,0.7618709802627563
2035,520,28763,610.434814453125,900.709228515625,230.3404541015625,222.2608642578125,0.6456188559532166
2036,521,3483,525.77587890625,767.2689208984375,285.123779296875,238.666259765625,0.7752289175987244
2037,521,27777,135.22000122070312,770.9326782226562,195.30441284179688,216.102294921875,0.7701230645179749
2038,521,29667,596.4597778320312,152.80926513671875,230.6666259765625,231.5482177734375,0.7654615640640259
2039,521,28763,142.9906005859375,145.69912719726562,216.16973876953125,213.91482543945312,0.754317045211792
2040,522,28763,161.142822265625,151.2350311279297,221.09326171875,216.42384338378906,0.8068414330482483
2041,522,3483,554.9938354492188,802.4771728515625,281.2821044921875,233.043701171875,0.7799873352050781
2042,522,27777,170.45843505859375,806.55615234375,190.76995849609375,214.9462890625,0.7763000130653381
2043,522,29667,626.9174194335938,154.61224365234375,234.7901611328125,234.297607421875,0.7406256794929504
2044,525,27733,555.4974365234375,244.10145568847656,322.8536376953125,305.39915466308594,0.8822920918464661
2045,525,16232,134.16812133789062,883.9056396484375,210.18997192382812,209.092041015625,0.8530227541923523
2046,525,3483,115.88836669921875,294.17913818359375,285.79547119140625,225.43316650390625,0.7821250557899475
2047,525,28763,629.719970703125,859.3594970703125,232.831787109375,223.38720703125,0.7484069466590881
2048,526,16262,95.55261993408203,841.8861083984375,255.75383758544922,257.91455078125,0.7826330065727234
2049,526,3483,142.3424072265625,213.6255340576172,265.7547607421875,235.15260314941406,0.7699570655822754
2050,526,19861,636.9256591796875,270.927734375,227.2255859375,184.353759765625,0.7580872178077698
2051,526,30308,545.8936767578125,691.3726806640625,328.305419921875,501.656005859375,0.6832810044288635
2052,527,16262,636.6329345703125,169.39471435546875,247.59765625,244.0511474609375,0.8431987166404724
2053,527,3483,593.2060546875,859.81396484375,271.810302734375,242.62158203125,0.7775347232818604
2054,527,19861,123.50656127929688,860.7281494140625,227.52203369140625,177.8922119140625,0.6585348844528198
2055,527,25469,138.21348571777344,64.23728942871094,311.24281311035156,486.19239807128906,0.28273093700408936
2056,528,16262,607.966552734375,164.60650634765625,242.4052734375,241.5003662109375,0.8511810302734375
2057,528,3483,565.175048828125,826.654541015625,277.845947265625,246.92333984375,0.7742523550987244
2058,528,19861,88.45480346679688,819.3953247070312,231.87911987304688,186.4681396484375,0.6954873204231262
2059,529,22347,100.94673919677734,232.798583984375,217.44141387939453,213.64727783203125,0.9021462798118591
2060,529,20238,611.8441162109375,186.67111206054688,235.931884765625,234.228515625,0.8061863780021667
2061,529,25469,38.6707763671875,837.8492431640625,389.04644775390625,253.648193359375,0.7687167525291443
2062,529,3483,593.3140869140625,829.225830078125,296.598876953125,214.67822265625,0.7640578150749207
2063,53,25438,115.71328735351562,836.8082275390625,291.040771484375,291.974609375,0.8527092337608337
2064,53,2483,617.50439453125,102.68870544433594,270.714599609375,481.67750549316406,0.7201766967773438
2065,53,6192,84.84765625,100.32362365722656,396.3753662109375,510.16197204589844,0.5700891613960266
2066,53,5886,575.916015625,686.5126953125,307.614501953125,513.2962646484375,0.32167884707450867
2067,530,22347,674.8410034179688,824.6031494140625,223.4599609375,218.328369140625,0.8593072295188904
2068,530,20238,132.48208618164062,842.9173583984375,242.72991943359375,238.45556640625,0.788006067276001
2069,530,3483,117.7606201171875,258.59814453125,287.240234375,212.9281005859375,0.7742898464202881
2070,530,25469,565.5405883789062,216.27169799804688,384.03173828125,250.081787109375,0.773711621761322
2071,531,22347,86.1297836303711,222.15966796875,210.22803497314453,207.84088134765625,0.8947165012359619
2072,531,25469,0.0,796.767822265625,395.92138671875,254.271484375,0.787000298500061
2073,531,20238,583.68017578125,182.65142822265625,231.3883056640625,228.80377197265625,0.7620763778686523
2074,531,3483,568.366943359375,795.2784423828125,295.59375,218.549560546875,0.7596341371536255
2075,532,2483,581.0442504882812,112.81219482421875,308.53369140625,467.0535888671875,0.7408388257026672
2076,532,3743,50.983673095703125,796.4429931640625,367.5810241699219,363.306640625,0.7161259651184082
2077,532,19552,75.27197265625,78.99388122558594,441.41473388671875,495.29762268066406,0.5177873373031616
2078,532,13395,587.1158447265625,695.318603515625,300.4266357421875,521.7471923828125,0.44625410437583923
2079,533,2483,582.8046875,57.44207763671875,320.3056640625,504.03057861328125,0.7967084050178528
2080,533,19552,50.04986572265625,31.51220703125,481.46337890625,519.021484375,0.5696917772293091
2081,533,3743,46.837890625,775.423095703125,371.5528564453125,371.015869140625,0.42466244101524353
2082,533,13395,563.402099609375,688.9180908203125,324.369384765625,522.038330078125,0.3629828691482544
2083,534,2483,14.42315673828125,655.70166015625,339.94464111328125,509.203857421875,0.8010663986206055
2084,534,5094,515.5321044921875,123.70941162109375,361.665283203125,358.2235107421875,0.5603423714637756
2085,534,19552,382.8653564453125,649.963134765625,486.9478759765625,521.4718017578125,0.31203457713127136
2086,535,25469,78.62646484375,815.3670654296875,352.40692138671875,332.015625,0.7711625695228577
2087,535,3483,592.6304931640625,830.277099609375,296.064208984375,212.800048828125,0.7598897218704224
2088,535,31885,64.03179931640625,130.9334716796875,439.77850341796875,534.8135986328125,0.7466688752174377
2089,535,36637,662.28857421875,168.530517578125,200.457763671875,269.4847412109375,0.6779054403305054
2090,536,25469,41.32958984375,773.890869140625,359.3690185546875,326.50732421875,0.7852283120155334
2091,536,3483,566.5699462890625,795.5899047851562,297.24853515625,218.031494140625,0.7589358687400818
2092,536,31885,50.62469482421875,115.08721923828125,424.14007568359375,521.2720336914062,0.7091122269630432
2093,536,36637,632.93212890625,167.95266723632812,193.4527587890625,259.6348876953125,0.7012733817100525
2094,537,25469,566.3521118164062,173.00314331054688,349.08447265625,309.9932861328125,0.7765605449676514
2095,537,3483,116.70123291015625,259.20068359375,289.903564453125,211.359375,0.7717188596725464
2096,537,31885,488.8526306152344,594.0364990234375,445.6116027832031,531.2261962890625,0.7580087184906006
2097,537,36637,120.10906982421875,827.878173828125,201.8489990234375,270.8929443359375,0.7267990112304688
2098,539,38162,587.0594482421875,708.7041015625,214.14404296875,310.9945068359375,0.8293836712837219
2099,539,3351,316.7275390625,126.55987548828125,196.010498046875,199.23440551757812,0.7500467896461487
2100,539,20014,3.156951904296875,660.525634765625,365.5043029785156,365.9229736328125,0.7086408138275146
2101,54,25438,526.6348266601562,157.5145721435547,287.1710205078125,287.58314514160156,0.8108072876930237
2102,54,2483,16.1243896484375,655.5445556640625,314.7283935546875,505.6297607421875,0.7526347041130066
2103,54,6192,439.1196594238281,617.7840576171875,438.7358093261719,540.302734375,0.541694164276123
2104,540,38162,622.9190673828125,803.218505859375,214.6759033203125,306.305908203125,0.8398962020874023
2105,540,3351,357.8028564453125,183.08636474609375,195.60009765625,195.11309814453125,0.7769792079925537
2106,540,20014,43.99957275390625,747.551513671875,364.10748291015625,359.1375732421875,0.7098004221916199
2107,541,16232,140.0252685546875,894.6767578125,205.741455078125,202.46826171875,0.8762141466140747
2108,541,31885,562.3564453125,636.6142578125,389.950439453125,596.789794921875,0.7761878371238708
2109,541,19861,636.708740234375,270.2928161621094,227.7901611328125,185.2943115234375,0.7703121304512024
2110,541,3483,142.02708435058594,213.77935791015625,266.14393615722656,235.24761962890625,0.7666488885879517
2111,542,16232,611.076904296875,163.94808959960938,195.501220703125,197.37213134765625,0.8234628438949585
2112,542,3483,564.9290771484375,826.301513671875,278.0645751953125,248.6595458984375,0.77308189868927
2113,542,19861,87.88794708251953,818.022216796875,232.18029022216797,188.87841796875,0.7460025548934937
2114,542,31885,35.975616455078125,22.71429443359375,369.96533203125,555.27099609375,0.6898133158683777
2115,543,16232,639.935791015625,166.70587158203125,200.0191650390625,200.48974609375,0.8546139597892761
2116,543,3483,593.2833251953125,860.044921875,271.869384765625,242.3046875,0.7792762517929077
2117,543,31885,73.34454345703125,33.53167724609375,348.23883056640625,569.8473510742188,0.765357255935669
2118,543,19861,123.11160278320312,860.420166015625,228.01617431640625,178.71337890625,0.6846312284469604
2119,545,22347,658.417236328125,856.92138671875,221.9583740234375,217.937255859375,0.8836674094200134
2120,545,27777,631.8468627929688,290.4898986816406,187.9744873046875,204.93402099609375,0.7733702063560486
2121,545,3483,169.80401611328125,266.97943115234375,275.49969482421875,230.5880126953125,0.7647385597229004
2122,545,29667,120.42996215820312,872.8709716796875,241.30596923828125,242.345458984375,0.7610499262809753
2123,546,22347,101.03765869140625,192.86708068847656,213.82293701171875,209.09068298339844,0.9109386205673218
2124,546,27777,133.353515625,770.4852294921875,196.06756591796875,217.015625,0.8050374984741211
2125,546,3483,526.4794311523438,767.7171630859375,285.4591064453125,239.701904296875,0.77431321144104
2126,546,29667,595.5880126953125,153.033935546875,232.1572265625,231.6807861328125,0.7550048232078552
2127,547,22347,117.64521026611328,233.79879760742188,214.91875457763672,213.4710693359375,0.8827205300331116
2128,547,20877,111.30331420898438,762.4686279296875,344.8856201171875,252.8896484375,0.8343650698661804
2129,547,3483,636.6480712890625,740.5401611328125,238.675537109375,282.30859375,0.7813066244125366
2130,547,36637,622.4193115234375,206.54354858398438,206.1748046875,264.598388671875,0.7344856858253479
2131,548,22347,659.5228881835938,823.3690185546875,222.016845703125,218.7197265625,0.8739243745803833
2132,548,20877,540.6732177734375,287.04119873046875,341.593994140625,252.8123779296875,0.8053683638572693
2133,548,3483,130.91702270507812,284.500732421875,230.8515625,268.8272705078125,0.7660951018333435
2134,548,36637,154.84812927246094,794.5257568359375,212.40760803222656,270.063720703125,0.712543249130249
2135,55,3351,417.08203125,838.7022705078125,202.17529296875,208.086181640625,0.7850048542022705
2136,55,20014,39.7650146484375,272.8529052734375,360.9774169921875,345.3062744140625,0.5881785154342651
2137,55,16688,390.4244079589844,146.84971618652344,568.6706848144531,488.27101135253906,0.359703004360199
2138,551,27653,671.5562744140625,247.1461944580078,223.51220703125,213.89598083496094,0.8387928009033203
2139,551,3483,125.7694091796875,279.6688232421875,291.257568359375,192.45361328125,0.7752746343612671
2140,551,30308,517.7852172851562,676.5009765625,430.7781982421875,447.6033935546875,0.7714751362800598
2141,551,20238,126.71249389648438,863.1400146484375,240.80215454101562,237.7452392578125,0.6296485066413879
2142,552,27653,93.75211334228516,840.3927001953125,228.82231903076172,228.083251953125,0.8362975716590881
2143,552,3483,585.731689453125,828.9854736328125,295.58154296875,195.51904296875,0.7800789475440979
2144,552,20238,616.746826171875,166.60101318359375,235.454833984375,231.8482666015625,0.7058925032615662
2145,552,30308,50.015228271484375,132.0050048828125,417.78997802734375,445.39227294921875,0.5536103844642639
2146,553,16232,596.9525146484375,206.54718017578125,197.554443359375,196.328125,0.8476132750511169
2147,553,34597,0.0,62.98016357421875,443.32183837890625,477.9029541015625,0.8226315975189209
2148,553,25469,0.0,796.0341796875,395.86865234375,256.639892578125,0.7918380498886108
2149,553,3483,568.904541015625,794.9202880859375,295.829833984375,218.3231201171875,0.7622193694114685
2150,555,16232,625.8897705078125,210.52520751953125,201.782958984375,201.1790771484375,0.8475968241691589
2151,555,34597,1.9085693359375,90.79176330566406,462.79156494140625,472.06150817871094,0.8222627639770508
2152,555,3483,593.3441162109375,829.3546142578125,297.531005859375,212.103271484375,0.7683480978012085
2153,555,25469,38.947418212890625,837.42529296875,388.6266174316406,253.2110595703125,0.7609449625015259
2154,56,3351,320.7540283203125,187.15670776367188,193.53564453125,198.57025146484375,0.7811289429664612
2155,56,20014,536.5328369140625,608.274658203125,370.2998046875,365.026123046875,0.5836703777313232
2156,56,16688,0.0,535.2855224609375,533.8320922851562,546.322509765625,0.47653210163116455
2157,560,35206,578.437255859375,88.359375,303.6395263671875,399.7725830078125,0.803126871585846
2158,560,3483,593.3174438476562,859.8997802734375,271.9658203125,242.2550048828125,0.7784993648529053
2159,560,19861,124.41961669921875,858.634033203125,227.334228515625,181.691650390625,0.6635757088661194
2160,560,30308,98.93267822265625,68.476806640625,305.4473876953125,494.7220458984375,0.31032827496528625
2161,564,21771,155.9574432373047,798.4779052734375,202.16822814941406,198.81494140625,0.9505355358123779
2162,564,16551,581.83740234375,99.86993408203125,312.017578125,498.02325439453125,0.7911193370819092
2163,564,1900,149.5062713623047,249.31475830078125,203.18128967285156,173.24993896484375,0.7758633494377136
2164,564,33009,540.1021728515625,817.63134765625,384.93212890625,234.7415771484375,0.7334085702896118
2165,565,2483,603.6968994140625,75.08087158203125,294.846435546875,479.199951171875,0.7364786863327026
2166,565,12778,0.0,137.2116241455078,445.73333740234375,490.83445739746094,0.6987612247467041
2167,565,5094,92.78854370117188,800.209228515625,305.25994873046875,307.7314453125,0.6896437406539917
2168,565,31863,90.49359130859375,800.374267578125,307.8341979980469,306.2353515625,0.4780983328819275
2169,569,2483,63.15478515625,649.2359619140625,315.12908935546875,509.30078125,0.7921137809753418
2170,569,12778,480.82403564453125,556.6702880859375,404.8621826171875,569.416748046875,0.7651293873786926
2171,569,5094,469.31268310546875,138.3541259765625,363.7978515625,356.81610107421875,0.5375608205795288
2172,569,12081,74.00930786132812,102.21833801269531,303.9079895019531,455.82493591308594,0.27402493357658386
2173,571,21026,86.48487091064453,826.67919921875,193.09148406982422,188.902099609375,0.8186154365539551
2174,571,1900,577.9893798828125,861.7301025390625,216.4586181640625,151.703857421875,0.8037410974502563
2175,571,16551,530.158447265625,51.09837341308594,317.7626953125,469.42164611816406,0.6409554481506348
2176,571,24850,118.20030975341797,136.78399658203125,187.54657745361328,287.58245849609375,0.6372632384300232
2177,572,16551,89.39559936523438,694.5213623046875,347.0682373046875,512.503662109375,0.8687102198600769
2178,572,1900,184.60252380371094,266.7371826171875,209.55238342285156,150.549072265625,0.8082005977630615
2179,572,24850,664.5487060546875,829.763916015625,203.728515625,301.3302001953125,0.6714161038398743
2180,572,21026,680.4227294921875,271.72979736328125,188.197509765625,183.1495361328125,0.6348919868469238
2181,573,21026,120.489501953125,860.5341796875,191.03030395507812,187.4462890625,0.7893860936164856
2182,573,1900,606.4414672851562,896.510986328125,210.062744140625,144.9368896484375,0.7865563631057739
2183,573,16551,562.5105590820312,54.64674377441406,327.1595458984375,489.45567321777344,0.7677866220474243
2184,573,24850,131.86782836914062,142.0333251953125,189.71578979492188,297.69207763671875,0.6794151067733765
2185,574,2483,618.9873046875,74.57684326171875,307.14013671875,513.7415161132812,0.7951255440711975
2186,574,3743,92.596435546875,806.310302734375,366.168212890625,367.493896484375,0.709367036819458
2187,574,22627,60.48191833496094,154.922119140625,382.32362365722656,536.4327392578125,0.6593130826950073
2188,574,13395,590.5245361328125,670.1722412109375,311.77001953125,528.7213134765625,0.595301628112793
2189,575,2483,18.32781982421875,620.680419921875,292.36920166015625,527.14794921875,0.8247532248497009
2190,575,13395,53.27667236328125,85.2901611328125,298.93682861328125,498.4490966796875,0.5124642848968506
2191,575,22627,495.34564208984375,525.6888427734375,390.51220703125,530.9010009765625,0.4607298672199249
2192,575,5094,477.3036193847656,108.77803039550781,351.0602722167969,344.84934997558594,0.44101983308792114
2193,576,2483,628.5113525390625,118.54634094238281,261.8551025390625,478.45994567871094,0.7974023222923279
2194,576,3743,99.35093688964844,821.4197998046875,362.77589416503906,367.43798828125,0.62353515625
2195,576,13395,601.072021484375,674.718505859375,298.673583984375,529.89013671875,0.5818619132041931
2196,576,22627,68.69328308105469,196.342529296875,365.06678771972656,518.3970947265625,0.48244816064834595
2197,577,19607,136.32077026367188,784.03076171875,166.26358032226562,163.380859375,0.8642627596855164
2198,577,16551,532.4566650390625,62.55029296875,361.83154296875,446.79376220703125,0.8033056855201721
2199,577,1900,129.7127685546875,239.871337890625,201.82275390625,166.96234130859375,0.7973459362983704
2200,577,33009,510.72540283203125,773.2237548828125,389.260009765625,242.771240234375,0.7908966541290283
2201,578,19607,658.227783203125,330.55255126953125,163.1865234375,156.8692626953125,0.9370213747024536
2202,578,16551,35.57177734375,722.9661865234375,396.40386962890625,466.65087890625,0.8429920673370361
2203,578,1900,636.8011474609375,854.250732421875,214.6279296875,175.923583984375,0.8048025369644165
2204,578,33009,81.8455810546875,243.189697265625,380.3914794921875,237.55401611328125,0.7345470190048218
2205,579,19607,170.37594604492188,820.0890502929688,163.035888671875,160.4075927734375,0.957757294178009
2206,579,16551,560.5308227539062,66.84356689453125,378.101806640625,462.3123779296875,0.8175117373466492
2207,579,1900,149.9616241455078,251.31602478027344,203.31346130371094,166.82435607910156,0.8033067584037781
2208,579,33009,539.7806396484375,817.6337890625,384.6964111328125,234.371826171875,0.740360677242279
2209,58,34597,15.716827392578125,47.29638671875,420.6473693847656,488.41015625,0.8253506422042847
2210,58,35206,550.48876953125,82.20204162597656,295.221435546875,391.74766540527344,0.7910735607147217
2211,58,3483,565.552001953125,827.0833740234375,276.7567138671875,245.544921875,0.7738016247749329
2212,58,19861,88.2926025390625,819.1741333007812,231.076904296875,187.2161865234375,0.7110052704811096
2213,581,16548,94.3829345703125,898.6098022460938,259.05743408203125,252.61871337890625,0.8605417013168335
2214,581,1900,640.883056640625,848.2362060546875,210.85498046875,182.8580322265625,0.7945006489753723
2215,581,33009,82.33840942382812,243.21412658691406,378.3856201171875,234.95518493652344,0.7732031941413879
2216,581,24850,638.4169921875,206.16058349609375,189.8056640625,279.32110595703125,0.7330229878425598
2217,583,2483,34.23553466796875,657.436279296875,313.982421875,526.001708984375,0.7897445559501648
2218,583,5094,528.990966796875,167.54962158203125,305.73974609375,306.89068603515625,0.5959725975990295
2219,583,19552,408.3199462890625,604.3726806640625,430.857421875,547.95703125,0.35453149676322937
2220,584,2483,584.712158203125,86.869384765625,298.962646484375,479.59271240234375,0.7617172002792358
2221,584,5094,95.15814208984375,802.5755615234375,306.23016357421875,309.17529296875,0.7416906356811523
2222,584,19552,126.92340087890625,111.99195861816406,365.81793212890625,510.69065856933594,0.38034775853157043
2223,584,13395,582.82568359375,688.769775390625,291.72265625,510.9945068359375,0.29988089203834534
2224,586,25469,42.1640625,774.795166015625,357.58050537109375,325.7178955078125,0.7862297892570496
2225,586,3483,567.2620849609375,796.334228515625,296.754150390625,216.51611328125,0.7631112337112427
2226,586,28763,139.68475341796875,190.8750762939453,220.048095703125,212.37376403808594,0.7484301924705505
2227,586,36637,633.41064453125,167.03070068359375,193.128173828125,260.0673828125,0.6789488196372986
2228,587,28763,610.346923828125,853.1561279296875,228.942626953125,221.6424560546875,0.8063281774520874
2229,587,3483,116.84254455566406,258.77203369140625,289.71080017089844,210.975830078125,0.7765441536903381
2230,587,25469,566.184326171875,172.65977478027344,347.420654296875,312.45716857910156,0.7643658518791199
2231,587,36637,120.15512084960938,826.7027587890625,202.87265014648438,272.335693359375,0.7111271619796753
2232,588,28763,161.45986938476562,198.85183715820312,220.76251220703125,218.02142333984375,0.7856693267822266
2233,588,3483,590.975830078125,829.6241455078125,298.493408203125,215.19287109375,0.7758609652519226
2234,588,25469,79.3192138671875,815.888427734375,350.28173828125,332.158203125,0.7698558568954468
2235,588,36637,663.14794921875,168.599609375,199.3193359375,268.45025634765625,0.6593621373176575
2236,589,16262,636.2855224609375,168.75711059570312,248.498046875,245.02886962890625,0.834502100944519
2237,589,3483,592.343994140625,859.21044921875,273.415283203125,243.91748046875,0.7773115634918213
2238,589,19861,123.22586059570312,859.459716796875,227.94488525390625,179.687744140625,0.6513095498085022
2239,589,25367,23.35223388671875,113.74665832519531,349.0060119628906,508.06394958496094,0.6460738778114319
2240,591,25367,625.4498291015625,636.9033203125,350.5501708984375,527.150146484375,0.8950292468070984
2241,591,16262,95.36541748046875,841.7861328125,255.6923828125,257.946044921875,0.7770055532455444
2242,591,3483,142.92529296875,214.0762939453125,264.61309814453125,234.89593505859375,0.7698173522949219
2243,591,19861,637.3106079101562,271.531982421875,226.6536865234375,183.59466552734375,0.7630170583724976
2244,592,19861,638.4798583984375,271.14886474609375,228.215087890625,184.3040771484375,0.7759191393852234
2245,592,29667,113.34274291992188,837.84326171875,239.12472534179688,240.146728515625,0.7725110650062561
2246,592,28763,645.5078125,895.22705078125,230.2076416015625,224.8629150390625,0.7639800310134888
2247,592,3483,142.68173217773438,211.1065216064453,265.56292724609375,236.38914489746094,0.7626067399978638
2248,593,28763,110.17003631591797,152.04177856445312,216.14136505126953,211.967041015625,0.7881951332092285
2249,593,29667,605.8551025390625,187.71661376953125,229.8101806640625,229.06085205078125,0.7788670063018799
2250,593,3483,562.9700927734375,828.798583984375,275.940673828125,247.0772705078125,0.7747655510902405
2251,593,19861,87.065185546875,818.0881958007812,231.29586791992188,187.6986083984375,0.7325425148010254
2252,594,28763,127.17001342773438,156.21853637695312,219.66693115234375,216.2398681640625,0.8454602360725403
2253,594,3483,592.37353515625,860.385498046875,271.92333984375,242.229248046875,0.7733822464942932
2254,594,29667,633.5984497070312,191.74017333984375,236.6761474609375,231.28277587890625,0.7596734762191772
2255,594,19861,121.8465576171875,859.377685546875,227.27508544921875,178.86328125,0.6913663148880005
2256,595,3351,386.87994384765625,854.8748779296875,214.521484375,214.385498046875,0.7866866588592529
2257,595,16232,639.6287841796875,277.5021667480469,210.9671630859375,212.18231201171875,0.4328119158744812
2258,596,3351,342.06219482421875,153.50411987304688,200.70159912109375,203.55624389648438,0.8002422451972961
2259,596,16232,70.79254150390625,723.2337036132812,216.34088134765625,218.6378173828125,0.7020120024681091
2260,596,32310,559.3506469726562,605.02734375,302.93994140625,394.966064453125,0.41793668270111084
2261,598,3351,397.4647216796875,866.418701171875,202.93798828125,206.283447265625,0.7956191897392273
2262,598,36637,160.6933135986328,329.66571044921875,201.24937438964844,269.5926513671875,0.42810356616973877
2263,598,33880,543.6800537109375,185.69415283203125,317.2001953125,436.667724609375,0.3482144773006439
2264,60,34597,522.9991455078125,691.6005859375,453.0008544921875,500.080810546875,0.8273157477378845
2265,60,35206,100.7235107421875,762.50537109375,318.4508056640625,409.921875,0.7750398516654968
2266,60,3483,141.80755615234375,214.44886779785156,263.82196044921875,233.36155700683594,0.7691139578819275
2267,60,19861,636.875732421875,270.7191162109375,227.2509765625,185.2943115234375,0.7655835747718811
2268,600,3351,381.1995849609375,218.69065856933594,197.564453125,196.99452209472656,0.7839828133583069
2269,600,36637,612.39453125,715.7640380859375,207.523681640625,275.479248046875,0.43049171566963196
2270,600,33880,101.18751525878906,678.7293701171875,330.54539489746094,452.8460693359375,0.36627620458602905
2271,600,20877,105.47479248046875,678.4783935546875,333.9884033203125,452.0604248046875,0.26654285192489624
2272,601,27733,556.2276611328125,245.31719970703125,321.437744140625,302.5367431640625,0.8808038234710693
2273,601,16262,145.89598083496094,795.720703125,258.15907287597656,254.4967041015625,0.8312081098556519
2274,601,3483,116.94644165039062,294.84417724609375,284.91522216796875,225.16937255859375,0.7762985229492188
2275,601,31885,464.2451171875,632.14697265625,511.7548828125,502.51416015625,0.7593425512313843
2276,602,27733,78.86181640625,705.0697021484375,331.844970703125,326.3052978515625,0.846136212348938
2277,602,16262,557.0296630859375,208.04660034179688,246.8408203125,247.10235595703125,0.8434862494468689
2278,602,3483,568.8170166015625,745.8707275390625,294.8095703125,232.82958984375,0.776879608631134
2279,602,31885,2.515838623046875,99.722900390625,488.3009338378906,499.96728515625,0.7092923521995544
2280,603,27733,113.63424682617188,754.6566162109375,327.26434326171875,313.6990966796875,0.8809757828712463
2281,603,16262,584.0640869140625,218.2037811279297,252.89501953125,245.42042541503906,0.861732542514801
2282,603,31885,23.15826416015625,127.09910583496094,487.38983154296875,494.29750061035156,0.7959610223770142
2283,603,3483,596.9874267578125,777.18408203125,290.372314453125,228.5953369140625,0.78154057264328
2284,605,27653,93.76679229736328,841.6583251953125,227.80919647216797,226.0474853515625,0.8520224094390869
2285,605,3483,586.05419921875,830.1785888671875,295.00634765625,193.4971923828125,0.7836827039718628
2286,605,28763,139.70989990234375,237.9630126953125,223.19598388671875,218.9547119140625,0.7644550204277039
2287,605,36637,633.2044677734375,204.0854949951172,209.198974609375,260.34510803222656,0.738077700138092
2288,608,3351,334.97967529296875,186.08624267578125,194.31201171875,199.07073974609375,0.7921887040138245
2289,608,29667,583.5750122070312,715.4435424804688,242.6385498046875,247.17919921875,0.7806634306907654
2290,608,33880,40.58642578125,601.707763671875,330.80419921875,461.937255859375,0.6893883347511292
2291,610,16232,613.4137573242188,211.25404357910156,199.697265625,198.97654724121094,0.8438136577606201
2292,610,27653,54.18341064453125,800.560546875,235.61236572265625,228.0689697265625,0.8049499988555908
2293,610,34597,0.0,97.08544921875,405.8313903808594,475.642333984375,0.7911778688430786
2294,610,3483,551.780517578125,799.0555419921875,301.1490478515625,196.5068359375,0.7790773510932922
2295,611,16232,136.56350708007812,840.529052734375,208.656005859375,204.47265625,0.8433775901794434
2296,611,27653,673.118896484375,247.76866149902344,223.332763671875,213.53712463378906,0.8309906721115112
2297,611,34597,559.8486328125,646.915283203125,416.1513671875,489.3092041015625,0.7911439538002014
2298,611,3483,126.594970703125,281.67254638671875,291.4620361328125,190.2899169921875,0.7775001525878906
2299,612,16232,642.6673583984375,221.47999572753906,202.812255859375,197.63743591308594,0.8378319144248962
2300,612,27653,90.18512725830078,839.41455078125,231.07646942138672,227.86669921875,0.8258258104324341
2301,612,3483,582.1656494140625,829.216552734375,298.034912109375,195.619384765625,0.7770448327064514
2302,612,34597,0.0,129.38365173339844,428.7322998046875,469.63038635253906,0.7469560503959656
2303,614,22074,627.297119140625,721.26025390625,204.084716796875,206.288330078125,0.8082413673400879
2304,614,3351,339.6846923828125,147.01284790039062,198.62115478515625,199.72238159179688,0.7929157614707947
2305,614,19232,150.05735778808594,651.6034545898438,273.16212463378906,368.797607421875,0.6125797033309937
2306,615,22074,665.7711181640625,814.7164306640625,200.534912109375,200.510986328125,0.8120473027229309
2307,615,3351,382.70562744140625,204.74710083007812,197.21160888671875,195.27490234375,0.7883958220481873
2308,615,19232,195.54373168945312,751.58251953125,267.51763916015625,368.092529296875,0.474275678396225
2309,616,16232,139.28985595703125,894.4818115234375,205.43743896484375,202.157958984375,0.8723179697990417
2310,616,28763,627.54931640625,880.3399658203125,228.652587890625,224.5081787109375,0.7922521233558655
2311,616,3483,141.77590942382812,214.1090850830078,264.08038330078125,233.80870056152344,0.7693820595741272
2312,616,19861,636.8233642578125,270.1904296875,227.4964599609375,185.193603515625,0.7650442123413086
2313,617,16232,641.2330932617188,167.13330078125,198.5362548828125,199.303955078125,0.8579603433609009
2314,617,3483,593.7345581054688,860.4658203125,271.44189453125,242.01611328125,0.7804859280586243
2315,617,28763,144.38037109375,169.97235107421875,220.171875,216.45782470703125,0.767550528049469
2316,617,19861,123.43707275390625,861.0762939453125,227.55477905273438,178.067138671875,0.6862088441848755
2317,618,16232,612.0880737304688,163.43795776367188,194.222412109375,196.38531494140625,0.8394672870635986
2318,618,28763,129.25204467773438,165.12559509277344,215.43048095703125,211.23805236816406,0.8312671780586243
2319,618,3483,566.5632934570312,827.9844970703125,274.7918701171875,243.9033203125,0.7736847400665283
2320,618,19861,88.57781982421875,818.3741455078125,230.8922119140625,187.53564453125,0.748769998550415
2321,62,3351,321.91680908203125,151.319091796875,193.1317138671875,197.5439453125,0.7896391749382019
2322,62,36637,532.421630859375,644.3015747070312,221.0390625,268.4443359375,0.4286605417728424
2323,62,18147,73.5928955078125,534.8621215820312,322.9051513671875,448.3260498046875,0.3345049321651459
2324,620,2483,49.454193115234375,615.800537109375,286.6888122558594,530.398681640625,0.8113961219787598
2325,620,22362,56.83160400390625,73.73417663574219,308.38079833984375,413.97645568847656,0.7329875230789185
2326,620,23223,509.36224365234375,622.06494140625,380.0570068359375,548.543212890625,0.7294027209281921
2327,620,5094,502.80780029296875,131.57989501953125,301.602294921875,304.14178466796875,0.36943328380584717
2328,621,2483,600.8106079101562,76.88926696777344,296.4073486328125,511.90272521972656,0.8183650970458984
2329,621,23223,52.4842529296875,39.2325439453125,382.73748779296875,555.648681640625,0.7781417965888977
2330,621,22362,571.81298828125,769.197021484375,320.222900390625,438.718994140625,0.7096279263496399
2331,621,5094,114.66584777832031,825.99853515625,315.05345153808594,316.110595703125,0.6980157494544983
2332,622,41768,113.93473815917969,283.85125732421875,285.43495178222656,315.77197265625,0.8096211552619934
2333,622,3351,389.50994873046875,882.02392578125,202.8197021484375,207.726806640625,0.7931463122367859
2334,622,22074,604.3121948242188,283.19891357421875,199.5850830078125,205.82000732421875,0.6692140698432922
2335,623,3351,345.01373291015625,141.97064208984375,198.69036865234375,201.46295166015625,0.8082290887832642
2336,623,41768,541.10205078125,620.3798828125,290.19580078125,329.02099609375,0.7959686517715454
2337,623,22074,118.77603149414062,740.1380615234375,203.32147216796875,208.04052734375,0.5571496486663818
2338,624,3351,388.99957275390625,201.45742797851562,194.57244873046875,193.23236083984375,0.7993430495262146
2339,624,41768,580.159423828125,708.4417724609375,286.125732421875,332.1005859375,0.7441495656967163
2340,624,22074,163.7688446044922,833.2938232421875,196.11146545410156,199.27734375,0.6998635530471802
2341,625,27733,556.3773193359375,245.405517578125,320.5384521484375,300.44287109375,0.8763176202774048
2342,625,16262,146.50946044921875,796.5233154296875,256.99755859375,253.521484375,0.8335468769073486
2343,625,3483,116.53536987304688,295.058837890625,284.76971435546875,224.793701171875,0.7801041603088379
2344,625,30308,482.5782470703125,688.855224609375,455.5914306640625,424.408447265625,0.7606185674667358
2345,627,16262,557.2117309570312,206.97296142578125,246.7218017578125,247.86712646484375,0.8493351340293884
2346,627,27733,78.943603515625,707.210693359375,331.57275390625,322.403564453125,0.8148942589759827
2347,627,3483,569.135498046875,746.165771484375,294.788818359375,232.5416259765625,0.7818076610565186
2348,627,30308,47.71812438964844,134.2156982421875,441.31996154785156,405.105224609375,0.6392543315887451
2349,628,27733,556.192138671875,244.62017822265625,321.5794677734375,303.65087890625,0.8825357556343079
2350,628,22347,670.2855224609375,844.32666015625,225.3653564453125,221.01220703125,0.873974084854126
2351,628,16232,134.46966552734375,883.823974609375,209.93560791015625,208.9219970703125,0.8501589894294739
2352,628,3483,116.13510131835938,293.468017578125,285.77716064453125,225.7276611328125,0.7818507552146912
2353,632,25438,531.459716796875,160.9503173828125,286.5057373046875,289.4420166015625,0.8774200677871704
2354,632,2483,14.918609619140625,655.374267578125,315.86260986328125,508.621337890625,0.7250170707702637
2355,632,23223,456.2120056152344,591.5841064453125,395.4162902832031,541.882568359375,0.6357762813568115
2356,633,25438,112.49609375,832.155517578125,291.0782470703125,292.09521484375,0.8596755266189575
2357,633,2483,616.91064453125,99.07763671875,271.71923828125,482.48577880859375,0.7368958592414856
2358,633,23223,111.35223388671875,133.4195556640625,350.170654296875,512.7833251953125,0.47965216636657715
2359,633,13395,571.094970703125,685.361083984375,301.030029296875,512.318359375,0.3335038721561432
2360,635,16548,64.2148208618164,743.745849609375,250.37987518310547,248.44384765625,0.8574823141098022
2361,635,33878,611.3240356445312,789.5885009765625,174.76318359375,227.25341796875,0.8494543433189392
2362,635,4543,606.577392578125,144.61386108398438,212.3746337890625,215.18795776367188,0.8387619256973267
2363,635,3544,174.75152587890625,188.80711364746094,217.672119140625,214.77223205566406,0.7290171980857849
2364,636,16548,646.3468017578125,272.00201416015625,243.829833984375,239.256103515625,0.8446271419525146
2365,636,33878,192.2635955810547,257.25982666015625,165.30360412597656,219.511474609375,0.8313590884208679
2366,636,3544,576.7003784179688,851.564208984375,227.3162841796875,225.057861328125,0.8197314739227295
2367,636,4543,125.48672485351562,897.681396484375,226.91653442382812,225.67724609375,0.8166187405586243
2368,637,2483,578.773193359375,112.22564697265625,311.7564697265625,469.665771484375,0.7389134168624878
2369,637,3743,49.8524169921875,794.9794921875,369.85400390625,366.24951171875,0.7379997372627258
2370,637,13395,584.5794677734375,693.2861328125,303.49658203125,524.267333984375,0.41647377610206604
2371,637,5886,584.80078125,693.1796875,306.22509765625,528.353271484375,0.3961135745048523
2372,638,2483,598.9029541015625,43.3270263671875,304.34375,517.411865234375,0.8042900562286377
2373,638,3743,46.5894775390625,774.5068359375,372.7591552734375,372.5643310546875,0.4611094295978546
2374,638,12778,12.22125244140625,122.15606689453125,547.1395874023438,426.634765625,0.41643226146698
2375,638,13395,562.8126831054688,688.8984375,325.8402099609375,522.39013671875,0.38064178824424744
2376,64,29667,147.0274658203125,271.80560302734375,240.39251708984375,239.901123046875,0.7771122455596924
2377,64,3351,389.8074951171875,878.4027099609375,203.158935546875,208.419921875,0.7548142075538635
2378,64,20014,582.7950439453125,255.45701599121094,359.9881591796875,345.48353576660156,0.7187910676002502
2379,640,3351,399.630126953125,910.26953125,204.819580078125,207.58642578125,0.7812357544898987
2380,640,20238,91.97258758544922,292.04644775390625,236.71662139892578,234.4356689453125,0.5899795889854431
2381,640,3832,476.5223083496094,272.54766845703125,417.4768371582031,376.8863525390625,0.4217946529388428
2382,640,35206,474.836669921875,269.9808349609375,420.420654296875,375.01141357421875,0.3603111803531647
2383,641,3351,337.590576171875,119.31243896484375,195.06884765625,196.85098266601562,0.8143848776817322
2384,641,20238,611.1337280273438,700.6475830078125,245.9483642578125,242.046630859375,0.7902501225471497
2385,641,3832,26.988006591796875,562.4930419921875,431.562744140625,386.36279296875,0.6520131230354309
2386,641,35206,26.11956787109375,560.6767578125,431.4837646484375,382.58349609375,0.38949257135391235
2387,644,2483,15.052154541015625,625.4029541015625,301.3568420410156,528.6610107421875,0.8141669631004333
2388,644,6192,462.4267578125,584.11279296875,363.7965087890625,577.8392333984375,0.6542307734489441
2389,644,5094,464.27899169921875,100.57330322265625,354.070556640625,347.14794921875,0.6496291756629944
2390,646,34597,379.44073486328125,621.3131103515625,500.2733154296875,461.94873046875,0.8020796775817871
2391,646,3483,165.97442626953125,267.65869140625,275.34063720703125,230.93310546875,0.7655043601989746
2392,646,27777,630.213623046875,289.63812255859375,186.032470703125,204.644775390625,0.7646002769470215
2393,646,36637,119.341552734375,826.156982421875,213.53848266601562,267.739990234375,0.7613214254379272
2394,647,34597,125.73966979980469,181.451416015625,478.95033264160156,444.983154296875,0.8035597801208496
2395,647,3483,556.4149169921875,801.376953125,281.32275390625,233.40869140625,0.7792121171951294
2396,647,27777,173.61607360839844,807.3634033203125,190.17457580566406,215.8232421875,0.7759546041488647
2397,647,36637,656.539306640625,175.12860107421875,201.8544921875,265.42987060546875,0.7385510206222534
2398,648,34597,96.54103088378906,143.34735107421875,482.44041442871094,458.56024169921875,0.8345852494239807
2399,648,27777,139.49627685546875,771.4815063476562,193.20440673828125,216.682861328125,0.7880728244781494
2400,648,3483,526.9443969726562,766.3555297851562,286.488037109375,238.536376953125,0.770228385925293
2401,648,36637,624.5152587890625,174.30584716796875,202.3671875,254.12127685546875,0.7659956216812134
2402,65,20014,0.0,625.2850952148438,347.3031005859375,363.9803466796875,0.8064915537834167
2403,65,3351,344.44085693359375,148.36798095703125,199.37286376953125,198.09027099609375,0.8054240942001343
2404,65,29667,555.5892333984375,721.270751953125,241.461669921875,246.685546875,0.7580357193946838
2405,650,3351,362.16033935546875,167.45555114746094,194.788330078125,199.94154357910156,0.8277528285980225
2406,650,32310,0.0,692.7384033203125,318.8395690917969,339.7041015625,0.6355262398719788
2407,650,36637,554.0587768554688,803.447998046875,289.4659423828125,201.390869140625,0.315753698348999
2408,652,1900,121.4613037109375,254.98704528808594,204.55279541015625,156.94923400878906,0.8032270073890686
2409,652,24850,115.14067077636719,834.2657470703125,305.5656280517578,190.3115234375,0.6547041535377502
2410,652,16551,556.413330078125,61.20721435546875,310.92041015625,479.57879638671875,0.537634551525116
2411,652,31705,592.039306640625,694.4390869140625,280.87255859375,463.0155029296875,0.4650690257549286
2412,653,1900,641.7894287109375,852.5568237304688,220.584228515625,167.9072265625,0.7865559458732605
2413,653,24850,543.9662475585938,257.7753601074219,304.096435546875,187.55792236328125,0.7109770774841309
2414,653,16551,78.71881103515625,690.9925537109375,339.193115234375,500.9141845703125,0.6954553723335266
2415,654,1900,141.29501342773438,264.27093505859375,209.1015625,156.625732421875,0.7526000142097473
2416,654,16551,580.8276977539062,67.53535461425781,315.0155029296875,498.65550231933594,0.731602132320404
2417,654,24850,148.0191192626953,868.78857421875,303.68186950683594,186.410400390625,0.6901073455810547
2418,656,16551,536.119384765625,166.81756591796875,424.410888671875,419.72760009765625,0.8415350317955017
2419,656,6563,181.77703857421875,709.224609375,233.187744140625,368.634033203125,0.839749276638031
2420,656,33878,626.7215576171875,837.8035888671875,224.6402587890625,159.8271484375,0.839243471622467
2421,656,3544,145.18560791015625,182.71083068847656,217.58697509765625,215.40721130371094,0.8018120527267456
2422,658,16551,618.5810546875,11.632888793945312,315.283935546875,494.19432067871094,0.8004325032234192
2423,658,18110,69.44668579101562,779.5802001953125,321.42694091796875,315.875244140625,0.7844792008399963
2424,658,1900,164.0318145751953,241.13148498535156,186.83311462402344,192.19541931152344,0.783663809299469
2425,658,29451,485.2281188964844,808.3660888671875,417.5014953613281,294.410888671875,0.7755705714225769
2426,659,16551,589.6300048828125,13.134063720703125,303.33984375,475.5683898925781,0.789375901222229
2427,659,1900,143.70632934570312,233.57383728027344,189.883544921875,191.51039123535156,0.7845419645309448
2428,659,18110,35.988037109375,738.2681884765625,325.19818115234375,324.84423828125,0.7691640853881836
2429,659,29451,455.4764709472656,772.2069091796875,422.6025085449219,298.678955078125,0.7358468770980835
2430,66,29667,593.3367919921875,811.6888427734375,239.5732421875,240.85205078125,0.795985221862793
2431,66,20014,21.22607421875,711.257568359375,367.52728271484375,359.9449462890625,0.7919973731040955
2432,66,3351,388.05877685546875,204.32162475585938,194.491455078125,194.3560791015625,0.7907465696334839
2433,660,1900,637.99951171875,837.2330322265625,196.53369140625,202.76953125,0.800770103931427
2434,660,16551,49.13946533203125,734.3375244140625,322.9261474609375,521.073974609375,0.7954912781715393
2435,660,18110,599.5386962890625,213.46478271484375,317.87158203125,314.8555908203125,0.4909246265888214
2436,660,29451,104.37953186035156,207.01722717285156,409.86204528808594,285.58262634277344,0.4809676706790924
2437,661,3351,369.990478515625,870.240234375,206.008056640625,208.073974609375,0.7939620018005371
2438,661,16232,682.114501953125,285.18060302734375,202.578125,205.2730712890625,0.6315233111381531
2439,661,31863,172.28086853027344,296.9654541015625,218.74220275878906,222.365234375,0.36560705304145813
2440,662,3351,365.68707275390625,156.20394897460938,192.96343994140625,198.30859375,0.8055144548416138
2441,662,16232,37.101463317871094,738.5228271484375,208.59699249267578,203.877685546875,0.6574458479881287
2442,662,31863,549.30517578125,719.9715576171875,221.468994140625,222.812255859375,0.41452687978744507
2443,662,16232,548.91845703125,719.2891845703125,221.211181640625,224.2811279296875,0.3130250573158264
2444,664,20877,536.1717529296875,284.60760498046875,346.93994140625,256.26904296875,0.7782904505729675
2445,664,3483,130.03713989257812,285.09979248046875,231.15435791015625,268.84954833984375,0.7770187258720398
2446,664,28763,626.358154296875,869.3428955078125,229.258056640625,220.86376953125,0.751778244972229
2447,664,36637,155.4171600341797,795.329345703125,211.67677307128906,270.1611328125,0.7203882336616516
2448,665,20877,77.441162109375,720.1669311523438,350.9522705078125,258.6607666015625,0.8080095648765564
2449,665,28763,128.62875366210938,175.70498657226562,216.38375854492188,214.8568115234375,0.7857420444488525
2450,665,3483,610.8455810546875,707.37158203125,234.841552734375,283.932861328125,0.7627852559089661
2451,665,36637,593.9022216796875,202.39358520507812,200.170654296875,255.2532958984375,0.698827862739563
2452,667,25438,102.0762939453125,801.1826171875,292.0592041015625,291.8043212890625,0.8636613488197327
2453,667,2483,552.8055419921875,95.73638916015625,337.2027587890625,494.1123046875,0.8040619492530823
2454,667,4378,618.267578125,694.9085693359375,300.4091796875,476.9713134765625,0.45928242802619934
2455,667,22627,0.0,96.17056274414062,527.456787109375,387.88543701171875,0.4451604187488556
2456,668,25438,533.2430419921875,174.57266235351562,294.427734375,290.9656982421875,0.8040521740913391
2457,668,2483,30.40240478515625,623.2415771484375,354.19354248046875,507.7642822265625,0.7936689257621765
2458,668,12778,402.1326904296875,708.4193115234375,558.040283203125,439.345458984375,0.34574073553085327
2459,670,22347,676.9996337890625,841.8387451171875,222.6864013671875,218.63037109375,0.8396825194358826
2460,670,3483,118.16471862792969,259.2210693359375,287.16322326660156,211.6304931640625,0.780226469039917
2461,670,25469,566.6314697265625,174.15609741210938,345.455078125,310.542724609375,0.7633736729621887
2462,670,35206,129.49810791015625,723.1839599609375,267.03515625,421.563232421875,0.6813823580741882
2463,672,22347,99.99374389648438,215.56512451171875,217.51797485351562,213.23626708984375,0.9015470743179321
2464,672,25469,79.25079345703125,815.199951171875,351.57037353515625,333.64794921875,0.7686305642127991
2465,672,3483,593.6172485351562,830.324951171875,295.395263671875,212.53955078125,0.7653343081474304
2466,672,35206,600.34716796875,116.48515319824219,264.478515625,413.74024963378906,0.7572963237762451
2467,674,16548,144.4691925048828,882.62744140625,256.10362243652344,253.814208984375,0.8822686672210693
2468,674,44199,132.02464294433594,278.5281982421875,293.98866271972656,176.86810302734375,0.830792248249054
2469,674,1900,628.3851928710938,889.16259765625,217.395751953125,146.0361328125,0.8033814430236816
2470,674,27926,585.5723876953125,151.87339782714844,286.992919921875,469.23316955566406,0.5365571975708008
2471,675,16548,559.482666015625,127.33309936523438,241.6318359375,238.34414672851562,0.8929094076156616
2472,675,27926,84.87652587890625,611.657958984375,289.48876953125,497.3768310546875,0.8595498204231262
2473,675,44199,546.302978515625,817.8060913085938,301.260986328125,177.1378173828125,0.8565014004707336
2474,675,1900,134.6865234375,233.63357543945312,207.76763916015625,139.70458984375,0.7950313091278076
2475,677,18110,6.446197509765625,685.866455078125,321.35443115234375,318.33837890625,0.828253448009491
2476,677,1900,135.711669921875,234.14051818847656,209.48385620117188,138.74412536621094,0.7975997924804688
2477,677,27926,555.9058837890625,626.0018310546875,286.97998046875,500.126953125,0.7836011052131653
2478,677,16551,606.91943359375,9.587127685546875,317.7626953125,472.71478271484375,0.7489732503890991
2479,679,5094,91.16592407226562,799.8270263671875,304.958251953125,306.8416748046875,0.8267357349395752
2480,679,2483,593.048095703125,97.23577880859375,273.74169921875,471.0260009765625,0.7262561917304993
2481,679,4378,576.7122802734375,702.22021484375,269.80810546875,472.945068359375,0.6995984315872192
2482,679,22627,117.51588439941406,156.9613037109375,363.04710388183594,494.756103515625,0.5401304364204407
2483,68,16232,149.137939453125,823.69189453125,201.37646484375,204.4346923828125,0.8450233936309814
2484,68,3483,164.3423614501953,268.14794921875,276.25303649902344,231.06781005859375,0.7630274891853333
2485,68,27777,630.0018310546875,289.45208740234375,185.0106201171875,203.96240234375,0.7611500024795532
2486,68,30308,487.85894775390625,758.4898681640625,485.7333984375,399.5509033203125,0.7421942353248596
2487,680,2483,50.1824951171875,660.2899169921875,321.11029052734375,512.20068359375,0.7676752209663391
2488,680,5094,528.7424926757812,169.72320556640625,313.3599853515625,315.19970703125,0.731183648109436
2489,680,4378,96.511474609375,108.18345642089844,303.0767822265625,452.58583068847656,0.5846179127693176
2490,680,22627,411.79010009765625,574.4410400390625,443.3260498046875,536.7320556640625,0.3675695061683655
2491,681,2483,592.987548828125,35.46722412109375,279.3021240234375,514.207763671875,0.8404019474983215
2492,681,5094,88.07455444335938,785.6112060546875,305.9800720214844,307.7008056640625,0.7833805084228516
2493,681,4378,557.1488037109375,692.243408203125,283.574951171875,476.097412109375,0.6656222343444824
2494,681,22627,110.43635559082031,114.19659423828125,382.07652282714844,513.8646240234375,0.4800603985786438
2495,684,29345,574.8160400390625,708.4281005859375,324.59033203125,446.2095947265625,0.8546443581581116
2496,684,16551,528.163818359375,87.31781005859375,366.927001953125,449.44561767578125,0.8461657762527466
2497,684,18110,72.30496215820312,756.5191650390625,314.1109924316406,311.559326171875,0.829153299331665
2498,684,1900,174.36123657226562,260.8219909667969,141.370361328125,211.111328125,0.808402955532074
2499,685,25438,99.03683471679688,800.003173828125,292.1506652832031,292.26123046875,0.8454957604408264
2500,685,2483,557.6624755859375,98.61042785644531,331.627685546875,496.11766052246094,0.791094958782196
2501,685,4378,611.2109375,697.407958984375,305.28564453125,476.7835693359375,0.5507878661155701
2502,685,6192,56.9801025390625,8.48931884765625,367.6673583984375,556.1297607421875,0.49904635548591614
2503,688,20238,608.0821533203125,176.9958953857422,232.38232421875,230.49464416503906,0.8398926854133606
2504,688,34597,73.90728759765625,166.35638427734375,496.57940673828125,441.95013427734375,0.8254216909408569
2505,688,27733,79.49258422851562,706.5576171875,330.9774475097656,321.901611328125,0.809791088104248
2506,688,3483,569.6419067382812,745.64208984375,293.9302978515625,232.510498046875,0.7776623368263245
2507,692,22347,653.4346923828125,830.1925048828125,221.244384765625,218.847900390625,0.916031002998352
2508,692,27653,672.7236328125,247.0445556640625,224.01318359375,214.59197998046875,0.8476154208183289
2509,692,35206,86.95315551757812,686.7359619140625,238.09149169921875,422.361572265625,0.7958554029464722
2510,692,3483,126.409912109375,281.57659912109375,291.368896484375,189.32720947265625,0.7825459837913513
2511,694,3351,397.707763671875,844.02490234375,200.9757080078125,205.380859375,0.7824957966804504
2512,694,19232,494.302734375,223.28517150878906,342.967041015625,281.86424255371094,0.5423411726951599
2513,694,35206,151.81338500976562,272.197998046875,269.19354248046875,410.74371337890625,0.41193443536758423
2514,697,38162,125.77285766601562,249.6293182373047,249.861328125,290.63856506347656,0.8455027937889099
2515,697,3351,392.16522216796875,843.0501708984375,213.838623046875,215.366943359375,0.7730355858802795
2516,698,38162,563.7969970703125,667.9820556640625,258.756591796875,301.875732421875,0.8158016800880432
2517,698,3351,337.46954345703125,163.348876953125,199.79315185546875,202.55133056640625,0.7793864607810974
2518,70,16551,33.381103515625,696.283203125,334.1454772949219,526.29541015625,0.8366858959197998
2519,70,1900,628.223388671875,892.859130859375,217.212646484375,168.6259765625,0.7991346120834351
2520,70,24850,634.7623291015625,254.33580017089844,208.65869140625,279.90919494628906,0.748447835445404
2521,70,29451,31.68035888671875,216.33163452148438,431.69781494140625,261.3167724609375,0.5679066181182861
2522,700,16232,611.16796875,164.2554473876953,195.4427490234375,197.09239196777344,0.8126434087753296
2523,700,3483,564.975830078125,826.6466064453125,277.3125,247.9110107421875,0.7761844992637634
2524,700,19861,88.07296752929688,819.0902099609375,232.39425659179688,186.985595703125,0.697172999382019
2525,700,30308,47.56144714355469,123.35003662109375,419.34498596191406,418.80712890625,0.5399873852729797
2526,701,16232,640.0043334960938,167.0731658935547,199.9185791015625,200.14601135253906,0.8348464965820312
2527,701,3483,593.1390380859375,859.637451171875,272.3577880859375,242.6600341796875,0.7799567580223083
2528,701,19861,123.1728515625,860.017578125,228.033935546875,178.662841796875,0.6504852175712585
2529,701,30308,68.17164611816406,138.986572265625,420.47337341308594,431.7144775390625,0.5888427495956421
2530,702,16232,140.46463012695312,894.9560546875,205.09091186523438,202.300048828125,0.8719204664230347
2531,702,3483,142.67755126953125,213.87879943847656,265.281982421875,235.47691345214844,0.7716800570487976
2532,702,19861,636.4200439453125,271.06103515625,227.664794921875,184.4718017578125,0.7616521120071411
2533,702,30308,487.7076110839844,691.175537109375,442.4153137207031,436.4837646484375,0.7180629968643188
2534,705,29667,634.444091796875,198.02093505859375,235.615966796875,230.604248046875,0.7794725298881531
2535,705,3483,587.46142578125,863.502197265625,270.3382568359375,248.6085205078125,0.7752495408058167
2536,705,22347,117.58609008789062,191.81947326660156,213.09732055664062,212.27281188964844,0.7367941737174988
2537,705,19861,116.91827392578125,857.8857421875,227.64129638671875,181.61181640625,0.6905660033226013
2538,706,2483,583.0088500976562,85.92657470703125,303.2862548828125,481.55938720703125,0.7673014998435974
2539,706,12778,56.173370361328125,104.55133056640625,361.5982360839844,524.84228515625,0.7470285296440125
2540,706,5094,93.36778259277344,802.1219482421875,310.68263244628906,310.2081298828125,0.7181029319763184
2541,706,4378,589.1934814453125,677.7275390625,281.2696533203125,521.39208984375,0.35222548246383667
2542,707,2483,26.47393798828125,653.77880859375,328.6561279296875,531.76708984375,0.796403169631958
2543,707,12778,481.4813232421875,593.430419921875,436.3013916015625,574.116455078125,0.7478823065757751
2544,707,5094,525.2093505859375,162.97067260742188,312.36181640625,315.18792724609375,0.5733945369720459
2545,708,2483,589.3760986328125,44.44671630859375,298.775390625,503.12542724609375,0.803766667842865
2546,708,5094,89.87261962890625,788.0645751953125,307.4188232421875,310.4110107421875,0.6605200171470642
2547,708,12778,41.69891357421875,67.11102294921875,385.4940185546875,534.9443359375,0.6294407844543457
2548,708,13395,563.7740478515625,683.7811279296875,303.515869140625,510.7127685546875,0.4036239981651306
2549,710,16262,559.406494140625,207.87762451171875,243.83251953125,245.47882080078125,0.8516597151756287
2550,710,27733,79.18865966796875,709.248779296875,330.8236083984375,319.8009033203125,0.824353039264679
2551,710,28763,153.2947540283203,226.72425842285156,217.48130798339844,213.21751403808594,0.8069846034049988
2552,710,3483,569.145263671875,746.4014282226562,294.38818359375,231.6385498046875,0.7802817821502686
2553,712,2483,608.572265625,108.31536865234375,256.0318603515625,473.4195556640625,0.7905470728874207
2554,712,5094,118.79080200195312,829.88330078125,309.19512939453125,311.4541015625,0.7825115919113159
2555,712,12778,83.78787231445312,122.08160400390625,339.21832275390625,537.9896240234375,0.743692934513092
2556,712,13395,609.0800170898438,675.7769775390625,294.12158203125,526.8994140625,0.5590507388114929
2557,713,2483,41.704559326171875,653.4017333984375,301.52252197265625,511.679931640625,0.8188644647598267
2558,713,12778,511.7320556640625,586.0867919921875,365.06640625,554.30517578125,0.7550199031829834
2559,713,5094,506.8533935546875,144.9977569580078,299.665283203125,302.94297790527344,0.49274781346321106
2560,713,13395,55.521636962890625,84.55328369140625,291.6498718261719,501.3392333984375,0.403373122215271
2561,714,2483,608.1983642578125,46.694580078125,280.343505859375,521.7069091796875,0.7963008284568787
2562,714,5094,115.35092163085938,817.0477294921875,309.250732421875,311.71630859375,0.7842541933059692
2563,714,12778,70.26605224609375,76.8724365234375,359.38714599609375,553.9805908203125,0.7519127726554871
2564,714,13395,598.16748046875,672.141357421875,300.9658203125,525.633544921875,0.5760760307312012
2565,716,2483,573.9193115234375,110.8392333984375,279.4697265625,474.8612060546875,0.7458146214485168
2566,716,3743,102.30888366699219,784.028076171875,359.97865295410156,356.149169921875,0.6135253310203552
2567,716,19552,81.2781982421875,134.1981201171875,360.64801025390625,516.9169921875,0.5261207222938538
2568,716,4378,587.7725219726562,717.2027587890625,291.5064697265625,475.4267578125,0.3646913766860962
2569,717,2483,61.81085205078125,647.072509765625,318.3743896484375,513.7196044921875,0.7973198890686035
2570,717,5094,465.8066711425781,134.06251525878906,370.5114440917969,365.25181579589844,0.5402796864509583
2571,717,19552,467.0202331542969,578.867919921875,431.2007141113281,552.257568359375,0.32236993312835693
2572,717,4378,71.73733520507812,100.62797546386719,311.3396301269531,457.91127014160156,0.27212464809417725
2573,719,21771,86.906494140625,803.150146484375,204.35394287109375,200.64453125,0.9560450315475464
2574,719,16548,547.333984375,175.23388671875,241.025390625,240.998779296875,0.8943532705307007
2575,719,1900,120.56329345703125,256.66546630859375,204.13180541992188,156.05035400390625,0.7939282059669495
2576,719,31705,595.3748779296875,692.6934814453125,282.65234375,459.9677734375,0.5122868418693542
2577,72,16551,627.6943359375,39.50520324707031,328.126708984375,504.77464294433594,0.8088675737380981
2578,72,1900,152.59982299804688,219.11932373046875,212.08349609375,164.7659912109375,0.7573409080505371
2579,72,29451,533.857666015625,820.0438232421875,442.142333984375,269.160400390625,0.7264286875724792
2580,72,24850,139.92222595214844,769.939208984375,216.80226135253906,294.55419921875,0.6629989147186279
2581,720,21771,665.0623779296875,279.64013671875,204.04248046875,196.5633544921875,0.936387836933136
2582,720,16548,157.59585571289062,833.9534912109375,255.96490478515625,252.48779296875,0.8789255619049072
2583,720,1900,643.9293212890625,852.3350219726562,219.579833984375,165.3629150390625,0.7653005719184875
2584,721,27733,79.77420043945312,704.013671875,331.27423095703125,326.388671875,0.8229159712791443
2585,721,3483,569.472412109375,745.9780883789062,294.7071533203125,231.2183837890625,0.7792786955833435
2586,721,35206,555.8411865234375,111.98948669433594,277.677734375,402.37538146972656,0.7531959414482117
2587,721,31885,30.84307861328125,153.8995361328125,491.7056884765625,491.3941650390625,0.7250210642814636
2588,724,10221,572.1925048828125,158.12158203125,231.4849853515625,230.51611328125,0.9026070833206177
2589,724,16548,100.15716552734375,729.9600830078125,250.7022705078125,245.42822265625,0.8717130422592163
2590,724,3544,127.83261108398438,169.52444458007812,215.00637817382812,215.46868896484375,0.7644007802009583
2591,725,10221,144.21389770507812,866.0772705078125,243.99041748046875,244.62353515625,0.9102909564971924
2592,725,16548,611.3092041015625,295.03955078125,246.2020263671875,241.303466796875,0.8604886531829834
2593,725,3544,629.6129150390625,878.001708984375,227.5977783203125,224.3175048828125,0.7846210598945618
2594,726,16548,131.93988037109375,766.9223022460938,249.93951416015625,244.5926513671875,0.8549880981445312
2595,726,10221,600.126708984375,161.39968872070312,237.064453125,232.91668701171875,0.8440619111061096
2596,726,3544,142.07882690429688,172.35330200195312,222.81494140625,220.90234375,0.742487370967865
2597,726,31705,587.5816650390625,696.2564697265625,284.637451171875,476.5218505859375,0.37878933548927307
2598,727,16232,596.8206787109375,206.4678955078125,197.881103515625,196.85150146484375,0.8446754813194275
2599,727,25469,0.0,795.2716064453125,396.54290771484375,257.7362060546875,0.7815243005752563
2600,727,3483,568.5299072265625,794.1389770507812,296.481201171875,219.3040771484375,0.7629351615905762
2601,727,25367,10.62152099609375,147.87245178222656,439.7689208984375,469.68809509277344,0.7551277279853821
2602,728,16232,625.9633178710938,210.60494995117188,201.97607421875,201.1287841796875,0.8498725295066833
2603,728,25367,12.797149658203125,168.57798767089844,464.3595886230469,476.73072814941406,0.7685787081718445
2604,728,3483,593.2611083984375,829.1746826171875,297.977783203125,212.582275390625,0.767414927482605
2605,728,25469,38.69622802734375,836.2978515625,389.14935302734375,255.166259765625,0.7591143250465393
2606,73,12247,589.2263793945312,842.1137084960938,219.0640869140625,142.61376953125,0.9369670748710632
2607,73,16551,517.5626220703125,65.49273681640625,364.49169921875,446.02630615234375,0.8177045583724976
2608,73,6563,155.2046356201172,669.604736328125,236.12562561035156,374.365478515625,0.7854397296905518
2609,73,3544,67.48389434814453,191.0680694580078,215.20214080810547,214.88670349121094,0.7548756003379822
2610,731,4543,605.78271484375,133.671142578125,212.93115234375,212.59390258789062,0.8664167523384094
2611,731,16548,113.16610717773438,763.6871948242188,249.16183471679688,242.4278564453125,0.8590931296348572
2612,731,3544,97.53028106689453,152.93576049804688,214.77770233154297,212.19000244140625,0.8289408683776855
2613,731,29871,599.888671875,764.4068603515625,213.904541015625,237.5252685546875,0.6615648865699768
2614,732,4543,125.68051147460938,910.3370361328125,226.4893798828125,223.39697265625,0.8729352951049805
2615,732,16548,600.1688232421875,260.23065185546875,242.045166015625,235.204345703125,0.7378235459327698
2616,732,3544,661.1017456054688,892.9713134765625,229.3609619140625,225.4072265625,0.7346969246864319
2617,732,29871,160.41317749023438,270.5679931640625,215.51287841796875,226.8297119140625,0.5688188672065735
2618,738,1900,85.24068450927734,251.97572326660156,208.87256622314453,139.19822692871094,0.7547155022621155
2619,738,44199,599.66259765625,762.446533203125,176.6680908203125,301.857177734375,0.6676405072212219
2620,738,16551,577.124755859375,81.35760498046875,309.6021728515625,482.72991943359375,0.5032252669334412
2621,740,16548,111.00048828125,796.072509765625,257.6697998046875,253.7376708984375,0.8783563375473022
2622,740,19607,650.67431640625,268.5882568359375,167.1414794921875,156.9202880859375,0.7573754787445068
2623,740,1900,636.1510009765625,821.21875,185.342041015625,212.734375,0.7152163982391357
2624,742,25438,544.4056396484375,163.9268798828125,295.30615234375,296.3990478515625,0.8861873745918274
2625,742,2483,38.775665283203125,653.293701171875,334.7672424316406,515.10888671875,0.7945327162742615
2626,742,4378,43.69708251953125,101.2420654296875,302.8419189453125,455.58990478515625,0.6399617791175842
2627,742,6192,492.669921875,522.407958984375,412.910888671875,577.929931640625,0.4375796318054199
2628,743,25438,93.3759765625,817.519287109375,284.931640625,278.42431640625,0.8416929841041565
2629,743,2483,592.6427612304688,46.55186462402344,278.30126953125,509.86170959472656,0.801317572593689
2630,743,4378,611.31396484375,701.5013427734375,286.27978515625,471.37353515625,0.7140447497367859
2631,743,6192,67.85214233398438,130.34100341796875,342.47528076171875,552.7952880859375,0.5880830883979797
2632,745,16262,652.82275390625,257.5421142578125,258.020263671875,254.4234619140625,0.8768793940544128
2633,745,3351,341.1053466796875,878.8157958984375,212.48529052734375,218.45458984375,0.7899032831192017
2634,745,32310,91.96514892578125,173.04212951660156,275.65142822265625,377.96604919433594,0.3753499686717987
2635,747,16262,52.724578857421875,789.0474853515625,260.2187805175781,258.012939453125,0.8318120241165161
2636,747,3351,430.42547607421875,183.97006225585938,199.8485107421875,199.03375244140625,0.8023892641067505
2637,747,32310,619.955322265625,728.7596435546875,274.4521484375,408.8778076171875,0.6415669322013855
2638,75,12247,615.6988525390625,873.3038330078125,218.27197265625,140.58203125,0.9502244591712952
2639,75,6563,185.98379516601562,714.136962890625,237.66668701171875,369.8955078125,0.8686928153038025
2640,75,16551,550.8966064453125,68.55712890625,369.1043701171875,461.2882080078125,0.8066422343254089
2641,75,3544,81.88616943359375,198.792724609375,219.5364990234375,221.23651123046875,0.7834650278091431
2642,750,16548,140.42166137695312,783.136474609375,254.64105224609375,251.44482421875,0.8470601439476013
2643,750,1900,675.4888305664062,800.7099609375,148.7030029296875,216.077392578125,0.8014853596687317
2644,750,44199,167.2198944091797,192.04649353027344,180.24330139160156,287.24012756347656,0.6927205920219421
2645,750,29345,577.0677490234375,124.8023681640625,297.2947998046875,424.1798095703125,0.47147873044013977
2646,752,27993,540.0216064453125,767.490966796875,325.3681640625,263.698974609375,0.9115163087844849
2647,752,16548,551.8201904296875,129.71127319335938,242.5625,238.86334228515625,0.8943041563034058
2648,752,6563,155.11029052734375,669.208251953125,236.138916015625,374.9388427734375,0.7464374899864197
2649,752,3544,87.23080444335938,188.22076416015625,212.99603271484375,213.17681884765625,0.7184973955154419
2650,754,3351,364.64898681640625,186.55441284179688,204.1614990234375,203.88885498046875,0.8083599209785461
2651,754,29667,615.7891845703125,749.667724609375,249.5830078125,246.0616455078125,0.7654329538345337
2652,754,3832,76.05157470703125,638.6605224609375,398.89874267578125,413.96875,0.4989466369152069
2653,754,35206,64.88705444335938,636.56884765625,411.60833740234375,417.2255859375,0.27863481640815735
2654,756,3351,408.4303894042969,878.42919921875,207.15261840820312,211.552001953125,0.7892925143241882
2655,756,29667,118.36624145507812,312.1324462890625,242.89523315429688,242.14202880859375,0.7006046175956726
2656,756,3832,503.1971740722656,241.06427001953125,388.2218933105469,411.94512939453125,0.6032182574272156
2657,756,35206,500.2723083496094,238.0819091796875,391.3625793457031,410.85614013671875,0.28579145669937134
2658,758,31885,536.799560546875,635.1942138671875,394.741455078125,598.088134765625,0.7964905500411987
2659,758,36637,90.21649169921875,896.1043701171875,284.8484802246094,186.6165771484375,0.7880621552467346
2660,758,19861,638.1002197265625,271.3018798828125,228.31982421875,185.1239013671875,0.7715150117874146
2661,758,3483,142.7091064453125,213.88551330566406,265.30084228515625,233.95750427246094,0.7689838409423828
2662,759,36637,583.9732666015625,184.31396484375,272.294677734375,174.45953369140625,0.7815516591072083
2663,759,3483,562.3002319335938,828.2945556640625,276.8917236328125,247.5865478515625,0.7743157148361206
2664,759,19861,86.59687042236328,817.4317626953125,231.87779998779297,189.038818359375,0.7296773195266724
2665,759,31885,62.4814453125,15.77435302734375,358.64361572265625,556.3438720703125,0.7124953866004944
2666,760,16548,573.4676513671875,193.49990844726562,244.17138671875,244.70428466796875,0.8420899510383606
2667,760,33208,650.69091796875,795.8509521484375,223.224365234375,220.040771484375,0.8367926478385925
2668,760,1900,152.37655639648438,254.39950561523438,138.18118286132812,205.16650390625,0.8212547302246094
2669,760,29345,78.41018676757812,702.646484375,313.9326477050781,455.907958984375,0.5849763751029968
2670,761,33208,675.9090576171875,824.7613525390625,223.7628173828125,219.377197265625,0.8398085236549377
2671,761,16548,601.437744140625,202.462158203125,251.4473876953125,245.3858642578125,0.8184337019920349
2672,761,1900,171.14453125,261.85986328125,144.59136962890625,211.772705078125,0.8113634586334229
2673,761,29345,113.68975830078125,743.3787841796875,315.8529052734375,456.0819091796875,0.40332838892936707
2674,763,27733,555.6785888671875,245.06170654296875,321.9365234375,302.96453857421875,0.8674584031105042
2675,763,20238,105.95462036132812,847.0389404296875,245.48812866210938,241.043212890625,0.816992461681366
2676,763,3483,116.70111083984375,294.8448486328125,284.84735107421875,225.08038330078125,0.7778855562210083
2677,763,31885,464.6639709472656,633.8712158203125,511.3360290527344,508.9805908203125,0.7631607055664062
2678,764,27733,113.65069580078125,755.0369873046875,327.1429443359375,313.03466796875,0.8622679114341736
2679,764,20238,637.7431640625,180.5224609375,238.57275390625,234.1300048828125,0.8261355757713318
2680,764,31885,20.19049072265625,121.24969482421875,494.93072509765625,496.8438720703125,0.8030399084091187
2681,764,3483,597.3740844726562,777.1927490234375,290.109130859375,228.65576171875,0.7810531854629517
2682,766,20877,541.0906982421875,287.8355712890625,340.605712890625,252.4307861328125,0.7899137735366821
2683,766,34597,536.5115966796875,728.6231689453125,439.4884033203125,498.314453125,0.7764223217964172
2684,766,3483,131.63314819335938,283.9278564453125,228.90777587890625,268.4273681640625,0.757015585899353
2685,766,36637,154.94915771484375,796.032958984375,208.62786865234375,267.762939453125,0.7344812750816345
2686,768,34597,0.0,19.222625732421875,416.2303466796875,478.28814697265625,0.8328916430473328
2687,768,20877,76.55532836914062,719.4339599609375,351.381591796875,259.975341796875,0.8078233599662781
2688,768,3483,608.8377685546875,708.3731689453125,236.052490234375,284.3447265625,0.7636538743972778
2689,768,36637,593.32958984375,203.09474182128906,200.816650390625,255.47679138183594,0.7270068526268005
2690,772,33208,632.8853759765625,870.1578369140625,218.889404296875,216.6097412109375,0.8191546201705933
2691,772,1900,100.67669677734375,263.846435546875,213.85247802734375,133.47332763671875,0.7734509110450745
2692,772,16551,544.33447265625,79.69004821777344,311.76123046875,490.28358459472656,0.6230958104133606
2693,773,33208,606.5343017578125,840.283203125,223.66796875,219.797607421875,0.8425244092941284
2694,773,16551,518.6983642578125,65.4400634765625,298.5811767578125,485.0040283203125,0.7633941769599915
2695,773,1900,84.945068359375,253.47689819335938,207.88131713867188,139.06671142578125,0.7537772059440613
2696,778,16232,625.96728515625,210.62139892578125,201.97412109375,201.14801025390625,0.8470966219902039
2697,778,3483,593.7156982421875,828.7542724609375,296.8175048828125,214.957763671875,0.7621533870697021
2698,778,25469,39.0106201171875,837.0181884765625,388.65814208984375,253.5093994140625,0.7316243052482605
2699,778,30308,53.198455810546875,158.27577209472656,447.48187255859375,426.83775329589844,0.5841310024261475
2700,779,16232,157.46484375,848.2679443359375,202.6732177734375,202.6419677734375,0.841039776802063
2701,779,3483,117.69792175292969,259.3843078613281,287.22193908691406,213.48345947265625,0.776367723941803
2702,779,25469,565.802001953125,216.8239288330078,383.4912109375,249.19871520996094,0.7717647552490234
2703,779,30308,485.1807861328125,673.34765625,454.4222412109375,432.5595703125,0.7132500410079956
2704,780,16232,597.08984375,206.72593688964844,197.3497314453125,195.75502014160156,0.8476575613021851
2705,780,25469,0.0,796.1805419921875,395.93402099609375,255.7008056640625,0.7821224331855774
2706,780,3483,568.5157470703125,794.6043701171875,296.30517578125,218.89208984375,0.7643857598304749
2707,780,30308,43.941009521484375,141.3599395751953,430.48089599609375,413.23960876464844,0.6373454332351685
2708,782,3351,335.80426025390625,177.20501708984375,192.9757080078125,199.42291259765625,0.7983492612838745
2709,782,20014,0.0,618.1961669921875,365.41668701171875,361.8681640625,0.7209839820861816
2710,782,22074,579.532958984375,722.4398193359375,201.1558837890625,208.272216796875,0.6736241579055786
2711,785,25367,509.9339599609375,689.2279052734375,441.0714111328125,505.1492919921875,0.860350489616394
2712,785,27653,672.8864135742188,247.53262329101562,223.531982421875,213.6669921875,0.8398929238319397
2713,785,35206,87.37692260742188,686.943603515625,238.41744995117188,422.0001220703125,0.7903420329093933
2714,785,3483,126.52227783203125,282.11834716796875,291.015380859375,188.80487060546875,0.7802351713180542
2715,787,20238,105.95135498046875,848.2071533203125,241.911376953125,238.841796875,0.8174580931663513
2716,787,34597,522.277099609375,654.118896484375,374.923828125,523.815673828125,0.7916713356971741
2717,787,3483,142.50128173828125,214.21087646484375,264.98681640625,234.44482421875,0.7665596604347229
2718,787,19861,637.7191162109375,271.3928527832031,225.98974609375,184.1236572265625,0.7644368410110474
2719,788,20238,610.0765380859375,175.05169677734375,230.616943359375,230.44268798828125,0.8387517333030701
2720,788,3483,565.1834716796875,826.186767578125,277.433837890625,247.1353759765625,0.7712458968162537
2721,788,19861,88.56118774414062,818.1099853515625,230.99481201171875,187.875,0.7186914086341858
2722,788,34597,94.81695556640625,44.487548828125,348.610107421875,525.904296875,0.6456882357597351
2723,79,16262,124.16558837890625,290.88433837890625,249.62982177734375,246.55340576171875,0.8152354955673218
2724,79,3351,381.16754150390625,837.8970947265625,201.88409423828125,206.3070068359375,0.7794375419616699
2725,79,19232,495.1446533203125,223.12600708007812,342.8050537109375,281.0897216796875,0.5824010372161865
2726,797,27993,487.9044189453125,833.8544921875,350.6065673828125,202.406494140625,0.9114555716514587
2727,797,4543,596.2518310546875,178.88198852539062,213.6337890625,214.1396484375,0.853068470954895
2728,797,3544,141.5102081298828,183.55198669433594,214.26170349121094,212.14796447753906,0.822838306427002
2729,797,16551,36.5826416015625,534.3099365234375,323.07763671875,479.515625,0.8080042004585266
2730,798,27993,516.4193115234375,870.9359130859375,346.955322265625,195.904541015625,0.9062739610671997
2731,798,16551,69.522705078125,567.133056640625,318.4668273925781,493.407958984375,0.8404068350791931
2732,798,4543,623.7050170898438,181.3751678466797,219.710693359375,217.11927795410156,0.8256917595863342
2733,798,3544,159.07528686523438,189.7009735107422,219.17529296875,217.84620666503906,0.7458335757255554
2734,799,20238,640.431884765625,179.11001586914062,234.3017578125,233.06671142578125,0.8402742147445679
2735,799,28763,166.5193328857422,171.4428253173828,219.80738830566406,216.75743103027344,0.8223938345909119
2736,799,3483,593.3748779296875,860.544189453125,271.9918212890625,242.226318359375,0.7805994153022766
2737,799,19861,123.38665771484375,860.9910888671875,227.60198974609375,178.09423828125,0.6707772016525269
2738,8,27653,93.29525756835938,841.0543212890625,228.45562744140625,226.4508056640625,0.8470460772514343
2739,8,22347,124.81689453125,210.8922576904297,216.76522827148438,213.52967834472656,0.8303043246269226
2740,8,3483,585.007080078125,830.152099609375,295.6708984375,194.4910888671875,0.7829433083534241
2741,8,20238,617.3568725585938,167.4044189453125,235.4229736328125,231.4083251953125,0.720090925693512
2742,80,19232,85.80406188964844,688.7715454101562,352.75086975097656,292.1962890625,0.8406442999839783
2743,80,16262,565.6031494140625,687.6575927734375,256.9180908203125,255.910888671875,0.7934059500694275
2744,80,3351,355.6654052734375,188.49586486816406,193.1005859375,199.36741638183594,0.7908186912536621
2745,807,25367,607.2462158203125,698.006591796875,334.61376953125,543.527587890625,0.8369691371917725
2746,807,3483,148.90853881835938,207.62689208984375,263.5977783203125,237.05731201171875,0.7841801047325134
2747,807,19861,644.484375,272.4063720703125,226.486083984375,182.872314453125,0.7774055004119873
2748,807,29667,114.38946533203125,833.3489990234375,238.36944580078125,238.72265625,0.7641995549201965
2749,808,6563,182.86668395996094,706.665283203125,235.27980041503906,369.9554443359375,0.8627629280090332
2750,808,3544,102.60259246826172,196.71180725097656,219.61945343017578,219.08995056152344,0.8232358694076538
2751,808,16551,613.8253173828125,48.47395324707031,341.235107421875,470.77989196777344,0.8229642510414124
2752,808,29871,627.3101806640625,821.667724609375,181.490478515625,250.325927734375,0.7927629351615906
2753,810,16551,589.9949951171875,28.272811889648438,329.2724609375,472.79835510253906,0.8455311059951782
2754,810,3544,85.5655517578125,187.66217041015625,216.46612548828125,215.434326171875,0.738609790802002
2755,810,6563,150.65032958984375,669.005126953125,236.19976806640625,367.6844482421875,0.6595953106880188
2756,810,29871,598.7586669921875,785.587890625,186.375,255.3209228515625,0.6484506726264954
2757,815,3351,356.181884765625,160.62530517578125,195.13409423828125,200.12115478515625,0.8025913834571838
2758,815,20238,92.89545440673828,703.9388427734375,242.41106414794922,243.806396484375,0.6661214232444763
2759,815,32310,504.6943359375,602.6217041015625,308.9117431640625,381.308349609375,0.5840022563934326
2760,817,27653,90.4268798828125,839.7794189453125,230.25042724609375,227.32275390625,0.8453530073165894
2761,817,16232,642.8087158203125,221.85455322265625,202.568359375,197.4232177734375,0.8380125761032104
2762,817,3483,581.77197265625,829.50830078125,298.37158203125,194.889892578125,0.7775396704673767
2763,817,30308,69.98211669921875,152.3331298828125,410.88958740234375,437.31524658203125,0.4381728172302246
2764,818,16232,136.28460693359375,840.7130126953125,208.9671630859375,204.28076171875,0.8475290536880493
2765,818,27653,673.009765625,247.88189697265625,223.422607421875,213.46185302734375,0.8431912660598755
2766,818,3483,126.15936279296875,281.43560791015625,291.907470703125,190.0418701171875,0.7787893414497375
2767,818,30308,498.2908935546875,666.330322265625,431.0516357421875,445.013427734375,0.7271671891212463
2768,819,16232,613.798583984375,211.4078826904297,199.02001953125,198.45033264160156,0.838247537612915
2769,819,27653,54.227020263671875,800.567626953125,235.22506713867188,227.7789306640625,0.8177684545516968
2770,819,3483,551.8074951171875,798.877685546875,301.37158203125,196.91259765625,0.7757747173309326
2771,819,30308,63.683074951171875,130.2305908203125,394.39959716796875,430.9974365234375,0.3831126391887665
2772,82,2483,597.8750610351562,104.14439392089844,265.551025390625,478.52796936035156,0.7665063738822937
2773,82,22362,593.6490478515625,734.304443359375,300.943115234375,431.8741455078125,0.6826671361923218
2774,82,3743,103.68014526367188,822.8861083984375,365.05914306640625,362.15234375,0.6412850618362427
2775,82,19552,97.25807189941406,145.3154296875,365.39378356933594,517.3824462890625,0.33213287591934204
2776,820,2483,50.64581298828125,686.3865966796875,319.05126953125,510.0513916015625,0.7518549561500549
2777,820,4378,93.44989013671875,108.83477783203125,304.52398681640625,452.78192138671875,0.6134034991264343
2778,820,5094,457.9758605957031,122.19425964355469,363.8717956542969,359.57203674316406,0.5043085813522339
2779,822,2483,597.913818359375,78.75311279296875,260.6533203125,474.35614013671875,0.7226760983467102
2780,822,4378,575.1865844726562,705.416015625,273.3668212890625,470.00537109375,0.7082630395889282
2781,822,19552,110.9073486328125,107.7762451171875,363.16302490234375,505.4771728515625,0.5151128172874451
2782,822,3743,115.76348876953125,800.5557861328125,357.80670166015625,356.888427734375,0.44674572348594666
2783,826,3351,402.50067138671875,855.7882080078125,203.403076171875,206.1002197265625,0.7771710753440857
2784,826,38162,176.15676879882812,201.5167236328125,259.59088134765625,270.2005615234375,0.7702716588973999
2785,826,41768,525.2518310546875,313.39630126953125,335.1650390625,408.3226318359375,0.3144358992576599
2786,826,18147,530.43701171875,309.07818603515625,333.238037109375,411.497314453125,0.3131539523601532
2787,828,38162,546.2470703125,856.408935546875,264.070068359375,266.135986328125,0.9332237243652344
2788,828,3351,375.773681640625,229.56997680664062,199.439697265625,196.039306640625,0.7691774964332581
2789,828,18147,113.387451171875,562.8089599609375,340.19573974609375,431.8072509765625,0.3450918197631836
2790,829,27777,138.17462158203125,771.649658203125,194.2620849609375,216.87451171875,0.7820466756820679
2791,829,3483,528.0206909179688,766.8699340820312,287.271484375,239.7008056640625,0.7695187926292419
2792,829,36637,626.425537109375,173.95376586914062,200.9541015625,253.3604736328125,0.7635648846626282
2793,829,28763,93.31600189208984,160.96400451660156,216.05970001220703,213.38267517089844,0.7136390209197998
2794,83,2483,43.81494140625,651.869384765625,314.79412841796875,513.43994140625,0.7919672131538391
2795,83,22362,57.37213134765625,111.16276550292969,308.79412841796875,419.78187561035156,0.6559369564056396
2796,83,5094,468.360107421875,105.38410949707031,359.2955322265625,350.20628356933594,0.5631142258644104
2797,83,19552,447.74853515625,567.9537353515625,419.3701171875,545.8193359375,0.30989086627960205
2798,830,27777,630.3410034179688,289.4651184082031,185.7398681640625,203.94512939453125,0.7714117765426636
2799,830,3483,166.28062438964844,266.85089111328125,275.38710021972656,231.2135009765625,0.7627289891242981
2800,830,36637,119.03841400146484,827.4891357421875,210.27899932861328,266.014892578125,0.7434593439102173
2801,830,28763,662.2425537109375,885.20068359375,232.9874267578125,222.542724609375,0.7047825455665588
2802,831,3483,556.2659912109375,801.590576171875,281.840087890625,233.471435546875,0.7799347639083862
2803,831,27777,173.22152709960938,807.76904296875,190.94134521484375,215.977783203125,0.7708904147148132
2804,831,28763,106.37816619873047,164.77719116210938,224.90869903564453,217.95989990234375,0.7224254608154297
2805,831,36637,658.0274658203125,174.89422607421875,204.3980712890625,263.72174072265625,0.7173382043838501
2806,832,16548,601.4969482421875,154.9617156982422,245.075439453125,241.02174377441406,0.8978651762008667
2807,832,18110,53.5745849609375,113.84642028808594,315.5645751953125,313.17982482910156,0.8708480000495911
2808,832,1900,623.8302001953125,886.4766845703125,206.84912109375,147.989501953125,0.8047102093696594
2809,832,21026,133.29409790039062,862.492431640625,189.29782104492188,188.09033203125,0.671055793762207
2810,838,16548,586.8565673828125,155.94920349121094,242.2275390625,238.90345764160156,0.8941531777381897
2811,838,33208,584.281005859375,793.9366455078125,220.13623046875,218.25146484375,0.860234797000885
2812,838,27926,81.398681640625,612.4295654296875,290.21905517578125,496.07568359375,0.8464127779006958
2813,838,1900,136.66384887695312,233.5586395263672,208.74990844726562,140.10328674316406,0.7982729077339172
2814,842,27733,556.20458984375,245.1002960205078,321.32470703125,302.26304626464844,0.8838656544685364
2815,842,16262,146.5352783203125,795.921630859375,258.97027587890625,254.363525390625,0.8165889978408813
2816,842,3483,116.49066162109375,295.2789306640625,284.97076416015625,224.6859130859375,0.7792361974716187
2817,842,34597,443.552001953125,656.6357421875,512.9007568359375,460.037353515625,0.7752668857574463
2818,85,21771,144.71347045898438,842.395263671875,206.8533935546875,204.87109375,0.9444422721862793
2819,85,16548,562.8641357421875,243.88514709472656,245.010498046875,243.03367614746094,0.8759033679962158
2820,85,1900,155.3463134765625,253.58908081054688,138.47857666015625,204.53973388671875,0.8167912364006042
2821,85,29345,582.9412841796875,672.4959716796875,299.07861328125,460.17919921875,0.7508352994918823
2822,851,2483,598.0302734375,103.96649169921875,265.4095458984375,479.70135498046875,0.7688648700714111
2823,851,22362,593.25439453125,734.7039794921875,301.31591796875,431.68994140625,0.7116641998291016
2824,851,3743,103.74603271484375,822.7127685546875,364.71337890625,362.752685546875,0.6652325987815857
2825,851,22627,84.92645263671875,147.92254638671875,359.00146484375,518.9995727539062,0.5361303091049194
2826,855,12778,72.4088134765625,143.42047119140625,336.89788818359375,529.349609375,0.792428731918335
2827,855,2483,598.20947265625,78.87762451171875,256.234130859375,473.58453369140625,0.7248970866203308
2828,855,4378,575.97509765625,705.217529296875,272.3203125,470.9207763671875,0.6958967447280884
2829,855,5094,116.94424438476562,801.4017333984375,355.3284912109375,355.677978515625,0.41240280866622925
2830,857,16262,88.77501678466797,672.4793701171875,254.44873809814453,256.738525390625,0.7953510880470276
2831,857,3351,334.06671142578125,126.73660278320312,192.8765869140625,199.63668823242188,0.7950884699821472
2832,857,31863,566.8621826171875,738.8853759765625,224.27001953125,227.4686279296875,0.5088046193122864
2833,858,16262,130.5364990234375,763.2464599609375,253.39398193359375,252.130615234375,0.8246458172798157
2834,858,3351,374.2882080078125,184.59979248046875,198.68548583984375,195.3870849609375,0.7891780138015747
2835,858,31863,605.61865234375,828.8814697265625,221.76611328125,219.41259765625,0.5115657448768616
2836,86,21771,609.88134765625,241.80874633789062,203.35107421875,199.66455078125,0.9419006705284119
2837,86,16548,142.13514709472656,762.1832275390625,255.84727478027344,251.6513671875,0.8599123954772949
2838,86,1900,672.506103515625,800.8299560546875,150.3126220703125,218.47705078125,0.8103341460227966
2839,86,29345,108.30801391601562,149.68641662597656,291.4171142578125,428.55625915527344,0.5793135166168213
2840,861,25438,104.68331909179688,818.0216064453125,293.38690185546875,291.537109375,0.832646369934082
2841,861,2483,548.730224609375,142.98052978515625,337.94580078125,466.760986328125,0.7684134244918823
2842,861,4378,627.669921875,703.606689453125,297.96240234375,475.9459228515625,0.34075701236724854
2843,861,19552,24.5386962890625,75.8150634765625,416.9027099609375,518.1688232421875,0.33714449405670166
2844,862,34597,51.79847717285156,122.15544128417969,487.07456970214844,450.98353576660156,0.8244492411613464
2845,862,25469,78.912841796875,814.8031005859375,351.83477783203125,333.2276611328125,0.7685102820396423
2846,862,3483,592.7762451171875,830.409912109375,296.0924072265625,212.82177734375,0.7626886367797852
2847,862,36637,661.8394775390625,168.1829833984375,200.517822265625,269.92633056640625,0.6759618520736694
2848,864,34597,29.8240966796875,85.46221923828125,483.07623291015625,465.10137939453125,0.8639986515045166
2849,864,25469,41.863311767578125,773.998291015625,358.92303466796875,327.406005859375,0.7857192754745483
2850,864,3483,567.0809936523438,795.7998046875,297.06103515625,217.79638671875,0.762723445892334
2851,864,36637,632.549072265625,167.78077697753906,193.71044921875,259.89512634277344,0.7172625660896301
2852,866,3351,301.68304443359375,166.46405029296875,194.5189208984375,198.41082763671875,0.7935768961906433
2853,866,3832,465.53662109375,546.4713134765625,424.3636474609375,402.3743896484375,0.7501164674758911
2854,866,16688,3.276641845703125,495.2459716796875,468.0915222167969,620.5228271484375,0.43371066451072693
2855,867,3351,341.802734375,226.41534423828125,198.30633544921875,195.17181396484375,0.7592443823814392
2856,867,3832,511.484130859375,645.5333251953125,412.144775390625,393.83251953125,0.654101550579071
2857,867,16688,15.11456298828125,596.050048828125,495.00555419921875,632.378662109375,0.5296292901039124
2858,868,27653,89.88689422607422,839.6053466796875,231.21637725830078,228.0865478515625,0.8450242280960083
2859,868,16232,642.8441162109375,221.71775817871094,202.695556640625,197.31275939941406,0.8409724831581116
2860,868,31885,1.32958984375,51.495361328125,443.6834716796875,531.6673583984375,0.7775558233261108
2861,868,3483,581.412109375,829.5303955078125,299.1953125,195.3526611328125,0.7762092351913452
2862,869,16232,613.4521484375,211.28326416015625,199.4627685546875,199.00177001953125,0.8433170318603516
2863,869,27653,54.23126220703125,800.8292236328125,235.19497680664062,227.54443359375,0.8259912729263306
2864,869,3483,551.5946044921875,798.9911499023438,301.08984375,196.5682373046875,0.7730538249015808
2865,869,31885,0.0,28.6610107421875,416.132568359375,531.9466552734375,0.7127450108528137
2866,870,16232,136.53411865234375,840.3553466796875,208.91729736328125,204.6092529296875,0.8502289652824402
2867,870,27653,672.3633422851562,247.53253173828125,224.4693603515625,214.39532470703125,0.8404799103736877
2868,870,3483,127.20071411132812,282.160888671875,290.93359375,188.97332763671875,0.7770544290542603
2869,870,31885,544.2303466796875,662.2916259765625,431.7696533203125,557.8619384765625,0.7282226085662842
2870,873,3351,338.79754638671875,218.76547241210938,196.4857177734375,194.08837890625,0.7851504683494568
2871,873,16688,11.467544555664062,595.157958984375,501.96556091308594,639.3304443359375,0.44784536957740784
2872,873,18147,601.655029296875,665.2149658203125,322.081298828125,445.8282470703125,0.4072749614715576
2873,874,16232,619.912353515625,211.96533203125,200.010009765625,197.244140625,0.8627256751060486
2874,874,20877,78.01507568359375,720.976318359375,349.8834228515625,256.700927734375,0.8210253119468689
2875,874,3483,610.321533203125,708.0960693359375,234.170166015625,283.35595703125,0.7582588195800781
2876,874,31885,123.917724609375,148.99273681640625,460.144775390625,493.14923095703125,0.6977277994155884
2877,875,16232,649.819091796875,222.4478759765625,205.51708984375,198.962890625,0.8427218794822693
2878,875,20877,113.0389404296875,762.1608276367188,342.63397216796875,252.45751953125,0.8256394267082214
2879,875,3483,637.3221435546875,739.2138671875,237.939208984375,282.282470703125,0.7794687151908875
2880,875,31885,136.67115783691406,175.91351318359375,478.36790466308594,498.48699951171875,0.7498953342437744
2881,878,27653,92.537353515625,840.3056640625,228.99551391601562,227.206787109375,0.8271682858467102
2882,878,3483,581.4091186523438,830.888916015625,298.630615234375,192.955322265625,0.7819923162460327
2883,878,36637,632.79833984375,204.31427001953125,209.9827880859375,260.91607666015625,0.7463468313217163
2884,878,34597,68.0325927734375,109.1903076171875,349.940673828125,526.4019775390625,0.6265339851379395
2885,879,27653,55.38653564453125,800.4423828125,235.1663818359375,228.73486328125,0.8062875270843506
2886,879,3483,552.637939453125,798.9569091796875,301.77490234375,196.0693359375,0.7783765196800232
2887,879,36637,603.7662353515625,199.55072021484375,203.472412109375,257.14300537109375,0.7640595436096191
2888,879,34597,43.259063720703125,82.17694091796875,358.1660461425781,525.5946044921875,0.3029411733150482
2889,88,16551,599.5513916015625,33.70738220214844,306.14306640625,510.78639221191406,0.8577847480773926
2890,88,1900,128.03457641601562,226.05068969726562,208.8011474609375,147.6832275390625,0.7770135998725891
2891,88,18110,74.12249755859375,792.321044921875,309.32745361328125,311.3958740234375,0.7456415891647339
2892,88,31705,615.771484375,728.1181640625,272.73486328125,463.09326171875,0.30765411257743835
2893,880,2483,40.09759521484375,656.0919189453125,301.119140625,512.8345947265625,0.811951220035553
2894,880,23223,472.8665771484375,591.3406982421875,380.3189697265625,543.7183837890625,0.6970392465591431
2895,880,5094,491.98699951171875,141.82528686523438,303.2164306640625,305.37359619140625,0.6716590523719788
2896,880,13395,37.18878173828125,88.76788330078125,300.0941162109375,501.3485107421875,0.35529831051826477
2897,882,23223,80.14677429199219,77.2525634765625,396.48243713378906,552.2672119140625,0.8022520542144775
2898,882,2483,596.5179443359375,37.6190185546875,298.6298828125,525.0968017578125,0.7960480451583862
2899,882,5094,128.6136474609375,814.5438232421875,314.6162109375,318.4464111328125,0.762395441532135
2900,882,13395,594.5847778320312,660.2369384765625,333.1265869140625,537.138671875,0.5789773464202881
2901,883,16232,626.7655029296875,210.42080688476562,201.2008056640625,200.41546630859375,0.8443391919136047
2902,883,28763,136.7395477294922,222.1844482421875,223.16590881347656,219.46197509765625,0.795009970664978
2903,883,3483,593.9939575195312,829.818115234375,295.52587890625,213.440185546875,0.7621960043907166
2904,883,25469,39.0513916015625,838.33740234375,388.25579833984375,252.846435546875,0.7529909014701843
2905,886,3351,403.02130126953125,885.873046875,204.57421875,207.3499755859375,0.7977292537689209
2906,886,31863,156.32266235351562,278.41558837890625,221.089111328125,219.5457763671875,0.4426063895225525
2907,888,3351,375.20172119140625,199.044677734375,198.24566650390625,194.49786376953125,0.7699746489524841
2908,888,35206,158.58851623535156,631.3424072265625,275.58702087402344,423.211181640625,0.428832471370697
2909,888,31863,601.9705810546875,829.374267578125,221.832763671875,219.7620849609375,0.3023882508277893
2910,889,16232,129.90829467773438,840.34521484375,205.80819702148438,205.163818359375,0.8081686496734619
2911,889,28763,703.2153930664062,880.193359375,231.693603515625,224.656494140625,0.8035358190536499
2912,889,20877,536.1422729492188,284.21881103515625,346.9300537109375,256.8138427734375,0.8032137751579285
2913,889,3483,130.15438842773438,285.16925048828125,230.95602416992188,268.68170166015625,0.769740641117096
2914,89,18110,37.068572998046875,750.0968017578125,318.2186279296875,318.00732421875,0.7907394766807556
2915,89,1900,113.57427978515625,219.23411560058594,207.15756225585938,148.53981018066406,0.7835745811462402
2916,89,16551,571.4713134765625,31.10516357421875,306.238037109375,494.34783935546875,0.7489844560623169
2917,89,31705,589.8336181640625,694.768310546875,279.45361328125,462.588134765625,0.409225195646286
2918,891,16232,621.4173583984375,211.34375,199.11962890625,197.291748046875,0.8521345853805542
2919,891,20877,77.3433837890625,719.4305419921875,350.824462890625,259.54833984375,0.8079707622528076
2920,891,28763,49.060523986816406,163.07388305664062,220.43260955810547,214.89630126953125,0.7636162042617798
2921,891,3483,610.302490234375,708.1531982421875,234.70703125,283.328857421875,0.7626316547393799
2922,894,20877,76.18670654296875,718.61962890625,351.785400390625,261.237060546875,0.811509370803833
2923,894,3483,608.4931640625,708.7794189453125,236.7081298828125,283.77197265625,0.7644224166870117
2924,894,36637,593.5552978515625,203.3404998779297,200.6728515625,255.13038635253906,0.7400575280189514
2925,894,25367,9.225128173828125,21.179718017578125,433.4759826660156,462.6567077636719,0.659559965133667
2926,895,10221,579.1158447265625,766.462158203125,235.5562744140625,237.00830078125,0.9260857701301575
2927,895,21026,94.98757934570312,815.0352783203125,192.64395141601562,187.322509765625,0.7869665026664734
2928,895,16551,526.307373046875,22.591751098632812,315.0123291015625,489.05931091308594,0.7765099406242371
2929,895,3544,86.9383544921875,213.67578125,214.84832763671875,214.50830078125,0.7576891183853149
2930,896,10221,606.4366455078125,804.381103515625,235.59375,231.2083740234375,0.9228464961051941
2931,896,3544,102.5694580078125,223.23709106445312,219.70956420898438,218.03582763671875,0.8082576394081116
2932,896,21026,129.50640869140625,849.0626220703125,189.68539428710938,187.084228515625,0.7674858570098877
2933,896,16551,549.61962890625,34.35699462890625,330.376220703125,497.79522705078125,0.7661617994308472
2934,897,10221,159.6710968017578,266.82891845703125,234.54136657714844,230.3533935546875,0.9456701874732971
2935,897,16551,108.0809326171875,723.489990234375,337.80755615234375,497.0892333984375,0.8383055329322815
2936,897,3544,670.070556640625,828.6068115234375,226.785400390625,224.4462890625,0.8099696636199951
2937,897,21026,669.2294921875,281.64349365234375,191.137939453125,179.8209228515625,0.7535539865493774
2938,898,12247,613.298095703125,197.78704833984375,184.990234375,196.957763671875,0.9180791974067688
2939,898,16548,67.19829559326172,771.58056640625,250.82257843017578,246.362548828125,0.8787955641746521
2940,898,27926,557.4984130859375,582.48681640625,283.41064453125,496.28466796875,0.7607384920120239
2941,898,3544,112.16064453125,161.95672607421875,217.1441650390625,215.065673828125,0.7508722543716431
2942,9,22347,108.84539794921875,203.6606903076172,211.78118896484375,208.68568420410156,0.8448218703269958
2943,9,27653,56.97802734375,801.9764404296875,233.15121459960938,226.7021484375,0.839091956615448
2944,9,3483,552.9620361328125,800.2388916015625,300.389892578125,194.429443359375,0.7771244645118713
2945,9,20238,589.220458984375,164.58639526367188,229.08740234375,228.6458740234375,0.6526466608047485
2946,90,1900,652.324462890625,895.62548828125,220.78173828125,160.6689453125,0.7296305894851685
2947,90,16551,73.82940673828125,698.8465576171875,325.11920166015625,517.5550537109375,0.6547507643699646
2948,90,18110,598.7647705078125,207.57012939453125,317.2965087890625,311.98443603515625,0.4698337912559509
2949,900,12247,642.0682373046875,198.74188232421875,188.12451171875,201.5494384765625,0.9153591990470886
2950,900,16548,101.665771484375,812.8621826171875,247.81033325195312,244.0625,0.87685227394104
2951,900,27926,589.380615234375,627.38818359375,279.481201171875,493.817626953125,0.8174007534980774
2952,900,3544,131.24749755859375,168.7088623046875,217.23541259765625,219.0469970703125,0.7771983742713928
2953,904,27733,114.13328552246094,755.696533203125,326.41456604003906,312.043212890625,0.8775463104248047
2954,904,20238,638.339111328125,180.44696044921875,237.775634765625,233.83758544921875,0.8318580389022827
2955,904,3483,597.6607055664062,777.337158203125,290.3330078125,228.294921875,0.783906102180481
2956,906,27733,555.9156494140625,245.00384521484375,321.64990234375,301.29193115234375,0.8631755709648132
2957,906,20238,105.5736083984375,847.4140625,245.13412475585938,240.5552978515625,0.8033261299133301
2958,906,3483,116.57501220703125,294.47344970703125,285.03375244140625,225.5006103515625,0.7781579494476318
2959,906,30308,526.8836669921875,723.68896484375,333.406982421875,483.551025390625,0.49226465821266174
2960,908,20238,108.98056030273438,708.8907470703125,242.39126586914062,241.834228515625,0.8075605630874634
2961,908,3351,300.4054870605469,187.9427032470703,193.45751953125,198.41844177246094,0.7903367877006531
2962,908,31863,567.5140991210938,739.238525390625,223.710693359375,226.631103515625,0.46807563304901123
2963,91,19607,686.2364501953125,294.9794006347656,162.6181640625,157.85565185546875,0.9187804460525513
2964,91,16548,115.521484375,859.353515625,254.96041870117188,252.6409912109375,0.8782240152359009
2965,91,1900,625.0152587890625,887.837646484375,218.98046875,145.510986328125,0.8012359738349915
2966,91,27926,134.534423828125,142.5509796142578,288.42083740234375,470.00181579589844,0.7706553339958191
2967,910,25367,491.4581298828125,690.1131591796875,484.5418701171875,462.010498046875,0.8836499452590942
2968,910,27777,631.7762451171875,290.621826171875,187.5390625,205.8673095703125,0.7681735754013062
2969,910,3483,169.8979034423828,267.9892578125,274.54905700683594,229.92724609375,0.7646222710609436
2970,910,29667,120.74981689453125,873.534423828125,241.46331787109375,241.245849609375,0.7637777924537659
2971,912,25367,4.76934814453125,96.8958740234375,467.5468444824219,451.47900390625,0.8374103903770447
2972,912,27777,133.69381713867188,770.2095947265625,196.37814331054688,217.3116455078125,0.7967322468757629
2973,912,3483,525.815673828125,767.2225341796875,286.508544921875,240.723388671875,0.7753756642341614
2974,912,29667,595.7199096679688,152.95777893066406,231.533447265625,233.17210388183594,0.7691619992256165
2975,914,13900,546.2974853515625,701.543212890625,220.69873046875,261.709716796875,0.863569438457489
2976,914,3351,364.6429443359375,118.57025146484375,193.9383544921875,198.05441284179688,0.8177557587623596
2977,914,35206,28.89825439453125,598.3148193359375,369.27301025390625,393.014404296875,0.6900842785835266
2978,915,13900,590.741943359375,791.3984375,208.3199462890625,260.141845703125,0.8560331463813782
2979,915,3351,406.14593505859375,171.6920166015625,199.4730224609375,196.40423583984375,0.8096035718917847
2980,915,35206,81.55270385742188,691.571044921875,356.5653076171875,386.591796875,0.5867728590965271
2981,916,27733,556.0186157226562,244.90130615234375,322.2532958984375,303.54290771484375,0.8868159055709839
2982,916,25367,475.8448486328125,664.151611328125,500.1551513671875,456.650146484375,0.8841717839241028
2983,916,16232,134.85504150390625,884.7532958984375,210.2816162109375,208.373046875,0.8569247126579285
2984,916,3483,116.5950927734375,295.37664794921875,284.61260986328125,224.3851318359375,0.7783051133155823
2985,919,27733,554.7506103515625,244.36285400390625,320.385986328125,303.12933349609375,0.8636400103569031
2986,919,3483,114.54754638671875,296.2960205078125,286.0,224.780517578125,0.7785593271255493
2987,919,36637,94.70220947265625,870.0562744140625,281.37530517578125,202.2086181640625,0.7648861408233643
2988,919,30308,466.5999450683594,664.321533203125,409.8650207519531,463.878173828125,0.6475300788879395
2989,920,27733,80.79852294921875,706.3414306640625,330.53155517578125,322.7464599609375,0.7817637324333191
2990,920,3483,570.1036376953125,744.832275390625,294.843994140625,232.03271484375,0.7804780602455139
2991,920,36637,584.32568359375,190.79852294921875,266.462646484375,193.763671875,0.7626439332962036
2992,923,25367,518.821044921875,696.96875,457.178955078125,475.8402099609375,0.8793309330940247
2993,923,16262,102.58004760742188,828.1029052734375,259.1964111328125,255.582763671875,0.8310150504112244
2994,923,20877,541.1819458007812,287.87371826171875,340.74169921875,252.611083984375,0.797095537185669
2995,923,3483,132.358642578125,285.12359619140625,229.14837646484375,267.68597412109375,0.7613767385482788
2996,925,16232,140.24072265625,894.5152587890625,206.2001953125,202.498779296875,0.871662437915802
2997,925,34597,465.20001220703125,618.2647705078125,479.98828125,481.515625,0.7965524196624756
2998,925,3483,142.3553009033203,213.57919311523438,265.98338317871094,236.122314453125,0.7715595364570618
2999,925,19861,636.728515625,270.7635498046875,227.27880859375,185.4815673828125,0.7678807973861694
3000,927,16232,610.664306640625,164.32638549804688,195.994384765625,197.25543212890625,0.8331471681594849
3001,927,34597,32.42071533203125,131.51318359375,463.78936767578125,472.416748046875,0.8218470215797424
3002,927,3483,565.47509765625,826.8074951171875,276.8897705078125,246.7830810546875,0.7715785503387451
3003,927,19861,88.1268310546875,817.8773193359375,232.04150390625,188.9920654296875,0.7181786298751831
3004,929,16232,596.9774169921875,206.4302978515625,197.31787109375,196.43804931640625,0.8438646793365479
3005,929,25469,0.0,795.7891845703125,396.12835693359375,257.0556640625,0.776829183101654
3006,929,3483,569.208251953125,795.0587158203125,295.730224609375,218.095703125,0.75851970911026
3007,929,31885,0.0,25.6357421875,449.79937744140625,521.7425537109375,0.6426129937171936
3008,930,16232,157.52896118164062,848.0848388671875,202.48681640625,202.84619140625,0.8434830904006958
3009,930,3483,117.35877990722656,259.19830322265625,287.64866638183594,212.34649658203125,0.7745717167854309
3010,930,25469,565.9393920898438,216.33956909179688,383.7232666015625,249.7677001953125,0.7671339511871338
3011,930,31885,511.0252685546875,679.1116943359375,460.260986328125,534.75341796875,0.7562837600708008
3012,931,19607,162.693115234375,913.17431640625,168.20751953125,163.5909423828125,0.9520583748817444
3013,931,16551,474.0052490234375,218.6072998046875,501.9947509765625,312.3870849609375,0.8683611750602722
3014,931,29345,574.267822265625,708.062255859375,326.0234375,446.072021484375,0.8454322814941406
3015,931,1900,172.07476806640625,261.83905029296875,142.933349609375,211.164306640625,0.8028489947319031
3016,932,19607,126.93472290039062,881.5948486328125,171.51153564453125,165.64404296875,0.9512125849723816
3017,932,16551,440.283447265625,197.04563903808594,499.1763916015625,316.56605529785156,0.8680424094200134
3018,932,29345,543.568603515625,672.7305908203125,336.59716796875,446.298583984375,0.8215479850769043
3019,932,1900,152.94708251953125,254.597412109375,137.1226806640625,204.9791259765625,0.8179627656936646
3020,933,19607,660.5525512695312,250.30722045898438,167.46728515625,159.0645751953125,0.847865879535675
3021,933,16551,3.6842041015625,710.531005859375,524.5335693359375,333.1763916015625,0.8454674482345581
3022,933,1900,673.6531372070312,800.1959838867188,151.5833740234375,217.853759765625,0.8009118437767029
3023,933,29345,109.68505859375,157.3590087890625,325.9830322265625,420.7098388671875,0.6267542243003845
3024,936,25438,96.08843994140625,824.841064453125,288.235595703125,293.248046875,0.8447986245155334
3025,936,2483,576.5396728515625,107.6162109375,296.9742431640625,472.16583251953125,0.7615225315093994
3026,936,4378,624.1009521484375,705.326904296875,280.41015625,481.1495361328125,0.6993416547775269
3027,936,19552,93.72900390625,189.40289306640625,362.9857177734375,519.695068359375,0.3626166880130768
3028,937,2483,597.238037109375,78.6033935546875,259.466796875,475.17724609375,0.719940185546875
3029,937,4378,575.3916015625,705.72314453125,273.205078125,469.71142578125,0.6770210266113281
3030,937,5094,117.3662109375,802.0352783203125,355.09222412109375,354.92041015625,0.5063232183456421
3031,937,6192,111.96383666992188,111.54730224609375,326.43408203125,531.1456298828125,0.4616919755935669
3032,938,2483,585.933349609375,24.6539306640625,292.499755859375,509.677978515625,0.791201114654541
3033,938,4378,555.6264038085938,692.00927734375,292.7542724609375,477.691650390625,0.6084482073783875
3034,938,6192,94.18603515625,67.77105712890625,355.25537109375,553.7871704101562,0.567196249961853
3035,938,5094,108.33465576171875,782.5252685546875,363.34320068359375,361.4466552734375,0.4598745107650757
3036,940,3351,417.0169677734375,891.393798828125,200.8785400390625,205.993896484375,0.7849114537239075
3037,940,16232,636.3544311523438,314.45465087890625,201.9927978515625,204.866943359375,0.6747620701789856
3038,940,41768,177.60247802734375,225.1932373046875,272.23883056640625,425.9539794921875,0.4833640456199646
3039,941,3351,321.6600341796875,134.9246826171875,193.73052978515625,198.2685546875,0.7933207154273987
3040,941,16232,85.31277465820312,705.1690673828125,204.40591430664062,204.68017578125,0.4897920787334442
3041,942,3351,363.4864501953125,192.09808349609375,194.6263427734375,196.815673828125,0.7972073554992676
3042,942,16232,126.73178100585938,793.7843017578125,202.06198120117188,203.908935546875,0.5344483256340027
3043,942,18147,533.1497802734375,635.5721435546875,275.25927734375,464.991455078125,0.32787999510765076
3044,945,20238,105.85885620117188,848.1624755859375,241.01416015625,238.672607421875,0.8187862038612366
3045,945,25367,626.118896484375,630.2210693359375,332.458740234375,538.494140625,0.792227566242218
3046,945,3483,142.7877197265625,213.89486694335938,264.880126953125,235.14447021484375,0.7696256637573242
3047,945,19861,636.9320068359375,271.4027099609375,226.761474609375,184.24310302734375,0.7599695920944214
3048,947,27653,672.378173828125,247.25367736816406,224.3736572265625,214.23802185058594,0.8506178855895996
3049,947,16232,135.36337280273438,840.3631591796875,209.52377319335938,204.340087890625,0.8409496545791626
3050,947,3483,126.65254211425781,280.94622802734375,291.42002868652344,190.049072265625,0.7797168493270874
3051,947,28763,588.3326416015625,879.787109375,230.780517578125,224.546630859375,0.7277390956878662
3052,948,27653,91.25379180908203,840.605712890625,229.22161102294922,226.32373046875,0.8597849607467651
3053,948,16232,643.3282470703125,221.5809326171875,201.96875,196.47344970703125,0.8363679051399231
3054,948,3483,582.9227294921875,830.0103759765625,297.085693359375,194.26904296875,0.7802950739860535
3055,948,28763,177.6231689453125,167.90663146972656,223.00384521484375,217.78465270996094,0.7310013771057129
3056,949,16262,102.62969970703125,828.6009521484375,259.8148498535156,255.533935546875,0.8482809662818909
3057,949,20877,536.478271484375,284.76171875,346.92138671875,256.1083984375,0.8060614466667175
3058,949,3483,130.67166137695312,285.0101318359375,230.83837890625,267.970703125,0.7612954378128052
3059,949,30308,481.2225646972656,712.08740234375,454.7948913574219,426.995849609375,0.714253306388855
3060,95,3351,332.68658447265625,174.73275756835938,194.8162841796875,201.44921875,0.8242106437683105
3061,95,29667,54.2352294921875,734.3338012695312,246.40802001953125,251.8831787109375,0.7897576689720154
3062,95,32310,481.50616455078125,696.5957641601562,412.808837890625,283.328125,0.5272537469863892
3063,950,16262,596.6488647460938,178.4378662109375,247.5887451171875,243.79840087890625,0.837188184261322
3064,950,20877,77.41189575195312,719.820068359375,350.487548828125,259.769287109375,0.8174633979797363
3065,950,3483,608.6417236328125,708.9558715820312,236.242919921875,283.4241943359375,0.7662772536277771
3066,950,30308,50.84771728515625,111.9757080078125,429.9852294921875,402.96868896484375,0.6479944586753845
3067,951,16262,625.8394775390625,184.51345825195312,251.57958984375,247.05859375,0.8564474582672119
3068,951,20877,112.81796264648438,761.6986083984375,343.06268310546875,254.6806640625,0.8350325226783752
3069,951,3483,636.4744262695312,740.294189453125,239.4423828125,282.34130859375,0.7784540057182312
3070,951,30308,62.61993408203125,125.75726318359375,448.0059814453125,418.16839599609375,0.7012156248092651
3071,952,16262,162.720458984375,827.364013671875,254.4964599609375,252.3521728515625,0.865060031414032
3072,952,3483,117.98724365234375,259.3436279296875,287.31219482421875,212.2579345703125,0.7788563370704651
3073,952,25469,565.91943359375,217.30487060546875,383.3916015625,248.3197021484375,0.7663032412528992
3074,952,30308,536.2801513671875,636.939208984375,425.32958984375,453.14453125,0.7068291306495667
3075,953,16262,540.7982177734375,179.9625244140625,246.777587890625,244.241455078125,0.8358169794082642
3076,953,25469,0.0,795.8809814453125,396.1529846191406,256.634521484375,0.7809595465660095
3077,953,3483,568.30419921875,794.728515625,296.43017578125,218.503173828125,0.7617025971412659
3078,953,30308,26.25164794921875,155.27728271484375,400.176513671875,430.34197998046875,0.5210534930229187
3079,954,16262,569.7215576171875,186.31224060058594,250.420166015625,245.63648986816406,0.8401345014572144
3080,954,3483,593.0831298828125,829.280029296875,298.463623046875,212.71826171875,0.7633271217346191
3081,954,25469,38.4150390625,836.8985595703125,389.28509521484375,254.01708984375,0.7425108551979065
3082,954,30308,26.814056396484375,173.880859375,420.4889831542969,444.70648193359375,0.41800421476364136
3083,956,19607,140.683349609375,859.5775146484375,163.4449462890625,161.7125244140625,0.9674167633056641
3084,956,16551,593.7879638671875,3.62847900390625,318.6376953125,453.9542236328125,0.8166476488113403
3085,956,1900,153.87049865722656,246.29550170898438,209.79331970214844,134.54931640625,0.8166105151176453
3086,956,27926,584.1486206054688,671.15478515625,289.2235107421875,493.536376953125,0.7342563271522522
3087,957,19607,685.9273681640625,294.63507080078125,163.091552734375,158.0621337890625,0.938286304473877
3088,957,16551,70.77859497070312,779.56103515625,332.7165222167969,500.43896484375,0.8499709367752075
3089,957,1900,625.0210571289062,887.50048828125,219.237060546875,145.83447265625,0.7877402305603027
3090,957,27926,133.3258514404297,142.2847900390625,290.40699768066406,470.302490234375,0.6996483206748962
3091,962,19607,139.257568359375,844.2197265625,169.65643310546875,165.716064453125,0.9298906922340393
3092,962,16551,613.0454711914062,107.31964111328125,302.1121826171875,486.42816162109375,0.8214148283004761
3093,962,1900,143.68328857421875,234.44505310058594,188.0604248046875,191.06483459472656,0.7951915860176086
3094,962,29451,465.0912170410156,768.9146728515625,419.4570007324219,298.6361083984375,0.7703308463096619
3095,966,16548,118.83740234375,842.82470703125,258.13946533203125,256.923583984375,0.7754408717155457
3096,966,1900,653.272705078125,896.511474609375,219.107666015625,159.470458984375,0.7610705494880676
3097,966,18110,599.1054077148438,208.92181396484375,315.9241943359375,309.9521484375,0.5524944067001343
3098,967,41768,110.90570068359375,290.17138671875,285.18206787109375,318.41510009765625,0.8124837875366211
3099,967,3351,400.36602783203125,878.53955078125,204.171630859375,208.2320556640625,0.7938439249992371
3100,967,29667,579.79345703125,298.5302734375,241.772216796875,239.9696044921875,0.7567933201789856
3101,968,3351,337.529296875,150.42898559570312,192.73834228515625,197.62579345703125,0.8096184134483337
3102,968,41768,542.719970703125,609.68310546875,289.5960693359375,329.1136474609375,0.7689559459686279
3103,968,29667,102.81875610351562,692.41357421875,246.44577026367188,244.416259765625,0.7393093705177307
3104,97,16548,90.04977416992188,811.8323974609375,258.0242919921875,256.0687255859375,0.8579820394515991
3105,97,19607,660.7205810546875,250.18545532226562,167.128173828125,159.1392822265625,0.8109872341156006
3106,97,1900,674.4716796875,800.17578125,150.4864501953125,217.5059814453125,0.8006922602653503
3107,97,29345,111.11993408203125,159.3533935546875,323.5958251953125,423.686279296875,0.6862729787826538
3108,972,21771,120.07662963867188,767.44189453125,203.53665161132812,200.935546875,0.9394903779029846
3109,972,27926,557.41650390625,629.4547119140625,285.035400390625,495.5521240234375,0.830827534198761
3110,972,1900,136.71353149414062,234.9374542236328,208.42507934570312,138.29649353027344,0.806790292263031
3111,972,16551,563.5587158203125,8.666595458984375,341.402099609375,455.0355529785156,0.761445939540863
3112,973,21771,178.0130157470703,874.4034423828125,204.88206481933594,202.2734375,0.914839506149292
3113,973,16551,563.2589111328125,80.41571044921875,325.733642578125,485.42193603515625,0.8116227984428406
3114,973,1900,174.63424682617188,261.08428955078125,141.085205078125,210.18267822265625,0.8100013136863708
3115,973,29345,608.308349609375,708.4698486328125,293.42626953125,457.7569580078125,0.747362494468689
3116,974,21771,145.05758666992188,842.7083740234375,205.92431640625,204.090576171875,0.9269026517868042
3117,974,16551,532.1895751953125,57.8232421875,318.523193359375,488.584716796875,0.8268861770629883
3118,974,1900,155.90927124023438,253.72523498535156,136.63656616210938,204.19200134277344,0.8147169351577759
3119,974,29345,583.3153076171875,672.949951171875,297.9912109375,458.880126953125,0.7739182710647583
3120,975,21771,609.2022094726562,240.82574462890625,203.7098388671875,201.416015625,0.9333204627037048
3121,975,16551,91.67355346679688,687.61181640625,348.82464599609375,499.0323486328125,0.8144857883453369
3122,975,1900,671.4383544921875,800.6475830078125,151.8397216796875,218.845703125,0.8075194954872131
3123,975,29345,107.11495971679688,149.232177734375,293.89459228515625,429.42852783203125,0.5259720683097839
3124,979,3351,385.11083984375,148.55743408203125,197.84039306640625,203.31417846679688,0.7984536290168762
3125,979,22074,573.5311279296875,701.2578125,206.7265625,211.708740234375,0.6332631707191467
3126,979,18357,49.966033935546875,535.18115234375,323.8958435058594,365.241455078125,0.5575119256973267
3127,980,3351,344.32122802734375,861.193603515625,208.6759033203125,213.248291015625,0.7869405150413513
3128,980,22074,156.94786071777344,300.16162109375,210.36659240722656,215.08984375,0.6993011236190796
3129,980,18357,561.5049438476562,289.549560546875,316.0765380859375,351.2657470703125,0.5659255385398865
3130,982,2483,629.833740234375,117.82537841796875,258.8046875,479.57452392578125,0.8007869124412537
3131,982,23223,75.56993103027344,117.30999755859375,354.25587463378906,534.5349731445312,0.705449640750885
3132,982,3743,99.1219482421875,823.0294189453125,362.57183837890625,364.2520751953125,0.5904386043548584
3133,982,13395,601.0225830078125,675.205322265625,298.030029296875,529.4591064453125,0.5700050592422485
3134,983,23223,64.20942687988281,70.43182373046875,378.00914001464844,552.913818359375,0.811312735080719
3135,983,2483,616.7596435546875,72.04010009765625,309.90625,516.156982421875,0.7925675511360168
3136,983,3743,91.86787414550781,805.284912109375,367.54466247558594,369.25341796875,0.6912936568260193
3137,983,13395,588.7483520507812,669.492919921875,314.5386962890625,529.9298095703125,0.5557587146759033
3138,984,2483,19.856842041015625,620.551513671875,292.1982727050781,527.7041015625,0.8185418248176575
3139,984,23223,500.533935546875,598.1533203125,377.9771728515625,545.126953125,0.7697933316230774
3140,984,5094,477.7550048828125,108.57464599609375,350.004150390625,344.06134033203125,0.6636233925819397
3141,984,13395,50.983154296875,84.04530334472656,301.34844970703125,500.72874450683594,0.34050166606903076
3142,985,16548,568.927734375,178.39260864257812,244.3858642578125,243.0545654296875,0.8551526665687561
3143,985,1900,137.43917846679688,215.11004638671875,207.94918823242188,159.89764404296875,0.7935806512832642
3144,985,29451,506.9041748046875,788.23583984375,446.320556640625,266.55224609375,0.7793064117431641
3145,985,24850,107.98382568359375,734.12451171875,216.412109375,295.5755615234375,0.6566163301467896
3146,986,16548,133.94204711914062,828.668212890625,257.40435791015625,254.200439453125,0.8111941814422607
3147,986,1900,628.8863525390625,893.451416015625,216.025390625,167.750732421875,0.7987728118896484
3148,986,24850,636.0792236328125,255.0166015625,206.18310546875,278.562255859375,0.7251980304718018
3149,986,29451,32.56591796875,217.4099578857422,429.95123291015625,259.30812072753906,0.7032446265220642
3150,988,36637,613.83251953125,186.3018798828125,278.4305419921875,178.39227294921875,0.7769306302070618
3151,988,3483,592.2218017578125,860.20263671875,271.869140625,243.378662109375,0.7751468420028687
3152,988,22347,155.0083465576172,173.58047485351562,213.10108947753906,213.87335205078125,0.7554455399513245
3153,988,19861,122.215576171875,858.60498046875,228.41598510742188,181.7877197265625,0.6853412389755249
3154,989,36637,584.439208984375,184.4351806640625,272.483642578125,173.5546875,0.7786065936088562
3155,989,3483,562.3629150390625,828.937255859375,277.195556640625,247.5150146484375,0.7769412398338318
3156,989,22347,138.2706298828125,169.5666046142578,212.108154296875,207.55784606933594,0.7713446617126465
3157,989,19861,86.81234741210938,817.7059326171875,231.48818969726562,188.23876953125,0.7262663841247559
3158,990,36637,89.84063720703125,895.529052734375,285.2244567871094,188.050048828125,0.7851728796958923
3159,990,19861,638.003662109375,270.60345458984375,228.508056640625,185.3216552734375,0.7722473740577698
3160,990,3483,142.722412109375,212.197509765625,265.5826416015625,236.03900146484375,0.767416775226593
3161,990,22347,622.9697265625,879.5059814453125,220.72705078125,220.491455078125,0.6905035972595215
3162,991,10221,579.0108032226562,766.1067504882812,235.656494140625,237.1793212890625,0.9224926233291626
3163,991,16548,565.292724609375,215.4396209716797,243.94873046875,240.47315979003906,0.8789360523223877
3164,991,3544,86.84630584716797,213.44322204589844,215.41065216064453,214.77650451660156,0.7766225934028625
3165,991,21026,95.05718994140625,814.652587890625,192.743408203125,187.84912109375,0.772190272808075
3166,993,10221,605.943359375,804.52490234375,236.228759765625,231.4541015625,0.9256574511528015
3167,993,16548,593.0675048828125,224.3709716796875,249.455322265625,242.3818359375,0.8875989317893982
3168,993,3544,102.5833740234375,222.9610595703125,220.21163940429688,218.3128662109375,0.8232565522193909
3169,993,21026,129.31890869140625,849.0540771484375,190.385986328125,186.023681640625,0.7718332409858704
3170,994,27653,673.3330078125,248.0127410888672,222.826416015625,213.01771545410156,0.8449003100395203
3171,994,16262,113.301025390625,838.989501953125,256.268310546875,254.587158203125,0.8414984941482544
3172,994,3483,126.99940490722656,282.0379638671875,290.82456970214844,188.83843994140625,0.7787941098213196
3173,994,30308,478.03509521484375,740.767822265625,435.2183837890625,454.3272705078125,0.7556408643722534
3174,996,16262,619.5486450195312,171.95196533203125,248.882568359375,249.65130615234375,0.8538551926612854
3175,996,27653,91.07103729248047,839.8756103515625,229.90912628173828,227.078857421875,0.8452370166778564
3176,996,3483,582.7708740234375,829.5411376953125,297.655517578125,194.998291015625,0.78056401014328
3177,996,30308,78.73350524902344,67.73196411132812,421.45887756347656,443.67694091796875,0.437821626663208
3178,997,21771,117.02182006835938,797.0869140625,208.88519287109375,202.8123779296875,0.9466944336891174
3179,997,16551,581.5032958984375,38.74147033691406,302.2398681640625,507.17369079589844,0.8607429265975952
3180,997,1900,143.98733520507812,234.51300048828125,188.69793701171875,190.99444580078125,0.7874115705490112
3181,997,29451,444.3397216796875,792.1099853515625,444.4166259765625,257.8525390625,0.7342762351036072
3182,998,21771,150.2501220703125,831.6868896484375,205.86810302734375,199.990966796875,0.9397794008255005
3183,998,16551,605.9835205078125,56.91697692871094,311.963623046875,508.34425354003906,0.8343116044998169
3184,998,1900,163.9321746826172,242.45257568359375,186.63233947753906,191.94818115234375,0.790318489074707
3185,998,29451,472.5091552734375,826.2437744140625,442.21142578125,258.2373046875,0.7776080965995789
3186,999,21771,634.9337768554688,282.5712890625,205.1630859375,197.56689453125,0.8903483152389526
3187,999,1900,638.212890625,835.5986328125,196.911865234375,203.421875,0.8031508922576904
3188,999,16551,69.75704956054688,689.4580078125,319.520751953125,506.0828857421875,0.7830355167388916
3189,999,6563,93.83442687988281,218.41307067871094,428.05809020996094,257.40931701660156,0.6533459424972534
