annotation_id,image_id,category_id,bbox_x,bbox_y,bbox_w,bbox_h,score
1,1,27926,600.7399291992188,673.505859375,253.770751953125,481.3082275390625,0.932594895362854
2,1,16551,557.8721923828125,71.556884765625,398.92431640625,405.343505859375,0.918030858039856
3,1,24850,168.93055725097656,738.846923828125,184.77928161621094,296.3896484375,0.8268846869468689
4,1,1900,156.29234313964844,251.8074493408203,204.15357971191406,125.41514587402344,0.7980392575263977
5,10,21771,641.116455078125,290.4508056640625,189.714599609375,182.5185546875,0.9424015283584595
6,10,29451,104.75775146484375,235.30972290039062,405.6693115234375,219.64453125,0.9258260726928711
7,10,16548,102.6369857788086,808.2978515625,241.24481964111328,237.0858154296875,0.8967841863632202
8,10,1900,642.626953125,846.987060546875,190.4134521484375,187.3846435546875,0.7991088032722473
9,100,16548,585.2637939453125,131.21713256835938,232.435302734375,225.59536743164062,0.9555392265319824
10,100,33009,520.2167358398438,791.5675048828125,380.554931640625,209.158935546875,0.906618058681488
11,100,1900,134.99905395507812,246.7101593017578,190.56793212890625,160.79637145996094,0.8794925808906555
12,100,18110,42.74285888671875,746.17041015625,311.0936279296875,302.4296875,0.4673132300376892
13,1003,34597,37.65838623046875,158.83351135253906,441.66204833984375,415.55101013183594,0.9510502219200134
14,1003,16232,647.5372314453125,187.04847717285156,192.66064453125,177.48362731933594,0.9037937521934509
15,1003,27733,121.79022216796875,764.54443359375,317.85748291015625,277.827880859375,0.8442708849906921
16,1003,3483,606.4136962890625,791.04736328125,277.313232421875,210.57421875,0.8380637168884277
17,1004,34597,509.4061279296875,660.1951904296875,461.4285888671875,433.997314453125,0.9750180840492249
18,1004,27733,563.23681640625,263.54644775390625,304.481689453125,264.367919921875,0.9440135359764099
19,1004,16232,141.23507690429688,891.8359375,196.86419677734375,195.164306640625,0.935762345790863
20,1004,3483,123.07160949707031,306.8845520019531,271.27403259277344,199.975341796875,0.8229041695594788
21,1005,16232,618.669189453125,179.23324584960938,188.4434814453125,182.13555908203125,0.8934893608093262
22,1005,34597,21.302978515625,123.80230712890625,437.88409423828125,425.9639892578125,0.8814122080802917
23,1005,27733,84.67532348632812,727.572021484375,325.2423400878906,282.4617919921875,0.8339797854423523
24,1005,3483,577.284423828125,759.343017578125,276.25537109375,209.69140625,0.8080559372901917
25,1006,25367,46.80989074707031,178.52313232421875,444.62681579589844,421.47393798828125,0.8798655271530151
26,1006,20238,617.3491821289062,195.77520751953125,226.69140625,216.685546875,0.8542309999465942
27,1006,3483,603.1546020507812,845.5240478515625,278.325927734375,186.9320068359375,0.8107163906097412
28,1006,25469,49.00848388671875,856.9727783203125,376.457763671875,219.64306640625,0.7466763854026794
29,1007,20238,589.3636474609375,191.12196350097656,221.430908203125,214.35801696777344,0.8949494361877441
30,1007,25367,29.15008544921875,154.7836151123047,435.57696533203125,422.06788635253906,0.8776170015335083
31,1007,3483,576.04833984375,812.1888427734375,279.471435546875,191.42919921875,0.7895119786262512
32,1007,25469,11.9342041015625,812.8643798828125,385.57080078125,221.358154296875,0.7435778975486755
33,1009,16262,546.4779052734375,189.2607421875,238.520263671875,227.30859375,0.8635827302932739
34,1009,3483,575.93359375,811.79833984375,279.7547607421875,192.4827880859375,0.790317177772522
35,1009,25469,11.390655517578125,813.1600341796875,385.2853698730469,219.321533203125,0.7492857575416565
36,1009,22347,77.87543487548828,198.97149658203125,202.13591766357422,193.988037109375,0.5726471543312073
37,1010,22347,93.9777603149414,205.9857177734375,206.50414276123047,198.8975830078125,0.8630787134170532
38,1010,3483,603.0516357421875,844.902099609375,278.646484375,188.11279296875,0.7950125336647034
39,1010,25469,48.945953369140625,856.989013671875,377.6911926269531,220.0537109375,0.7613136172294617
40,1010,16262,574.273681640625,194.4702606201172,245.1004638671875,231.01222229003906,0.7181805372238159
41,1012,16548,610.7813720703125,159.2978515625,232.891845703125,223.58319091796875,0.9444311261177063
42,1012,24850,137.06552124023438,699.574462890625,187.1292724609375,299.974853515625,0.8897796869277954
43,1012,27926,573.4552612304688,628.146728515625,257.1512451171875,488.910888671875,0.8869419097900391
44,1012,1900,141.02682495117188,243.555908203125,199.92086791992188,126.65771484375,0.7731574773788452
45,1013,16548,103.74398040771484,866.8367919921875,241.41614532470703,236.7216796875,0.9431443810462952
46,1013,27926,143.95428466796875,144.516357421875,257.7073974609375,457.0491943359375,0.936079204082489
47,1013,24850,636.7072143554688,275.69268798828125,181.3873291015625,279.19671630859375,0.821983814239502
48,1013,1900,629.301025390625,892.78125,211.77294921875,134.32080078125,0.633974552154541
49,1014,16548,640.16015625,165.13198852539062,238.1612548828125,223.527099609375,0.9655715823173523
50,1014,27926,601.0419921875,673.9368896484375,253.37646484375,480.336181640625,0.9344693422317505
51,1014,1900,156.27816772460938,252.56204223632812,204.03985595703125,125.15985107421875,0.7773448824882507
52,1014,24850,169.812744140625,741.4287109375,183.30426025390625,293.809814453125,0.7523736357688904
53,1015,20877,116.10821533203125,768.7161865234375,331.03582763671875,230.88720703125,0.9488794803619385
54,1015,35206,657.3629760742188,175.192138671875,226.1671142578125,404.6363525390625,0.9320215582847595
55,1015,3483,650.1158447265625,749.91650390625,211.336181640625,268.008056640625,0.8126829266548157
56,1015,30308,67.63525390625,124.70802307128906,400.50762939453125,407.28294372558594,0.6580734252929688
57,1016,35206,98.70105743408203,670.391845703125,232.53203582763672,411.3118896484375,0.887161135673523
58,1016,20877,543.5247192382812,295.22021484375,327.9810791015625,232.716552734375,0.8729541301727295
59,1016,3483,141.69314575195312,293.5953369140625,211.28640747070312,254.6097412109375,0.815987229347229
60,1016,30308,536.4071044921875,721.0682373046875,408.006591796875,412.0369873046875,0.6416903734207153
61,1018,27733,559.1824951171875,256.85015869140625,303.1212158203125,264.3193359375,0.9345479607582092
62,1018,3483,123.10371398925781,307.5018310546875,271.45140075683594,199.7552490234375,0.8239643573760986
63,1018,29667,86.78802490234375,860.9722900390625,232.21170043945312,229.5859375,0.8009713888168335
64,1018,30308,440.69305419921875,746.397216796875,474.7044677734375,303.481201171875,0.7273790240287781
65,1019,29667,667.4207763671875,182.27700805664062,227.3046875,212.53021240234375,0.8931173086166382
66,1019,27733,127.78584289550781,774.5203857421875,316.37767028808594,274.972900390625,0.8577854633331299
67,1019,3483,606.623779296875,791.899658203125,276.756103515625,209.648681640625,0.8340610861778259
68,102,16548,614.0108642578125,136.49496459960938,238.59716796875,226.01873779296875,0.964991569519043
69,102,1900,151.41665649414062,254.95921325683594,196.44873046875,162.05982971191406,0.9072769284248352
70,102,33009,548.1768798828125,837.29150390625,377.249755859375,198.55078125,0.8444758653640747
71,102,18110,77.99746704101562,790.950927734375,306.803955078125,292.39306640625,0.8031074404716492
72,1020,29667,638.9730224609375,178.7471466064453,220.98193359375,213.15281677246094,0.8863605260848999
73,1020,27733,91.3414306640625,731.947998046875,322.255126953125,282.832763671875,0.8168919086456299
74,1020,3483,577.378662109375,759.76123046875,276.946533203125,209.3974609375,0.7941822409629822
75,1020,30308,79.36054992675781,193.86517333984375,451.92356872558594,290.626708984375,0.6350655555725098
76,1022,16551,624.6385498046875,26.9168701171875,284.30126953125,459.91864013671875,0.9510234594345093
77,1022,33208,581.989013671875,811.700439453125,214.092041015625,204.533935546875,0.9150789380073547
78,1022,29451,33.706512451171875,800.7626953125,422.6807861328125,224.354248046875,0.8760221004486084
79,1022,1900,147.77078247070312,241.90040588378906,181.75534057617188,181.01255798339844,0.5846556425094604
80,1023,29451,72.08488464355469,844.0205078125,413.65821838378906,216.234130859375,0.9293932914733887
81,1023,16551,654.3463134765625,26.41326904296875,292.4482421875,487.596923828125,0.9275162220001221
82,1023,33208,609.8565063476562,845.1453857421875,212.4073486328125,199.1793212890625,0.8735359907150269
83,1023,1900,165.7470245361328,249.41098022460938,184.87571716308594,180.01336669921875,0.7746832370758057
84,1025,28763,641.841796875,862.450927734375,224.99560546875,214.05126953125,0.9553457498550415
85,1025,20877,544.0125732421875,294.73504638671875,328.201416015625,232.50537109375,0.8739858269691467
86,1025,16262,107.43720245361328,835.8560791015625,250.46318817138672,242.9737548828125,0.8490801453590393
87,1025,3483,141.4874267578125,291.8896484375,212.39401245117188,256.10772705078125,0.8247599601745605
88,1026,20877,115.67829895019531,769.3980712890625,331.08848571777344,230.90283203125,0.9521263241767883
89,1026,28763,134.288330078125,205.6296844482422,213.5809326171875,201.79310607910156,0.8960468769073486
90,1026,3483,649.9146728515625,750.857177734375,210.189697265625,268.07958984375,0.8276647925376892
91,1026,16262,629.6922607421875,191.42799377441406,244.484375,232.12059020996094,0.7747037410736084
92,1027,3351,353.82073974609375,882.8643798828125,190.85382080078125,192.54150390625,0.7991667985916138
93,1027,13900,190.4888916015625,285.54071044921875,199.22125244140625,233.91107177734375,0.7854820489883423
94,1028,3351,391.7735595703125,155.34707641601562,185.5780029296875,191.5350341796875,0.905850350856781
95,1028,13900,552.835205078125,710.1317138671875,206.711181640625,246.4488525390625,0.8279833197593689
96,1028,16232,134.75030517578125,781.9801025390625,193.4482421875,187.89453125,0.6437097787857056
97,1029,13900,592.706298828125,799.1337890625,201.979736328125,241.409912109375,0.9110931754112244
98,1029,3351,434.4637451171875,215.3423309326172,186.444091796875,183.54859924316406,0.8434538841247559
99,1030,27733,85.49551391601562,727.3576049804688,324.1974792480469,282.4189453125,0.8353933095932007
100,1030,35206,567.9056396484375,119.850830078125,250.41259765625,379.34857177734375,0.8333484530448914
101,1030,34597,45.85682678222656,143.31382751464844,443.16404724121094,413.69300842285156,0.8092172145843506
102,1030,3483,578.46923828125,758.88671875,276.1912841796875,209.763916015625,0.7874980568885803
103,1034,28763,648.52099609375,881.5224609375,222.91259765625,215.55419921875,0.9230377674102783
104,1034,3483,151.8619384765625,219.5286407470703,244.37744140625,219.99961853027344,0.8657742738723755
105,1034,36637,93.53610229492188,906.734130859375,275.4039306640625,166.5479736328125,0.7638742923736572
106,1034,19861,637.0361328125,277.43560791015625,221.6572265625,168.8870849609375,0.6644846200942993
107,1039,28763,125.94924926757812,213.5887451171875,212.3380126953125,203.17633056640625,0.943210244178772
108,1039,3483,603.1097412109375,845.4896240234375,278.212646484375,186.856689453125,0.8012974858283997
109,1039,25469,49.092132568359375,857.17041015625,380.27960205078125,220.97900390625,0.7664387822151184
110,1039,16262,573.9720458984375,194.4205780029297,244.318115234375,231.42469787597656,0.7603200674057007
111,104,21325,618.6300048828125,761.6285400390625,175.808837890625,228.905517578125,0.8645923733711243
112,104,18357,106.65725708007812,605.7210693359375,251.32913208007812,375.38720703125,0.8567518591880798
113,104,3351,322.55352783203125,204.3495330810547,185.4249267578125,187.28858947753906,0.7109678387641907
114,1041,28763,650.9610595703125,852.132080078125,223.71435546875,214.505126953125,0.9340461492538452
115,1041,16262,165.76742553710938,834.927734375,249.57781982421875,240.945556640625,0.837507963180542
116,1041,3483,125.64407348632812,272.67340087890625,270.16595458984375,188.130126953125,0.8080286383628845
117,1041,25469,571.4248046875,229.9510040283203,375.93212890625,220.33189392089844,0.6258488893508911
118,1043,18357,50.06842041015625,624.970703125,273.6794738769531,358.9189453125,0.9450521469116211
119,1043,3351,314.10455322265625,170.20750427246094,184.3175048828125,187.09034729003906,0.8178821802139282
120,1043,35206,512.730712890625,607.0933837890625,245.718017578125,415.429931640625,0.6092991828918457
121,1044,18357,93.408447265625,723.861328125,271.07977294921875,351.356201171875,0.9090083241462708
122,1044,3351,354.27099609375,227.11428833007812,182.333251953125,183.7237548828125,0.8120317459106445
123,1044,35206,551.709716796875,700.510498046875,240.98681640625,411.458740234375,0.5284459590911865
124,1045,28763,132.9775390625,211.95114135742188,209.14544677734375,202.03094482421875,0.9405169486999512
125,1045,20877,42.032470703125,755.1666259765625,328.01068115234375,252.1473388671875,0.9171509146690369
126,1045,29667,596.0829467773438,178.5185546875,217.736328125,215.3489990234375,0.8816861510276794
127,1045,3483,622.7135009765625,719.146484375,210.851806640625,270.528564453125,0.8379226326942444
128,1046,20877,73.45382690429688,800.6068115234375,328.0677490234375,240.2767333984375,0.9278756976127625
129,1046,28763,151.2933349609375,222.01942443847656,213.673583984375,202.44297790527344,0.8853269219398499
130,1046,29667,623.19091796875,182.60337829589844,223.689208984375,216.05116271972656,0.8547075986862183
131,1046,3483,649.3779296875,750.799072265625,210.6893310546875,268.771728515625,0.8147112131118774
132,1047,20877,590.3634033203125,260.83935546875,325.19873046875,239.429931640625,0.900913655757904
133,1047,3483,141.490966796875,291.57769775390625,212.56640625,255.46148681640625,0.8210330605506897
134,1047,28763,625.3289794921875,844.7515869140625,224.8157958984375,212.8624267578125,0.8007647395133972
135,1047,29667,133.87191772460938,862.1082763671875,230.972900390625,226.6259765625,0.654549777507782
136,1050,22362,607.6145629882812,777.72998046875,255.32373046875,411.91064453125,0.8148513436317444
137,1050,22627,89.31864929199219,172.32554626464844,341.55482482910156,473.48036193847656,0.6978685855865479
138,1050,2483,648.8167724609375,86.17088317871094,200.26953125,484.16944885253906,0.6776848435401917
139,1050,5094,135.75595092773438,847.4068603515625,281.14483642578125,274.5137939453125,0.6094910502433777
140,1051,5094,550.098876953125,190.4224853515625,274.551025390625,268.7078857421875,0.8992612957954407
141,1051,23223,489.49822998046875,658.8558349609375,383.4866943359375,469.014404296875,0.8077626824378967
142,1051,2483,86.86699676513672,677.9146728515625,233.72736358642578,481.863037109375,0.7467212677001953
143,1051,4378,137.4759521484375,103.90325927734375,214.604736328125,445.7406005859375,0.6589689254760742
144,1053,23223,73.2698974609375,76.1893310546875,382.72979736328125,463.8377685546875,0.9874067902565002
145,1053,5094,104.2755126953125,799.7371826171875,280.33514404296875,277.696044921875,0.862406313419342
146,1053,2483,619.3275146484375,53.71855163574219,216.578125,478.25245666503906,0.835760235786438
147,1053,4378,592.5171508789062,702.050537109375,213.0887451171875,452.1474609375,0.42381829023361206
148,1055,31885,60.74713134765625,32.735595703125,416.58172607421875,488.47991943359375,0.9082972407341003
149,1055,29667,646.9522705078125,185.09683227539062,222.2373046875,215.10064697265625,0.8562423586845398
150,1055,27733,79.81951904296875,731.12060546875,330.67926025390625,272.913818359375,0.8258729577064514
151,1055,3483,569.8829345703125,767.1309814453125,278.31884765625,206.141357421875,0.7887338399887085
152,1056,31885,70.57464599609375,54.45379638671875,438.21832275390625,490.279052734375,0.9428462982177734
153,1056,27733,115.4696044921875,773.8521728515625,323.7054443359375,268.1575927734375,0.8963367938995361
154,1056,29667,676.1611328125,189.33676147460938,228.2547607421875,214.86273193359375,0.8139073848724365
155,1056,3483,598.2567749023438,799.13134765625,278.9754638671875,206.6240234375,0.801337480545044
156,1057,12778,79.87451171875,73.86589050292969,330.42523193359375,504.25428771972656,0.9662190079689026
157,1057,4378,640.908203125,703.5830078125,222.860107421875,457.0089111328125,0.9084311127662659
158,1057,25438,108.49795532226562,830.278076171875,257.36309814453125,252.56396484375,0.8355540037155151
159,1057,2483,616.7018432617188,70.85968017578125,237.121337890625,467.5892333984375,0.8248225450515747
160,1058,12778,84.542724609375,95.0767822265625,325.022705078125,518.96875,0.9478921890258789
161,1058,4378,652.51611328125,702.4661865234375,221.074462890625,477.645751953125,0.9228670001029968
162,1058,2483,598.7518310546875,98.6575927734375,250.038330078125,460.9495849609375,0.8551259636878967
163,1058,25438,109.41586303710938,842.1083984375,262.5237121582031,268.810546875,0.7681713700294495
164,1060,13395,111.85778045654297,48.66172790527344,245.03498077392578,484.02674865722656,0.8760913610458374
165,1060,25438,555.6259765625,206.10360717773438,247.3603515625,250.55413818359375,0.8660867810249329
166,1060,22627,529.6776123046875,642.926513671875,355.171875,473.9515380859375,0.8332726955413818
167,1060,2483,113.85211181640625,676.8328857421875,215.76416015625,493.3201904296875,0.7345855832099915
168,1064,34597,56.94537353515625,132.5091552734375,453.863525390625,415.192626953125,0.9739020466804504
169,1064,20238,617.5020751953125,194.6869659423828,226.146728515625,217.27513122558594,0.8099727034568787
170,1064,3483,602.2099609375,844.6396484375,278.92041015625,187.929443359375,0.7911825776100159
171,1064,25469,49.67333984375,857.0179443359375,378.9841003417969,220.559814453125,0.7707421183586121
172,1065,34597,485.00347900390625,689.293212890625,463.86767578125,428.58447265625,0.9705426692962646
173,1065,20238,139.27783203125,849.4754638671875,231.07086181640625,226.1929931640625,0.8579211235046387
174,1065,3483,125.412353515625,272.6429443359375,270.2021484375,188.9781494140625,0.8019483685493469
175,1065,25469,571.745361328125,230.872314453125,375.83203125,219.72076416015625,0.6621817350387573
176,1067,16262,117.89453125,844.9146728515625,248.66812133789062,243.7572021484375,0.8251522183418274
177,1067,27653,670.1607666015625,255.23175048828125,221.7130126953125,200.3636474609375,0.8100548982620239
178,1067,3483,131.89268493652344,289.97955322265625,276.22023010253906,171.4532470703125,0.7667180299758911
179,1067,31885,556.881103515625,674.249755859375,400.7103271484375,523.729736328125,0.7646285891532898
180,1069,21771,115.89678192138672,203.43203735351562,191.81147003173828,184.99560546875,0.9796153903007507
181,1069,16548,642.2034912109375,166.9632568359375,238.974365234375,222.6214599609375,0.9676889181137085
182,1069,1900,622.3246459960938,887.5699462890625,208.6221923828125,141.4031982421875,0.7922610640525818
183,1069,21026,136.75936889648438,867.6275634765625,180.370849609375,178.0777587890625,0.5214875936508179
184,1070,16548,101.12905883789062,864.3428955078125,240.14901733398438,237.792236328125,0.9472469687461853
185,1070,21771,685.1004638671875,883.072265625,200.373779296875,193.19873046875,0.9341003894805908
186,1070,21026,670.3763427734375,272.8817138671875,180.6541748046875,172.1048583984375,0.7875363230705261
187,1070,1900,173.60763549804688,280.15380859375,203.5582275390625,141.456298828125,0.7648756504058838
188,1073,22347,114.26152801513672,199.89373779296875,203.82654571533203,194.172119140625,0.8985428214073181
189,1073,36637,634.7830810546875,178.2438507080078,183.72216796875,241.68711853027344,0.8911256790161133
190,1073,27777,143.4381103515625,774.4681396484375,180.92041015625,206.131591796875,0.8261828422546387
191,1073,3483,535.6240234375,778.75244140625,266.989501953125,225.49609375,0.6966181993484497
192,1075,16551,91.49128723144531,591.8109130859375,341.80796813964844,467.52001953125,0.8965373635292053
193,1075,29871,601.7899780273438,772.842041015625,206.75439453125,223.51708984375,0.8927869200706482
194,1075,4543,610.3056640625,143.57861328125,205.0205078125,199.16912841796875,0.865690290927887
195,1075,3544,101.37539672851562,161.8004150390625,204.74850463867188,198.68438720703125,0.7913818359375
196,1076,3544,668.3203735351562,899.3148193359375,216.14306640625,213.97900390625,0.9565887451171875
197,1076,4543,133.32797241210938,916.9503173828125,213.340576171875,211.9290771484375,0.8950369954109192
198,1076,29871,165.95309448242188,278.4518737792969,207.05181884765625,212.44677734375,0.6216444969177246
199,1076,16551,535.9708251953125,192.8082275390625,328.3963623046875,438.7081298828125,0.5865931510925293
200,1077,29871,628.0794677734375,808.81640625,206.7882080078125,219.373779296875,0.9365381598472595
201,1077,16551,125.90676879882812,643.7515869140625,335.9818115234375,455.3553466796875,0.9008052945137024
202,1077,3544,115.2030029296875,166.53057861328125,211.1268310546875,202.47210693359375,0.8469767570495605
203,1077,4543,638.978759765625,142.98565673828125,209.38671875,203.2701416015625,0.8066024780273438
204,1079,20877,72.02117919921875,800.393310546875,325.770263671875,241.729248046875,0.94800865650177
205,1079,22347,118.99826049804688,218.977783203125,207.94332885742188,198.22869873046875,0.8361564874649048
206,1079,29667,624.2393798828125,185.470458984375,224.1287841796875,217.42071533203125,0.8337252736091614
207,1079,3483,646.7449951171875,754.4410400390625,211.488037109375,267.50390625,0.8213023543357849
208,108,12778,111.40673828125,48.1602783203125,291.5401611328125,526.7359619140625,0.8745306134223938
209,108,25438,143.01358032226562,844.932861328125,254.6541748046875,253.786376953125,0.8026071786880493
210,108,22362,587.59423828125,741.188232421875,252.42724609375,413.109375,0.7613255977630615
211,108,2483,600.408935546875,83.19573974609375,248.36767578125,469.09527587890625,0.7428597211837769
212,1080,20877,40.0828857421875,753.71630859375,324.15924072265625,254.591552734375,0.9464894533157349
213,1080,29667,597.3597412109375,182.51226806640625,217.5145263671875,214.2490234375,0.8776875138282776
214,1080,22347,102.04102325439453,211.8835906982422,203.68389129638672,194.74085998535156,0.8734466433525085
215,1080,3483,619.54248046875,723.7198486328125,211.41552734375,269.892333984375,0.8254782557487488
216,1081,44199,91.25384521484375,185.31939697265625,257.72149658203125,228.27880859375,0.9850273132324219
217,1081,16551,481.4263916015625,203.97705078125,465.1756591796875,321.90802001953125,0.8125707507133484
218,1081,1900,608.6861572265625,897.6839599609375,208.5478515625,140.685302734375,0.7811289429664612
219,1081,21026,123.79727172851562,865.306640625,181.10501098632812,178.0791015625,0.5815082788467407
220,1085,25367,31.51495361328125,129.06141662597656,443.0181884765625,413.50376892089844,0.8974975347518921
221,1085,16232,626.189208984375,221.85784912109375,189.396728515625,183.3204345703125,0.8743425011634827
222,1085,20877,84.67001342773438,725.23486328125,331.79644775390625,241.390380859375,0.8578606843948364
223,1085,3483,623.004638671875,717.18408203125,211.939208984375,272.83837890625,0.8248249292373657
224,1087,3544,133.646728515625,175.83700561523438,203.91989135742188,199.718994140625,0.9344269037246704
225,1087,16551,86.38436889648438,586.99951171875,295.78558349609375,489.840576171875,0.9246841669082642
226,1087,10221,623.6107177734375,205.07876586914062,219.154052734375,213.90478515625,0.8050443530082703
227,1087,31705,569.6793212890625,678.3516845703125,255.232177734375,449.3748779296875,0.781640350818634
228,1089,10221,105.16088104248047,834.9527587890625,229.56855010986328,223.4664306640625,0.9511033892631531
229,1089,3544,634.849853515625,886.9117431640625,214.79736328125,213.27734375,0.9323176145553589
230,1089,16551,582.2122802734375,177.661376953125,294.31103515625,463.231201171875,0.842215359210968
231,1089,31705,149.3642578125,148.19866943359375,253.04656982421875,421.261962890625,0.8405146598815918
232,109,3483,151.68490600585938,219.890869140625,244.42681884765625,220.712890625,0.8692747950553894
233,109,35206,107.8929443359375,774.969482421875,302.27899169921875,391.556640625,0.8089327812194824
234,109,25367,581.48583984375,717.5218505859375,386.1107177734375,498.21923828125,0.6674715876579285
235,109,19861,637.2029418945312,277.88232421875,221.598388671875,168.4822998046875,0.5633387565612793
236,1092,44199,137.314453125,243.89208984375,237.3568115234375,231.961181640625,0.9656713008880615
237,1092,33009,567.8236694335938,212.16168212890625,324.7548828125,293.486572265625,0.9643767476081848
238,1092,1900,651.2723388671875,848.762939453125,212.186767578125,159.6158447265625,0.857182502746582
239,1092,16548,81.79412841796875,912.6195068359375,244.11630249023438,241.033203125,0.6694425344467163
240,1093,34597,502.142333984375,693.8035888671875,458.7646484375,434.36962890625,0.9729708433151245
241,1093,3483,152.01806640625,220.26535034179688,244.25860595703125,220.334716796875,0.8733855485916138
242,1093,16262,99.78741455078125,853.5947265625,247.8421630859375,239.21337890625,0.7109903693199158
243,1093,19861,637.0511474609375,278.2039489746094,221.36865234375,168.02423095703125,0.4737946391105652
244,1095,34597,47.36456298828125,124.62945556640625,446.005126953125,415.57171630859375,0.9377686977386475
245,1095,3483,601.2073974609375,868.7659912109375,259.158935546875,229.0059814453125,0.7818484902381897
246,1095,19861,125.4039306640625,863.7027587890625,221.82025146484375,168.613525390625,0.7685391306877136
247,1095,16262,637.0469970703125,176.26431274414062,247.8819580078125,232.86529541015625,0.6830644607543945
248,1096,27993,549.4986572265625,778.3753662109375,309.481689453125,241.76513671875,0.9710171222686768
249,1096,3544,91.49746704101562,197.36032104492188,204.689208984375,199.22344970703125,0.9163186550140381
250,1096,6563,166.6537322998047,670.53662109375,218.27442932128906,367.4686279296875,0.9152964949607849
251,1096,16551,481.6033935546875,117.5361328125,447.444091796875,320.53704833984375,0.8206115365028381
252,1097,27993,577.4219970703125,815.7633056640625,304.440673828125,232.1192626953125,0.9855135083198547
253,1097,6563,197.41268920898438,712.9459228515625,217.616455078125,360.237548828125,0.9368144869804382
254,1097,3544,107.35610961914062,206.56301879882812,209.77200317382812,199.58343505859375,0.9159078598022461
255,1097,16551,507.810302734375,127.92596435546875,460.068359375,325.49273681640625,0.8086032867431641
256,1098,6563,584.2593994140625,232.90281677246094,210.497314453125,338.47572326660156,0.9079451560974121
257,1098,16551,20.310531616210938,788.5247802734375,470.22462463378906,341.40576171875,0.8339748978614807
258,1098,3544,677.3211059570312,862.2799072265625,215.6185302734375,213.0853271484375,0.818092405796051
259,110,19861,125.18313598632812,863.4791259765625,222.50482177734375,169.16943359375,0.8511942625045776
260,110,25367,41.3428955078125,50.48704528808594,382.19891357421875,481.90492248535156,0.7992795705795288
261,110,3483,601.113525390625,868.0653076171875,259.140869140625,229.689697265625,0.7756453156471252
262,110,35206,582.5999755859375,96.67739868164062,288.3544921875,379.0015869140625,0.7311903834342957
263,1100,31885,57.71258544921875,98.65386962890625,415.0968017578125,490.16754150390625,0.9224371314048767
264,1100,36637,634.6082763671875,178.90342712402344,183.842529296875,242.16212463378906,0.9035205245018005
265,1100,27777,143.53103637695312,774.223876953125,180.74530029296875,206.1875,0.8239286541938782
266,1100,3483,535.8258056640625,778.3933715820312,266.8681640625,225.704833984375,0.7026306986808777
267,1101,31885,70.9344482421875,124.24383544921875,433.24017333984375,492.49542236328125,0.9419763088226318
268,1101,36637,663.1116943359375,181.1786346435547,189.083251953125,248.65455627441406,0.9111906886100769
269,1101,27777,175.93133544921875,810.921630859375,177.9119873046875,199.421875,0.8050175309181213
270,1101,3483,563.7921142578125,813.777587890625,265.0445556640625,220.870849609375,0.7452539205551147
271,1105,22347,110.37420654296875,212.84817504882812,209.154541015625,196.41619873046875,0.9193719625473022
272,1105,27733,122.63130187988281,765.9774169921875,316.77952575683594,277.488037109375,0.8458988666534424
273,1105,3483,607.1051025390625,790.7047119140625,276.3846435546875,210.773681640625,0.8348300457000732
274,1105,35206,598.623779296875,127.37030029296875,257.5733642578125,389.47802734375,0.8177364468574524
275,1109,28763,137.82940673828125,227.207763671875,215.03472900390625,199.3641357421875,0.908624529838562
276,1109,16262,622.0842895507812,181.50096130371094,243.3585205078125,231.83522033691406,0.8076253533363342
277,1109,27653,95.40399932861328,852.5191650390625,222.10460662841797,207.38232421875,0.7975289225578308
278,1109,3483,585.4700927734375,844.6492309570312,286.304443359375,167.1319580078125,0.716403067111969
279,1111,29667,603.9986572265625,176.59808349609375,218.6298828125,213.19122314453125,0.9211453199386597
280,1111,28763,115.02218627929688,189.10650634765625,208.77658081054688,199.427734375,0.9197444915771484
281,1111,3483,558.564453125,812.2823486328125,287.002197265625,174.420166015625,0.7737534046173096
282,1111,27653,60.700584411621094,811.4559326171875,224.66828155517578,209.47265625,0.7472791075706482
283,1114,27653,669.7796630859375,254.4983673095703,221.75537109375,200.79161071777344,0.8140201568603516
284,1114,3483,131.5518798828125,290.099609375,276.4066162109375,171.2471923828125,0.7641380429267883
285,1114,30308,558.921630859375,696.3834228515625,397.512451171875,418.68408203125,0.7358704209327698
286,1114,35206,106.00067901611328,687.4053955078125,203.38396453857422,419.5296630859375,0.48643040657043457
287,1115,35206,650.8985595703125,143.8153076171875,200.707763671875,401.01605224609375,0.9321056604385376
288,1115,30308,40.1634521484375,123.39080810546875,377.65625,406.30560302734375,0.8601870536804199
289,1115,3483,559.2235107421875,812.8560180664062,288.21630859375,174.73583984375,0.7753239870071411
290,1115,27653,61.4468994140625,811.8092041015625,225.93154907226562,209.576416015625,0.7565923929214478
291,1116,35206,678.8938598632812,153.53118896484375,204.9666748046875,407.45465087890625,0.9211035370826721
292,1116,27653,95.22201538085938,852.55517578125,222.65618896484375,207.377685546875,0.7960179448127747
293,1116,30308,54.41229248046875,141.84234619140625,391.95684814453125,415.963134765625,0.7950574159622192
294,1116,3483,585.463134765625,845.0050048828125,286.042724609375,166.8741455078125,0.7290464043617249
295,1118,3544,676.99169921875,859.799560546875,215.6044921875,213.095458984375,0.9373373985290527
296,1118,6563,587.837890625,236.8719482421875,211.68212890625,338.6556396484375,0.8966730833053589
297,1118,29871,197.56040954589844,240.71286010742188,170.84718322753906,231.021240234375,0.850931704044342
298,1118,16548,98.27447509765625,881.423095703125,245.31283569335938,241.236328125,0.30549901723861694
299,1119,16548,643.6497802734375,146.2689208984375,236.56591796875,227.196533203125,0.9704603552818298
300,1119,6563,193.21343994140625,708.9012451171875,217.60760498046875,358.36376953125,0.9381712079048157
301,1119,3544,107.74331665039062,207.431640625,210.84970092773438,200.53607177734375,0.8366327881813049
302,1119,29871,632.36865234375,827.5455322265625,170.220703125,236.81103515625,0.8028781414031982
303,112,3544,125.80593872070312,235.64495849609375,209.020263671875,201.4725341796875,0.925015926361084
304,112,16551,155.4298095703125,586.61181640625,308.0582275390625,469.79345703125,0.9041414260864258
305,112,10221,631.8675537109375,199.8807373046875,224.6123046875,215.11090087890625,0.821796178817749
306,112,33009,561.796630859375,810.556396484375,372.4119873046875,209.736328125,0.37398168444633484
307,1121,28763,618.9609985351562,860.5010986328125,223.1876220703125,215.29638671875,0.9496667981147766
308,1121,3483,126.273193359375,272.40374755859375,269.86041259765625,187.22857666015625,0.816002368927002
309,1121,29667,136.5025634765625,871.7794189453125,231.80328369140625,227.064697265625,0.8153794407844543
310,1121,25469,573.5660400390625,193.0404052734375,330.574951171875,280.37591552734375,0.5509440898895264
311,1123,27733,563.1492309570312,262.575927734375,303.8663330078125,265.20361328125,0.9419261813163757
312,1123,16262,150.68605041503906,804.08544921875,250.56834411621094,240.626220703125,0.8547933101654053
313,1123,25367,490.17889404296875,668.798095703125,455.5543212890625,437.100830078125,0.8365516662597656
314,1123,3483,123.84913635253906,306.918212890625,270.61875915527344,200.4425048828125,0.8207331299781799
315,1125,25367,63.68815612792969,161.8631591796875,444.86146545410156,424.31787109375,0.869600236415863
316,1125,3483,606.1806640625,791.25830078125,276.627197265625,210.693115234375,0.8391854166984558
317,1125,27733,121.65451049804688,765.38525390625,317.23443603515625,277.364990234375,0.8380751013755798
318,1125,16262,589.0848388671875,226.0291748046875,244.4632568359375,231.1805419921875,0.773776113986969
319,1126,31885,510.763671875,731.525146484375,462.364501953125,475.136962890625,0.9421999454498291
320,1126,20877,545.133056640625,294.536865234375,326.982177734375,233.52423095703125,0.8947954773902893
321,1126,16262,107.88296508789062,834.577880859375,251.10366821289062,242.961181640625,0.839147686958313
322,1126,3483,142.41847229003906,291.7611083984375,212.60984802246094,254.9002685546875,0.8186625838279724
323,1129,22347,680.9171142578125,827.3402099609375,213.510498046875,206.46875,0.9400414824485779
324,1129,27733,563.185302734375,262.62835693359375,304.133056640625,264.3857421875,0.9345690608024597
325,1129,20238,113.06629180908203,854.779296875,230.43456268310547,226.4052734375,0.9218878746032715
326,1129,3483,123.5791015625,306.24993896484375,270.4625244140625,200.58251953125,0.8271529674530029
327,113,33009,78.22245788574219,268.4571533203125,362.43397521972656,221.13055419921875,0.9442554712295532
328,113,3544,658.6505126953125,833.89111328125,214.403564453125,212.0372314453125,0.9400808811187744
329,113,10221,124.84182739257812,844.381591796875,230.56292724609375,226.315673828125,0.8789103031158447
330,113,16551,530.4862060546875,229.26446533203125,305.1524658203125,457.06219482421875,0.7035910487174988
331,1135,1900,151.90255737304688,255.33555603027344,196.54388427734375,161.99928283691406,0.9064805507659912
332,1135,33009,549.3363037109375,837.1199951171875,376.096435546875,197.9232177734375,0.8043259382247925
333,1135,18110,77.41326904296875,791.3858642578125,306.69647216796875,291.10498046875,0.8006902933120728
334,1135,16551,607.5623779296875,55.21562194824219,283.678466796875,483.50965881347656,0.6916517019271851
335,1136,33009,86.447021484375,257.5343017578125,366.707275390625,208.83685302734375,0.9501917362213135
336,1136,16551,89.85809326171875,704.6556396484375,297.3824462890625,493.2398681640625,0.8855608701705933
337,1136,1900,643.0199584960938,856.4342041015625,205.63623046875,171.023681640625,0.8513740301132202
338,1136,18110,612.1847534179688,221.7819061279297,298.679931640625,286.49488830566406,0.5943965315818787
339,1138,34597,28.159912109375,82.22337341308594,373.95697021484375,485.42408752441406,0.9429497122764587
340,1138,20238,595.55322265625,174.15057373046875,219.79736328125,213.919677734375,0.9176626801490784
341,1138,3483,560.52490234375,812.3458862304688,288.6651611328125,174.817626953125,0.772282063961029
342,1138,27653,63.504112243652344,812.3731689453125,225.85962677001953,210.093505859375,0.7650641202926636
343,114,16551,122.86946105957031,535.82763671875,311.50267028808594,480.819580078125,0.9298657178878784
344,114,3544,109.41995239257812,225.18637084960938,204.61373901367188,199.026611328125,0.9257026314735413
345,114,10221,603.275390625,192.64300537109375,221.0584716796875,214.7847900390625,0.8988885879516602
346,114,33009,532.9541015625,764.345458984375,379.124267578125,224.355712890625,0.4547901451587677
347,1140,34597,45.590362548828125,113.42771911621094,380.6268310546875,477.61537170410156,0.9461037516593933
348,1140,20238,622.336669921875,177.43508911132812,225.5782470703125,215.84307861328125,0.8804674744606018
349,1140,27653,96.60570526123047,853.1514892578125,223.06861114501953,207.171875,0.7974141836166382
350,1140,3483,585.7362670898438,845.1573486328125,286.84765625,166.8004150390625,0.7109386324882507
351,1141,23223,569.8961181640625,570.8681640625,300.983642578125,502.296630859375,0.9393076300621033
352,1141,25438,555.517333984375,195.5388946533203,247.1552734375,251.86814880371094,0.8847522139549255
353,1141,2483,69.176513671875,654.913330078125,301.89691162109375,447.079345703125,0.8118956089019775
354,1141,12081,63.746826171875,117.65936279296875,231.50347900390625,429.39801025390625,0.7368243336677551
355,1142,23223,63.856170654296875,132.18434143066406,296.5323181152344,502.32749938964844,0.9857881665229797
356,1142,25438,121.12362670898438,821.7752685546875,256.65032958984375,254.362548828125,0.8008781671524048
357,1142,12081,642.4592895507812,701.9320068359375,247.6781005859375,449.64697265625,0.5871614813804626
358,1142,2483,579.80078125,120.28887939453125,291.536376953125,443.78826904296875,0.34970492124557495
359,1143,23223,66.42105102539062,161.36956787109375,297.0331726074219,504.952392578125,0.9853271245956421
360,1143,25438,121.60456848144531,833.92724609375,262.11045837402344,267.304443359375,0.8044323325157166
361,1143,2483,568.5079345703125,147.40087890625,299.921142578125,441.14935302734375,0.7814731597900391
362,1143,12081,652.3385009765625,705.6624755859375,255.4300537109375,470.3505859375,0.6403418183326721
363,1144,31885,56.699188232421875,176.5166015625,438.0006103515625,480.2608642578125,0.8900541067123413
364,1144,3483,602.2333984375,844.7127685546875,278.60498046875,187.458740234375,0.7928082942962646
365,1144,25469,49.551788330078125,856.6556396484375,377.3996276855469,220.2979736328125,0.7593881487846375
366,1144,16262,573.4244384765625,195.5685272216797,244.19189453125,230.17018127441406,0.7266483902931213
367,1148,16232,146.071044921875,732.0504150390625,195.85260009765625,192.06689453125,0.919393002986908
368,1148,3351,385.239501953125,159.2578125,182.6590576171875,190.559814453125,0.8925109505653381
369,1148,41768,554.6240234375,632.3272705078125,270.89697265625,307.27978515625,0.36520326137542725
370,1149,16232,188.5628662109375,820.6348266601562,193.8699951171875,191.3419189453125,0.9063965678215027
371,1149,3351,425.8307800292969,220.5316162109375,185.85964965820312,183.11187744140625,0.8663276433944702
372,115,27733,558.9683227539062,256.41278076171875,302.6954345703125,264.48455810546875,0.9355015754699707
373,115,3483,122.88629150390625,307.53955078125,271.712646484375,199.53985595703125,0.8268343210220337
374,115,36637,98.70315551757812,880.6541748046875,271.0320129394531,179.8277587890625,0.8151311874389648
375,115,25367,496.29754638671875,643.3138427734375,421.1085205078125,467.6474609375,0.6826937794685364
376,1150,34597,81.49824523925781,53.93962097167969,401.79100036621094,463.69703674316406,0.9240690469741821
377,1150,29667,630.3273315429688,163.5765380859375,223.0228271484375,216.02972412109375,0.8151859045028687
378,1150,27777,175.32127380371094,810.7901611328125,177.96339416503906,199.244384765625,0.7966932654380798
379,1150,3483,563.0126953125,814.241455078125,265.462158203125,220.5859375,0.7526819705963135
380,1153,16232,644.216552734375,176.6241455078125,193.348388671875,185.9383544921875,0.8907928466796875
381,1153,22347,142.96145629882812,208.67877197265625,208.86212158203125,198.7783203125,0.8686655163764954
382,1153,3483,600.776123046875,868.273681640625,259.606201171875,229.934814453125,0.7703660726547241
383,1153,19861,125.95111083984375,863.998291015625,221.44488525390625,169.3468017578125,0.7014597058296204
384,1154,22347,127.30404663085938,201.56732177734375,202.83132934570312,195.58160400390625,0.8907984495162964
385,1154,16232,617.056884765625,175.2387237548828,186.85546875,179.03794860839844,0.8632825613021851
386,1154,19861,90.50897216796875,827.2879028320312,227.7489013671875,176.4840087890625,0.799079954624176
387,1154,3483,572.8726806640625,838.256591796875,262.310302734375,228.43017578125,0.7553810477256775
388,1155,22347,640.3524169921875,860.6561279296875,214.04931640625,208.2691650390625,0.9074919819831848
389,1155,16232,142.59649658203125,900.1495361328125,197.43734741210938,194.150390625,0.8909748792648315
390,1155,3483,151.8709716796875,219.63189697265625,244.4476318359375,220.250732421875,0.8694453835487366
391,1155,19861,637.5672607421875,278.01678466796875,221.055419921875,168.7310791015625,0.5127557516098022
392,1156,16262,572.2838134765625,309.3238525390625,244.2216796875,234.6444091796875,0.859241783618927
393,1156,3351,392.23126220703125,857.4735107421875,190.919189453125,192.51416015625,0.7751285433769226
394,1156,13900,182.6373291015625,284.64581298828125,206.4989013671875,228.37457275390625,0.5654756426811218
395,1157,13900,552.6522216796875,716.597900390625,213.959716796875,240.44189453125,0.7785307168960571
396,1157,3351,354.584716796875,181.79901123046875,184.5968017578125,188.4495849609375,0.7108769416809082
397,1157,16262,109.30380249023438,675.881591796875,250.13912963867188,247.975830078125,0.657062828540802
398,1158,13900,592.6229858398438,806.90234375,209.025634765625,235.304443359375,0.7943431735038757
399,1158,16262,151.012451171875,767.6090087890625,246.4891357421875,236.62255859375,0.7469757199287415
400,1158,3351,396.56787109375,243.39669799804688,184.7135009765625,181.38714599609375,0.7310594916343689
401,1159,3351,400.01446533203125,808.8525390625,190.9482421875,190.013916015625,0.8768766522407532
402,1159,18357,149.9560089111328,298.904541015625,245.88414001464844,356.58074951171875,0.8222874999046326
403,1159,16232,647.0067749023438,295.2358093261719,189.6480712890625,193.38885498046875,0.7737827897071838
404,1161,18357,586.2103271484375,615.4090576171875,240.446533203125,373.485107421875,0.9330575466156006
405,1161,3351,386.48663330078125,281.43609619140625,183.25830078125,181.6241455078125,0.8695078492164612
406,1161,16232,130.80538940429688,817.2760620117188,191.1341552734375,187.930419921875,0.5795939564704895
407,1163,16551,40.577789306640625,604.574951171875,306.7663879394531,472.95166015625,0.943014919757843
408,1163,3544,116.60382843017578,185.4419708251953,210.45757293701172,201.25193786621094,0.928005039691925
409,1163,10221,655.6715698242188,198.23049926757812,226.0008544921875,214.94561767578125,0.47407954931259155
410,1164,16551,11.20404052734375,555.4373779296875,302.862060546875,480.0684814453125,0.9402702450752258
411,1164,10221,627.4189453125,191.78628540039062,220.9573974609375,216.14599609375,0.9045153260231018
412,1164,3544,102.6558837890625,180.02999877929688,204.32211303710938,199.3212890625,0.8978537321090698
413,1166,3483,126.1771240234375,272.2112121582031,270.36669921875,188.22320556640625,0.8127825856208801
414,1166,36637,129.04034423828125,830.5289306640625,184.46270751953125,261.654541015625,0.7447835803031921
415,1166,25367,568.2782592773438,681.417236328125,395.0654296875,493.90185546875,0.6908775568008423
416,1166,25469,573.9366455078125,191.60867309570312,328.75830078125,282.97528076171875,0.5430642366409302
417,1167,25367,48.65570068359375,91.97491455078125,389.70721435546875,479.28131103515625,0.8441029191017151
418,1167,36637,673.2275390625,173.31138610839844,176.157958984375,253.69239807128906,0.8041273951530457
419,1167,3483,602.3092041015625,846.22607421875,278.797119140625,186.5699462890625,0.7948364615440369
420,1167,25469,84.74679565429688,830.142333984375,348.23260498046875,302.43701171875,0.5680009722709656
421,1168,30308,41.04833984375,14.1998291015625,351.2294921875,428.45263671875,0.8948460221290588
422,1168,29667,592.2169799804688,169.85836791992188,217.9217529296875,213.867431640625,0.8837558627128601
423,1168,3483,574.9971923828125,813.31298828125,280.09375,190.112060546875,0.801778256893158
424,1168,25469,48.483612060546875,786.2747802734375,355.8648986816406,300.509765625,0.572670042514801
425,1170,30308,53.601776123046875,21.09783935546875,364.4325866699219,441.76690673828125,0.9070576429367065
426,1170,29667,619.2551879882812,172.85357666015625,223.8114013671875,216.04864501953125,0.8675388693809509
427,1170,3483,601.8683471679688,845.1868896484375,278.7703857421875,187.3016357421875,0.7979893088340759
428,1170,25469,84.35430908203125,830.3175048828125,347.85980224609375,300.3115234375,0.5802949070930481
429,1171,16548,577.921630859375,744.923583984375,242.4205322265625,234.521240234375,0.9677851796150208
430,1171,4543,640.123046875,152.98583984375,203.068603515625,198.28829956054688,0.9043871760368347
431,1171,3544,121.36959838867188,181.30455017089844,205.14682006835938,199.49159240722656,0.8909735083580017
432,1171,10221,91.81253051757812,789.136962890625,226.61416625976562,220.0833740234375,0.8355174660682678
433,1173,10221,642.5781860351562,262.68841552734375,220.8426513671875,211.09368896484375,0.9752529263496399
434,1173,3544,645.4100341796875,877.3148193359375,217.337646484375,212.7906494140625,0.9598339796066284
435,1173,16548,158.99356079101562,287.2244873046875,233.864501953125,224.1026611328125,0.9123536944389343
436,1173,4543,104.11813354492188,906.353759765625,213.36175537109375,211.4423828125,0.7812235355377197
437,1174,29667,123.59194946289062,863.7802734375,232.15817260742188,227.598876953125,0.8694018721580505
438,1174,27653,671.0352172851562,255.01492309570312,221.530029296875,200.20587158203125,0.8022499680519104
439,1174,30308,574.95751953125,757.07421875,398.356201171875,426.3721923828125,0.7828912734985352
440,1174,3483,132.427978515625,290.03961181640625,276.01373291015625,171.4583740234375,0.7595528364181519
441,1176,29667,631.8463134765625,180.84521484375,224.15478515625,213.34454345703125,0.8578340411186218
442,1176,27653,93.66549682617188,852.111083984375,222.55856323242188,207.0625,0.7903205156326294
443,1176,30308,40.720184326171875,75.66766357421875,391.3912353515625,419.12713623046875,0.7685410380363464
444,1176,3483,584.3428955078125,845.2130126953125,286.3515625,165.72998046875,0.729362428188324
445,1178,31885,104.30842590332031,48.767333984375,402.87181091308594,500.24658203125,0.9219779372215271
446,1178,20238,575.4808959960938,191.03363037109375,222.287353515625,215.07513427734375,0.8837432861328125
447,1178,27777,144.36920166015625,777.451416015625,180.4027099609375,204.9410400390625,0.8282780647277832
448,1178,3483,537.868408203125,779.9698486328125,266.76513671875,225.551025390625,0.6859909296035767
449,118,16688,421.3131103515625,75.57708740234375,431.2293701171875,520.5358276367188,0.8529506921768188
450,118,3351,456.2994079589844,845.7801513671875,191.21926879882812,191.3477783203125,0.8328051567077637
451,118,13900,63.819091796875,312.91583251953125,228.46722412109375,209.672607421875,0.7697093486785889
452,1180,21325,188.089111328125,307.05059814453125,169.7286376953125,225.5,0.9455488920211792
453,1180,19232,496.21356201171875,234.1457061767578,330.715576171875,254.46849060058594,0.7838569283485413
454,1180,3351,393.35791015625,917.074462890625,191.83306884765625,191.1590576171875,0.7429265379905701
455,1184,21026,683.748291015625,276.427490234375,178.5426025390625,171.63641357421875,0.8307321667671204
456,1184,1900,185.6798858642578,272.2333068847656,203.75328063964844,138.3231201171875,0.7857620120048523
457,1184,16548,140.89727783203125,876.96923828125,245.71295166015625,239.9609375,0.6028233170509338
458,1184,24850,673.4970703125,828.4798583984375,188.5263671875,301.0579833984375,0.31713104248046875
459,1185,16548,601.66162109375,150.78921508789062,238.3486328125,225.2176513671875,0.9676965475082397
460,1185,1900,608.525390625,898.4810791015625,209.126220703125,140.23046875,0.777006208896637
461,1185,21026,123.60693359375,865.20751953125,181.922119140625,178.532958984375,0.5685152411460876
462,1185,24850,137.22076416015625,143.70249938964844,184.68841552734375,294.98744201660156,0.26757746934890747
463,1186,19552,510.86468505859375,556.8251953125,320.726318359375,492.29248046875,0.9256339073181152
464,1186,5094,550.057861328125,190.32142639160156,274.90234375,269.22288513183594,0.912455141544342
465,1186,2483,85.5462875366211,678.715576171875,238.64832305908203,479.723388671875,0.7433398365974426
466,1186,4378,137.81338500976562,103.62994384765625,214.02438354492188,444.968017578125,0.4988064765930176
467,1187,5094,104.33291625976562,799.7015380859375,280.3846740722656,277.073974609375,0.8827229738235474
468,1187,2483,616.4556884765625,53.86761474609375,221.440185546875,481.51702880859375,0.835151195526123
469,1187,19552,108.40701293945312,157.9124298095703,323.6849365234375,490.49778747558594,0.8139097690582275
470,1187,4378,592.168212890625,702.329345703125,213.931884765625,451.22900390625,0.37643861770629883
471,1189,2483,590.661865234375,69.21382141113281,247.4659423828125,479.93321228027344,0.865426778793335
472,1189,3743,116.93035888671875,785.3309326171875,325.1846923828125,321.1583251953125,0.8225327134132385
473,1189,22627,97.87841796875,133.63746643066406,311.44793701171875,485.54808044433594,0.7645135521888733
474,1189,12081,600.381591796875,706.0885009765625,237.57958984375,454.15869140625,0.4059097468852997
475,119,13900,652.0116577148438,707.979248046875,230.99072265625,218.6455078125,0.9025762677192688
476,119,3351,292.835205078125,191.60275268554688,185.537353515625,191.46441650390625,0.8671833276748657
477,1190,22627,100.11550903320312,160.630859375,309.5330810546875,490.23382568359375,0.8893099427223206
478,1190,2483,583.576416015625,97.59918212890625,236.236328125,478.34832763671875,0.8262794017791748
479,1190,3743,118.50372314453125,798.7052001953125,332.198974609375,328.05517578125,0.7834721207618713
480,1190,12081,607.178955078125,715.7288818359375,245.612548828125,467.5675048828125,0.6124119758605957
481,1191,22627,527.697021484375,587.5887451171875,310.6376953125,485.264404296875,0.8585061430931091
482,1191,12081,107.36743927001953,110.1402587890625,230.75066375732422,431.1055908203125,0.6192125082015991
483,1191,2483,89.69854736328125,665.274169921875,260.1226806640625,476.4443359375,0.4454774558544159
484,1192,33009,85.8533935546875,257.09228515625,367.92657470703125,208.1829833984375,0.9370267391204834
485,1192,24850,645.4496459960938,207.9490966796875,179.10595703125,275.2734375,0.8604449033737183
486,1192,1900,643.6620483398438,855.99609375,205.6815185546875,171.9267578125,0.8542376756668091
487,1192,16551,85.74273681640625,693.38037109375,293.4385986328125,501.735595703125,0.5243161916732788
488,1194,16551,611.3087768554688,65.50531005859375,290.4327392578125,479.41497802734375,0.9282286167144775
489,1194,1900,151.5066680908203,255.19363403320312,196.03746032714844,162.2105712890625,0.9077650904655457
490,1194,33009,550.697998046875,837.2685546875,375.1748046875,199.29736328125,0.8269848823547363
491,1194,24850,161.9779510498047,816.258056640625,183.39881896972656,297.472900390625,0.7874998450279236
492,1196,28763,614.646484375,888.0035400390625,223.4842529296875,213.07763671875,0.9350943565368652
493,1196,35206,135.6746826171875,707.844482421875,245.59423828125,411.803466796875,0.9087395071983337
494,1196,3483,172.19140625,275.73150634765625,260.548583984375,219.3314208984375,0.8077907562255859
495,1196,27777,636.19384765625,293.1705322265625,176.14501953125,196.0250244140625,0.6734249591827393
496,1197,35206,615.3612060546875,140.3692626953125,222.4390869140625,404.855712890625,0.9219191670417786
497,1197,27777,177.75482177734375,812.2657470703125,177.95086669921875,199.3525390625,0.7906758785247803
498,1197,3483,566.688720703125,812.3199462890625,265.5037841796875,220.637939453125,0.7288971543312073
499,1198,20238,603.822021484375,196.65585327148438,227.3819580078125,214.399658203125,0.8784880042076111
500,1198,27777,176.8951416015625,813.830810546875,178.2054443359375,198.766357421875,0.8016138672828674
501,1198,28763,129.3349609375,217.2212677001953,212.4176025390625,202.76170349121094,0.7996095418930054
502,1198,3483,566.62548828125,814.74072265625,264.8455810546875,220.4996337890625,0.744797945022583
503,1199,28763,648.7139892578125,849.8203125,222.3814697265625,215.09130859375,0.948868453502655
504,1199,20238,151.57566833496094,850.813720703125,232.79493713378906,225.360595703125,0.9153304100036621
505,1199,3483,172.3543243408203,272.63177490234375,261.48936462402344,220.3033447265625,0.8146652579307556
506,1199,27777,637.397216796875,292.81524658203125,175.8662109375,195.3509521484375,0.6502450108528137
507,120,3351,333.30255126953125,254.8581085205078,184.7825927734375,182.19834899902344,0.87205570936203
508,120,13900,689.5927734375,797.8702392578125,230.606689453125,215.63134765625,0.869070827960968
509,120,16688,121.7437744140625,677.43212890625,458.2542724609375,572.91796875,0.4630942642688751
510,1201,12247,581.6332397460938,813.7833251953125,214.615234375,155.1082763671875,0.9643157720565796
511,1201,16548,584.4927978515625,213.1726837158203,232.759521484375,224.96812438964844,0.9583376049995422
512,1201,21026,101.49945068359375,823.7364501953125,180.59085083007812,177.900146484375,0.671915590763092
513,1201,3544,144.12310791015625,189.3117218017578,205.4146728515625,196.93443298339844,0.5373804569244385
514,1204,22074,686.8482666015625,264.5699768066406,183.931884765625,185.42327880859375,0.9561505317687988
515,1204,3351,393.09967041015625,858.648193359375,191.8892822265625,195.1121826171875,0.8163381814956665
516,1204,32310,70.52432250976562,218.6739501953125,340.7374267578125,250.935546875,0.2747715413570404
517,1206,22074,90.93362426757812,853.67138671875,188.24191284179688,188.9095458984375,0.9776246547698975
518,1206,32310,568.6187744140625,815.776611328125,355.607421875,273.240478515625,0.962588906288147
519,1206,3351,394.81597900390625,223.88204956054688,184.31866455078125,182.390625,0.8430443406105042
520,1207,16232,151.7271728515625,828.2391357421875,192.846923828125,193.021240234375,0.9320237636566162
521,1207,3483,171.18505859375,275.47943115234375,262.1724853515625,219.34814453125,0.8179532885551453
522,1207,27777,636.340087890625,293.10443115234375,176.1004638671875,195.9644775390625,0.6397134065628052
523,1207,22347,684.4820556640625,813.6890869140625,214.368408203125,206.24853515625,0.32515591382980347
524,1209,16232,642.659423828125,251.6219482421875,189.0341796875,181.60406494140625,0.8938596248626709
525,1209,22347,100.02157592773438,260.16986083984375,206.87045288085938,197.545654296875,0.8683320879936218
526,1209,27777,178.08676147460938,812.049072265625,177.55047607421875,199.75,0.8093742728233337
527,1209,3483,566.8218994140625,813.06884765625,265.290283203125,220.781982421875,0.7289984226226807
528,1210,34597,67.97019958496094,139.28648376464844,471.26380920410156,387.92506408691406,0.9787207841873169
529,1210,20877,115.65907287597656,769.10205078125,331.98875427246094,230.3045654296875,0.9437310099601746
530,1210,35206,656.0711669921875,175.0673828125,226.876953125,404.9771728515625,0.9268286228179932
531,1210,3483,650.2239990234375,749.571044921875,210.890869140625,268.623291015625,0.8203973770141602
532,1212,34597,454.9544677734375,708.919677734375,481.108642578125,404.224365234375,0.9765902161598206
533,1212,35206,98.34143829345703,671.840087890625,233.17461395263672,409.71435546875,0.9041365385055542
534,1212,20877,543.4420166015625,295.031982421875,328.30224609375,232.8946533203125,0.8623494505882263
535,1212,3483,141.798828125,293.43060302734375,211.14471435546875,255.37603759765625,0.8106381297111511
536,1213,22627,103.28424072265625,4.1522216796875,313.6341552734375,484.6765441894531,0.8562453389167786
537,1213,5886,591.3238525390625,677.7962646484375,235.1968994140625,492.8017578125,0.8459082245826721
538,1213,25438,127.49986267089844,836.8968505859375,255.51368713378906,253.98193359375,0.8401681184768677
539,1213,2483,660.27392578125,63.04638671875,203.067138671875,485.7713623046875,0.7470977306365967
540,1214,22627,108.46287536621094,33.83152770996094,308.76808166503906,494.81727600097656,0.8616795539855957
541,1214,25438,129.4064483642578,848.4383544921875,261.55796813964844,269.325927734375,0.7784380316734314
542,1214,2483,655.5224609375,92.92201232910156,199.43994140625,478.80027770996094,0.7448135018348694
543,1214,5886,600.8665771484375,677.0770263671875,246.62109375,510.113525390625,0.670353353023529
544,1216,10221,130.00900268554688,845.82177734375,228.74826049804688,225.794921875,0.9693255424499512
545,1216,27926,154.30279541015625,177.25433349609375,265.95367431640625,451.80938720703125,0.9480863213539124
546,1216,16551,617.2959594726562,177.89727783203125,283.7476806640625,464.124267578125,0.865715742111206
547,1216,3544,658.2474975585938,865.2496337890625,217.468017578125,214.697509765625,0.7764877080917358
548,1219,29345,576.491455078125,667.0819091796875,289.614013671875,447.1790771484375,0.9621158242225647
549,1219,3544,103.15780639648438,241.5023956298828,205.86199951171875,200.72068786621094,0.8173476457595825
550,1219,10221,649.4840087890625,208.35760498046875,220.30224609375,214.39105224609375,0.8160542249679565
551,1219,16551,63.556671142578125,579.7969970703125,335.4421081542969,465.410400390625,0.8111987709999084
552,122,29667,592.1796875,171.41404724121094,218.132080078125,213.77406311035156,0.885349452495575
553,122,25367,55.21429443359375,92.29698181152344,366.7193603515625,479.11842346191406,0.8301230669021606
554,122,3483,575.0451049804688,812.7154541015625,279.3043212890625,191.557373046875,0.7948172092437744
555,122,25469,48.556182861328125,786.9942626953125,355.5338134765625,298.90087890625,0.5472830533981323
556,1220,29345,604.7103271484375,703.6429443359375,285.884521484375,445.784912109375,0.9681828022003174
557,1220,3544,118.64352416992188,252.4342498779297,210.44967651367188,201.05458068847656,0.8507059216499329
558,1220,16551,93.1636962890625,630.0604248046875,338.77227783203125,454.5712890625,0.8400201201438904
559,1222,36637,613.4393310546875,204.2176055908203,187.1507568359375,240.82322692871094,0.8957846760749817
560,1222,3483,559.6436767578125,812.5341796875,288.2044677734375,174.3017578125,0.7761566638946533
561,1222,27653,61.756629943847656,812.21875,225.72020721435547,209.544677734375,0.7625890374183655
562,1222,25367,93.18043518066406,108.60595703125,320.25950622558594,491.608642578125,0.47823089361190796
563,1224,36637,643.1419677734375,208.42474365234375,190.0299072265625,247.64599609375,0.9300654530525208
564,1224,27653,95.3006591796875,852.975341796875,222.31842041015625,206.976318359375,0.7899316549301147
565,1224,3483,585.3880615234375,844.6923828125,286.3123779296875,167.127685546875,0.7286034822463989
566,1224,25367,116.16006469726562,125.625,315.83367919921875,497.59246826171875,0.4086664021015167
567,1226,31885,121.5068359375,11.54833984375,326.16339111328125,538.4788818359375,0.8562799096107483
568,1226,19861,125.22625732421875,863.7294921875,223.3245849609375,168.819091796875,0.8053478598594666
569,1226,3483,600.9755249023438,868.1046142578125,259.1136474609375,229.5390625,0.7844769358634949
570,1226,35206,581.427490234375,97.06797790527344,288.95263671875,378.87391662597656,0.7404378056526184
571,1227,31885,543.2415771484375,699.463134765625,338.874755859375,552.893310546875,0.9336357712745667
572,1227,3483,151.8980712890625,220.05755615234375,244.28839111328125,220.817626953125,0.8702651858329773
573,1227,35206,107.98529052734375,774.0076904296875,302.3125,392.0467529296875,0.7898178696632385
574,1227,19861,637.884521484375,278.3135986328125,220.383544921875,168.6224365234375,0.4412229359149933
575,1232,20877,595.8349609375,261.1942138671875,320.547607421875,240.7838134765625,0.902021586894989
576,1232,31885,545.6834716796875,661.6239013671875,402.408935546875,519.2813720703125,0.8399226069450378
577,1232,3483,144.03753662109375,289.384521484375,212.78411865234375,255.119140625,0.8207263350486755
578,1232,29667,133.35787963867188,859.4852294921875,230.58056640625,225.953125,0.7347692251205444
579,1235,16548,618.842529296875,144.71051025390625,240.31396484375,228.30059814453125,0.9699789881706238
580,1235,1900,151.06439208984375,254.64686584472656,196.43218994140625,162.57566833496094,0.9071955680847168
581,1235,33009,549.5340576171875,836.9007568359375,376.6044921875,198.87451171875,0.8486990928649902
582,1235,21771,160.02102661132812,804.922607421875,192.1025390625,188.0069580078125,0.32819271087646484
583,1237,16548,613.1771240234375,189.20947265625,238.7431640625,224.6317138671875,0.9522475004196167
584,1237,31705,169.9508056640625,687.0899658203125,250.360595703125,445.015869140625,0.9223336577415466
585,1237,44199,630.994873046875,803.262939453125,167.869873046875,278.1923828125,0.7871617674827576
586,1237,1900,104.2125244140625,269.65960693359375,205.61376953125,123.664794921875,0.7625327110290527
587,1238,31705,569.8933715820312,176.43028259277344,250.771484375,423.93568420410156,0.9088296890258789
588,1238,44199,207.009765625,233.5486602783203,156.1898193359375,269.72447204589844,0.9029585719108582
589,1238,1900,682.3579711914062,879.302001953125,211.4276123046875,133.919921875,0.7810328006744385
590,1238,16548,128.93377685546875,844.135498046875,245.35235595703125,236.130615234375,0.7594934105873108
591,1239,16548,584.837890625,182.06939697265625,233.6727294921875,226.43231201171875,0.9417215585708618
592,1239,31705,138.7334747314453,645.5682373046875,251.56993103027344,451.2635498046875,0.9067877531051636
593,1239,44199,602.112060546875,769.868896484375,174.140380859375,284.878173828125,0.8723856806755066
594,1239,1900,86.63824462890625,258.5704345703125,202.81494140625,128.34521484375,0.8130881786346436
595,124,21771,684.9562377929688,883.339111328125,200.3055419921875,193.638427734375,0.93199622631073
596,124,21026,670.4974975585938,274.0185546875,180.25634765625,171.6759033203125,0.7791832089424133
597,124,1900,173.03631591796875,279.58062744140625,204.1575927734375,142.2755126953125,0.7725702524185181
598,124,16551,0.0,766.4471435546875,373.90594482421875,455.6025390625,0.5323237776756287
599,1242,29345,92.557861328125,707.201416015625,287.2697448730469,444.85400390625,0.9841508865356445
600,1242,44199,636.0869140625,807.7159423828125,163.90673828125,285.809814453125,0.9279354810714722
601,1242,16551,545.8244018554688,94.04493713378906,287.744384765625,461.50535583496094,0.9088671207427979
602,1242,1900,159.69320678710938,257.896240234375,128.074951171875,199.7420654296875,0.7707265615463257
603,1243,27733,122.260986328125,764.8336181640625,317.24322509765625,278.3565673828125,0.8404578566551208
604,1243,3483,607.2484130859375,790.3132934570312,276.034423828125,211.156494140625,0.83025062084198
605,1243,35206,596.9256591796875,126.86651611328125,258.9384765625,390.30352783203125,0.821079671382904
606,1243,30308,65.30342102050781,138.13563537597656,380.52146911621094,427.90733337402344,0.8098375201225281
607,1244,27733,562.477294921875,262.11767578125,303.6893310546875,265.98699951171875,0.9360544085502625
608,1244,35206,122.65910339355469,733.9388427734375,275.40260314941406,402.2623291015625,0.8799006938934326
609,1244,30308,563.015380859375,688.2628173828125,381.0111083984375,431.451171875,0.8396850228309631
610,1244,3483,122.64726257324219,307.5418701171875,270.58949279785156,200.134521484375,0.8219006061553955
611,1245,30308,53.55657958984375,121.9573974609375,364.75115966796875,417.14617919921875,0.8792868256568909
612,1245,35206,569.4051513671875,119.60981750488281,249.18359375,379.15208435058594,0.835333526134491
613,1245,27733,85.55865478515625,727.150146484375,323.6826171875,282.19775390625,0.8195680975914001
614,1245,3483,578.438720703125,759.0785522460938,276.6817626953125,210.2227783203125,0.7687984108924866
615,1246,34597,55.504608154296875,78.119140625,392.85040283203125,467.11865234375,0.9294158220291138
616,1246,16262,575.6463012695312,189.51356506347656,236.896240234375,226.87193298339844,0.8752756714820862
617,1246,27777,144.07379150390625,776.854736328125,180.5762939453125,205.1458740234375,0.8316105604171753
618,1246,3483,537.314697265625,779.9133911132812,267.2191162109375,224.8695068359375,0.6890897154808044
619,1248,34597,522.1417236328125,662.79248046875,413.81396484375,483.3336181640625,0.8947733044624329
620,1248,16262,136.05520629882812,835.7567138671875,249.7354736328125,241.555908203125,0.855579137802124
621,1248,3483,173.0939178466797,272.9151611328125,261.91078186035156,220.48291015625,0.8047894835472107
622,1248,27777,637.1739501953125,293.23846435546875,176.37158203125,195.92230224609375,0.6751213073730469
623,125,21771,116.01165008544922,203.68601989746094,192.07746124267578,184.84559631347656,0.9799148440361023
624,125,16551,619.1644287109375,33.215606689453125,356.8355712890625,439.95147705078125,0.9020289182662964
625,125,1900,622.0360107421875,886.7852783203125,208.3408203125,141.3662109375,0.7878814935684204
626,125,21026,137.10372924804688,867.48193359375,180.49725341796875,178.08349609375,0.5314898490905762
627,1250,12778,102.59747314453125,50.87835693359375,300.29754638671875,540.121826171875,0.9415599703788757
628,1250,5094,105.36927795410156,811.876220703125,287.6444549560547,285.29345703125,0.8686385154724121
629,1250,2483,609.4820556640625,80.48188781738281,214.7120361328125,480.37327575683594,0.8528077006340027
630,1250,4378,598.9140625,699.0494384765625,223.5545654296875,471.7991943359375,0.6813881993293762
631,1251,5094,550.031982421875,190.3461456298828,274.9486083984375,268.90818786621094,0.9050934314727783
632,1251,12778,546.04443359375,650.9808349609375,299.0654296875,526.3070068359375,0.8280496001243591
633,1251,2483,84.17852783203125,678.4267578125,239.13784790039062,480.156494140625,0.6967733502388
634,1251,4378,137.41839599609375,103.46490478515625,214.68878173828125,446.00396728515625,0.6057090759277344
635,1252,20877,72.39620971679688,800.107666015625,326.2655334472656,241.32177734375,0.9451777935028076
636,1252,29667,623.9808349609375,185.31304931640625,224.26416015625,217.16302490234375,0.8282569050788879
637,1252,3483,646.9119873046875,754.3768920898438,211.14599609375,267.34228515625,0.8248047828674316
638,1252,30308,76.179443359375,81.44686889648438,399.61456298828125,410.6234130859375,0.7014603018760681
639,1254,20877,40.22747802734375,753.4338989257812,325.42315673828125,255.056884765625,0.9530643820762634
640,1254,29667,596.7169189453125,181.73980712890625,218.0328369140625,215.2122802734375,0.874439537525177
641,1254,30308,64.35498046875,65.2833251953125,382.04083251953125,404.02874755859375,0.8623652458190918
642,1254,3483,619.8606567382812,723.0499267578125,211.039306640625,270.18115234375,0.8261963129043579
643,1256,31705,131.99343872070312,127.96209716796875,245.2967529296875,421.4256591796875,0.9215500354766846
644,1256,1900,644.078125,830.525634765625,171.571044921875,199.4610595703125,0.8677408695220947
645,1256,16551,91.69461059570312,661.999755859375,306.3417663574219,488.9351806640625,0.6619474291801453
646,1256,19607,654.1759643554688,271.9864501953125,159.1826171875,151.22760009765625,0.4986688792705536
647,126,21771,99.89459228515625,195.7677459716797,187.739990234375,183.15675354003906,0.9407727122306824
648,126,16551,592.541259765625,28.375457763671875,348.5804443359375,431.0251770019531,0.9204126000404358
649,126,1900,593.506103515625,854.1420288085938,213.27490234375,148.6737060546875,0.7479695677757263
650,126,21026,103.91915893554688,834.9595947265625,181.94772338867188,179.3701171875,0.6037707924842834
651,1261,16232,648.3801879882812,231.46530151367188,192.5128173828125,181.267822265625,0.9013740420341492
652,1261,27653,94.65274047851562,852.6666259765625,221.89212036132812,207.252685546875,0.7946731448173523
653,1261,3483,585.9962768554688,846.1715087890625,284.781005859375,167.0751953125,0.773851215839386
654,1261,22347,138.80279541015625,169.917724609375,208.09527587890625,195.597900390625,0.7468435764312744
655,1262,16232,620.25927734375,222.58990478515625,187.24462890625,182.88568115234375,0.8859323263168335
656,1262,3483,559.2640991210938,812.8860473632812,287.5458984375,174.56005859375,0.778795063495636
657,1262,27653,61.204681396484375,811.851318359375,225.83514404296875,209.65576171875,0.7547026872634888
658,1262,22347,124.52731323242188,164.9509735107422,203.129150390625,193.00184631347656,0.4132673740386963
659,1263,16232,140.50079345703125,847.4610595703125,198.14559936523438,191.90478515625,0.9288796186447144
660,1263,27653,670.3697509765625,254.64768981933594,221.6419677734375,199.84596252441406,0.8106458783149719
661,1263,22347,644.248779296875,903.0106201171875,215.9698486328125,209.100830078125,0.8015775084495544
662,1263,3483,131.7032470703125,289.10137939453125,276.28240966796875,171.92327880859375,0.7636777758598328
663,1264,31863,637.1703491210938,322.42376708984375,207.2606201171875,205.3095703125,0.9406019449234009
664,1264,3351,390.9342041015625,860.095947265625,191.849853515625,194.2406005859375,0.8130864500999451
665,1265,3351,355.79638671875,176.77130126953125,185.3253173828125,189.015625,0.8077751994132996
666,1265,31863,79.21807861328125,705.0618896484375,212.88937377929688,213.757080078125,0.779625654220581
667,1265,36637,505.569580078125,661.75537109375,211.78173828125,252.7518310546875,0.42552995681762695
668,1266,3351,396.74493408203125,237.4624481201172,185.77593994140625,183.19386291503906,0.868751585483551
669,1266,31863,122.0806884765625,790.5306396484375,207.958251953125,206.62744140625,0.5658503174781799
670,1266,36637,545.0648193359375,753.39990234375,208.2353515625,244.71044921875,0.5638895630836487
671,1269,13900,618.5653076171875,762.8924560546875,178.5626220703125,260.228271484375,0.9015648365020752
672,1269,3351,360.5921630859375,233.44122314453125,185.4390869140625,181.565673828125,0.8302425742149353
673,1269,36637,218.16375732421875,771.14013671875,211.4002685546875,237.303955078125,0.5601938962936401
674,127,22362,619.645263671875,777.8486328125,256.9188232421875,429.2135009765625,0.8264113068580627
675,127,6192,131.4959259033203,145.95684814453125,293.82957458496094,545.0744018554688,0.7237970232963562
676,127,5094,137.08563232421875,856.3309326171875,286.722412109375,289.21240234375,0.7031230330467224
677,127,2483,642.111328125,116.36199951171875,198.200927734375,472.4136962890625,0.6423435211181641
678,1270,18110,640.3215942382812,269.43890380859375,303.638916015625,287.46563720703125,0.9617670178413391
679,1270,27926,146.3109893798828,144.56011962890625,256.81956481933594,457.9324951171875,0.9259481430053711
680,1270,16548,114.2655029296875,853.46337890625,243.51116943359375,237.071533203125,0.9147989749908447
681,1270,1900,628.97802734375,895.21630859375,212.030517578125,133.2698974609375,0.48432981967926025
682,1272,16548,629.9320068359375,177.40203857421875,237.5751953125,226.6275634765625,0.9686549305915833
683,1272,27926,598.9094848632812,673.0660400390625,254.067138671875,481.92626953125,0.9346847534179688
684,1272,1900,155.86465454101562,250.0479278564453,204.3272705078125,126.11387634277344,0.810886800289154
685,1272,18110,49.9447021484375,738.459716796875,303.9107666015625,289.41650390625,0.36519861221313477
686,1273,13395,110.08386993408203,46.20458984375,243.83611297607422,485.77459716796875,0.878762423992157
687,1273,25438,553.8370361328125,204.3922119140625,247.5401611328125,251.9239501953125,0.8776149749755859
688,1273,6192,542.55615234375,594.0897216796875,293.828369140625,527.2032470703125,0.5568352341651917
689,1274,13395,588.5428466796875,710.3734130859375,241.3006591796875,504.338623046875,0.8989927172660828
690,1274,25438,122.5428466796875,812.0810546875,256.2484130859375,255.2156982421875,0.8505216836929321
691,1274,2483,602.026123046875,44.89146423339844,214.94482421875,486.47328186035156,0.7697449922561646
692,1274,6192,102.85401916503906,82.39996337890625,297.51683044433594,526.5299072265625,0.7274773120880127
693,1278,3832,149.46234130859375,600.93896484375,312.63580322265625,420.978271484375,0.9913610816001892
694,1278,38162,620.8505859375,702.81982421875,191.2459716796875,299.9951171875,0.9470841288566589
695,1278,3351,416.71392822265625,256.17730712890625,184.474365234375,181.94757080078125,0.7216483354568481
696,1279,31705,119.91552734375,131.6455535888672,248.20095825195312,423.59120178222656,0.9427791237831116
697,1279,16551,89.75286865234375,766.4337158203125,301.22552490234375,498.1475830078125,0.9042049646377563
698,1279,21771,672.536865234375,286.344482421875,190.132568359375,181.8751220703125,0.8793950080871582
699,1279,1900,646.7916259765625,856.944091796875,211.58203125,153.67431640625,0.8638840913772583
700,128,22362,606.78759765625,779.697021484375,256.12939453125,410.132080078125,0.8135085105895996
701,128,2483,648.1324462890625,82.05670166015625,199.859619140625,486.61004638671875,0.7535133957862854
702,128,5094,134.9541473388672,847.3790283203125,280.47828674316406,274.005126953125,0.5968359708786011
703,128,6192,131.43450927734375,133.4285888671875,291.28155517578125,524.8013916015625,0.5633948445320129
704,1280,31705,605.1844482421875,690.01025390625,253.005126953125,456.5841064453125,0.9186159372329712
705,1280,16551,574.1454467773438,1.148101806640625,282.9891357421875,450.62945556640625,0.8964893817901611
706,1280,1900,122.51727294921875,262.2991943359375,200.20782470703125,146.61834716796875,0.8829600811004639
707,1280,21771,89.74594116210938,811.1759033203125,198.24819946289062,189.51513671875,0.2737247049808502
708,1282,19552,506.788330078125,589.754150390625,309.080810546875,498.681640625,0.9274795055389404
709,1282,2483,62.636962890625,649.00341796875,202.49200439453125,486.3695068359375,0.8121036291122437
710,1282,13395,81.33743286132812,80.9691162109375,233.71798706054688,486.37646484375,0.7861851453781128
711,1282,3743,499.0163269042969,126.86297607421875,311.0049133300781,301.29461669921875,0.7681316137313843
712,1284,3743,114.05009460449219,827.3846435546875,326.73011779785156,322.7930908203125,0.9223413467407227
713,1284,13395,627.722900390625,674.8326416015625,231.794189453125,498.1357421875,0.8382703065872192
714,1284,19552,120.38446044921875,118.72654724121094,312.76763916015625,498.20338439941406,0.8197721838951111
715,1284,2483,671.7083740234375,83.01295471191406,205.6134033203125,481.21446228027344,0.7961437702178955
716,129,22362,80.16790771484375,73.59588623046875,255.408203125,395.40264892578125,0.9331936240196228
717,129,5094,522.1195068359375,152.0452880859375,270.91357421875,263.50518798828125,0.9077594876289368
718,129,6192,516.8094482421875,541.75048828125,288.18701171875,528.490966796875,0.7510021328926086
719,129,2483,80.52481079101562,641.132080078125,209.77725219726562,493.442626953125,0.5711773633956909
720,1290,29345,591.61083984375,533.891357421875,271.839111328125,445.2520751953125,0.983385443687439
721,1290,16548,538.2269287109375,140.25485229492188,231.404541015625,224.76834106445312,0.9529670476913452
722,1290,1900,162.57284545898438,256.5992736816406,127.63677978515625,199.6680908203125,0.804997444152832
723,1290,18110,44.091400146484375,722.9107055664062,310.1111145019531,299.05078125,0.7357397675514221
724,1293,30308,113.90202331542969,84.04278564453125,310.39418029785156,448.34442138671875,0.9252017140388489
725,1293,20238,575.6292724609375,191.52188110351562,223.168701171875,214.2613525390625,0.8666250109672546
726,1293,27777,144.470947265625,776.988525390625,180.2862548828125,205.2294921875,0.8150436878204346
727,1293,3483,538.0081787109375,780.1409301757812,266.7803955078125,224.9515380859375,0.6817882657051086
728,1294,34597,10.8209228515625,47.575592041015625,418.4542236328125,447.88104248046875,0.9464988112449646
729,1294,35206,679.02197265625,153.785400390625,204.684326171875,407.021240234375,0.9292027354240417
730,1294,27653,95.06637573242188,852.55615234375,222.41342163085938,207.496826171875,0.7970022559165955
731,1294,3483,584.9769287109375,844.8909301757812,286.815673828125,167.477783203125,0.7154229879379272
732,1295,34597,1.72760009765625,19.16497802734375,405.399658203125,458.51611328125,0.9396598935127258
733,1295,35206,650.4264526367188,143.79296875,201.29638671875,400.8504638671875,0.9340127110481262
734,1295,3483,559.5733642578125,812.65771484375,287.175048828125,174.457763671875,0.7943434119224548
735,1295,27653,61.485816955566406,811.8135986328125,224.65972137451172,209.607177734375,0.7594350576400757
736,1296,34597,569.0466918945312,730.1771240234375,406.95330810546875,480.048583984375,0.9282720685005188
737,1296,27653,670.317626953125,254.33901977539062,221.088134765625,200.6029052734375,0.8095439672470093
738,1296,3483,131.36465454101562,289.61468505859375,276.55548095703125,171.50994873046875,0.762614369392395
739,1296,35206,107.3680419921875,684.8560791015625,201.79458618164062,423.6490478515625,0.4419298470020294
740,1297,12420,688.4920654296875,274.79522705078125,182.243408203125,171.264892578125,0.9854395985603333
741,1297,3544,643.9202880859375,920.6829833984375,216.610595703125,213.905517578125,0.9435372948646545
742,1297,4543,156.66160583496094,891.1395263671875,213.45021057128906,212.3355712890625,0.8745068311691284
743,1297,16548,151.384765625,247.0064697265625,232.21826171875,224.44439697265625,0.33137261867523193
744,1298,16548,616.1829833984375,828.2071533203125,236.80810546875,229.6046142578125,0.9706814885139465
745,1298,12420,116.06735229492188,860.360595703125,187.16519165039062,182.09765625,0.9483681917190552
746,1298,3544,138.98681640625,144.32290649414062,210.09442138671875,201.47735595703125,0.9029171466827393
747,1298,4543,616.8280029296875,169.19186401367188,209.29931640625,200.0244140625,0.8746196031570435
748,13,3351,429.725830078125,854.160888671875,191.0548095703125,191.611328125,0.873886227607727
749,13,33880,479.9560852050781,243.44464111328125,439.3739929199219,272.7796630859375,0.8348108530044556
750,13,16232,142.34042358398438,330.8321533203125,196.24362182617188,189.9769287109375,0.8284321427345276
751,130,36637,128.23019409179688,829.5032958984375,193.6070556640625,254.3905029296875,0.9035577774047852
752,130,3483,172.6300048828125,275.36151123046875,262.3358154296875,220.024169921875,0.8077232241630554
753,130,27777,636.1542358398438,293.77447509765625,176.8843994140625,195.518798828125,0.6752712726593018
754,130,30308,511.294921875,773.8304443359375,464.705078125,305.395751953125,0.6107239723205566
755,1300,31885,73.690673828125,128.5054473876953,463.525146484375,462.87278747558594,0.9129003882408142
756,1300,29667,631.497314453125,181.0267333984375,223.884765625,213.6851806640625,0.8583963513374329
757,1300,27653,93.43331909179688,852.318603515625,222.43942260742188,206.65576171875,0.7897950410842896
758,1300,3483,584.1923828125,845.525146484375,287.294921875,165.796875,0.7255880832672119
759,1302,31885,63.85394287109375,100.7843017578125,442.3245849609375,469.172607421875,0.9348831176757812
760,1302,29667,603.48876953125,177.1575927734375,219.15625,213.24859619140625,0.9212446808815002
761,1302,3483,557.8610229492188,812.20458984375,287.736083984375,174.464599609375,0.7719489336013794
762,1302,27653,60.513458251953125,810.9810791015625,225.33377075195312,209.832275390625,0.7354754209518433
763,1305,16551,80.87896728515625,670.7698974609375,334.910888671875,470.952392578125,0.9400782585144043
764,1305,27926,601.2149658203125,161.42787170410156,254.7310791015625,449.49522399902344,0.6991862058639526
765,1305,1900,630.7147827148438,895.6278076171875,212.0135498046875,134.113525390625,0.5298675894737244
766,1305,44199,139.9471435546875,290.3939208984375,281.75653076171875,149.3131103515625,0.2694249153137207
767,1309,27733,559.3314208984375,256.7254638671875,302.77294921875,263.01531982421875,0.9386397004127502
768,1309,28763,582.491455078125,870.5015869140625,225.218994140625,214.078369140625,0.8987816572189331
769,1309,29667,85.77306365966797,860.61279296875,232.62274932861328,229.549072265625,0.8299065232276917
770,1309,3483,123.1998291015625,306.61932373046875,271.1488037109375,199.7369384765625,0.8254913687705994
771,1311,29667,638.8517456054688,177.9638671875,221.71533203125,212.67401123046875,0.9066828489303589
772,1311,28763,175.0932159423828,187.96307373046875,208.95994567871094,200.53472900390625,0.8927685022354126
773,1311,27733,91.15350341796875,732.0011596679688,322.53350830078125,282.56396484375,0.8052660822868347
774,1311,3483,577.5997314453125,760.1888427734375,276.991455078125,208.6982421875,0.7951496839523315
775,1312,5886,594.9618530273438,682.1790771484375,237.3729248046875,492.31298828125,0.8291081786155701
776,1312,22627,69.74859619140625,60.01300048828125,324.44580078125,482.9300537109375,0.8001648783683777
777,1312,5094,107.92800903320312,806.28173828125,280.3314208984375,276.302978515625,0.6496752500534058
778,1312,2483,620.25244140625,54.37066650390625,247.6221923828125,468.91339111328125,0.5413326025009155
779,1315,19232,543.7593994140625,207.69334411621094,299.70458984375,289.98670959472656,0.9415907263755798
780,1315,3351,422.8519592285156,878.6844482421875,189.83663940429688,191.758544921875,0.7334468364715576
781,1316,19232,82.964599609375,693.2767944335938,309.5283508300781,308.3074951171875,0.9604413509368896
782,1316,3351,325.94903564453125,161.1944580078125,185.34954833984375,189.03851318359375,0.8421158194541931
783,1316,16688,515.0546875,474.5357971191406,290.9049072265625,663.8874206542969,0.8152696490287781
784,132,36637,663.236572265625,179.9644775390625,188.64892578125,249.1260986328125,0.9131601452827454
785,132,27777,177.166015625,812.1639404296875,178.09619140625,199.4193115234375,0.8057007193565369
786,132,30308,30.04302978515625,182.1138916015625,457.44317626953125,302.29345703125,0.7397980093955994
787,132,3483,565.468994140625,812.9053955078125,264.94287109375,221.1595458984375,0.7350097894668579
788,1322,5094,550.5289306640625,190.332763671875,273.9345703125,268.9459228515625,0.9148264527320862
789,1322,2483,85.91812133789062,678.8973388671875,239.25552368164062,479.054931640625,0.7390617728233337
790,1322,6192,488.0738525390625,594.6396484375,335.60205078125,501.5450439453125,0.6783359050750732
791,1322,4378,137.57562255859375,104.03912353515625,214.4892578125,445.6485595703125,0.629969596862793
792,1323,5094,103.48123168945312,798.7528076171875,282.203369140625,278.594482421875,0.8779564499855042
793,1323,2483,617.2064208984375,53.08184814453125,220.06689453125,480.4942626953125,0.8219095468521118
794,1323,4378,592.0833129882812,701.8138427734375,214.384033203125,451.942626953125,0.3710678517818451
795,1326,20238,600.271728515625,839.3741455078125,226.59619140625,223.339111328125,0.9115179777145386
796,1326,3351,368.602294921875,246.4982147216797,183.84832763671875,181.33668518066406,0.891294002532959
797,1327,29451,512.482666015625,242.202880859375,409.037109375,222.2298583984375,0.9560675024986267
798,1327,44199,177.5575714111328,234.338623046875,204.02073669433594,261.5718994140625,0.9451479911804199
799,1327,1900,642.3859252929688,847.4576416015625,190.8028564453125,188.235107421875,0.818353533744812
800,1327,16548,166.64151000976562,813.9722900390625,241.62445068359375,238.807373046875,0.3781094253063202
801,1328,16548,581.5057373046875,217.61643981933594,235.2236328125,225.99256896972656,0.9694990515708923
802,1328,29451,70.97895812988281,843.9788818359375,414.51487731933594,216.1158447265625,0.9236046671867371
803,1328,1900,166.30645751953125,248.54141235351562,184.46466064453125,180.190673828125,0.8030709624290466
804,1328,44199,625.7098388671875,811.509765625,206.034912109375,269.03662109375,0.6599153876304626
805,1329,16548,553.5037841796875,208.8077392578125,231.348876953125,226.0762939453125,0.949094831943512
806,1329,29451,33.39019775390625,801.031005859375,422.36328125,223.678955078125,0.8664483428001404
807,1329,44199,599.49951171875,780.2305908203125,209.890625,273.8004150390625,0.7930183410644531
808,1329,1900,147.84832763671875,241.80545043945312,182.1815185546875,180.8953857421875,0.6385174989700317
809,1330,34597,89.43695068359375,162.84259033203125,447.968994140625,422.17816162109375,0.9718999266624451
810,1330,35206,610.7804565429688,120.64082336425781,231.592041015625,399.74778747558594,0.9184345006942749
811,1330,3483,603.558837890625,845.331298828125,277.87744140625,186.8048095703125,0.7980895042419434
812,1330,25469,85.8721923828125,828.31884765625,346.20782470703125,303.6533203125,0.5641960501670837
813,1331,34597,77.38385009765625,130.21527099609375,431.49298095703125,426.45037841796875,0.9499756693840027
814,1331,35206,583.4343872070312,112.23480224609375,223.6702880859375,394.0628662109375,0.9132528305053711
815,1331,3483,575.742431640625,812.060546875,280.0421142578125,191.2498779296875,0.7952802181243896
816,1331,25469,49.941192626953125,785.968994140625,354.5694580078125,302.209716796875,0.5399184226989746
817,1332,34597,458.822509765625,647.9237060546875,454.9381103515625,441.489990234375,0.9577397704124451
818,1332,35206,134.70962524414062,727.33203125,247.38226318359375,412.9866943359375,0.8813313841819763
819,1332,3483,125.5552978515625,273.39398193359375,270.0137939453125,188.688232421875,0.8012346029281616
820,1332,25469,573.2579345703125,190.83505249023438,328.9295654296875,283.74932861328125,0.5450146794319153
821,1333,3351,399.32977294921875,922.3240966796875,192.4256591796875,191.793701171875,0.7172202467918396
822,1333,36637,156.94500732421875,285.51580810546875,197.99334716796875,244.248046875,0.30193400382995605
823,1337,16548,577.0628662109375,188.5117645263672,237.073486328125,224.32130432128906,0.9631708860397339
824,1337,29451,495.5980224609375,819.4356689453125,399.8905029296875,266.427490234375,0.9168558120727539
825,1337,18110,78.727783203125,790.5360107421875,304.91351318359375,290.5029296875,0.7028726935386658
826,1337,1900,166.6689910888672,247.26608276367188,184.29859924316406,179.7342529296875,0.701598048210144
827,134,35206,648.906494140625,142.57891845703125,201.510009765625,400.5740966796875,0.9302364587783813
828,134,31885,42.401031494140625,5.35589599609375,347.92510986328125,520.6859741210938,0.8816937208175659
829,134,3483,559.3787841796875,812.982177734375,287.8983154296875,174.1343994140625,0.8045616149902344
830,134,27653,61.47466278076172,811.83935546875,225.44794464111328,209.806884765625,0.7590768337249756
831,1340,16548,185.623046875,825.1318359375,242.30859375,237.3134765625,0.9634507894515991
832,1340,31705,134.12904357910156,126.10676574707031,244.65745544433594,421.85130310058594,0.9133926630020142
833,1340,1900,642.59423828125,860.695068359375,211.394287109375,157.10400390625,0.8456475734710693
834,1340,24850,582.43505859375,286.66815185546875,287.1954345703125,167.10552978515625,0.7613848447799683
835,1345,29667,618.257080078125,173.21780395507812,224.1405029296875,217.0655517578125,0.8687111139297485
836,1345,31885,167.68414306640625,132.744384765625,420.55902099609375,493.1741943359375,0.863044261932373
837,1345,3483,601.3419189453125,845.9766845703125,278.60986328125,186.48583984375,0.796909511089325
838,1345,25469,83.64463806152344,830.9661865234375,349.14930725097656,299.4781494140625,0.5816149711608887
839,1347,3483,126.81719970703125,272.86114501953125,270.0069580078125,188.5845947265625,0.8153522610664368
840,1347,29667,138.29473876953125,872.22412109375,233.0130615234375,225.8076171875,0.6615753173828125
841,1347,25469,574.0870361328125,192.72930908203125,329.843994140625,280.8992919921875,0.5588934421539307
842,1347,31885,417.811279296875,614.43212890625,420.2955322265625,507.2880859375,0.42801952362060547
843,1348,31863,185.04327392578125,266.04290771484375,206.530029296875,206.2874755859375,0.9335182309150696
844,1348,3351,360.8035888671875,879.4498291015625,191.1131591796875,191.7071533203125,0.7247529625892639
845,1348,22074,673.7212524414062,309.3913269042969,186.9388427734375,188.47381591796875,0.6653767824172974
846,135,35206,678.8223876953125,152.404541015625,205.058349609375,408.72650146484375,0.9269119501113892
847,135,31885,55.91644287109375,21.3046875,359.86328125,524.200439453125,0.8347413539886475
848,135,27653,95.17721557617188,852.71044921875,222.10910034179688,207.106689453125,0.7937117218971252
849,135,3483,585.3199462890625,845.357177734375,286.506591796875,166.799560546875,0.7140679955482483
850,1350,22074,105.73406982421875,814.1433715820312,186.13800048828125,189.44384765625,0.9454196095466614
851,1350,3351,425.93634033203125,221.16311645507812,185.239013671875,182.078857421875,0.807148814201355
852,1350,31863,585.9404296875,857.1737060546875,208.6474609375,206.2947998046875,0.3574518859386444
853,1353,34597,509.64208984375,681.215087890625,444.39697265625,454.8038330078125,0.9590988159179688
854,1353,16232,152.50521850585938,828.370361328125,192.4609375,192.646240234375,0.9253450036048889
855,1353,3483,171.54086303710938,276.16424560546875,262.05645751953125,219.83355712890625,0.8122228384017944
856,1353,27777,636.345703125,293.38726806640625,175.9884033203125,195.9620361328125,0.6786354780197144
857,1354,30308,575.8276977539062,734.455322265625,343.1683349609375,466.856201171875,0.898768961429596
858,1354,36637,165.6239013671875,800.701416015625,191.0316162109375,257.022216796875,0.8907573819160461
859,1354,20877,543.5062255859375,295.13848876953125,328.40234375,232.662109375,0.8712322115898132
860,1354,3483,141.825439453125,293.72442626953125,211.1343994140625,255.93536376953125,0.8128172159194946
861,1355,20877,83.96002197265625,725.563720703125,332.374755859375,242.4591064453125,0.9120180606842041
862,1355,30308,78.95953369140625,45.98710632324219,324.58917236328125,441.33399963378906,0.8974880576133728
863,1355,36637,603.24853515625,204.159423828125,181.744873046875,244.39581298828125,0.8429613709449768
864,1355,3483,623.046630859375,717.35205078125,212.428466796875,272.445556640625,0.8252213001251221
865,1357,16548,576.782470703125,169.2410888671875,233.88427734375,224.38623046875,0.9646419286727905
866,1357,3544,94.33990478515625,229.11911010742188,204.930419921875,199.5845947265625,0.9407995343208313
867,1357,6563,165.7528076171875,671.4744873046875,218.98956298828125,366.35302734375,0.9181575775146484
868,1357,4543,625.2928466796875,815.6260375976562,193.307373046875,185.620361328125,0.3652992248535156
869,1358,16548,605.0472412109375,176.631591796875,238.9739990234375,224.1790771484375,0.967435359954834
870,1358,6563,196.62088012695312,713.5712890625,217.32562255859375,361.151123046875,0.9426905512809753
871,1358,3544,109.98448944091797,240.16845703125,211.07813262939453,200.07440185546875,0.9262201189994812
872,1358,4543,652.6895751953125,847.440673828125,190.103515625,181.4046630859375,0.32975292205810547
873,1359,12420,163.94137573242188,278.21856689453125,183.38616943359375,179.0272216796875,0.9901927709579468
874,1359,6563,584.7886962890625,232.0478515625,210.82666015625,338.72314453125,0.9102283716201782
875,1359,3544,673.0892333984375,828.277587890625,215.557373046875,211.656982421875,0.7829375863075256
876,1359,16548,138.05316162109375,855.07958984375,243.96636962890625,236.4862060546875,0.5963007211685181
877,136,44199,137.19627380371094,243.86322021484375,238.22560119628906,231.82086181640625,0.9731690287590027
878,136,33009,567.5796508789062,211.9452362060547,324.1214599609375,294.17909240722656,0.9655001163482666
879,136,16551,78.26376342773438,653.855224609375,316.6620788574219,487.525146484375,0.8997650742530823
880,136,1900,650.8453369140625,849.8880615234375,210.818359375,158.9539794921875,0.8574979901313782
881,1361,29667,629.0936279296875,692.4285888671875,230.81591796875,228.603515625,0.9504396319389343
882,1361,3351,357.59405517578125,148.793212890625,185.01092529296875,189.344970703125,0.8625110387802124
883,1361,19232,167.8433837890625,650.7490234375,242.285400390625,356.1387939453125,0.7659773826599121
884,1363,16262,118.25131225585938,293.28082275390625,245.06484985351562,234.0833740234375,0.9164856672286987
885,1363,33880,454.7187194824219,245.7420654296875,431.3877258300781,286.4598388671875,0.9110300540924072
886,1363,3351,432.2649841308594,887.6407470703125,191.63235473632812,191.47900390625,0.740156352519989
887,1366,29667,123.36178588867188,863.4708251953125,232.62091064453125,227.6783447265625,0.874294102191925
888,1366,27653,671.3553466796875,254.7892303466797,221.312744140625,200.66407775878906,0.8109714984893799
889,1366,3483,132.14773559570312,289.1771545410156,276.3172607421875,171.60589599609375,0.7613588571548462
890,1366,22347,661.9800415039062,837.6845703125,213.7886962890625,207.2734375,0.5054202079772949
891,1367,29667,603.5462646484375,177.0321044921875,219.150146484375,212.87969970703125,0.9197304844856262
892,1367,22347,106.31918334960938,226.38441467285156,202.45223999023438,194.07444763183594,0.8349217176437378
893,1367,3483,558.2642822265625,812.0880737304688,287.8251953125,174.82958984375,0.7654352188110352
894,1367,27653,60.30529022216797,811.468017578125,224.62024688720703,209.610595703125,0.7483586072921753
895,1369,22347,118.86083984375,213.15029907226562,207.2628173828125,198.20880126953125,0.9070971608161926
896,1369,3483,600.625,868.49072265625,259.11962890625,228.89111328125,0.772083044052124
897,1369,16262,637.5327758789062,177.09036254882812,247.759033203125,232.00494384765625,0.7280500531196594
898,1369,19861,125.96249389648438,864.4971923828125,221.52078247070312,168.9581298828125,0.7069242000579834
899,1371,22347,102.28229522705078,205.1192626953125,203.48204803466797,195.4063720703125,0.9310072660446167
900,1371,19861,90.08514404296875,827.2144775390625,228.34072875976562,175.8935546875,0.8677361011505127
901,1371,16262,609.00146484375,174.09689331054688,241.33984375,226.65130615234375,0.805126965045929
902,1371,3483,572.8067626953125,838.126220703125,262.1024169921875,228.5244140625,0.7592712640762329
903,1372,22627,83.4068603515625,90.967041015625,321.68255615234375,491.151123046875,0.9021742343902588
904,1372,5886,611.3223266601562,691.4102783203125,238.0069580078125,519.6630859375,0.8204813599586487
905,1372,2483,598.0555419921875,110.602294921875,287.84521484375,447.29046630859375,0.7145689129829407
906,1372,3743,74.90676879882812,814.26953125,334.54364013671875,330.619384765625,0.3069774806499481
907,1376,33208,152.68692016601562,296.1092529296875,206.56744384765625,196.4146728515625,0.9557777643203735
908,1376,33009,586.3753051757812,241.00941467285156,360.339111328125,237.79307556152344,0.944093644618988
909,1376,16551,89.5047607421875,701.9141845703125,297.2261047363281,495.105224609375,0.8737865090370178
910,1376,1900,640.4493408203125,859.640869140625,208.767822265625,166.229248046875,0.8488452434539795
911,1377,1900,150.33572387695312,256.81524658203125,200.34912109375,156.3477783203125,0.9006692171096802
912,1377,33009,46.0374755859375,825.5556640625,364.0575256347656,227.0556640625,0.8887006640434265
913,1377,16551,608.1082763671875,58.8707275390625,285.388427734375,482.348388671875,0.7400527596473694
914,1377,33208,640.11328125,806.986328125,211.6024169921875,198.626220703125,0.5353759527206421
915,1378,22347,622.522216796875,869.1453857421875,214.614501953125,209.1005859375,0.907132625579834
916,1378,3483,152.19110107421875,219.84814453125,243.85040283203125,220.72088623046875,0.8709794878959656
917,1378,35206,107.54634094238281,774.8328857421875,302.05076599121094,392.5267333984375,0.7993393540382385
918,1378,19861,638.201416015625,277.6300048828125,220.6474609375,168.5633544921875,0.42106497287750244
919,1379,22347,161.0420379638672,201.43618774414062,207.43104553222656,197.912109375,0.899501621723175
920,1379,3483,600.6031494140625,868.5177001953125,259.7542724609375,229.118896484375,0.7762482762336731
921,1379,19861,124.59713745117188,863.7271728515625,223.21807861328125,168.64306640625,0.7590540051460266
922,1379,35206,583.4590454101562,97.05763244628906,286.72705078125,378.42893981933594,0.7274612784385681
923,1381,21325,630.8271484375,275.8023681640625,241.483154296875,140.111083984375,0.9140570759773254
924,1381,3351,406.76904296875,843.6259765625,191.091552734375,191.4486083984375,0.7795782685279846
925,1384,20238,603.2418212890625,195.8826904296875,227.086181640625,215.90673828125,0.8239901065826416
926,1384,27777,176.63519287109375,813.2548217773438,177.8951416015625,198.828125,0.8160724639892578
927,1384,3483,565.8900146484375,814.6712646484375,265.367431640625,220.0589599609375,0.7543119192123413
928,1384,25367,52.930908203125,93.05281066894531,418.00970458984375,453.68980407714844,0.644856333732605
929,1385,20238,575.5556030273438,191.7429962158203,223.17822265625,213.95799255371094,0.8979554176330566
930,1385,27777,144.31195068359375,776.5445556640625,180.50506591796875,205.94189453125,0.8162292242050171
931,1385,3483,538.0069580078125,780.2510375976562,266.756103515625,225.15087890625,0.6905243992805481
932,1385,25367,40.470703125,78.46403503417969,404.89398193359375,447.28016662597656,0.39708876609802246
933,1386,20238,151.85223388671875,851.144775390625,232.879150390625,225.732421875,0.9164692759513855
934,1386,25367,534.5587158203125,701.130859375,422.28125,470.68994140625,0.8295617699623108
935,1386,3483,172.24993896484375,272.64935302734375,262.068359375,220.6275634765625,0.8096219301223755
936,1386,27777,636.975830078125,293.0045166015625,176.46923828125,195.79461669921875,0.6728560924530029
937,1387,20877,139.40586853027344,837.50927734375,273.20387268066406,308.8154296875,0.9508553147315979
938,1387,22347,109.80337524414062,242.26104736328125,209.5947265625,196.38116455078125,0.888507604598999
939,1387,3483,643.5340576171875,759.7669677734375,203.77880859375,272.7984619140625,0.817009687423706
940,1387,20238,600.8106689453125,181.35049438476562,226.9222412109375,216.438720703125,0.8157414793968201
941,139,31885,9.150146484375,49.24446105957031,396.6956787109375,502.87522888183594,0.9177215099334717
942,139,35206,584.521484375,112.79794311523438,222.825439453125,392.59674072265625,0.9134233593940735
943,139,3483,575.411865234375,813.4425048828125,279.8369140625,191.10595703125,0.7941470146179199
944,139,25469,49.925567626953125,786.0518798828125,354.0569152832031,303.3729248046875,0.6074135303497314
945,1390,22627,111.79669189453125,158.68992614746094,362.89453125,462.66517639160156,0.9385345578193665
946,1390,22362,607.182861328125,747.7613525390625,264.5205078125,420.88134765625,0.8143216967582703
947,1390,25438,157.2166748046875,872.6832275390625,261.30853271484375,269.74267578125,0.7921400666236877
948,1390,2483,597.6893310546875,114.4698486328125,209.506591796875,469.0330810546875,0.704707145690918
949,1392,22627,108.15350341796875,128.99237060546875,367.36260986328125,457.52838134765625,0.8720349073410034
950,1392,25438,153.882568359375,860.9114990234375,256.6365966796875,253.462646484375,0.7882460951805115
951,1392,2483,601.447998046875,80.580810546875,221.320068359375,478.6077880859375,0.724612295627594
952,1392,22362,596.1744384765625,743.21142578125,258.5615234375,409.928466796875,0.6917338967323303
953,1393,16262,135.86611938476562,835.5482177734375,249.09320068359375,242.0115966796875,0.8529233932495117
954,1393,3483,173.61920166015625,272.82989501953125,261.21478271484375,220.46942138671875,0.8101785182952881
955,1393,22347,681.4322509765625,868.99267578125,217.224853515625,210.6846923828125,0.7294644713401794
956,1393,27777,637.442138671875,293.0493469238281,176.78369140625,195.61102294921875,0.6772172451019287
957,1395,22347,87.29617309570312,194.15069580078125,202.87326049804688,194.6883544921875,0.9164167046546936
958,1395,16262,575.8212280273438,189.1114501953125,237.494384765625,226.76220703125,0.8715620636940002
959,1395,27777,143.86209106445312,776.5767822265625,180.56149291992188,205.505859375,0.8239520192146301
960,1395,3483,537.1077880859375,779.5947265625,266.740966796875,225.465087890625,0.6752197742462158
961,1396,19552,508.0111083984375,596.19384765625,325.89697265625,485.2762451171875,0.9426397681236267
962,1396,5094,522.8275756835938,162.62887573242188,272.3199462890625,264.7850341796875,0.9172292351722717
963,1396,13395,77.91016387939453,82.0550537109375,234.24535369873047,486.5802001953125,0.802436113357544
964,140,35206,613.7464599609375,120.9442138671875,228.71044921875,399.411865234375,0.9224365949630737
965,140,31885,24.740020751953125,68.976806640625,407.66650390625,506.36712646484375,0.8840301632881165
966,140,3483,602.6060791015625,846.1246337890625,278.0989990234375,186.5845947265625,0.8057117462158203
967,140,25469,85.48504638671875,830.2562255859375,346.95355224609375,301.0714111328125,0.5852110981941223
968,1401,22347,649.0059204101562,850.6973876953125,216.82763671875,209.130615234375,0.8903342485427856
969,1401,29667,136.547119140625,871.601806640625,231.8692626953125,226.636962890625,0.8309068083763123
970,1401,3483,126.40191650390625,271.75640869140625,269.99346923828125,188.1097412109375,0.818496584892273
971,1401,25469,573.99072265625,192.15185546875,329.9072265625,281.18670654296875,0.5698788166046143
972,1402,33880,463.7125244140625,195.35154724121094,388.2142333984375,364.69105529785156,0.9468583464622498
973,1402,20238,84.4735107421875,334.29949951171875,225.81381225585938,221.517578125,0.8276708722114563
974,1402,3351,423.589599609375,884.6544189453125,190.8828125,192.9962158203125,0.7797215580940247
975,1404,33880,118.479736328125,740.85400390625,395.6533203125,373.708984375,0.9754961133003235
976,1404,20238,669.219482421875,762.5125122070312,227.707275390625,222.9127197265625,0.9250282049179077
977,1404,3351,364.82623291015625,215.552734375,184.6900634765625,183.12371826171875,0.8859149217605591
978,1407,3351,378.32427978515625,230.78001403808594,184.675537109375,181.56825256347656,0.8583720326423645
979,1407,38162,602.81591796875,793.365234375,247.129638671875,253.70263671875,0.8423135280609131
980,1407,33880,102.47708129882812,682.837158203125,314.14678955078125,433.515869140625,0.7755221128463745
981,1408,33208,657.8143310546875,900.7603759765625,217.38916015625,210.39208984375,0.9685863852500916
982,1408,16548,74.15341186523438,808.2193603515625,241.75396728515625,236.3287353515625,0.9555143117904663
983,1408,21026,683.6331787109375,276.47686767578125,178.8092041015625,171.6285400390625,0.8385906219482422
984,1408,1900,185.4346160888672,272.3680114746094,204.05421447753906,138.162841796875,0.7829757332801819
985,1411,36637,643.2021484375,208.14588928222656,190.171630859375,247.47898864746094,0.9249329566955566
986,1411,27653,95.73681640625,853.05322265625,222.492919921875,207.08056640625,0.7941721081733704
987,1411,30308,68.06297302246094,125.15391540527344,391.58375549316406,422.49134826660156,0.7825018167495728
988,1411,3483,585.676513671875,844.39111328125,286.32373046875,167.351318359375,0.720940351486206
989,1413,36637,149.23709106445312,803.6591796875,196.3031005859375,254.2813720703125,0.8935787081718445
990,1413,27653,669.3309326171875,254.0386962890625,221.58056640625,200.4964599609375,0.8070530891418457
991,1413,3483,130.60032653808594,290.65228271484375,276.04713439941406,170.6551513671875,0.7665957808494568
992,1413,30308,549.5400390625,704.8226318359375,393.6361083984375,425.4398193359375,0.712093710899353
993,1414,10221,600.7957763671875,192.54251098632812,217.85791015625,212.88787841796875,0.9792799353599548
994,1414,16548,55.30206298828125,776.98046875,240.19174194335938,233.4385986328125,0.9588602185249329
995,1414,3544,109.0167236328125,194.53639221191406,204.6937255859375,198.96128845214844,0.9165837168693542
996,1414,27926,551.5455322265625,599.744384765625,277.6875,483.1895751953125,0.837907075881958
997,1418,16551,107.31690979003906,646.0477294921875,292.49974060058594,498.399169921875,0.9026573896408081
998,1418,31705,592.9476318359375,700.6097412109375,255.071044921875,453.31787109375,0.8987182378768921
999,1418,1900,127.53665161132812,258.21246337890625,198.0885009765625,148.362060546875,0.8666480779647827
1000,142,44199,77.83053588867188,177.0849609375,249.7886962890625,225.26483154296875,0.9843307137489319
1001,142,16548,592.974365234375,155.2630615234375,232.163330078125,225.5946044921875,0.9596641063690186
1002,142,1900,580.8352661132812,866.7470703125,212.2911376953125,144.99072265625,0.7729505300521851
1003,142,21026,90.29232788085938,832.8632202148438,183.97903442382812,178.965087890625,0.6249855756759644
1004,1420,41768,101.20468139648438,239.4920654296875,292.02197265625,267.867431640625,0.9822267293930054
1005,1420,16688,547.5771484375,65.18768310546875,264.7420654296875,596.1243896484375,0.9337614178657532
1006,1420,3351,410.2575378417969,874.8421630859375,190.03128051757812,190.690673828125,0.6358247995376587
1007,1421,41768,550.0283813476562,717.68798828125,303.9437255859375,289.290283203125,0.9883437156677246
1008,1421,3351,337.83038330078125,166.37759399414062,185.7491455078125,187.42620849609375,0.7625275254249573
1009,1421,16688,116.2244873046875,509.8211669921875,270.5614013671875,657.174560546875,0.5874515771865845
1010,1424,35206,583.132080078125,135.81011962890625,218.5262451171875,389.15008544921875,0.9238004684448242
1011,1424,27777,144.38198852539062,775.8063354492188,180.52838134765625,205.6448974609375,0.8169369697570801
1012,1424,31885,97.77452087402344,77.5526123046875,357.06861877441406,518.23046875,0.7794009447097778
1013,1424,3483,537.4036254882812,777.957763671875,266.915771484375,225.5960693359375,0.700093686580658
1014,1425,35206,612.7651977539062,140.87217712402344,223.75146484375,405.72853088378906,0.9265111684799194
1015,1425,27777,176.74810791015625,812.03125,178.01873779296875,199.385009765625,0.7961002588272095
1016,1425,3483,565.7044677734375,813.4488525390625,265.164794921875,220.3486328125,0.7438101768493652
1017,1425,31885,112.36614990234375,97.32135009765625,374.22894287109375,526.8912353515625,0.5435296297073364
1018,1429,29345,604.65673828125,703.7122802734375,285.37646484375,446.3470458984375,0.9743727445602417
1019,1429,16548,125.37667846679688,831.4583740234375,236.75909423828125,228.1405029296875,0.9676564335823059
1020,1429,3544,118.4918212890625,252.4774932861328,210.42889404296875,200.94358825683594,0.8481737375259399
1021,143,44199,91.4945068359375,184.8237762451172,257.1461181640625,227.73060607910156,0.9779386520385742
1022,143,16548,621.1669921875,162.03236389160156,237.149169921875,224.70970153808594,0.9659731984138489
1023,143,1900,608.4862060546875,897.865234375,208.668701171875,141.0845947265625,0.8093773722648621
1024,143,21026,123.76583862304688,865.2738037109375,181.82464599609375,178.4605712890625,0.575800895690918
1025,1431,29345,576.3236083984375,667.387939453125,289.076171875,447.589599609375,0.9699230194091797
1026,1431,16548,91.34469604492188,792.523681640625,240.48178100585938,232.396240234375,0.9654126763343811
1027,1431,10221,649.5191650390625,207.7843475341797,220.1890869140625,214.88978576660156,0.8275445699691772
1028,1431,3544,103.164794921875,241.59716796875,205.67312622070312,200.595458984375,0.7672036290168762
1029,1433,32310,0.0,663.35107421875,306.11224365234375,326.504150390625,0.9504150152206421
1030,1433,38162,606.8724365234375,755.1705322265625,299.19921875,206.086669921875,0.9150674343109131
1031,1433,3351,366.63433837890625,173.03848266601562,183.06329345703125,185.81610107421875,0.9014296531677246
1032,1435,13900,169.6869354248047,339.879638671875,174.63795471191406,254.448974609375,0.9128027558326721
1033,1435,20238,588.220458984375,307.0953369140625,227.0543212890625,217.895263671875,0.9098791480064392
1034,1435,3351,396.666015625,853.2274169921875,189.955322265625,191.850341796875,0.8129467964172363
1035,1436,13900,599.8131103515625,626.588623046875,178.892822265625,264.876220703125,0.8924141526222229
1036,1436,3351,351.28558349609375,185.45217895507812,183.02587890625,188.85272216796875,0.8729531764984131
1037,1436,20238,109.05770874023438,699.93212890625,231.52786254882812,228.0888671875,0.6929882168769836
1038,1438,12247,175.0369873046875,302.69720458984375,205.482421875,126.5235595703125,0.9647170305252075
1039,1438,16548,206.26681518554688,840.724609375,244.396728515625,239.154541015625,0.9317649602890015
1040,1438,6563,584.1213989257812,232.59552001953125,210.83349609375,338.24078369140625,0.9082547426223755
1041,1438,3544,698.219970703125,857.6859130859375,214.6571044921875,213.335205078125,0.8302341103553772
1042,1439,16548,513.2713623046875,180.13006591796875,233.6533203125,226.8563232421875,0.9641883969306946
1043,1439,3544,71.93008422851562,200.60537719726562,204.73898315429688,199.578369140625,0.9390543103218079
1044,1439,6563,166.24111938476562,670.2523193359375,218.3756103515625,366.8536376953125,0.9065228700637817
1045,1439,12247,591.083740234375,849.0549926757812,216.93994140625,127.82080078125,0.8975638151168823
1046,1441,22347,117.28040313720703,174.750732421875,203.82915496826172,192.71734619140625,0.8427516222000122
1047,1441,27733,91.6956787109375,732.0465087890625,322.23919677734375,283.39990234375,0.8006747961044312
1048,1441,3483,577.9481811523438,760.1087646484375,276.382568359375,209.4359130859375,0.7792050242424011
1049,1441,36637,590.4189453125,203.77896118164062,255.62646484375,167.34185791015625,0.32419779896736145
1050,1442,27733,128.04690551757812,775.6082763671875,316.15789794921875,274.38330078125,0.866479218006134
1051,1442,3483,606.3638916015625,791.4810791015625,276.9295654296875,210.821533203125,0.8399485349655151
1052,1442,22347,132.70999145507812,179.375,208.66168212890625,196.96917724609375,0.8090397715568542
1053,1442,36637,619.5509033203125,208.35308837890625,261.163818359375,168.47564697265625,0.2539741098880768
1054,1444,3743,482.5137023925781,147.82568359375,315.7792663574219,305.1968994140625,0.9071077704429626
1055,1444,23223,521.75634765625,626.0340576171875,296.17138671875,508.087646484375,0.8627669215202332
1056,1444,4378,134.2174072265625,104.94384765625,222.8033447265625,442.58270263671875,0.8457149863243103
1057,1444,2483,96.13116455078125,688.6107177734375,212.22821044921875,491.994873046875,0.5244165658950806
1058,1446,23223,117.84332275390625,70.79925537109375,297.6065673828125,504.283447265625,0.9845384359359741
1059,1446,3743,127.55955505371094,802.9888916015625,329.80775451660156,322.12939453125,0.8195623755455017
1060,1446,4378,587.2477416992188,704.142822265625,224.9698486328125,449.0059814453125,0.7749950885772705
1061,1446,2483,627.7373046875,32.02508544921875,204.2738037109375,482.5037841796875,0.695137619972229
1062,1447,16548,45.88824462890625,791.9952392578125,239.9510498046875,233.4908447265625,0.9637271761894226
1063,1447,3544,102.64273071289062,180.07861328125,204.52789306640625,199.11834716796875,0.9018552899360657
1064,1447,10221,627.45947265625,191.97837829589844,220.9345703125,215.85340881347656,0.8943477272987366
1065,1449,16548,79.879150390625,833.236572265625,237.31491088867188,227.9725341796875,0.9490593075752258
1066,1449,3544,117.0869140625,185.5194549560547,209.901611328125,200.96644592285156,0.926007866859436
1067,1449,10221,655.9635620117188,198.27792358398438,225.8629150390625,215.294189453125,0.39628079533576965
1068,1449,29451,498.2943420410156,807.46435546875,403.3188171386719,235.5430908203125,0.33240607380867004
1069,1450,13395,588.2218017578125,709.572509765625,240.86669921875,504.213623046875,0.9023717045783997
1070,1450,25438,122.44305419921875,812.65283203125,256.07977294921875,254.25,0.846092164516449
1071,1450,12778,116.4632568359375,65.6070556640625,286.8040771484375,525.0616455078125,0.8098694682121277
1072,1450,2483,602.859375,43.53034973144531,213.3001708984375,487.21556091308594,0.7774109840393066
1073,1452,13395,600.2267456054688,709.3095703125,237.288330078125,526.191650390625,0.8971443176269531
1074,1452,25438,124.49813842773438,824.474853515625,261.37359619140625,268.42626953125,0.7877057790756226
1075,1452,12778,117.48590087890625,84.56915283203125,284.90179443359375,541.048095703125,0.7836229205131531
1076,1452,2483,595.5469970703125,79.98838806152344,207.3448486328125,474.18067932128906,0.6968013644218445
1077,1453,18357,49.90728759765625,309.8695068359375,280.97064208984375,332.45928955078125,0.9697954058647156
1078,1453,3351,456.48553466796875,906.7523193359375,193.43408203125,191.720947265625,0.7336379289627075
1079,1453,16688,476.3109130859375,119.30145263671875,421.558837890625,526.779541015625,0.5453223586082458
1080,1455,3351,332.6102294921875,193.1324462890625,184.970458984375,181.8453369140625,0.8802154064178467
1081,1455,18357,651.274658203125,649.696044921875,284.520263671875,340.802001953125,0.7831807732582092
1082,1455,16688,73.7589111328125,622.714599609375,436.7066650390625,568.5367431640625,0.2632158100605011
1083,1458,23223,73.14395141601562,164.6209716796875,301.6231689453125,504.8214111328125,0.984334409236908
1084,1458,4378,638.96337890625,704.925537109375,228.772216796875,455.27392578125,0.9259861707687378
1085,1458,25438,108.27999877929688,830.2216796875,257.3153991699219,251.9000244140625,0.8475341200828552
1086,1458,2483,618.2236328125,69.91424560546875,234.860107421875,468.65032958984375,0.8075574636459351
1087,1459,5094,105.64447021484375,811.29150390625,286.19586181640625,287.0419921875,0.8156691789627075
1088,1459,2483,623.1044921875,73.12953186035156,219.651123046875,463.55662536621094,0.7059269547462463
1089,1459,12081,646.5069580078125,693.5382080078125,250.2607421875,469.2989501953125,0.6124760508537292
1090,1459,22627,72.35760498046875,181.518798828125,316.123291015625,482.76336669921875,0.3657468855381012
1091,146,16232,152.22291564941406,828.6314697265625,192.59483337402344,192.3941650390625,0.9258800148963928
1092,146,3483,171.7430419921875,275.6876220703125,261.594482421875,220.0694580078125,0.809877336025238
1093,146,31885,555.3895263671875,674.1005859375,401.366455078125,522.4483642578125,0.7275004386901855
1094,146,27777,636.3143920898438,293.20001220703125,176.0582275390625,196.14154052734375,0.6723304390907288
1095,1460,5094,550.232666015625,190.987060546875,273.729736328125,266.7310791015625,0.8749511241912842
1096,1460,12081,69.26412963867188,129.76368713378906,228.75021362304688,428.66868591308594,0.7399832010269165
1097,1460,22627,545.9432373046875,575.626953125,318.5146484375,481.836181640625,0.7255789041519165
1098,1460,2483,57.3984375,697.393798828125,250.99664306640625,481.787841796875,0.540468692779541
1099,1461,5094,103.98843383789062,799.64013671875,281.377197265625,278.383544921875,0.8250944018363953
1100,1461,2483,625.225830078125,34.2261962890625,252.7557373046875,474.831787109375,0.7148557901382446
1101,1461,12081,639.0693359375,689.9759521484375,238.151611328125,450.1055908203125,0.6736467480659485
1102,1462,27653,669.5025634765625,254.39239501953125,221.300048828125,200.12286376953125,0.8145112991333008
1103,1462,25367,525.3616943359375,673.475830078125,425.6693115234375,466.2564697265625,0.7715440988540649
1104,1462,3483,130.7840576171875,289.81341552734375,276.569580078125,172.26416015625,0.7713752388954163
1105,1462,20238,132.35073852539062,870.71630859375,233.51434326171875,225.68359375,0.413576602935791
1106,1463,20238,622.1032104492188,177.791748046875,226.35107421875,216.0537109375,0.8802723288536072
1107,1463,25367,58.55853271484375,123.86517333984375,419.09918212890625,452.45367431640625,0.8503196239471436
1108,1463,27653,96.0711669921875,853.1339111328125,222.69149780273438,207.1663818359375,0.800187885761261
1109,1463,3483,585.2088623046875,845.359619140625,286.876220703125,166.8642578125,0.7132324576377869
1110,1464,20238,595.5407104492188,175.6818389892578,219.1644287109375,213.09324645996094,0.9221881628036499
1111,1464,25367,45.55500793457031,105.5653076171875,407.13890075683594,444.84112548828125,0.8316333889961243
1112,1464,3483,559.9991455078125,812.1285400390625,288.475830078125,175.510009765625,0.782390832901001
1113,1464,27653,62.488250732421875,812.496337890625,225.58575439453125,209.722412109375,0.7729976773262024
1114,1466,16262,594.872802734375,179.0738983154297,235.7562255859375,226.55567932128906,0.8556087613105774
1115,1466,3483,558.2164306640625,811.9722900390625,288.7760009765625,175.13671875,0.7580345869064331
1116,1466,27653,61.12786102294922,811.6939697265625,225.19348907470703,209.4970703125,0.757283091545105
1117,1466,22347,106.2049560546875,180.102783203125,201.66989135742188,193.67938232421875,0.6823261976242065
1118,1473,19607,152.5546875,218.64581298828125,156.144287109375,151.8753662109375,0.9924325942993164
1119,1473,16551,573.1886596679688,92.16162109375,287.347412109375,481.11163330078125,0.9152275919914246
1120,1473,1900,615.2535400390625,860.1420288085938,203.489990234375,158.181640625,0.7522071003913879
1121,1473,21026,123.553466796875,866.35400390625,182.71365356445312,176.921142578125,0.5596341490745544
1122,1474,34597,66.72027587890625,100.65162658691406,437.5294189453125,426.05479431152344,0.9509448409080505
1123,1474,27733,123.5911865234375,765.0418701171875,316.72491455078125,277.9862060546875,0.8355281949043274
1124,1474,3483,608.166259765625,790.1585693359375,276.554931640625,210.8349609375,0.8234250545501709
1125,1474,36637,619.6900634765625,207.82635498046875,261.057861328125,169.02618408203125,0.6167941093444824
1126,1476,34597,53.479736328125,69.74629211425781,426.99169921875,435.06089782714844,0.8566662073135376
1127,1476,27733,86.480712890625,727.195068359375,323.86175537109375,283.213134765625,0.8253103494644165
1128,1476,3483,578.9794921875,758.6397705078125,276.8544921875,209.78466796875,0.7814759016036987
1129,1476,36637,589.9088134765625,203.1123046875,256.1470947265625,168.802734375,0.5400219559669495
1130,1477,18357,356.82635498046875,678.67919921875,256.1195068359375,376.194091796875,0.9769008159637451
1131,1477,3351,651.1751708984375,286.99822998046875,183.170166015625,186.2647705078125,0.8885477781295776
1132,148,20238,121.23406982421875,299.20556640625,225.74432373046875,220.23175048828125,0.8977089524269104
1133,148,19232,504.26171875,235.93893432617188,327.4136962890625,257.11865234375,0.8505136966705322
1134,148,3351,400.6309814453125,851.4541015625,191.5010986328125,190.0892333984375,0.7607336044311523
1135,1480,10221,158.76475524902344,261.6993408203125,219.82154846191406,212.2930908203125,0.9872976541519165
1136,1480,16548,172.32626342773438,834.6629638671875,240.98358154296875,236.177734375,0.9642426371574402
1137,1480,6563,593.390869140625,239.45599365234375,211.3858642578125,337.431396484375,0.910225510597229
1138,1480,3544,641.3184814453125,876.694580078125,216.765625,213.5333251953125,0.9031438827514648
1139,1483,28763,629.5516357421875,897.5821533203125,222.879638671875,214.6121826171875,0.9331297874450684
1140,1483,3483,152.21104431152344,219.59877014160156,243.96876525878906,220.89500427246094,0.8687282800674438
1141,1483,35206,108.00665283203125,775.3609619140625,302.1668701171875,392.1904296875,0.7997299432754517
1142,1483,19861,638.2764892578125,278.0958251953125,219.993408203125,168.66754150390625,0.4827944040298462
1143,1485,28763,146.258056640625,168.98202514648438,214.48590087890625,200.9827880859375,0.9067472219467163
1144,1485,19861,124.85296630859375,863.565673828125,223.70965576171875,169.135498046875,0.8345367312431335
1145,1485,3483,601.1134643554688,868.356201171875,258.41552734375,228.477294921875,0.7868527173995972
1146,1485,35206,583.2236938476562,97.04473876953125,287.14990234375,378.51708984375,0.7311959862709045
1147,1488,3351,391.86956787109375,206.883056640625,184.15869140625,183.66180419921875,0.8651437759399414
1148,1488,21325,209.7943572998047,826.95361328125,205.50135803222656,199.0809326171875,0.3275846838951111
1149,1488,31863,625.9339599609375,830.1861572265625,208.78662109375,206.0042724609375,0.2999694049358368
1150,1489,20014,536.717041015625,288.71478271484375,344.097412109375,319.00299072265625,0.9615843296051025
1151,1489,3351,401.72308349609375,851.1634521484375,190.89617919921875,190.302978515625,0.7589641809463501
1152,149,19232,93.88980102539062,696.635986328125,343.646240234375,268.8045654296875,0.9133142828941345
1153,149,3351,346.2989501953125,188.60333251953125,184.6810302734375,189.772216796875,0.858944833278656
1154,149,20238,594.3372802734375,712.1890869140625,230.011962890625,227.668701171875,0.27831465005874634
1155,1492,3351,378.83050537109375,905.372802734375,190.64306640625,190.451171875,0.7851773500442505
1156,1492,21325,185.31666564941406,276.92645263671875,163.23826599121094,228.88653564453125,0.36541709303855896
1157,1493,18147,57.345733642578125,543.06494140625,354.3166198730469,381.061279296875,0.9711236953735352
1158,1493,3351,365.5736083984375,137.15206909179688,187.1455078125,189.96957397460938,0.8930835723876953
1159,1493,21325,600.81494140625,721.400390625,157.03564453125,239.684814453125,0.7530125379562378
1160,1497,34597,60.865692138671875,57.32904052734375,298.4436340332031,502.6649169921875,0.9440559148788452
1161,1497,19861,83.1889877319336,825.7509765625,227.84412384033203,176.5390625,0.8410326838493347
1162,1497,29667,609.217529296875,200.06387329101562,220.82568359375,213.83489990234375,0.8194268345832825
1163,1497,3483,565.1099853515625,842.66943359375,261.16162109375,229.2169189453125,0.7608358860015869
1164,15,33880,49.35380554199219,781.51123046875,444.86427307128906,278.1593017578125,0.916047215461731
1165,15,3351,359.846435546875,248.34521484375,184.10797119140625,180.9293212890625,0.8737005591392517
1166,15,16232,642.716064453125,797.6774291992188,196.56396484375,189.9285888671875,0.38752666115760803
1167,150,20238,632.7637329101562,802.5303955078125,227.6640625,222.4306640625,0.8945047855377197
1168,150,19232,139.5235595703125,800.2889404296875,334.8023681640625,263.7171630859375,0.7888187170028687
1169,150,3351,386.90185546875,251.89561462402344,185.05963134765625,181.71095275878906,0.7716603875160217
1170,1500,38162,196.6502685546875,732.7313232421875,186.27166748046875,299.45849609375,0.9673824906349182
1171,1500,3351,350.4560546875,237.61334228515625,184.730224609375,181.774169921875,0.8619664311408997
1172,1500,41768,571.40234375,859.8094482421875,350.767822265625,181.672119140625,0.49794650077819824
1173,151,29451,511.896240234375,241.75271606445312,409.0010986328125,222.2362060546875,0.9592319130897522
1174,151,1900,642.9849853515625,847.155517578125,191.009765625,188.7138671875,0.8005561828613281
1175,151,16548,96.40704345703125,819.352783203125,243.195068359375,236.673828125,0.5112340450286865
1176,151,33208,183.173583984375,266.81817626953125,206.35888671875,197.5455322265625,0.4019138216972351
1177,152,16548,619.3316650390625,205.02450561523438,231.669921875,224.37945556640625,0.9172587990760803
1178,152,33208,582.0579833984375,812.5576782226562,214.341064453125,203.4075927734375,0.9134417772293091
1179,152,29451,32.67218017578125,801.0252685546875,423.7310485839844,224.1297607421875,0.8439395427703857
1180,152,1900,147.93829345703125,241.71444702148438,181.73431396484375,181.11480712890625,0.5940226316452026
1181,153,16548,648.3626708984375,213.5318603515625,238.02587890625,226.40582275390625,0.9500696659088135
1182,153,29451,71.67437744140625,843.8504638671875,413.7391357421875,216.3465576171875,0.9250435829162598
1183,153,33208,609.924072265625,844.4273681640625,211.283203125,199.771484375,0.8634779453277588
1184,153,1900,165.73931884765625,248.737060546875,185.10009765625,180.34625244140625,0.7856100797653198
1185,154,23223,86.62857055664062,131.586669921875,320.60028076171875,495.16119384765625,0.9865585565567017
1186,154,5886,594.70458984375,683.376953125,238.38232421875,491.954833984375,0.836821973323822
1187,154,5094,107.98794555664062,805.82568359375,280.44049072265625,277.125244140625,0.6902881860733032
1188,154,2483,622.957763671875,52.8775634765625,247.092041015625,467.5302734375,0.614189088344574
1189,155,23223,530.8724365234375,573.979736328125,323.755126953125,498.3616943359375,0.926724910736084
1190,155,5886,110.76618194580078,77.59690856933594,236.79888153076172,480.18507385253906,0.8773346543312073
1191,155,5094,548.2362060546875,186.09811401367188,272.8834228515625,267.89251708984375,0.8302480578422546
1192,155,2483,69.1501235961914,693.8614501953125,252.51177215576172,466.62890625,0.7095263004302979
1193,156,23223,90.08612060546875,161.33087158203125,320.64630126953125,496.258544921875,0.9854195713996887
1194,156,2483,605.4637451171875,91.40771484375,258.421875,449.3729248046875,0.6831842064857483
1195,156,5094,108.4500732421875,815.70556640625,285.33416748046875,285.8701171875,0.6633815169334412
1196,156,5886,604.5186767578125,682.546142578125,246.203125,505.763671875,0.6588045358657837
1197,157,16262,575.8017578125,188.7734832763672,237.01708984375,227.61683654785156,0.8541372418403625
1198,157,27777,144.17169189453125,776.477783203125,180.4320068359375,205.741455078125,0.8254991769790649
1199,157,3483,537.5626831054688,780.509033203125,267.0623779296875,224.6220703125,0.6897749900817871
1200,157,25367,108.43572998046875,80.702880859375,389.553466796875,461.3321533203125,0.3887748122215271
1201,159,27777,176.33692932128906,812.6929931640625,178.13475036621094,199.496337890625,0.8191854357719421
1202,159,3483,565.5518798828125,814.4229736328125,265.0660400390625,220.0740966796875,0.7415758967399597
1203,159,16262,602.0609130859375,194.0361785888672,245.6114501953125,230.59571838378906,0.7076581120491028
1204,159,25367,121.17620849609375,95.79718017578125,404.69366455078125,467.375244140625,0.609071671962738
1205,160,23203,210.04208374023438,314.741455078125,134.35498046875,139.4014892578125,0.962208092212677
1206,160,3544,625.740478515625,888.500244140625,215.385498046875,211.3896484375,0.9345194101333618
1207,160,4543,145.37405395507812,915.4093017578125,214.36907958984375,211.4102783203125,0.9060519933700562
1208,160,16551,574.1796875,262.58660888671875,291.17724609375,471.30859375,0.8290432691574097
1209,162,3544,157.8419189453125,177.96780395507812,207.89398193359375,200.32147216796875,0.9511975049972534
1210,162,4543,625.4620361328125,143.98593139648438,210.7320556640625,203.50643920898438,0.7873656153678894
1211,162,16551,126.74317932128906,536.058349609375,288.42015075683594,481.07373046875,0.752875566482544
1212,162,23203,652.3323974609375,853.162109375,136.574462890625,133.9610595703125,0.4229353964328766
1213,163,16232,642.7560424804688,251.7218017578125,189.3009033203125,181.62359619140625,0.9108700156211853
1214,163,27777,178.06781005859375,812.4361572265625,177.93585205078125,199.53076171875,0.8070192933082581
1215,163,3483,567.0494995117188,813.2503662109375,265.6036376953125,220.1951904296875,0.7288098931312561
1216,164,16232,152.16229248046875,828.0123291015625,192.7640380859375,193.07568359375,0.9265229105949402
1217,164,28763,649.9132080078125,891.566650390625,225.5133056640625,216.0931396484375,0.9235405921936035
1218,164,3483,171.5701141357422,275.3193359375,261.57374572753906,219.662353515625,0.8137790560722351
1219,164,27777,636.2364501953125,292.6798095703125,176.23291015625,196.2127685546875,0.6772677302360535
1220,165,16232,614.6156616210938,240.28201293945312,184.9190673828125,183.20452880859375,0.9164285063743591
1221,165,27777,145.61773681640625,776.067138671875,180.18508911132812,205.2843017578125,0.8003799915313721
1222,165,3483,538.3587646484375,777.8206787109375,268.236328125,225.044189453125,0.7082281112670898
1223,17,3351,296.5304260253906,166.22549438476562,186.37689208984375,189.30279541015625,0.8947991728782654
1224,17,41768,558.8223876953125,644.812255859375,274.4588623046875,300.3359375,0.8292379975318909
1225,17,35206,113.9422607421875,586.74658203125,311.8193359375,387.264404296875,0.799536943435669
1226,170,6192,117.38156127929688,158.1834716796875,308.2205810546875,521.292724609375,0.8678439855575562
1227,170,5094,105.3917236328125,810.1258544921875,287.39849853515625,287.7672119140625,0.8208048939704895
1228,170,2483,618.5673828125,75.98193359375,228.573486328125,461.19940185546875,0.6622053384780884
1229,170,12081,646.850830078125,694.7918701171875,248.77197265625,467.1929931640625,0.6377306580543518
1230,172,29667,631.4422607421875,181.2654571533203,224.275146484375,213.28343200683594,0.8712173104286194
1231,172,27653,93.68746948242188,852.0689697265625,222.97525024414062,207.0594482421875,0.7940987944602966
1232,172,25367,114.33787536621094,64.53456115722656,336.66102600097656,501.72776794433594,0.7787724137306213
1233,172,3483,584.564697265625,845.5152587890625,286.349609375,166.7191162109375,0.7273926138877869
1234,173,29667,603.8209228515625,176.81410217285156,218.547607421875,213.59434509277344,0.9188273549079895
1235,173,3483,558.0452880859375,812.3893432617188,287.46435546875,174.50390625,0.7767676711082458
1236,173,27653,60.606605529785156,810.9786376953125,225.51091766357422,210.3460693359375,0.7354007959365845
1237,173,25367,92.32955932617188,51.41778564453125,331.1622314453125,494.91448974609375,0.6468517780303955
1238,174,29667,123.420166015625,863.99560546875,232.56475830078125,227.441650390625,0.8795219659805298
1239,174,27653,670.925537109375,255.11199951171875,221.7325439453125,200.49322509765625,0.8125648498535156
1240,174,3483,132.3701629638672,289.9398193359375,276.13087463378906,171.0548095703125,0.7641956806182861
1241,174,25367,548.5789794921875,685.015380859375,342.61376953125,515.22509765625,0.7499967217445374
1242,175,30308,119.70721435546875,97.87493896484375,277.76580810546875,477.57000732421875,0.9962235689163208
1243,175,29667,637.868408203125,204.238525390625,224.6934814453125,215.11944580078125,0.8450617790222168
1244,175,19861,118.46968841552734,862.6572265625,223.15198516845703,169.989990234375,0.8004119992256165
1245,175,3483,592.6527099609375,871.932861328125,259.1376953125,230.0478515625,0.7710632681846619
1246,176,30308,593.7733154296875,677.5787353515625,284.0528564453125,485.6805419921875,0.9906415343284607
1247,176,3483,158.10635375976562,214.65457153320312,245.69207763671875,221.99786376953125,0.8534623384475708
1248,176,29667,117.39093017578125,839.8948974609375,232.93646240234375,226.86669921875,0.8206325173377991
1249,176,19861,643.3629150390625,278.1086120605469,222.1658935546875,168.76300048828125,0.5857217311859131
1250,179,20238,151.60272216796875,851.061279296875,232.664306640625,226.0654296875,0.9174647927284241
1251,179,22347,643.2786254882812,834.0047607421875,214.9864501953125,207.928955078125,0.9022032022476196
1252,179,3483,172.63949584960938,272.5186767578125,261.57000732421875,220.0546875,0.8148327469825745
1253,179,27777,636.9581298828125,293.00994873046875,176.5986328125,195.31524658203125,0.6597845554351807
1254,180,22347,123.67947387695312,228.9306640625,202.63156127929688,195.27093505859375,0.9138781428337097
1255,180,20238,575.711181640625,191.52679443359375,223.031494140625,213.4476318359375,0.8763030171394348
1256,180,27777,144.30487060546875,776.7734985351562,180.64254760742188,205.7816162109375,0.8160004615783691
1257,180,3483,538.1395263671875,780.5390625,266.6865234375,225.02490234375,0.6862834095954895
1258,183,10221,158.8661651611328,261.43121337890625,219.83848571777344,212.81121826171875,0.985836386680603
1259,183,6563,593.9298095703125,239.972900390625,211.032958984375,337.55902099609375,0.9059218168258667
1260,183,3544,641.1349487304688,877.3170166015625,216.84375,213.4351806640625,0.8887640833854675
1261,183,16551,24.314849853515625,697.716064453125,404.2837219238281,415.109130859375,0.3323580026626587
1262,185,16548,133.16326904296875,739.053955078125,240.94232177734375,233.498046875,0.9561370015144348
1263,185,3544,141.54641723632812,174.64447021484375,204.2371826171875,197.65679931640625,0.9362512230873108
1264,185,4543,598.4443359375,144.63345336914062,205.0966796875,200.10836791992188,0.8368191123008728
1265,185,23203,627.0203247070312,821.1307373046875,140.6356201171875,140.0999755859375,0.7389596700668335
1266,186,16548,165.54864501953125,781.1298828125,236.66448974609375,228.7913818359375,0.9755111932754517
1267,186,3544,157.57618713378906,178.96546936035156,208.01304626464844,200.42576599121094,0.9512174725532532
1268,186,4543,624.2369384765625,144.142578125,212.2801513671875,204.57138061523438,0.8119522333145142
1269,186,23203,654.24755859375,853.70654296875,137.615478515625,134.4053955078125,0.375192791223526
1270,189,22362,619.3477783203125,778.512939453125,257.1165771484375,429.97900390625,0.8259174227714539
1271,189,5094,136.95272827148438,855.8634033203125,286.74420166015625,290.258056640625,0.7269271612167358
1272,189,2483,642.9473876953125,118.63720703125,199.65283203125,470.42193603515625,0.6801103949546814
1273,189,12778,88.9117431640625,124.1265869140625,288.24407958984375,539.9495849609375,0.630654513835907
1274,19,28763,100.22186279296875,169.1841278076172,212.3040771484375,204.42250061035156,0.8923815488815308
1275,19,27733,124.63816833496094,766.126708984375,316.41542053222656,277.129638671875,0.8320446610450745
1276,19,3483,609.09619140625,789.1892700195312,276.136962890625,211.1414794921875,0.8123026490211487
1277,19,36637,618.753173828125,205.3204803466797,261.7369384765625,169.29444885253906,0.3679298460483551
1278,191,4543,640.0325317382812,153.42800903320312,203.0921630859375,198.04244995117188,0.9025458693504333
1279,191,10221,92.04351806640625,788.8505859375,226.40203857421875,220.343017578125,0.8935458064079285
1280,191,3544,121.45645141601562,181.857666015625,205.30044555664062,199.3345947265625,0.8907864093780518
1281,191,16551,580.4248046875,569.7786865234375,288.745849609375,487.6944580078125,0.7252510786056519
1282,196,22362,79.04190063476562,119.85968017578125,263.6888732910156,389.85894775390625,0.9081453084945679
1283,196,3743,492.23016357421875,128.17962646484375,311.9791259765625,301.38360595703125,0.7955997586250305
1284,196,12778,536.8701171875,514.81494140625,283.2236328125,524.6817626953125,0.6705349683761597
1285,196,2483,86.06048583984375,657.0762939453125,216.71060180664062,497.548095703125,0.5629936456680298
1286,197,3743,119.460693359375,827.726318359375,327.10980224609375,321.9906005859375,0.9147540926933289
1287,197,12778,120.80078125,173.66510009765625,288.30426025390625,522.8369140625,0.7418099641799927
1288,197,22362,599.5562744140625,732.5001220703125,263.835693359375,407.609619140625,0.7297058701515198
1289,197,2483,633.0008544921875,60.88224792480469,204.3133544921875,487.33680725097656,0.7115530371665955
1290,198,12778,121.906494140625,186.433349609375,287.2783203125,543.7311401367188,0.8150328993797302
1291,198,3743,122.143310546875,837.3892822265625,332.60626220703125,334.4130859375,0.7501592040061951
1292,198,22362,607.4774169921875,734.426513671875,273.573974609375,423.849609375,0.6862647533416748
1293,198,2483,628.06591796875,94.17340087890625,199.52685546875,475.771240234375,0.6647605299949646
1294,199,29667,630.1536865234375,164.34341430664062,223.0484619140625,215.1080322265625,0.8335598707199097
1295,199,27777,175.1501922607422,811.101806640625,177.93885803222656,199.410400390625,0.7876210808753967
1296,199,30308,36.475006103515625,118.9627685546875,406.81781005859375,402.108154296875,0.7861570119857788
1297,199,3483,563.3253173828125,813.5296630859375,265.1026611328125,220.03076171875,0.7428595423698425
1298,200,29667,126.42617797851562,880.6539306640625,232.71359252929688,229.1927490234375,0.8688389658927917
1299,200,3483,175.4179229736328,273.67706298828125,261.79148864746094,221.2005615234375,0.8069478869438171
1300,200,30308,558.0723876953125,733.19775390625,417.9276123046875,407.386474609375,0.772384524345398
1301,200,27777,638.1934814453125,294.56854248046875,176.907958984375,195.6181640625,0.7131999731063843
1302,202,20877,544.775390625,294.2406005859375,328.1947021484375,233.56427001953125,0.8929608464241028
1303,202,16262,107.53985595703125,835.003173828125,250.32659912109375,242.5552978515625,0.8470921516418457
1304,202,3483,141.9000244140625,291.11431884765625,212.77386474609375,255.59130859375,0.8237534761428833
1305,202,22347,687.6138916015625,867.00927734375,215.906005859375,209.4075927734375,0.8178620338439941
1306,203,20877,81.78179931640625,725.6866455078125,332.3997802734375,243.031005859375,0.8878077864646912
1307,203,16262,602.622314453125,188.68060302734375,237.2318115234375,227.1646728515625,0.8650889992713928
1308,203,3483,621.984375,720.3414306640625,211.04052734375,269.3310546875,0.8367037773132324
1309,204,20877,115.23443603515625,770.1522216796875,330.8946533203125,229.960693359375,0.9415329098701477
1310,204,3483,648.8189697265625,751.7220458984375,210.887451171875,268.120849609375,0.8326336145401001
1311,204,16262,629.18310546875,192.6092529296875,245.72900390625,231.74639892578125,0.7584908604621887
1312,204,22347,97.08519744873047,204.7818145751953,208.37860870361328,197.74864196777344,0.7000986933708191
1313,205,16548,592.259521484375,122.11431884765625,230.238525390625,223.95928955078125,0.9416081309318542
1314,205,3544,112.08275604248047,164.60504150390625,204.57971954345703,197.2945556640625,0.9265111684799194
1315,205,6563,166.45481872558594,672.344482421875,218.84474182128906,365.9658203125,0.9161480665206909
1316,205,23203,621.7613525390625,848.4395141601562,141.525634765625,140.0760498046875,0.7047121524810791
1317,210,29667,159.85757446289062,751.1158447265625,232.37078857421875,222.687255859375,0.9204863905906677
1318,210,3351,418.13983154296875,244.45709228515625,184.5421142578125,181.72747802734375,0.7063263654708862
1319,210,31863,594.4293212890625,877.0601806640625,208.308837890625,204.741943359375,0.5436517596244812
1320,212,16551,476.2529296875,142.1042022705078,447.7535400390625,346.60362243652344,0.8447558283805847
1321,212,1900,621.682373046875,886.60791015625,209.0994873046875,143.163818359375,0.7606980204582214
1322,212,21026,137.21844482421875,867.6156005859375,180.38864135742188,177.77587890625,0.5738073587417603
1323,213,16551,451.7344055175781,130.6631317138672,437.6340026855469,342.71180725097656,0.8055983185768127
1324,213,1900,594.3560791015625,855.5426025390625,213.0975341796875,146.947509765625,0.784321665763855
1325,213,21026,104.205322265625,834.8951416015625,181.63409423828125,179.93896484375,0.6006068587303162
1326,213,18110,47.026214599609375,114.98051452636719,297.5626220703125,288.55140686035156,0.4651224613189697
1327,214,33208,587.2132568359375,799.9560546875,215.32421875,204.760498046875,0.88470858335495
1328,214,16551,566.628173828125,57.32051086425781,279.461181640625,462.29173278808594,0.8635424971580505
1329,214,1900,141.25570678710938,241.11265563964844,199.89837646484375,127.49024963378906,0.7677673697471619
1330,214,27926,92.48284912109375,615.081787109375,269.50653076171875,482.8973388671875,0.5021292567253113
1331,215,33208,615.321533203125,834.1610107421875,211.276123046875,201.0240478515625,0.9132018089294434
1332,215,1900,156.08065795898438,249.685302734375,204.23236083984375,126.45782470703125,0.7922585606575012
1333,215,16551,594.8392333984375,62.55360412597656,289.463134765625,480.90806579589844,0.7011498212814331
1334,215,27926,126.33819580078125,665.4842529296875,265.36474609375,478.44384765625,0.6634134650230408
1335,217,2483,589.9586181640625,70.17596435546875,248.1668701171875,479.59014892578125,0.8541699051856995
1336,217,6192,127.09564208984375,127.90869140625,280.9417724609375,535.1622314453125,0.7940869927406311
1337,217,3743,116.36865234375,785.416748046875,325.38702392578125,321.4769287109375,0.7762086987495422
1338,217,12081,599.133544921875,707.7828369140625,237.291259765625,452.69287109375,0.3700326085090637
1339,219,6192,532.10888671875,540.6519775390625,276.89892578125,540.798828125,0.8308446407318115
1340,219,12081,107.54035186767578,109.5784912109375,231.19414520263672,431.3133544921875,0.5856835246086121
1341,219,2483,90.30224609375,665.5262451171875,259.96405029296875,475.9462890625,0.3586561381816864
1342,222,16262,170.53456115722656,768.86865234375,246.14451599121094,237.640869140625,0.8474371433258057
1343,222,3351,404.56646728515625,203.9112091064453,185.67803955078125,183.83409118652344,0.8043679594993591
1344,222,41768,605.5344848632812,741.5460205078125,272.609375,301.5238037109375,0.7975584864616394
1345,224,34597,104.345703125,79.52922058105469,368.2646484375,489.70887756347656,0.8957163095474243
1346,224,29667,619.4083251953125,172.6471405029297,223.789794921875,216.65638732910156,0.855856716632843
1347,224,3483,602.01904296875,845.3194580078125,277.368896484375,187.427734375,0.7944265604019165
1348,224,25469,82.083984375,829.386962890625,347.56488037109375,301.32958984375,0.5717516541481018
1349,225,34597,530.3734741210938,665.8802490234375,370.289306640625,505.5550537109375,0.8488755822181702
1350,225,3483,126.32470703125,272.4079895019531,269.9825439453125,188.8955078125,0.8065797686576843
1351,225,29667,137.45523071289062,872.3681640625,232.19268798828125,226.7080078125,0.7303153872489929
1352,225,25469,574.9047241210938,192.913330078125,329.3345947265625,282.1981201171875,0.5494886040687561
1353,226,22347,107.3692626953125,229.51806640625,209.97265625,197.19287109375,0.8753600716590881
1354,226,20238,643.4239501953125,188.4942626953125,227.914306640625,217.4598388671875,0.8672121167182922
1355,226,19861,124.8641357421875,863.1497802734375,223.671142578125,169.8302001953125,0.785720705986023
1356,226,3483,601.0567626953125,868.642822265625,259.3482666015625,229.317626953125,0.7685746550559998
1357,229,5886,97.98365020751953,60.77476501464844,242.86205291748047,486.30470275878906,0.914451539516449
1358,229,23223,495.7258605957031,656.2032470703125,408.0351257324219,451.7838134765625,0.877976655960083
1359,229,3743,535.8536376953125,150.55386352539062,318.0728759765625,306.2532958984375,0.8752289414405823
1360,229,2483,53.422760009765625,683.35205078125,280.76580810546875,453.428955078125,0.8030678033828735
1361,23,16262,594.730224609375,179.9472198486328,236.318603515625,226.35325622558594,0.84673672914505
1362,23,25367,20.988677978515625,89.50514221191406,416.1568603515625,437.43760681152344,0.7917249798774719
1363,23,3483,558.6258544921875,812.064453125,288.278564453125,174.873291015625,0.7680927515029907
1364,23,27653,61.070770263671875,811.2862548828125,226.11947631835938,210.0064697265625,0.7481011748313904
1365,231,23223,53.89299011230469,137.72900390625,394.78651428222656,439.465087890625,0.9604638814926147
1366,231,5886,611.4562377929688,692.3927001953125,237.9063720703125,517.9454345703125,0.8678781986236572
1367,231,2483,599.655029296875,110.349609375,286.0657958984375,447.89404296875,0.6823559403419495
1368,231,3743,74.91754150390625,814.902099609375,334.08056640625,330.88525390625,0.267753005027771
1369,232,22347,128.13870239257812,233.45211791992188,207.31158447265625,198.16998291015625,0.9052340984344482
1370,232,27733,114.82513427734375,773.78857421875,323.44232177734375,267.23583984375,0.9017806649208069
1371,232,29667,676.67529296875,188.67819213867188,227.4852294921875,214.67291259765625,0.819271445274353
1372,232,3483,597.1929931640625,798.8804931640625,279.903564453125,206.67333984375,0.8072261214256287
1373,234,22347,109.80514526367188,223.52117919921875,204.0963134765625,194.33013916015625,0.9040205478668213
1374,234,29667,647.200439453125,184.77749633789062,222.47802734375,214.61883544921875,0.8700642585754395
1375,234,27733,79.054931640625,730.8531494140625,330.2640380859375,272.584716796875,0.8365368247032166
1376,234,3483,568.1797485351562,766.841064453125,279.2225341796875,205.657958984375,0.7912785410881042
1377,236,28763,614.976806640625,834.55908203125,223.9434814453125,213.5855712890625,0.9476475119590759
1378,236,27653,670.2413940429688,254.55123901367188,221.7484130859375,200.18646240234375,0.8085579872131348
1379,236,3483,131.24839782714844,289.64837646484375,276.54322814941406,171.353759765625,0.7646623849868774
1380,236,35206,107.27560424804688,685.240234375,200.37310791015625,424.234375,0.446750670671463
1381,237,35206,649.5302734375,143.51788330078125,201.62841796875,399.5194091796875,0.9260687828063965
1382,237,28763,141.97747802734375,223.56492614746094,210.79580688476562,200.10633850097656,0.9093754887580872
1383,237,3483,559.3289794921875,812.4368896484375,288.548828125,174.751708984375,0.7778301239013672
1384,237,27653,61.50780487060547,812.053466796875,224.97815704345703,209.370361328125,0.7597903609275818
1385,238,18357,69.62393188476562,260.10894775390625,303.8064270019531,298.9775390625,0.7629068493843079
1386,238,3351,401.34381103515625,834.3826293945312,188.9351806640625,188.7763671875,0.6979783177375793
1387,238,16262,628.05126953125,240.68719482421875,242.373046875,231.41693115234375,0.44649162888526917
1388,24,25367,30.127685546875,109.06297302246094,433.18524169921875,437.04200744628906,0.9100912809371948
1389,24,27653,94.90667724609375,852.43310546875,222.63360595703125,206.8631591796875,0.7968906164169312
1390,24,16262,622.486328125,182.970458984375,242.18212890625,230.50537109375,0.7915395498275757
1391,24,3483,585.0737915039062,845.2340698242188,286.01904296875,167.304931640625,0.736786425113678
1392,241,18147,518.3472900390625,256.4307861328125,311.86572265625,383.986572265625,0.9886271357536316
1393,241,3351,409.798095703125,912.3282470703125,190.66357421875,192.2080078125,0.7966704368591309
1394,243,3351,377.67352294921875,185.31675720214844,184.4022216796875,184.11988830566406,0.8102331757545471
1395,243,20238,621.6201171875,770.4063720703125,230.444580078125,224.6259765625,0.6906318068504333
1396,243,29345,147.9219512939453,643.2935791015625,324.54173278808594,416.0145263671875,0.26711738109588623
1397,244,6563,197.40928649902344,714.293701171875,217.74684143066406,360.44677734375,0.9411237835884094
1398,244,3544,127.0662841796875,169.52117919921875,209.13223266601562,201.308837890625,0.9285162091255188
1399,244,16551,577.6199340820312,5.863250732421875,289.4931640625,479.3868103027344,0.9249436259269714
1400,244,23203,649.1297607421875,879.674072265625,138.77001953125,136.1341552734375,0.2934228777885437
1401,247,3743,121.3370361328125,837.78564453125,333.3590087890625,334.2269287109375,0.7678794264793396
1402,247,2483,625.3861083984375,92.46022033691406,202.259521484375,480.79490661621094,0.7354754209518433
1403,247,22362,606.9468994140625,734.5382080078125,274.1392822265625,423.596923828125,0.6589608192443848
1404,247,6192,55.747894287109375,122.49810791015625,334.7402038574219,514.577880859375,0.5945048332214355
1405,248,3743,119.55245971679688,828.1427001953125,326.86700439453125,321.6065673828125,0.9143456220626831
1406,248,2483,630.3941650390625,60.91981506347656,207.2447509765625,486.82493591308594,0.7368751168251038
1407,248,22362,599.257080078125,733.2335205078125,263.471923828125,407.30615234375,0.7183511257171631
1408,249,22362,80.0379638671875,120.11170959472656,263.44549560546875,389.32029724121094,0.8964973092079163
1409,249,3743,492.26129150390625,128.23199462890625,312.729736328125,301.5657958984375,0.7932375073432922
1410,249,2483,84.91848754882812,657.778076171875,221.10025024414062,494.799560546875,0.6559369564056396
1411,250,18357,541.2420654296875,231.2621612548828,248.2587890625,352.89207458496094,0.9793826341629028
1412,250,29667,128.84994506835938,206.2084503173828,229.2220458984375,222.00315856933594,0.93333500623703
1413,250,3351,377.8035888671875,849.521728515625,190.2921142578125,193.23388671875,0.7540115118026733
1414,251,18357,139.67176818847656,595.1890869140625,250.38780212402344,371.966552734375,0.9074161052703857
1415,251,3351,369.61981201171875,179.557861328125,183.1158447265625,187.21673583984375,0.8881950378417969
1416,251,29667,587.7994384765625,794.80908203125,233.535400390625,233.451416015625,0.8846616744995117
1417,252,29667,624.50537109375,886.9365234375,229.2490234375,223.319580078125,0.9370561242103577
1418,252,3351,411.59674072265625,238.04473876953125,183.3006591796875,184.05450439453125,0.8401904702186584
1419,252,18357,179.9300537109375,690.843505859375,250.9749755859375,371.93310546875,0.7793892621994019
1420,253,35206,63.550048828125,257.7476806640625,420.5321044921875,221.3062744140625,0.9802165627479553
1421,253,3351,444.50823974609375,850.204833984375,190.8179931640625,190.338623046875,0.7401257753372192
1422,253,33880,455.843017578125,254.27308654785156,432.7843017578125,288.11570739746094,0.6402528285980225
1423,256,19552,495.6968688964844,654.19140625,318.5478820800781,501.864013671875,0.9332945346832275
1424,256,5886,108.4982681274414,79.75083923339844,236.67363739013672,484.77516174316406,0.8814371228218079
1425,256,25438,543.790771484375,179.06756591796875,246.04443359375,252.99310302734375,0.8692296147346497
1426,256,2483,66.33013916015625,664.23974609375,210.35693359375,490.573974609375,0.8268957734107971
1427,259,41768,109.66796875,283.7935791015625,271.3248291015625,286.86651611328125,0.982269823551178
1428,259,3351,384.8255615234375,894.366943359375,189.284912109375,193.4742431640625,0.8548997640609741
1429,262,29667,603.7135009765625,176.6370849609375,218.9849853515625,214.14306640625,0.9247676730155945
1430,262,34597,74.21929931640625,31.05584716796875,330.85357666015625,499.143310546875,0.8879483342170715
1431,262,3483,558.6727294921875,812.551025390625,286.6767578125,174.868408203125,0.7841879725456238
1432,262,27653,60.410850524902344,810.685791015625,224.99170684814453,210.03564453125,0.7476078867912292
1433,264,29667,123.53970336914062,863.893310546875,232.722900390625,227.3953857421875,0.8819995522499084
1434,264,34597,566.0821533203125,680.6400146484375,348.8896484375,514.556396484375,0.8292255997657776
1435,264,27653,671.4650268554688,255.15179443359375,221.1690673828125,200.633056640625,0.8111764788627625
1436,264,3483,132.50140380859375,289.5287170410156,276.2166748046875,172.18756103515625,0.7718358039855957
1437,265,16232,140.78421020507812,847.5869140625,198.07461547851562,191.723388671875,0.9338841438293457
1438,265,27653,670.420654296875,254.89111328125,221.541259765625,200.25628662109375,0.807725191116333
1439,265,3483,131.653564453125,289.59979248046875,276.29351806640625,171.7821044921875,0.7645506858825684
1440,265,25367,598.682373046875,664.89501953125,377.317626953125,494.0189208984375,0.7631691694259644
1441,266,16232,648.4482421875,230.91302490234375,192.083740234375,181.9554443359375,0.8924984335899353
1442,266,25367,18.85943603515625,105.50028991699219,389.92694091796875,478.94374084472656,0.836413562297821
1443,266,27653,94.67168426513672,852.5013427734375,222.05658721923828,207.216796875,0.7942818403244019
1444,266,3483,585.0960693359375,845.4507446289062,286.245361328125,166.5401611328125,0.724871814250946
1445,27,23223,72.18753051757812,99.75311279296875,293.8733825683594,512.7408447265625,0.980077862739563
1446,27,13395,597.9368896484375,707.6419677734375,236.101806640625,525.7496337890625,0.8763068914413452
1447,27,25438,122.31106567382812,822.4322509765625,262.359619140625,269.4173583984375,0.7722360491752625
1448,27,2483,601.961669921875,79.75230407714844,199.28564453125,474.30262756347656,0.6437878012657166
1449,271,35206,629.87158203125,161.75672912597656,218.39453125,397.97154235839844,0.9345895051956177
1450,271,22347,103.6928939819336,189.10606384277344,203.89105987548828,193.99354553222656,0.9003689885139465
1451,271,20877,83.42947387695312,725.332275390625,332.70916748046875,242.549072265625,0.8776096105575562
1452,271,3483,623.1295166015625,717.9146728515625,212.411865234375,271.609619140625,0.8301464915275574
1453,273,20877,543.8111572265625,294.75,328.73486328125,232.5338134765625,0.8728355765342712
1454,273,35206,97.35113525390625,670.878173828125,233.75704956054688,411.41552734375,0.8646441698074341
1455,273,3483,141.7640380859375,294.0032958984375,211.44305419921875,253.7672119140625,0.8137296438217163
1456,273,22347,664.942626953125,877.8282470703125,217.39501953125,207.896484375,0.4122331738471985
1457,274,21325,206.9556427001953,327.79656982421875,152.03221130371094,231.5645751953125,0.9252167344093323
1458,274,3351,419.02978515625,889.387451171875,192.1231689453125,194.405029296875,0.8133779764175415
1459,275,20014,2.41015625,645.0823974609375,357.3885498046875,343.79638671875,0.9766578674316406
1460,275,3351,328.36956787109375,150.04278564453125,184.66650390625,189.3856201171875,0.8835304379463196
1461,275,21325,582.3470458984375,665.7899169921875,155.62890625,241.79443359375,0.8197986483573914
1462,277,30308,80.11834716796875,96.16217041015625,393.33502197265625,407.44219970703125,0.9469196796417236
1463,277,36637,617.4613037109375,199.37405395507812,267.6318359375,151.5908203125,0.8325976729393005
1464,277,3483,601.134765625,868.9427490234375,259.2452392578125,228.841552734375,0.7767603397369385
1465,277,19861,125.44708251953125,864.1142578125,221.70388793945312,168.728271484375,0.7185083627700806
1466,278,3483,152.394775390625,220.04566955566406,244.2015380859375,220.57627868652344,0.8708673715591431
1467,278,30308,522.1099853515625,746.5244140625,405.516845703125,415.4771728515625,0.7387489676475525
1468,278,36637,93.46258544921875,906.54833984375,276.24615478515625,167.520751953125,0.673523485660553
1469,278,19861,637.50390625,278.18475341796875,221.0528564453125,168.37603759765625,0.5121908187866211
1470,28,35206,614.7838134765625,141.64251708984375,222.6279296875,404.79132080078125,0.9207348227500916
1471,28,27777,176.6146240234375,812.0638427734375,178.18988037109375,199.5179443359375,0.8173359036445618
1472,28,3483,565.4681396484375,813.0072021484375,265.5340576171875,220.7415771484375,0.7287211418151855
1473,28,25367,17.61480712890625,62.07037353515625,416.71405029296875,457.922119140625,0.7127426862716675
1474,280,3832,434.05987548828125,279.16217041015625,396.8511962890625,347.3336181640625,0.9886016249656677
1475,280,3351,409.0650634765625,867.523193359375,190.4361572265625,191.463134765625,0.8194475769996643
1476,280,16232,135.34133911132812,291.52239990234375,190.51370239257812,192.5350341796875,0.5690668225288391
1477,286,30308,28.58978271484375,115.38299560546875,378.7386474609375,408.35064697265625,0.8814250826835632
1478,286,16262,576.2352905273438,190.1431884765625,236.2105712890625,226.093017578125,0.873991072177887
1479,286,27777,144.17193603515625,777.1041259765625,180.36962890625,204.5986328125,0.8239964842796326
1480,286,3483,537.7706298828125,780.3984375,266.108642578125,224.635498046875,0.6860825419425964
1481,287,16262,136.3265838623047,835.5689697265625,249.40528869628906,242.041259765625,0.8573037385940552
1482,287,3483,173.10064697265625,273.068115234375,261.927734375,220.7208251953125,0.8036661744117737
1483,287,30308,571.1746826171875,701.188232421875,399.7109375,425.114990234375,0.6901770830154419
1484,287,27777,637.4549560546875,293.05438232421875,176.36865234375,195.6356201171875,0.6670475006103516
1485,288,27777,176.3507537841797,812.8486328125,177.81568908691406,199.3116455078125,0.8217474222183228
1486,288,30308,42.851348876953125,131.90411376953125,391.6628112792969,419.90460205078125,0.7832292914390564
1487,288,3483,565.2236938476562,814.96728515625,264.923583984375,219.5322265625,0.7573477625846863
1488,288,16262,602.5501708984375,193.49917602539062,244.663818359375,231.0701904296875,0.7320592403411865
1489,289,25438,142.5815887451172,844.71875,255.04151916503906,254.1475830078125,0.8041867613792419
1490,289,2483,599.708740234375,83.63624572753906,247.5692138671875,472.03001403808594,0.7711732387542725
1491,289,6192,93.97775268554688,50.29522705078125,276.35205078125,532.6947021484375,0.7303133606910706
1492,289,22362,587.0616455078125,742.3575439453125,252.32470703125,411.7845458984375,0.4377889931201935
1493,29,35206,583.854736328125,135.67431640625,218.36083984375,389.32275390625,0.9241739511489868
1494,29,27777,144.43362426757812,775.638671875,180.38739013671875,205.710693359375,0.8200187087059021
1495,29,3483,537.44189453125,778.00390625,267.635498046875,226.457763671875,0.7015291452407837
1496,291,22362,99.16768646240234,100.6036376953125,255.97577667236328,400.24603271484375,0.9338347911834717
1497,291,25438,535.1025390625,175.22811889648438,246.920654296875,252.75164794921875,0.849434494972229
1498,291,6192,572.455078125,611.5982666015625,272.907470703125,544.9136962890625,0.7853682637214661
1499,291,2483,74.72564697265625,657.1904296875,267.827392578125,472.8447265625,0.2723400294780731
1500,292,12778,539.5764770507812,592.5087890625,330.2586669921875,509.081298828125,0.9627593755722046
1501,292,5886,111.735595703125,76.5225830078125,232.4266357421875,484.30120849609375,0.8881186246871948
1502,292,25438,546.84130859375,177.66412353515625,246.1832275390625,251.6907958984375,0.8786066174507141
1503,292,2483,70.1318130493164,660.803466796875,205.49242401123047,491.0328369140625,0.7993323802947998
1504,295,20014,125.59033203125,192.7313690185547,342.4334716796875,313.65077209472656,0.9678493738174438
1505,295,16232,642.2720947265625,297.64031982421875,194.6357421875,191.200927734375,0.861616849899292
1506,295,3351,413.6876220703125,863.81201171875,189.1846923828125,191.850830078125,0.6829713582992554
1507,298,16548,159.3561248779297,777.34033203125,240.65541076660156,231.69580078125,0.9662135243415833
1508,298,33208,155.98016357421875,235.96591186523438,207.7459716796875,195.317138671875,0.954087495803833
1509,298,31705,569.2529907226562,176.487548828125,251.06787109375,423.5140380859375,0.9095495343208313
1510,298,1900,682.510009765625,879.22802734375,211.725341796875,134.0621337890625,0.8005656599998474
1511,299,16548,559.662109375,245.50723266601562,234.3851318359375,227.92041015625,0.9554563760757446
1512,299,33208,610.7593994140625,847.2281494140625,214.4471435546875,205.77001953125,0.9147651791572571
1513,299,31705,138.98855590820312,645.89892578125,251.57666015625,451.5047607421875,0.9064800143241882
1514,299,1900,86.63284301757812,258.95941162109375,202.86227416992188,127.90887451171875,0.8117229342460632
1515,3,16551,527.3631591796875,65.288330078125,390.228759765625,394.63616943359375,0.9406893849372864
1516,3,24850,137.03872680664062,699.31884765625,186.948974609375,300.33349609375,0.8815812468528748
1517,3,27926,573.2528076171875,627.9732666015625,257.368408203125,488.9046630859375,0.8603630065917969
1518,3,1900,141.15777587890625,243.1595458984375,199.33499145507812,126.78643798828125,0.7839193344116211
1519,302,19232,94.62649536132812,634.611572265625,284.656494140625,328.134521484375,0.9563595056533813
1520,302,3351,309.04522705078125,159.75531005859375,186.4124755859375,189.1959228515625,0.8816751837730408
1521,302,36637,567.6973876953125,712.704345703125,238.721923828125,229.084716796875,0.351092666387558
1522,304,22627,105.57159423828125,136.8989715576172,307.0697021484375,498.33815002441406,0.8813872933387756
1523,304,4378,594.4622802734375,704.1031494140625,234.302001953125,465.7945556640625,0.8501744866371155
1524,304,3743,129.9393768310547,813.5147705078125,337.07301330566406,332.09423828125,0.7170985341072083
1525,304,2483,622.7457275390625,77.37359619140625,193.938232421875,460.49432373046875,0.46535879373550415
1526,308,36637,117.33505249023438,710.9453735351562,190.60848999023438,263.0780029296875,0.8560713529586792
1527,308,3351,289.5322265625,205.76934814453125,185.52398681640625,188.774658203125,0.8336394429206848
1528,308,41768,561.4791870117188,603.721923828125,276.911865234375,299.817626953125,0.6648916602134705
1529,31,6563,196.43374633789062,713.18701171875,217.838623046875,361.2490234375,0.9384610056877136
1530,31,3544,109.86587524414062,240.33447265625,211.1416015625,200.01263427734375,0.9272463917732239
1531,31,16551,589.0654296875,49.223388671875,290.95361328125,483.52764892578125,0.7424359917640686
1532,31,4543,652.7786865234375,846.79443359375,190.18701171875,182.1597900390625,0.32539889216423035
1533,310,12247,616.873291015625,321.02899169921875,175.664306640625,184.02880859375,0.9819528460502625
1534,310,4543,138.27972412109375,867.252685546875,214.1766357421875,212.58740234375,0.8766646981239319
1535,310,16551,104.56671142578125,144.73951721191406,315.6947021484375,450.93296813964844,0.7352896332740784
1536,310,3544,652.43603515625,891.1666259765625,218.524169921875,214.2698974609375,0.711892306804657
1537,313,34597,15.59393310546875,21.846710205078125,449.88018798828125,408.8856201171875,0.9615142345428467
1538,313,20877,39.97503662109375,753.6514892578125,324.5168151855469,254.248779296875,0.934775710105896
1539,313,29667,596.7586669921875,182.25352478027344,218.1708984375,214.41175842285156,0.8576171398162842
1540,313,3483,619.6596069335938,723.7994384765625,211.0264892578125,269.365234375,0.826623797416687
1541,315,34597,508.1612548828125,783.807373046875,467.6563720703125,425.721923828125,0.9709017872810364
1542,315,20877,594.673095703125,259.72369384765625,322.231689453125,242.1627197265625,0.8967369198799133
1543,315,3483,143.58642578125,289.11126708984375,213.44976806640625,255.2747802734375,0.8183978199958801
1544,315,29667,133.3564453125,859.57421875,230.53350830078125,225.528564453125,0.7164871692657471
1545,316,16548,166.203369140625,790.644287109375,235.482421875,227.2490234375,0.9572566151618958
1546,316,3544,125.39166259765625,234.7801513671875,209.284423828125,202.11749267578125,0.929486870765686
1547,316,10221,631.4422607421875,198.84884643554688,225.897216796875,216.0579833984375,0.7706232666969299
1548,316,33009,562.0228271484375,810.6065673828125,371.7713623046875,210.1683349609375,0.6445187926292419
1549,317,33009,77.53245544433594,266.2575988769531,364.01075744628906,222.0614013671875,0.9422817826271057
1550,317,3544,658.462890625,833.1258544921875,214.915771484375,213.001220703125,0.9404142498970032
1551,317,10221,124.287109375,844.2078857421875,231.00924682617188,226.407470703125,0.8628190159797668
1552,317,16548,591.4857788085938,282.85394287109375,230.588134765625,223.362060546875,0.8554726243019104
1553,32,12420,163.86575317382812,278.1131591796875,183.73095703125,178.977294921875,0.9897195100784302
1554,32,6563,584.927490234375,232.133056640625,210.87841796875,338.15057373046875,0.9093091487884521
1555,32,16551,104.84196472167969,706.046875,299.97779846191406,498.869873046875,0.8831262588500977
1556,32,3544,672.90087890625,828.3955078125,215.4998779296875,211.643310546875,0.7769068479537964
1557,320,28763,134.19033813476562,196.0717010498047,209.32818603515625,199.05226135253906,0.9396334886550903
1558,320,35206,629.9779052734375,161.76954650878906,218.228271484375,397.21275329589844,0.9321187138557434
1559,320,20877,84.97828674316406,726.715576171875,331.20530700683594,239.749267578125,0.841583251953125
1560,320,3483,623.3411865234375,717.1304931640625,211.865966796875,272.47607421875,0.8222091197967529
1561,323,36637,149.14154052734375,802.93408203125,196.13235473632812,254.757080078125,0.8653512597084045
1562,323,22347,653.471923828125,876.345703125,216.802978515625,208.2607421875,0.8516547083854675
1563,323,27653,669.8048095703125,254.054443359375,221.5267333984375,200.08978271484375,0.8025904297828674
1564,323,3483,130.85858154296875,289.80767822265625,276.553955078125,170.69287109375,0.7624564170837402
1565,324,36637,643.327880859375,208.16220092773438,189.963134765625,247.47515869140625,0.9239548444747925
1566,324,22347,129.759033203125,194.66893005371094,207.29437255859375,197.26881408691406,0.8832388520240784
1567,324,27653,95.2615966796875,853.1348876953125,222.18411254882812,207.28466796875,0.7899113893508911
1568,324,3483,584.9078369140625,845.1243896484375,286.904541015625,167.5328369140625,0.7232176661491394
1569,325,16262,136.18748474121094,835.772216796875,250.06947326660156,241.4842529296875,0.8320622444152832
1570,325,3483,173.38250732421875,273.2001953125,262.1165771484375,220.71551513671875,0.8007140755653381
1571,325,27777,637.5897216796875,293.2083740234375,176.2967529296875,195.79949951171875,0.6764815449714661
1572,325,31885,508.1318359375,704.098876953125,404.43603515625,523.1676025390625,0.6446820497512817
1573,327,31885,93.35711669921875,29.57867431640625,406.3941650390625,507.54083251953125,0.8720808029174805
1574,327,27777,176.29074096679688,812.599609375,177.92034912109375,199.656982421875,0.8182553052902222
1575,327,3483,565.8387451171875,814.3162841796875,264.624267578125,220.09716796875,0.7450632452964783
1576,327,16262,602.5157470703125,193.65972900390625,244.739990234375,230.87744140625,0.728056788444519
1577,328,27733,558.752197265625,257.22576904296875,303.798828125,264.2635498046875,0.9327956438064575
1578,328,3483,122.904296875,306.97235107421875,271.3529052734375,199.88934326171875,0.8272004723548889
1579,328,36637,98.9774169921875,880.4337158203125,270.84600830078125,179.68212890625,0.8248103260993958
1580,328,31885,515.7596435546875,643.064697265625,383.89794921875,537.53271484375,0.7861958742141724
1581,332,12420,81.743896484375,824.40087890625,189.13232421875,183.267578125,0.9849449992179871
1582,332,16551,563.6451416015625,538.46044921875,291.089111328125,490.7762451171875,0.9203788638114929
1583,332,3544,124.63848876953125,143.01348876953125,203.71240234375,197.51113891601562,0.9112586379051208
1584,332,4543,588.230712890625,167.8164520263672,205.21484375,199.02699279785156,0.8702765703201294
1585,334,16232,626.2127685546875,221.26779174804688,189.76318359375,183.66754150390625,0.9093492031097412
1586,334,20877,83.56451416015625,725.8267211914062,332.14337158203125,242.3388671875,0.9050611257553101
1587,334,3483,623.0084228515625,717.337646484375,212.54052734375,272.841064453125,0.8310641646385193
1588,335,16232,134.26666259765625,847.5689697265625,195.332275390625,191.0601806640625,0.9488093852996826
1589,335,20877,543.524658203125,294.75030517578125,328.504638671875,232.83013916015625,0.8663390874862671
1590,335,3483,142.12567138671875,292.8916015625,211.00747680664062,254.9818115234375,0.8170115351676941
1591,335,22347,620.02734375,839.137939453125,215.720947265625,208.8604736328125,0.6428466439247131
1592,336,20877,116.3453369140625,769.6558837890625,330.72662353515625,230.5703125,0.9311599731445312
1593,336,16232,654.4517822265625,232.28912353515625,194.226318359375,179.07757568359375,0.8974652886390686
1594,336,3483,650.0496215820312,749.293212890625,211.3448486328125,269.119384765625,0.8195009231567383
1595,336,22347,162.5997314453125,232.3968505859375,208.21246337890625,198.73895263671875,0.3913125693798065
1596,337,22347,639.8052978515625,835.8638916015625,215.724365234375,208.57373046875,0.9197031855583191
1597,337,3483,126.20797729492188,271.9078369140625,270.14166259765625,187.9271240234375,0.8168805837631226
1598,337,36637,128.6009521484375,830.4580078125,184.1268310546875,260.8272705078125,0.6660864949226379
1599,337,25469,574.033203125,191.38363647460938,329.240234375,282.4251708984375,0.5549898743629456
1600,338,22347,126.29791259765625,226.29583740234375,203.9744873046875,195.6964111328125,0.825347900390625
1601,338,3483,575.4115600585938,813.4715576171875,279.6375732421875,190.54833984375,0.7973007559776306
1602,338,36637,644.2509155273438,169.49429321289062,173.63525390625,248.38323974609375,0.702785849571228
1603,338,25469,49.127227783203125,788.62939453125,355.1529235839844,299.74853515625,0.6252522468566895
1604,339,22347,142.04901123046875,235.5585479736328,210.5994873046875,197.55418395996094,0.8392757177352905
1605,339,36637,673.9100341796875,173.02386474609375,176.037109375,253.70037841796875,0.8191526532173157
1606,339,3483,602.3717041015625,845.8807373046875,278.5059814453125,186.889892578125,0.809116542339325
1607,339,25469,84.6243896484375,830.74072265625,348.35809326171875,301.560791015625,0.5790117979049683
1608,340,34597,36.067626953125,82.517333984375,391.26654052734375,470.78533935546875,0.9471616148948669
1609,340,20238,575.9261474609375,191.46946716308594,222.9500732421875,214.30433654785156,0.8920117616653442
1610,340,27777,144.79891967773438,776.8668212890625,180.16595458984375,205.589111328125,0.8244907259941101
1611,340,3483,538.0567626953125,780.1337890625,266.7796630859375,225.04345703125,0.6851100325584412
1612,341,34597,50.18536376953125,113.79039001464844,396.5611572265625,464.48609924316406,0.9429507851600647
1613,341,27777,177.0370635986328,812.8924560546875,177.73728942871094,199.12841796875,0.8193415999412537
1614,341,3483,566.704833984375,815.408203125,264.5849609375,219.4202880859375,0.7514795064926147
1615,341,20238,603.1895751953125,197.6558380126953,227.139404296875,214.18968200683594,0.7113805413246155
1616,344,27777,176.3194580078125,813.9910888671875,178.2012939453125,198.3602294921875,0.8132548928260803
1617,344,16262,603.435791015625,194.1533660888672,243.550537109375,229.52015686035156,0.7524011731147766
1618,344,3483,565.63232421875,813.936767578125,265.224853515625,220.7520751953125,0.7489218711853027
1619,345,16262,575.598876953125,189.36265563964844,237.213623046875,226.44154357910156,0.8644554018974304
1620,345,27777,144.0330810546875,776.8317260742188,180.47698974609375,205.1959228515625,0.8261833190917969
1621,345,3483,537.344970703125,780.2825927734375,267.766357421875,225.119873046875,0.6782476902008057
1622,346,16232,642.3201293945312,250.8736572265625,189.242431640625,182.79022216796875,0.9092971682548523
1623,346,25367,139.99664306640625,55.90399169921875,338.7861328125,497.5806884765625,0.7992263436317444
1624,346,27777,177.8165283203125,811.9425659179688,177.95330810546875,199.646240234375,0.7962392568588257
1625,346,3483,566.2564697265625,812.603515625,266.1551513671875,219.7540283203125,0.7264707088470459
1626,347,16232,614.3719482421875,240.81809997558594,184.634765625,183.24330139160156,0.887900173664093
1627,347,27777,145.43304443359375,775.5489501953125,180.40155029296875,205.806884765625,0.7979377508163452
1628,347,25367,125.24378967285156,41.33355712890625,327.73130798339844,489.79736328125,0.7723805904388428
1629,347,3483,538.519287109375,777.3571166992188,267.8726806640625,225.5035400390625,0.6962387561798096
1630,349,34597,3.535125732421875,130.44793701171875,437.31585693359375,423.61456298828125,0.9552213549613953
1631,349,35206,613.773681640625,139.89601135253906,223.871337890625,406.18894958496094,0.9237715601921082
1632,349,27777,177.81787109375,812.2630615234375,177.5982666015625,199.3060302734375,0.7971670031547546
1633,349,3483,566.7642822265625,812.7196044921875,264.9840087890625,220.2784423828125,0.7365399599075317
1634,352,22362,621.3314208984375,778.8162841796875,255.333740234375,426.7139892578125,0.8390356302261353
1635,352,5094,137.4617156982422,856.765625,287.61317443847656,288.9677734375,0.6761981844902039
1636,352,2483,641.9081420898438,118.01983642578125,201.0465087890625,471.95440673828125,0.6550466418266296
1637,352,19552,111.29627990722656,167.43406677246094,326.15892028808594,497.95533752441406,0.6077420711517334
1638,355,5094,550.175537109375,191.00271606445312,273.739013671875,266.7008056640625,0.8663751482963562
1639,355,23223,538.9503173828125,590.541748046875,303.622802734375,504.425537109375,0.8557589650154114
1640,355,12081,68.80231475830078,130.54913330078125,229.01201629638672,427.62530517578125,0.7379060387611389
1641,355,2483,58.77783966064453,696.00732421875,249.13103485107422,485.1055908203125,0.6127001047134399
1642,356,23223,93.33660888671875,110.57502746582031,303.7420654296875,502.39744567871094,0.9873754978179932
1643,356,5094,103.75704956054688,800.0596923828125,281.43218994140625,277.985107421875,0.814479649066925
1644,356,2483,630.0711669921875,31.71405029296875,244.310791015625,478.49884033203125,0.7252423167228699
1645,356,12081,639.056640625,690.26220703125,238.873779296875,449.59326171875,0.6675996780395508
1646,359,29667,629.9486083984375,164.28317260742188,223.052490234375,215.23089599609375,0.835335373878479
1647,359,27777,175.2281494140625,811.18994140625,178.02783203125,198.968505859375,0.794235110282898
1648,359,3483,563.7318115234375,813.9581298828125,264.838134765625,219.768310546875,0.7488639950752258
1649,359,31885,81.78823852539062,48.972900390625,370.11767578125,522.528076171875,0.6690853238105774
1650,361,18147,210.78475952148438,166.2012939453125,212.2977294921875,418.00958251953125,0.7984743714332581
1651,361,16262,645.869140625,289.63995361328125,244.228515625,231.71575927734375,0.7824022173881531
1652,361,3351,427.86358642578125,880.6612548828125,191.9178466796875,191.3408203125,0.7226283550262451
1653,364,35206,101.25115966796875,255.5889434814453,349.49749755859375,323.70506286621094,0.972475528717041
1654,364,3351,408.36322021484375,854.429443359375,189.591796875,195.261962890625,0.8066222667694092
1655,364,32310,586.341552734375,170.0014190673828,242.902099609375,338.99644470214844,0.2624441981315613
1656,372,34597,12.529388427734375,142.22894287109375,455.8261413574219,414.60565185546875,0.97264164686203
1657,372,3483,602.9940795898438,845.116943359375,278.117431640625,187.6617431640625,0.8054802417755127
1658,372,25469,49.935089111328125,856.5238037109375,377.93328857421875,220.801025390625,0.767720639705658
1659,372,16262,573.8018798828125,194.62530517578125,243.85986328125,231.0533447265625,0.7317322492599487
1660,374,20877,72.14471435546875,800.0091552734375,326.60577392578125,241.7213134765625,0.9594469666481018
1661,374,25367,102.3778076171875,35.727813720703125,405.692138671875,462.47686767578125,0.8727784752845764
1662,374,3483,646.5521240234375,754.6375732421875,211.5048828125,267.543212890625,0.8260476589202881
1663,374,29667,624.10986328125,184.85650634765625,224.7811279296875,217.97943115234375,0.7898076176643372
1664,379,31863,135.8944091796875,315.99951171875,209.50506591796875,205.716064453125,0.8943902850151062
1665,379,3351,464.01068115234375,859.1676025390625,192.6072998046875,190.063720703125,0.6976861953735352
1666,379,16688,450.7874450683594,154.94122314453125,497.3508605957031,479.35467529296875,0.4768970012664795
1667,38,35206,622.2144775390625,162.2421875,217.4534912109375,395.12841796875,0.9324206113815308
1668,38,31885,113.080078125,29.262954711914062,397.8916015625,500.63792419433594,0.9274157285690308
1669,38,20877,84.0745849609375,724.9615478515625,331.94207763671875,243.014404296875,0.9056171774864197
1670,38,3483,622.8858642578125,717.2269897460938,212.60107421875,272.7630615234375,0.8236907124519348
1671,380,31863,597.3629150390625,716.0457153320312,210.3797607421875,214.1221923828125,0.9327462911605835
1672,380,16688,0.0,554.60009765625,499.86639404296875,513.6787109375,0.8889358639717102
1673,380,3351,285.16583251953125,180.88247680664062,187.2034912109375,190.23187255859375,0.8299860954284668
1674,382,5886,611.3448486328125,691.382568359375,238.39794921875,520.2462158203125,0.8701512813568115
1675,382,2483,600.0645141601562,110.22862243652344,284.531494140625,447.52015686035156,0.7169917821884155
1676,382,3743,75.15643310546875,814.5247802734375,333.69921875,330.6920166015625,0.32764604687690735
1677,384,5886,598.892578125,695.5242919921875,244.525390625,496.1922607421875,0.9191579818725586
1678,384,2483,611.7666015625,79.66815185546875,276.228759765625,452.70086669921875,0.5759003758430481
1679,384,3743,72.85638427734375,802.4368896484375,329.3887634277344,319.2532958984375,0.5363181233406067
1680,387,31885,499.38214111328125,656.4639892578125,416.4534912109375,508.6318359375,0.8151859045028687
1681,387,27653,669.6763916015625,255.28109741210938,221.00341796875,199.59637451171875,0.8019364476203918
1682,387,3483,131.08026123046875,289.9206237792969,276.33062744140625,171.6185302734375,0.7688442468643188
1683,387,20238,132.47348022460938,870.6527099609375,233.3779296875,225.957763671875,0.4309018552303314
1684,389,34597,26.6116943359375,122.88531494140625,443.9075927734375,423.86199951171875,0.9707701206207275
1685,389,20877,84.10531616210938,724.1055908203125,331.40771484375,244.8302001953125,0.8828385472297668
1686,389,16262,601.6544189453125,187.74615478515625,237.9078369140625,227.20611572265625,0.8569844961166382
1687,389,3483,623.0252685546875,719.5406494140625,210.819580078125,269.7110595703125,0.8406715989112854
1688,390,34597,43.96363830566406,155.06024169921875,452.00767517089844,419.03350830078125,0.9740246534347534
1689,390,20877,115.71759033203125,768.8350830078125,331.2235107421875,230.851318359375,0.956031858921051
1690,390,3483,649.6558837890625,750.4971923828125,211.235107421875,267.987060546875,0.8151362538337708
1691,390,16262,629.4744873046875,191.1616668701172,245.192626953125,232.54566955566406,0.7129612565040588
1692,392,33208,657.8973388671875,900.135009765625,217.358642578125,210.866943359375,0.971498429775238
1693,392,21026,683.7268676757812,276.57586669921875,178.6051025390625,171.35302734375,0.8317831754684448
1694,392,1900,185.85455322265625,272.09820556640625,203.95892333984375,138.838134765625,0.777357280254364
1695,392,16551,110.98556518554688,701.916015625,297.3974609375,498.5396728515625,0.575192391872406
1696,393,16551,555.1192626953125,48.970947265625,282.8291015625,466.1827392578125,0.9225214123725891
1697,393,1900,580.70361328125,865.7486572265625,213.0098876953125,144.549560546875,0.7589629292488098
1698,393,33208,110.1539306640625,159.95892333984375,206.97552490234375,195.96466064453125,0.6821243166923523
1699,393,21026,90.61193084716797,832.7210693359375,183.94605255126953,179.1187744140625,0.6179792284965515
1700,394,28763,605.38232421875,857.2401123046875,221.0791015625,213.7388916015625,0.923717737197876
1701,394,20238,138.318603515625,849.1204833984375,231.178955078125,226.4393310546875,0.9011936783790588
1702,394,3483,125.81883239746094,272.6383056640625,269.78968811035156,187.857177734375,0.8072705268859863
1703,394,25469,571.6956787109375,230.42147827148438,375.39013671875,219.98431396484375,0.6875177025794983
1704,395,28763,170.2541961669922,208.40570068359375,214.93434143066406,202.36456298828125,0.9045844674110413
1705,395,20238,617.6258544921875,195.51870727539062,226.575439453125,216.50860595703125,0.8402140736579895
1706,395,3483,603.3673095703125,845.648193359375,278.1551513671875,187.295654296875,0.7850692868232727
1707,395,25469,49.424652099609375,857.39892578125,379.5869445800781,220.777099609375,0.7815156579017639
1708,396,28763,153.75860595703125,199.91859436035156,209.88812255859375,200.70115661621094,0.9315299391746521
1709,396,20238,589.7442016601562,189.980224609375,221.6278076171875,214.8536376953125,0.8951165676116943
1710,396,3483,575.6220092773438,812.6610717773438,280.3250732421875,191.439208984375,0.7912936210632324
1711,396,25469,10.753173828125,812.5694580078125,386.18841552734375,220.341796875,0.7506738305091858
1712,4,29345,120.06353759765625,155.26605224609375,272.719482421875,412.02362060546875,0.9637628197669983
1713,4,24850,599.6156005859375,253.15933227539062,292.7998046875,165.28851318359375,0.9575437307357788
1714,4,16551,128.20281982421875,645.40185546875,297.02984619140625,499.7825927734375,0.886260986328125
1715,4,1900,684.2733154296875,808.3248291015625,130.642822265625,208.971923828125,0.7200736403465271
1716,40,31885,614.2393798828125,616.0986328125,334.822265625,550.273681640625,0.9371574521064758
1717,40,3483,160.5753173828125,214.337158203125,243.9339599609375,222.279052734375,0.8533182144165039
1718,40,29667,118.55075073242188,838.587158203125,232.495361328125,226.6986083984375,0.8142917156219482
1719,40,19861,644.9158935546875,278.52435302734375,221.19970703125,168.7596435546875,0.49650460481643677
1720,400,16548,602.7760620117188,124.05213165283203,231.7938232421875,224.86168670654297,0.9433675408363342
1721,400,33009,12.94232177734375,774.032470703125,367.93963623046875,239.124267578125,0.915421724319458
1722,400,33208,613.170166015625,771.47412109375,213.08642578125,204.626220703125,0.883721113204956
1723,400,1900,133.71771240234375,245.74900817871094,193.50677490234375,155.20619201660156,0.8759127855300903
1724,401,16548,109.5489273071289,898.6275634765625,244.04241180419922,237.74267578125,0.9597206115722656
1725,401,33208,152.64073181152344,296.5870361328125,206.38832092285156,194.3272705078125,0.940735399723053
1726,401,33009,586.8563232421875,240.52171325683594,359.115234375,238.34559631347656,0.9336637854576111
1727,401,1900,640.7205810546875,858.36669921875,208.843505859375,167.3917236328125,0.8338485956192017
1728,404,18147,13.5625,588.72412109375,293.8902587890625,417.58984375,0.9903497695922852
1729,404,35206,438.73614501953125,698.7513427734375,418.910400390625,233.9814453125,0.9308941960334778
1730,404,3351,357.7254638671875,144.418212890625,185.825927734375,188.68679809570312,0.785213053226471
1731,409,1900,135.28451538085938,245.0077667236328,187.95330810546875,164.74510192871094,0.8684360980987549
1732,409,33009,517.1705322265625,791.0543212890625,382.485107421875,209.939208984375,0.8340340852737427
1733,409,16551,8.64501953125,731.341552734375,468.44287109375,320.49072265625,0.7836825847625732
1734,41,31885,51.772430419921875,93.252197265625,328.6473083496094,542.9471435546875,0.871086835861206
1735,41,29667,636.6078491210938,206.1844940185547,224.68798828125,214.43836975097656,0.799937903881073
1736,41,19861,117.28978729248047,862.3193359375,221.31629180908203,169.7880859375,0.7909952998161316
1737,41,3483,591.9003295898438,872.6787109375,258.6314697265625,229.98486328125,0.779155969619751
1738,411,33009,86.20748901367188,257.45733642578125,367.51715087890625,208.29339599609375,0.9359154105186462
1739,411,1900,645.23095703125,853.9427490234375,203.03515625,175.9881591796875,0.8483819961547852
1740,411,16551,497.78875732421875,200.20716857910156,456.9183349609375,309.51170349121094,0.7463737726211548
1741,412,5094,105.76463317871094,811.131591796875,286.14576721191406,287.576171875,0.8189343214035034
1742,412,19552,113.37831115722656,181.8035888671875,310.02476501464844,505.8592529296875,0.8112603425979614
1743,412,2483,621.385009765625,73.97648620605469,222.48583984375,462.76026916503906,0.7088230848312378
1744,412,12081,646.540771484375,694.12890625,250.080810546875,467.0279541015625,0.5992785692214966
1745,413,19552,111.458740234375,158.85081481933594,311.80523681640625,497.19410705566406,0.8611202239990234
1746,413,5094,103.68484497070312,799.6795654296875,281.9474792480469,278.6197509765625,0.8398726582527161
1747,413,2483,627.7320556640625,34.08709716796875,248.649658203125,473.33929443359375,0.7276041507720947
1748,413,12081,638.857666015625,689.94970703125,238.9888916015625,449.66796875,0.6538464426994324
1749,414,19552,518.406494140625,549.78466796875,311.4541015625,494.31591796875,0.951038658618927
1750,414,5094,550.2449951171875,191.14390563964844,273.26025390625,266.49610900878906,0.8664451241493225
1751,414,12081,70.54296875,127.696044921875,227.28067016601562,430.53240966796875,0.7536517381668091
1752,414,2483,57.228240966796875,696.1622314453125,254.30905151367188,484.3466796875,0.6159073710441589
1753,415,31885,94.4151611328125,93.79766845703125,328.57086181640625,544.747314453125,0.89239901304245
1754,415,3483,601.4291381835938,868.642578125,258.55419921875,227.98828125,0.7784832715988159
1755,415,19861,126.15484619140625,863.927490234375,221.218994140625,168.6884765625,0.6655133366584778
1756,415,16262,637.079345703125,176.8097381591797,247.874755859375,232.48817443847656,0.6537659168243408
1757,416,19861,90.37847137451172,826.2076416015625,228.24262237548828,176.28564453125,0.8489524722099304
1758,416,16262,608.7669677734375,174.21719360351562,240.5015869140625,226.71905517578125,0.7969067096710205
1759,416,3483,573.344970703125,838.2882080078125,261.3570556640625,227.4842529296875,0.7604947090148926
1760,416,31885,78.603271484375,72.39898681640625,315.69171142578125,534.7640991210938,0.7455606460571289
1761,417,31885,566.8074340820312,613.743896484375,335.0809326171875,550.81201171875,0.9598888754844666
1762,417,3483,151.6142578125,219.93760681152344,244.50164794921875,220.98597717285156,0.8715957403182983
1763,417,16262,100.23443603515625,856.1151123046875,248.0809326171875,236.664794921875,0.7269054651260376
1764,417,19861,637.408447265625,278.0865478515625,221.48388671875,168.26763916015625,0.4598101079463959
1765,419,27733,563.05029296875,262.84625244140625,304.22265625,264.8323974609375,0.9362455010414124
1766,419,20238,113.7578125,854.0556640625,230.4364013671875,226.667236328125,0.9123875498771667
1767,419,3483,123.55145263671875,307.20697021484375,270.62713623046875,200.3419189453125,0.8294730186462402
1768,419,25367,539.2821044921875,735.9981689453125,436.7178955078125,444.419921875,0.8245857954025269
1769,42,31885,33.38604736328125,70.5078125,320.2581481933594,539.5158081054688,0.8701254725456238
1770,42,19861,82.58547973632812,825.3717041015625,228.10446166992188,176.9505615234375,0.8610184788703918
1771,42,29667,608.2564697265625,199.69467163085938,220.649658203125,215.4703369140625,0.8337456583976746
1772,42,3483,564.5016479492188,842.890380859375,261.2672119140625,229.109375,0.7506846785545349
1773,420,20238,613.938720703125,186.36611938476562,222.2474365234375,213.92401123046875,0.8474542498588562
1774,420,25367,2.06085205078125,73.41036987304688,431.37591552734375,421.8782958984375,0.8424372673034668
1775,420,27733,84.65762329101562,727.4697265625,324.2776184082031,282.1624755859375,0.8356654047966003
1776,420,3483,577.93115234375,758.5679931640625,276.77880859375,210.70361328125,0.7860878705978394
1777,422,3483,153.550048828125,218.70257568359375,245.16900634765625,220.873046875,0.8561823964118958
1778,422,34597,560.3387451171875,694.51806640625,350.959716796875,519.875732421875,0.8443952202796936
1779,422,36637,93.28952026367188,905.471923828125,276.45233154296875,166.9971923828125,0.6702011823654175
1780,422,19861,639.2451782226562,278.74310302734375,220.917236328125,168.8424072265625,0.46785664558410645
1781,423,34597,79.51068115234375,17.752944946289062,331.8873291015625,493.79197692871094,0.9328690767288208
1782,423,36637,591.0440673828125,195.47457885742188,260.94775390625,153.2811279296875,0.8920090198516846
1783,423,19861,87.87357330322266,826.5369873046875,229.97661590576172,175.862060546875,0.8490709066390991
1784,423,3483,570.8411865234375,839.1636962890625,262.994140625,228.20166015625,0.7555223107337952
1785,429,34597,71.781494140625,157.48805236816406,485.28857421875,348.82676696777344,0.963546097278595
1786,429,29667,666.9918823242188,180.70176696777344,227.8685302734375,212.53907775878906,0.8651922345161438
1787,429,27733,129.70123291015625,774.04541015625,314.77685546875,275.91064453125,0.8605186939239502
1788,429,3483,607.82470703125,789.8115234375,277.0018310546875,211.08203125,0.8248975276947021
1789,430,33878,616.9224853515625,792.842529296875,168.21923828125,220.368896484375,0.9770086407661438
1790,430,16551,68.54751586914062,611.5895385742188,406.201904296875,409.5865478515625,0.9241775274276733
1791,430,4543,611.814453125,155.1529541015625,203.8115234375,199.1817626953125,0.8522650599479675
1792,430,3544,181.69415283203125,199.1215362548828,205.81414794921875,200.00230407714844,0.7274548411369324
1793,431,33878,644.7418212890625,831.44921875,164.59912109375,214.123291015625,0.9813296794891357
1794,431,16551,102.95431518554688,667.0625,399.00933837890625,395.79248046875,0.9546346664428711
1795,431,4543,638.9888916015625,154.18099975585938,209.5400390625,202.105224609375,0.8274399042129517
1796,431,3544,199.2843017578125,206.71807861328125,210.00738525390625,201.93377685546875,0.6982904672622681
1797,432,33878,191.45201110839844,259.94036865234375,161.63807678222656,210.838623046875,0.9920526742935181
1798,432,3544,583.299560546875,858.4599609375,215.567138671875,213.550537109375,0.9425099492073059
1799,432,16551,492.1339111328125,229.29278564453125,399.5859375,387.7938232421875,0.9086732864379883
1800,432,4543,133.48037719726562,905.4722900390625,213.10226440429688,211.31982421875,0.9049990177154541
1801,433,16232,618.9727172851562,179.15194702148438,188.243896484375,182.22161865234375,0.9045041799545288
1802,433,27733,84.484375,726.8829956054688,324.03692626953125,282.197509765625,0.8236240744590759
1803,433,3483,577.5623779296875,759.5296630859375,276.754150390625,209.861083984375,0.7957508563995361
1804,433,30308,92.38983154296875,102.60723876953125,354.4461669921875,426.72906494140625,0.5984629988670349
1805,434,30308,535.7111206054688,693.8131103515625,366.7725830078125,443.9781494140625,0.9510632753372192
1806,434,16232,141.21328735351562,892.130126953125,197.34292602539062,194.8104248046875,0.9456332921981812
1807,434,27733,563.3011474609375,262.417724609375,304.04296875,265.33453369140625,0.9434329867362976
1808,434,3483,122.99786376953125,306.72381591796875,271.459716796875,200.6048583984375,0.8236882090568542
1809,435,16232,646.6431884765625,186.55386352539062,193.6221923828125,178.36578369140625,0.9205788373947144
1810,435,27733,121.8919677734375,765.3902587890625,316.8388671875,277.491943359375,0.8424433469772339
1811,435,3483,606.4661865234375,791.021240234375,276.2342529296875,210.826904296875,0.836678147315979
1812,435,30308,107.48336791992188,119.91688537597656,367.88128662109375,436.34764099121094,0.596689760684967
1813,436,31885,42.316162109375,137.73756408691406,444.8779296875,474.80857849121094,0.9356598854064941
1814,436,20238,617.664794921875,195.4130859375,225.664794921875,216.71240234375,0.8191667795181274
1815,436,3483,603.4500732421875,844.570556640625,278.154052734375,187.5765380859375,0.7984669804573059
1816,436,25469,49.28228759765625,856.924560546875,377.58343505859375,220.2041015625,0.7824549674987793
1817,44,29667,91.86544799804688,724.0169677734375,233.87295532226562,231.920166015625,0.9462360739707947
1818,44,13900,578.3065185546875,673.5807495117188,182.4609375,263.0892333984375,0.873516321182251
1819,44,3351,369.82574462890625,154.66070556640625,185.01458740234375,186.7479248046875,0.8556879758834839
1820,443,4378,76.18816375732422,101.37535095214844,226.32599639892578,439.62586975097656,0.9491460919380188
1821,443,2483,84.34728240966797,673.9490966796875,243.35840606689453,472.3232421875,0.8534815311431885
1822,443,22627,532.4288330078125,679.789794921875,342.55078125,483.023193359375,0.844165027141571
1823,443,25438,567.9449462890625,187.85873413085938,246.83447265625,253.67852783203125,0.8163653612136841
1824,444,4378,651.1961669921875,702.536865234375,225.200439453125,478.411376953125,0.9409931898117065
1825,444,22627,77.22601318359375,61.38140869140625,332.666259765625,493.69866943359375,0.9265775680541992
1826,444,2483,600.024658203125,98.80914306640625,248.4429931640625,460.97991943359375,0.8567724823951721
1827,444,25438,109.24844360351562,841.890380859375,263.09185791015625,270.49365234375,0.7657079696655273
1828,449,34597,46.185546875,132.5089111328125,379.33154296875,477.97039794921875,0.9472215175628662
1829,449,27653,95.17718505859375,852.1968994140625,222.64297485351562,207.037353515625,0.7928357124328613
1830,449,16262,622.0462646484375,182.17686462402344,243.1138916015625,231.18238830566406,0.7878400683403015
1831,449,3483,585.16064453125,845.4244384765625,286.7640380859375,166.274658203125,0.7189009785652161
1832,452,29451,513.402587890625,241.81756591796875,408.294189453125,222.46038818359375,0.9631805419921875
1833,452,44199,177.37730407714844,235.0946502685547,204.10658264160156,260.62550354003906,0.9461074471473694
1834,452,1900,642.629638671875,847.3472900390625,190.892333984375,188.267578125,0.8122630715370178
1835,452,16551,138.5283203125,636.7384033203125,309.42315673828125,488.763427734375,0.5266618132591248
1836,454,6192,497.0624694824219,590.7843017578125,296.0071105957031,528.7608642578125,0.9604535698890686
1837,454,5886,124.75537109375,78.50151062011719,236.34942626953125,482.59767150878906,0.8876951336860657
1838,454,5094,562.1300659179688,195.18765258789062,273.0521240234375,267.62615966796875,0.8273871541023254
1839,455,6192,144.3935546875,96.16455078125,297.42559814453125,518.0826416015625,0.923406720161438
1840,455,5886,582.1312866210938,677.5528564453125,236.1251220703125,495.4248046875,0.800757884979248
1841,455,2483,602.9517822265625,21.329421997070312,218.7362060546875,486.70384216308594,0.7845855951309204
1842,455,5094,94.37310791015625,795.125244140625,279.292236328125,276.521240234375,0.6128481030464172
1843,456,6192,143.26698303222656,124.7630615234375,295.50352478027344,518.4823608398438,0.9623188972473145
1844,456,2483,595.429931640625,56.8704833984375,208.532470703125,480.44305419921875,0.7595515847206116
1845,456,5886,589.861083984375,678.15869140625,248.872802734375,509.462646484375,0.7228964567184448
1846,456,5094,94.90115356445312,806.38232421875,285.1941223144531,287.24951171875,0.5740293860435486
1847,457,6192,108.08294677734375,158.33160400390625,282.08148193359375,531.419921875,0.885485053062439
1848,457,2483,636.91259765625,67.37010192871094,218.730712890625,485.05860900878906,0.8853731751441956
1849,457,13395,629.680419921875,675.51416015625,236.800048828125,495.429443359375,0.8274118304252625
1850,457,5094,133.06922912597656,832.1497802734375,281.29185485839844,278.147705078125,0.569595456123352
1851,458,6192,109.6396484375,180.77166748046875,282.09844970703125,537.3795166015625,0.9363767504692078
1852,458,13395,637.900146484375,673.9342041015625,245.701904296875,517.3343505859375,0.848028302192688
1853,458,2483,625.26220703125,97.72882080078125,226.216796875,474.69110107421875,0.8224625587463379
1854,458,5094,134.26962280273438,843.6971435546875,288.13397216796875,287.093505859375,0.5836687684059143
1855,459,5094,523.1771240234375,162.3988037109375,272.33447265625,264.77862548828125,0.9236262440681458
1856,459,6192,547.2777099609375,514.9898681640625,274.42333984375,534.3094482421875,0.9018027782440186
1857,459,13395,77.77794647216797,81.83171081542969,234.37116241455078,486.17884826660156,0.7830551266670227
1858,46,23223,98.86225891113281,113.80242919921875,312.64671325683594,499.848388671875,0.987718939781189
1859,46,2483,590.145751953125,70.685302734375,249.679931640625,478.69427490234375,0.8608034253120422
1860,46,3743,116.91717529296875,785.722412109375,325.11798095703125,320.799560546875,0.8259676098823547
1861,46,12081,600.7509765625,706.7349853515625,237.7490234375,453.7249755859375,0.43489041924476624
1862,460,22362,79.15451049804688,120.00021362304688,264.3518981933594,389.96380615234375,0.888897716999054
1863,460,23223,508.412841796875,581.4183349609375,292.68603515625,509.3304443359375,0.8730063438415527
1864,460,3743,491.7666015625,127.74705505371094,313.0228271484375,302.17201232910156,0.7876381874084473
1865,460,2483,91.36105346679688,656.0477294921875,208.13937377929688,497.587646484375,0.7222468256950378
1866,462,23223,134.81198120117188,140.8060302734375,290.79779052734375,513.18505859375,0.9473311901092529
1867,462,3743,121.9178466796875,837.672119140625,333.12890625,334.60693359375,0.7573267221450806
1868,462,2483,628.173095703125,97.031982421875,203.8465576171875,473.1710205078125,0.7402927875518799
1869,462,22362,607.16748046875,734.0247802734375,274.8193359375,423.830322265625,0.6655587553977966
1870,463,20238,132.1294403076172,870.37353515625,232.47584533691406,226.26220703125,0.8774654269218445
1871,463,27653,668.3240966796875,253.7259063720703,221.2548828125,200.16758728027344,0.8036400079727173
1872,463,3483,129.94146728515625,289.97979736328125,276.38177490234375,171.8153076171875,0.7662876844406128
1873,464,28763,135.98348999023438,184.7803192138672,208.7427978515625,200.53431701660156,0.9439468383789062
1874,464,20238,595.523193359375,174.31838989257812,219.7918701171875,213.0089111328125,0.8971434831619263
1875,464,3483,560.285888671875,812.2172241210938,289.212646484375,174.7977294921875,0.7899710536003113
1876,464,27653,63.712554931640625,812.9942626953125,225.78298950195312,209.238037109375,0.7667987942695618
1877,465,28763,153.9893798828125,193.1998748779297,212.84796142578125,201.52320861816406,0.9324190616607666
1878,465,20238,622.417236328125,176.68161010742188,226.358642578125,216.70257568359375,0.9017054438591003
1879,465,27653,96.61299896240234,853.748779296875,222.89887237548828,206.8052978515625,0.8015736937522888
1880,465,3483,586.3071899414062,844.413818359375,286.40576171875,167.4779052734375,0.7180073857307434
1881,468,23223,110.12432861328125,112.22325134277344,308.0247802734375,509.03102111816406,0.9675763249397278
1882,468,22362,606.4131469726562,748.1788330078125,264.2144775390625,421.360107421875,0.8228972554206848
1883,468,25438,155.31024169921875,872.8502197265625,262.97967529296875,269.59228515625,0.8082219362258911
1884,468,2483,599.3447265625,115.46337890625,205.2529296875,468.30010986328125,0.677625298500061
1885,469,28763,149.28219604492188,223.0398406982422,212.5067138671875,200.24757385253906,0.8968935608863831
1886,469,27733,122.76971435546875,766.0615234375,316.7525634765625,277.2110595703125,0.8343661427497864
1887,469,3483,607.328125,790.538330078125,276.787109375,211.04931640625,0.8338692784309387
1888,469,35206,598.4033203125,126.59588623046875,257.522705078125,390.60223388671875,0.8216699957847595
1889,47,23223,528.446044921875,587.9044189453125,309.1966552734375,504.6068115234375,0.8691191673278809
1890,47,12081,107.23016357421875,110.42704772949219,230.9609375,430.65895080566406,0.6533519625663757
1891,47,2483,90.64181518554688,664.6949462890625,258.90924072265625,478.3017578125,0.39687323570251465
1892,472,16548,626.8663330078125,148.33526611328125,237.87060546875,226.41632080078125,0.9634653925895691
1893,472,6563,189.3299560546875,710.6815185546875,217.86639404296875,357.1226806640625,0.9394891262054443
1894,472,3544,147.09864807128906,189.92308044433594,211.38780212402344,201.55604553222656,0.8622005581855774
1895,472,33878,629.3734130859375,851.2109375,227.788818359375,135.915283203125,0.45851945877075195
1896,474,33878,150.04302978515625,304.3174133300781,222.10333251953125,150.83642578125,0.9759766459465027
1897,474,3544,635.7318115234375,875.9842529296875,215.472900390625,213.2900390625,0.9615131616592407
1898,474,16548,116.48974609375,880.3480224609375,242.76361083984375,238.78466796875,0.9482261538505554
1899,474,6563,590.8799438476562,236.64996337890625,211.3922119140625,338.26776123046875,0.9032557010650635
1900,475,13395,600.3372192382812,710.293701171875,237.06640625,525.14453125,0.8870478272438049
1901,475,25438,124.10995483398438,823.974609375,261.56109619140625,269.73828125,0.7883644700050354
1902,475,2483,596.478759765625,82.63395690917969,206.72314453125,472.11915588378906,0.6587191820144653
1903,477,13395,588.54736328125,709.9638671875,241.0665283203125,504.918212890625,0.8935346007347107
1904,477,25438,122.64825439453125,812.2420654296875,256.0302734375,254.56396484375,0.8608249425888062
1905,477,2483,602.5181884765625,45.05363464355469,214.222412109375,486.41981506347656,0.7605901956558228
1906,477,19552,87.97821044921875,104.57661437988281,316.3245849609375,495.54344177246094,0.576092541217804
1907,479,36637,635.1643676757812,178.3435821533203,183.019287109375,241.68125915527344,0.892640233039856
1908,479,27777,144.75006103515625,775.6940307617188,180.64141845703125,205.464599609375,0.8095797300338745
1909,479,3483,537.55810546875,778.2823486328125,266.1842041015625,225.666259765625,0.6791940927505493
1910,479,25367,66.4599609375,81.77751159667969,370.89825439453125,470.82179260253906,0.3394984304904938
1911,481,13395,637.9954833984375,674.4461669921875,245.0701904296875,516.9373779296875,0.8469931483268738
1912,481,22627,76.71157836914062,93.4139404296875,305.7776794433594,514.3690185546875,0.8451359272003174
1913,481,2483,624.5078125,96.59965515136719,228.30322265625,474.56910705566406,0.8231976628303528
1914,481,5094,134.26840209960938,843.642333984375,288.66192626953125,287.3212890625,0.5339080095291138
1915,482,5094,523.3033447265625,162.29869079589844,271.95703125,264.73377990722656,0.9335027933120728
1916,482,22627,551.28515625,636.9527587890625,313.654296875,490.4884033203125,0.8956568837165833
1917,482,13395,77.6302490234375,82.31988525390625,234.86138916015625,485.83282470703125,0.802908182144165
1918,484,3351,418.5364990234375,894.6617431640625,192.2965087890625,192.50244140625,0.8394714593887329
1919,484,16688,478.5581359863281,119.385498046875,417.2846374511719,528.3765258789062,0.6177446246147156
1920,485,3351,328.30987548828125,147.09585571289062,185.03680419921875,188.386474609375,0.8973566293716431
1921,485,32310,626.51513671875,531.953125,293.35009765625,341.6956787109375,0.8548958897590637
1922,485,16688,36.40069580078125,518.81103515625,446.690185546875,577.855712890625,0.30361562967300415
1923,486,32310,665.42919921875,633.805419921875,296.517333984375,342.183349609375,0.8759612441062927
1924,486,3351,368.29168701171875,204.8194122314453,185.1240234375,182.75450134277344,0.870544970035553
1925,486,16688,76.63380432128906,625.2330322265625,429.33201599121094,586.9678955078125,0.3366691768169403
1926,487,16232,647.156982421875,186.43310546875,193.14990234375,178.33251953125,0.9166377782821655
1927,487,31885,95.606201171875,50.45721435546875,412.2216796875,506.6922607421875,0.9025036692619324
1928,487,3483,606.3618774414062,791.007568359375,276.065185546875,210.905517578125,0.8396925330162048
1929,487,27733,121.560791015625,766.133544921875,316.94415283203125,276.801513671875,0.8393216133117676
1930,493,21026,683.892578125,276.5419921875,178.36767578125,171.2530517578125,0.8341470956802368
1931,493,1900,185.00845336914062,290.88165283203125,201.7823486328125,154.05078125,0.800569474697113
1932,493,16548,122.99581909179688,887.061767578125,243.28765869140625,237.48095703125,0.6041663289070129
1933,493,19607,681.2572021484375,900.9605712890625,166.4127197265625,160.447509765625,0.6025323867797852
1934,494,19607,133.9429931640625,211.75970458984375,155.592529296875,152.64361572265625,0.9860894680023193
1935,494,16548,591.02392578125,139.82461547851562,233.1517333984375,222.39483642578125,0.9452760815620422
1936,494,1900,586.4525146484375,831.2115478515625,206.922119140625,161.4912109375,0.7981700301170349
1937,494,21026,89.78826904296875,831.6602783203125,184.326904296875,180.961181640625,0.6215649247169495
1938,496,3832,496.1593322753906,181.85166931152344,382.7106628417969,367.06166076660156,0.9720498919487
1939,496,3351,392.406494140625,871.8994140625,190.9002685546875,191.166015625,0.7598339915275574
1940,497,3832,52.083465576171875,654.5557861328125,390.8359680175781,378.848876953125,0.9824436902999878
1941,497,3351,353.97650146484375,161.21981811523438,182.93682861328125,185.5264892578125,0.8417810797691345
1942,497,36637,586.4894409179688,669.8018798828125,197.075927734375,257.30224609375,0.3507566452026367
1943,499,25367,526.1004638671875,728.6519775390625,436.0489501953125,459.6458740234375,0.8312134742736816
1944,499,16262,166.29974365234375,834.7969970703125,250.2476806640625,241.9384765625,0.8147534132003784
1945,499,3483,125.86396789550781,273.076904296875,269.64268493652344,188.1678466796875,0.8040100932121277
1946,499,25469,571.5838623046875,230.675537109375,375.376708984375,219.81390380859375,0.6473516225814819
1947,5,29345,609.932373046875,712.6534423828125,288.8223876953125,447.63330078125,0.9718238115310669
1948,5,24850,91.81329345703125,893.0054931640625,301.5931396484375,164.325927734375,0.9703752994537354
1949,5,1900,181.40914916992188,267.960205078125,130.66641235351562,199.30615234375,0.8169046640396118
1950,5,16551,569.5662841796875,113.91236877441406,284.76904296875,477.86741638183594,0.7312443256378174
1951,500,16262,545.84521484375,189.3972930908203,238.4736328125,227.80491638183594,0.85189288854599
1952,500,25367,33.731231689453125,63.445465087890625,414.5323791503906,438.78900146484375,0.8056817650794983
1953,500,3483,576.145263671875,812.3707275390625,279.37109375,191.365478515625,0.7910934090614319
1954,500,25469,10.9742431640625,812.2015380859375,386.36260986328125,221.3804931640625,0.7556433081626892
1955,501,3483,603.3729248046875,845.3018798828125,278.396728515625,187.25537109375,0.7910733222961426
1956,501,25469,49.797576904296875,856.9002685546875,378.131591796875,220.61181640625,0.7818628549575806
1957,501,25367,47.39483642578125,79.28446960449219,427.8265380859375,437.85658264160156,0.781582772731781
1958,501,16262,574.118896484375,194.7159423828125,244.3226318359375,230.829833984375,0.6871986389160156
1959,502,20238,139.22763061523438,849.2581787109375,231.3509521484375,227.03564453125,0.8891172409057617
1960,502,3483,125.735595703125,272.92352294921875,269.84521484375,188.2734375,0.8051220178604126
1961,502,30308,547.9344482421875,729.9832763671875,416.928466796875,411.0833740234375,0.7723538279533386
1962,502,25469,571.7803955078125,230.84814453125,375.180908203125,220.06134033203125,0.6756335496902466
1963,503,20238,588.94482421875,190.7324981689453,222.0948486328125,214.83848571777344,0.8858548402786255
1964,503,30308,37.965576171875,101.2225341796875,391.27081298828125,396.615478515625,0.8642277717590332
1965,503,3483,575.57470703125,812.9370727539062,280.3831787109375,190.5931396484375,0.7820222973823547
1966,503,25469,11.0374755859375,812.5841064453125,386.38037109375,220.2197265625,0.7676109075546265
1967,506,38162,532.692626953125,631.6812744140625,199.8621826171875,303.228271484375,0.9130381345748901
1968,506,31863,79.97967529296875,699.29150390625,213.5264892578125,212.630126953125,0.8750730752944946
1969,506,3351,352.382080078125,139.87527465820312,182.8040771484375,188.78421020507812,0.8316521048545837
1970,507,38162,571.6815185546875,728.055419921875,202.56689453125,293.5576171875,0.9244771599769592
1971,507,3351,392.22320556640625,196.7221221923828,185.2723388671875,185.23216247558594,0.8604133725166321
1972,507,31863,123.93084716796875,784.871826171875,207.80029296875,205.6640625,0.5906164646148682
1973,508,3351,418.0994873046875,871.054443359375,190.9891357421875,192.072998046875,0.7775759100914001
1974,509,18147,47.677947998046875,604.7105712890625,349.9489440917969,385.5908203125,0.9717473387718201
1975,509,22074,588.4256591796875,780.670166015625,189.7503662109375,193.4193115234375,0.9202799201011658
1976,509,3351,328.42852783203125,167.0902862548828,185.47772216796875,189.30857849121094,0.9138652682304382
1977,511,3483,153.9599151611328,218.66348266601562,244.95787048339844,220.7174072265625,0.8658081889152527
1978,511,25367,574.70849609375,744.2808837890625,392.5361328125,494.536865234375,0.7174667716026306
1979,511,36637,93.2052001953125,905.8946533203125,276.49884033203125,167.007568359375,0.6677175164222717
1980,511,19861,639.078369140625,278.4404296875,220.806884765625,168.921142578125,0.5088399052619934
1981,515,35206,613.7835693359375,140.23974609375,223.707763671875,405.35382080078125,0.9216294884681702
1982,515,30308,91.74824523925781,185.34381103515625,425.61668395996094,369.07281494140625,0.8882202506065369
1983,515,27777,177.87545776367188,811.9129638671875,177.74749755859375,199.6134033203125,0.7775078415870667
1984,515,3483,566.763671875,812.3021240234375,265.123046875,220.48779296875,0.7248788475990295
1985,516,30308,479.4395446777344,701.063720703125,436.5454406738281,373.0455322265625,0.9270194172859192
1986,516,35206,137.09239196777344,705.5665283203125,245.20265197753906,414.4302978515625,0.9182409048080444
1987,516,3483,171.65538024902344,276.40350341796875,261.84303283691406,219.57257080078125,0.8142076730728149
1988,516,27777,636.3929443359375,293.70318603515625,176.0341796875,195.548095703125,0.6657552719116211
1989,517,36637,643.356201171875,208.4983367919922,189.946533203125,247.54835510253906,0.927372395992279
1990,517,31885,28.717498779296875,20.30029296875,381.25439453125,520.315185546875,0.8413065075874329
1991,517,27653,94.9815673828125,852.917236328125,222.44271850585938,207.140869140625,0.7914534211158752
1992,517,3483,585.2620849609375,845.4703979492188,286.074951171875,166.79052734375,0.7299519777297974
1993,518,36637,613.51806640625,204.65960693359375,186.75244140625,240.49139404296875,0.8900351524353027
1994,518,31885,18.084716796875,3.68646240234375,362.8673095703125,515.7794189453125,0.8434925079345703
1995,518,3483,559.4404296875,812.7689208984375,286.8876953125,174.3006591796875,0.7976981401443481
1996,518,27653,61.29759979248047,812.135986328125,226.00251007080078,210.064453125,0.7664174437522888
1997,519,36637,148.92047119140625,803.461669921875,196.95199584960938,253.23095703125,0.8857828378677368
1998,519,27653,670.4656982421875,255.22605895996094,221.0986328125,199.74012756347656,0.8014271259307861
1999,519,3483,131.43292236328125,289.7103271484375,276.03924560546875,171.7364501953125,0.7664379477500916
2000,519,31885,599.1192626953125,700.9244384765625,374.542236328125,539.554931640625,0.3976057767868042
2001,520,29667,126.21987915039062,880.550537109375,232.633056640625,229.917236328125,0.8782812356948853
2002,520,28763,614.583984375,907.42529296875,223.93603515625,213.7958984375,0.8435662388801575
2003,520,3483,175.09397888183594,273.39013671875,261.11720275878906,220.32025146484375,0.8109223246574402
2004,520,27777,637.99658203125,294.84344482421875,176.771484375,195.25335693359375,0.7101065516471863
2005,521,28763,146.4532928466797,155.72802734375,208.26478576660156,198.79754638671875,0.9158833622932434
2006,521,29667,601.9747314453125,160.798095703125,218.375,214.13177490234375,0.8533376455307007
2007,521,27777,143.09506225585938,774.0584716796875,180.98516845703125,206.2279052734375,0.817029595375061
2008,521,3483,535.95849609375,779.2960815429688,266.4208984375,224.63671875,0.6860277652740479
2009,522,28763,162.66439819335938,159.77301025390625,212.47125244140625,201.8526611328125,0.9236301779747009
2010,522,29667,629.8944091796875,163.45433044433594,223.33544921875,215.50672912597656,0.84649258852005
2011,522,27777,175.68492126464844,811.372802734375,177.95106506347656,199.0498046875,0.7994589805603027
2012,522,3483,563.7408447265625,813.930908203125,265.5426025390625,220.6063232421875,0.7436376810073853
2013,525,16232,140.73873901367188,891.70263671875,196.69500732421875,194.646484375,0.9447618722915649
2014,525,27733,563.108154296875,262.3729248046875,303.942626953125,264.6182861328125,0.931318461894989
2015,525,3483,122.94442749023438,307.0882568359375,270.91162109375,198.936767578125,0.8212983012199402
2016,525,28763,635.3818359375,865.134765625,221.588134765625,213.9267578125,0.7140001654624939
2017,526,30308,547.180908203125,709.4674072265625,313.553955078125,474.826904296875,0.9899673461914062
2018,526,3483,151.947265625,219.84228515625,244.531005859375,220.92218017578125,0.874302864074707
2019,526,16262,100.1412353515625,854.2999267578125,247.251953125,238.744384765625,0.7422279715538025
2020,526,19861,637.9410400390625,279.1415100097656,220.944580078125,167.9818115234375,0.3996143937110901
2021,527,30308,142.539306640625,71.56364440917969,308.7655029296875,470.89161682128906,0.9930418729782104
2022,527,19861,125.6746826171875,863.4501953125,222.6151123046875,168.839111328125,0.7845306396484375
2023,527,3483,600.8411865234375,867.85302734375,258.828857421875,229.6416015625,0.7793295383453369
2024,527,16262,637.3226318359375,176.36671447753906,247.669189453125,232.79795837402344,0.6519947648048401
2025,528,30308,126.830810546875,66.4178466796875,297.13726806640625,446.46728515625,0.9935628175735474
2026,528,19861,90.36968231201172,827.2747802734375,228.64923858642578,176.0517578125,0.8442885875701904
2027,528,16262,608.8123168945312,174.44439697265625,240.7366943359375,226.487060546875,0.7948112487792969
2028,528,3483,572.6317138671875,837.75,262.263427734375,228.9952392578125,0.7522991299629211
2029,529,22347,105.90518188476562,241.5423583984375,207.816650390625,197.76611328125,0.8824876546859741
2030,529,20238,617.2254028320312,195.15513610839844,227.6204833984375,216.72438049316406,0.8167973160743713
2031,529,3483,603.67431640625,845.1273193359375,277.642578125,187.37939453125,0.7992120385169983
2032,529,25469,48.959716796875,856.8538818359375,379.7479248046875,221.510498046875,0.7815366387367249
2033,53,6192,102.42822265625,116.96324157714844,363.2857666015625,470.26686096191406,0.9780350923538208
2034,53,2483,653.0928955078125,94.09486389160156,213.50439453125,478.50865173339844,0.7337895631790161
2035,53,25438,132.04624938964844,854.449462890625,261.73915100097656,265.2734375,0.7127034068107605
2036,53,5886,607.516845703125,677.294921875,240.8651123046875,511.698486328125,0.6709475517272949
2037,530,22347,679.172119140625,831.304931640625,213.737548828125,207.4517822265625,0.9371163249015808
2038,530,20238,138.4774627685547,849.3359375,231.36537170410156,226.5849609375,0.8911224603652954
2039,530,3483,125.00259399414062,271.75360107421875,270.3961181640625,188.637451171875,0.807461678981781
2040,530,25469,571.0880126953125,230.2410888671875,376.009765625,219.92010498046875,0.6517907381057739
2041,531,22347,88.57732391357422,230.86471557617188,203.72742462158203,195.17266845703125,0.8782699108123779
2042,531,3483,576.099853515625,812.291748046875,279.576171875,191.724609375,0.7900500297546387
2043,531,25469,11.077667236328125,812.9022216796875,385.7882080078125,220.2694091796875,0.7591551542282104
2044,531,20238,589.8236083984375,189.88214111328125,222.4632568359375,214.7271728515625,0.7340655326843262
2045,532,19552,118.0404052734375,110.19456481933594,380.2344970703125,429.27613830566406,0.9295064806938171
2046,532,5886,611.2583618164062,693.140625,238.7388916015625,518.511962890625,0.843288004398346
2047,532,2483,599.1659545898438,110.0865478515625,286.5411376953125,447.1175537109375,0.6977676153182983
2048,532,3743,75.31997680664062,814.66357421875,333.9542236328125,329.357177734375,0.3935955762863159
2049,533,19552,115.67080688476562,74.571533203125,384.0439453125,429.43414306640625,0.9481285214424133
2050,533,5886,598.4560546875,696.241455078125,244.77197265625,495.137939453125,0.9260032773017883
2051,533,3743,72.64797973632812,802.1995849609375,329.91937255859375,319.7100830078125,0.5904352068901062
2052,533,2483,612.6094970703125,79.41973876953125,275.0712890625,453.007568359375,0.5751113295555115
2053,534,19552,443.361083984375,696.5203857421875,397.5736083984375,435.294677734375,0.9371876120567322
2054,534,5886,98.127685546875,61.38067626953125,242.72116088867188,485.5396728515625,0.9082291722297668
2055,534,3743,535.6790771484375,150.30282592773438,317.942626953125,306.82464599609375,0.854668140411377
2056,534,2483,53.592864990234375,684.0537109375,281.0912780761719,451.9180908203125,0.6847253441810608
2057,535,36637,672.892333984375,173.4219207763672,176.816162109375,253.59254455566406,0.8355202078819275
2058,535,31885,84.01397705078125,146.62318420410156,406.48883056640625,500.38230895996094,0.8344365358352661
2059,535,3483,601.2484130859375,846.0499267578125,278.566650390625,186.26123046875,0.79206383228302
2060,535,25469,83.75628662109375,829.349853515625,348.0086669921875,302.9886474609375,0.5651145577430725
2061,536,31885,68.17474365234375,118.4423828125,394.53912353515625,503.38922119140625,0.9177350997924805
2062,536,3483,575.267578125,813.6946411132812,279.2481689453125,190.0140380859375,0.7975232601165771
2063,536,36637,644.1611938476562,170.1389617919922,173.1492919921875,249.62232971191406,0.7288525104522705
2064,536,25469,49.866729736328125,786.188720703125,353.853515625,301.93017578125,0.615069568157196
2065,537,3483,126.44143676757812,271.98004150390625,269.98968505859375,188.40325927734375,0.8135128617286682
2066,537,36637,129.18576049804688,831.1005859375,184.00704956054688,261.32958984375,0.7897104620933533
2067,537,25469,573.889404296875,191.28988647460938,329.2705078125,283.077392578125,0.5645537972450256
2068,539,20014,9.2259521484375,668.521484375,354.74371337890625,343.919921875,0.9128326773643494
2069,539,3351,321.49664306640625,132.1790771484375,184.67852783203125,189.03875732421875,0.8253198862075806
2070,539,38162,592.9517822265625,707.3557739257812,202.0322265625,308.07763671875,0.6719467043876648
2071,54,6192,477.48004150390625,645.3709716796875,363.4210205078125,485.61083984375,0.8954274654388428
2072,54,5886,112.1275634765625,75.94804382324219,232.26397705078125,484.82850646972656,0.8888651728630066
2073,54,25438,547.0185546875,177.55841064453125,246.470947265625,251.66217041015625,0.8823226094245911
2074,54,2483,70.3260498046875,662.174560546875,205.53765869140625,489.3089599609375,0.8049296140670776
2075,540,3351,361.92315673828125,191.07730102539062,185.56292724609375,180.71649169921875,0.8364858627319336
2076,540,20014,55.181243896484375,753.5894775390625,346.97589111328125,338.605712890625,0.8161957263946533
2077,540,38162,630.5392456054688,806.2816162109375,199.0743408203125,295.86474609375,0.8075826168060303
2078,541,31885,581.5223388671875,655.154541015625,335.884521484375,547.724365234375,0.9264300465583801
2079,541,3483,151.95831298828125,219.82057189941406,244.4609375,220.55699157714844,0.8674969673156738
2080,541,16232,143.32464599609375,900.7998046875,196.75347900390625,193.584716796875,0.8463418483734131
2081,541,19861,637.9315185546875,278.2520751953125,220.97216796875,168.24530029296875,0.4348657727241516
2082,542,19861,90.37310791015625,826.74169921875,228.5303955078125,176.1566162109375,0.9008894562721252
2083,542,16232,616.175048828125,175.33193969726562,187.264404296875,179.308349609375,0.8128789067268372
2084,542,31885,69.55804443359375,34.53704833984375,314.21868896484375,537.36669921875,0.807026743888855
2085,542,3483,572.503662109375,837.8582763671875,261.7469482421875,228.6990966796875,0.7524654269218445
2086,543,16232,644.2875366210938,176.80838012695312,192.7081298828125,185.97686767578125,0.862755298614502
2087,543,31885,83.802001953125,54.95849609375,328.454345703125,538.2696533203125,0.8039141893386841
2088,543,3483,601.173583984375,868.8585205078125,259.30029296875,228.7811279296875,0.7834711670875549
2089,543,19861,126.07830810546875,864.28955078125,220.98046875,168.767333984375,0.7110109329223633
2090,545,29667,125.95257568359375,880.42138671875,233.05148315429688,229.51806640625,0.8675891757011414
2091,545,22347,661.966064453125,863.2535400390625,215.86083984375,208.056396484375,0.8333582282066345
2092,545,3483,175.49879455566406,273.18536376953125,261.51182556152344,220.2279052734375,0.8050582408905029
2093,545,27777,638.4454345703125,294.70074462890625,176.5540771484375,195.25848388671875,0.6996148824691772
2094,546,22347,105.31326293945312,201.8822021484375,203.8953857421875,194.146728515625,0.9190565943717957
2095,546,29667,601.880859375,161.29153442382812,218.40625,214.048095703125,0.8538880348205566
2096,546,27777,142.54055786132812,773.9903564453125,181.2601318359375,205.911376953125,0.8076940774917603
2097,546,3483,535.1422119140625,779.4100341796875,267.1962890625,224.8812255859375,0.6780884861946106
2098,547,20877,116.44818115234375,768.6656494140625,330.0382080078125,231.05859375,0.9264112710952759
2099,547,22347,120.97650146484375,243.0022430419922,207.22613525390625,196.81471252441406,0.9188229441642761
2100,547,36637,631.3547973632812,210.33123779296875,185.7135009765625,249.91754150390625,0.8817694783210754
2101,547,3483,649.3123779296875,751.2901000976562,210.579345703125,267.7325439453125,0.8270124197006226
2102,548,22347,663.8382568359375,830.1043701171875,212.9326171875,208.064453125,0.9201924800872803
2103,548,20877,543.762939453125,294.566650390625,328.440673828125,232.5958251953125,0.9010924100875854
2104,548,36637,164.9951171875,799.442138671875,191.207763671875,255.826904296875,0.8604026436805725
2105,548,3483,141.37948608398438,291.59820556640625,212.617431640625,255.5274658203125,0.8257818818092346
2106,55,3351,422.7772216796875,847.07666015625,189.7315673828125,190.852783203125,0.7601820826530457
2107,551,30308,543.3002319335938,684.99951171875,388.7122802734375,430.835205078125,0.9413137435913086
2108,551,27653,669.1337890625,254.19873046875,220.971923828125,200.16015625,0.806235671043396
2109,551,3483,130.47528076171875,290.44488525390625,275.6246337890625,171.9854736328125,0.7756598591804504
2110,551,20238,131.942626953125,871.12939453125,233.94158935546875,225.765380859375,0.38828861713409424
2111,552,20238,622.0184326171875,176.71664428710938,226.1630859375,216.8680419921875,0.8972103595733643
2112,552,27653,96.595947265625,853.1954345703125,223.02737426757812,207.0943603515625,0.8021345138549805
2113,552,30308,77.41851806640625,142.5325927734375,387.79595947265625,423.4520263671875,0.7448561787605286
2114,552,3483,586.063232421875,845.0799560546875,286.3653564453125,166.90771484375,0.7190982103347778
2115,553,34597,10.467681884765625,69.97731018066406,419.0350646972656,447.37425231933594,0.9450513124465942
2116,553,16232,602.02783203125,214.13107299804688,186.290771484375,180.93280029296875,0.8129594326019287
2117,553,3483,575.9743041992188,812.1217041015625,279.6549072265625,191.1640625,0.8019447922706604
2118,553,25469,12.21868896484375,812.97265625,385.1225891113281,220.392578125,0.7408174872398376
2119,555,34597,22.871826171875,100.13179016113281,430.15325927734375,441.04344177246094,0.9558568000793457
2120,555,16232,629.3157958984375,220.54196166992188,191.308349609375,188.310791015625,0.8711378574371338
2121,555,3483,603.07861328125,844.559326171875,278.345947265625,187.954833984375,0.7976745963096619
2122,555,25469,49.03240966796875,856.940673828125,379.85809326171875,220.49755859375,0.7808871269226074
2123,56,3351,324.88885498046875,191.60076904296875,184.58770751953125,190.84967041015625,0.8901188373565674
2124,56,16688,0.0,557.7979736328125,521.796142578125,497.482421875,0.852300226688385
2125,56,20014,551.4702758789062,622.6610107421875,348.61083984375,338.353271484375,0.3009359538555145
2126,560,30308,114.27593994140625,78.18482971191406,276.38079833984375,476.01255798339844,0.9951294660568237
2127,560,19861,125.29913330078125,862.994873046875,223.42059326171875,169.591552734375,0.8138682246208191
2128,560,3483,601.0853881835938,867.772705078125,259.0379638671875,229.5008544921875,0.7762883901596069
2129,560,35206,582.66796875,96.98057556152344,288.084716796875,378.93055725097656,0.7472034692764282
2130,564,1900,151.85659790039062,255.15167236328125,195.75164794921875,162.059326171875,0.9058687090873718
2131,564,16551,590.2562255859375,108.71783447265625,295.728515625,473.77130126953125,0.8465303778648376
2132,564,33009,549.28515625,837.5888671875,376.571533203125,197.626220703125,0.8153184652328491
2133,564,21771,160.0277862548828,805.709228515625,192.69590759277344,186.13671875,0.3994171917438507
2134,565,5094,106.33880615234375,810.6478271484375,285.76422119140625,287.684326171875,0.8249013423919678
2135,565,2483,621.0919189453125,72.433837890625,222.356689453125,463.68524169921875,0.7215259671211243
2136,565,12081,646.98291015625,692.7943115234375,249.223388671875,469.7108154296875,0.564751923084259
2137,569,12081,107.42901611328125,109.433837890625,231.10418701171875,431.9486083984375,0.6166351437568665
2138,569,12778,537.8348388671875,572.8043212890625,294.4578857421875,521.8125,0.49686360359191895
2139,569,2483,90.71475219726562,663.77099609375,258.5379638671875,478.436279296875,0.3647947907447815
2140,571,16551,539.3721923828125,57.8609619140625,307.412109375,453.751220703125,0.9339392781257629
2141,571,1900,580.7415771484375,866.6511840820312,211.2896728515625,144.093994140625,0.7752858400344849
2142,571,21026,88.79541015625,831.2786865234375,184.2470703125,180.341064453125,0.6255010962486267
2143,571,24850,120.41680908203125,138.13336181640625,182.94818115234375,283.68212890625,0.45971372723579407
2144,572,21026,684.1538696289062,277.43597412109375,178.8538818359375,171.1090087890625,0.8402615189552307
2145,572,1900,187.10385131835938,272.31146240234375,203.7076416015625,138.5250244140625,0.7727938890457153
2146,572,24850,673.2435302734375,829.6229248046875,188.1064453125,301.01318359375,0.3742777705192566
2147,573,16551,567.9365844726562,62.87318420410156,312.600341796875,465.49424743652344,0.9215789437294006
2148,573,1900,607.8675537109375,897.5518798828125,208.171875,140.797607421875,0.7839832901954651
2149,573,21026,123.1839599609375,864.342041015625,181.655029296875,178.1376953125,0.5988651514053345
2150,573,24850,137.563232421875,143.51568603515625,184.74700927734375,293.792236328125,0.34975090622901917
2151,574,3743,114.03143310546875,827.4793701171875,326.73602294921875,323.1951904296875,0.9165695905685425
2152,574,13395,628.0667724609375,674.684814453125,232.129638671875,498.50244140625,0.8364292979240417
2153,574,2483,672.142822265625,81.34489440917969,204.91455078125,483.12147521972656,0.780178427696228
2154,574,22627,91.56915283203125,175.4217071533203,311.3262634277344,486.84507751464844,0.7574295401573181
2155,575,13395,82.0471420288086,82.08050537109375,233.29694366455078,485.08587646484375,0.7996920347213745
2156,575,2483,62.7713623046875,649.802978515625,202.1796875,486.491455078125,0.787072479724884
2157,575,3743,498.17449951171875,127.01618957519531,312.3709716796875,300.96128845214844,0.7660527229309082
2158,575,22627,534.4896850585938,545.6981201171875,310.9873046875,487.64453125,0.6272279620170593
2159,576,22627,94.037109375,194.4845428466797,311.67926025390625,496.49049377441406,0.9171862006187439
2160,576,3743,116.8935546875,838.759765625,331.01141357421875,334.399658203125,0.8646202683448792
2161,576,13395,635.6083984375,675.6923828125,242.5369873046875,516.50732421875,0.851768434047699
2162,576,2483,658.4658813476562,110.0318603515625,221.1822509765625,477.32476806640625,0.7756574153900146
2163,577,19607,138.53591918945312,786.798583984375,161.26318359375,157.4208984375,0.9943310022354126
2164,577,33009,519.137451171875,791.274658203125,381.00390625,208.1845703125,0.9390131235122681
2165,577,16551,537.01904296875,71.30477905273438,356.9849853515625,422.545654296875,0.8991767764091492
2166,577,1900,134.22402954101562,247.22515869140625,193.38809204101562,154.6195068359375,0.8768485188484192
2167,578,19607,661.8726196289062,333.45343017578125,155.1571044921875,151.9210205078125,0.9926625490188599
2168,578,33009,86.24267578125,257.21710205078125,367.69989013671875,208.438232421875,0.9490985870361328
2169,578,1900,640.5687866210938,859.44677734375,208.44140625,166.352783203125,0.8489102721214294
2170,578,16551,50.778564453125,725.127197265625,380.8742980957031,448.705322265625,0.8223130702972412
2171,579,19607,170.19677734375,822.4255981445312,159.6656494140625,153.42333984375,0.9930527806282043
2172,579,16551,564.3958740234375,83.13446044921875,368.938720703125,429.887939453125,0.9072365164756775
2173,579,1900,150.683349609375,256.59765625,200.15728759765625,156.98486328125,0.9059827923774719
2174,579,33009,549.8837890625,837.4300537109375,376.016845703125,198.029296875,0.8266992568969727
2175,58,34597,39.085693359375,48.56292724609375,389.283203125,468.850830078125,0.9520577192306519
2176,58,19861,89.57537078857422,827.0750732421875,229.47461700439453,176.168701171875,0.8638120293617249
2177,58,35206,552.9976806640625,89.33551025390625,282.59765625,370.39031982421875,0.7533316612243652
2178,58,3483,572.9334716796875,838.7203369140625,261.5709228515625,227.9033203125,0.7512726783752441
2179,581,33009,86.2725830078125,255.889404296875,367.46380615234375,208.21197509765625,0.9423196911811829
2180,581,24850,645.3502197265625,208.009765625,179.48876953125,274.14764404296875,0.8459702730178833
2181,581,1900,644.0797119140625,854.797607421875,205.135498046875,172.212158203125,0.8328291177749634
2182,581,16548,101.31320190429688,905.031494140625,246.81802368164062,240.51806640625,0.3941645324230194
2183,583,19552,466.2928466796875,632.2781982421875,331.7022705078125,491.224853515625,0.9003539681434631
2184,583,5886,110.37429809570312,76.78102111816406,236.89657592773438,481.58287048339844,0.8741129040718079
2185,583,5094,548.50146484375,185.6837158203125,272.382568359375,268.0150146484375,0.8277211785316467
2186,583,2483,69.40200805664062,694.255615234375,253.95672607421875,467.73388671875,0.5744896531105042
2187,584,5094,108.60028076171875,815.5618896484375,285.1541748046875,286.1624755859375,0.6920889019966125
2188,584,5886,604.0555419921875,681.5638427734375,247.124267578125,507.5093994140625,0.6798584461212158
2189,584,19552,146.4854278564453,109.92529296875,327.46128845214844,494.3057861328125,0.6686875820159912
2190,584,2483,606.1011962890625,91.00531005859375,259.873291015625,451.90911865234375,0.5962284207344055
2191,586,28763,144.82464599609375,198.6539306640625,209.97357177734375,198.27484130859375,0.9234409928321838
2192,586,3483,575.187255859375,813.523681640625,279.95703125,190.78857421875,0.7962356805801392
2193,586,36637,644.2965087890625,169.39251708984375,173.67041015625,248.42303466796875,0.6998032331466675
2194,586,25469,49.9779052734375,786.085205078125,353.25567626953125,302.692626953125,0.6069223880767822
2195,587,28763,614.87646484375,858.2244873046875,223.12451171875,214.516357421875,0.9493625164031982
2196,587,3483,126.5301513671875,271.37261962890625,269.71429443359375,188.7650146484375,0.814513623714447
2197,587,36637,128.86636352539062,830.4287109375,183.49005126953125,261.084716796875,0.6919621825218201
2198,587,25469,574.2457275390625,191.58819580078125,328.249267578125,282.254150390625,0.5637016892433167
2199,588,28763,163.1466064453125,206.8216552734375,213.16351318359375,203.572021484375,0.8914949297904968
2200,588,36637,674.005615234375,173.2737274169922,175.783447265625,253.33961486816406,0.8305537700653076
2201,588,3483,602.708984375,846.0250244140625,277.954345703125,186.85693359375,0.8062623143196106
2202,588,25469,84.4306640625,829.815185546875,346.75244140625,302.470703125,0.5602402091026306
2203,589,19861,125.54876708984375,863.9312744140625,222.28033447265625,168.2958984375,0.8047839403152466
2204,589,3483,601.2055053710938,868.6981201171875,258.634765625,228.464599609375,0.7775986790657043
2205,589,25367,26.93414306640625,112.060302734375,350.73223876953125,494.6298828125,0.7712423801422119
2206,589,16262,637.1898803710938,176.65411376953125,248.216796875,232.740478515625,0.7049317955970764
2207,591,3483,152.24359130859375,219.94223022460938,244.35760498046875,220.6689453125,0.8724398612976074
2208,591,25367,627.73583984375,644.9144287109375,348.26416015625,509.776611328125,0.8616949319839478
2209,591,16262,100.08099365234375,853.7615966796875,247.56219482421875,239.5877685546875,0.7447781562805176
2210,591,19861,637.2163696289062,277.69537353515625,221.82275390625,168.78826904296875,0.5898653864860535
2211,592,28763,649.2086791992188,903.313720703125,223.325439453125,212.2401123046875,0.9287337064743042
2212,592,3483,153.4600067138672,218.623046875,245.73951721191406,220.8399658203125,0.8557804226875305
2213,592,29667,118.58844757080078,844.760009765625,230.52703094482422,226.4580078125,0.7708026170730591
2214,592,19861,638.95068359375,278.27349853515625,221.576416015625,168.1900634765625,0.5287957787513733
2215,593,28763,112.835205078125,159.55738830566406,210.87744140625,197.72398376464844,0.9177801609039307
2216,593,19861,87.94558715820312,827.0533447265625,229.58160400390625,175.387451171875,0.7998241782188416
2217,593,29667,609.08544921875,193.57391357421875,220.6414794921875,214.31878662109375,0.791931688785553
2218,593,3483,570.8154296875,839.08447265625,262.703125,228.49462890625,0.7552042603492737
2219,594,28763,129.56097412109375,163.90577697753906,212.35675048828125,203.45957946777344,0.924178957939148
2220,594,19861,123.46212768554688,863.617431640625,222.39801025390625,168.860107421875,0.8721006512641907
2221,594,3483,598.8590087890625,869.535888671875,259.81201171875,229.4437255859375,0.77427738904953
2222,594,29667,637.283935546875,198.93942260742188,225.9501953125,216.228271484375,0.7603682279586792
2223,595,16232,650.685546875,290.04486083984375,190.302001953125,188.8817138671875,0.8622221946716309
2224,595,3351,396.70733642578125,867.0599365234375,192.8428955078125,192.5718994140625,0.7405600547790527
2225,596,3351,351.717529296875,162.79354858398438,180.2283935546875,185.79473876953125,0.8451816439628601
2226,596,32310,576.7025146484375,617.907958984375,264.46728515625,372.255615234375,0.46624794602394104
2227,598,33880,548.62744140625,190.9730682373047,308.119384765625,424.07740783691406,0.971233606338501
2228,598,3351,400.90057373046875,874.496826171875,192.5760498046875,190.7188720703125,0.7788458466529846
2229,598,36637,171.99041748046875,333.6746826171875,185.9942626953125,252.759521484375,0.38898563385009766
2230,60,34597,547.4105834960938,690.8853759765625,408.027587890625,488.71728515625,0.8848161101341248
2231,60,3483,152.29925537109375,219.89007568359375,244.066650390625,220.7174072265625,0.8685263395309448
2232,60,35206,107.44854736328125,774.4913330078125,302.70849609375,391.565673828125,0.791047990322113
2233,60,19861,637.2496337890625,277.891357421875,221.37158203125,168.8211669921875,0.5194903612136841
2234,600,3351,385.96636962890625,226.84417724609375,184.0516357421875,181.175048828125,0.8338090181350708
2235,600,33880,111.9678955078125,685.140625,310.88995361328125,432.8182373046875,0.8289581537246704
2236,600,36637,624.4877319335938,720.6402587890625,182.7529296875,259.8111572265625,0.7973977327346802
2237,601,31885,503.2209777832031,636.5323486328125,449.1606140136719,482.562744140625,0.948775053024292
2238,601,27733,563.5386962890625,262.44781494140625,304.024658203125,265.20391845703125,0.9365338087081909
2239,601,16262,150.90542602539062,803.876708984375,250.4288330078125,240.3564453125,0.8313807845115662
2240,601,3483,123.67774963378906,307.67694091796875,270.97740173339844,199.9559326171875,0.8295454978942871
2241,602,31885,37.42243957519531,109.69384765625,440.90269470214844,472.72918701171875,0.9636958241462708
2242,602,16262,561.921630859375,220.02096557617188,238.852783203125,227.15838623046875,0.8543978333473206
2243,602,27733,84.38946533203125,727.6672973632812,324.01043701171875,281.685791015625,0.8313732743263245
2244,602,3483,577.418701171875,759.4732666015625,276.6617431640625,210.0087890625,0.7830688953399658
2245,603,31885,54.7003173828125,138.8623046875,453.82427978515625,467.8074951171875,0.9658073782920837
2246,603,3483,606.5443115234375,790.6495361328125,276.20166015625,211.3658447265625,0.8368415236473083
2247,603,27733,121.85504150390625,765.3963623046875,316.86212158203125,276.9244384765625,0.8367912769317627
2248,603,16262,589.29736328125,225.1709442138672,244.4775390625,231.96266174316406,0.7225630879402161
2249,605,36637,643.370361328125,207.7916259765625,190.21484375,247.2139892578125,0.921166181564331
2250,605,28763,146.08853149414062,249.9912872314453,212.3746337890625,202.77769470214844,0.9041544198989868
2251,605,27653,95.92431640625,853.549560546875,222.44171142578125,206.802734375,0.7941859364509583
2252,605,3483,585.8641357421875,844.238037109375,286.47998046875,167.93212890625,0.7215963006019592
2253,608,33880,50.90826416015625,606.1650390625,311.6883544921875,446.2423095703125,0.9262341260910034
2254,608,29667,589.9143676757812,722.6657104492188,232.110595703125,233.7734375,0.9258136749267578
2255,608,3351,339.25384521484375,190.70452880859375,185.858642578125,189.71087646484375,0.7741653323173523
2256,610,34597,0.0,102.05755615234375,393.11236572265625,449.4537353515625,0.9213814735412598
2257,610,16232,619.7191162109375,223.18240356445312,187.637451171875,182.34478759765625,0.8824690580368042
2258,610,3483,559.618408203125,812.4609375,287.179931640625,175.016357421875,0.7794697284698486
2259,610,27653,61.171539306640625,811.5107421875,225.27517700195312,209.990478515625,0.753346860408783
2260,611,34597,580.717529296875,655.582275390625,395.282470703125,463.50341796875,0.954214870929718
2261,611,16232,140.76248168945312,847.51904296875,198.312255859375,191.4691162109375,0.9329735636711121
2262,611,27653,670.218017578125,254.41307067871094,221.77001953125,201.14405822753906,0.8108834624290466
2263,611,3483,132.18173217773438,289.8761901855469,275.91619873046875,172.13580322265625,0.766991138458252
2264,612,34597,0.0,137.25425720214844,412.72174072265625,436.58778381347656,0.9500458836555481
2265,612,16232,648.27099609375,231.254638671875,192.3095703125,181.8104248046875,0.8873404860496521
2266,612,27653,94.80228424072266,852.23681640625,222.12834930419922,207.1392822265625,0.792558491230011
2267,612,3483,584.9127197265625,845.29150390625,286.2529296875,166.601318359375,0.7284316420555115
2268,614,3351,346.66839599609375,153.31924438476562,185.2088623046875,189.3526611328125,0.8217612504959106
2269,614,19232,164.6392364501953,654.3055419921875,243.10081481933594,358.66259765625,0.787864089012146
2270,614,22074,632.6831665039062,728.3223876953125,191.090087890625,191.902099609375,0.6419751048088074
2271,615,19232,209.83554077148438,755.5975341796875,236.61456298828125,347.266845703125,0.8327504396438599
2272,615,3351,387.56829833984375,213.97982788085938,183.6668701171875,180.82733154296875,0.8062333464622498
2273,615,22074,671.6845092773438,821.5350341796875,187.7225341796875,186.8118896484375,0.5684125423431396
2274,616,16232,143.12338256835938,900.758056640625,196.63809204101562,193.280517578125,0.9006094932556152
2275,616,3483,152.12945556640625,219.72454833984375,243.961181640625,220.29803466796875,0.8640442490577698
2276,616,28763,629.1240234375,887.4334716796875,222.3489990234375,214.205078125,0.7164623737335205
2277,616,19861,637.573974609375,277.73638916015625,221.1082763671875,168.4884033203125,0.5560257434844971
2278,617,28763,147.45904541015625,178.55152893066406,213.91827392578125,201.35301208496094,0.9162726402282715
2279,617,16232,644.4519653320312,176.4491424560547,192.7930908203125,186.07264709472656,0.8818169236183167
2280,617,19861,125.26486206054688,863.383544921875,222.43646240234375,169.437744140625,0.782383143901825
2281,617,3483,601.028076171875,868.038330078125,259.25439453125,230.0699462890625,0.774864673614502
2282,618,28763,131.14859008789062,172.387939453125,209.8565673828125,198.37127685546875,0.9020689725875854
2283,618,16232,617.2886962890625,175.2594757080078,186.618408203125,178.87034606933594,0.8552510142326355
2284,618,19861,89.60753631591797,827.315673828125,229.50818634033203,175.3160400390625,0.8415387272834778
2285,618,3483,573.0155029296875,838.7952880859375,261.462646484375,227.484130859375,0.7643818855285645
2286,62,18147,89.61520385742188,548.4349365234375,292.1232604980469,419.002197265625,0.9873569011688232
2287,62,3351,325.222412109375,155.34408569335938,185.221923828125,190.00753784179688,0.8965362310409546
2288,620,22362,79.3624267578125,72.1607666015625,254.857666015625,396.6905517578125,0.9337739944458008
2289,620,23223,545.34765625,639.55908203125,296.27294921875,509.394775390625,0.9171082973480225
2290,620,5094,520.695068359375,151.94874572753906,271.48388671875,263.38389587402344,0.8734590411186218
2291,621,23223,90.00161743164062,59.84954833984375,296.76837158203125,502.38446044921875,0.9845512509346008
2292,621,22362,607.4876098632812,779.012451171875,255.0938720703125,410.425537109375,0.8031706213951111
2293,621,2483,648.5849609375,86.54368591308594,199.7796630859375,483.33106994628906,0.7214232087135315
2294,621,5094,135.90428161621094,847.60400390625,281.23829650878906,274.0675048828125,0.6347076296806335
2295,622,22074,612.0172119140625,289.8068542480469,188.3963623046875,191.33538818359375,0.9460858106613159
2296,622,41768,129.72271728515625,293.8592529296875,258.6368408203125,292.20843505859375,0.9249869585037231
2297,622,3351,394.0589599609375,890.6697998046875,192.3541259765625,192.73583984375,0.7988526821136475
2298,623,3351,351.283203125,148.73886108398438,185.4141845703125,188.93820190429688,0.800679087638855
2299,623,22074,125.43527221679688,747.27880859375,191.04534912109375,194.170654296875,0.6731643676757812
2300,623,41768,554.7978515625,632.5390014648438,270.782958984375,307.3114013671875,0.4307704269886017
2301,624,22074,168.98414611816406,839.751708984375,187.29344177246094,186.89111328125,0.8771044015884399
2302,624,3351,392.5357666015625,208.44139099121094,184.92620849609375,183.01246643066406,0.8160231113433838
2303,625,27733,562.6923828125,262.38787841796875,304.5908203125,265.0291748046875,0.9353097677230835
2304,625,30308,504.3255615234375,698.1573486328125,417.264404296875,398.9061279296875,0.8714368343353271
2305,625,16262,150.6741943359375,804.16455078125,250.26580810546875,241.0079345703125,0.841640055179596
2306,625,3483,123.19903564453125,306.72869873046875,270.91168212890625,200.51336669921875,0.8258174061775208
2307,627,30308,72.88880920410156,144.75958251953125,401.20811462402344,381.3040771484375,0.9581236243247986
2308,627,16262,561.5564575195312,219.8351593017578,239.3973388671875,227.13841247558594,0.8655674457550049
2309,627,27733,84.96630859375,727.832275390625,323.89215087890625,281.87109375,0.822990357875824
2310,627,3483,577.6834716796875,759.3912963867188,277.03173828125,209.7855224609375,0.7879067659378052
2311,628,16232,140.76919555664062,891.389404296875,196.80947875976562,195.024169921875,0.9456793665885925
2312,628,27733,563.6805419921875,262.6412353515625,304.198974609375,264.22650146484375,0.9307829737663269
2313,628,22347,676.819091796875,851.8701171875,213.894775390625,209.09716796875,0.9200989007949829
2314,628,3483,123.3013916015625,306.3734130859375,271.0361328125,200.04791259765625,0.8299890756607056
2315,632,23223,502.46173095703125,606.8289794921875,299.9365234375,506.147216796875,0.9451623558998108
2316,632,5886,115.02527618408203,78.683349609375,236.07299041748047,483.19842529296875,0.8883504271507263
2317,632,25438,550.8125,182.03799438476562,244.499267578125,250.9345703125,0.8757443428039551
2318,632,2483,66.55707550048828,664.32958984375,213.74645233154297,488.438232421875,0.8571268320083618
2319,633,23223,137.74713134765625,127.38932800292969,292.424560546875,505.58497619628906,0.977242648601532
2320,633,25438,129.78607177734375,848.327392578125,261.2877197265625,269.489501953125,0.7541910409927368
2321,633,2483,655.629638671875,91.33502197265625,197.0115966796875,480.13018798828125,0.7084888219833374
2322,633,5886,600.8778076171875,676.5916748046875,246.805908203125,509.97119140625,0.648696780204773
2323,635,33878,617.003173828125,793.0562133789062,168.2552490234375,218.767578125,0.9834021329879761
2324,635,16548,69.95285034179688,752.069580078125,239.31631469726562,233.006591796875,0.9590097665786743
2325,635,4543,611.88720703125,154.86956787109375,203.907470703125,198.922119140625,0.8706778287887573
2326,635,3544,181.3490753173828,198.65689086914062,206.16990661621094,199.71905517578125,0.7291272282600403
2327,636,33878,192.19923400878906,258.47161865234375,159.28660583496094,211.0860595703125,0.9926651120185852
2328,636,3544,583.412841796875,858.32177734375,215.388671875,213.88330078125,0.9431061148643494
2329,636,4543,133.11297607421875,905.075439453125,213.21435546875,210.67626953125,0.9113637804985046
2330,636,16548,652.3008422851562,280.01531982421875,232.040283203125,223.423828125,0.8809033036231995
2331,637,5886,611.03125,690.7276611328125,238.044921875,521.5169677734375,0.8690565824508667
2332,637,2483,600.1802978515625,108.7056884765625,286.131591796875,449.96942138671875,0.7038809061050415
2333,637,34597,52.53392028808594,197.35064697265625,483.19422912597656,340.6761474609375,0.34410735964775085
2334,637,3743,75.18789672851562,814.5489501953125,334.1170349121094,330.428466796875,0.318092405796051
2335,638,5886,598.065673828125,695.9327392578125,245.93359375,495.847412109375,0.9233716726303101
2336,638,2483,612.8090209960938,79.42364501953125,277.063720703125,452.42828369140625,0.6525722742080688
2337,638,3743,72.90521240234375,802.4429931640625,330.1568298339844,319.5264892578125,0.5767873525619507
2338,64,20014,590.889404296875,265.8551025390625,343.4537353515625,319.429443359375,0.9774445295333862
2339,64,29667,154.30812072753906,277.0701904296875,229.47813415527344,224.1861572265625,0.8895553946495056
2340,64,3351,395.04412841796875,887.0595703125,192.23681640625,192.31201171875,0.7739371657371521
2341,640,3832,489.53759765625,287.5947265625,403.4326171875,336.718505859375,0.9837982654571533
2342,640,3351,403.430419921875,917.9893798828125,192.5029296875,192.8310546875,0.7716345191001892
2343,640,16262,95.34378051757812,298.70465087890625,229.65609741210938,222.5859375,0.3561614453792572
2344,641,20238,617.8880004882812,709.6212768554688,234.2281494140625,227.926025390625,0.8694137334823608
2345,641,3351,341.81439208984375,124.33633422851562,183.2965087890625,186.64581298828125,0.8200766444206238
2346,641,3832,41.5299072265625,580.133056640625,412.63916015625,347.126708984375,0.27345216274261475
2347,644,6192,504.8980712890625,608.0792236328125,274.2432861328125,539.72802734375,0.9030158519744873
2348,644,13395,70.5711898803711,85.73847961425781,238.14191436767578,484.76829528808594,0.838212251663208
2349,644,3743,486.9134521484375,121.20034790039062,312.3446044921875,302.9398193359375,0.7883172035217285
2350,644,2483,61.90252685546875,655.980712890625,208.34268188476562,483.7685546875,0.739830493927002
2351,646,34597,400.0588073730469,631.44287109375,458.7207336425781,428.785400390625,0.970827043056488
2352,646,36637,128.47903442382812,828.94482421875,193.85296630859375,254.985595703125,0.9173022508621216
2353,646,3483,173.10772705078125,275.47845458984375,262.34039306640625,220.4779052734375,0.7931720018386841
2354,646,27777,635.9766845703125,293.85076904296875,176.973876953125,195.7703857421875,0.6728594303131104
2355,647,34597,144.23890686035156,191.30853271484375,447.82200622558594,412.04034423828125,0.9174357652664185
2356,647,36637,662.220703125,180.43157958984375,189.401611328125,249.1781005859375,0.9082735180854797
2357,647,27777,177.188232421875,811.9183349609375,177.9498291015625,199.2760009765625,0.8123538494110107
2358,647,3483,565.2401123046875,813.50244140625,265.315185546875,220.915771484375,0.7372440695762634
2359,648,36637,633.4793701171875,178.09837341308594,185.18701171875,242.57752990722656,0.8934284448623657
2360,648,27777,144.72927856445312,775.5769653320312,180.52194213867188,205.46533203125,0.8090223670005798
2361,648,34597,124.77801513671875,156.77525329589844,441.43035888671875,420.80519104003906,0.7719823718070984
2362,648,3483,537.184814453125,778.2472534179688,266.838623046875,225.3629150390625,0.7046190500259399
2363,65,29667,558.9329833984375,728.064697265625,232.7122802734375,233.60595703125,0.90677809715271
2364,65,3351,349.93231201171875,154.18426513671875,184.85888671875,187.6021728515625,0.9005069136619568
2365,650,32310,0.0,704.6542358398438,316.0562744140625,314.38232421875,0.9497053623199463
2366,650,3351,367.470703125,176.61448669433594,182.834716796875,186.01344299316406,0.9156613349914551
2367,650,36637,558.8896484375,823.1666259765625,277.243408203125,168.121826171875,0.432623952627182
2368,652,24850,116.28431701660156,841.6898803710938,299.57188415527344,168.768798828125,0.8945106267929077
2369,652,31705,599.2764892578125,695.725341796875,254.041015625,455.964599609375,0.8944419622421265
2370,652,1900,124.369384765625,260.712646484375,198.91802978515625,147.58056640625,0.8825479745864868
2371,652,16551,563.0891723632812,68.83270263671875,289.074951171875,459.29193115234375,0.6936071515083313
2372,653,31705,127.0068359375,128.30552673339844,246.18548583984375,421.48487854003906,0.911749005317688
2373,653,16551,91.51513671875,689.154296875,310.39569091796875,491.948974609375,0.885616660118103
2374,653,1900,645.10107421875,858.1146850585938,211.462158203125,156.3382568359375,0.857539176940918
2375,653,24850,547.4912719726562,266.5594482421875,291.9703369140625,163.974609375,0.8280516862869263
2376,654,24850,149.81173706054688,879.93798828125,297.12652587890625,163.263671875,0.9376240968704224
2377,654,31705,625.6226196289062,733.1114501953125,251.5804443359375,449.3858642578125,0.9272509217262268
2378,654,1900,141.48062133789062,268.56573486328125,203.67947387695312,146.883544921875,0.8497074842453003
2379,654,16551,587.7359619140625,75.48382568359375,300.140380859375,473.81268310546875,0.7116904854774475
2380,656,6563,189.676025390625,710.2186279296875,217.54083251953125,356.7578125,0.9435371160507202
2381,656,16551,541.802001953125,185.883544921875,416.36083984375,377.3294677734375,0.9257574081420898
2382,656,3544,147.2162322998047,189.98008728027344,211.29737854003906,201.72804260253906,0.8360601663589478
2383,658,29451,495.72808837890625,819.3111572265625,399.66552734375,267.2022705078125,0.9277976155281067
2384,658,16551,632.22021484375,10.5006103515625,287.4813232421875,486.1024169921875,0.9272238612174988
2385,658,18110,78.78195190429688,790.2003173828125,305.31976318359375,290.7281494140625,0.7601739168167114
2386,658,1900,166.59637451171875,247.571044921875,185.083984375,179.44158935546875,0.7312516570091248
2387,659,29451,464.3403625488281,781.5697021484375,406.0466003417969,273.9544677734375,0.9584744572639465
2388,659,16551,604.2362670898438,7.842376708984375,276.89208984375,468.410400390625,0.9342811703681946
2389,659,18110,44.57672119140625,747.0882568359375,308.97412109375,301.773193359375,0.752014696598053
2390,659,1900,148.92449951171875,240.73960876464844,181.60003662109375,181.00416564941406,0.534753680229187
2391,66,29667,597.9200439453125,820.135498046875,229.42578125,223.7440185546875,0.9411149024963379
2392,66,3351,392.077392578125,212.488525390625,184.2130126953125,182.40362548828125,0.8738197684288025
2393,66,20014,32.20782470703125,718.159423828125,349.445556640625,338.9879150390625,0.39654138684272766
2394,660,29451,112.71830749511719,215.6920623779297,395.94703674316406,260.85267639160156,0.9790329337120056
2395,660,18110,612.0972290039062,226.67735290527344,300.4537353515625,286.16737365722656,0.9465356469154358
2396,660,1900,642.0678100585938,848.124755859375,191.4185791015625,187.853759765625,0.8081571459770203
2397,660,16551,63.3238525390625,741.1590576171875,295.13397216796875,504.0579833984375,0.4069945216178894
2398,661,31863,177.8529510498047,303.2730712890625,207.70997619628906,205.9781494140625,0.9688354134559631
2399,661,3351,377.35552978515625,877.37451171875,190.74639892578125,192.22119140625,0.7985097765922546
2400,662,31863,553.4798583984375,725.9925537109375,212.5946044921875,212.65234375,0.9363285899162292
2401,662,16232,40.79608154296875,746.90234375,199.58816528320312,190.2222900390625,0.8339810967445374
2402,662,3351,369.8834228515625,161.55502319335938,184.3568115234375,187.89511108398438,0.7597247958183289
2403,664,20877,542.8446044921875,294.3328857421875,329.235107421875,232.94049072265625,0.8755602836608887
2404,664,36637,165.6728515625,800.596435546875,190.1180419921875,255.61376953125,0.8357147574424744
2405,664,28763,630.09423828125,874.7437744140625,223.471923828125,213.292236328125,0.8354292511940002
2406,664,3483,141.22247314453125,293.80865478515625,211.7015380859375,254.47882080078125,0.814886212348938
2407,665,28763,130.90591430664062,184.45526123046875,207.69119262695312,200.59661865234375,0.9368977546691895
2408,665,20877,83.71612548828125,725.861572265625,332.389892578125,241.477294921875,0.8783001899719238
2409,665,36637,603.2149658203125,203.36483764648438,181.7529296875,244.6483154296875,0.8309900164604187
2410,665,3483,623.3164672851562,717.2437744140625,212.3895263671875,272.5126953125,0.8287190794944763
2411,667,22627,14.36029052734375,144.4439697265625,488.762451171875,274.0377197265625,0.9284592270851135
2412,667,25438,121.54794311523438,821.653564453125,255.82537841796875,253.071533203125,0.7978012561798096
2413,667,12081,642.692626953125,701.500244140625,247.874755859375,449.9462890625,0.5428473949432373
2414,667,2483,579.7652587890625,120.23316955566406,292.643798828125,445.47264099121094,0.2646940052509308
2415,668,25438,555.55224609375,195.69911193847656,246.558349609375,251.51695251464844,0.8859040141105652
2416,668,2483,68.73382568359375,655.176025390625,301.7626953125,447.126953125,0.8631733059883118
2417,668,12081,63.161102294921875,118.40673828125,232.1859130859375,428.64208984375,0.7431492805480957
2418,670,22347,680.6964111328125,847.611572265625,216.24169921875,208.072998046875,0.9006831645965576
2419,670,35206,133.814453125,727.391357421875,247.01605224609375,412.7401123046875,0.8653005957603455
2420,670,3483,125.34564208984375,272.90423583984375,270.38775634765625,187.5926513671875,0.8077916502952576
2421,670,25469,573.5194091796875,192.1708526611328,328.3076171875,282.15635681152344,0.5809114575386047
2422,672,22347,103.90780639648438,223.72596740722656,207.05209350585938,198.31907653808594,0.9306133389472961
2423,672,35206,615.4698486328125,119.9901123046875,227.451416015625,399.84686279296875,0.9239688515663147
2424,672,3483,603.1416625976562,845.7279052734375,278.149658203125,187.081787109375,0.8014547228813171
2425,672,25469,85.25982666015625,830.00146484375,347.670166015625,303.19384765625,0.5762189626693726
2426,674,16548,152.00518798828125,891.143310546875,241.3134765625,237.2259521484375,0.9566736221313477
2427,674,27926,600.987060546875,161.5416259765625,251.721923828125,448.48223876953125,0.718174397945404
2428,674,1900,630.3135986328125,894.4083251953125,211.980712890625,134.816162109375,0.5173094272613525
2429,674,44199,139.34088134765625,291.0132141113281,280.68096923828125,148.81982421875,0.28555577993392944
2430,675,44199,548.9560546875,832.2366333007812,295.88916015625,147.2008056640625,0.966661274433136
2431,675,16548,563.9517822265625,135.3153076171875,231.901611328125,224.8155517578125,0.9371984004974365
2432,675,1900,139.518798828125,241.25709533691406,199.96905517578125,127.76976013183594,0.7660970091819763
2433,675,27926,98.68142700195312,614.62451171875,267.40576171875,486.6727294921875,0.5739979147911072
2434,677,27926,571.909423828125,629.9169921875,257.124755859375,485.888916015625,0.8848059177398682
2435,677,16551,615.167724609375,16.234375,302.80859375,452.625,0.8339927196502686
2436,677,1900,141.21463012695312,241.0012664794922,199.41415405273438,127.53199768066406,0.768342137336731
2437,677,18110,15.804473876953125,694.2620849609375,308.6254577636719,298.056884765625,0.33853355050086975
2438,679,22627,129.9925537109375,155.63702392578125,342.1851806640625,479.285400390625,0.9271531105041504
2439,679,2483,607.527587890625,81.10272216796875,215.531982421875,480.30657958984375,0.8620832562446594
2440,679,5094,105.87530517578125,812.000732421875,287.0029296875,284.915283203125,0.854167103767395
2441,679,4378,599.1395263671875,700.0479736328125,223.0694580078125,473.1904296875,0.7266397476196289
2442,68,16232,151.981689453125,828.6640625,192.87939453125,192.68017578125,0.9275649785995483
2443,68,30308,513.4214477539062,766.0487060546875,442.5330810546875,375.558837890625,0.9209690690040588
2444,68,3483,171.81884765625,275.67950439453125,261.59716796875,219.3502197265625,0.8124899864196777
2445,68,27777,636.4193115234375,292.99169921875,175.8311767578125,196.36590576171875,0.6586117744445801
2446,680,5094,549.94921875,190.65069580078125,274.855712890625,269.20623779296875,0.8889971375465393
2447,680,22627,472.1053466796875,602.9033203125,343.365234375,476.1993408203125,0.8265184164047241
2448,680,2483,86.98550415039062,677.797119140625,236.92617797851562,479.89013671875,0.7178941965103149
2449,680,4378,138.90426635742188,103.87420654296875,211.8067626953125,443.44281005859375,0.585692286491394
2450,681,22627,125.62527465820312,130.53627014160156,347.565185546875,471.10728454589844,0.8918829560279846
2451,681,5094,103.93133544921875,799.341552734375,281.49334716796875,277.3336181640625,0.8871006369590759
2452,681,2483,617.8975830078125,52.9000244140625,219.953369140625,479.6058349609375,0.8255968689918518
2453,681,4378,592.3010864257812,702.1697998046875,213.546142578125,452.336669921875,0.40887799859046936
2454,684,18110,77.26968383789062,763.80419921875,307.5587158203125,290.330322265625,0.9086097478866577
2455,684,29345,574.9564208984375,716.3585205078125,324.174560546875,424.29248046875,0.9041130542755127
2456,684,1900,181.22799682617188,268.23638916015625,130.4580078125,198.9537353515625,0.8022580742835999
2457,684,16551,528.1856689453125,86.59806823730469,364.8634033203125,433.87550354003906,0.7682438492774963
2458,685,25438,117.963134765625,819.7762451171875,256.19464111328125,254.356689453125,0.793469250202179
2459,685,12081,640.9334716796875,704.5404052734375,243.760498046875,450.2716064453125,0.6123773455619812
2460,685,2483,578.17626953125,121.71875,293.646240234375,443.528076171875,0.3200267553329468
2461,685,6192,92.01498413085938,16.57757568359375,300.0671081542969,520.47216796875,0.270224928855896
2462,688,20238,613.6035766601562,185.15594482421875,222.5887451171875,215.47589111328125,0.8311235308647156
2463,688,27733,84.7496337890625,727.5694580078125,324.09027099609375,281.514404296875,0.8253474831581116
2464,688,34597,97.650146484375,184.14971923828125,456.0869140625,401.8131103515625,0.8225977420806885
2465,688,3483,577.5452880859375,758.7567138671875,276.57080078125,210.96728515625,0.7953957915306091
2466,692,22347,655.6435546875,836.935302734375,216.302978515625,209.29248046875,0.8796498775482178
2467,692,27653,670.8892822265625,255.41693115234375,220.858642578125,199.38092041015625,0.8025213479995728
2468,692,3483,131.92535400390625,289.9627380371094,276.0572509765625,170.95416259765625,0.7668221592903137
2469,692,35206,107.2728271484375,684.7178955078125,200.65872192382812,423.5091552734375,0.4112815260887146
2470,694,19232,503.754150390625,236.6156005859375,327.5712890625,255.7060546875,0.7554698586463928
2471,694,3351,402.54595947265625,850.1036376953125,189.49407958984375,191.07177734375,0.7545130252838135
2472,694,35206,158.14413452148438,276.4588623046875,257.11834716796875,389.12890625,0.6644790172576904
2473,697,38162,136.99061584472656,260.72900390625,228.49705505371094,265.0740966796875,0.95074462890625
2474,697,3351,401.4361572265625,856.0067138671875,194.94635009765625,192.61376953125,0.7618092894554138
2475,698,3351,344.68756103515625,173.78244018554688,183.5400390625,186.0537109375,0.8991669416427612
2476,698,38162,572.9227905273438,678.6112060546875,237.9888916015625,282.55712890625,0.8444604277610779
2477,698,19232,79.6474609375,628.4451904296875,249.459716796875,375.9169921875,0.36019471287727356
2478,70,24850,645.238525390625,260.214111328125,192.098388671875,267.375244140625,0.913056492805481
2479,70,29451,47.89216613769531,232.6193389892578,400.33494567871094,226.63438415527344,0.8648051023483276
2480,70,1900,630.102783203125,899.8577880859375,212.321533203125,155.0504150390625,0.82193523645401
2481,700,30308,74.8740234375,128.79661560058594,378.34771728515625,398.10145568847656,0.9770702123641968
2482,700,19861,90.46788787841797,826.8427734375,228.81330108642578,176.0733642578125,0.8284579515457153
2483,700,16232,616.4328002929688,175.61294555664062,187.0335693359375,179.07501220703125,0.8178904056549072
2484,700,3483,572.4317626953125,837.96875,262.419677734375,228.654052734375,0.757938027381897
2485,701,30308,91.93115234375,147.33961486816406,387.52105712890625,406.97605895996094,0.9506104588508606
2486,701,16232,644.2921142578125,176.77203369140625,192.6337890625,185.8402099609375,0.8564227819442749
2487,701,19861,125.60952758789062,863.570068359375,223.14996337890625,168.9654541015625,0.8500998616218567
2488,701,3483,600.6435546875,868.458740234375,259.973388671875,229.009521484375,0.7744417786598206
2489,702,16232,143.4761962890625,900.9212646484375,196.4346923828125,193.555419921875,0.8712947368621826
2490,702,3483,151.7937774658203,220.3720245361328,244.45726013183594,220.33872985839844,0.8699296116828918
2491,702,30308,515.6265869140625,696.555419921875,401.08056640625,416.0927734375,0.8165923953056335
2492,702,19861,638.0059814453125,278.53143310546875,220.51220703125,168.5069580078125,0.4527284801006317
2493,705,22347,120.41744995117188,199.92259216308594,208.61788940429688,198.97608947753906,0.871843159198761
2494,705,29667,637.7792358398438,205.2980499267578,224.5679931640625,214.67356872558594,0.858711302280426
2495,705,19861,117.45809936523438,862.6107177734375,221.49899291992188,170.64990234375,0.7991988062858582
2496,705,3483,592.0694580078125,872.1783447265625,258.61865234375,230.6654052734375,0.7786991000175476
2497,706,12778,66.119140625,104.8858642578125,348.01092529296875,505.52667236328125,0.9711281657218933
2498,706,2483,605.667236328125,91.336181640625,259.252197265625,451.258056640625,0.7216403484344482
2499,706,5094,109.0107421875,815.4915771484375,284.54205322265625,286.6090087890625,0.6629635691642761
2500,706,5886,604.4165649414062,681.970703125,246.715576171875,507.145751953125,0.6459269523620605
2501,707,12778,531.847900390625,628.4288330078125,361.150146484375,496.8701171875,0.9696877598762512
2502,707,5886,110.75402069091797,76.27294921875,236.85382843017578,481.63861083984375,0.8719737529754639
2503,707,5094,548.269287109375,185.87454223632812,272.357177734375,268.13031005859375,0.8260177373886108
2504,707,2483,69.61392211914062,695.8492431640625,253.75027465820312,464.0712890625,0.8020743727684021
2505,708,12778,61.1431884765625,84.3463134765625,350.7161560058594,487.86285400390625,0.9704153537750244
2506,708,5886,594.4874267578125,682.822021484375,238.67724609375,491.859619140625,0.8465286493301392
2507,708,5094,107.85421752929688,806.197998046875,280.484619140625,276.5069580078125,0.6317524909973145
2508,708,2483,623.781494140625,52.92491149902344,246.3460693359375,466.67347717285156,0.48129621148109436
2509,710,28763,157.08465576171875,233.48065185546875,209.748291015625,200.271240234375,0.9007092714309692
2510,710,16262,562.7669677734375,219.990234375,238.639404296875,226.5394287109375,0.8538895845413208
2511,710,27733,85.08087158203125,727.4888916015625,323.73907470703125,281.58837890625,0.8207239508628845
2512,710,3483,577.5277099609375,759.5482177734375,276.97509765625,210.20068359375,0.7933949828147888
2513,712,12778,110.51785278320312,94.7611083984375,290.368408203125,551.8001708984375,0.8842460513114929
2514,712,13395,637.8330078125,675.0926513671875,245.305908203125,515.766357421875,0.8435728549957275
2515,712,2483,625.2427368164062,98.42431640625,226.4964599609375,474.5865478515625,0.8261194229125977
2516,712,5094,135.64540100097656,844.877197265625,285.83409118652344,287.593505859375,0.5957068204879761
2517,713,5094,523.0784912109375,162.3779296875,271.942626953125,264.8665771484375,0.911736249923706
2518,713,13395,77.68660736083984,82.82505798339844,234.93592071533203,484.88185119628906,0.8094378113746643
2519,713,12778,545.325439453125,595.0562744140625,286.87353515625,527.3206787109375,0.6586735248565674
2520,714,12778,107.28718566894531,82.7083740234375,291.64573669433594,527.705078125,0.8840935826301575
2521,714,2483,636.6365356445312,67.83857727050781,218.9207763671875,483.87486267089844,0.8819578289985657
2522,714,13395,630.3616333007812,677.3427734375,234.8067626953125,493.611083984375,0.8347770571708679
2523,714,5094,133.403564453125,831.93701171875,280.61895751953125,278.677734375,0.5538713335990906
2524,716,2483,584.6533203125,93.19798278808594,235.5198974609375,482.79872131347656,0.8283770084381104
2525,716,19552,96.38925170898438,129.95623779296875,323.13134765625,498.17120361328125,0.7623176574707031
2526,716,3743,118.21490478515625,797.9769287109375,331.4842529296875,328.85009765625,0.6686716079711914
2527,716,12081,607.128173828125,714.2391357421875,244.8385009765625,469.69970703125,0.5305585861206055
2528,717,19552,523.476318359375,604.208740234375,323.7845458984375,496.2220458984375,0.9254547953605652
2529,717,12081,107.48236083984375,110.03556823730469,230.95169067382812,430.94166564941406,0.6410557627677917
2530,717,2483,90.33624267578125,665.5947265625,259.204833984375,476.49267578125,0.3577702045440674
2531,719,16548,553.42138671875,183.27252197265625,231.512939453125,225.2669677734375,0.9375964403152466
2532,719,31705,605.3721313476562,689.55615234375,253.2471923828125,457.114501953125,0.9094633460044861
2533,719,1900,122.66009521484375,262.5137634277344,199.9742431640625,146.30792236328125,0.8854227662086487
2534,72,16551,642.4688720703125,46.81736755371094,292.00927734375,484.96131896972656,0.9006108045578003
2535,72,24850,149.5338134765625,774.64501953125,198.21038818359375,281.2607421875,0.8146445155143738
2536,72,29451,551.9464111328125,842.212646484375,409.792236328125,224.0833740234375,0.7979071736335754
2537,72,1900,153.85525512695312,225.2766571044922,207.74298095703125,150.18031311035156,0.7774338722229004
2538,720,16548,165.0230712890625,842.8602294921875,242.5164794921875,236.45947265625,0.9702228903770447
2539,720,31705,120.1761474609375,131.3663330078125,247.8822021484375,423.1419677734375,0.9453396201133728
2540,720,21771,672.525634765625,286.79437255859375,190.25537109375,181.0750732421875,0.9213746786117554
2541,720,1900,646.4527587890625,856.6748657226562,212.5120849609375,153.9959716796875,0.8423840999603271
2542,721,31885,68.10896301269531,163.35980224609375,441.75120544433594,463.5108642578125,0.9636377096176147
2543,721,35206,567.9664306640625,120.18289184570312,250.566162109375,378.873046875,0.8322551846504211
2544,721,27733,85.55923461914062,727.214599609375,323.5345153808594,281.6116943359375,0.8189367055892944
2545,721,3483,577.9405517578125,758.6593017578125,276.5660400390625,210.3182373046875,0.7772884964942932
2546,724,16548,106.6917495727539,736.453125,238.20500946044922,231.4671630859375,0.9659003615379333
2547,724,3544,133.18917846679688,178.638427734375,202.9586181640625,198.77215576171875,0.9208384156227112
2548,724,10221,578.3145751953125,167.59779357910156,219.4228515625,213.42601013183594,0.8585312962532043
2549,724,31705,572.6024169921875,674.9853515625,256.1695556640625,454.03515625,0.7106530070304871
2550,725,3544,635.80322265625,885.08447265625,214.9637451171875,212.6048583984375,0.9304205179214478
2551,725,16548,618.5584716796875,301.25286865234375,230.9451904296875,225.48260498046875,0.9075678586959839
2552,725,10221,150.98748779296875,874.715087890625,229.38916015625,225.54638671875,0.8827880024909973
2553,725,31705,146.7622528076172,148.2801971435547,251.07167053222656,421.81935119628906,0.8418899774551392
2554,726,16548,138.17926025390625,775.8885498046875,236.768798828125,225.7523193359375,0.9654415845870972
2555,726,3544,148.0653076171875,182.3553009033203,209.9453125,202.09324645996094,0.9422032833099365
2556,726,31705,600.29296875,715.742919921875,251.7850341796875,443.2073974609375,0.8200798034667969
2557,726,10221,605.8211669921875,171.592529296875,225.3642578125,215.540771484375,0.7903966903686523
2558,727,25367,36.747344970703125,153.5633544921875,408.2690734863281,449.15472412109375,0.8447976112365723
2559,727,16232,602.0503540039062,216.1937255859375,186.5277099609375,179.77874755859375,0.8003627061843872
2560,727,3483,575.8795166015625,812.2525634765625,279.70166015625,191.0810546875,0.7933323979377747
2561,727,25469,11.150177001953125,812.3428955078125,385.53326416015625,220.56787109375,0.771536648273468
2562,728,16232,629.751220703125,220.05296325683594,191.023681640625,188.92152404785156,0.8912321925163269
2563,728,25367,52.89166259765625,175.6075439453125,421.21221923828125,449.830810546875,0.8114979863166809
2564,728,3483,603.11083984375,845.0440673828125,278.34765625,187.186767578125,0.7960183620452881
2565,728,25469,49.563995361328125,856.620361328125,378.4592590332031,220.21533203125,0.7779074907302856
2566,73,3544,71.95614624023438,200.53924560546875,204.69412231445312,199.59521484375,0.9387216567993164
2567,73,16551,521.0567626953125,75.03451538085938,355.912841796875,425.5543212890625,0.9355797171592712
2568,73,6563,166.56968688964844,670.5963134765625,219.01759338378906,367.736328125,0.9104560613632202
2569,73,12247,591.4031982421875,848.7628173828125,216.0758056640625,127.466796875,0.8146481513977051
2570,731,16548,118.05960083007812,769.82177734375,240.98773193359375,229.2110595703125,0.9507563710212708
2571,731,29871,602.3104248046875,772.2032470703125,206.3916015625,223.8056640625,0.8795652389526367
2572,731,4543,611.5609130859375,142.74252319335938,203.5540771484375,198.9111328125,0.8659738302230835
2573,731,3544,101.18890380859375,161.3171844482422,204.90121459960938,198.47669982910156,0.7297812700271606
2574,732,3544,668.0235595703125,898.724609375,216.841064453125,214.5145263671875,0.9537835121154785
2575,732,4543,133.25942993164062,916.5850830078125,213.28445434570312,212.254638671875,0.8952988982200623
2576,732,16548,604.9202880859375,266.1444091796875,232.7213134765625,220.6217041015625,0.8470988273620605
2577,732,29871,167.16481018066406,277.747802734375,206.02098083496094,212.45819091796875,0.37487584352493286
2578,738,31705,138.75106811523438,645.7799072265625,251.542724609375,451.5413818359375,0.9049649834632874
2579,738,44199,602.3460693359375,770.2320556640625,173.62060546875,284.4815673828125,0.8627267479896545
2580,738,1900,86.54169464111328,258.38580322265625,203.05254364013672,128.3154296875,0.8093212842941284
2581,738,16551,585.5902099609375,92.4788818359375,291.428955078125,455.59063720703125,0.6981959939002991
2582,740,16548,119.04226684570312,805.692626953125,242.2520751953125,234.0948486328125,0.9586042761802673
2583,740,31705,131.878662109375,127.64051818847656,245.4759521484375,422.43943786621094,0.9230730533599854
2584,740,1900,644.115478515625,830.0899658203125,171.6201171875,199.6693115234375,0.8643054962158203
2585,740,19607,654.541259765625,272.2837219238281,158.046630859375,151.02032470703125,0.4162385165691376
2586,742,4378,77.9990234375,100.59844970703125,222.2275390625,441.0634765625,0.945072591304779
2587,742,2483,84.3333969116211,675.7960205078125,242.49457550048828,468.4669189453125,0.8386856913566589
2588,742,25438,567.9521484375,187.5603485107422,246.5009765625,254.81898498535156,0.8026427626609802
2589,742,6192,563.404296875,536.49462890625,283.7900390625,534.917724609375,0.726678729057312
2590,743,4378,641.3406982421875,704.245361328125,227.8194580078125,456.11083984375,0.8805222511291504
2591,743,25438,108.05438232421875,830.3499755859375,257.0948486328125,251.399169921875,0.8520130515098572
2592,743,2483,616.7774658203125,70.79547119140625,237.2122802734375,468.27520751953125,0.8284267783164978
2593,743,6192,92.44912719726562,132.06683349609375,286.37030029296875,534.0217895507812,0.6576187014579773
2594,745,16262,662.618896484375,271.70819091796875,241.301513671875,229.92498779296875,0.9261861443519592
2595,745,3351,351.34771728515625,892.7227783203125,190.78448486328125,192.9044189453125,0.7982736825942993
2596,745,32310,115.55414581298828,179.77069091796875,225.93425750732422,363.185302734375,0.4171311855316162
2597,747,32310,636.554443359375,734.4423828125,235.39208984375,398.822021484375,0.9386292099952698
2598,747,3351,436.5224914550781,193.13978576660156,184.12203979492188,182.78392028808594,0.861027181148529
2599,747,16262,60.83710479736328,799.41943359375,246.09178924560547,235.0626220703125,0.6127283573150635
2600,75,3544,87.41736602783203,208.99594116210938,208.98442840576172,201.41387939453125,0.9480680823326111
2601,75,6563,197.8697509765625,712.76025390625,217.3021240234375,361.210693359375,0.9360188245773315
2602,75,12247,619.6439208984375,878.44482421875,209.786376953125,125.8447265625,0.9302541017532349
2603,75,16551,550.5874633789062,81.20018005371094,366.1162109375,433.62062072753906,0.9115877151489258
2604,750,29345,587.515625,132.21417236328125,271.7901611328125,411.03704833984375,0.9868946075439453
2605,750,16548,145.8419189453125,790.657958984375,243.09344482421875,235.12109375,0.9000031352043152
2606,750,44199,171.04916381835938,200.7998809814453,170.59478759765625,270.38255310058594,0.8104060888290405
2607,750,1900,686.5701904296875,806.9962158203125,130.744873046875,208.1671142578125,0.769110381603241
2608,752,27993,549.418701171875,778.1990966796875,309.50341796875,242.30859375,0.9711532592773438
2609,752,16548,557.7655029296875,137.83251953125,231.843505859375,222.89678955078125,0.9448607563972473
2610,752,3544,91.41413116455078,197.0150146484375,204.45964813232422,199.1962890625,0.9209891557693481
2611,752,6563,166.2606201171875,670.6258544921875,218.845458984375,367.1383056640625,0.9105346202850342
2612,754,3832,88.38262939453125,654.6917724609375,377.316650390625,380.599609375,0.9859150648117065
2613,754,29667,626.2205810546875,761.7249755859375,228.693603515625,223.25244140625,0.9361774921417236
2614,754,3351,372.05511474609375,198.766357421875,185.15911865234375,181.00335693359375,0.8466382026672363
2615,756,3832,516.13916015625,257.1934814453125,374.4515380859375,378.25042724609375,0.9911792874336243
2616,756,29667,125.31405639648438,317.73382568359375,227.71051025390625,225.4085693359375,0.7915931940078735
2617,756,3351,417.55853271484375,890.498779296875,187.6197509765625,192.16943359375,0.7488096356391907
2618,758,31885,561.269287109375,663.7210693359375,343.8734130859375,551.068115234375,0.9712197780609131
2619,758,3483,154.459716796875,218.9967498779297,244.21630859375,221.10658264160156,0.8694823384284973
2620,758,36637,93.4564208984375,905.2838134765625,276.33941650390625,167.5843505859375,0.6739088296890259
2621,758,19861,638.357666015625,278.551025390625,221.6533203125,168.4554443359375,0.5366437435150146
2622,759,36637,590.65234375,196.07443237304688,261.374267578125,152.70166015625,0.8902546763420105
2623,759,31885,76.15753173828125,32.125244140625,328.6812744140625,529.231201171875,0.8336918354034424
2624,759,19861,88.0521240234375,826.4755859375,229.63812255859375,176.001953125,0.8313952088356018
2625,759,3483,570.79736328125,838.322998046875,262.650146484375,228.974853515625,0.7533847689628601
2626,760,29345,91.68997192382812,708.3291015625,290.5025634765625,443.2034912109375,0.9871838092803955
2627,760,16548,581.3480224609375,203.5394287109375,232.38232421875,224.388427734375,0.95625901222229
2628,760,33208,655.337646484375,804.65869140625,216.2904052734375,204.278564453125,0.9383464455604553
2629,760,1900,158.89886474609375,257.96466064453125,129.201904296875,199.6773681640625,0.7814944982528687
2630,761,29345,126.47747802734375,751.5804443359375,284.3997802734375,439.316650390625,0.9810948371887207
2631,761,16548,608.9354248046875,213.09942626953125,239.782958984375,226.6119384765625,0.9679866433143616
2632,761,33208,682.3368530273438,836.025634765625,212.2034912109375,200.564697265625,0.9309573173522949
2633,761,1900,178.3624267578125,269.9949951171875,130.10369873046875,198.52301025390625,0.8233210444450378
2634,763,31885,503.2578125,645.8565673828125,451.5997314453125,476.0032958984375,0.9441897869110107
2635,763,27733,563.4478759765625,263.1373291015625,303.796875,264.8870849609375,0.9439281225204468
2636,763,20238,114.063720703125,854.4322509765625,229.84347534179688,226.107421875,0.9000803232192993
2637,763,3483,123.79649353027344,307.5672607421875,270.10060119628906,200.280517578125,0.8214941620826721
2638,764,31885,53.1512451171875,134.2327117919922,457.548583984375,467.59718322753906,0.9558315277099609
2639,764,27733,121.81944274902344,765.82275390625,316.97706604003906,276.447998046875,0.8385094404220581
2640,764,3483,606.73046875,790.7432861328125,276.21728515625,211.022705078125,0.8383576273918152
2641,764,20238,641.0531005859375,189.99827575683594,229.667236328125,217.39015197753906,0.738688051700592
2642,766,34597,567.4029541015625,731.090576171875,408.5970458984375,479.5400390625,0.9247003793716431
2643,766,36637,164.80572509765625,799.639892578125,191.95697021484375,256.1458740234375,0.8869726061820984
2644,766,20877,544.3541259765625,295.1658935546875,328.0867919921875,232.665771484375,0.8731683492660522
2645,766,3483,141.77401733398438,292.092041015625,212.35000610351562,255.26806640625,0.8212123513221741
2646,768,34597,4.926025390625,17.03057861328125,401.8948974609375,461.98565673828125,0.9500870108604431
2647,768,20877,82.97039794921875,725.9569091796875,332.693359375,242.27880859375,0.867216944694519
2648,768,36637,602.864501953125,205.5078125,181.71484375,244.714599609375,0.8435032963752747
2649,768,3483,622.9554443359375,719.2723388671875,211.114013671875,269.9150390625,0.835169792175293
2650,772,33208,638.1397705078125,879.5184326171875,211.298828125,200.1461181640625,0.9373965263366699
2651,772,31705,170.44732666015625,687.29296875,250.352294921875,445.401611328125,0.9211474657058716
2652,772,16551,554.82958984375,79.55694580078125,291.727783203125,479.5975341796875,0.919553279876709
2653,772,1900,103.95144653320312,269.8434143066406,205.4261474609375,123.6153564453125,0.754967212677002
2654,773,16551,527.9279174804688,71.060302734375,284.9302978515625,468.65606689453125,0.9378519058227539
2655,773,33208,610.3280639648438,847.011474609375,214.598876953125,205.118896484375,0.9298378825187683
2656,773,31705,139.12289428710938,644.8551025390625,251.4083251953125,452.01806640625,0.9081379175186157
2657,773,1900,86.7459487915039,258.7183837890625,202.58934783935547,127.94549560546875,0.8135371804237366
2658,778,16232,629.9786376953125,219.82614135742188,190.871826171875,188.43505859375,0.8854380249977112
2659,778,3483,603.2578125,845.1021728515625,278.243896484375,187.0126953125,0.7935006618499756
2660,778,25469,49.77032470703125,856.3958740234375,379.02484130859375,221.01171875,0.7580422759056091
2661,778,30308,84.10263061523438,167.37315368652344,407.656982421875,404.52235412597656,0.6386489272117615
2662,779,16232,161.59503173828125,855.8526611328125,196.2103271484375,193.143798828125,0.9315513968467712
2663,779,3483,125.70654296875,272.68896484375,269.8778076171875,188.69873046875,0.8002609610557556
2664,779,30308,515.737548828125,683.246337890625,409.47802734375,407.7642822265625,0.7629688382148743
2665,779,25469,571.86669921875,230.86944580078125,374.98681640625,220.03155517578125,0.7040993571281433
2666,780,30308,68.78173828125,149.24700927734375,395.6112060546875,396.11767578125,0.896558940410614
2667,780,16232,602.4124145507812,215.5959014892578,186.2274169921875,180.50975036621094,0.8127841353416443
2668,780,3483,576.2380981445312,812.3338623046875,279.7052001953125,191.7841796875,0.7946040630340576
2669,780,25469,11.196014404296875,812.3861083984375,387.03521728515625,220.65234375,0.7589783072471619
2670,782,22074,586.2647705078125,728.951171875,188.239013671875,192.73876953125,0.9646351337432861
2671,782,3351,340.06170654296875,182.1015167236328,184.99267578125,188.15574645996094,0.7345402240753174
2672,785,27653,670.1788330078125,254.77792358398438,221.583984375,200.18316650390625,0.8103449940681458
2673,785,3483,131.64329528808594,289.3699951171875,275.78944396972656,171.7105712890625,0.7649857401847839
2674,785,25367,540.7853393554688,691.36572265625,393.015869140625,494.6427001953125,0.693952202796936
2675,785,35206,107.51446533203125,684.3109130859375,201.44189453125,423.987060546875,0.4380659759044647
2676,787,3483,152.30059814453125,220.21853637695312,243.8450927734375,220.6546630859375,0.872128963470459
2677,787,34597,536.0301513671875,653.364501953125,354.552490234375,513.217041015625,0.846835732460022
2678,787,20238,112.90509033203125,857.3240966796875,229.26666259765625,225.4642333984375,0.8230161666870117
2679,787,20238,115.33988189697266,57.52729034423828,224.64897918701172,223.87169647216797,0.6905120015144348
2680,788,19861,90.10116577148438,827.2604370117188,228.98770141601562,175.5643310546875,0.8676154017448425
2681,788,20238,614.0875244140625,185.4713897705078,221.6121826171875,213.83921813964844,0.8397037982940674
2682,788,3483,573.4148559570312,838.0267333984375,261.527587890625,228.1318359375,0.7586643099784851
2683,788,34597,97.43783569335938,59.49772644042969,337.38519287109375,494.80360412597656,0.6727481484413147
2684,79,16262,128.31536865234375,298.9556884765625,243.9415283203125,231.2393798828125,0.8749178051948547
2685,79,19232,504.3829345703125,236.24932861328125,327.41748046875,256.12237548828125,0.7762040495872498
2686,79,3351,386.16064453125,845.0172119140625,190.7386474609375,190.9234619140625,0.6711873412132263
2687,797,27993,495.6462097167969,855.2178955078125,335.6130676269531,162.33154296875,0.988645076751709
2688,797,4543,600.3773193359375,188.62350463867188,206.8853759765625,200.67315673828125,0.8566954731941223
2689,797,3544,146.23678588867188,191.50790405273438,205.19012451171875,199.11328125,0.8396886587142944
2690,797,16551,41.96490478515625,525.4462890625,307.0548095703125,477.972412109375,0.7787114381790161
2691,798,27993,522.4716796875,889.372314453125,334.1173095703125,157.839599609375,0.9920397996902466
2692,798,4543,627.5535888671875,191.39654541015625,212.51953125,202.542236328125,0.8657691478729248
2693,798,3544,163.02764892578125,198.54025268554688,208.465087890625,201.317138671875,0.8521724343299866
2694,798,16551,66.95077514648438,577.47998046875,314.49267578125,469.696044921875,0.7566045522689819
2695,799,28763,168.40538024902344,180.2603759765625,213.49794006347656,199.7109375,0.9371132850646973
2696,799,20238,643.891357421875,188.60336303710938,227.002197265625,216.88336181640625,0.8742982149124146
2697,799,3483,601.07080078125,868.7100830078125,259.45458984375,229.09423828125,0.770506739616394
2698,799,19861,124.9600830078125,863.72216796875,222.97824096679688,169.1331787109375,0.7562173008918762
2699,8,22347,129.64151000976562,220.2534942626953,205.81396484375,196.68333435058594,0.9124561548233032
2700,8,20238,622.9192504882812,177.7979736328125,226.4530029296875,215.8309326171875,0.905375063419342
2701,8,27653,95.76699829101562,853.537841796875,222.60195922851562,206.696533203125,0.7959800958633423
2702,8,3483,585.3560180664062,845.4521484375,286.7216796875,166.892578125,0.714092493057251
2703,80,16262,569.592041015625,694.94287109375,249.799072265625,244.6124267578125,0.9098952412605286
2704,80,19232,93.60227966308594,696.3330078125,343.15675354003906,268.789306640625,0.8922772407531738
2705,80,3351,360.0340576171875,192.91668701171875,184.6217041015625,190.58636474609375,0.8375087380409241
2706,807,3483,158.19944763183594,214.79904174804688,246.00086975097656,221.411865234375,0.8519532084465027
2707,807,25367,608.9635009765625,708.959228515625,321.470947265625,525.4959716796875,0.8234151005744934
2708,807,29667,117.69061279296875,839.66796875,232.79446411132812,226.744384765625,0.7946857213973999
2709,807,19861,643.746337890625,278.0155944824219,222.2215576171875,168.5853271484375,0.4707506000995636
2710,808,6563,193.160888671875,708.26708984375,217.529052734375,357.98974609375,0.9336426854133606
2711,808,29871,631.991455078125,827.0718994140625,170.149169921875,236.939697265625,0.8545228242874146
2712,808,16551,611.1685791015625,48.63653564453125,340.108642578125,455.6539306640625,0.8439623117446899
2713,808,3544,107.79851531982422,207.0272979736328,211.08698272705078,200.98191833496094,0.8055604696273804
2714,810,16551,583.6514892578125,42.81974792480469,331.242919921875,439.18385314941406,0.9267891645431519
2715,810,6563,160.453369140625,663.9835205078125,219.60101318359375,367.344970703125,0.9251978397369385
2716,810,3544,91.87808990478516,199.4713592529297,204.66442108154297,198.35023498535156,0.8645810484886169
2717,810,29871,602.8031616210938,790.4580078125,175.0135498046875,244.4246826171875,0.8640994429588318
2718,815,3351,361.1795654296875,169.3363037109375,183.43115234375,185.768310546875,0.9186747074127197
2719,815,20238,98.7175521850586,712.6160278320312,231.86743927001953,227.842529296875,0.8897730112075806
2720,815,32310,519.622802734375,614.101318359375,280.68505859375,359.614501953125,0.3263618052005768
2721,817,16232,648.1828002929688,230.70623779296875,192.2911376953125,181.959716796875,0.8749524354934692
2722,817,27653,94.8017578125,852.5648193359375,222.17620849609375,207.000732421875,0.7903920412063599
2723,817,30308,94.14218139648438,154.40948486328125,386.611328125,423.62445068359375,0.7319889068603516
2724,817,3483,584.47216796875,845.12060546875,286.96435546875,167.2095947265625,0.7207797765731812
2725,818,16232,140.80108642578125,847.341552734375,198.00537109375,191.7294921875,0.9298485517501831
2726,818,27653,670.36181640625,254.7897491455078,221.3885498046875,200.46202087402344,0.8064626455307007
2727,818,3483,131.5309295654297,289.7880859375,276.71742248535156,172.4345703125,0.7684829831123352
2728,818,30308,526.255126953125,677.3441162109375,388.863525390625,424.843017578125,0.7676769495010376
2729,819,16232,620.1556396484375,222.5059051513672,187.5540771484375,183.26698303222656,0.9023234844207764
2730,819,30308,79.9892578125,136.9984130859375,373.821044921875,412.171630859375,0.8803942799568176
2731,819,3483,558.7484130859375,812.154296875,287.8172607421875,174.575927734375,0.7710729241371155
2732,819,27653,61.348663330078125,811.750244140625,224.89578247070312,209.58056640625,0.7472706437110901
2733,82,3743,122.15582275390625,837.40576171875,332.46209716796875,334.39013671875,0.7783011198043823
2734,82,2483,629.036865234375,94.69952392578125,201.16064453125,476.15863037109375,0.7314504384994507
2735,82,22362,608.2344970703125,733.7822265625,273.190673828125,423.035888671875,0.7280802726745605
2736,82,19552,118.26576232910156,136.0226593017578,319.13951110839844,505.69895935058594,0.40211716294288635
2737,820,19552,484.8577880859375,646.48095703125,333.9415283203125,483.1268310546875,0.9479710459709167
2738,820,3743,482.2481689453125,147.94134521484375,316.464599609375,305.395263671875,0.9067265391349792
2739,820,4378,133.52685546875,105.40899658203125,223.37271118164062,441.97711181640625,0.8114028573036194
2740,820,2483,96.715576171875,689.8575439453125,211.17965698242188,491.9071044921875,0.6334587335586548
2741,822,4378,594.62158203125,703.5814208984375,234.913330078125,466.783203125,0.8273919224739075
2742,822,3743,129.96749877929688,812.69189453125,337.0550537109375,332.017578125,0.7314034700393677
2743,822,19552,124.44326782226562,97.97021484375,333.35723876953125,493.9583740234375,0.5251312255859375
2744,822,2483,622.5663452148438,76.21319580078125,194.4957275390625,460.88702392578125,0.5092788934707642
2745,826,18147,538.9387817382812,318.8992004394531,307.071533203125,390.3063659667969,0.959273636341095
2746,826,3351,407.57684326171875,861.12451171875,189.76861572265625,193.265380859375,0.7853372693061829
2747,828,18147,126.98786926269531,573.7615966796875,312.24900817871094,408.8643798828125,0.9911448359489441
2748,828,38162,552.095947265625,865.163818359375,251.35302734375,250.4598388671875,0.9570580720901489
2749,828,3351,380.937255859375,236.85166931152344,185.66168212890625,183.93617248535156,0.8313085436820984
2750,829,28763,97.6318359375,168.28131103515625,206.8177490234375,201.2838134765625,0.8799183368682861
2751,829,36637,635.189208984375,177.66522216796875,184.041259765625,241.73162841796875,0.8706211447715759
2752,829,27777,144.78106689453125,775.9094848632812,180.73379516601562,205.2440185546875,0.8104448914527893
2753,829,3483,537.5401611328125,777.80029296875,266.654052734375,225.4462890625,0.7038121223449707
2754,83,19552,503.4976501464844,594.677490234375,321.0002746582031,492.531005859375,0.9265288710594177
2755,83,22362,79.5306396484375,121.62875366210938,263.6881103515625,388.07281494140625,0.8915227651596069
2756,83,3743,491.87701416015625,127.89300537109375,313.30712890625,301.5362548828125,0.7838614583015442
2757,83,2483,89.46552276611328,656.8253173828125,211.56169891357422,497.378662109375,0.5406387448310852
2758,830,28763,666.38720703125,891.9639892578125,223.76025390625,213.798095703125,0.8966183662414551
2759,830,36637,127.5557861328125,829.177490234375,193.6680908203125,255.55224609375,0.8905836939811707
2760,830,3483,172.8572540283203,274.2159423828125,261.95213317871094,220.38543701171875,0.8097823858261108
2761,830,27777,636.3565673828125,293.46099853515625,176.864013671875,195.304931640625,0.6681733727455139
2762,831,28763,111.95317840576172,175.72433471679688,212.27381134033203,201.5533447265625,0.9035400748252869
2763,831,36637,664.0660400390625,179.90777587890625,187.91064453125,248.52490234375,0.8997110724449158
2764,831,27777,177.14813232421875,812.6827392578125,177.96832275390625,199.142333984375,0.8160700798034668
2765,831,3483,565.5394287109375,812.996826171875,265.46728515625,221.04150390625,0.733515739440918
2766,832,16548,606.4796142578125,164.6919403076172,237.01220703125,222.08949279785156,0.9635407328605652
2767,832,1900,622.3060302734375,886.3441162109375,208.52490234375,142.3665771484375,0.7661264538764954
2768,832,21026,137.2049560546875,867.530029296875,180.375732421875,178.093505859375,0.5538498163223267
2769,838,16548,592.068603515625,162.75921630859375,231.2275390625,224.7271728515625,0.9440620541572571
2770,838,33208,587.6468505859375,800.550048828125,215.0108642578125,204.461181640625,0.8912906050682068
2771,838,1900,140.98870849609375,241.53839111328125,200.04913330078125,127.54669189453125,0.7565562725067139
2772,838,27926,92.91119384765625,614.7926025390625,268.42529296875,483.068603515625,0.5255818963050842
2773,842,34597,470.2334899902344,667.88330078125,464.9626770019531,428.03271484375,0.9779336452484131
2774,842,27733,563.1636962890625,262.9267578125,303.8306884765625,265.1414794921875,0.9460678100585938
2775,842,3483,123.32550048828125,307.5845947265625,270.885498046875,199.805908203125,0.8260068297386169
2776,842,16262,150.748779296875,804.397216796875,251.744873046875,239.789306640625,0.8184323310852051
2777,85,29345,582.9378662109375,676.74072265625,291.638671875,447.9752197265625,0.9774846434593201
2778,85,21771,147.99609375,850.381591796875,196.2852783203125,191.0186767578125,0.9567762017250061
2779,85,16548,570.6702880859375,250.87811279296875,232.711181640625,227.0809326171875,0.9552719593048096
2780,85,1900,162.46951293945312,256.4879150390625,127.71011352539062,199.506591796875,0.7652507424354553
2781,851,22627,108.40228271484375,148.92816162109375,307.9969482421875,497.64178466796875,0.858841061592102
2782,851,3743,121.93609619140625,837.77001953125,332.784912109375,335.3681640625,0.7503631114959717
2783,851,2483,628.6163330078125,97.02960205078125,203.083984375,473.50677490234375,0.7137442827224731
2784,851,22362,607.8216552734375,731.957763671875,274.0302734375,424.9345703125,0.6860346794128418
2785,855,12778,86.15228271484375,120.52685546875,306.95751953125,540.7003173828125,0.9192663431167603
2786,855,4378,594.4348754882812,703.7962646484375,234.099365234375,466.524658203125,0.8451151847839355
2787,855,3743,130.0958251953125,813.7213134765625,337.49932861328125,331.3505859375,0.7401331067085266
2788,855,2483,622.9362182617188,75.756103515625,194.1693115234375,462.718505859375,0.4966204762458801
2789,857,31863,574.393798828125,746.922119140625,209.2554931640625,211.968505859375,0.9240031838417053
2790,857,16262,92.10934448242188,678.175048828125,248.70309448242188,245.73583984375,0.894504725933075
2791,857,3351,337.20220947265625,134.03729248046875,185.82293701171875,187.42938232421875,0.7826175093650818
2792,858,16262,134.22802734375,769.9580688476562,244.980712890625,237.2083740234375,0.7966242432594299
2793,858,3351,379.92926025390625,190.28765869140625,184.0478515625,183.156005859375,0.7761255502700806
2794,86,29345,119.92991638183594,155.4959716796875,273.45790100097656,414.46392822265625,0.9629533290863037
2795,86,16548,150.7235107421875,769.3138427734375,240.24591064453125,236.5157470703125,0.7589320540428162
2796,86,1900,684.8392333984375,809.1548461914062,130.241455078125,210.435546875,0.7261359095573425
2797,86,21771,617.1622314453125,251.99095153808594,188.704833984375,180.98390197753906,0.6882311105728149
2798,861,25438,122.43548583984375,833.78564453125,261.578857421875,266.15625,0.7800644040107727
2799,861,19552,67.83651733398438,83.50323486328125,348.7099914550781,478.85760498046875,0.7545878887176514
2800,861,2483,568.1346435546875,148.7489013671875,300.806884765625,439.0303955078125,0.7471292614936829
2801,861,12081,652.5074462890625,704.4044189453125,255.5675048828125,472.0068359375,0.6826132535934448
2802,862,34597,76.55303955078125,133.4649200439453,449.60894775390625,416.10447692871094,0.9209631085395813
2803,862,36637,672.7032470703125,173.45355224609375,176.846435546875,253.68267822265625,0.841022253036499
2804,862,3483,602.4784545898438,846.383056640625,278.0728759765625,186.5166015625,0.7933405637741089
2805,862,25469,84.96601867675781,830.14404296875,347.02732849121094,301.3970947265625,0.5943328142166138
2806,864,34597,61.462493896484375,102.2569580078125,438.97735595703125,425.4395751953125,0.8443250060081482
2807,864,3483,575.270263671875,812.6670532226562,279.561279296875,191.7987060546875,0.7894524931907654
2808,864,36637,643.8173828125,170.30325317382812,173.3447265625,249.22515869140625,0.7128826379776001
2809,864,25469,49.89508056640625,785.7900390625,354.09185791015625,302.80615234375,0.5892289876937866
2810,866,3351,304.207763671875,172.58612060546875,188.5386962890625,189.06744384765625,0.8569033145904541
2811,866,16688,34.01422119140625,519.6962890625,445.435546875,574.908203125,0.3473984897136688
2812,867,3351,346.7095947265625,233.1797637939453,186.3387451171875,182.15098571777344,0.860569179058075
2813,867,16688,70.71702575683594,628.1986083984375,435.04322814941406,579.943603515625,0.6596041321754456
2814,868,31885,33.05047607421875,62.07057189941406,408.81317138671875,505.82359313964844,0.9318567514419556
2815,868,16232,648.280517578125,230.5447540283203,192.453369140625,182.08531188964844,0.8907181620597839
2816,868,27653,94.53622436523438,852.5865478515625,222.0439453125,207.1749267578125,0.7953381538391113
2817,868,3483,584.8853759765625,845.6280517578125,286.190185546875,166.8848876953125,0.7321056127548218
2818,869,31885,16.83148193359375,36.55543518066406,397.567626953125,503.57762145996094,0.9373632669448853
2819,869,16232,620.33447265625,222.8631591796875,187.372314453125,183.2044677734375,0.9037021398544312
2820,869,3483,559.00048828125,813.076171875,287.23291015625,174.21142578125,0.7656702399253845
2821,869,27653,61.211944580078125,811.928955078125,225.23605346679688,209.655029296875,0.737817108631134
2822,870,16232,140.87255859375,847.44970703125,198.03005981445312,191.4407958984375,0.9285485744476318
2823,870,27653,670.6333618164062,254.6127471923828,221.56591796875,200.80174255371094,0.8145594000816345
2824,870,31885,565.9429931640625,675.461181640625,403.8077392578125,522.426513671875,0.7995662689208984
2825,870,3483,132.67701721191406,289.5083312988281,275.58897399902344,172.1041259765625,0.7699298858642578
2826,873,3351,342.635009765625,225.1697998046875,185.45245361328125,182.605712890625,0.8830233812332153
2827,873,16688,69.92958068847656,629.217529296875,435.85435485839844,582.3294677734375,0.6099310517311096
2828,873,18147,625.9647216796875,673.4033203125,278.0682373046875,423.5018310546875,0.5932749509811401
2829,874,31885,147.09979248046875,153.3704833984375,426.53900146484375,474.39892578125,0.9436023831367493
2830,874,20877,83.86627197265625,725.6937255859375,332.09918212890625,242.195068359375,0.8660555481910706
2831,874,3483,622.8261108398438,717.0023193359375,211.888916015625,272.37548828125,0.8226574063301086
2832,874,16232,626.1075439453125,221.29461669921875,189.093505859375,184.5574951171875,0.7792742848396301
2833,875,31885,165.6420440673828,183.88768005371094,442.66758728027344,474.19886779785156,0.9483363628387451
2834,875,20877,115.94453430175781,767.97119140625,331.11570739746094,230.461181640625,0.9273442029953003
2835,875,3483,649.9539794921875,749.827880859375,211.1923828125,268.133056640625,0.8188740611076355
2836,875,16232,654.010498046875,232.4609375,194.834228515625,179.15814208984375,0.8038907647132874
2837,878,36637,643.093994140625,208.0183868408203,190.2750244140625,247.64842224121094,0.9297367930412292
2838,878,34597,72.6195068359375,124.2510986328125,337.56280517578125,495.61151123046875,0.928412675857544
2839,878,27653,95.9239501953125,853.119873046875,222.73834228515625,206.959716796875,0.7969435453414917
2840,878,3483,585.432861328125,844.8704833984375,286.5767822265625,166.590087890625,0.7159615159034729
2841,879,36637,614.0740966796875,203.7088623046875,185.8995361328125,240.62664794921875,0.8925917148590088
2842,879,34597,58.638397216796875,90.895751953125,324.6102294921875,501.44598388671875,0.8376100659370422
2843,879,3483,558.0211181640625,810.5847778320312,289.8421630859375,174.3741455078125,0.7840918302536011
2844,879,27653,62.035926818847656,812.3302001953125,225.26891326904297,209.167236328125,0.7584414482116699
2845,88,31705,621.3342895507812,733.11962890625,250.1856689453125,449.43359375,0.9341544508934021
2846,88,18110,77.63778686523438,800.8260498046875,308.8133850097656,289.1688232421875,0.9279860854148865
2847,88,1900,130.26791381835938,230.52728271484375,205.91278076171875,137.6669921875,0.8335645198822021
2848,88,16551,609.0762939453125,48.63616943359375,287.4051513671875,483.15350341796875,0.8050881624221802
2849,880,5094,510.69580078125,161.15931701660156,269.865234375,263.90232849121094,0.8739746809005737
2850,880,13395,64.79601287841797,88.99383544921875,239.26343536376953,484.21343994140625,0.8283029198646545
2851,880,23223,508.0498046875,604.7493896484375,304.7430419921875,506.618896484375,0.7742571830749512
2852,882,23223,123.9146728515625,97.22242736816406,306.12890625,500.10435485839844,0.9818480014801025
2853,882,2483,636.4583740234375,60.52268981933594,223.9718017578125,485.99598693847656,0.9018866419792175
2854,882,13395,641.305419921875,669.01708984375,238.7001953125,496.820556640625,0.8681515455245972
2855,882,5094,148.42445373535156,835.343017578125,280.31065368652344,276.168701171875,0.4587448239326477
2856,883,16232,629.5284423828125,219.59962463378906,191.94140625,188.75621032714844,0.9043594002723694
2857,883,28763,141.00437927246094,232.50030517578125,215.14930725097656,203.50244140625,0.9007625579833984
2858,883,3483,603.3372802734375,844.7830810546875,278.539306640625,187.709716796875,0.7961889505386353
2859,883,25469,49.431182861328125,857.2293701171875,376.62445068359375,220.125732421875,0.7640727758407593
2860,886,31863,160.64263916015625,285.716796875,210.1082763671875,204.87841796875,0.9326047301292419
2861,886,3351,410.7557373046875,892.232421875,188.6846923828125,192.157470703125,0.7928847670555115
2862,886,35206,543.4371337890625,259.419189453125,270.314453125,390.80804443359375,0.438253790140152
2863,888,3351,380.846435546875,206.4149932861328,183.25616455078125,182.77195739746094,0.8502108454704285
2864,888,35206,163.5738067626953,646.3299560546875,269.03477478027344,395.3975830078125,0.7583461999893188
2865,888,31863,609.9264526367188,835.842041015625,207.6712646484375,204.915771484375,0.30331045389175415
2866,889,16232,134.4512939453125,847.68603515625,195.1689453125,191.0355224609375,0.9496303200721741
2867,889,20877,543.36572265625,294.54925537109375,328.5487060546875,232.68701171875,0.8721580505371094
2868,889,28763,708.7714233398438,889.2464599609375,225.0709228515625,212.9722900390625,0.8530375957489014
2869,889,3483,141.83767700195312,293.19488525390625,211.38314819335938,254.42425537109375,0.8111425042152405
2870,89,31705,594.6201171875,695.43798828125,254.506103515625,456.318115234375,0.9033737778663635
2871,89,16551,580.0885009765625,44.18186950683594,281.739501953125,467.18519592285156,0.8596016764640808
2872,89,1900,113.410400390625,224.97366333007812,202.49130249023438,139.30029296875,0.8363420963287354
2873,89,18110,44.178070068359375,758.0550537109375,309.833984375,300.1116943359375,0.7858943343162537
2874,891,28763,56.749908447265625,171.99691772460938,207.62332153320312,200.24151611328125,0.9290271401405334
2875,891,16232,626.4744873046875,221.23291015625,188.8353271484375,183.45135498046875,0.8764694929122925
2876,891,20877,84.69384765625,726.3179931640625,331.541748046875,240.888671875,0.8673173189163208
2877,891,3483,623.0525512695312,717.389404296875,212.4554443359375,272.81591796875,0.8314053416252136
2878,894,20877,84.04946899414062,726.5680541992188,331.4437255859375,241.0364990234375,0.8592172265052795
2879,894,25367,27.085052490234375,25.177337646484375,413.1209411621094,442.5416259765625,0.8484494686126709
2880,894,3483,622.5828857421875,719.25,211.39794921875,270.17236328125,0.8386080265045166
2881,894,36637,602.8466796875,205.85714721679688,181.656005859375,244.2298583984375,0.8309620022773743
2882,895,16551,531.7335205078125,39.79986572265625,298.76416015625,459.72845458984375,0.9248278141021729
2883,895,10221,584.0509643554688,775.026611328125,227.4022216796875,221.625,0.9237862229347229
2884,895,3544,91.86901092529297,222.65036010742188,205.11176300048828,198.66021728515625,0.7153487205505371
2885,895,21026,99.73974609375,821.819580078125,180.636962890625,178.206298828125,0.6517506241798401
2886,896,10221,612.0689697265625,813.635009765625,224.039306640625,215.66162109375,0.961961567401886
2887,896,16551,559.7525024414062,45.48834228515625,305.04296875,470.77459716796875,0.9096089005470276
2888,896,3544,107.72097778320312,232.87925720214844,211.1234130859375,200.48146057128906,0.6598734259605408
2889,896,21026,133.1629638671875,854.9937744140625,178.4654541015625,176.559326171875,0.42514950037002563
2890,897,10221,168.3367919921875,275.4199523925781,220.61199951171875,213.45147705078125,0.9663382172584534
2891,897,3544,674.84130859375,834.8050537109375,215.526123046875,213.053466796875,0.9431389570236206
2892,897,21026,674.93798828125,286.236572265625,178.5638427734375,169.3663330078125,0.6463649868965149
2893,898,16548,72.80026245117188,778.2945556640625,239.47186279296875,233.0947265625,0.9636229872703552
2894,898,27926,568.7957763671875,581.16259765625,253.990478515625,489.4923095703125,0.9279004335403442
2895,898,3544,118.73684692382812,173.05458068847656,204.70846557617188,198.04112243652344,0.9258795976638794
2896,898,12247,618.4118041992188,206.1658935546875,171.748291015625,187.9688720703125,0.3400488793849945
2897,9,20238,595.4290771484375,175.34405517578125,220.4534912109375,212.8995361328125,0.8968374729156494
2898,9,22347,113.01187133789062,212.6056671142578,201.60906982421875,193.84642028808594,0.8709366917610168
2899,9,3483,560.0472412109375,812.6346435546875,288.0052490234375,174.5770263671875,0.7916392683982849
2900,9,27653,62.49134063720703,812.617431640625,226.23955535888672,209.452880859375,0.7717635035514832
2901,90,31705,132.62657165527344,127.85890197753906,245.17677307128906,422.11265563964844,0.9186549782752991
2902,90,16551,87.61917114257812,709.0003662109375,296.104248046875,496.9306640625,0.9045097827911377
2903,90,1900,655.7481079101562,904.0103759765625,214.1363525390625,147.342529296875,0.8289174437522888
2904,90,18110,611.361572265625,217.52647399902344,299.9876708984375,288.64344787597656,0.5695849657058716
2905,900,16548,107.31588745117188,822.1365966796875,235.079345703125,226.2064208984375,0.9617161154747009
2906,900,27926,595.3997802734375,625.9537353515625,252.412353515625,483.6556396484375,0.943886935710907
2907,900,3544,134.24850463867188,176.84373474121094,209.27926635742188,201.77113342285156,0.9184930324554443
2908,900,12247,645.88916015625,204.96011352539062,175.06396484375,190.73187255859375,0.8677660822868347
2909,904,30308,159.6749267578125,54.2772216796875,296.9859619140625,473.43060302734375,0.9335147142410278
2910,904,27733,121.1326904296875,765.9495849609375,318.611328125,276.606201171875,0.8416047096252441
2911,904,3483,606.4503784179688,790.33642578125,276.1937255859375,211.54931640625,0.8390384912490845
2912,904,20238,641.082763671875,190.0758056640625,229.6181640625,217.17236328125,0.7323383688926697
2913,906,30308,543.715576171875,722.8515625,302.40673828125,485.083740234375,0.9652621746063232
2914,906,27733,563.008056640625,262.25146484375,304.3604736328125,265.16973876953125,0.9408748745918274
2915,906,20238,114.11831665039062,854.251953125,229.85504150390625,225.8984375,0.9162623286247253
2916,906,3483,123.35931396484375,306.8553161621094,270.67120361328125,200.60205078125,0.8273073434829712
2917,908,31863,574.6405029296875,747.26416015625,209.5517578125,211.7427978515625,0.9268286824226379
2918,908,3351,303.52825927734375,193.9119873046875,185.4617919921875,187.61456298828125,0.8072540760040283
2919,91,19607,688.9530029296875,299.77496337890625,157.6807861328125,149.641845703125,0.9819466471672058
2920,91,16548,121.24142456054688,866.209716796875,242.98455810546875,236.81396484375,0.9339158535003662
2921,91,27926,146.0868682861328,145.2132568359375,257.22337341308594,456.5205078125,0.9328634142875671
2922,91,1900,629.1956787109375,893.761962890625,212.3203125,135.3455810546875,0.5266131162643433
2923,910,29667,126.06231689453125,880.450927734375,233.01220703125,229.4072265625,0.8649650812149048
2924,910,25367,510.0938720703125,700.0809326171875,450.96826171875,445.586669921875,0.864193856716156
2925,910,3483,175.56988525390625,273.6533203125,261.48822021484375,220.46502685546875,0.8106177449226379
2926,910,27777,638.199951171875,294.80596923828125,176.775146484375,195.818603515625,0.7070561647415161
2927,912,29667,602.108154296875,162.10702514648438,218.2027587890625,213.73992919921875,0.8574275374412537
2928,912,27777,142.62924194335938,773.6546630859375,180.82757568359375,206.814208984375,0.81419438123703
2929,912,3483,535.1397705078125,779.355712890625,266.738037109375,224.92041015625,0.6915093660354614
2930,912,25367,31.078826904296875,110.67933654785156,435.89459228515625,416.44566345214844,0.33257240056991577
2931,914,3351,368.22747802734375,124.05097198486328,184.6087646484375,187.90148162841797,0.8862966299057007
2932,914,13900,554.12451171875,711.4842529296875,206.094482421875,246.849853515625,0.7364831566810608
2933,915,13900,593.625732421875,799.8582763671875,201.251220703125,242.048095703125,0.8639987707138062
2934,915,3351,410.1514892578125,180.6090087890625,185.17572021484375,180.92608642578125,0.8400362730026245
2935,916,27733,563.1148681640625,262.83489990234375,304.4781494140625,264.73760986328125,0.9435242414474487
2936,916,16232,141.10836791992188,892.0438232421875,196.54421997070312,194.4451904296875,0.934029221534729
2937,916,25367,502.8255310058594,681.413818359375,459.8684387207031,429.249267578125,0.833348274230957
2938,916,3483,123.475341796875,307.37347412109375,270.781494140625,199.72900390625,0.8284174203872681
2939,919,27733,562.8382568359375,262.4539794921875,302.418212890625,265.2930908203125,0.9326682686805725
2940,919,30308,493.4690246582031,677.8162841796875,372.4030456542969,438.4146728515625,0.8667030930519104
2941,919,3483,122.21160888671875,308.5396728515625,270.67974853515625,200.2882080078125,0.8224700689315796
2942,919,36637,98.92584228515625,882.3515625,271.43365478515625,179.4957275390625,0.8138877153396606
2943,920,27733,86.42214965820312,726.92724609375,323.58782958984375,283.51806640625,0.8193872570991516
2944,920,30308,126.45346069335938,122.61781311035156,360.119873046875,425.53758239746094,0.7982943058013916
2945,920,3483,578.8853759765625,758.4383544921875,276.536376953125,209.718505859375,0.7815560102462769
2946,920,36637,591.2718505859375,204.9269561767578,253.802001953125,166.95921325683594,0.36361441016197205
2947,923,20877,544.59326171875,294.92633056640625,328.345458984375,232.8995361328125,0.8782981634140015
2948,923,16262,107.98804473876953,835.31494140625,250.64214324951172,242.5152587890625,0.8497324585914612
2949,923,25367,537.7921142578125,707.3936767578125,438.2078857421875,455.2138671875,0.8414066433906555
2950,923,3483,141.957763671875,291.45367431640625,213.03253173828125,255.50457763671875,0.8169788122177124
2951,925,34597,486.58984375,625.14697265625,435.734619140625,458.08837890625,0.9454061985015869
2952,925,3483,151.74652099609375,220.12948608398438,244.28497314453125,220.7392578125,0.8692628145217896
2953,925,16232,143.29351806640625,901.110107421875,196.44107055664062,193.13671875,0.8336542844772339
2954,925,19861,637.8720703125,277.20294189453125,220.20947265625,168.70684814453125,0.4875359535217285
2955,927,34597,63.875885009765625,140.61041259765625,419.8323974609375,440.3697509765625,0.89344322681427
2956,927,19861,90.2501220703125,826.918212890625,228.67633056640625,175.8778076171875,0.8713886737823486
2957,927,16232,616.6075439453125,175.44732666015625,187.0518798828125,179.06829833984375,0.7680994868278503
2958,927,3483,572.3072509765625,838.18212890625,262.5858154296875,228.8935546875,0.757091224193573
2959,929,31885,31.211944580078125,40.59893798828125,409.11578369140625,490.43060302734375,0.9208675622940063
2960,929,3483,575.7164306640625,812.8139038085938,280.04296875,191.10791015625,0.7986458539962769
2961,929,16232,602.1378173828125,215.92230224609375,186.392578125,179.967529296875,0.7930816411972046
2962,929,25469,10.89544677734375,812.4307861328125,386.69549560546875,221.0889892578125,0.7553198337554932
2963,930,16232,161.89051818847656,855.8492431640625,195.97911071777344,193.5108642578125,0.9308635592460632
2964,930,3483,125.80999755859375,273.008056640625,269.701416015625,187.97784423828125,0.8047950863838196
2965,930,25469,571.110107421875,231.0684814453125,376.0595703125,219.40728759765625,0.6787506937980652
2966,930,31885,541.1925048828125,688.99658203125,427.20849609375,503.6282958984375,0.3289349675178528
2967,931,19607,163.72055053710938,918.4595947265625,161.176025390625,153.485595703125,0.988403856754303
2968,931,29345,574.596435546875,716.7333984375,324.220703125,422.8349609375,0.9041496515274048
2969,931,1900,178.56417846679688,270.201171875,130.29727172851562,198.4669189453125,0.7906773090362549
2970,931,16551,479.9998474121094,242.5778350830078,496.0001525878906,263.67466735839844,0.6312960386276245
2971,932,19607,129.543212890625,886.7735595703125,163.2877197265625,158.0380859375,0.9933890104293823
2972,932,29345,546.6168212890625,679.588134765625,329.9140625,428.3865966796875,0.9293047189712524
2973,932,16551,455.04254150390625,220.4857635498047,476.660888671875,269.17506408691406,0.8666467070579529
2974,932,1900,159.73065185546875,258.27459716796875,127.85836791992188,199.4327392578125,0.7545130252838135
2975,933,19607,666.84033203125,253.32684326171875,155.034912109375,151.4407958984375,0.9948182702064514
2976,933,16551,23.35992431640625,733.6605224609375,493.04693603515625,280.91162109375,0.8854956030845642
2977,933,29345,118.74073791503906,166.00604248046875,309.48973083496094,403.15985107421875,0.8415330052375793
2978,933,1900,686.8824462890625,806.8240966796875,131.55322265625,208.64794921875,0.7383571267127991
2979,936,4378,651.50439453125,703.5762939453125,224.567138671875,477.570556640625,0.9327038526535034
2980,936,2483,599.9718017578125,101.52862548828125,249.634033203125,457.75421142578125,0.8371133804321289
2981,936,25438,109.22293090820312,842.149658203125,263.8532409667969,268.59130859375,0.7679941654205322
2982,936,19552,116.91566467285156,186.59661865234375,313.49583435058594,503.67828369140625,0.7277631163597107
2983,937,4378,595.123779296875,703.7432861328125,233.776611328125,465.8734130859375,0.8587861061096191
2984,937,6192,125.45321655273438,91.5576171875,297.0928955078125,542.845703125,0.8044806122779846
2985,937,3743,129.86962890625,813.72412109375,337.48077392578125,330.696044921875,0.7292587161064148
2986,937,2483,622.5635375976562,76.1356201171875,194.2030029296875,461.58111572265625,0.5129086971282959
2987,938,3743,127.92097473144531,802.7608642578125,329.56333923339844,322.319091796875,0.8261798620223999
2988,938,4378,587.9813232421875,703.0987548828125,224.272705078125,450.6265869140625,0.755628764629364
2989,938,6192,123.10377502441406,71.5172119140625,300.14744567871094,526.8402099609375,0.7271981835365295
2990,938,2483,628.106201171875,32.23719787597656,202.46484375,482.68186950683594,0.7130666971206665
2991,940,16232,643.8436279296875,322.51031494140625,191.4520263671875,190.56268310546875,0.9231249094009399
2992,940,3351,421.4575500488281,898.95361328125,189.78219604492188,190.15283203125,0.8105032444000244
2993,940,18147,203.6408233642578,224.09710693359375,214.38584899902344,418.934814453125,0.6832135319709778
2994,941,16232,89.32581329345703,712.7760009765625,195.25286102294922,194.168212890625,0.8873593211174011
2995,941,18147,515.4837036132812,549.533447265625,216.3621826171875,444.9732666015625,0.8356232643127441
2996,941,3351,325.84149169921875,141.13992309570312,185.73846435546875,189.20236206054688,0.7769673466682434
2997,942,16232,132.78982543945312,800.7802734375,191.56057739257812,189.89013671875,0.9124239087104797
2998,942,3351,367.06640625,199.13853454589844,185.75726318359375,184.58436584472656,0.8016852736473083
2999,942,18147,554.1221313476562,641.95556640625,218.3917236328125,448.67578125,0.7896698713302612
3000,945,25367,629.6351318359375,643.1707763671875,319.440673828125,519.082763671875,0.8935102224349976
3001,945,3483,151.482666015625,220.00634765625,245.60064697265625,221.2598876953125,0.8711714148521423
3002,945,20238,112.96923065185547,856.7283935546875,228.21869659423828,225.95458984375,0.8598949313163757
3003,945,19861,636.8905029296875,278.7144775390625,222.5186767578125,168.08551025390625,0.4759742319583893
3004,947,28763,591.6651611328125,887.4267578125,224.3232421875,212.73388671875,0.9430802464485168
3005,947,16232,140.42648315429688,847.4549560546875,198.4864501953125,191.68994140625,0.9272616505622864
3006,947,27653,670.283203125,254.6907958984375,221.3515625,199.7197265625,0.8048349022865295
3007,947,3483,131.6957244873047,289.5289306640625,275.82167053222656,171.6802978515625,0.7648509740829468
3008,948,16232,648.4755859375,230.8134765625,192.39794921875,181.72149658203125,0.9027692675590515
3009,948,28763,185.55288696289062,178.4605712890625,210.5125732421875,202.06787109375,0.8976203799247742
3010,948,27653,95.01358032226562,852.655029296875,223.43218994140625,207.4154052734375,0.7934471964836121
3011,948,3483,585.0341796875,845.2605590820312,286.26123046875,167.1019287109375,0.7210856080055237
3012,949,20877,542.9500732421875,294.741455078125,328.96533203125,232.70416259765625,0.9118321537971497
3013,949,16262,107.77721405029297,835.3760986328125,250.37299346923828,243.430419921875,0.842787504196167
3014,949,3483,141.57830810546875,292.59375,212.5948486328125,255.491943359375,0.811223566532135
3015,949,30308,503.4377746582031,723.4945068359375,420.1137390136719,398.0068359375,0.8038858771324158
3016,95,29667,61.846343994140625,744.9774169921875,230.62338256835938,230.300048828125,0.8884034156799316
3017,95,3351,338.36279296875,183.5717010498047,181.819091796875,185.27577209472656,0.861020028591156
3018,95,32310,499.08233642578125,718.0150146484375,385.9136962890625,239.28173828125,0.34228163957595825
3019,950,30308,72.6610107421875,117.431640625,402.22039794921875,389.03643798828125,0.9078701138496399
3020,950,16262,601.5533447265625,189.19924926757812,238.3349609375,225.79693603515625,0.8821803331375122
3021,950,20877,84.60853576660156,725.3908081054688,331.50486755371094,241.7630615234375,0.8614681363105774
3022,950,3483,623.3045654296875,718.6697998046875,210.466064453125,270.689453125,0.8317468762397766
3023,951,20877,116.58636474609375,769.583251953125,331.53472900390625,230.285888671875,0.9541959166526794
3024,951,3483,649.551025390625,751.0200805664062,210.864990234375,267.9129638671875,0.8288419246673584
3025,951,16262,629.369384765625,190.9272003173828,245.9527587890625,232.90281677246094,0.7359258532524109
3026,951,30308,87.34829711914062,131.8974609375,411.91107177734375,397.899169921875,0.7158490419387817
3027,952,30308,563.238525390625,648.396728515625,387.973388671875,428.5318603515625,0.8314931988716125
3028,952,16262,166.0316162109375,835.072265625,250.33514404296875,241.16162109375,0.8171926736831665
3029,952,3483,125.5745849609375,272.53143310546875,269.86358642578125,189.672607421875,0.8077800869941711
3030,952,25469,571.4021606445312,230.61468505859375,375.86279296875,220.563720703125,0.6947097778320312
3031,953,16262,545.96142578125,190.4090576171875,238.57080078125,226.91650390625,0.8600127100944519
3032,953,30308,47.5830078125,159.12196350097656,371.7073974609375,416.79429626464844,0.8555659651756287
3033,953,3483,575.973388671875,812.0303955078125,279.484619140625,191.078857421875,0.7941745519638062
3034,953,25469,10.961212158203125,812.3037109375,387.260986328125,220.75927734375,0.7554187774658203
3035,954,3483,603.0167236328125,845.2135009765625,278.2230224609375,187.086181640625,0.8023178577423096
3036,954,30308,61.35467529296875,181.1793212890625,385.0621337890625,425.3902587890625,0.7981647849082947
3037,954,25469,49.338592529296875,856.51318359375,378.1204528808594,220.7181396484375,0.7688489556312561
3038,954,16262,573.0015258789062,194.236328125,245.475830078125,231.77069091796875,0.7498459219932556
3039,956,19607,141.13323974609375,862.9073486328125,159.45343017578125,154.5751953125,0.9953795671463013
3040,956,27926,598.4653930664062,674.30419921875,255.160400390625,481.234375,0.9330857396125793
3041,956,16551,594.267822265625,2.02301025390625,309.9703369140625,442.8315124511719,0.8681672811508179
3042,956,1900,156.27377319335938,249.94436645507812,204.69708251953125,126.53070068359375,0.7925252318382263
3043,957,19607,688.9090576171875,299.9376525878906,157.677490234375,149.14208984375,0.9899584650993347
3044,957,27926,147.1458740234375,145.03912353515625,256.030029296875,455.547119140625,0.9256054162979126
3045,957,16551,78.397216796875,785.7191162109375,315.0779724121094,493.60595703125,0.9056000113487244
3046,957,1900,628.366943359375,894.6417236328125,212.7532958984375,134.398681640625,0.5387988686561584
3047,962,19607,142.17181396484375,847.6461181640625,162.41116333007812,158.848388671875,0.9920182824134827
3048,962,16551,624.816650390625,108.04620361328125,282.166748046875,471.96685791015625,0.9290642142295837
3049,962,29451,473.2435302734375,778.15185546875,406.3172607421875,272.4814453125,0.9147686958312988
3050,962,1900,148.1041259765625,241.78924560546875,181.0677490234375,181.344970703125,0.5299867987632751
3051,966,16548,125.89839172363281,853.815185546875,244.62644958496094,235.749755859375,0.9529496431350708
3052,966,31705,132.94241333007812,127.95867919921875,244.93499755859375,421.73065185546875,0.9187904000282288
3053,966,1900,655.6602783203125,903.98876953125,214.318359375,147.6146240234375,0.8208392858505249
3054,966,18110,611.143798828125,217.02557373046875,300.66162109375,289.1380615234375,0.5426244735717773
3055,967,41768,126.4632568359375,301.2772216796875,258.99163818359375,295.6785888671875,0.9085745215415955
3056,967,3351,406.8890380859375,887.5606689453125,189.3900146484375,192.56591796875,0.839654803276062
3057,967,29667,589.0823974609375,306.0189208984375,227.159423828125,222.134033203125,0.4185441732406616
3058,968,29667,109.4059066772461,697.24609375,235.37671661376953,232.5528564453125,0.8486047983169556
3059,968,3351,341.83892822265625,154.65048217773438,184.7864990234375,188.47293090820312,0.8383927345275879
3060,97,19607,667.15673828125,253.67274475097656,154.716796875,151.14598083496094,0.9930631518363953
3061,97,16548,98.2618408203125,822.4031982421875,243.80496215820312,238.375,0.9352802634239197
3062,97,29345,119.15374755859375,165.78147888183594,309.2205810546875,405.11659240722656,0.8722628951072693
3063,97,1900,686.1219482421875,806.5107421875,131.4173583984375,208.315185546875,0.7622250318527222
3064,972,21771,124.56011962890625,774.824951171875,196.35357666015625,189.0009765625,0.9366362690925598
3065,972,27926,573.574462890625,628.7554931640625,257.4638671875,487.548828125,0.8592488765716553
3066,972,16551,571.3113403320312,15.289215087890625,330.0284423828125,434.7569274902344,0.802488386631012
3067,972,1900,140.7314453125,242.9526824951172,200.0001220703125,127.02137756347656,0.7753251791000366
3068,973,29345,609.53466796875,712.7930908203125,288.880126953125,447.1282958984375,0.9736924767494202
3069,973,21771,182.0567626953125,885.1864013671875,191.4923095703125,185.206787109375,0.9495929479598999
3070,973,1900,181.24942016601562,268.19732666015625,130.74380493164062,199.017333984375,0.8113945126533508
3071,973,16551,570.927734375,83.2894287109375,305.133056640625,469.7576904296875,0.8044127821922302
3072,974,29345,583.461669921875,676.813720703125,290.87109375,448.093505859375,0.9791964888572693
3073,974,21771,148.01202392578125,850.0472412109375,196.07598876953125,191.284912109375,0.9606590270996094
3074,974,16551,543.0798950195312,74.49147033691406,296.270751953125,458.88450622558594,0.8413795828819275
3075,974,1900,162.50137329101562,256.58740234375,127.7115478515625,199.4981689453125,0.7758657932281494
3076,975,29345,120.216552734375,155.43341064453125,273.038818359375,414.33709716796875,0.964686930179596
3077,975,16551,105.20768737792969,686.9471435546875,317.94679260253906,490.64111328125,0.9080004096031189
3078,975,1900,684.453857421875,808.6810302734375,130.41015625,208.882080078125,0.7619144320487976
3079,975,21771,617.2656860351562,251.98257446289062,187.9710693359375,180.47235107421875,0.6694682836532593
3080,979,22074,584.4429931640625,710.3583984375,188.33154296875,194.1959228515625,0.865982174873352
3081,979,3351,392.59136962890625,156.88336181640625,183.716064453125,188.29193115234375,0.7766197919845581
3082,980,22074,170.1945037841797,312.37384033203125,187.06105041503906,189.87176513671875,0.8732986450195312
3083,980,3351,353.462646484375,872.9146728515625,189.8861083984375,190.4677734375,0.7347606420516968
3084,982,23223,103.79629516601562,110.7740478515625,294.69378662109375,513.2718505859375,0.9348307251930237
3085,982,3743,115.98362731933594,838.998779296875,332.10218811035156,333.435302734375,0.8520819544792175
3086,982,13395,635.7591552734375,676.5208740234375,241.399658203125,515.1920166015625,0.8507997393608093
3087,982,2483,658.186279296875,111.38421630859375,220.7646484375,477.30352783203125,0.8051300644874573
3088,983,23223,97.86761474609375,82.64219665527344,300.82562255859375,505.61073303222656,0.9898859262466431
3089,983,3743,113.9539794921875,827.224853515625,326.4549560546875,323.116455078125,0.9117341637611389
3090,983,13395,627.6828002929688,675.156982421875,231.8824462890625,498.14892578125,0.8390991687774658
3091,983,2483,671.3258666992188,81.48565673828125,205.7269287109375,483.679443359375,0.8131309151649475
3092,984,2483,62.193695068359375,648.0946044921875,203.5289306640625,487.4122314453125,0.8048468232154846
3093,984,23223,538.4263916015625,611.392578125,297.6138916015625,510.8643798828125,0.799305260181427
3094,984,3743,498.3582763671875,126.75437927246094,312.5750732421875,301.49781799316406,0.7663663625717163
3095,984,13395,81.85269165039062,81.71647644042969,233.08468627929688,485.38465881347656,0.7038260698318481
3096,985,16548,576.5016479492188,188.50027465820312,231.3306884765625,223.040283203125,0.9173131585121155
3097,985,24850,115.80998992919922,737.9573974609375,201.40991973876953,285.755126953125,0.8897385597229004
3098,985,1900,138.51580810546875,219.48727416992188,202.74810791015625,148.635009765625,0.7900892496109009
3099,985,29451,521.7633056640625,803.7989501953125,423.135986328125,230.85302734375,0.5835721492767334
3100,986,24850,645.3642578125,260.65008544921875,191.47119140625,266.36578369140625,0.9154907464981079
3101,986,29451,48.34785461425781,232.77804565429688,399.72276306152344,226.78704833984375,0.856065034866333
3102,986,1900,630.724365234375,900.3203125,211.9248046875,154.885986328125,0.829993486404419
3103,988,22347,157.78189086914062,183.18408203125,206.81817626953125,197.4429931640625,0.8601546287536621
3104,988,36637,617.8623657226562,199.88037109375,267.6373291015625,151.77264404296875,0.8245959281921387
3105,988,3483,598.765869140625,869.528564453125,258.8740234375,228.4766845703125,0.774004340171814
3106,988,19861,124.35183715820312,863.5283203125,221.17733764648438,169.669921875,0.7685897350311279
3107,989,36637,590.7197265625,194.81712341308594,261.616455078125,152.66395568847656,0.8728812336921692
3108,989,22347,141.42080688476562,177.6573486328125,203.41140747070312,194.6090087890625,0.8657843470573425
3109,989,19861,88.45654296875,827.035888671875,229.1298828125,175.8154296875,0.8520449995994568
3110,989,3483,571.91162109375,839.8892822265625,261.720703125,227.748046875,0.7522522211074829
3111,990,22347,624.7183837890625,887.96826171875,216.460693359375,208.413818359375,0.8674299716949463
3112,990,3483,154.03329467773438,218.62237548828125,244.8531494140625,220.5853271484375,0.8638209104537964
3113,990,36637,93.189697265625,905.1605224609375,275.87353515625,167.7086181640625,0.741597056388855
3114,990,19861,639.4639892578125,278.30731201171875,220.523681640625,168.80419921875,0.4605165719985962
3115,991,16548,571.6201171875,221.19557189941406,232.7822265625,226.03746032714844,0.9398270845413208
3116,991,10221,583.8411254882812,774.69873046875,227.8741455078125,222.056396484375,0.9069316387176514
3117,991,3544,91.79944610595703,222.744140625,204.86095428466797,198.4906005859375,0.7267436981201172
3118,991,21026,99.90322875976562,821.6873779296875,180.3533935546875,178.51025390625,0.6464937925338745
3119,993,16548,599.6004028320312,234.07403564453125,237.7503662109375,224.07562255859375,0.9666114449501038
3120,993,10221,612.0275268554688,813.63623046875,224.6290283203125,215.882080078125,0.9608060121536255
3121,993,3544,107.65552520751953,232.67520141601562,210.06920623779297,200.10443115234375,0.7189393043518066
3122,993,21026,133.21737670898438,854.5826416015625,178.61941528320312,176.93359375,0.4196649193763733
3123,994,30308,506.4996337890625,753.4940185546875,392.4140625,427.655517578125,0.8279169201850891
3124,994,16262,117.4322509765625,845.6268310546875,249.23483276367188,243.0538330078125,0.8180679678916931
3125,994,27653,670.213134765625,254.76622009277344,221.416015625,200.34303283691406,0.8091124892234802
3126,994,3483,131.48483276367188,289.6614990234375,276.388916015625,171.76025390625,0.7648918032646179
3127,996,27653,95.15567016601562,852.3841552734375,222.22421264648438,207.235107421875,0.7952730059623718
3128,996,30308,109.50054931640625,75.67022705078125,390.24285888671875,420.82244873046875,0.7790939211845398
3129,996,16262,621.91259765625,182.3782196044922,243.56787109375,231.14234924316406,0.7772459983825684
3130,996,3483,584.981201171875,844.850830078125,286.4166259765625,167.627197265625,0.7317556738853455
3131,997,16551,588.8440551757812,63.71337890625,279.5208740234375,467.9456787109375,0.9392223358154297
3132,997,29451,457.75750732421875,807.1868896484375,425.4510498046875,224.2186279296875,0.7842181921005249
3133,997,21771,121.26953125,807.3824462890625,197.27392578125,186.63818359375,0.771645724773407
3134,997,1900,148.33282470703125,242.06251525878906,181.40682983398438,180.34934997558594,0.5263667702674866
3135,998,29451,489.425537109375,846.706787109375,412.9310302734375,218.55419921875,0.9246620535850525
3136,998,16551,616.8521118164062,68.048583984375,287.1400146484375,485.43603515625,0.8837788701057434
3137,998,1900,166.0257110595703,248.88270568847656,184.53880310058594,179.42356872558594,0.7388858795166016
3138,998,21771,154.6401824951172,839.9537353515625,194.71791076660156,184.734619140625,0.6202627420425415
3139,999,21771,642.2696533203125,290.6514892578125,189.63134765625,182.6956787109375,0.9382408857345581
3140,999,29451,105.97178649902344,235.49383544921875,404.89039611816406,219.3797607421875,0.9292647838592529
3141,999,1900,642.831298828125,847.5308837890625,190.995849609375,187.4912109375,0.8010632991790771
3142,999,16551,81.60137939453125,685.0751953125,294.45703125,501.81396484375,0.40252673625946045
