annotation_id,image_id,category_id,bbox_x,bbox_y,bbox_w,bbox_h,score
1,1,16551,557.3255615234375,72.35140991210938,398.1219482421875,400.20721435546875,0.9734097719192505
2,1,1900,157.58932495117188,250.271240234375,202.0511474609375,127.16412353515625,0.9620779752731323
3,1,27926,601.7844848632812,672.276123046875,254.708740234375,484.359130859375,0.9193299412727356
4,10,21771,642.6851196289062,289.3778076171875,188.4281005859375,182.150634765625,0.9815126657485962
5,10,1900,642.378173828125,844.966796875,189.3677978515625,187.94189453125,0.9589704871177673
6,10,29451,104.9844970703125,236.09713745117188,406.32440185546875,218.657958984375,0.9572675228118896
7,10,16548,103.13309478759766,806.5731201171875,242.76012420654297,237.5091552734375,0.9419868588447571
8,100,1900,135.48855590820312,244.7119903564453,188.57443237304688,162.14744567871094,0.9679893255233765
9,100,16548,587.4847412109375,130.72271728515625,231.640380859375,224.33468627929688,0.9613916873931885
10,100,33009,519.788330078125,791.13232421875,380.7120361328125,210.6689453125,0.8031980991363525
11,1003,16232,648.17724609375,185.24818420410156,191.368408203125,179.78160095214844,0.9429330825805664
12,1003,3483,607.555908203125,790.873291015625,273.2255859375,209.8828125,0.913558840751648
13,1003,34597,36.24275207519531,159.16033935546875,449.49522399902344,413.902587890625,0.9073490500450134
14,1003,27733,124.52841186523438,766.84130859375,314.27862548828125,276.166259765625,0.8364031314849854
15,1004,16232,141.8111572265625,891.6417236328125,196.05596923828125,194.307373046875,0.9629387259483337
16,1004,34597,510.2486572265625,660.5208740234375,456.537109375,433.43017578125,0.9518167972564697
17,1004,3483,123.73797607421875,304.82061767578125,269.7686767578125,202.0194091796875,0.9304102659225464
18,1004,27733,564.482666015625,259.96026611328125,299.7757568359375,267.914306640625,0.8799645900726318
19,1005,16232,620.1126708984375,179.89080810546875,186.430419921875,181.141845703125,0.9261528253555298
20,1005,3483,579.70849609375,758.961181640625,274.5516357421875,208.266845703125,0.8967469930648804
21,1005,27733,86.46337890625,726.2608642578125,321.0595703125,282.01416015625,0.7957105040550232
22,1005,34597,23.3717041015625,124.8255615234375,437.419677734375,422.6640625,0.5657188892364502
23,1006,25367,44.190032958984375,179.91546630859375,449.00347900390625,421.40631103515625,0.9553700089454651
24,1006,3483,602.3353271484375,845.4005126953125,277.1920166015625,187.1871337890625,0.8900936245918274
25,1006,20238,618.10693359375,195.275390625,224.968017578125,218.30859375,0.8597333431243896
26,1006,25469,49.04058837890625,857.0618896484375,377.3970947265625,221.7191162109375,0.7725685238838196
27,1007,25367,29.05340576171875,157.3830108642578,437.8333740234375,419.07933044433594,0.9394594430923462
28,1007,20238,590.535400390625,188.95285034179688,219.55029296875,216.10528564453125,0.9017518758773804
29,1007,3483,574.942626953125,810.5457763671875,279.8798828125,193.873779296875,0.8811227083206177
30,1007,25469,12.92291259765625,812.1856689453125,382.9925842285156,221.673095703125,0.7160727977752686
31,1009,3483,575.35546875,810.5848388671875,279.170654296875,193.427001953125,0.883720874786377
32,1009,16262,548.3475341796875,189.0359649658203,235.242919921875,227.90769958496094,0.8167998790740967
33,1009,22347,78.80282592773438,197.80535888671875,201.13272094726562,195.2960205078125,0.8053249716758728
34,1009,25469,12.890380859375,812.8824462890625,381.7889404296875,220.950927734375,0.6787764430046082
35,1010,3483,603.49267578125,844.7327880859375,276.17431640625,188.6424560546875,0.8865588903427124
36,1010,16262,574.3863525390625,194.61727905273438,241.733642578125,231.21405029296875,0.8750312924385071
37,1010,25469,48.27880859375,857.3109130859375,376.72650146484375,222.318115234375,0.7916969060897827
38,1010,22347,93.46832275390625,205.60867309570312,205.55819702148438,198.775146484375,0.7487367987632751
39,1012,27926,574.1475830078125,630.4464111328125,256.0673828125,486.0645751953125,0.9130990505218506
40,1012,1900,143.02877807617188,241.19219970703125,196.62042236328125,128.5831298828125,0.8956376910209656
41,1012,16548,613.7080078125,159.0919189453125,228.1104736328125,223.5211181640625,0.7874897718429565
42,1012,24850,138.32373046875,701.62646484375,185.3970947265625,296.164306640625,0.7489563822746277
43,1013,27926,145.50921630859375,144.58929443359375,257.18695068359375,454.53509521484375,0.9430414438247681
44,1013,16548,104.35733032226562,865.864990234375,242.94036865234375,237.7762451171875,0.9144543409347534
45,1013,24850,636.56103515625,272.64111328125,180.3544921875,280.4453125,0.8744321465492249
46,1013,1900,629.399658203125,892.6357421875,210.8056640625,133.9464111328125,0.5590810775756836
47,1014,16548,640.52197265625,164.50428771972656,236.606201171875,223.64744567871094,0.9608861207962036
48,1014,27926,602.0357666015625,673.25341796875,252.293212890625,482.22802734375,0.9277793765068054
49,1014,1900,156.99400329589844,251.38589477539062,202.75746154785156,126.56787109375,0.9083011746406555
50,1015,3483,653.2391357421875,749.894775390625,207.823486328125,268.685546875,0.9376804828643799
51,1015,35206,660.1904296875,172.75123596191406,225.374267578125,403.91844177246094,0.9057143926620483
52,1015,20877,118.94587707519531,766.2840576171875,328.04588317871094,231.3602294921875,0.8898005485534668
53,1015,30308,66.51080322265625,124.1239013671875,401.3984375,407.825439453125,0.7737504243850708
54,1016,3483,143.243896484375,293.4283447265625,209.6583251953125,255.0137939453125,0.9158368110656738
55,1016,35206,100.09771728515625,671.3375244140625,230.83697509765625,410.5125732421875,0.882541835308075
56,1016,20877,544.6973876953125,295.91754150390625,327.833251953125,232.4654541015625,0.8045228123664856
57,1016,30308,533.0272216796875,720.0848388671875,414.9083251953125,415.4954833984375,0.7060097455978394
58,1018,3483,122.24884033203125,305.00177001953125,271.1873779296875,202.20794677734375,0.9200476408004761
59,1018,27733,559.0318603515625,256.8353271484375,300.820556640625,263.83740234375,0.8766048550605774
60,1018,30308,445.08856201171875,745.6226806640625,470.503662109375,305.54052734375,0.8573611974716187
61,1018,29667,89.04183959960938,862.5919189453125,230.25079345703125,227.58935546875,0.8351934552192688
62,1019,27733,128.5121612548828,774.606689453125,314.59361267089844,277.24951171875,0.9086859822273254
63,1019,3483,608.517822265625,790.6309204101562,273.8701171875,211.63720703125,0.9063438773155212
64,1019,29667,667.5008544921875,181.966796875,227.521240234375,214.41864013671875,0.8688229322433472
65,1019,30308,95.39593505859375,212.87646484375,459.28778076171875,294.4603271484375,0.3506997227668762
66,102,16548,614.906494140625,136.26336669921875,239.291015625,226.91455078125,0.9724295139312744
67,102,1900,152.3558349609375,255.04576110839844,193.051513671875,160.85511779785156,0.9457948207855225
68,102,33009,549.646728515625,835.116943359375,376.169677734375,203.5802001953125,0.6426416039466858
69,102,18110,79.32498168945312,790.752685546875,306.3790283203125,292.5147705078125,0.40169262886047363
70,1020,3483,579.8550415039062,759.1829833984375,274.4239501953125,206.885986328125,0.898303210735321
71,1020,29667,639.1588745117188,177.803955078125,220.7047119140625,214.63385009765625,0.8727028369903564
72,1020,27733,93.73260498046875,731.204833984375,320.35565185546875,281.3826904296875,0.7752711772918701
73,1020,30308,75.91986083984375,190.42132568359375,456.06927490234375,293.5350341796875,0.7096937298774719
74,1022,29451,34.69805908203125,802.0364990234375,422.19110107421875,225.19873046875,0.9840179085731506
75,1022,16551,626.832763671875,26.834915161132812,280.6800537109375,462.83091735839844,0.9802179336547852
76,1022,33208,582.5257568359375,809.8680419921875,214.739501953125,204.9345703125,0.9687404036521912
77,1022,1900,148.20889282226562,241.93377685546875,180.66021728515625,179.942138671875,0.844240128993988
78,1023,29451,71.24420166015625,845.0843505859375,413.40625,215.9822998046875,0.990576982498169
79,1023,33208,610.0810546875,843.220458984375,209.227294921875,202.049560546875,0.9675058722496033
80,1023,1900,166.92959594726562,247.44906616210938,183.9398193359375,181.798095703125,0.962058424949646
81,1023,16551,656.2547607421875,27.43731689453125,286.9404296875,485.0809326171875,0.5028466582298279
82,1025,3483,143.15676879882812,291.76129150390625,210.59375,254.78692626953125,0.9185023903846741
83,1025,28763,643.0213012695312,862.2049560546875,223.9930419921875,211.8162841796875,0.8678951263427734
84,1025,20877,546.1544799804688,294.58544921875,327.1209716796875,233.7857666015625,0.8320598602294922
85,1025,16262,108.18572998046875,836.7696533203125,249.53903198242188,241.371337890625,0.8288030028343201
86,1026,3483,652.34912109375,750.8157958984375,208.720947265625,267.934814453125,0.9378485679626465
87,1026,20877,118.06869506835938,768.0336303710938,328.9281005859375,230.9217529296875,0.8879145979881287
88,1026,28763,136.56854248046875,207.065673828125,211.11199951171875,199.64093017578125,0.8454841375350952
89,1026,16262,629.6373291015625,191.44076538085938,243.50244140625,232.02154541015625,0.768051266670227
90,1027,3351,353.4986572265625,884.20849609375,190.087890625,191.275634765625,0.9793919920921326
91,1027,13900,190.96011352539062,286.06976318359375,197.60357666015625,233.356689453125,0.8072195649147034
92,1027,16232,600.7062377929688,262.3223876953125,187.97119140625,187.394775390625,0.39080363512039185
93,1028,3351,392.96539306640625,155.48892211914062,184.2548828125,189.773193359375,0.9674948453903198
94,1028,13900,553.6417236328125,708.5535278320312,207.5989990234375,248.027099609375,0.859666645526886
95,1029,3351,437.3326416015625,215.20263671875,182.22705078125,182.7957763671875,0.9623861312866211
96,1029,13900,594.1015625,796.61669921875,201.477783203125,246.150390625,0.8394405841827393
97,1030,3483,580.1810302734375,759.0986328125,274.781982421875,207.1878662109375,0.8990789651870728
98,1030,35206,572.8823852539062,119.25619506835938,247.646484375,379.74493408203125,0.8648584485054016
99,1030,27733,88.3814697265625,726.697998046875,319.529541015625,281.431396484375,0.8182144165039062
100,1030,34597,45.40496826171875,143.22039794921875,443.615966796875,414.7208251953125,0.5624982714653015
101,1034,3483,152.99844360351562,218.37728881835938,244.63397216796875,221.1639404296875,0.9233613610267639
102,1034,28763,647.747314453125,880.92041015625,224.1259765625,216.56298828125,0.8553619384765625
103,1034,36637,93.454345703125,907.8509521484375,275.004638671875,166.53271484375,0.6880112886428833
104,1034,19861,637.1427612304688,278.40789794921875,221.1925048828125,168.37188720703125,0.5540388226509094
105,1039,16262,574.3341064453125,193.9757080078125,242.755615234375,232.14337158203125,0.8870382308959961
106,1039,3483,602.9027099609375,845.45263671875,277.062744140625,187.37109375,0.8773176670074463
107,1039,28763,125.46209716796875,213.85935974121094,214.60861206054688,203.04884338378906,0.8256828784942627
108,1039,25469,47.986236572265625,856.7259521484375,378.0498962402344,223.55078125,0.7865487337112427
109,104,21325,617.8123168945312,759.430419921875,175.390380859375,230.4375,0.9714813232421875
110,104,18357,107.20111083984375,608.2267456054688,251.0048828125,372.136962890625,0.967743992805481
111,1041,3483,125.3931884765625,271.6817626953125,271.38299560546875,189.0760498046875,0.9082615971565247
112,1041,16262,167.38731384277344,834.1954345703125,249.65931701660156,241.5557861328125,0.8390833139419556
113,1041,28763,651.5545654296875,850.8663330078125,222.40625,216.1058349609375,0.8318193554878235
114,1041,25469,573.1470947265625,229.74298095703125,377.528564453125,221.6197509765625,0.6081418991088867
115,1043,18357,52.2808837890625,628.573974609375,271.59478759765625,352.829833984375,0.9743136763572693
116,1043,35206,514.61376953125,607.6134033203125,241.5655517578125,412.43701171875,0.6896771788597107
117,1044,18357,93.22872924804688,723.342529296875,270.3619384765625,352.284912109375,0.9764195680618286
118,1044,3351,352.66571044921875,227.80438232421875,185.91949462890625,182.25762939453125,0.9700506329536438
119,1044,35206,551.6697387695312,702.4173583984375,239.66455078125,409.67236328125,0.47825947403907776
120,1045,3483,625.5390625,719.2158203125,207.521728515625,269.696044921875,0.9329727292060852
121,1045,28763,133.92007446289062,210.4276580810547,209.65719604492188,203.43470764160156,0.8630033135414124
122,1045,20877,41.73052978515625,755.2567138671875,327.937744140625,251.10693359375,0.8473594188690186
123,1045,29667,596.44775390625,176.79359436035156,217.68017578125,216.91331481933594,0.7707987427711487
124,1046,3483,651.9405517578125,751.13671875,209.054443359375,268.913818359375,0.9412591457366943
125,1046,29667,623.7786254882812,180.59930419921875,223.0947265625,217.6402587890625,0.890603244304657
126,1046,20877,73.000244140625,800.1256103515625,327.9354553222656,239.4951171875,0.8757907748222351
127,1046,28763,150.98648071289062,222.44277954101562,212.06585693359375,202.85595703125,0.7905840277671814
128,1047,3483,143.59083557128906,291.4627685546875,210.10374450683594,254.3497314453125,0.9213421940803528
129,1047,20877,592.2222900390625,259.81951904296875,320.548583984375,240.0596923828125,0.85395747423172
130,1047,28763,625.7608642578125,843.7279052734375,224.195556640625,214.398193359375,0.7973918914794922
131,1047,29667,134.032958984375,862.1942138671875,229.08477783203125,227.1507568359375,0.7845820784568787
132,1050,22362,608.765380859375,778.697265625,253.356201171875,408.304931640625,0.94630366563797
133,1050,2483,651.436767578125,84.93768310546875,195.55224609375,485.161865234375,0.8452914357185364
134,1050,22627,92.63209533691406,176.23695373535156,338.54368591308594,466.15611267089844,0.8084554672241211
135,1050,5094,137.10726928710938,847.8800048828125,277.3560791015625,273.731201171875,0.6127094030380249
136,1051,4378,141.34622192382812,105.22099304199219,210.61672973632812,441.70863342285156,0.9348839521408081
137,1051,2483,91.25497436523438,676.5360107421875,228.65377807617188,478.832763671875,0.8230710625648499
138,1051,5094,552.422119140625,189.84263610839844,269.763427734375,268.59864807128906,0.8003817796707153
139,1051,23223,486.4735412597656,661.262451171875,388.2455749511719,463.745361328125,0.7576611042022705
140,1053,23223,74.28353881835938,80.660888671875,382.4561767578125,456.91650390625,0.9415863752365112
141,1053,2483,619.440673828125,52.865966796875,217.21337890625,481.158935546875,0.9268102645874023
142,1053,4378,590.6280517578125,700.403076171875,217.071044921875,451.3314208984375,0.794543445110321
143,1053,5094,104.94598388671875,800.8834228515625,278.36383056640625,275.7783203125,0.779278039932251
144,1055,31885,56.554962158203125,32.77972412109375,424.4169921875,486.00103759765625,0.9340091347694397
145,1055,3483,570.2131958007812,766.8995361328125,277.323486328125,204.176025390625,0.9111343622207642
146,1055,29667,646.744384765625,184.77960205078125,219.9049072265625,214.4227294921875,0.8336659073829651
147,1055,27733,82.20571899414062,731.0909423828125,326.29718017578125,272.016845703125,0.6647211909294128
148,1056,31885,70.53410339355469,54.62103271484375,439.09449768066406,484.95867919921875,0.9793487787246704
149,1056,3483,600.10498046875,799.6272583007812,273.5906982421875,207.5760498046875,0.9119498133659363
150,1056,27733,119.42373657226562,775.7396240234375,318.40496826171875,267.9136962890625,0.8150656223297119
151,1056,29667,674.8701171875,188.7144775390625,227.8809814453125,215.6353759765625,0.8110153079032898
152,1057,4378,640.8619384765625,701.7525634765625,224.67529296875,456.48583984375,0.9748920798301697
153,1057,12778,84.16902160644531,76.98243713378906,328.79637145996094,498.45982360839844,0.9511969685554504
154,1057,2483,615.4819946289062,61.95892333984375,234.2698974609375,475.59893798828125,0.9042510986328125
155,1057,25438,111.01763916015625,829.3203125,254.95742797851562,254.4058837890625,0.9024608135223389
156,1058,4378,653.0477294921875,702.8544921875,219.980712890625,475.2322998046875,0.9900181293487549
157,1058,12778,81.3216552734375,105.2635498046875,333.5770263671875,503.95556640625,0.9726113080978394
158,1058,2483,600.8927001953125,106.30615234375,246.546630859375,452.41094970703125,0.9049304723739624
159,1058,25438,111.3538818359375,840.9071044921875,261.5079650878906,267.1566162109375,0.8751646280288696
160,1060,22627,532.4501953125,642.3731689453125,353.9722900390625,472.4398193359375,0.9722260236740112
161,1060,25438,557.6131591796875,204.6364288330078,246.60986328125,252.79844665527344,0.9263065457344055
162,1060,13395,112.24826049804688,46.40338134765625,245.32302856445312,486.99188232421875,0.9226066470146179
163,1060,2483,115.54812622070312,676.6409912109375,213.2083740234375,497.412841796875,0.8563293814659119
164,1064,34597,60.4298095703125,134.47662353515625,454.12353515625,413.739013671875,0.9698067307472229
165,1064,3483,602.8330078125,844.8306884765625,276.7626953125,187.786376953125,0.8779987096786499
166,1064,20238,618.966796875,195.00604248046875,224.203857421875,217.72216796875,0.8495276570320129
167,1064,25469,49.095489501953125,857.1094970703125,375.8538818359375,221.88916015625,0.7969771027565002
168,1065,34597,483.3309631347656,689.0123291015625,466.5795593261719,428.9791259765625,0.9570515751838684
169,1065,3483,125.63836669921875,271.764892578125,270.9620361328125,190.1314697265625,0.9040886163711548
170,1065,20238,138.5515594482422,849.0308837890625,232.37635803222656,227.28564453125,0.8951327800750732
171,1065,25469,572.7841796875,231.8050537109375,375.497802734375,219.504150390625,0.632344663143158
172,1067,31885,556.9146118164062,668.7373046875,403.5120849609375,535.35400390625,0.9526297450065613
173,1067,16262,116.99249267578125,845.3043212890625,247.95913696289062,242.640869140625,0.8894902467727661
174,1067,3483,131.07077026367188,289.5987548828125,278.16546630859375,173.2734375,0.868706226348877
175,1067,27653,671.19189453125,256.6991271972656,222.19580078125,198.71160888671875,0.5659281015396118
176,1069,21771,117.17459106445312,204.35923767089844,189.4454345703125,184.46559143066406,0.989059329032898
177,1069,1900,621.5186767578125,888.190185546875,209.4619140625,141.927001953125,0.9577857255935669
178,1069,21026,136.2281494140625,867.483642578125,181.27337646484375,178.57080078125,0.6363579630851746
179,1070,21771,687.982421875,883.5355224609375,196.611572265625,194.2025146484375,0.9934927821159363
180,1070,16548,102.344970703125,863.2723388671875,240.5506591796875,238.5458984375,0.9587265253067017
181,1070,21026,671.6815185546875,272.5538330078125,180.213623046875,172.666748046875,0.7650723457336426
182,1070,1900,174.7101593017578,279.99298095703125,200.61582946777344,139.8760986328125,0.28128817677497864
183,1073,36637,637.525634765625,177.2606964111328,180.266845703125,242.31394958496094,0.9505314230918884
184,1073,3483,536.7689208984375,778.203125,265.8726806640625,225.5,0.8834596276283264
185,1073,22347,115.72314453125,199.8150634765625,202.63006591796875,192.95361328125,0.7703418135643005
186,1073,27777,143.51177978515625,774.6429443359375,180.02822875976562,203.903564453125,0.7161747813224792
187,1075,29871,601.991455078125,770.982421875,206.8480224609375,227.035400390625,0.9813442230224609
188,1075,3544,102.77300262451172,160.48094177246094,203.36902618408203,200.50538635253906,0.9734947085380554
189,1075,16551,96.241455078125,592.8419189453125,334.09368896484375,463.1241455078125,0.9700793623924255
190,1076,3544,670.930419921875,898.4632568359375,214.2823486328125,213.7626953125,0.9770867228507996
191,1076,29871,168.0526580810547,276.9631652832031,206.50025939941406,212.65545654296875,0.9723038673400879
192,1076,16551,536.390625,195.84877014160156,327.223388671875,435.54771423339844,0.9612278938293457
193,1077,16551,127.02935791015625,642.381591796875,335.03216552734375,459.744384765625,0.9638544321060181
194,1077,4543,640.493408203125,142.49493408203125,207.94677734375,202.42572021484375,0.962932288646698
195,1077,29871,632.4147338867188,806.185302734375,202.5020751953125,221.94775390625,0.9573087096214294
196,1077,3544,117.04920196533203,166.2960205078125,209.41777801513672,202.39837646484375,0.48523303866386414
197,1079,3483,648.2407836914062,754.369873046875,210.78662109375,268.052001953125,0.9140612483024597
198,1079,20877,70.27197265625,798.6407470703125,327.971435546875,243.341552734375,0.8721716403961182
199,1079,29667,625.204345703125,183.31149291992188,223.40576171875,217.1829833984375,0.8503942489624023
200,1079,22347,119.1500244140625,219.42031860351562,204.87234497070312,196.38800048828125,0.8310570120811462
201,108,12778,111.01419067382812,52.98046875,287.143310546875,520.2703857421875,0.926028847694397
202,108,25438,144.04763793945312,843.089599609375,255.62310791015625,256.29833984375,0.9172202944755554
203,108,2483,601.958251953125,83.30650329589844,247.32568359375,473.53089904785156,0.8783681392669678
204,1080,3483,623.1793212890625,722.523681640625,207.80859375,268.82470703125,0.9416744112968445
205,1080,20877,39.29864501953125,755.4491577148438,328.508544921875,251.227294921875,0.8791852593421936
206,1080,22347,103.8001708984375,211.79150390625,199.97921752929688,193.3516845703125,0.835545539855957
207,1080,29667,598.1138916015625,181.60670471191406,217.705810546875,216.13267517089844,0.7805132269859314
208,1081,44199,91.31402587890625,183.91265869140625,258.31512451171875,230.35174560546875,0.9819750189781189
209,1081,1900,607.7244873046875,898.3470458984375,210.325439453125,139.933837890625,0.9486790299415588
210,1081,21026,125.51739501953125,863.611083984375,179.49169921875,179.3486328125,0.7071448564529419
211,1085,25367,32.25250244140625,129.43829345703125,447.437744140625,411.62701416015625,0.9739037752151489
212,1085,16232,627.899169921875,220.93492126464844,186.3609619140625,182.95069885253906,0.9394665956497192
213,1085,3483,625.8531494140625,717.9592895507812,207.9232177734375,269.5625,0.9335477352142334
214,1085,20877,86.61030578613281,726.0619506835938,328.96080017089844,240.29150390625,0.84490966796875
215,1087,16551,86.09506225585938,591.0458984375,297.631103515625,483.4775390625,0.9718306660652161
216,1087,3544,135.06985473632812,175.86395263671875,201.29287719726562,199.28497314453125,0.9705197811126709
217,1087,10221,623.394775390625,205.22674560546875,216.9227294921875,214.19317626953125,0.635130763053894
218,1087,31705,570.8817138671875,676.7003173828125,257.661376953125,449.72705078125,0.5019950866699219
219,1089,10221,106.4691162109375,833.30029296875,230.17764282226562,225.028076171875,0.9850430488586426
220,1089,3544,633.828125,884.9520263671875,215.8035888671875,215.389404296875,0.9710257649421692
221,1089,16551,582.2801513671875,182.0066680908203,292.5172119140625,455.20042419433594,0.9692529439926147
222,1089,31705,151.3995819091797,147.71783447265625,251.24720764160156,421.22796630859375,0.6283764243125916
223,109,3483,151.71356201171875,218.55636596679688,245.77691650390625,221.21124267578125,0.9226882457733154
224,109,25367,578.9878540039062,714.805908203125,391.1412353515625,501.2293701171875,0.914730966091156
225,109,35206,109.511474609375,775.1094970703125,300.7655029296875,389.6048583984375,0.8538880944252014
226,109,19861,637.8333740234375,278.67724609375,220.283203125,168.51806640625,0.5817326307296753
227,1092,1900,651.7057495117188,849.58935546875,209.3734130859375,159.2047119140625,0.9250878691673279
228,1092,44199,135.27676391601562,243.27171325683594,240.83465576171875,229.88563537597656,0.8801379203796387
229,1092,33009,569.0126953125,216.7540283203125,324.777099609375,288.9873046875,0.865978479385376
230,1093,34597,500.7518005371094,692.5445556640625,463.8049621582031,436.14453125,0.9768567681312561
231,1093,3483,152.00637817382812,218.08734130859375,244.9654541015625,221.39892578125,0.9244524240493774
232,1093,16262,101.16925048828125,851.0557861328125,248.5384521484375,240.401611328125,0.7017492055892944
233,1093,19861,637.599609375,278.517333984375,220.41552734375,168.6986083984375,0.6626901030540466
234,1095,34597,48.16363525390625,123.4222412109375,446.95611572265625,417.137939453125,0.9142999649047852
235,1095,3483,600.88623046875,866.4400634765625,259.2626953125,231.0439453125,0.8964453935623169
236,1095,16262,637.8016357421875,176.89500427246094,245.21484375,232.26722717285156,0.8087366819381714
237,1095,19861,125.54348754882812,864.34521484375,221.85174560546875,170.6767578125,0.7502927184104919
238,1096,6563,164.95950317382812,671.894775390625,222.2584228515625,364.7197265625,0.9790575504302979
239,1096,27993,549.18359375,777.5670166015625,310.478271484375,240.18603515625,0.950786828994751
240,1096,3544,92.03985595703125,196.71304321289062,203.63568115234375,199.1890869140625,0.8902262449264526
241,1096,16551,480.66119384765625,118.1661376953125,448.9578857421875,319.45111083984375,0.835040807723999
242,1097,6563,196.55621337890625,713.7012939453125,218.94329833984375,357.845703125,0.972923755645752
243,1097,27993,576.8953857421875,812.6195068359375,306.21875,234.59619140625,0.9727094173431396
244,1097,16551,506.9307861328125,127.8267822265625,459.790283203125,324.6163330078125,0.891956090927124
245,1098,3544,677.942626953125,861.0364990234375,215.6455078125,213.11328125,0.9725388884544373
246,1098,6563,582.3311767578125,231.86724853515625,212.4998779296875,338.24346923828125,0.9411699175834656
247,1098,16551,23.068695068359375,790.5111083984375,466.74505615234375,339.06396484375,0.8912468552589417
248,110,25367,40.2054443359375,48.7076416015625,386.0499267578125,483.680908203125,0.9362821578979492
249,110,3483,601.2154541015625,865.6611328125,258.898681640625,231.574462890625,0.905879557132721
250,110,35206,584.907958984375,96.8701171875,284.8436279296875,377.254638671875,0.8006550073623657
251,110,19861,125.29559326171875,864.260498046875,222.41683959960938,170.96630859375,0.7726926803588867
252,1100,36637,637.588623046875,178.83311462402344,180.06689453125,241.37818908691406,0.9554231762886047
253,1100,31885,56.66973876953125,97.50927734375,413.96185302734375,491.690185546875,0.9318515658378601
254,1100,3483,537.278076171875,778.218505859375,265.6607666015625,224.830078125,0.8875854015350342
255,1100,27777,144.06271362304688,773.7545776367188,179.70700073242188,203.9373779296875,0.7129007577896118
256,1101,31885,67.01541137695312,121.54920959472656,435.21807861328125,492.71177673339844,0.9722417593002319
257,1101,36637,666.730224609375,181.80783081054688,184.75927734375,247.15716552734375,0.9388021230697632
258,1101,3483,564.7562255859375,812.500732421875,264.447021484375,220.6129150390625,0.8834360837936401
259,1101,27777,176.29371643066406,809.74658203125,176.73497009277344,199.0650634765625,0.6752392649650574
260,1105,3483,609.8197021484375,790.0931396484375,273.10791015625,212.448974609375,0.9045071005821228
261,1105,22347,112.17581176757812,212.55120849609375,204.10113525390625,197.88836669921875,0.8734408617019653
262,1105,35206,597.6553955078125,126.67878723144531,259.0438232421875,388.83616638183594,0.8674250245094299
263,1105,27733,122.48724365234375,766.71484375,315.55908203125,278.5008544921875,0.802850067615509
264,1109,28763,140.49075317382812,224.1796875,211.61920166015625,202.83551025390625,0.9125771522521973
265,1109,3483,585.224365234375,846.02392578125,284.974609375,167.3260498046875,0.8632360100746155
266,1109,16262,621.947021484375,180.0840301513672,243.501708984375,233.35511779785156,0.6936841607093811
267,1109,27653,95.79977416992188,852.845458984375,221.31442260742188,207.068115234375,0.6212323904037476
268,1111,28763,115.42031860351562,187.25694274902344,207.7060546875,199.93653869628906,0.9207959175109863
269,1111,3483,558.321533203125,811.9913330078125,286.286376953125,174.199462890625,0.8967819809913635
270,1111,29667,603.5101318359375,175.26341247558594,218.5115966796875,214.06471252441406,0.7895681858062744
271,1111,27653,60.324432373046875,810.492919921875,223.7001953125,210.242431640625,0.7039732933044434
272,1114,3483,130.80825805664062,289.66986083984375,277.32244873046875,173.015625,0.8720487356185913
273,1114,35206,108.84664916992188,687.3836669921875,197.60205078125,417.728759765625,0.7986944317817688
274,1114,30308,557.7645263671875,695.2291259765625,405.0675048828125,422.1549072265625,0.5745955109596252
275,1114,27653,669.80615234375,256.3175048828125,223.402099609375,197.4664306640625,0.5551580786705017
276,1115,30308,39.93341064453125,125.41949462890625,377.1441345214844,404.05877685546875,0.8899855613708496
277,1115,35206,651.39599609375,142.8311767578125,196.057373046875,396.76416015625,0.8876795172691345
278,1115,3483,559.384521484375,812.1903076171875,286.2188720703125,173.283447265625,0.8862618207931519
279,1115,27653,60.94005584716797,811.053955078125,224.14710235595703,210.5120849609375,0.7287812829017639
280,1116,30308,53.09715270996094,143.16119384765625,393.53907775878906,412.47943115234375,0.9020479917526245
281,1116,35206,680.537353515625,154.85572814941406,199.76171875,406.84593200683594,0.8805319666862488
282,1116,3483,585.1942138671875,846.0894775390625,285.17578125,167.1741943359375,0.862198531627655
283,1116,27653,95.93539428710938,852.49462890625,220.98977661132812,207.260986328125,0.6308197379112244
284,1118,29871,197.97189331054688,240.19647216796875,170.40008544921875,231.311767578125,0.9749435186386108
285,1118,3544,676.2288818359375,858.827392578125,216.9779052734375,213.489501953125,0.9686228632926941
286,1118,6563,586.7520141601562,235.8076934814453,213.8155517578125,339.36607360839844,0.9421986937522888
287,1119,6563,193.32461547851562,708.8311767578125,217.74932861328125,356.82373046875,0.9728824496269226
288,1119,3544,109.01348876953125,206.60971069335938,207.70379638671875,201.75054931640625,0.9574621319770813
289,1119,16548,645.3026733398438,145.63519287109375,234.9312744140625,227.64154052734375,0.9482391476631165
290,1119,1900,633.88818359375,825.3109130859375,170.04052734375,240.2578125,0.4143405556678772
291,112,3544,126.85467529296875,235.7713623046875,207.13397216796875,200.052978515625,0.9768086671829224
292,112,16551,155.177490234375,586.2877197265625,307.16082763671875,468.5162353515625,0.9703474640846252
293,112,10221,631.9190673828125,201.81781005859375,226.625732421875,214.0921630859375,0.7096579670906067
294,112,33009,564.3790283203125,810.0687255859375,367.9755859375,208.25390625,0.5838990807533264
295,1121,3483,125.697265625,271.7818603515625,271.41485595703125,187.74725341796875,0.9051741361618042
296,1121,28763,621.53759765625,859.22314453125,219.77978515625,214.98828125,0.8701741695404053
297,1121,29667,137.72190856933594,871.9188232421875,230.20399475097656,227.7884521484375,0.8556704521179199
298,1121,25469,575.6180419921875,190.36026000976562,327.861328125,282.8861083984375,0.5785290598869324
299,1123,25367,488.3615417480469,666.0234375,461.2290344238281,436.854736328125,0.9345683455467224
300,1123,3483,122.603515625,304.9001159667969,270.7633056640625,202.2818603515625,0.9244393110275269
301,1123,27733,564.9482421875,260.4129638671875,299.39111328125,268.001220703125,0.860301673412323
302,1123,16262,150.6356964111328,803.19140625,250.33116149902344,240.7275390625,0.832972526550293
303,1125,25367,64.89056396484375,161.82789611816406,448.2755126953125,421.05760192871094,0.9533721208572388
304,1125,3483,607.8628540039062,790.8060302734375,273.378173828125,211.820068359375,0.9116268754005432
305,1125,16262,590.3035888671875,226.68621826171875,242.68212890625,230.3365478515625,0.8219007253646851
306,1125,27733,122.94847106933594,767.4227294921875,315.30128479003906,276.7625732421875,0.7935869097709656
307,1126,31885,512.517822265625,727.7017822265625,461.939208984375,475.6888427734375,0.9760579466819763
308,1126,3483,144.1215057373047,291.62457275390625,210.30677795410156,255.3828125,0.9100198745727539
309,1126,20877,546.7747802734375,294.19989013671875,326.704833984375,233.88397216796875,0.8802297711372375
310,1126,16262,109.23711395263672,834.24169921875,249.05841827392578,242.4671630859375,0.8550313115119934
311,1129,3483,122.58682250976562,304.937744140625,270.65618896484375,201.8089599609375,0.9162737727165222
312,1129,22347,681.965576171875,826.298095703125,213.656982421875,206.9873046875,0.9162147045135498
313,1129,20238,113.30008697509766,853.629638671875,231.86840057373047,227.338134765625,0.8935115337371826
314,1129,27733,564.2705078125,259.61810302734375,300.3702392578125,267.670166015625,0.8819494843482971
315,113,3544,658.7863159179688,833.6505126953125,212.7052001953125,210.7891845703125,0.9813665151596069
316,113,16551,533.40234375,230.19915771484375,301.3466796875,456.9063720703125,0.9726430773735046
317,113,10221,124.25091552734375,843.9888916015625,231.45321655273438,226.8846435546875,0.844135046005249
318,113,33009,78.21446228027344,267.95013427734375,360.37452697753906,223.5445556640625,0.7244310975074768
319,1135,1900,150.9527587890625,253.99615478515625,196.64013671875,161.93524169921875,0.9738833904266357
320,1135,33009,549.7637939453125,837.0892333984375,374.8233642578125,198.56298828125,0.6882852911949158
321,1135,18110,78.63531494140625,792.935302734375,307.85565185546875,289.800537109375,0.6432192325592041
322,1135,16551,608.05419921875,56.364990234375,283.6734619140625,484.7806396484375,0.5819129347801208
323,1136,1900,643.066650390625,855.4246826171875,205.91943359375,171.1630859375,0.9697564840316772
324,1136,16551,92.19580078125,699.31396484375,295.11077880859375,501.327392578125,0.9635427594184875
325,1136,33009,85.6669921875,257.70721435546875,369.8565673828125,209.1719970703125,0.7686964273452759
326,1136,18110,610.757080078125,222.8708038330078,298.805908203125,284.25108337402344,0.7405228614807129
327,1138,20238,596.4713134765625,174.73974609375,217.3226318359375,212.89031982421875,0.8883159160614014
328,1138,3483,561.2540283203125,812.4502563476562,285.12939453125,172.2071533203125,0.8826987743377686
329,1138,34597,31.600250244140625,83.92912292480469,372.15765380859375,483.31007385253906,0.8386306166648865
330,1138,27653,63.6668701171875,811.246826171875,223.58511352539062,210.365234375,0.6779624819755554
331,114,16551,122.23097229003906,536.471435546875,314.34544372558594,479.252197265625,0.9786540865898132
332,114,3544,110.933349609375,224.48036193847656,203.22186279296875,199.34715270996094,0.9307633638381958
333,114,33009,534.351806640625,763.5302734375,374.7408447265625,225.646484375,0.646078884601593
334,114,10221,604.6064453125,193.73916625976562,220.897705078125,213.169189453125,0.4108855426311493
335,1140,3483,586.27197265625,845.6622314453125,285.401123046875,167.14990234375,0.8927263021469116
336,1140,20238,624.0888671875,175.8131866455078,223.6405029296875,218.08189392089844,0.8868364095687866
337,1140,34597,44.540618896484375,114.3463134765625,382.20849609375,481.09375,0.8517078757286072
338,1140,27653,97.37638092041016,852.4737548828125,220.33794403076172,206.94677734375,0.6550201773643494
339,1141,25438,557.9383544921875,195.33447265625,247.2181396484375,252.69561767578125,0.9425548315048218
340,1141,2483,68.14572143554688,650.664306640625,301.8185119628906,451.6937255859375,0.899999737739563
341,1141,12081,65.48263549804688,117.8836669921875,227.04019165039062,425.65087890625,0.836397111415863
342,1141,23223,570.1304931640625,570.625,303.623291015625,506.489501953125,0.7961443662643433
343,1142,23223,67.47128295898438,134.61341857910156,294.38775634765625,499.22386169433594,0.9633426666259766
344,1142,25438,122.26710510253906,820.7808837890625,256.85606384277344,253.60888671875,0.918254554271698
345,1142,12081,646.0922241210938,704.2894287109375,242.0135498046875,447.0980224609375,0.7732175588607788
346,1143,23223,68.0560302734375,168.87969970703125,296.4403381347656,494.56121826171875,0.957745373249054
347,1143,25438,124.70745849609375,832.402587890625,260.4979248046875,267.384033203125,0.8980366587638855
348,1143,2483,565.454345703125,152.68194580078125,300.22998046875,434.24749755859375,0.8397395014762878
349,1143,12081,653.813232421875,704.877685546875,251.531494140625,465.641357421875,0.8282558917999268
350,1144,31885,55.49017333984375,181.60009765625,441.52655029296875,474.3795166015625,0.9822973012924194
351,1144,3483,603.05615234375,844.860595703125,276.5411376953125,186.8134765625,0.8842967748641968
352,1144,16262,575.1104736328125,194.4788055419922,240.794677734375,231.50477600097656,0.8532165288925171
353,1144,25469,48.85589599609375,856.89453125,376.9378662109375,222.3323974609375,0.799458384513855
354,1148,16232,147.05377197265625,731.785400390625,194.39645385742188,191.064208984375,0.9698259830474854
355,1148,3351,384.0230712890625,159.14382934570312,185.505859375,188.77581787109375,0.9615753293037415
356,1148,41768,555.7403564453125,631.421875,269.3006591796875,306.2696533203125,0.6400758028030396
357,1149,3351,427.38623046875,220.59036254882812,184.8406982421875,182.64825439453125,0.9640854597091675
358,1149,16232,188.6349639892578,819.9969482421875,193.40818786621094,190.9921875,0.9323859214782715
359,1149,41768,600.515625,720.8223876953125,261.8720703125,308.920654296875,0.6916122436523438
360,115,36637,100.92800903320312,882.7489013671875,267.6042785644531,177.0244140625,0.9437929391860962
361,115,3483,122.31756591796875,305.48394775390625,271.2757568359375,201.1163330078125,0.9257237911224365
362,115,25367,493.55322265625,642.7335205078125,424.4766845703125,469.025390625,0.9018271565437317
363,115,27733,557.9501342773438,256.28204345703125,302.19921875,263.19256591796875,0.8565177321434021
364,1150,34597,84.06892395019531,56.61419677734375,402.55162048339844,459.89080810546875,0.9065259695053101
365,1150,3483,564.6732788085938,812.704833984375,264.5146484375,221.181640625,0.8849284052848816
366,1150,29667,631.1677856445312,164.76058959960938,222.0880126953125,213.6156005859375,0.7987481355667114
367,1150,27777,176.01010131835938,809.8670043945312,176.172119140625,198.833740234375,0.6715521812438965
368,1153,16232,645.7313842773438,175.1573944091797,190.2940673828125,187.23329162597656,0.9260545969009399
369,1153,3483,601.087890625,865.114501953125,259.129150390625,232.219482421875,0.9038904905319214
370,1153,22347,144.91461181640625,209.43679809570312,205.50668334960938,197.3756103515625,0.8733758330345154
371,1153,19861,125.96966552734375,864.7947998046875,221.216552734375,170.05419921875,0.6876762509346008
372,1154,16232,618.2191772460938,173.803955078125,184.7906494140625,178.63189697265625,0.9288269877433777
373,1154,3483,573.2154541015625,838.0042724609375,261.3897705078125,227.982421875,0.9021182060241699
374,1154,22347,128.67575073242188,201.0488739013672,199.25164794921875,194.55763244628906,0.8111382126808167
375,1154,19861,90.85330200195312,828.2880859375,226.80136108398438,175.525634765625,0.7940434813499451
376,1155,16232,145.14822387695312,900.2296142578125,194.45242309570312,190.7091064453125,0.9420642256736755
377,1155,3483,152.53460693359375,218.43348693847656,244.75860595703125,221.01206970214844,0.9247074127197266
378,1155,22347,642.110595703125,859.2515869140625,213.7008056640625,209.69970703125,0.9117910265922546
379,1155,19861,638.7052001953125,278.9302978515625,218.551513671875,167.58233642578125,0.4201246201992035
380,1156,3351,393.14605712890625,857.8551025390625,189.390380859375,190.46533203125,0.9545177221298218
381,1156,16262,573.0341796875,308.68988037109375,242.50537109375,235.6229248046875,0.9494403004646301
382,1157,16262,111.15727996826172,676.4462890625,248.34998321533203,246.261474609375,0.95255446434021
383,1157,3351,356.21014404296875,182.02044677734375,183.46221923828125,187.07940673828125,0.9495761394500732
384,1157,13900,555.9483642578125,716.576904296875,211.02001953125,241.063720703125,0.7221140265464783
385,1158,16262,153.56861877441406,766.2509765625,243.58750915527344,239.765380859375,0.9515301585197449
386,1158,13900,595.158203125,805.5546875,206.325439453125,237.584716796875,0.8346713185310364
387,1159,16232,648.6729736328125,295.44964599609375,186.0390625,191.07440185546875,0.9227955341339111
388,1159,18357,154.1786651611328,298.63134765625,239.05967712402344,356.6915283203125,0.9023332595825195
389,1159,3351,404.0350341796875,808.7885131835938,185.2559814453125,191.0244140625,0.8892778754234314
390,1161,18357,584.4189453125,614.9462890625,240.8193359375,372.513427734375,0.9853357076644897
391,1161,3351,386.58050537109375,280.77899169921875,184.01373291015625,181.6126708984375,0.9706698060035706
392,1163,16551,39.842041015625,602.392333984375,302.353759765625,473.138427734375,0.9731007218360901
393,1163,3544,117.20550537109375,185.47442626953125,208.23150634765625,201.75,0.9689995646476746
394,1163,29451,496.90771484375,806.69873046875,406.7137451171875,238.1181640625,0.866930365562439
395,1163,10221,656.4042358398438,198.52862548828125,224.72998046875,215.66534423828125,0.5584388971328735
396,1164,16551,11.76788330078125,554.365966796875,300.61529541015625,480.046630859375,0.9745930433273315
397,1164,10221,628.3050537109375,191.77926635742188,218.54345703125,215.64825439453125,0.9476285576820374
398,1164,29451,466.4696960449219,766.345703125,414.0510559082031,247.979248046875,0.751274824142456
399,1164,3544,103.69839477539062,179.7126922607422,201.2275390625,199.32838439941406,0.42210280895233154
400,1166,25367,568.055908203125,681.0321044921875,399.168701171875,492.1534423828125,0.9192778468132019
401,1166,3483,127.041748046875,271.29327392578125,270.0955810546875,189.82373046875,0.9068363308906555
402,1166,36637,132.2952880859375,829.9075927734375,182.61492919921875,259.271240234375,0.8198404908180237
403,1166,25469,575.9345703125,189.42724609375,327.00439453125,284.3358154296875,0.5478009581565857
404,1167,36637,676.0306396484375,171.78536987304688,172.3896484375,255.2425537109375,0.9409003257751465
405,1167,25367,44.177978515625,90.05206298828125,396.51629638671875,477.03448486328125,0.9395316243171692
406,1167,3483,602.6448364257812,846.1441650390625,276.7421875,187.9609375,0.8839647769927979
407,1167,25469,85.1214599609375,827.7598876953125,345.21649169921875,304.51220703125,0.6596238017082214
408,1168,30308,43.77197265625,15.4798583984375,353.00897216796875,425.24066162109375,0.8956711888313293
409,1168,3483,574.014404296875,811.6092529296875,279.325927734375,191.968994140625,0.8843034505844116
410,1168,29667,592.60693359375,169.8302001953125,216.0196533203125,214.0595703125,0.8528996706008911
411,1168,25469,48.647796630859375,787.37646484375,354.2709655761719,300.4027099609375,0.7274856567382812
412,1170,30308,52.35198974609375,22.57598876953125,365.84930419921875,440.2388916015625,0.8923483490943909
413,1170,3483,601.911865234375,845.698974609375,277.00244140625,187.23193359375,0.8890348076820374
414,1170,29667,620.1109619140625,173.22293090820312,222.2333984375,215.25579833984375,0.8805265426635742
415,1170,25469,84.390380859375,830.091552734375,346.4361572265625,299.8328857421875,0.6478830575942993
416,1171,4543,642.0426025390625,151.419677734375,200.528076171875,198.48452758789062,0.9724917411804199
417,1171,16548,580.7518920898438,745.121826171875,240.049560546875,233.46630859375,0.9718600511550903
418,1171,3544,94.03314208984375,787.282470703125,223.5963134765625,220.9892578125,0.48332950472831726
419,1173,10221,644.3558349609375,262.14404296875,218.2684326171875,211.808837890625,0.9859334826469421
420,1173,3544,646.556884765625,876.331298828125,215.889892578125,212.08984375,0.9615837931632996
421,1173,16548,159.81077575683594,284.3060607910156,233.05274963378906,226.11993408203125,0.7163081169128418
422,1174,29667,124.66940307617188,864.0726318359375,229.57763671875,226.71875,0.8869882225990295
423,1174,3483,131.24826049804688,289.5941162109375,278.393798828125,173.0640869140625,0.8740102648735046
424,1174,30308,576.6144409179688,754.7763671875,397.9219970703125,430.983642578125,0.7961755394935608
425,1174,27653,671.0413208007812,256.6771240234375,222.4541015625,199.3497314453125,0.6011024713516235
426,1176,30308,40.3231201171875,77.18374633789062,390.3062438964844,416.6734619140625,0.8994660377502441
427,1176,3483,584.7086791992188,846.0032958984375,282.8953857421875,165.92822265625,0.862683892250061
428,1176,29667,631.3660888671875,178.15121459960938,223.2333984375,216.18408203125,0.8616717457771301
429,1176,27653,94.05682373046875,851.6964111328125,222.40789794921875,206.24365234375,0.6033236980438232
430,1178,31885,104.6363525390625,48.98667907714844,404.8692626953125,496.50990295410156,0.9291868805885315
431,1178,3483,539.28662109375,779.8693237304688,265.4281005859375,225.343017578125,0.8874073028564453
432,1178,20238,575.7921142578125,190.20318603515625,221.8779296875,216.44586181640625,0.8582456707954407
433,1178,27777,145.83401489257812,776.2122802734375,177.7342529296875,205.0755615234375,0.7073429226875305
434,118,3351,457.343994140625,846.3665771484375,190.4320068359375,192.93603515625,0.9611075520515442
435,118,16688,420.2752990722656,81.32452392578125,437.1203308105469,516.3063354492188,0.8185529708862305
436,118,13900,64.90888214111328,311.74090576171875,230.24370574951172,209.2581787109375,0.7386834621429443
437,1180,21325,189.9582061767578,304.96563720703125,165.78428649902344,227.4951171875,0.9768377542495728
438,1180,19232,497.56402587890625,232.98492431640625,326.50830078125,254.28692626953125,0.8365082740783691
439,1184,1900,187.41806030273438,273.336181640625,202.22979736328125,136.57525634765625,0.9476656913757324
440,1184,21026,683.7980346679688,275.61456298828125,179.71875,171.119384765625,0.7643299698829651
441,1184,24850,677.3446044921875,827.02294921875,186.560302734375,302.877197265625,0.5999963879585266
442,1185,16548,601.120361328125,150.20321655273438,239.443115234375,225.688232421875,0.978156328201294
443,1185,1900,608.3514404296875,898.0128173828125,209.606201171875,140.392578125,0.9085561633110046
444,1185,21026,125.4722900390625,864.5001220703125,179.96304321289062,178.341796875,0.6906617879867554
445,1186,19552,514.1015625,560.03564453125,321.2913818359375,488.659912109375,0.959442138671875
446,1186,4378,143.17926025390625,107.15211486816406,208.2598876953125,438.11534118652344,0.8940549492835999
447,1186,2483,88.58663177490234,677.2559814453125,234.18115997314453,479.294921875,0.8681926727294922
448,1186,5094,552.2178955078125,190.28515625,269.330322265625,269.11102294921875,0.8337439298629761
449,1187,2483,616.7383422851562,53.77252197265625,222.5531005859375,482.4678955078125,0.9259190559387207
450,1187,5094,104.50274658203125,800.69091796875,279.55084228515625,276.158447265625,0.8875804543495178
451,1187,19552,108.16795349121094,157.12330627441406,322.10243225097656,489.80662536621094,0.8617150187492371
452,1187,4378,590.4711303710938,700.3223876953125,216.668212890625,451.5235595703125,0.7149776220321655
453,1189,3743,117.1617431640625,785.58251953125,323.1807861328125,321.6461181640625,0.9718185067176819
454,1189,2483,592.60400390625,66.10374450683594,246.972900390625,483.36512756347656,0.9212083220481873
455,1189,22627,97.24085998535156,133.53857421875,310.69285583496094,487.29302978515625,0.7653746008872986
456,1189,12081,103.98419189453125,705.5965576171875,228.1474609375,437.552734375,0.6201632022857666
457,119,3351,293.83984375,191.75816345214844,185.08544921875,189.55592346191406,0.9734846949577332
458,119,13900,652.9119873046875,708.2943115234375,233.5111083984375,218.61962890625,0.9082061648368835
459,1190,3743,120.06524658203125,799.6085205078125,330.98822021484375,325.461669921875,0.9529405832290649
460,1190,2483,586.1727294921875,95.3487548828125,235.3179931640625,481.774169921875,0.9167138934135437
461,1190,12081,610.8096923828125,714.121826171875,240.15771484375,466.6650390625,0.7661917805671692
462,1190,22627,104.96109008789062,156.92132568359375,303.1851806640625,497.32098388671875,0.7216004729270935
463,1191,22627,529.3070068359375,588.15673828125,310.46923828125,484.58349609375,0.9544669985771179
464,1191,3743,494.2314453125,165.35427856445312,315.31787109375,301.23468017578125,0.82803875207901
465,1191,2483,86.8905029296875,665.87451171875,263.77593994140625,477.208251953125,0.7969533205032349
466,1191,12081,108.7896728515625,110.876220703125,227.070556640625,426.88958740234375,0.7316218614578247
467,1192,1900,644.739501953125,854.6397705078125,204.7872314453125,171.5068359375,0.9735500812530518
468,1192,24850,647.4217529296875,207.1895751953125,175.602783203125,273.8662109375,0.9241198301315308
469,1192,33009,83.76165771484375,256.7008056640625,371.73883056640625,207.56658935546875,0.2902793288230896
470,1194,1900,150.65858459472656,253.7221221923828,196.32688903808594,162.26573181152344,0.9717498421669006
471,1194,16551,614.1881103515625,63.83839416503906,287.400390625,481.18370056152344,0.9511219263076782
472,1194,24850,161.2559051513672,814.9990234375,184.08961486816406,296.520751953125,0.9141644835472107
473,1196,35206,140.1300048828125,707.189697265625,241.57379150390625,409.75341796875,0.9348891377449036
474,1196,3483,172.10903930664062,276.1075439453125,263.11859130859375,220.621826171875,0.8913092613220215
475,1196,28763,615.6859130859375,886.7252197265625,221.75830078125,213.6121826171875,0.8636745810508728
476,1196,27777,637.780029296875,292.3981628417969,174.6611328125,195.93975830078125,0.6531780958175659
477,1197,3483,568.0472412109375,811.6251220703125,264.4197998046875,219.41455078125,0.8929497003555298
478,1197,35206,616.956298828125,135.20904541015625,221.7841796875,407.85369873046875,0.8894813656806946
479,1197,27777,178.43861389160156,810.8323974609375,176.12413024902344,201.2421875,0.6335579752922058
480,1198,3483,568.0369262695312,813.91455078125,263.834228515625,221.21142578125,0.894331157207489
481,1198,20238,604.4291381835938,196.21035766601562,225.534423828125,216.1046142578125,0.8792598843574524
482,1198,28763,130.198486328125,215.759521484375,212.82257080078125,202.478759765625,0.780771017074585
483,1198,27777,177.82736206054688,812.7227783203125,175.52532958984375,199.636962890625,0.6512450575828552
484,1199,3483,173.19186401367188,272.716064453125,262.60028076171875,221.3533935546875,0.8896306157112122
485,1199,28763,649.7642822265625,849.14453125,220.5458984375,214.718017578125,0.8846849799156189
486,1199,20238,152.2166748046875,850.2000732421875,232.71673583984375,225.8646240234375,0.8499813675880432
487,1199,27777,638.8049926757812,291.60369873046875,174.167236328125,195.740234375,0.667509913444519
488,120,3351,335.518310546875,253.2876434326172,182.452880859375,183.51942443847656,0.967156171798706
489,120,13900,688.2291870117188,796.9937744140625,236.7041015625,214.736572265625,0.9038453102111816
490,120,16688,121.30572509765625,679.8826904296875,451.91912841796875,577.22998046875,0.6345387101173401
491,1201,16548,585.3975830078125,212.80670166015625,232.87890625,224.41455078125,0.96401447057724
492,1201,12247,582.0072021484375,812.7442626953125,213.314208984375,155.6658935546875,0.874301016330719
493,1201,21026,102.94332885742188,823.2005615234375,176.97775268554688,178.3848876953125,0.6902296543121338
494,1204,3351,397.2786865234375,859.50830078125,186.75799560546875,193.348388671875,0.9613076448440552
495,1204,22074,687.6423950195312,264.2340087890625,182.4735107421875,184.2476806640625,0.948456883430481
496,1206,32310,570.24169921875,813.559814453125,353.7347412109375,276.2891845703125,0.9883739948272705
497,1206,22074,92.62506866455078,852.7437744140625,185.14562225341797,189.458984375,0.945052981376648
498,1207,16232,153.17303466796875,827.9444580078125,189.10882568359375,192.2548828125,0.9426107406616211
499,1207,3483,172.3017578125,275.90045166015625,262.79791259765625,220.6163330078125,0.8884394764900208
500,1207,27777,638.4796142578125,292.15240478515625,173.1400146484375,196.38427734375,0.6574991345405579
501,1207,22347,685.8048095703125,813.10546875,212.860595703125,205.64794921875,0.6224967241287231
502,1209,16232,642.65673828125,250.4361572265625,188.7822265625,183.12945556640625,0.9293883442878723
503,1209,3483,568.4178466796875,812.1710205078125,263.96044921875,219.589111328125,0.8925661444664001
504,1209,22347,101.17066192626953,259.70831298828125,203.99553680419922,197.081787109375,0.8394995927810669
505,1209,27777,178.9463653564453,811.5936279296875,175.50791931152344,200.94921875,0.6268603801727295
506,1210,34597,68.33660888671875,140.84422302246094,475.29534912109375,388.00733947753906,0.9871090650558472
507,1210,3483,653.1724853515625,749.7211303710938,208.0791015625,269.318603515625,0.9397934079170227
508,1210,35206,659.547119140625,173.62615966796875,225.2972412109375,402.18267822265625,0.9274407625198364
509,1210,20877,119.55171203613281,766.492431640625,328.13011169433594,231.478271484375,0.8903959393501282
510,1212,34597,454.8038330078125,710.47119140625,482.27880859375,400.453369140625,0.9840394854545593
511,1212,3483,142.61276245117188,292.9219970703125,209.63189697265625,255.76513671875,0.9197339415550232
512,1212,35206,97.56055450439453,672.50244140625,234.45641326904297,409.77490234375,0.8847430348396301
513,1212,20877,545.344970703125,294.81982421875,326.843505859375,233.79071044921875,0.8065609931945801
514,1213,25438,128.93368530273438,836.2977294921875,255.5234375,255.22314453125,0.9102197289466858
515,1213,5886,592.396240234375,678.1939697265625,236.1065673828125,492.180419921875,0.9046293497085571
516,1213,2483,662.71630859375,64.07139587402344,200.37255859375,481.09547424316406,0.884066104888916
517,1213,19552,107.55534362792969,2.21624755859375,307.78517150878906,484.87994384765625,0.2529502213001251
518,1214,22627,112.05523681640625,45.78448486328125,304.1085205078125,479.59161376953125,0.9232036471366882
519,1214,25438,130.571044921875,847.8961181640625,261.415771484375,266.69091796875,0.9052878618240356
520,1214,2483,658.309326171875,96.40138244628906,199.2548828125,473.54014587402344,0.8860700726509094
521,1214,5886,602.391845703125,679.4471435546875,241.18310546875,505.1500244140625,0.8457152247428894
522,1216,10221,129.7978515625,844.8780517578125,229.5076904296875,226.80615234375,0.9853535294532776
523,1216,16551,619.8974609375,180.38983154296875,282.112060546875,457.45684814453125,0.973936915397644
524,1216,27926,154.45883178710938,176.34173583984375,267.64691162109375,452.31024169921875,0.9521958231925964
525,1216,3544,659.163818359375,864.6893310546875,216.257568359375,213.460205078125,0.2548495829105377
526,1219,29345,575.25439453125,667.129150390625,291.3232421875,448.3466796875,0.9664507508277893
527,1219,10221,650.5982666015625,207.85174560546875,218.147216796875,215.60125732421875,0.883761465549469
528,1219,16551,65.90969848632812,576.7637939453125,331.5910339355469,468.099853515625,0.8834059238433838
529,122,25367,52.725494384765625,91.48887634277344,370.15411376953125,474.09254455566406,0.9361059069633484
530,122,3483,574.3431396484375,811.0472412109375,278.494140625,193.7593994140625,0.8890946507453918
531,122,29667,592.5745849609375,170.792236328125,215.65673828125,213.868896484375,0.8410030603408813
532,122,25469,49.11065673828125,787.5823974609375,351.96209716796875,299.496337890625,0.5930728912353516
533,1220,16551,94.03762817382812,630.3763427734375,334.95501708984375,455.705078125,0.978293776512146
534,1220,3544,119.84680938720703,251.67327880859375,209.14025115966797,201.93817138671875,0.9300724267959595
535,1220,29345,603.991455078125,703.2353515625,282.458984375,444.8416748046875,0.906409502029419
536,1222,36637,615.5623168945312,202.51300048828125,184.798583984375,242.26654052734375,0.9542260766029358
537,1222,3483,560.1923828125,812.586669921875,285.5740966796875,172.8687744140625,0.8854717016220093
538,1222,27653,61.123992919921875,811.0777587890625,224.23443603515625,210.7347412109375,0.6755302548408508
539,1222,25367,93.96859741210938,107.73625183105469,319.62274169921875,491.77235412597656,0.6582276821136475
540,1224,36637,642.3814697265625,209.031494140625,189.319091796875,247.53814697265625,0.9387154579162598
541,1224,3483,585.1766357421875,846.0325317382812,285.0023193359375,167.02001953125,0.8694459199905396
542,1224,27653,96.10665130615234,852.6612548828125,220.82172393798828,207.178466796875,0.6463876366615295
543,1226,3483,601.5455322265625,865.622314453125,258.65771484375,231.4412841796875,0.9042565226554871
544,1226,35206,583.92578125,95.9384765625,286.45654296875,378.12652587890625,0.826784074306488
545,1226,31885,121.67095947265625,7.48529052734375,326.0819091796875,538.3416748046875,0.8127779364585876
546,1226,19861,125.72299194335938,865.025634765625,221.39828491210938,169.64501953125,0.6914238929748535
547,1227,31885,546.4569091796875,695.477294921875,333.0074462890625,551.2900390625,0.9524720311164856
548,1227,3483,152.60699462890625,218.9723358154297,244.50836181640625,220.89527893066406,0.9243096113204956
549,1227,35206,109.92498779296875,773.8907470703125,300.33343505859375,390.1612548828125,0.8678997755050659
550,1227,19861,637.634521484375,278.57525634765625,220.630859375,170.1248779296875,0.4216946065425873
551,1232,31885,547.41015625,661.7032470703125,400.217041015625,516.193115234375,0.9569332599639893
552,1232,3483,146.39968872070312,290.067138671875,212.3670654296875,254.650390625,0.9095098972320557
553,1232,20877,594.791748046875,259.6642761230469,322.042724609375,240.5897216796875,0.8866563439369202
554,1232,29667,132.51095581054688,859.062255859375,230.82354736328125,227.1220703125,0.7853462100028992
555,1235,16548,620.562744140625,145.09490966796875,240.89990234375,228.3583984375,0.9767556190490723
556,1235,1900,151.2978973388672,253.90194702148438,195.62904357910156,162.0980224609375,0.9681640267372131
557,1235,21771,162.19424438476562,806.1896362304688,187.822998046875,185.8524169921875,0.9086937308311462
558,1235,33009,549.84033203125,834.628173828125,374.6407470703125,204.0118408203125,0.5929477214813232
559,1237,16548,614.2702026367188,188.70220947265625,237.8519287109375,224.57965087890625,0.9740283489227295
560,1237,44199,632.8981323242188,800.50830078125,163.5650634765625,282.98974609375,0.8183063864707947
561,1237,1900,106.22246551513672,267.8590087890625,201.96692657470703,127.428955078125,0.7141135334968567
562,1237,31705,170.79476928710938,685.0675048828125,249.9100341796875,448.388427734375,0.6337711811065674
563,1238,1900,682.932861328125,878.4322509765625,209.7890625,134.509765625,0.947807788848877
564,1238,44199,203.68516540527344,232.0654296875,161.07252502441406,271.419921875,0.7803415656089783
565,1238,31705,572.5186157226562,176.02122497558594,247.0667724609375,420.96730041503906,0.7504900693893433
566,1239,16548,585.8439331054688,182.12770080566406,232.8212890625,225.60838317871094,0.9619832038879395
567,1239,1900,87.81468963623047,256.8678283691406,199.90705108642578,129.64166259765625,0.9318200945854187
568,1239,44199,603.9306640625,771.6741943359375,169.330078125,283.137939453125,0.9155375361442566
569,1239,31705,138.63629150390625,643.678955078125,252.2957763671875,454.341064453125,0.6490920186042786
570,124,21771,688.0628051757812,883.8504638671875,197.1103515625,193.3045654296875,0.9806391596794128
571,124,16551,1.10418701171875,769.355224609375,369.6256103515625,452.4505615234375,0.9255198240280151
572,124,1900,174.3001251220703,280.27581787109375,201.84812927246094,140.4454345703125,0.8753094673156738
573,124,21026,672.3524169921875,272.7265625,178.73388671875,172.5870361328125,0.7582727670669556
574,1242,29345,92.55569458007812,706.734375,288.17132568359375,445.45458984375,0.9831869602203369
575,1242,16551,546.7708740234375,90.5091552734375,286.5994873046875,467.61138916015625,0.9718005061149597
576,1242,44199,637.5279541015625,806.2510986328125,161.5946044921875,286.9068603515625,0.9495058655738831
577,1242,1900,159.6412353515625,257.8958740234375,128.8228759765625,199.8992919921875,0.44903066754341125
578,1243,3483,609.4320068359375,790.0589599609375,272.338134765625,211.6492919921875,0.9089736938476562
579,1243,30308,66.51115417480469,140.1724395751953,377.17616271972656,425.68321228027344,0.8811118602752686
580,1243,35206,598.1016845703125,125.864013671875,257.646484375,390.21673583984375,0.8514833450317383
581,1243,27733,124.72128295898438,766.9320068359375,314.1865234375,277.4954833984375,0.848239541053772
582,1244,3483,122.116943359375,305.9676818847656,270.6953125,201.20196533203125,0.9172986149787903
583,1244,35206,122.87330627441406,734.552734375,274.08250427246094,396.955810546875,0.9046838879585266
584,1244,27733,564.5277099609375,260.1451416015625,299.71240234375,268.8155517578125,0.8634506464004517
585,1244,30308,561.5450439453125,685.93505859375,388.20947265625,432.439208984375,0.7237963080406189
586,1245,3483,580.2850952148438,758.5357666015625,275.185791015625,207.49072265625,0.892206609249115
587,1245,35206,574.1029663085938,118.1961669921875,247.5531005859375,380.44525146484375,0.871964693069458
588,1245,30308,53.035308837890625,121.6322021484375,362.5887451171875,415.938720703125,0.8252405524253845
589,1245,27733,87.88497924804688,726.61181640625,319.24761962890625,280.968505859375,0.7892257571220398
590,1246,34597,56.7021484375,79.37713623046875,397.96307373046875,463.39862060546875,0.8962764739990234
591,1246,3483,538.9033203125,779.705078125,265.0953369140625,224.9793701171875,0.8928908109664917
592,1246,16262,576.9228515625,189.07196044921875,234.2730712890625,227.49493408203125,0.7435704469680786
593,1246,27777,144.5008544921875,775.675048828125,179.41510009765625,205.55322265625,0.7103257775306702
594,1248,3483,174.310791015625,273.1097412109375,262.3917236328125,221.844482421875,0.8947933316230774
595,1248,16262,135.861328125,834.809326171875,251.885498046875,242.029052734375,0.8889040350914001
596,1248,34597,521.01611328125,664.0648193359375,418.368408203125,482.0487060546875,0.8103534579277039
597,1248,27777,639.1990966796875,292.0078125,174.138916015625,195.989501953125,0.669566810131073
598,125,21771,117.91309356689453,203.62496948242188,189.17363739013672,185.80517578125,0.9825319051742554
599,125,1900,621.6566162109375,887.4986572265625,209.2432861328125,142.7515869140625,0.9515081644058228
600,125,16551,622.6318359375,33.84527587890625,353.3681640625,437.593994140625,0.7246665358543396
601,125,21026,136.33029174804688,867.1343994140625,181.2415771484375,178.168701171875,0.6849789023399353
602,1250,4378,598.25634765625,699.0802001953125,224.1820068359375,472.031494140625,0.959574818611145
603,1250,5094,106.61895751953125,812.2650146484375,285.35357666015625,282.40966796875,0.947795033454895
604,1250,12778,100.26861572265625,62.158935546875,302.1318359375,528.4527587890625,0.9416271448135376
605,1250,2483,610.123779296875,87.40887451171875,215.12646484375,473.524658203125,0.9254545569419861
606,1251,12778,549.3831787109375,646.1322021484375,297.104248046875,527.7928466796875,0.9569860100746155
607,1251,4378,142.02365112304688,104.29345703125,210.12655639648438,442.1087646484375,0.9459789991378784
608,1251,5094,551.764404296875,189.65487670898438,270.482421875,269.491455078125,0.8595156669616699
609,1251,2483,89.39112091064453,677.6446533203125,233.13158416748047,477.502197265625,0.8446024656295776
610,1252,3483,648.031982421875,754.491455078125,211.60888671875,268.46826171875,0.91212397813797
611,1252,30308,75.38742065429688,80.48829650878906,399.41363525390625,410.11436462402344,0.8737920522689819
612,1252,20877,71.33901977539062,798.6875,326.53216552734375,242.042236328125,0.865228533744812
613,1252,29667,625.375244140625,183.74392700195312,222.888916015625,216.68994140625,0.8636364340782166
614,1254,3483,623.5457763671875,722.4886474609375,207.496826171875,269.04345703125,0.940666913986206
615,1254,30308,63.579254150390625,68.77276611328125,382.92755126953125,399.6934814453125,0.9123347401618958
616,1254,20877,38.794403076171875,755.9322509765625,328.742431640625,250.7850341796875,0.8809175491333008
617,1254,29667,598.173583984375,181.95269775390625,217.213623046875,215.475830078125,0.79110187292099
618,1256,1900,645.33203125,829.534423828125,171.202880859375,198.7822265625,0.9753414988517761
619,1256,31705,131.69500732421875,127.61724853515625,247.43084716796875,420.46148681640625,0.7596656680107117
620,1256,19607,656.2680053710938,272.8805847167969,156.0010986328125,149.55975341796875,0.682681143283844
621,126,21771,101.614013671875,195.696533203125,184.82470703125,182.11181640625,0.9864212274551392
622,126,1900,594.703125,855.4590454101562,211.8935546875,146.7076416015625,0.9680888652801514
623,126,16551,595.973388671875,29.348388671875,345.206298828125,428.25531005859375,0.9389024376869202
624,126,21026,102.87844848632812,834.1536865234375,182.67733764648438,180.0882568359375,0.6670697331428528
625,1261,16232,648.22705078125,231.26858520507812,191.001953125,180.94952392578125,0.9300999045372009
626,1261,3483,585.0585327148438,846.4915161132812,284.658935546875,167.6343994140625,0.8622526526451111
627,1261,22347,140.3426513671875,169.582275390625,205.3492431640625,196.3411865234375,0.8108698725700378
628,1261,27653,95.54913330078125,852.4049072265625,220.96267700195312,207.38525390625,0.6398453116416931
629,1262,16232,620.9288330078125,221.84129333496094,186.81201171875,183.00782775878906,0.9376134276390076
630,1262,3483,558.5958251953125,812.6154174804688,287.14990234375,173.18505859375,0.8875618577003479
631,1262,27653,60.97838592529297,810.9256591796875,224.76074981689453,210.462158203125,0.6840630769729614
632,1262,22347,125.68359375,163.91574096679688,199.68191528320312,194.55694580078125,0.4267440140247345
633,1263,16232,143.05734252929688,846.8133544921875,194.58718872070312,191.435546875,0.9639237523078918
634,1263,3483,131.7582244873047,287.8974609375,275.90296936035156,174.0291748046875,0.8748413920402527
635,1263,22347,646.2604370117188,901.781982421875,214.080078125,208.955810546875,0.8579046726226807
636,1263,27653,672.183837890625,256.0325927734375,221.4320068359375,198.6171875,0.5654295086860657
637,1264,31863,638.5531616210938,321.8819580078125,206.858154296875,204.93267822265625,0.9799181818962097
638,1264,3351,391.1038818359375,861.343017578125,191.7196044921875,192.1484375,0.9483510851860046
639,1264,36637,227.98838806152344,317.78497314453125,204.20899963378906,239.7171630859375,0.750737190246582
640,1265,36637,506.4393310546875,662.4151611328125,209.479736328125,249.474609375,0.9191198945045471
641,1265,31863,80.81137084960938,704.8574829101562,209.17837524414062,212.397216796875,0.8477351665496826
642,1265,3351,357.0950927734375,176.5586700439453,184.10345458984375,189.32896423339844,0.8354336619377136
643,1266,36637,547.06787109375,751.3277587890625,204.4462890625,247.466796875,0.945924699306488
644,1269,3351,362.5076904296875,233.53863525390625,183.029541015625,181.163818359375,0.9651671051979065
645,1269,13900,619.6270751953125,764.8645629882812,177.3375244140625,257.325927734375,0.8699244260787964
646,1269,36637,217.06988525390625,770.3792724609375,214.91839599609375,238.8963623046875,0.8666217923164368
647,127,22362,619.53662109375,780.4732666015625,255.483642578125,423.28271484375,0.96869295835495
648,127,6192,133.1263427734375,135.85150146484375,294.16607666015625,550.93310546875,0.8173881769180298
649,127,2483,643.4962158203125,117.28240966796875,196.8538818359375,470.55523681640625,0.8100140690803528
650,127,5094,137.58273315429688,857.694091796875,283.3323974609375,287.2197265625,0.66628497838974
651,1270,27926,144.6182861328125,145.7480926513672,258.9586181640625,453.74537658691406,0.9514935612678528
652,1270,18110,639.7987060546875,271.68157958984375,301.4024658203125,284.4541015625,0.9295339584350586
653,1270,1900,629.64306640625,893.5718994140625,210.9871826171875,135.374267578125,0.8971935510635376
654,1272,16548,629.4810791015625,177.0590057373047,239.249267578125,226.22706604003906,0.9665802717208862
655,1272,1900,158.0232391357422,249.76724243164062,201.07618713378906,126.18389892578125,0.9287986159324646
656,1272,27926,601.302978515625,672.4537353515625,251.18212890625,483.087158203125,0.9266611933708191
657,1272,18110,50.092071533203125,739.546630859375,303.9705810546875,290.829345703125,0.6036995649337769
658,1273,6192,544.4681396484375,593.640625,295.575439453125,528.6590576171875,0.9438230991363525
659,1273,13395,110.19100952148438,43.04127502441406,245.84365844726562,490.39988708496094,0.9330148696899414
660,1273,25438,556.4427490234375,203.76663208007812,246.36181640625,252.1590576171875,0.9318761825561523
661,1273,2483,107.6844711303711,676.785888671875,226.75763702392578,494.007080078125,0.8256083130836487
662,1274,13395,591.017333984375,712.384521484375,234.169921875,499.668701171875,0.9102973937988281
663,1274,25438,124.69366455078125,810.5430908203125,254.39508056640625,256.720947265625,0.9044175744056702
664,1274,2483,603.3212280273438,46.73912048339844,214.2476806640625,482.82618713378906,0.8845036625862122
665,1274,6192,100.43984985351562,81.7198486328125,294.9404296875,523.2098388671875,0.798198938369751
666,1278,38162,623.1873779296875,702.9219970703125,186.451171875,297.16796875,0.9765589237213135
667,1278,3832,150.62493896484375,602.669677734375,309.31549072265625,420.593994140625,0.9228147864341736
668,1279,16551,90.41018676757812,766.2174072265625,302.0974426269531,502.8416748046875,0.9644755125045776
669,1279,1900,648.1131591796875,857.1981811523438,209.333251953125,154.61865234375,0.9599975943565369
670,1279,21771,674.271728515625,285.22283935546875,189.213623046875,182.2596435546875,0.9477512836456299
671,1279,31705,123.44921875,133.19488525390625,244.09783935546875,420.17535400390625,0.789776086807251
672,128,22362,607.4824829101562,778.4305419921875,254.4935302734375,408.12353515625,0.9386369585990906
673,128,6192,132.05699157714844,130.99578857421875,292.24427795410156,525.2122802734375,0.8844624161720276
674,128,2483,651.772216796875,84.18170166015625,194.315185546875,483.85858154296875,0.8792406320571899
675,128,5094,135.89309692382812,846.89697265625,276.98565673828125,274.481201171875,0.43205147981643677
676,1280,1900,122.44778442382812,261.63946533203125,198.56005859375,147.1834716796875,0.966643214225769
677,1280,16551,573.6823120117188,0.0,282.34130859375,452.83538818359375,0.9554657340049744
678,1280,21771,91.21141815185547,811.4116821289062,194.77313995361328,188.561279296875,0.7888110280036926
679,1280,31705,608.0408935546875,691.8052978515625,251.69873046875,452.14599609375,0.6488410830497742
680,1282,19552,509.5787353515625,591.8489990234375,309.8184814453125,492.6544189453125,0.975477397441864
681,1282,2483,62.19091796875,646.6697998046875,201.44082641601562,487.8388671875,0.8867723941802979
682,1282,13395,86.30291748046875,85.07452392578125,228.404296875,481.01666259765625,0.8159821033477783
683,1282,3743,497.6458740234375,125.16815185546875,312.380615234375,305.1046142578125,0.7318764328956604
684,1284,3743,115.75164794921875,828.015625,321.77392578125,320.576171875,0.9821354150772095
685,1284,19552,121.7354736328125,119.46929931640625,314.967529296875,496.07470703125,0.9299122095108032
686,1284,13395,628.843994140625,675.490966796875,229.814208984375,498.4071044921875,0.8913174271583557
687,1284,2483,670.7008056640625,81.0648193359375,204.3349609375,481.0533447265625,0.8765671253204346
688,129,22362,81.75743865966797,71.25885009765625,252.14826202392578,395.42694091796875,0.986533522605896
689,129,6192,517.1039428710938,541.528076171875,288.825439453125,527.8603515625,0.9435794353485107
690,129,5094,523.0184936523438,151.05911254882812,268.9283447265625,263.86822509765625,0.852483332157135
691,129,2483,83.51953125,644.926025390625,203.90789794921875,489.68408203125,0.7637842893600464
692,1290,29345,593.2763671875,536.2127685546875,271.101318359375,443.24169921875,0.9776365160942078
693,1290,1900,162.51144409179688,256.3016357421875,126.9632568359375,200.37255859375,0.9641246199607849
694,1290,16548,538.0316772460938,140.2852783203125,233.80224609375,225.25827026367188,0.9196288585662842
695,1290,18110,44.025421142578125,721.8970947265625,311.7663269042969,298.956787109375,0.29613158106803894
696,1293,30308,115.51252746582031,85.3184814453125,306.81822204589844,446.6358642578125,0.9778493642807007
697,1293,3483,539.6739501953125,779.53955078125,264.748779296875,225.390625,0.8934552073478699
698,1293,20238,577.2388916015625,191.75637817382812,221.070068359375,213.330322265625,0.8808521628379822
699,1293,27777,145.02957153320312,776.082763671875,179.02593994140625,206.04296875,0.7495810389518738
700,1294,34597,13.640625,48.06648254394531,414.0683288574219,450.08580017089844,0.9111421704292297
701,1294,35206,680.231201171875,155.48851013183594,200.072021484375,405.58766174316406,0.8779940605163574
702,1294,3483,585.0570678710938,845.9500732421875,285.0875244140625,167.521240234375,0.8633318543434143
703,1294,27653,96.09564208984375,851.7623291015625,221.28997802734375,208.0494384765625,0.6311246156692505
704,1295,34597,2.29779052734375,24.514739990234375,406.03948974609375,449.90142822265625,0.9061838984489441
705,1295,35206,651.6488037109375,142.1671142578125,196.308349609375,397.13665771484375,0.8895160555839539
706,1295,3483,559.066162109375,812.61376953125,286.6480712890625,172.69091796875,0.8870733380317688
707,1295,27653,60.59166717529297,810.5440673828125,224.33094024658203,211.24169921875,0.7102514505386353
708,1296,3483,131.36370849609375,289.33197021484375,275.77581787109375,172.7271728515625,0.8727332353591919
709,1296,34597,568.4907836914062,732.277099609375,407.50921630859375,477.319091796875,0.8485350608825684
710,1296,35206,108.071044921875,686.9990234375,198.36138916015625,417.3729248046875,0.8096377849578857
711,1296,27653,669.657470703125,255.4657440185547,222.2125244140625,199.29310607910156,0.5336542725563049
712,1297,4543,156.27798461914062,891.2283935546875,215.08782958984375,213.35791015625,0.9796618223190308
713,1297,3544,644.5703125,919.8086547851562,215.69482421875,213.99505615234375,0.9719946980476379
714,1297,12420,690.8897705078125,274.5397033691406,180.601806640625,170.9190673828125,0.9714410305023193
715,1298,12420,118.54251098632812,860.285888671875,184.31201171875,182.8824462890625,0.9809328317642212
716,1298,16548,617.4881591796875,828.349365234375,236.9200439453125,229.0107421875,0.9714508056640625
717,1298,3544,140.586181640625,144.82562255859375,205.9091796875,202.7655029296875,0.9540520906448364
718,13,3351,429.9091796875,853.2803955078125,189.263916015625,191.23681640625,0.9774446487426758
719,13,16232,145.27294921875,329.82708740234375,189.61782836914062,190.60382080078125,0.9583595395088196
720,13,33880,481.463623046875,242.9836883544922,437.902587890625,276.66017150878906,0.5936378240585327
721,130,36637,130.668212890625,829.2989501953125,189.975341796875,254.5577392578125,0.9292066097259521
722,130,3483,173.84341430664062,275.62078857421875,262.12335205078125,220.8521728515625,0.8858044743537903
723,130,30308,513.8756103515625,770.6693115234375,462.1243896484375,307.7685546875,0.7803221344947815
724,130,27777,637.8212890625,293.810302734375,174.69140625,194.419189453125,0.674858570098877
725,1300,31885,73.96978759765625,124.1785888671875,462.02752685546875,468.97076416015625,0.9373341202735901
726,1300,3483,584.8948974609375,846.492919921875,284.536376953125,166.90185546875,0.8686113357543945
727,1300,29667,631.5245361328125,177.91961669921875,222.69189453125,216.92095947265625,0.8512262105941772
728,1300,27653,94.12164306640625,852.2679443359375,222.06854248046875,206.5211181640625,0.5963404178619385
729,1302,3483,559.0368041992188,812.37841796875,285.5908203125,173.832275390625,0.8903579711914062
730,1302,29667,603.0692749023438,176.18017578125,218.115966796875,213.9693603515625,0.7807589769363403
731,1302,31885,59.26019287109375,98.28443908691406,444.18109130859375,465.77293395996094,0.6537452340126038
732,1302,27653,60.23645782470703,809.305908203125,225.17424774169922,211.804931640625,0.646399199962616
733,1305,16551,79.5137939453125,668.561767578125,333.44586181640625,473.3134765625,0.9747722148895264
734,1305,27926,603.917724609375,163.3612060546875,254.298583984375,443.7481689453125,0.7880967259407043
735,1305,1900,631.1703491210938,893.9052734375,211.239013671875,136.091064453125,0.6029173731803894
736,1309,3483,122.76528930664062,305.16796875,270.51898193359375,200.666015625,0.9171431660652161
737,1309,27733,558.5228271484375,257.09356689453125,301.759033203125,264.29339599609375,0.9025523066520691
738,1309,28763,583.602783203125,871.0015869140625,222.281494140625,212.468017578125,0.8624828457832336
739,1309,29667,88.37692260742188,861.31982421875,230.46670532226562,229.197021484375,0.840466320514679
740,1311,3483,579.67529296875,759.24755859375,275.4327392578125,207.0120849609375,0.8942713737487793
741,1311,29667,638.64892578125,176.79861450195312,220.5029296875,213.6939697265625,0.8695387244224548
742,1311,28763,175.78857421875,186.69056701660156,207.94903564453125,201.12034606933594,0.849341094493866
743,1311,27733,93.14820861816406,731.4219970703125,321.78038024902344,281.9632568359375,0.8219422101974487
744,1312,5886,596.2357177734375,684.7012939453125,237.279052734375,488.81591796875,0.9157888889312744
745,1312,5094,111.24226379394531,806.1956787109375,276.54124450683594,274.6064453125,0.7343261241912842
746,1312,2483,620.810302734375,50.83692932128906,247.2579345703125,469.91697692871094,0.6396716237068176
747,1315,19232,546.26953125,208.1641082763672,293.601806640625,288.83387756347656,0.9415582418441772
748,1316,16688,517.58984375,480.036865234375,292.24267578125,668.7305908203125,0.9885836839675903
749,1316,19232,82.88092041015625,688.6553955078125,307.86187744140625,311.944091796875,0.9530814290046692
750,132,36637,666.2576904296875,180.787109375,185.7965087890625,247.56005859375,0.9393666386604309
751,132,3483,566.9348754882812,812.04345703125,264.3359375,219.96240234375,0.8951929807662964
752,132,30308,29.498458862304688,181.16421508789062,453.33302307128906,304.20721435546875,0.741254985332489
753,132,27777,178.36764526367188,810.983154296875,175.82623291015625,199.873291015625,0.646016538143158
754,1322,6192,484.9534912109375,591.9608154296875,335.49365234375,503.3094482421875,0.9591735005378723
755,1322,2483,89.67218017578125,678.79296875,232.77960205078125,479.432861328125,0.8744969964027405
756,1322,5094,551.780517578125,189.65704345703125,270.51318359375,269.0972900390625,0.8532825708389282
757,1322,4378,141.49853515625,107.2694091796875,210.28863525390625,438.7130126953125,0.8334331512451172
758,1323,4378,589.9699096679688,699.64501953125,217.94970703125,452.7724609375,0.9427011013031006
759,1323,2483,616.3916625976562,52.45246887207031,222.2222900390625,483.19053649902344,0.9276851415634155
760,1323,5094,104.9635009765625,800.508544921875,279.36639404296875,276.537109375,0.8544220328330994
761,1326,20238,600.7457275390625,839.604248046875,227.815185546875,222.353515625,0.9679813981056213
762,1326,3351,371.63226318359375,245.06370544433594,180.37542724609375,182.88807678222656,0.9664705991744995
763,1326,18357,161.41314697265625,671.4044189453125,269.2138671875,349.7178955078125,0.4478498697280884
764,1327,29451,512.3440551757812,243.7124786376953,408.6876220703125,221.80955505371094,0.980484664440155
765,1327,1900,642.447509765625,845.2244873046875,189.52099609375,190.156494140625,0.9688861966133118
766,1327,44199,177.82772827148438,232.8154296875,197.81402587890625,260.7281494140625,0.9356717467308044
767,1328,29451,70.13609313964844,843.156005859375,413.95716857910156,217.6148681640625,0.9927313923835754
768,1328,1900,167.21018981933594,246.90457153320312,183.74964904785156,181.2659912109375,0.9539326429367065
769,1328,16548,581.7615966796875,216.91891479492188,237.071533203125,228.0640869140625,0.9464935064315796
770,1328,44199,627.1298828125,810.651123046875,210.335205078125,272.341552734375,0.819474995136261
771,1329,29451,33.631927490234375,802.0806884765625,422.6719055175781,225.04150390625,0.9810004234313965
772,1329,1900,148.05584716796875,241.1190185546875,181.2222900390625,180.5167236328125,0.9337984323501587
773,1329,16548,553.8853759765625,208.17330932617188,232.235595703125,225.658447265625,0.9123594760894775
774,1329,44199,599.2680053710938,779.6943359375,211.89111328125,274.7928466796875,0.770415186882019
775,1330,34597,91.51153564453125,165.45684814453125,450.09527587890625,420.99267578125,0.956600546836853
776,1330,3483,603.0780029296875,845.1429443359375,276.6143798828125,186.990234375,0.8836856484413147
777,1330,35206,614.1981811523438,118.94305419921875,228.837646484375,402.19696044921875,0.8784186244010925
778,1330,25469,86.68263244628906,827.83837890625,345.73155212402344,304.40234375,0.7530577182769775
779,1331,3483,575.444091796875,810.5716552734375,279.0108642578125,193.135009765625,0.8886440396308899
780,1331,35206,584.181396484375,111.74006652832031,223.4136962890625,391.43296813964844,0.8529456853866577
781,1331,34597,74.13116455078125,134.90977478027344,442.052734375,424.56007385253906,0.8301489949226379
782,1331,25469,50.71905517578125,786.114501953125,349.9797058105469,303.320068359375,0.6646866202354431
783,1332,34597,457.530517578125,650.1202392578125,458.3740234375,437.063232421875,0.9386471509933472
784,1332,35206,136.0336151123047,728.634521484375,247.64942932128906,410.2174072265625,0.9092400670051575
785,1332,3483,127.15280151367188,271.5316162109375,268.77020263671875,190.5513916015625,0.907890796661377
786,1332,25469,577.0496826171875,187.6505584716797,325.504638671875,287.52638244628906,0.448464959859848
787,1333,36637,158.5775146484375,286.64019775390625,194.29022216796875,241.45513916015625,0.9009699821472168
788,1337,29451,497.18280029296875,821.361572265625,402.5625,266.6866455078125,0.9784494042396545
789,1337,16548,577.3480834960938,188.5452117919922,238.1895751953125,225.44667053222656,0.9768887162208557
790,1337,1900,168.012939453125,246.77456665039062,183.42236328125,180.85882568359375,0.9573096036911011
791,1337,18110,78.7532958984375,788.8231201171875,306.6763916015625,292.6541748046875,0.8283037543296814
792,134,35206,650.999267578125,142.4764404296875,196.491943359375,397.43780517578125,0.8942541480064392
793,134,3483,559.2711181640625,812.5567016601562,286.3739013671875,172.7989501953125,0.881446361541748
794,134,31885,41.403839111328125,4.4566650390625,352.9695129394531,524.982666015625,0.8765841722488403
795,134,27653,61.07099151611328,811.8031005859375,224.48979949951172,209.823486328125,0.6611362099647522
796,1340,16548,186.7593231201172,823.9962158203125,242.19117736816406,238.9930419921875,0.9384450316429138
797,1340,1900,644.78759765625,860.6077880859375,209.11865234375,157.3907470703125,0.8583263754844666
798,1340,31705,132.86412048339844,126.08319091796875,248.10401916503906,421.33807373046875,0.7111670970916748
799,1340,24850,582.2364501953125,287.05145263671875,287.54150390625,169.0736083984375,0.37817153334617615
800,1345,31885,170.06785583496094,127.84832763671875,420.23365783691406,500.37823486328125,0.950618326663971
801,1345,3483,602.2152099609375,845.62744140625,276.28076171875,187.7154541015625,0.8915438055992126
802,1345,29667,618.8623046875,173.54061889648438,222.26953125,215.8187255859375,0.8501980900764465
803,1345,25469,83.76699829101562,828.3255615234375,347.2230224609375,301.608154296875,0.6381136775016785
804,1347,3483,126.67147827148438,271.1142578125,271.4681396484375,191.0634765625,0.9089952111244202
805,1347,31885,413.46331787109375,613.1580810546875,424.2899169921875,515.906494140625,0.8483477830886841
806,1347,29667,139.50271606445312,872.1552734375,229.9229736328125,225.8056640625,0.7292628288269043
807,1347,25469,575.8629150390625,190.45233154296875,328.907958984375,282.9625244140625,0.49555790424346924
808,1348,31863,186.6445770263672,265.064697265625,203.89881896972656,205.239013671875,0.9846717715263367
809,1348,3351,361.348876953125,879.456298828125,190.52215576171875,192.628173828125,0.9666762948036194
810,1348,3351,184.02554321289062,263.9423828125,207.029296875,207.23431396484375,0.52821946144104
811,1348,22074,675.6754150390625,310.22216796875,185.703857421875,187.583984375,0.3511522114276886
812,135,31885,51.566650390625,22.69677734375,365.33856201171875,527.584228515625,0.9040160179138184
813,135,35206,680.0040283203125,154.60113525390625,200.80224609375,406.50689697265625,0.8769170641899109
814,135,3483,585.6236572265625,846.35498046875,284.961669921875,166.52587890625,0.8656072020530701
815,135,27653,95.53353118896484,851.59814453125,220.42279815673828,206.9073486328125,0.644582211971283
816,1350,22074,105.44255828857422,812.7493896484375,185.52222442626953,190.3487548828125,0.9428759813308716
817,1350,31863,588.1302490234375,857.4720458984375,206.415771484375,206.55419921875,0.4931897222995758
818,1353,16232,153.459716796875,828.48388671875,190.17236328125,191.9315185546875,0.9368550181388855
819,1353,34597,512.07568359375,677.3231201171875,444.359619140625,457.99658203125,0.8973626494407654
820,1353,3483,171.77969360351562,276.75872802734375,263.6822509765625,223.16180419921875,0.8942936062812805
821,1353,27777,638.0931396484375,292.81243896484375,174.0615234375,195.4873046875,0.6545057892799377
822,1354,3483,143.32052612304688,293.58544921875,209.60028076171875,254.732177734375,0.9126567840576172
823,1354,30308,578.7848510742188,734.6888427734375,340.9622802734375,467.1474609375,0.8939036130905151
824,1354,36637,168.31744384765625,799.3182373046875,188.99420166015625,255.192138671875,0.884385347366333
825,1354,20877,545.0321044921875,294.7119140625,326.5645751953125,233.4786376953125,0.8370939493179321
826,1355,30308,81.70639038085938,47.00653076171875,323.42901611328125,437.732666015625,0.9637740254402161
827,1355,36637,605.13671875,203.13552856445312,178.698974609375,244.258056640625,0.9539074897766113
828,1355,3483,626.140380859375,716.4381103515625,207.31689453125,270.854736328125,0.9321699142456055
829,1355,20877,87.94573974609375,725.9710083007812,328.7501220703125,239.93017578125,0.733786940574646
830,1357,3544,94.55280303955078,227.2354736328125,204.50896453857422,201.933349609375,0.975855827331543
831,1357,6563,164.61476135253906,672.8006591796875,220.54112243652344,364.2178955078125,0.9722961187362671
832,1357,16548,578.2474365234375,170.095947265625,231.531494140625,224.32781982421875,0.9627278447151184
833,1357,12420,627.4503173828125,814.4130859375,189.6015625,187.005126953125,0.878143310546875
834,1358,6563,196.41355895996094,715.1915283203125,217.29847717285156,356.65478515625,0.976162314414978
835,1358,3544,111.41522216796875,240.0411376953125,208.7225341796875,201.43206787109375,0.9731172919273376
836,1358,16548,605.3350219726562,177.23004150390625,237.9530029296875,223.84356689453125,0.9718475341796875
837,1359,12420,165.88046264648438,278.04010009765625,181.729248046875,178.8431396484375,0.9823179244995117
838,1359,3544,672.9340209960938,826.5926513671875,215.001220703125,212.373046875,0.9726094007492065
839,1359,6563,583.898681640625,231.464599609375,212.375732421875,338.3671875,0.937435507774353
840,136,16551,80.09390258789062,651.8701171875,314.743896484375,488.850341796875,0.9761068820953369
841,136,33009,569.307861328125,215.7596435546875,325.0614013671875,289.36248779296875,0.9075421094894409
842,136,44199,135.60015869140625,244.35389709472656,241.09979248046875,230.06480407714844,0.9020461440086365
843,136,1900,650.8150634765625,851.337646484375,209.9312744140625,157.56298828125,0.8951489329338074
844,1361,3351,357.99835205078125,148.427001953125,185.26153564453125,188.2525634765625,0.9764297008514404
845,1361,29667,630.4644165039062,691.7315673828125,229.8062744140625,228.7071533203125,0.9491895437240601
846,1361,19232,169.7956085205078,647.4569091796875,241.57090759277344,359.265625,0.31641051173210144
847,1363,16262,119.55245971679688,293.38818359375,243.05731201171875,234.770263671875,0.9774935245513916
848,1363,33880,455.20526123046875,246.66358947753906,431.4832763671875,285.27415466308594,0.7996754050254822
849,1366,29667,123.92855834960938,864.223876953125,230.34808349609375,226.511474609375,0.9189771413803101
850,1366,3483,132.10116577148438,288.58489990234375,276.2061767578125,173.2734375,0.8702268004417419
851,1366,22347,663.0657958984375,836.3076171875,213.7938232421875,207.206787109375,0.6914763450622559
852,1366,27653,671.7537841796875,256.49627685546875,222.2301025390625,198.8707275390625,0.6225850582122803
853,1367,3483,558.677978515625,812.9920654296875,285.811279296875,172.315673828125,0.8913292288780212
854,1367,29667,603.7484130859375,175.5935516357422,217.804931640625,214.12782287597656,0.7157904505729675
855,1367,27653,59.987945556640625,810.9763793945312,224.226318359375,209.6148681640625,0.6882579326629639
856,1367,22347,107.94171142578125,226.75955200195312,199.92181396484375,192.54302978515625,0.37015044689178467
857,1369,3483,600.94921875,866.2750244140625,259.298583984375,231.1494140625,0.8998715281486511
858,1369,16262,637.2682495117188,177.11419677734375,245.4520263671875,232.010498046875,0.8350602984428406
859,1369,22347,118.693115234375,213.58270263671875,205.6624755859375,198.61663818359375,0.834225594997406
860,1369,19861,126.46881103515625,865.019287109375,220.06707763671875,169.9874267578125,0.7491856217384338
861,1371,3483,573.104248046875,838.444580078125,262.2392578125,228.8424072265625,0.8990269303321838
862,1371,22347,104.12380981445312,204.98297119140625,199.78466796875,194.17034912109375,0.8739892244338989
863,1371,16262,611.0888671875,172.24514770507812,237.3641357421875,227.8807373046875,0.8521766662597656
864,1371,19861,90.5814208984375,828.43115234375,227.01443481445312,174.968994140625,0.7782827019691467
865,1372,22627,82.32275390625,97.830078125,321.04302978515625,481.914306640625,0.9741761088371277
866,1372,5886,611.513671875,692.210205078125,240.52197265625,515.3427734375,0.9032766222953796
867,1372,2483,597.4644775390625,109.52423095703125,287.383544921875,449.16571044921875,0.8867514133453369
868,1376,33208,151.55926513671875,296.8505859375,207.0501708984375,195.71533203125,0.9792211651802063
869,1376,1900,640.668701171875,859.357421875,207.092041015625,166.5775146484375,0.9625309109687805
870,1376,33009,586.5716552734375,241.56825256347656,362.856689453125,235.62449645996094,0.5673819184303284
871,1377,1900,150.47705078125,255.77755737304688,199.8775634765625,156.46685791015625,0.9680772423744202
872,1377,16551,607.05224609375,55.68157958984375,282.734130859375,485.20513916015625,0.9646819233894348
873,1377,33208,640.7855224609375,806.1885986328125,211.5350341796875,200.599609375,0.9288069009780884
874,1377,33009,44.994354248046875,824.1754150390625,361.9991455078125,227.1826171875,0.5076378583908081
875,1378,3483,152.84239196777344,219.0728302001953,244.39442443847656,221.06602478027344,0.9256380796432495
876,1378,22347,623.89453125,868.1937255859375,213.490234375,209.003662109375,0.8944146633148193
877,1378,35206,109.5457763671875,775.4365234375,299.52362060546875,390.7459716796875,0.8572275042533875
878,1378,19861,637.7744140625,278.5867919921875,219.689453125,168.0230712890625,0.2683154344558716
879,1379,3483,601.6702270507812,866.05615234375,258.514404296875,230.94775390625,0.9097613096237183
880,1379,35206,585.3313598632812,96.10955810546875,284.1490478515625,377.0826416015625,0.8961806297302246
881,1379,22347,161.8127899169922,201.12109375,204.93214416503906,197.27142333984375,0.8708710670471191
882,1379,19861,125.7216796875,865.2406005859375,221.63003540039062,169.71240234375,0.7419377565383911
883,1381,3351,406.7420654296875,842.5203857421875,189.8929443359375,193.350341796875,0.9639988541603088
884,1381,21325,632.774169921875,275.72894287109375,238.0301513671875,139.185546875,0.9502102136611938
885,1384,25367,49.59027099609375,95.734375,422.39117431640625,449.3822021484375,0.9132693409919739
886,1384,3483,567.39306640625,813.9344482421875,264.1982421875,220.761962890625,0.8924239277839661
887,1384,20238,604.0208129882812,196.56121826171875,226.151611328125,215.7421875,0.875039279460907
888,1384,27777,177.51124572753906,811.3228759765625,176.12693786621094,200.981689453125,0.6428770422935486
889,1385,3483,539.0625610351562,779.313720703125,265.603515625,226.00927734375,0.8902156352996826
890,1385,20238,576.5817260742188,191.00048828125,221.630615234375,214.38580322265625,0.875853955745697
891,1385,25367,36.7861328125,80.69029235839844,410.1217346191406,444.56117248535156,0.8202162981033325
892,1385,27777,144.80865478515625,776.1424560546875,178.993408203125,205.8193359375,0.7310405969619751
893,1386,25367,531.231201171875,699.58544921875,429.02587890625,474.0830078125,0.9248451590538025
894,1386,3483,173.8141326904297,273.11102294921875,262.01026916503906,221.73773193359375,0.8951467275619507
895,1386,20238,152.82000732421875,850.6875,232.519775390625,225.1859130859375,0.8380027413368225
896,1386,27777,639.1392822265625,291.9176025390625,173.890869140625,195.1468505859375,0.6569334864616394
897,1387,20877,140.27398681640625,835.2080078125,272.3046875,310.153564453125,0.9332519769668579
898,1387,3483,644.7363891601562,759.914306640625,203.2144775390625,272.198486328125,0.916438102722168
899,1387,20238,601.045654296875,179.49530029296875,227.063232421875,219.629150390625,0.8826358318328857
900,1387,22347,112.90728759765625,241.2584228515625,204.30548095703125,198.09332275390625,0.7320515513420105
901,139,31885,10.38543701171875,48.03326416015625,393.7870788574219,500.64013671875,0.9489574432373047
902,139,35206,585.4876708984375,111.67617797851562,223.127197265625,391.713134765625,0.9002346396446228
903,139,3483,574.4818115234375,810.8151245117188,278.850341796875,194.6414794921875,0.882733166217804
904,139,25469,49.72369384765625,785.96484375,352.46954345703125,304.228271484375,0.7719807028770447
905,1390,22627,114.47584533691406,158.11907958984375,362.88536071777344,458.80804443359375,0.9864192605018616
906,1390,22362,603.86083984375,748.267822265625,268.9139404296875,418.084228515625,0.9461128115653992
907,1390,25438,157.85882568359375,870.71875,262.20281982421875,269.657470703125,0.891414225101471
908,1390,2483,603.3583374023438,120.36322021484375,202.957275390625,462.3909912109375,0.8269068002700806
909,1392,22627,109.22344970703125,128.55029296875,368.69580078125,453.646240234375,0.9276736974716187
910,1392,22362,596.7966918945312,745.390869140625,257.2386474609375,404.594970703125,0.9256999492645264
911,1392,25438,156.83277893066406,861.080810546875,255.35606384277344,252.5413818359375,0.9151023626327515
912,1392,2483,605.1631469726562,81.76641845703125,217.489501953125,476.99066162109375,0.8989381194114685
913,1393,3483,175.1185760498047,273.6329345703125,261.94862365722656,221.833740234375,0.8895055055618286
914,1393,16262,136.026611328125,834.9102783203125,250.5848388671875,241.635498046875,0.8112059235572815
915,1393,27777,639.8837890625,292.102294921875,174.05029296875,195.16162109375,0.67582768201828
916,1393,22347,683.6260986328125,870.112548828125,214.107666015625,208.724365234375,0.5925583839416504
917,1395,3483,539.0677490234375,778.9146728515625,264.747314453125,225.903564453125,0.8959993720054626
918,1395,22347,88.1097412109375,192.9530029296875,200.74609375,195.1871337890625,0.8388568758964539
919,1395,16262,576.070068359375,187.75486755371094,235.9388427734375,228.07691955566406,0.7739202976226807
920,1395,27777,144.30252075195312,775.7378540039062,179.10952758789062,205.59521484375,0.7200065851211548
921,1396,19552,510.8385009765625,599.5980224609375,327.2454833984375,479.5137939453125,0.959345281124115
922,1396,5094,525.0074462890625,161.8932647705078,269.05078125,266.27989196777344,0.8282294869422913
923,1396,13395,80.57516479492188,80.1900634765625,229.93698120117188,485.2557373046875,0.7241398692131042
924,1396,2483,87.88815307617188,662.4996337890625,204.25286865234375,485.7786865234375,0.25749996304512024
925,140,31885,22.25787353515625,69.77131652832031,410.9259033203125,506.85728454589844,0.9543493986129761
926,140,35206,614.6895751953125,119.33213806152344,229.35546875,401.79579162597656,0.9041016101837158
927,140,3483,602.068603515625,845.44580078125,277.647216796875,187.798583984375,0.882213830947876
928,140,25469,85.72296142578125,827.914306640625,345.2218017578125,305.1944580078125,0.7372361421585083
929,1401,3483,126.53903198242188,270.985107421875,270.85211181640625,188.39276123046875,0.9077904224395752
930,1401,22347,650.9923095703125,851.024169921875,214.3818359375,207.1688232421875,0.8879181742668152
931,1401,29667,138.671630859375,872.01904296875,228.947998046875,226.639892578125,0.8589428663253784
932,1401,25469,574.05419921875,188.79779052734375,330.2808837890625,285.0068359375,0.49866390228271484
933,1402,33880,463.0137634277344,194.92364501953125,392.3308410644531,365.12274169921875,0.9884877800941467
934,1402,3351,424.6976318359375,885.1031494140625,190.64111328125,192.320068359375,0.9832457304000854
935,1402,20238,84.86361694335938,334.01708984375,226.91384887695312,221.918701171875,0.9192266464233398
936,1404,33880,120.23260498046875,738.225830078125,397.26116943359375,374.9228515625,0.9901020526885986
937,1404,20238,669.7122802734375,762.2218017578125,228.35205078125,222.100830078125,0.957995593547821
938,1407,3351,377.75262451171875,231.13648986816406,183.670166015625,180.15647888183594,0.9671612977981567
939,1407,38162,605.2899780273438,793.4505615234375,245.34326171875,252.4638671875,0.9369971752166748
940,1408,33208,655.8502807617188,898.544677734375,219.9693603515625,212.342041015625,0.9696899056434631
941,1408,16548,74.33932495117188,807.20068359375,244.45748901367188,236.885498046875,0.9512358903884888
942,1408,1900,186.44830322265625,273.2666015625,202.78839111328125,137.361083984375,0.9266263246536255
943,1408,21026,683.029296875,275.505859375,180.629150390625,171.5380859375,0.7546060681343079
944,1411,36637,642.9761962890625,207.849365234375,190.166259765625,247.34454345703125,0.9425906538963318
945,1411,30308,69.031982421875,131.1129608154297,391.21343994140625,415.14259338378906,0.9006763696670532
946,1411,3483,586.6798095703125,845.6668090820312,284.671875,166.903564453125,0.8857681751251221
947,1411,27653,95.9659423828125,852.04150390625,221.29037475585938,207.243408203125,0.6649171710014343
948,1413,36637,152.0067138671875,802.9066162109375,193.9195556640625,253.354736328125,0.9379168152809143
949,1413,3483,130.25485229492188,290.132080078125,277.3126220703125,173.3572998046875,0.8763893842697144
950,1413,30308,548.9869384765625,706.5404052734375,396.129150390625,422.7769775390625,0.6878336071968079
951,1413,27653,668.2998046875,254.4928741455078,223.07373046875,199.15184020996094,0.6247406005859375
952,1414,3544,110.53970336914062,193.03662109375,201.46484375,200.99993896484375,0.97050940990448
953,1414,10221,600.6048583984375,192.4251251220703,218.218505859375,212.47264099121094,0.9700216054916382
954,1414,27926,552.5723876953125,600.1126708984375,281.180908203125,479.9068603515625,0.9485541582107544
955,1418,16551,107.05361938476562,646.7786865234375,289.80364990234375,496.85107421875,0.9774652719497681
956,1418,1900,128.1658935546875,258.0257568359375,197.09820556640625,147.586181640625,0.9334568381309509
957,1418,31705,597.369384765625,700.095703125,249.491455078125,451.918212890625,0.6119627356529236
958,142,16548,593.0477294921875,155.69784545898438,233.900390625,224.89422607421875,0.976395845413208
959,142,44199,76.97901153564453,175.33975219726562,250.01158905029297,225.12200927734375,0.9665044546127319
960,142,21026,92.11135864257812,831.437255859375,181.51498413085938,179.2733154296875,0.7039849162101746
961,1420,16688,546.8837890625,66.6124267578125,265.189697265625,598.6342163085938,0.9832509160041809
962,1420,41768,96.329345703125,237.0054931640625,299.293212890625,268.508544921875,0.9502201676368713
963,1421,41768,550.072509765625,717.7978515625,305.42529296875,294.334716796875,0.9142193794250488
964,1424,3483,539.0567626953125,777.948974609375,265.2685546875,225.15869140625,0.8907920122146606
965,1424,35206,584.4785766601562,133.71006774902344,220.1636962890625,390.82289123535156,0.8864879012107849
966,1424,31885,99.4638671875,74.804931640625,361.7142333984375,524.2899169921875,0.837470531463623
967,1424,27777,144.461181640625,774.2196044921875,179.76632690429688,206.725341796875,0.7120429873466492
968,1425,3483,567.201416015625,811.9111328125,263.8115234375,219.826416015625,0.8873563408851624
969,1425,31885,112.89950561523438,96.4520263671875,370.47015380859375,526.360107421875,0.8796241879463196
970,1425,35206,613.7887573242188,142.67376708984375,224.70654296875,399.6011962890625,0.8629140853881836
971,1425,27777,177.62335205078125,811.2347412109375,176.3193359375,199.40576171875,0.6745085716247559
972,1429,16548,125.80252075195312,828.96875,236.95474243164062,229.52685546875,0.9746956825256348
973,1429,29345,605.8050537109375,705.5771484375,281.366943359375,443.153564453125,0.9353824257850647
974,143,16548,620.8706665039062,161.34152221679688,240.2451171875,224.9249267578125,0.9827232360839844
975,143,44199,91.1202392578125,184.16448974609375,258.369873046875,229.52789306640625,0.9800392985343933
976,143,1900,607.7200927734375,897.7501220703125,210.1151123046875,140.6563720703125,0.9332784414291382
977,143,21026,125.73126220703125,864.2769775390625,179.54962158203125,178.65087890625,0.6777054667472839
978,1431,16548,92.08975219726562,790.0596923828125,240.14773559570312,234.867431640625,0.9661810398101807
979,1431,29345,577.1571655273438,666.84619140625,288.47216796875,447.05712890625,0.965892493724823
980,1431,10221,650.5731201171875,207.98345947265625,217.8369140625,214.9395751953125,0.4842064678668976
981,1433,32310,0.0,661.572021484375,305.77667236328125,328.67431640625,0.9787659049034119
982,1433,3351,368.54168701171875,173.94085693359375,180.8255615234375,182.4234619140625,0.9616557955741882
983,1433,38162,607.4697265625,753.5392456054688,298.767333984375,204.9161376953125,0.9521599411964417
984,1435,3351,398.363525390625,852.9022216796875,187.21282958984375,190.956787109375,0.9614648818969727
985,1435,13900,170.82400512695312,342.9112548828125,172.9696044921875,250.4051513671875,0.905448853969574
986,1436,3351,349.3656005859375,185.19537353515625,186.0535888671875,187.9591064453125,0.9703299403190613
987,1436,13900,599.50732421875,625.7548217773438,182.1669921875,267.4178466796875,0.8972609043121338
988,1438,12247,176.31768798828125,300.4757080078125,202.51953125,128.928466796875,0.98360276222229
989,1438,6563,581.8331298828125,231.328125,213.8408203125,338.4075927734375,0.9448935389518738
990,1438,16548,208.474609375,840.451904296875,242.26513671875,239.016357421875,0.9387792944908142
991,1439,3544,72.60283660888672,199.82595825195312,202.39533233642578,199.144775390625,0.9712570309638977
992,1439,16548,514.9170532226562,179.48333740234375,232.0377197265625,225.9766845703125,0.9491737484931946
993,1439,12247,591.9378662109375,847.8206787109375,213.743896484375,128.412841796875,0.8666456937789917
994,1441,36637,592.9998779296875,204.2174072265625,252.91943359375,167.40618896484375,0.9260094165802002
995,1441,3483,579.915771484375,759.3510131835938,274.971923828125,206.937744140625,0.8961210250854492
996,1441,22347,118.74978637695312,174.67044067382812,200.28567504882812,191.843505859375,0.8439722061157227
997,1441,27733,92.65922546386719,731.5006103515625,320.30787658691406,281.6319580078125,0.823448896408081
998,1442,3483,607.8763427734375,791.3709716796875,273.839111328125,211.3076171875,0.9079713821411133
999,1442,27733,128.51210021972656,775.50732421875,316.34544372558594,277.542724609375,0.9043598771095276
1000,1442,22347,133.7015380859375,178.19302368164062,206.05825805664062,197.50360107421875,0.7873899936676025
1001,1442,36637,619.3095703125,208.76129150390625,261.45849609375,168.07891845703125,0.7080475687980652
1002,1444,4378,135.70535278320312,102.6104736328125,220.56698608398438,441.63494873046875,0.9838143587112427
1003,1444,3743,484.54205322265625,150.406982421875,312.026123046875,302.8082275390625,0.9805561900138855
1004,1444,2483,98.7734375,690.6474609375,211.70529174804688,490.2076416015625,0.8804592490196228
1005,1444,23223,520.58203125,629.271728515625,297.234130859375,507.6893310546875,0.42123815417289734
1006,1446,4378,588.0628051757812,700.5540771484375,224.53857421875,451.61865234375,0.9815124273300171
1007,1446,23223,120.99757385253906,72.83958435058594,296.18382263183594,500.99635314941406,0.9577714800834656
1008,1446,2483,630.64990234375,30.88983154296875,201.4111328125,480.19091796875,0.8693100214004517
1009,1446,3743,130.8260040283203,800.891845703125,327.10618591308594,321.73681640625,0.705625593662262
1010,1447,3544,103.93450927734375,179.95172119140625,202.7630615234375,198.953125,0.9519765377044678
1011,1447,10221,627.9496459960938,191.30313110351562,219.7628173828125,216.12066650390625,0.950747013092041
1012,1447,16548,46.033447265625,791.06591796875,243.24017333984375,233.852294921875,0.9337680339813232
1013,1447,29451,467.2329406738281,767.2718505859375,412.1237487792969,246.56640625,0.5032495856285095
1014,1449,3544,117.34088134765625,185.06820678710938,208.07138061523438,201.88958740234375,0.9722766876220703
1015,1449,16548,81.62255859375,832.205078125,238.73171997070312,227.9588623046875,0.9692633748054504
1016,1449,29451,496.78662109375,806.036865234375,405.1953125,239.1005859375,0.5833183526992798
1017,1449,10221,655.544189453125,198.6754608154297,225.947998046875,215.98023986816406,0.468863308429718
1018,1450,13395,590.5137939453125,714.01806640625,235.87158203125,499.16357421875,0.9188426733016968
1019,1450,12778,114.37069702148438,68.060302734375,288.86163330078125,520.80078125,0.9030933380126953
1020,1450,25438,124.95196533203125,810.819580078125,254.24078369140625,255.852783203125,0.8984622955322266
1021,1450,2483,604.3917236328125,47.52174377441406,211.531005859375,481.04856872558594,0.8914926648139954
1022,1452,25438,126.209716796875,825.1512451171875,261.39971923828125,264.919189453125,0.9148876070976257
1023,1452,13395,601.4573974609375,708.20361328125,238.58837890625,523.17431640625,0.8955057263374329
1024,1452,12778,116.81370544433594,100.28961181640625,284.08631896972656,524.01708984375,0.8720912933349609
1025,1452,2483,600.9945068359375,86.44219970703125,202.171875,467.08831787109375,0.8715951442718506
1026,1453,18357,48.41046142578125,310.0732421875,280.46722412109375,330.10858154296875,0.9774775505065918
1027,1453,16688,477.535888671875,122.653076171875,423.8326416015625,523.1922607421875,0.7703772783279419
1028,1455,3351,334.13629150390625,192.20556640625,182.3740234375,181.39093017578125,0.966905951499939
1029,1455,18357,652.830810546875,650.9954833984375,284.694580078125,339.3367919921875,0.49262791872024536
1030,1455,16688,71.57318115234375,629.760498046875,435.26611328125,584.97021484375,0.30876901745796204
1031,1458,4378,639.791015625,702.5323486328125,226.6279296875,455.0301513671875,0.9847486615180969
1032,1458,23223,74.50494384765625,168.15411376953125,299.20916748046875,500.47943115234375,0.9597177505493164
1033,1458,2483,615.6497192382812,62.524169921875,235.288818359375,476.90240478515625,0.9036105275154114
1034,1458,25438,110.81562042236328,829.46875,255.33477020263672,253.549072265625,0.9009437561035156
1035,1459,5094,105.72523498535156,809.665283203125,285.51658630371094,286.951416015625,0.8876424431800842
1036,1459,12081,649.0037841796875,695.40380859375,246.6944580078125,464.44384765625,0.836356520652771
1037,1459,2483,625.2225341796875,73.77520751953125,222.6583251953125,461.26654052734375,0.7187765836715698
1038,146,16232,153.29885864257812,828.0096435546875,188.7464599609375,192.291015625,0.9360999464988708
1039,146,31885,552.0037841796875,669.3125,408.3834228515625,534.9339599609375,0.9231739044189453
1040,146,3483,172.32147216796875,276.5306396484375,262.631103515625,220.7275390625,0.8980520367622375
1041,146,27777,637.84228515625,292.7933349609375,174.362060546875,195.32568359375,0.6729698181152344
1042,1460,12081,69.81301879882812,130.26161193847656,227.44015502929688,427.60887145996094,0.8643359541893005
1043,1460,5094,551.23388671875,190.7311553955078,268.052978515625,266.36302185058594,0.8528004884719849
1044,1460,2483,57.204307556152344,698.99609375,254.76044464111328,479.9805908203125,0.8030918836593628
1045,1460,22627,550.5889892578125,573.199951171875,311.33056640625,483.87939453125,0.7654543519020081
1046,1461,2483,626.1419677734375,35.190643310546875,252.796630859375,471.9927978515625,0.9061811566352844
1047,1461,5094,105.88427734375,799.73681640625,279.27386474609375,277.554443359375,0.7927013039588928
1048,1461,12081,642.66259765625,689.160400390625,234.26123046875,450.3448486328125,0.6446811556816101
1049,1462,20238,134.0911865234375,868.2330322265625,230.63970947265625,227.85498046875,0.9124694466590881
1050,1462,25367,520.7513427734375,671.86865234375,431.387939453125,467.491455078125,0.9012628793716431
1051,1462,3483,129.96636962890625,289.84930419921875,277.66168212890625,173.03692626953125,0.8692958950996399
1052,1462,27653,669.311767578125,255.25892639160156,222.322998046875,199.43479919433594,0.5697570443153381
1053,1463,25367,55.901763916015625,124.65545654296875,427.57806396484375,448.75103759765625,0.9370880722999573
1054,1463,20238,623.6021118164062,175.7774658203125,224.3280029296875,218.765869140625,0.9146019220352173
1055,1463,3483,586.095703125,846.30322265625,284.536865234375,167.696044921875,0.8641141653060913
1056,1463,27653,96.43537139892578,851.9556884765625,221.36504364013672,207.83203125,0.6784557700157166
1057,1464,25367,45.8367919921875,105.16448974609375,407.918212890625,447.388671875,0.9101610779762268
1058,1464,3483,559.5905151367188,812.334716796875,286.6024169921875,172.6812744140625,0.8850945830345154
1059,1464,20238,597.1783447265625,174.982421875,217.5716552734375,213.9736328125,0.8171741366386414
1060,1464,27653,62.784088134765625,811.3109741210938,223.62384033203125,211.1038818359375,0.6437856554985046
1061,1466,3483,559.3389892578125,812.1680908203125,286.18603515625,173.164306640625,0.8877186179161072
1062,1466,16262,594.331787109375,178.69215393066406,236.8203125,226.94053649902344,0.8454408645629883
1063,1466,22347,107.1259765625,179.49658203125,199.20440673828125,192.92950439453125,0.8082494735717773
1064,1466,27653,60.954559326171875,810.4981689453125,225.16226196289062,210.60009765625,0.6784751415252686
1065,1473,19607,151.83392333984375,218.5068359375,156.83822631835938,153.38128662109375,0.957051157951355
1066,1473,21026,125.47369384765625,864.0826416015625,179.84872436523438,178.335693359375,0.7024937868118286
1067,1474,34597,68.08277893066406,101.1822509765625,441.44737243652344,423.17559814453125,0.9055725336074829
1068,1474,3483,608.3175048828125,789.6854248046875,274.21533203125,210.9075927734375,0.9044627547264099
1069,1474,27733,126.117919921875,766.8045654296875,314.06292724609375,277.07666015625,0.8503860831260681
1070,1474,36637,620.2996826171875,208.20155334472656,261.166015625,168.10142517089844,0.8502277731895447
1071,1476,36637,592.577392578125,203.36549377441406,253.053466796875,167.91978454589844,0.9263665080070496
1072,1476,3483,580.7606201171875,758.0167236328125,274.9542236328125,207.2998046875,0.8980401158332825
1073,1476,27733,88.93209838867188,726.3516845703125,319.275146484375,281.5419921875,0.8134679794311523
1074,1476,34597,53.9300537109375,73.8668212890625,430.2664794921875,430.53802490234375,0.746776282787323
1075,1477,18357,356.38885498046875,676.30224609375,255.83612060546875,375.4276123046875,0.9881920218467712
1076,148,19232,503.026123046875,237.70640563964844,330.2259521484375,256.94972229003906,0.8811337351799011
1077,148,20238,121.39703369140625,297.8963623046875,227.39083862304688,221.9671630859375,0.8484700918197632
1078,148,3351,403.600830078125,849.2979736328125,188.40283203125,191.86572265625,0.5040225386619568
1079,1480,10221,158.06344604492188,262.10528564453125,222.27532958984375,212.01251220703125,0.9899939894676208
1080,1480,16548,172.06430053710938,834.3472900390625,243.774658203125,237.72509765625,0.9612112641334534
1081,1480,6563,595.094482421875,239.43931579589844,210.149169921875,337.29444885253906,0.8214049339294434
1082,1480,3544,641.3764038085938,874.943359375,217.1187744140625,213.9912109375,0.3429093658924103
1083,1483,3483,152.599609375,218.3582763671875,244.7889404296875,221.68548583984375,0.9220051169395447
1084,1483,35206,109.20872497558594,775.619873046875,300.00856018066406,389.9110107421875,0.8979495763778687
1085,1483,28763,630.6805419921875,895.83056640625,223.7071533203125,216.203125,0.829042375087738
1086,1483,19861,637.547607421875,278.8245849609375,220.842529296875,168.0267333984375,0.43412643671035767
1087,1485,3483,601.3214111328125,865.97509765625,259.072265625,231.71484375,0.9016340970993042
1088,1485,28763,147.10739135742188,168.03407287597656,211.6539306640625,201.32884216308594,0.8879885077476501
1089,1485,35206,585.9124755859375,95.5496826171875,283.05029296875,378.36602783203125,0.8292766213417053
1090,1485,19861,125.24313354492188,864.64453125,222.18087768554688,170.3848876953125,0.7288500666618347
1091,1488,3351,392.42340087890625,206.3251953125,184.0797119140625,182.7613525390625,0.9730711579322815
1092,1488,31863,625.6541137695312,829.7689208984375,208.8153076171875,207.3302001953125,0.9135544896125793
1093,1488,21325,210.27383422851562,823.8896484375,201.73309326171875,201.486083984375,0.670103132724762
1094,1489,3351,402.01129150390625,850.7669677734375,190.0958251953125,191.0169677734375,0.9745194911956787
1095,1489,20014,537.5887451171875,287.962890625,336.778564453125,318.173583984375,0.9704394936561584
1096,149,19232,95.03462219238281,696.8487548828125,340.19236755371094,267.413330078125,0.9164426326751709
1097,1492,3351,377.54815673828125,904.0054931640625,192.265625,191.8087158203125,0.939024031162262
1098,1492,21325,185.97047424316406,275.3841552734375,159.48167419433594,230.3046875,0.9207563996315002
1099,1493,18147,59.0496826171875,542.0020751953125,350.19219970703125,381.603515625,0.9699363708496094
1100,1493,3351,370.7108154296875,136.72354125976562,181.952392578125,190.137939453125,0.9636182188987732
1101,1493,21325,599.0733032226562,720.75830078125,158.5224609375,241.4649658203125,0.8474867939949036
1102,1497,34597,59.8070068359375,59.73561096191406,305.745361328125,498.61399841308594,0.9051789045333862
1103,1497,3483,566.37890625,841.9256591796875,261.2403564453125,228.899658203125,0.8865703344345093
1104,1497,19861,85.58708953857422,827.44921875,225.92035675048828,175.65625,0.8283539414405823
1105,1497,29667,610.1883544921875,199.800537109375,217.981689453125,214.673583984375,0.7232367396354675
1106,15,33880,51.17572021484375,779.32666015625,446.24395751953125,284.394775390625,0.9783168435096741
1107,15,3351,359.92681884765625,248.37684631347656,183.1756591796875,180.88121032714844,0.9714915752410889
1108,150,20238,632.4456787109375,800.0701904296875,229.944091796875,224.5369873046875,0.9468667507171631
1109,150,19232,140.0841827392578,799.86572265625,333.18309020996094,265.495849609375,0.8580355048179626
1110,1500,38162,197.44528198242188,732.825439453125,188.2681884765625,298.330322265625,0.9864748120307922
1111,1500,3351,350.550537109375,237.63148498535156,185.017822265625,181.52818298339844,0.9045313000679016
1112,151,29451,510.5322265625,243.1887969970703,409.313720703125,222.16075134277344,0.9823225140571594
1113,151,1900,643.40966796875,844.8231201171875,189.024658203125,189.8740234375,0.9695754647254944
1114,152,33208,582.615478515625,810.2548217773438,214.6524658203125,205.3101806640625,0.9673335552215576
1115,152,16548,620.7667236328125,205.5946044921875,231.334228515625,224.736083984375,0.9274629950523376
1116,152,29451,35.2081298828125,802.1737060546875,422.52447509765625,223.8740234375,0.8995431661605835
1117,152,1900,148.268310546875,241.67391967773438,180.10064697265625,179.26165771484375,0.34728455543518066
1118,153,29451,71.64996337890625,843.9427490234375,413.26165771484375,216.4171142578125,0.9881296157836914
1119,153,33208,610.6715698242188,843.0347900390625,209.5950927734375,201.715576171875,0.9710735082626343
1120,153,1900,167.04701232910156,247.42141723632812,183.18870544433594,181.9351806640625,0.8570244312286377
1121,153,16548,648.2447509765625,211.79678344726562,238.20166015625,227.77862548828125,0.796011209487915
1122,154,23223,85.97500610351562,135.759765625,320.4895935058594,491.1971435546875,0.9482980966567993
1123,154,5886,596.6640014648438,684.9703369140625,236.8609619140625,489.555908203125,0.893244743347168
1124,154,2483,619.137939453125,50.2950439453125,250.0244140625,472.08770751953125,0.8011457324028015
1125,154,5094,110.58456420898438,806.44580078125,277.00482177734375,274.595458984375,0.7167136073112488
1126,155,2483,70.36151885986328,697.75537109375,254.37352752685547,460.5540771484375,0.8917707204818726
1127,155,5094,549.80126953125,186.4767303466797,269.6571044921875,267.28541564941406,0.8723984360694885
1128,155,23223,532.2642822265625,575.7301025390625,317.840576171875,497.0791015625,0.8438764810562134
1129,155,5886,109.62419891357422,83.52215576171875,237.69074249267578,476.5654296875,0.8069613575935364
1130,156,23223,92.480712890625,165.46807861328125,318.56378173828125,497.96514892578125,0.9459183216094971
1131,156,2483,607.27880859375,89.3846435546875,261.0869140625,453.21246337890625,0.8644951581954956
1132,156,5886,605.11669921875,684.0791015625,244.034423828125,503.36083984375,0.8470459580421448
1133,156,5094,109.68327331542969,816.8385009765625,283.40419006347656,284.6959228515625,0.7259291410446167
1134,157,25367,107.15248107910156,83.66326904296875,395.02378845214844,455.6427001953125,0.89128178358078
1135,157,3483,538.8908081054688,779.5603637695312,265.612060546875,225.062744140625,0.8890394568443298
1136,157,16262,576.765380859375,187.78953552246094,234.806396484375,228.77284240722656,0.7587524652481079
1137,157,27777,144.9224853515625,775.1295166015625,178.90777587890625,206.83984375,0.7415056824684143
1138,159,25367,121.03019714355469,96.06617736816406,405.58509826660156,466.68785095214844,0.940447986125946
1139,159,3483,566.7335815429688,813.6678466796875,264.3807373046875,221.428955078125,0.8911351561546326
1140,159,16262,603.6038818359375,194.13473510742188,240.6527099609375,229.816162109375,0.8486408591270447
1141,159,27777,177.43899536132812,811.8094482421875,175.5968017578125,200.305908203125,0.6675268411636353
1142,160,4543,147.83364868164062,913.8695068359375,210.803955078125,212.188720703125,0.9824442267417908
1143,160,3544,627.6329345703125,886.680908203125,212.1422119140625,214.3701171875,0.9805895090103149
1144,160,23203,210.04940795898438,313.80987548828125,135.45550537109375,139.6793212890625,0.9549325704574585
1145,162,4543,629.2627563476562,144.39486694335938,206.537353515625,203.88436889648438,0.9728220105171204
1146,162,16551,126.0579833984375,537.264404296875,291.60113525390625,479.3515625,0.9690922498703003
1147,162,3544,157.95614624023438,178.18634033203125,206.6680908203125,201.21600341796875,0.9163479208946228
1148,163,16232,642.8400268554688,249.84298706054688,188.6435546875,183.46185302734375,0.9121450781822205
1149,163,3483,568.395263671875,812.1748046875,264.21826171875,221.816162109375,0.8894891142845154
1150,163,27777,178.87045288085938,810.808349609375,175.59014892578125,201.50732421875,0.6329910159111023
1151,164,3483,172.05108642578125,275.37939453125,262.75079345703125,221.309814453125,0.8899953961372375
1152,164,16232,153.20701599121094,828.3140869140625,190.30311584472656,191.83642578125,0.8853750228881836
1153,164,28763,651.9442138671875,890.5413818359375,222.541015625,214.965576171875,0.8517536520957947
1154,164,27777,637.9586181640625,292.2390441894531,173.682373046875,195.54388427734375,0.6744540929794312
1155,165,16232,615.58740234375,239.6895294189453,183.5618896484375,182.38389587402344,0.9434114694595337
1156,165,3483,539.9471435546875,777.4598388671875,265.4794921875,224.734375,0.8987558484077454
1157,165,27777,146.5284423828125,775.468017578125,178.50390625,205.470947265625,0.706048309803009
1158,17,35206,115.0386962890625,587.8218994140625,312.38677978515625,383.309814453125,0.8317367434501648
1159,17,41768,562.142578125,642.9332275390625,273.8388671875,301.679443359375,0.7687070369720459
1160,170,6192,115.98054504394531,166.33436584472656,310.69273376464844,511.54368591308594,0.9783489108085632
1161,170,5094,106.67721557617188,809.857666015625,284.1749267578125,286.7283935546875,0.8973696827888489
1162,170,12081,648.450927734375,693.4962158203125,246.891357421875,466.9576416015625,0.8500528335571289
1163,170,2483,618.9637451171875,76.42852783203125,234.974365234375,459.39483642578125,0.62277752161026
1164,172,25367,114.28033447265625,61.63201904296875,338.21173095703125,504.1571044921875,0.9493230581283569
1165,172,29667,631.88037109375,177.84129333496094,223.2801513671875,217.65675354003906,0.8649353384971619
1166,172,3483,584.4983520507812,845.916748046875,284.761474609375,167.28466796875,0.8620393872261047
1167,172,27653,94.4900131225586,851.372314453125,220.70453643798828,206.82275390625,0.5963465571403503
1168,173,25367,98.61871337890625,53.97833251953125,328.8277587890625,489.5489501953125,0.9068284034729004
1169,173,3483,558.635009765625,812.017822265625,285.66943359375,174.497314453125,0.8931998610496521
1170,173,29667,603.4187622070312,175.62606811523438,218.2437744140625,214.46337890625,0.797881543636322
1171,173,27653,60.141639709472656,810.553466796875,224.46965789794922,210.590087890625,0.6852211356163025
1172,174,25367,549.2054443359375,683.5146484375,341.7984619140625,515.640869140625,0.9506499171257019
1173,174,29667,124.356689453125,862.9610595703125,229.53250122070312,227.365966796875,0.9046616554260254
1174,174,3483,131.47891235351562,289.05767822265625,278.05230712890625,173.406982421875,0.8765289187431335
1175,174,27653,672.240966796875,256.38104248046875,221.524658203125,197.7633056640625,0.6534826755523682
1176,175,30308,121.7503662109375,97.2728271484375,279.1817626953125,473.46868896484375,0.9860219359397888
1177,175,3483,594.793212890625,871.000244140625,256.244873046875,230.6531982421875,0.8814080357551575
1178,175,29667,637.77099609375,203.69927978515625,224.8349609375,213.93914794921875,0.8368668556213379
1179,175,19861,119.962158203125,863.789306640625,219.03778076171875,170.2855224609375,0.7796605229377747
1180,176,30308,593.895751953125,679.4515380859375,285.994873046875,484.237060546875,0.9755762815475464
1181,176,3483,159.72715759277344,214.59603881835938,244.43397521972656,221.57598876953125,0.9182829856872559
1182,176,29667,118.2317886352539,840.99462890625,230.50237274169922,224.89306640625,0.7933260202407837
1183,176,19861,644.6898193359375,279.3519287109375,219.86474609375,167.8770751953125,0.7087321877479553
1184,179,3483,173.63861083984375,272.93572998046875,262.678466796875,221.0030517578125,0.9002721309661865
1185,179,22347,645.01513671875,832.254638671875,213.94287109375,208.17724609375,0.8677405714988708
1186,179,20238,152.94198608398438,850.53125,231.86614990234375,225.398193359375,0.8594253063201904
1187,179,27777,638.83349609375,291.55035400390625,174.298095703125,195.47735595703125,0.6669231653213501
1188,180,3483,539.3804321289062,780.1214599609375,264.8056640625,225.678955078125,0.9015840888023376
1189,180,20238,576.309326171875,190.48532104492188,221.84130859375,214.1793212890625,0.8933087587356567
1190,180,22347,124.3812255859375,229.29959106445312,200.232666015625,194.19415283203125,0.846700131893158
1191,180,27777,144.58004760742188,776.217529296875,179.65374755859375,206.2783203125,0.7210831046104431
1192,183,10221,158.73216247558594,261.41461181640625,221.75196838378906,213.34600830078125,0.9884953498840332
1193,183,3544,641.072509765625,875.254638671875,216.8837890625,214.06005859375,0.9471690058708191
1194,183,6563,594.4963989257812,239.72071838378906,210.9417724609375,338.07896423339844,0.8912035226821899
1195,183,16551,21.065277099609375,688.3043212890625,407.4396057128906,423.41455078125,0.30453914403915405
1196,185,16548,134.9791259765625,739.2320556640625,240.05572509765625,233.15185546875,0.9760890603065491
1197,185,3544,143.39068603515625,173.09100341796875,202.03610229492188,197.689453125,0.9446724057197571
1198,185,23203,627.6798095703125,820.3795166015625,138.672119140625,139.2755126953125,0.9152801036834717
1199,185,4543,600.5250244140625,144.79107666015625,203.10498046875,200.78961181640625,0.8655679225921631
1200,186,16548,166.40289306640625,780.33837890625,236.4793701171875,229.204833984375,0.9669433832168579
1201,186,4543,629.218994140625,144.49118041992188,206.10791015625,202.9361572265625,0.9530448317527771
1202,189,22362,619.64501953125,780.06494140625,255.1483154296875,424.413330078125,0.9652289748191833
1203,189,2483,643.117919921875,118.28033447265625,198.55029296875,469.7027587890625,0.8318046927452087
1204,189,12778,90.14010620117188,141.4703369140625,287.7937316894531,521.10791015625,0.7378407120704651
1205,189,5094,137.22244262695312,857.596435546875,284.18890380859375,287.9378662109375,0.648621141910553
1206,19,3483,611.4415283203125,787.7606811523438,272.56884765625,212.0892333984375,0.9050576090812683
1207,19,27733,124.1937255859375,765.7440185546875,316.42303466796875,279.97998046875,0.8147745132446289
1208,19,36637,619.7855224609375,205.84686279296875,261.523193359375,169.1015625,0.7661149501800537
1209,19,28763,102.51270294189453,169.22393798828125,211.07561492919922,203.15216064453125,0.660419225692749
1210,191,16551,579.7818603515625,569.6494140625,290.156005859375,488.1845703125,0.9697283506393433
1211,191,4543,641.8129272460938,151.94729614257812,200.0897216796875,198.77609252929688,0.9675466418266296
1212,191,3544,94.06948852539062,786.869384765625,223.58786010742188,221.668212890625,0.3660886585712433
1213,196,22362,82.4671630859375,115.47280883789062,257.20770263671875,391.821044921875,0.957631528377533
1214,196,3743,491.7984924316406,126.36444091796875,313.3835144042969,302.94927978515625,0.9411997199058533
1215,196,12778,536.71728515625,513.202392578125,281.122314453125,526.2822265625,0.926286518573761
1216,196,2483,87.025146484375,659.772705078125,213.97201538085938,493.666748046875,0.9059573411941528
1217,197,3743,121.83253479003906,828.5460205078125,321.80186462402344,320.640625,0.9808270931243896
1218,197,12778,125.10317993164062,175.5316162109375,279.05181884765625,518.555419921875,0.9378335475921631
1219,197,2483,636.223388671875,63.22560119628906,201.72021484375,483.06163024902344,0.8765735626220703
1220,197,12081,101.58666229248047,762.6502685546875,239.14398956298828,440.6292724609375,0.27049434185028076
1221,198,22362,609.1784057617188,735.268798828125,269.5010986328125,417.5615234375,0.9437792301177979
1222,198,12778,128.04302978515625,201.1669921875,280.599609375,524.939697265625,0.9246883392333984
1223,198,3743,122.8939208984375,838.4761962890625,332.20184326171875,331.61865234375,0.8354513049125671
1224,198,2483,632.270263671875,99.55560302734375,196.803466796875,471.37213134765625,0.721424400806427
1225,199,30308,35.02325439453125,119.4013671875,408.3812561035156,398.06683349609375,0.9310637712478638
1226,199,3483,564.4339599609375,812.66259765625,264.444580078125,221.00830078125,0.8796341419219971
1227,199,29667,630.8800048828125,164.51809692382812,221.54248046875,213.94476318359375,0.8229045271873474
1228,199,27777,175.7484130859375,810.047607421875,176.4635009765625,199.067138671875,0.6605056524276733
1229,200,3483,177.18133544921875,275.28826904296875,261.99176025390625,221.51458740234375,0.9004719853401184
1230,200,29667,127.07916259765625,880.9359130859375,228.96310424804688,227.0615234375,0.8264482021331787
1231,200,27777,641.2144775390625,294.98931884765625,173.06982421875,194.5306396484375,0.6659464836120605
1232,200,30308,558.0318603515625,732.91455078125,417.17919921875,407.386474609375,0.6172263026237488
1233,202,3483,143.8802947998047,291.1710205078125,210.31312561035156,255.131103515625,0.9214946627616882
1234,202,22347,688.6854248046875,866.473388671875,214.517822265625,208.994384765625,0.869016170501709
1235,202,20877,546.3320922851562,294.03082275390625,327.501220703125,234.12353515625,0.8502076864242554
1236,202,16262,109.34883880615234,834.8807373046875,248.55377960205078,241.45947265625,0.797148585319519
1237,203,3483,624.9630126953125,720.179443359375,207.5560302734375,268.643310546875,0.9336485266685486
1238,203,20877,85.34971618652344,726.2491455078125,330.39149475097656,240.448486328125,0.8261321783065796
1239,203,22347,82.51449584960938,196.37594604492188,201.84353637695312,194.76739501953125,0.7483152747154236
1240,203,16262,602.2783813476562,187.740478515625,236.87109375,227.32208251953125,0.6625747680664062
1241,204,3483,651.0172119140625,751.6347045898438,209.4368896484375,268.21337890625,0.9416759014129639
1242,204,16262,629.9970703125,192.84719848632812,243.035888671875,230.75091552734375,0.8522650599479675
1243,204,20877,116.91253662109375,766.391357421875,329.14593505859375,232.333251953125,0.7695678472518921
1244,204,22347,97.7659912109375,204.78680419921875,205.57760620117188,197.752197265625,0.7686566710472107
1245,205,6563,165.048583984375,673.549072265625,220.487548828125,363.76318359375,0.9641120433807373
1246,205,23203,622.9578857421875,848.2042236328125,138.621826171875,140.23046875,0.9541575908660889
1247,205,16548,592.7048950195312,121.67090606689453,230.9896240234375,223.62798309326172,0.9501766562461853
1248,210,29667,160.26609802246094,748.9443359375,230.18519592285156,226.14013671875,0.9653009176254272
1249,210,31863,596.0515747070312,875.6109619140625,205.7271728515625,206.730224609375,0.9224497079849243
1250,212,1900,622.8621215820312,886.48193359375,207.6932373046875,141.867919921875,0.9553175568580627
1251,212,16551,478.31988525390625,141.49400329589844,446.851318359375,344.82948303222656,0.9442005157470703
1252,212,21026,136.56570434570312,866.760009765625,181.37722778320312,178.25244140625,0.6792954802513123
1253,213,1900,594.67431640625,855.8751220703125,212.51708984375,146.3179931640625,0.9542866349220276
1254,213,16551,451.9506530761719,127.27923583984375,435.3528137207031,344.15289306640625,0.8473182320594788
1255,213,21026,103.21746826171875,834.0673217773438,182.66595458984375,179.781982421875,0.6807973384857178
1256,213,18110,48.39056396484375,113.42414855957031,294.514404296875,287.50022888183594,0.3180311918258667
1257,214,16551,566.768798828125,58.590576171875,278.1015625,462.7034912109375,0.9763433337211609
1258,214,33208,588.31005859375,799.140869140625,213.54345703125,206.229736328125,0.9624378085136414
1259,214,1900,142.46084594726562,239.15737915039062,196.52444458007812,128.1756591796875,0.5949459075927734
1260,215,16551,594.7276611328125,62.40235900878906,286.32568359375,479.61045837402344,0.9706211686134338
1261,215,33208,615.9239501953125,833.7423095703125,210.6729736328125,202.520263671875,0.9668213725090027
1262,215,27926,128.24557495117188,665.8636474609375,266.2384033203125,479.1121826171875,0.7696016430854797
1263,215,1900,158.04188537597656,249.36373901367188,201.30967712402344,127.05743408203125,0.7606421709060669
1264,217,3743,116.2884521484375,785.8349609375,325.13006591796875,320.0986328125,0.9717750549316406
1265,217,6192,132.61224365234375,125.1658935546875,275.15386962890625,534.05419921875,0.938677191734314
1266,217,2483,591.321044921875,67.17779541015625,246.9599609375,481.46484375,0.9205650687217712
1267,217,12081,603.1531982421875,708.2105712890625,233.25830078125,452.816162109375,0.5181968808174133
1268,219,6192,535.9814453125,538.451171875,275.490234375,538.3453369140625,0.9298994541168213
1269,219,12081,109.37847900390625,109.38897705078125,227.78106689453125,428.9757080078125,0.8085981011390686
1270,219,2483,90.40914916992188,667.44580078125,261.908447265625,474.48974609375,0.788885235786438
1271,219,3743,495.1094665527344,165.07424926757812,318.0097961425781,302.5382080078125,0.5338982343673706
1272,222,3351,405.36102294921875,204.270751953125,183.7568359375,182.14044189453125,0.9684906601905823
1273,222,41768,611.6295166015625,743.0987548828125,267.34228515625,300.1295166015625,0.7192657589912415
1274,222,16262,170.31100463867188,769.982666015625,247.8536376953125,236.9638671875,0.6107392311096191
1275,224,29667,620.2733154296875,173.6712188720703,222.362060546875,215.61485290527344,0.8955788612365723
1276,224,3483,602.160888671875,844.7672119140625,276.936767578125,187.490234375,0.8833485245704651
1277,224,34597,105.22369384765625,80.77349853515625,366.10308837890625,487.95550537109375,0.8073436617851257
1278,224,25469,83.438720703125,828.1201171875,347.075439453125,301.642578125,0.653958261013031
1279,225,3483,126.44367980957031,271.74481201171875,270.76683044433594,190.343505859375,0.9116500616073608
1280,225,29667,139.83114624023438,872.4713134765625,228.59661865234375,226.3468017578125,0.8453821539878845
1281,225,34597,527.9263916015625,665.797607421875,374.718505859375,506.550048828125,0.8075380325317383
1282,225,25469,577.05859375,191.26101684570312,327.635986328125,283.4189453125,0.5599572658538818
1283,226,20238,642.5848388671875,188.05291748046875,228.37451171875,217.5120849609375,0.9133482575416565
1284,226,3483,601.234619140625,866.6763916015625,259.080810546875,231.023193359375,0.9068525433540344
1285,226,22347,110.7725830078125,228.70254516601562,202.64022827148438,198.11431884765625,0.8755150437355042
1286,226,19861,126.029541015625,864.92529296875,220.66229248046875,170.2060546875,0.7320442795753479
1287,229,3743,535.541748046875,151.88348388671875,317.207275390625,305.31744384765625,0.9774587750434875
1288,229,5886,98.05585479736328,65.078369140625,245.32122039794922,480.408935546875,0.9008310437202454
1289,229,2483,48.8902587890625,683.63427734375,287.05731201171875,454.2919921875,0.886162281036377
1290,23,25367,20.294708251953125,91.27813720703125,421.78363037109375,434.5181884765625,0.956031858921051
1291,23,3483,558.807373046875,811.628173828125,286.225830078125,174.6990966796875,0.8938701748847961
1292,23,16262,595.3994140625,177.70046997070312,235.30419921875,228.38720703125,0.8156405091285706
1293,23,27653,61.308990478515625,810.6639404296875,224.90374755859375,210.32861328125,0.6817029714584351
1294,231,23223,54.41864013671875,136.27386474609375,395.58465576171875,438.9410400390625,0.9173539280891418
1295,231,5886,612.1365966796875,692.5838623046875,239.09619140625,515.0501708984375,0.8817861676216125
1296,231,2483,597.1630859375,111.27882385253906,287.810546875,447.77183532714844,0.8623464703559875
1297,231,3743,74.46612548828125,812.12060546875,336.26226806640625,329.747802734375,0.2687462866306305
1298,232,3483,599.603515625,798.67333984375,273.3450927734375,208.723388671875,0.9104552865028381
1299,232,22347,127.95034790039062,232.4130401611328,205.27667236328125,196.76646423339844,0.8542831540107727
1300,232,27733,118.10975646972656,774.52783203125,320.06590270996094,265.9970703125,0.8154749870300293
1301,232,29667,677.5107421875,188.443603515625,225.9813232421875,214.42950439453125,0.7870892286300659
1302,234,3483,569.8765869140625,767.5224609375,277.228759765625,203.2557373046875,0.9112234115600586
1303,234,22347,112.92890167236328,221.52809143066406,198.89116668701172,196.15110778808594,0.857066810131073
1304,234,29667,646.9937744140625,183.84628295898438,221.083251953125,213.86474609375,0.7806932330131531
1305,234,27733,80.65341186523438,730.080810546875,326.78253173828125,273.3017578125,0.7226629853248596
1306,236,3483,130.57122802734375,289.4927978515625,278.06988525390625,172.92633056640625,0.8698423504829407
1307,236,28763,615.664306640625,832.6689453125,222.8466796875,214.91259765625,0.8612122535705566
1308,236,35206,107.8746109008789,687.0341796875,197.95104217529297,418.2625732421875,0.7980902791023254
1309,236,27653,671.6997680664062,255.90200805664062,221.6702880859375,198.60906982421875,0.6174660325050354
1310,237,28763,143.38137817382812,221.9178466796875,209.19979858398438,200.99285888671875,0.9321484565734863
1311,237,35206,651.68212890625,143.148193359375,196.3369140625,395.8612060546875,0.8892360925674438
1312,237,3483,559.6646728515625,812.3822021484375,285.88623046875,172.8758544921875,0.887948751449585
1313,237,27653,60.63072967529297,811.5193481445312,225.12879180908203,210.3994140625,0.7193151116371155
1314,238,18357,68.59317016601562,260.3648681640625,302.14764404296875,299.91387939453125,0.9842885732650757
1315,238,3351,402.13238525390625,834.46728515625,187.1820068359375,188.33740234375,0.9621949195861816
1316,24,25367,29.24652099609375,106.52764892578125,440.86126708984375,440.194091796875,0.9392199516296387
1317,24,3483,584.892333984375,846.185302734375,284.6470947265625,166.86962890625,0.8621941208839417
1318,24,16262,621.634521484375,180.47381591796875,243.3641357421875,233.7685546875,0.694611668586731
1319,24,27653,95.67119598388672,851.5872802734375,221.10895538330078,207.2044677734375,0.603805661201477
1320,241,18147,520.18310546875,256.4371337890625,306.5301513671875,381.38623046875,0.9689231514930725
1321,241,3351,410.0035705566406,912.5196533203125,190.91574096679688,192.123291015625,0.9619351029396057
1322,243,3351,378.514404296875,185.16331481933594,182.75506591796875,183.45912170410156,0.9686608910560608
1323,243,20238,622.5679931640625,768.5399780273438,230.2557373046875,226.8411865234375,0.9645389914512634
1324,244,6563,196.6343994140625,715.6358642578125,217.5257568359375,357.4906005859375,0.9788333773612976
1325,244,3544,127.7581787109375,169.07704162597656,207.41461181640625,200.33250427246094,0.9725226759910583
1326,244,16551,580.734619140625,2.6171875,284.717041015625,483.63385009765625,0.9547960758209229
1327,244,23203,648.2115478515625,878.7086181640625,141.1690673828125,137.6697998046875,0.3053646683692932
1328,247,22362,608.680908203125,734.53857421875,269.1572265625,418.093017578125,0.9504466652870178
1329,247,6192,59.847503662109375,132.2709197998047,335.85107421875,503.41395568847656,0.9300519227981567
1330,247,3743,123.43946838378906,838.420654296875,330.85069274902344,331.091796875,0.8647049069404602
1331,247,2483,629.305908203125,97.00315856933594,200.42236328125,474.66798400878906,0.8399910926818848
1332,248,3743,121.17828369140625,828.4454345703125,322.1029052734375,321.470458984375,0.9785411953926086
1333,248,22362,600.4222412109375,732.41650390625,264.923583984375,406.86767578125,0.9397218227386475
1334,248,2483,635.2904052734375,61.8624267578125,202.281494140625,483.9754638671875,0.8883894681930542
1335,248,6192,55.127716064453125,104.6495361328125,339.75994873046875,499.7911376953125,0.5527305006980896
1336,249,2483,84.76473999023438,660.066650390625,220.49728393554688,493.50439453125,0.8989830017089844
1337,249,22362,554.61328125,593.7889404296875,340.57421875,499.9056396484375,0.8525557518005371
1338,249,3743,492.3172302246094,127.29916381835938,312.0156555175781,302.0723876953125,0.7370240092277527
1339,249,6192,84.6558837890625,120.65234375,256.6318359375,385.93603515625,0.7072439789772034
1340,250,18357,543.3189697265625,229.66285705566406,245.7811279296875,352.42576599121094,0.985245406627655
1341,250,29667,129.33499145507812,205.8526611328125,224.6689453125,223.826171875,0.9515169858932495
1342,251,3351,372.84466552734375,178.876220703125,177.99737548828125,186.661865234375,0.9609208106994629
1343,251,18357,139.03207397460938,598.577392578125,251.73431396484375,370.494140625,0.9506269693374634
1344,251,29667,588.87548828125,795.0594482421875,233.482421875,232.7725830078125,0.9243389368057251
1345,252,3351,410.71630859375,237.76834106445312,182.75323486328125,184.0311279296875,0.9520556330680847
1346,252,29667,625.201416015625,884.502685546875,230.618408203125,223.673828125,0.9439719915390015
1347,252,18357,182.8900146484375,692.01220703125,243.52703857421875,368.77734375,0.8337988257408142
1348,253,35206,63.91656494140625,259.7227783203125,423.08074951171875,217.014404296875,0.9846177101135254
1349,253,3351,445.3546142578125,849.16064453125,189.23974609375,191.33544921875,0.9770194888114929
1350,253,33880,456.2197265625,255.95387268066406,432.561279296875,287.46592712402344,0.8099738955497742
1351,256,19552,492.8378601074219,656.240966796875,324.0520324707031,497.502197265625,0.9589568972587585
1352,256,25438,545.0867919921875,179.32362365722656,245.630859375,253.03123474121094,0.9336479902267456
1353,256,2483,65.65444946289062,665.318115234375,209.16732788085938,489.950927734375,0.9074544906616211
1354,256,5886,106.81182861328125,83.46881103515625,237.6622314453125,480.58587646484375,0.8209970593452454
1355,259,3351,383.37060546875,894.4954833984375,191.6812744140625,192.178955078125,0.9656647443771362
1356,259,41768,111.75723266601562,282.55804443359375,270.13604736328125,287.3758544921875,0.9292144775390625
1357,262,3483,558.3247680664062,811.9339599609375,285.9981689453125,174.2919921875,0.8991294503211975
1358,262,34597,72.3731689453125,34.06163024902344,336.7240295410156,495.67103576660156,0.8075917959213257
1359,262,29667,603.63037109375,176.10946655273438,218.18408203125,213.83203125,0.7786440253257751
1360,262,27653,61.048675537109375,810.1864013671875,222.72027587890625,211.30810546875,0.6009314060211182
1361,264,29667,124.3463134765625,863.853515625,229.75152587890625,226.6407470703125,0.8921871185302734
1362,264,3483,131.0650634765625,289.30615234375,278.726806640625,173.5296630859375,0.8666696548461914
1363,264,34597,564.9785766601562,678.7470703125,351.8670654296875,520.3553466796875,0.6784865260124207
1364,264,27653,672.6688232421875,255.9063262939453,221.410888671875,200.34471130371094,0.6110395789146423
1365,265,16232,143.333251953125,846.85546875,194.10513305664062,191.557373046875,0.9618147611618042
1366,265,25367,596.0250244140625,665.548828125,379.9749755859375,490.716796875,0.9213253259658813
1367,265,3483,131.0048828125,290.04803466796875,277.4342041015625,173.11846923828125,0.8554244637489319
1368,265,27653,670.998779296875,256.85931396484375,221.972412109375,196.93603515625,0.5981171131134033
1369,266,25367,17.303131103515625,108.70782470703125,391.8817443847656,474.85369873046875,0.9453507661819458
1370,266,16232,648.7269897460938,231.98651123046875,190.649658203125,180.6148681640625,0.9159252643585205
1371,266,3483,585.1346435546875,846.3704833984375,284.6185302734375,167.146728515625,0.862326443195343
1372,266,27653,95.20748901367188,851.97021484375,221.3970947265625,207.82080078125,0.6309105753898621
1373,27,23223,74.33270263671875,110.0318603515625,295.0263977050781,501.887451171875,0.9560501575469971
1374,27,25438,125.56227111816406,822.2703857421875,260.48863220214844,266.20263671875,0.9023292660713196
1375,27,13395,601.2203979492188,706.918212890625,233.267822265625,523.76806640625,0.8751074075698853
1376,27,2483,606.4384155273438,80.1536865234375,196.9364013671875,472.9908447265625,0.7234064340591431
1377,271,3483,626.16943359375,718.578125,206.97119140625,269.305908203125,0.9321798086166382
1378,271,35206,631.592041015625,159.7607421875,215.633544921875,397.77471923828125,0.8992627263069153
1379,271,20877,86.66773986816406,726.0701904296875,329.89085388183594,239.5067138671875,0.8482860326766968
1380,271,22347,105.57464599609375,187.38043212890625,200.56103515625,194.1529541015625,0.8024518489837646
1381,273,3483,143.14483642578125,292.6982421875,209.54116821289062,254.5352783203125,0.9246649742126465
1382,273,35206,99.24371337890625,671.2503662109375,231.73858642578125,411.754638671875,0.8924835324287415
1383,273,20877,545.52734375,294.37872314453125,326.8603515625,233.7623291015625,0.8373886942863464
1384,273,22347,666.4825439453125,876.4205322265625,214.84130859375,207.68505859375,0.7782116532325745
1385,274,3351,419.4835510253906,888.839599609375,191.24118041992188,192.8585205078125,0.9714086055755615
1386,274,21325,207.59521484375,325.9276123046875,152.2301025390625,234.28900146484375,0.949923038482666
1387,275,3351,329.896484375,150.34515380859375,182.2353515625,187.74856567382812,0.9712768197059631
1388,275,20014,6.068572998046875,645.551513671875,351.13177490234375,345.02978515625,0.9460490942001343
1389,275,21325,582.4878540039062,664.7119140625,155.4423828125,245.820068359375,0.666732907295227
1390,277,36637,618.89794921875,200.0176239013672,266.1387939453125,149.62489318847656,0.9354978203773499
1391,277,3483,600.9782104492188,866.3753662109375,259.452880859375,231.165771484375,0.9000996947288513
1392,277,30308,79.7559814453125,101.19931030273438,394.2879638671875,399.71990966796875,0.8962223529815674
1393,277,19861,126.06979370117188,865.3524169921875,220.59600830078125,169.004638671875,0.7062869668006897
1394,278,3483,152.88623046875,218.4974365234375,244.7197265625,221.3961181640625,0.9241917729377747
1395,278,36637,95.13287353515625,908.4532470703125,275.18756103515625,165.7860107421875,0.8146200776100159
1396,278,30308,520.4781494140625,748.269775390625,414.15185546875,416.213134765625,0.7384829521179199
1397,278,19861,638.6642456054688,279.09832763671875,219.5147705078125,168.326904296875,0.4502326250076294
1398,28,25367,17.613861083984375,63.33782958984375,418.10491943359375,454.70184326171875,0.9104405641555786
1399,28,3483,566.896240234375,811.9769287109375,264.402587890625,220.32666015625,0.8896383047103882
1400,28,35206,616.049072265625,139.34339904785156,222.892578125,403.98313903808594,0.870778501033783
1401,28,27777,177.1625518798828,810.5224609375,176.46714782714844,200.772216796875,0.6587008237838745
1402,280,3832,435.1083984375,277.13006591796875,395.8199462890625,350.59417724609375,0.9719537496566772
1403,280,3351,408.7099609375,866.6954345703125,191.5484619140625,191.263671875,0.9673877358436584
1404,286,30308,29.989501953125,115.72850036621094,374.85394287109375,407.01490783691406,0.9160035848617554
1405,286,3483,538.564453125,779.2803955078125,264.92529296875,225.2293701171875,0.8909609913825989
1406,286,16262,576.9134521484375,188.85235595703125,234.1710205078125,227.5191650390625,0.757784366607666
1407,286,27777,144.46865844726562,775.6746826171875,179.15753173828125,205.681884765625,0.7146006226539612
1408,287,3483,173.42198181152344,273.3148193359375,263.86854553222656,222.0609130859375,0.8965573310852051
1409,287,16262,136.30935668945312,835.0721435546875,250.44793701171875,241.9608154296875,0.841177225112915
1410,287,30308,571.6552734375,702.1632080078125,400.9619140625,425.0567626953125,0.7482581734657288
1411,287,27777,639.209716796875,292.5995788574219,174.4564208984375,194.92999267578125,0.6730281710624695
1412,288,30308,41.276824951171875,133.58465576171875,390.3218994140625,414.30853271484375,0.9191272854804993
1413,288,3483,566.4573974609375,813.9012451171875,264.73583984375,220.5609130859375,0.8910619616508484
1414,288,16262,603.5504150390625,193.7395477294922,240.406982421875,229.91664123535156,0.8217162489891052
1415,288,27777,177.1077117919922,812.3828125,175.71498107910156,199.82958984375,0.6537648439407349
1416,289,6192,100.3599853515625,51.51165771484375,271.9542236328125,530.2758178710938,0.9539790749549866
1417,289,25438,144.80113220214844,843.047119140625,254.28504943847656,255.24609375,0.9162890315055847
1418,289,2483,600.36865234375,83.69000244140625,250.431884765625,473.68328857421875,0.8860107660293579
1419,29,3483,539.1385498046875,777.7945556640625,265.50146484375,225.870849609375,0.8918776512145996
1420,29,35206,585.1785888671875,133.06678771972656,219.306884765625,391.32859802246094,0.8731672167778015
1421,29,25367,7.2674560546875,52.92889404296875,402.04217529296875,444.66510009765625,0.7631879448890686
1422,29,27777,144.8450927734375,775.1190185546875,179.51718139648438,205.706787109375,0.7226111888885498
1423,291,22362,100.7906494140625,101.25714111328125,255.41143798828125,397.8575439453125,0.9797601103782654
1424,291,25438,537.3593139648438,175.24827575683594,245.6661376953125,252.67665100097656,0.9438197016716003
1425,291,6192,575.492919921875,606.66015625,271.651123046875,544.929931640625,0.9166103601455688
1426,291,2483,77.17510986328125,659.697265625,265.7860107421875,471.8388671875,0.3500847816467285
1427,292,12778,539.91552734375,590.50927734375,327.3828125,504.1474609375,0.9767214059829712
1428,292,25438,548.525146484375,177.16375732421875,245.841796875,252.44525146484375,0.932790994644165
1429,292,2483,71.0023422241211,662.3045654296875,204.22223663330078,486.444580078125,0.8499544262886047
1430,292,5886,110.70721435546875,79.6917724609375,233.71856689453125,481.46142578125,0.742182195186615
1431,295,20014,125.7379150390625,194.10182189941406,338.89971923828125,311.52232360839844,0.9745082855224609
1432,295,16232,644.359619140625,296.27655029296875,191.501953125,190.267822265625,0.9729271531105042
1433,298,33208,155.57601928710938,234.5397491455078,207.836669921875,197.16661071777344,0.9568986296653748
1434,298,16548,160.42164611816406,776.9451904296875,240.76316833496094,234.7802734375,0.9272485375404358
1435,298,1900,682.9267578125,878.1395874023438,209.77978515625,134.245361328125,0.8371632695198059
1436,298,31705,572.3685302734375,175.53564453125,247.0469970703125,420.82464599609375,0.739915668964386
1437,299,33208,611.9437255859375,847.0924072265625,213.58447265625,206.35986328125,0.9723836779594421
1438,299,1900,87.02217864990234,257.3173828125,200.69348907470703,129.7384033203125,0.9240880608558655
1439,299,31705,139.28353881835938,643.9844970703125,252.204345703125,453.9486083984375,0.6632558703422546
1440,3,16551,529.3333740234375,64.0413818359375,388.7618408203125,392.8936767578125,0.9649950265884399
1441,3,1900,142.7991943359375,241.003173828125,197.12969970703125,127.5595703125,0.930178701877594
1442,3,24850,138.8262939453125,701.5460205078125,183.763671875,295.5555419921875,0.7000053524971008
1443,3,27926,573.024169921875,631.95166015625,259.1934814453125,485.187255859375,0.5874502062797546
1444,302,3351,309.1282958984375,160.48077392578125,186.218017578125,188.46124267578125,0.9703177809715271
1445,302,19232,97.95718383789062,632.2164916992188,276.649658203125,329.1407470703125,0.9471310377120972
1446,302,36637,569.8271484375,712.745849609375,235.239501953125,230.099853515625,0.6773143410682678
1447,304,4378,595.9093017578125,700.799560546875,232.79248046875,471.89599609375,0.9783536791801453
1448,304,3743,130.93829345703125,814.3287353515625,333.99139404296875,327.0252685546875,0.9565634727478027
1449,304,22627,109.43296813964844,152.26104736328125,302.79725646972656,477.24053955078125,0.9104257225990295
1450,304,2483,626.3868408203125,76.65081787109375,190.0465087890625,461.31256103515625,0.4376223683357239
1451,308,3351,288.25506591796875,204.4635009765625,187.222900390625,191.25494384765625,0.9780076146125793
1452,308,41768,559.281494140625,601.7637939453125,279.723388671875,300.43701171875,0.913361132144928
1453,308,36637,117.2662353515625,711.2039794921875,194.26168823242188,263.81201171875,0.7586652040481567
1454,31,6563,196.20907592773438,715.3887939453125,218.3006591796875,357.1173095703125,0.9723730683326721
1455,31,3544,111.57473754882812,240.17535400390625,208.50582885742188,201.14764404296875,0.9717932939529419
1456,310,12247,616.1417236328125,321.7259521484375,177.3218994140625,185.32513427734375,0.9859717488288879
1457,313,3483,622.5172119140625,722.2044677734375,208.19482421875,269.1175537109375,0.9397872686386108
1458,313,34597,15.1612548828125,22.614471435546875,454.3304443359375,408.06219482421875,0.9018554091453552
1459,313,20877,39.236572265625,755.0097045898438,328.3538818359375,250.83935546875,0.8413900136947632
1460,313,29667,597.82373046875,182.03594970703125,218.078125,215.625732421875,0.7172488570213318
1461,315,34597,510.8182373046875,784.833984375,465.1817626953125,421.395751953125,0.9814563989639282
1462,315,3483,144.95187377929688,289.10064697265625,211.2554931640625,253.9210205078125,0.9273630380630493
1463,315,20877,594.5321044921875,259.5074462890625,322.46533203125,241.10455322265625,0.8473791480064392
1464,315,29667,132.75942993164062,858.8973388671875,230.21530151367188,227.370361328125,0.7207759618759155
1465,316,3544,126.0794677734375,234.53817749023438,208.30010986328125,201.1156005859375,0.9726628065109253
1466,316,16548,167.20849609375,790.32666015625,234.68731689453125,229.2332763671875,0.9706584811210632
1467,316,33009,565.1846313476562,810.5006103515625,368.805908203125,210.128173828125,0.5422244668006897
1468,317,3544,659.6925048828125,832.6337890625,212.44580078125,211.21142578125,0.9805341362953186
1469,317,10221,124.30184936523438,843.5264892578125,231.53445434570312,226.921875,0.9459492564201355
1470,317,33009,77.40936279296875,266.26971435546875,362.67938232421875,224.16705322265625,0.7281556129455566
1471,32,12420,166.24571228027344,278.12664794921875,181.79640197753906,179.146240234375,0.9782701730728149
1472,32,16551,109.35177612304688,701.3021240234375,291.431884765625,504.4002685546875,0.9701856970787048
1473,32,3544,673.1923828125,826.7271728515625,215.0692138671875,212.1002197265625,0.9694806933403015
1474,320,3483,626.2415161132812,718.4608154296875,207.502685546875,269.447265625,0.931265652179718
1475,320,35206,631.6235961914062,160.54222106933594,214.884765625,396.81788635253906,0.9146900773048401
1476,320,28763,136.78054809570312,195.5083465576172,207.47137451171875,199.37696838378906,0.8570337891578674
1477,320,20877,86.39453125,726.4488525390625,329.015625,239.7559814453125,0.7835808992385864
1478,323,36637,152.2554168701172,802.195068359375,194.45118713378906,253.1484375,0.9385797381401062
1479,323,3483,130.6888885498047,289.3214111328125,277.14979553222656,172.57073974609375,0.8731461763381958
1480,323,22347,654.0750732421875,876.5234375,216.487548828125,208.5780029296875,0.8674379587173462
1481,323,27653,670.9034423828125,255.44766235351562,222.234619140625,199.064453125,0.5358916521072388
1482,324,36637,643.016845703125,208.42105102539062,190.016357421875,246.40557861328125,0.9262025356292725
1483,324,3483,585.5704345703125,845.9677734375,284.6326904296875,167.4053955078125,0.8660682439804077
1484,324,27653,95.2477798461914,853.2059326171875,220.57567596435547,206.341796875,0.6641290187835693
1485,324,22347,130.33782958984375,192.48336791992188,206.30328369140625,199.19183349609375,0.6545861959457397
1486,325,31885,508.4974365234375,701.1143798828125,400.99462890625,527.2308349609375,0.9389721155166626
1487,325,3483,174.51321411132812,273.95172119140625,263.0311279296875,222.2412109375,0.8861548900604248
1488,325,16262,135.64932250976562,833.711181640625,251.9486083984375,242.781005859375,0.8709151744842529
1489,325,27777,640.0745849609375,292.58172607421875,173.2081298828125,195.55859375,0.6530629396438599
1490,327,31885,94.52145385742188,24.6104736328125,407.050048828125,512.1114501953125,0.9496214985847473
1491,327,3483,566.7315673828125,813.479248046875,263.77734375,221.749267578125,0.885592520236969
1492,327,16262,604.2762451171875,192.56936645507812,240.452880859375,231.0640869140625,0.8279220461845398
1493,327,27777,176.83441162109375,811.5426025390625,176.65277099609375,200.82763671875,0.6326854228973389
1494,328,31885,517.1690673828125,644.724365234375,383.1171875,532.484130859375,0.9539929628372192
1495,328,36637,101.63058471679688,882.1300048828125,266.3664855957031,177.728515625,0.9435393214225769
1496,328,3483,122.32107543945312,305.33770751953125,271.02252197265625,201.7388916015625,0.9246365427970886
1497,328,27733,558.3003540039062,256.70050048828125,301.9390869140625,263.630859375,0.8862314820289612
1498,332,12420,85.75439453125,822.1590576171875,184.69073486328125,185.362548828125,0.9895332455635071
1499,332,4543,590.44921875,166.56088256835938,205.397216796875,200.3753662109375,0.9761330485343933
1500,332,3544,125.5648193359375,142.349365234375,201.2215576171875,196.8843994140625,0.973545253276825
1501,332,16551,563.3072509765625,539.4156494140625,287.75146484375,487.2255859375,0.9526371359825134
1502,334,3483,625.7674560546875,717.5028076171875,208.166259765625,270.04052734375,0.9331762790679932
1503,334,16232,629.2722778320312,220.41799926757812,184.7781982421875,183.534423828125,0.9183952808380127
1504,334,20877,86.42193603515625,726.2130126953125,330.2476806640625,239.868896484375,0.8632138967514038
1505,334,22347,146.0389404296875,223.70208740234375,203.35235595703125,194.172607421875,0.2900312542915344
1506,335,16232,134.9051513671875,846.5460205078125,194.05657958984375,192.691650390625,0.9630917310714722
1507,335,3483,143.43739318847656,292.74810791015625,209.37327575683594,254.49627685546875,0.9189675450325012
1508,335,22347,620.401611328125,839.0821533203125,215.56396484375,207.91943359375,0.8427429795265198
1509,335,20877,545.6463623046875,294.67364501953125,327.23193359375,233.46759033203125,0.8293097019195557
1510,336,3483,652.5964965820312,749.7388916015625,208.6956787109375,268.665283203125,0.9388535022735596
1511,336,20877,118.98027038574219,767.0762939453125,328.07972717285156,231.1351318359375,0.8995895981788635
1512,336,16232,655.8370361328125,231.81710815429688,191.753662109375,178.3935546875,0.8864392042160034
1513,336,22347,163.76351928710938,231.8992462158203,205.936767578125,197.36485290527344,0.5308032631874084
1514,337,3483,125.50399780273438,271.3236083984375,271.80615234375,187.999267578125,0.9095685482025146
1515,337,22347,641.3424072265625,835.934326171875,216.00439453125,207.34765625,0.9058495759963989
1516,337,36637,130.81564331054688,829.0679931640625,182.66455078125,260.079833984375,0.810308575630188
1517,337,25469,574.5030517578125,189.05563354492188,329.448974609375,285.27606201171875,0.52092045545578
1518,338,36637,646.7587890625,169.16015625,167.768798828125,247.5855712890625,0.9266306757926941
1519,338,3483,574.8275146484375,812.2781982421875,278.963134765625,192.07568359375,0.8841124176979065
1520,338,25469,49.43853759765625,786.2076416015625,352.6009521484375,302.9078369140625,0.8047239184379578
1521,338,22347,126.88497924804688,224.95208740234375,202.44534301757812,194.7027587890625,0.6215808391571045
1522,339,36637,676.27880859375,171.1592254638672,173.5631103515625,256.06690979003906,0.9424821734428406
1523,339,3483,602.3209838867188,845.89404296875,276.794921875,187.414794921875,0.8834425806999207
1524,339,22347,144.22048950195312,235.12493896484375,206.099853515625,197.14739990234375,0.8516308069229126
1525,339,25469,84.60943603515625,829.3900146484375,345.5904541015625,302.951171875,0.6539766192436218
1526,340,3483,539.6680908203125,779.5202026367188,265.49560546875,226.143798828125,0.8938584923744202
1527,340,34597,37.6956787109375,86.1854248046875,390.92498779296875,465.9608154296875,0.8922148942947388
1528,340,20238,576.4473876953125,191.33677673339844,221.502685546875,214.22523498535156,0.880530059337616
1529,340,27777,146.28921508789062,777.2210693359375,177.84521484375,204.297607421875,0.7048915028572083
1530,341,34597,52.012298583984375,116.729248046875,400.29730224609375,458.82025146484375,0.9476582407951355
1531,341,3483,567.751220703125,813.977783203125,264.1513671875,221.2841796875,0.8904718160629272
1532,341,20238,603.8238525390625,196.35752868652344,226.5283203125,216.11817932128906,0.8799421191215515
1533,341,27777,177.5167236328125,812.070068359375,175.76251220703125,200.2763671875,0.6736338138580322
1534,344,3483,566.5748291015625,813.5740966796875,264.1141357421875,221.3201904296875,0.894442081451416
1535,344,16262,603.41650390625,193.34701538085938,241.5980224609375,229.903564453125,0.8558263778686523
1536,344,27777,177.59033203125,812.4039916992188,175.17041015625,200.293212890625,0.6842144131660461
1537,345,3483,539.0533447265625,779.382080078125,265.31787109375,225.564453125,0.8971255421638489
1538,345,16262,576.891357421875,188.5447998046875,234.482421875,227.28271484375,0.7603082656860352
1539,345,27777,144.11907958984375,776.88671875,179.3770751953125,204.708984375,0.7256423830986023
1540,346,16232,642.8046875,250.11465454101562,188.5328369140625,184.12017822265625,0.9451646208763123
1541,346,25367,137.27183532714844,52.9815673828125,345.35231018066406,500.630126953125,0.9275919198989868
1542,346,3483,567.9722900390625,811.9344482421875,264.8997802734375,219.948974609375,0.8835253119468689
1543,346,27777,178.57769775390625,810.0560302734375,176.28997802734375,202.12890625,0.6662737727165222
1544,347,25367,124.05718994140625,45.03546142578125,331.39727783203125,486.46917724609375,0.9073981046676636
1545,347,3483,539.9479370117188,777.1400756835938,265.4462890625,225.1728515625,0.8915643095970154
1546,347,16232,615.6467895507812,240.33926391601562,183.601318359375,181.76812744140625,0.8642162084579468
1547,347,27777,147.52169799804688,775.6221313476562,176.9342041015625,205.3505859375,0.6967030167579651
1548,349,34597,4.924713134765625,130.83941650390625,443.88409423828125,424.1788330078125,0.9139264225959778
1549,349,3483,568.0538330078125,811.674072265625,264.128662109375,219.802734375,0.8838291168212891
1550,349,35206,614.5315551757812,142.0329132080078,224.1956787109375,399.13670349121094,0.8777094483375549
1551,349,27777,178.76966857910156,811.2381591796875,175.76341247558594,200.616943359375,0.6469683051109314
1552,352,22362,620.6319580078125,780.1226806640625,254.34765625,424.7652587890625,0.9627148509025574
1553,352,2483,642.7091064453125,116.39166259765625,199.2667236328125,471.96209716796875,0.7828948497772217
1554,352,5094,138.2488555908203,858.264404296875,283.94248962402344,287.939697265625,0.4929645359516144
1555,352,19552,109.83514404296875,184.08372497558594,326.3133544921875,479.09303283691406,0.379355251789093
1556,355,12081,72.71978759765625,132.89007568359375,223.07015991210938,423.05145263671875,0.8484600186347961
1557,355,2483,61.368377685546875,697.677001953125,245.56695556640625,480.3216552734375,0.8484422564506531
1558,355,5094,551.1025390625,191.0005340576172,268.1435546875,266.04481506347656,0.7904402017593384
1559,355,23223,540.9555053710938,592.695556640625,303.5484619140625,501.3043212890625,0.7039574980735779
1560,356,23223,93.83761596679688,111.4093017578125,302.7464294433594,498.77459716796875,0.9448939561843872
1561,356,2483,630.858154296875,33.3245849609375,245.912109375,472.53277587890625,0.877701997756958
1562,356,5094,105.514892578125,799.199951171875,280.2032775878906,278.5498046875,0.8680440187454224
1563,356,12081,642.3261108398438,688.83984375,235.2081298828125,450.59130859375,0.7183995842933655
1564,359,3483,564.4556884765625,812.9967041015625,264.3233642578125,221.1005859375,0.8831755518913269
1565,359,31885,80.32736206054688,43.7569580078125,365.85479736328125,525.9949951171875,0.8496987819671631
1566,359,29667,631.4722900390625,165.3304443359375,221.03125,213.14605712890625,0.8163305521011353
1567,359,27777,175.60812377929688,809.3314208984375,176.67718505859375,198.89990234375,0.6722320914268494
1568,361,18147,211.5113067626953,166.73199462890625,209.61338806152344,412.39617919921875,0.9021758437156677
1569,364,3351,406.83404541015625,854.31396484375,189.392333984375,192.5931396484375,0.967513382434845
1570,364,35206,102.14102172851562,254.789794921875,347.9720458984375,325.393798828125,0.9628617763519287
1571,364,32310,588.5836181640625,167.9955291748047,244.0673828125,338.45228576660156,0.8148723244667053
1572,372,34597,12.2103271484375,144.635498046875,458.4601745605469,412.24053955078125,0.9710054397583008
1573,372,3483,602.9610595703125,845.1490478515625,276.8046875,187.4500732421875,0.8773611783981323
1574,372,16262,575.6654052734375,194.41925048828125,239.080322265625,231.1168212890625,0.8407642841339111
1575,372,25469,49.231201171875,857.0545654296875,376.05487060546875,222.5482177734375,0.7788371443748474
1576,374,25367,99.80120849609375,32.06205749511719,409.99273681640625,467.83912658691406,0.9299119114875793
1577,374,3483,647.636962890625,755.072021484375,211.4208984375,267.6064453125,0.9087020754814148
1578,374,20877,70.65814208984375,799.1278076171875,328.44464111328125,242.2362060546875,0.8872137069702148
1579,374,29667,625.3672485351562,184.20982360839844,224.014404296875,216.33204650878906,0.8529383540153503
1580,379,31863,137.64694213867188,314.6357421875,206.01800537109375,207.3218994140625,0.9745648503303528
1581,379,16688,453.64453125,156.25950622558594,492.140869140625,473.96669006347656,0.9539037942886353
1582,38,3483,626.0797119140625,717.2677001953125,207.3984375,270.408203125,0.933547854423523
1583,38,31885,113.56024169921875,29.965316772460938,398.2296142578125,500.92140197753906,0.9297618269920349
1584,38,35206,624.0906372070312,161.48974609375,216.29541015625,395.6871337890625,0.8811224102973938
1585,38,20877,86.8974609375,725.38427734375,328.8001708984375,240.45458984375,0.8573445677757263
1586,380,31863,597.0651245117188,715.2047119140625,209.5299072265625,212.8372802734375,0.9895630478858948
1587,380,16688,0.0,559.464111328125,508.22705078125,507.06494140625,0.9764631986618042
1588,380,3351,286.7818603515625,180.71731567382812,184.1219482421875,188.11480712890625,0.9667861461639404
1589,382,5886,612.5414428710938,693.90185546875,240.006591796875,514.0830078125,0.8967169523239136
1590,382,2483,597.218505859375,113.0889892578125,286.9189453125,445.5751953125,0.8806836605072021
1591,382,3743,74.63571166992188,812.6483154296875,335.66766357421875,328.5633544921875,0.2908232808113098
1592,384,5886,600.974853515625,695.836181640625,239.982177734375,494.14501953125,0.8782230019569397
1593,384,3743,73.12533569335938,801.5753173828125,329.39593505859375,318.34765625,0.8391457796096802
1594,384,2483,612.298095703125,80.74859619140625,273.599853515625,451.0911865234375,0.7045013308525085
1595,387,31885,498.705810546875,657.417724609375,417.69482421875,508.966064453125,0.9464038014411926
1596,387,20238,134.00830078125,868.541015625,230.8868408203125,226.995849609375,0.918732762336731
1597,387,3483,130.56723022460938,289.57525634765625,277.3935546875,172.9677734375,0.8830711245536804
1598,387,27653,668.4935302734375,255.25392150878906,222.9547119140625,198.04722595214844,0.5601058006286621
1599,389,3483,625.4678955078125,718.8101806640625,207.529296875,269.233642578125,0.9324809312820435
1600,389,34597,29.11822509765625,127.7515869140625,444.32794189453125,419.56146240234375,0.8837192058563232
1601,389,20877,86.50933837890625,726.0928955078125,330.5716552734375,240.41552734375,0.8675010204315186
1602,389,16262,602.394287109375,186.74508666992188,236.71630859375,228.3583984375,0.7275144457817078
1603,390,34597,43.40155029296875,158.92491149902344,452.90850830078125,416.18153381347656,0.9679980278015137
1604,390,3483,652.2398681640625,751.1439819335938,209.28076171875,267.6951904296875,0.9392489194869995
1605,390,20877,118.48892211914062,766.7069091796875,328.0504150390625,231.8642578125,0.8979227542877197
1606,390,16262,629.6358642578125,190.4515380859375,243.292236328125,233.25732421875,0.6761873960494995
1607,392,33208,656.5679931640625,899.267333984375,218.87841796875,211.79931640625,0.9683769345283508
1608,392,16551,112.21588134765625,697.42578125,293.946044921875,504.121337890625,0.957447350025177
1609,392,21026,684.4622802734375,275.8560791015625,177.277099609375,171.2835693359375,0.7390352487564087
1610,392,1900,187.84982299804688,273.25433349609375,200.2515869140625,136.72540283203125,0.31153199076652527
1611,393,16551,556.6803588867188,47.85951232910156,280.3043212890625,468.72862243652344,0.9716777801513672
1612,393,1900,582.6422119140625,865.5338134765625,211.06591796875,144.0498046875,0.9639942049980164
1613,393,21026,92.22088623046875,831.2313232421875,181.23971557617188,179.3282470703125,0.7016140818595886
1614,394,3483,125.63388061523438,271.84625244140625,271.32684326171875,188.1358642578125,0.9091047644615173
1615,394,20238,138.10240173339844,849.067138671875,232.41590881347656,227.28955078125,0.900414764881134
1616,394,28763,603.6944580078125,854.74658203125,225.2623291015625,216.25244140625,0.8314446210861206
1617,394,25469,572.1650390625,230.177001953125,378.057373046875,220.62469482421875,0.6109948754310608
1618,395,3483,603.281982421875,845.4736328125,276.197021484375,187.977783203125,0.8817414045333862
1619,395,28763,172.86260986328125,209.17764282226562,211.2530517578125,202.022216796875,0.8793215751647949
1620,395,20238,618.1559448242188,194.9617919921875,226.116943359375,218.209716796875,0.8377010226249695
1621,395,25469,48.629913330078125,857.334716796875,377.15966796875,223.00439453125,0.771343469619751
1622,396,3483,575.2764892578125,810.4066162109375,279.098388671875,194.27197265625,0.8827967047691345
1623,396,20238,589.3863525390625,188.5543975830078,221.2626953125,216.14463806152344,0.880028247833252
1624,396,28763,152.40432739257812,200.8367919921875,210.34454345703125,199.11334228515625,0.8402286171913147
1625,396,25469,12.76055908203125,813.180908203125,381.8829345703125,220.140380859375,0.6860392689704895
1626,4,16551,129.4395751953125,642.535888671875,294.8428955078125,500.0380859375,0.971566379070282
1627,4,24850,601.6922607421875,253.989013671875,290.4893798828125,162.61285400390625,0.9400916695594788
1628,4,29345,119.25730895996094,156.133544921875,275.79005432128906,411.3472900390625,0.9124364852905273
1629,40,31885,613.907958984375,611.8646240234375,338.710693359375,553.7171630859375,0.9531239867210388
1630,40,3483,160.2790985107422,213.7489013671875,245.02919006347656,221.72821044921875,0.9204893112182617
1631,40,29667,118.7049560546875,839.886962890625,231.13336181640625,224.1754150390625,0.7833195328712463
1632,40,19861,645.578125,278.8782653808594,220.326171875,168.276611328125,0.7617831230163574
1633,400,16548,603.6303100585938,123.91488647460938,230.5823974609375,225.4429931640625,0.9604935646057129
1634,400,33208,613.2110595703125,770.8518676757812,214.0615234375,205.492431640625,0.9562901854515076
1635,400,33009,10.691558837890625,774.2567749023438,374.001953125,235.268310546875,0.7473371028900146
1636,401,33208,152.45608520507812,295.57806396484375,206.09033203125,194.727783203125,0.9784941673278809
1637,401,16548,111.11892700195312,898.964111328125,242.71929931640625,238.7158203125,0.9719197154045105
1638,401,1900,641.498779296875,857.4798583984375,207.5526123046875,166.8162841796875,0.9697675704956055
1639,404,18147,14.752044677734375,587.2596435546875,290.2240905761719,418.07080078125,0.9750173091888428
1640,404,3351,358.79779052734375,144.36065673828125,183.60650634765625,188.823974609375,0.9743919968605042
1641,404,35206,438.8911437988281,696.5845947265625,416.2223815917969,236.118896484375,0.9083113670349121
1642,409,1900,136.57623291015625,243.97926330566406,185.66049194335938,165.32200622558594,0.9414023756980896
1643,409,16551,1.281219482421875,734.4208984375,476.8668212890625,313.099365234375,0.910399317741394
1644,409,33009,518.7523193359375,790.8155517578125,384.188232421875,211.02001953125,0.7527616024017334
1645,41,31885,53.41265869140625,89.36920166015625,327.2982177734375,542.471923828125,0.8864208459854126
1646,41,3483,593.3428955078125,872.16357421875,257.92919921875,230.537841796875,0.8852172493934631
1647,41,29667,637.0786743164062,204.86724853515625,224.6380615234375,214.740966796875,0.832603931427002
1648,41,19861,118.56328582763672,863.66796875,220.86298370361328,170.439697265625,0.7984143495559692
1649,411,1900,646.5164184570312,852.716552734375,202.366943359375,175.65380859375,0.9741180539131165
1650,411,33009,85.064208984375,257.97119140625,370.06500244140625,207.74853515625,0.7276521921157837
1651,412,19552,113.01988220214844,193.2488555908203,314.64308166503906,493.65977478027344,0.9431598782539368
1652,412,5094,106.61245727539062,809.8822021484375,284.91546630859375,286.5560302734375,0.8903180956840515
1653,412,12081,648.4156494140625,695.50341796875,246.75048828125,464.2955322265625,0.8286596536636353
1654,412,2483,624.7355346679688,72.07080078125,223.7696533203125,463.4600830078125,0.7539345622062683
1655,413,19552,108.80908203125,159.37359619140625,315.86199951171875,500.20611572265625,0.9415166974067688
1656,413,5094,104.232177734375,798.63037109375,282.6700439453125,278.860595703125,0.8826899528503418
1657,413,2483,627.6439819335938,36.3643798828125,249.7484130859375,469.65899658203125,0.8717800974845886
1658,413,12081,642.47509765625,689.496826171875,235.841064453125,449.17333984375,0.6556836366653442
1659,414,19552,517.3012084960938,550.188232421875,310.591552734375,496.7503662109375,0.9658111929893494
1660,414,5094,550.851318359375,191.02578735351562,268.5390625,266.4464111328125,0.8609867691993713
1661,414,12081,70.84415435791016,132.44854736328125,224.84514617919922,422.74530029296875,0.8359625935554504
1662,414,2483,57.81835174560547,698.4864501953125,252.62805938720703,478.6324462890625,0.7845001220703125
1663,415,3483,600.71435546875,865.7073974609375,259.638671875,231.088134765625,0.9072895050048828
1664,415,31885,94.0892333984375,91.78619384765625,331.07012939453125,542.9811401367188,0.8706644177436829
1665,415,16262,637.77783203125,177.570556640625,244.51708984375,231.58123779296875,0.8049294948577881
1666,415,19861,125.65325927734375,864.7491455078125,221.40353393554688,169.7313232421875,0.6771234273910522
1667,416,3483,573.1497802734375,837.2347412109375,261.896484375,228.62451171875,0.9052169919013977
1668,416,31885,77.78411865234375,72.8060302734375,321.890625,532.771728515625,0.850531816482544
1669,416,16262,610.5213623046875,172.14703369140625,236.952880859375,228.58746337890625,0.8396713137626648
1670,416,19861,91.92364501953125,827.3023681640625,225.6517333984375,176.434326171875,0.7763590812683105
1671,417,3483,152.09153747558594,218.71446228027344,245.34425354003906,221.53395080566406,0.9228437542915344
1672,417,31885,568.07763671875,612.572509765625,335.4893798828125,554.699462890625,0.9204497337341309
1673,417,16262,101.3366928100586,850.9344482421875,247.96765899658203,240.5322265625,0.642792284488678
1674,417,19861,638.58203125,279.46441650390625,219.18896484375,167.2425537109375,0.6067410707473755
1675,419,3483,122.31317138671875,304.419921875,270.9637451171875,202.5791015625,0.9227785468101501
1676,419,25367,539.9261474609375,736.3468017578125,436.0738525390625,441.1220703125,0.9091789722442627
1677,419,20238,113.50713348388672,853.362060546875,232.19568634033203,228.124755859375,0.8526724576950073
1678,419,27733,565.1173095703125,259.368896484375,300.2216796875,269.094482421875,0.8494017124176025
1679,42,3483,566.1121826171875,841.479248046875,260.4365234375,229.3021240234375,0.8886836767196655
1680,42,19861,84.09613037109375,827.33203125,225.4822998046875,175.74169921875,0.8574040532112122
1681,42,31885,34.443603515625,68.40106201171875,323.25042724609375,536.6904907226562,0.8294069170951843
1682,42,29667,608.5997314453125,200.30050659179688,218.36083984375,214.97003173828125,0.6990010142326355
1683,420,25367,1.386688232421875,74.57113647460938,435.3792419433594,421.44696044921875,0.9203663468360901
1684,420,3483,579.8286743164062,758.7501220703125,274.203369140625,209.1236572265625,0.8979324698448181
1685,420,20238,614.7835693359375,185.44119262695312,220.31396484375,215.2962646484375,0.8932533264160156
1686,420,27733,85.89263916015625,726.640380859375,321.21649169921875,282.1121826171875,0.8098900318145752
1687,422,3483,154.24928283691406,217.5392608642578,244.86485290527344,221.76976013183594,0.9216495156288147
1688,422,36637,94.5894775390625,907.2109375,275.6333923339844,165.861328125,0.8603747487068176
1689,422,34597,556.97900390625,698.1185302734375,354.97021484375,514.8685302734375,0.6625402569770813
1690,422,19861,640.7303466796875,278.648681640625,218.638916015625,168.85943603515625,0.39295387268066406
1691,423,36637,592.6359252929688,195.927001953125,257.7242431640625,153.66156005859375,0.9518269300460815
1692,423,3483,571.7022705078125,838.4493408203125,261.624755859375,228.9619140625,0.8966166377067566
1693,423,34597,77.01666259765625,17.360214233398438,338.4637145996094,490.83253479003906,0.8604565262794495
1694,423,19861,90.14441680908203,827.4346313476562,226.00945281982422,176.03466796875,0.7748481631278992
1695,429,34597,72.42018127441406,158.78367614746094,483.70506286621094,350.92811584472656,0.9752923846244812
1696,429,27733,131.50518798828125,773.1810302734375,313.5003662109375,279.37890625,0.9123006463050842
1697,429,3483,609.843017578125,789.381103515625,273.2564697265625,210.40283203125,0.9097409844398499
1698,429,29667,667.359130859375,180.3006591796875,227.883544921875,214.391357421875,0.8574702143669128
1699,430,16551,68.13508605957031,614.2939453125,408.55088806152344,401.91455078125,0.9807409644126892
1700,430,4543,612.7158203125,153.4217529296875,203.9375,198.9945068359375,0.9707284569740295
1701,430,33878,617.0394287109375,791.1827392578125,170.38330078125,219.420166015625,0.9671160578727722
1702,431,16551,104.03729248046875,659.474609375,401.33660888671875,397.4248046875,0.9751285910606384
1703,431,33878,645.085693359375,831.7335205078125,164.9677734375,212.8524169921875,0.9714985489845276
1704,431,3544,201.36737060546875,208.19204711914062,205.59075927734375,199.43939208984375,0.9559820890426636
1705,432,4543,134.62384033203125,903.67333984375,210.1055908203125,212.3843994140625,0.9827432632446289
1706,432,3544,583.87158203125,857.4398193359375,213.62744140625,213.6412353515625,0.975874125957489
1707,432,33878,191.0804443359375,257.5635986328125,160.8831787109375,214.21240234375,0.9694535732269287
1708,432,16551,495.6105041503906,227.599365234375,397.5461120605469,389.79833984375,0.6325280070304871
1709,433,16232,620.033203125,179.20985412597656,186.03955078125,181.81785583496094,0.9421754479408264
1710,433,3483,579.7298583984375,758.8697509765625,274.3001708984375,209.044189453125,0.8994331359863281
1711,433,30308,93.01115417480469,104.63990783691406,350.27906799316406,424.18492126464844,0.7891342043876648
1712,433,27733,87.32998657226562,726.6260375976562,320.58349609375,280.503662109375,0.6792460083961487
1713,434,16232,141.48269653320312,891.9383544921875,196.74234008789062,193.98486328125,0.958920955657959
1714,434,3483,123.10601806640625,304.9605712890625,270.19915771484375,202.24609375,0.9274921417236328
1715,434,30308,532.5155029296875,692.2515869140625,370.470703125,445.978515625,0.8901978731155396
1716,434,27733,565.0889892578125,259.024658203125,299.5126953125,267.7374267578125,0.8789896965026855
1717,435,16232,647.3507690429688,185.2034912109375,192.49169921875,180.07733154296875,0.9437982439994812
1718,435,3483,607.8412475585938,790.9527587890625,273.3955078125,210.8009033203125,0.9082581996917725
1719,435,27733,123.63131713867188,766.35693359375,315.1868896484375,276.7840576171875,0.7962633967399597
1720,435,30308,106.3526611328125,118.55908203125,361.07537841796875,437.99078369140625,0.7117651700973511
1721,436,31885,43.552490234375,136.4334716796875,450.26824951171875,477.32373046875,0.9777120351791382
1722,436,3483,603.0626220703125,845.28515625,276.6708984375,187.83544921875,0.8786697387695312
1723,436,20238,618.7327880859375,195.31529235839844,224.494140625,217.46022033691406,0.8484973311424255
1724,436,25469,48.971099853515625,857.0628662109375,375.4827575683594,221.8228759765625,0.816171407699585
1725,44,3351,371.93603515625,153.25582885742188,181.1328125,187.30447387695312,0.9661200642585754
1726,44,29667,92.76911163330078,722.468505859375,231.51616668701172,232.1795654296875,0.9602918028831482
1727,44,13900,579.4527587890625,672.7098388671875,180.835205078125,266.5556640625,0.852933943271637
1728,443,4378,77.47748565673828,97.44549560546875,224.00939178466797,444.861328125,0.9919570684432983
1729,443,25438,570.0484619140625,188.1263885498047,245.2064208984375,251.72999572753906,0.9391917586326599
1730,443,22627,535.2838745117188,682.423828125,344.2891845703125,478.148193359375,0.9375225901603699
1731,443,2483,85.01141357421875,672.2003173828125,245.24185180664062,472.875732421875,0.920616090297699
1732,444,4378,652.0881958007812,703.5546875,222.602783203125,475.2840576171875,0.9919014573097229
1733,444,22627,79.71005249023438,68.35369873046875,331.32330322265625,485.382080078125,0.9882833957672119
1734,444,2483,601.7435302734375,104.26446533203125,246.132080078125,454.72760009765625,0.9200406074523926
1735,444,25438,112.07440185546875,840.557373046875,260.6202392578125,268.9154052734375,0.879522979259491
1736,449,34597,46.186248779296875,130.43353271484375,381.80914306640625,479.1737060546875,0.8791891932487488
1737,449,3483,585.1251220703125,846.0926513671875,285.1922607421875,167.35888671875,0.8695656657218933
1738,449,16262,622.69287109375,180.2432403564453,242.04443359375,233.08372497558594,0.7138960361480713
1739,449,27653,95.66806030273438,851.8404541015625,220.92874145507812,207.4527587890625,0.6567246913909912
1740,452,29451,510.87786865234375,243.1337890625,409.250732421875,222.64739990234375,0.9707897901535034
1741,452,1900,642.26904296875,845.183837890625,189.38037109375,189.588134765625,0.9682701826095581
1742,452,44199,176.84967041015625,233.02459716796875,200.01153564453125,261.31768798828125,0.9313332438468933
1743,454,6192,495.2015686035156,591.2769775390625,293.3822937011719,525.676025390625,0.9906444549560547
1744,454,5094,564.1746826171875,195.29957580566406,269.338623046875,267.47264099121094,0.8502896428108215
1745,454,5886,126.51739501953125,83.32106018066406,232.23736572265625,479.12852478027344,0.8464962840080261
1746,455,6192,142.98770141601562,95.49298095703125,299.6492919921875,517.3150024414062,0.9787523150444031
1747,455,2483,601.9468994140625,24.13958740234375,219.4039306640625,482.581787109375,0.9108304381370544
1748,455,5886,583.66357421875,681.6558837890625,234.801025390625,490.101318359375,0.9014703631401062
1749,455,5094,94.5081787109375,795.616455078125,277.75177001953125,275.885986328125,0.7076507806777954
1750,456,6192,142.0212860107422,122.15411376953125,296.69715881347656,520.0654296875,0.9852792024612427
1751,456,2483,598.9013671875,60.98919677734375,206.13427734375,474.75787353515625,0.8751825094223022
1752,456,5094,96.48406982421875,806.2938232421875,280.1875,283.986572265625,0.8021511435508728
1753,456,5886,591.6329345703125,680.3447265625,245.1920166015625,506.80224609375,0.7293364405632019
1754,457,6192,107.27505493164062,155.92578125,285.619873046875,534.2864990234375,0.97263103723526
1755,457,2483,637.6875,62.30250549316406,218.495849609375,486.34825134277344,0.9278331398963928
1756,457,13395,631.6400146484375,675.1630859375,232.9337158203125,498.6136474609375,0.8751594424247742
1757,457,5094,135.0328369140625,833.930419921875,276.72564697265625,275.798828125,0.6591701507568359
1758,458,6192,107.81861877441406,180.8602294921875,286.4730682373047,534.5257568359375,0.9930376410484314
1759,458,2483,625.741455078125,97.6982421875,228.871337890625,476.6392822265625,0.9535470604896545
1760,458,13395,640.6832275390625,673.512451171875,242.857421875,514.11572265625,0.8607702255249023
1761,458,5094,135.86065673828125,842.284912109375,284.7965087890625,288.359619140625,0.5997017025947571
1762,459,6192,552.5052490234375,517.1173095703125,269.592529296875,529.74560546875,0.9851921796798706
1763,459,5094,524.8468017578125,162.40020751953125,269.3486328125,265.89019775390625,0.849332332611084
1764,459,13395,80.611572265625,82.42097473144531,229.84860229492188,482.96104431152344,0.8448242545127869
1765,46,3743,117.67439270019531,786.410888671875,322.81736755371094,320.56005859375,0.9666174650192261
1766,46,23223,106.60093688964844,114.78657531738281,306.38307189941406,496.00828552246094,0.9574640989303589
1767,46,2483,591.4186401367188,66.41041564941406,247.4815673828125,477.90599060058594,0.9137526750564575
1768,46,12081,603.13232421875,708.087646484375,232.744140625,450.347900390625,0.6863592267036438
1769,460,22362,81.7393798828125,115.43157958984375,259.19610595703125,392.37652587890625,0.9733235836029053
1770,460,3743,491.1190185546875,126.14689636230469,312.0277099609375,304.08863830566406,0.9169993996620178
1771,460,2483,92.57648468017578,660.948974609375,206.20067596435547,492.0621337890625,0.9029344916343689
1772,460,23223,507.2904052734375,584.774658203125,297.166259765625,504.8709716796875,0.7771522402763367
1773,462,22362,608.00146484375,735.46923828125,271.302734375,417.481201171875,0.941857099533081
1774,462,23223,140.1019287109375,152.8023681640625,288.82568359375,499.970703125,0.9230256080627441
1775,462,3743,123.42059326171875,838.3203125,331.41162109375,331.6351318359375,0.9201235175132751
1776,462,2483,631.7719116210938,97.57789611816406,201.3128662109375,473.93211364746094,0.8432745933532715
1777,463,20238,133.1427459716797,868.972900390625,231.64540100097656,227.8876953125,0.9174113869667053
1778,463,3483,129.21917724609375,290.0596618652344,277.5224609375,172.298095703125,0.8733566403388977
1779,463,27653,668.6868896484375,254.29379272460938,221.13720703125,198.10791015625,0.550730288028717
1780,464,28763,136.8245849609375,183.1707763671875,209.60040283203125,201.26953125,0.8949692845344543
1781,464,3483,560.771484375,811.8780517578125,286.4677734375,172.747802734375,0.8796334862709045
1782,464,20238,596.5509033203125,173.59457397460938,217.822021484375,213.71307373046875,0.7954443097114563
1783,464,27653,63.48534393310547,812.542236328125,224.32257843017578,209.763671875,0.6791738867759705
1784,465,20238,624.2644653320312,175.53285217285156,223.61572265625,218.05491638183594,0.9184868931770325
1785,465,3483,587.0084228515625,846.0439453125,284.6171875,166.908203125,0.8932032585144043
1786,465,28763,153.31443786621094,190.72071838378906,213.66969299316406,204.01255798339844,0.8637959957122803
1787,465,27653,97.52509307861328,853.1982421875,221.07579803466797,206.656494140625,0.6588751077651978
1788,468,23223,111.3553466796875,118.58818054199219,307.8497314453125,500.09376525878906,0.9401081204414368
1789,468,22362,603.6025390625,748.3304443359375,268.14990234375,419.5244140625,0.9370203614234924
1790,468,25438,157.23175048828125,871.275390625,261.18585205078125,269.91015625,0.8835120797157288
1791,468,2483,603.8193969726562,117.61444091796875,200.3922119140625,462.775390625,0.7382771372795105
1792,469,3483,609.6151123046875,789.8974609375,273.1226806640625,212.53857421875,0.9099980592727661
1793,469,35206,597.223876953125,126.79100036621094,258.842529296875,388.68507385253906,0.8745208978652954
1794,469,28763,150.42388916015625,220.55117797851562,210.2154541015625,201.3905029296875,0.8283948302268982
1795,469,27733,124.46368408203125,768.35498046875,312.6300048828125,276.369140625,0.7955999970436096
1796,47,2483,89.06707763671875,665.582763671875,261.498046875,476.3819580078125,0.837551474571228
1797,47,12081,109.91323852539062,109.84796142578125,225.74130249023438,428.64727783203125,0.811475396156311
1798,47,23223,526.8538818359375,592.126220703125,313.29833984375,499.7303466796875,0.8077022433280945
1799,47,3743,494.69482421875,164.67318725585938,315.94873046875,302.44305419921875,0.28829097747802734
1800,472,16548,627.6627197265625,147.6122283935547,237.1884765625,226.12294006347656,0.9802926182746887
1801,472,6563,189.2917938232422,709.9664306640625,217.70118713378906,355.9937744140625,0.9668933153152466
1802,472,3544,150.18960571289062,190.14483642578125,207.846923828125,202.1864013671875,0.938102662563324
1803,472,33878,627.397705078125,851.404541015625,231.7591552734375,137.30419921875,0.6736065149307251
1804,474,3544,635.9555053710938,875.4931640625,213.6829833984375,212.69970703125,0.9791507720947266
1805,474,16548,116.69341278076172,879.9813232421875,242.65222930908203,238.946044921875,0.9637768864631653
1806,474,33878,148.67205810546875,306.2852478027344,221.23504638671875,148.5308837890625,0.9431688785552979
1807,474,6563,590.7794189453125,236.7459716796875,212.796630859375,337.8724365234375,0.9219979047775269
1808,475,25438,125.85455322265625,824.9097900390625,261.55511474609375,264.467041015625,0.9075340032577515
1809,475,13395,603.286865234375,710.506103515625,233.791748046875,522.2076416015625,0.8680036067962646
1810,475,2483,601.539306640625,88.11570739746094,201.9150390625,468.12965393066406,0.8252867460250854
1811,477,25438,123.80587768554688,810.9263916015625,255.52313232421875,256.1693115234375,0.9137533903121948
1812,477,2483,603.8192138671875,46.32777404785156,213.32177734375,484.92625427246094,0.8965630531311035
1813,479,36637,637.4771728515625,177.42823791503906,180.1162109375,241.99351501464844,0.9541164636611938
1814,479,25367,63.7010498046875,81.3404541015625,372.9429931640625,471.92193603515625,0.908728301525116
1815,479,3483,538.3703002929688,777.857666015625,265.895751953125,224.86181640625,0.8894737362861633
1816,479,27777,145.10009765625,775.5546875,179.4334716796875,204.5625,0.7170029878616333
1817,481,2483,623.02197265625,92.03147888183594,231.038818359375,478.49745178222656,0.9579760432243347
1818,481,13395,640.7764282226562,674.120849609375,241.8988037109375,513.6275634765625,0.8600397706031799
1819,481,22627,77.35598754882812,94.31733703613281,306.3891296386719,508.97142028808594,0.5910429358482361
1820,481,5094,136.02084350585938,842.3018798828125,284.10528564453125,287.326171875,0.5302343964576721
1821,482,22627,555.8631591796875,635.02197265625,309.648681640625,489.932373046875,0.9046542048454285
1822,482,13395,80.83224487304688,80.907470703125,229.20687866210938,483.82122802734375,0.8443206548690796
1823,482,5094,524.9051513671875,162.2565460205078,268.764892578125,265.64195251464844,0.8327293992042542
1824,484,3351,420.16302490234375,894.4935302734375,191.2125244140625,193.1212158203125,0.9707868695259094
1825,484,16688,478.71728515625,120.99127197265625,423.5283203125,529.2625732421875,0.9072896838188171
1826,485,32310,628.0758056640625,532.2648315429688,289.253173828125,342.73046875,0.9856539368629456
1827,485,3351,329.21221923828125,145.76815795898438,184.06005859375,190.0494384765625,0.9807995557785034
1828,486,3351,370.25775146484375,204.74571228027344,182.69189453125,183.82667541503906,0.9750369787216187
1829,486,32310,664.0562744140625,630.4964599609375,301.849365234375,348.0634765625,0.9690245389938354
1830,486,16688,75.39129638671875,629.8863525390625,433.40142822265625,581.705078125,0.47078150510787964
1831,487,31885,93.95709228515625,48.69773864746094,415.5546875,506.16297912597656,0.976784884929657
1832,487,16232,647.9066162109375,185.0909881591797,191.904296875,180.07215881347656,0.932016909122467
1833,487,3483,607.8497314453125,790.8851318359375,273.510986328125,211.264892578125,0.9082720279693604
1834,487,27733,122.3638916015625,767.7247314453125,315.3897705078125,276.607177734375,0.538821816444397
1835,493,1900,184.7315216064453,290.15594482421875,199.40489196777344,155.0465087890625,0.9685044288635254
1836,493,21026,683.0662841796875,275.0630798339844,180.685302734375,171.6925048828125,0.7642604112625122
1837,493,19607,680.6090087890625,900.9932861328125,167.20556640625,160.8134765625,0.4286969304084778
1838,494,16548,591.557861328125,138.03970336914062,233.1651611328125,225.91680908203125,0.9720814228057861
1839,494,19607,135.899169921875,212.60696411132812,154.42999267578125,152.2408447265625,0.9424424767494202
1840,494,1900,586.2864990234375,828.8153076171875,204.830322265625,161.514404296875,0.9156367778778076
1841,494,21026,91.83639526367188,831.48486328125,181.46450805664062,179.4609375,0.6921575665473938
1842,496,3832,496.6325378417969,179.25006103515625,379.4265441894531,366.227294921875,0.9588762521743774
1843,496,3351,397.96405029296875,871.3790283203125,184.877685546875,192.39404296875,0.929838240146637
1844,496,36637,165.22491455078125,295.50994873046875,188.85137939453125,244.9151611328125,0.7204319834709167
1845,497,3832,55.96881103515625,651.838623046875,385.11846923828125,380.8203125,0.9671003222465515
1846,497,3351,355.35150146484375,159.872314453125,181.11041259765625,185.26028442382812,0.965336799621582
1847,497,36637,587.7144775390625,668.9461669921875,195.03857421875,257.17333984375,0.8755289912223816
1848,499,3483,126.89729309082031,271.5128173828125,269.82786560058594,190.656982421875,0.900012731552124
1849,499,25367,520.85498046875,729.2257080078125,443.7381591796875,455.2447509765625,0.8851417899131775
1850,499,16262,166.38897705078125,833.858642578125,252.0203857421875,242.0894775390625,0.8800318837165833
1851,499,25469,571.5906982421875,231.60568237304688,374.980224609375,218.4534912109375,0.633331835269928
1852,5,24850,92.40225219726562,893.49951171875,301.60333251953125,163.705322265625,0.9754820466041565
1853,5,1900,180.52444458007812,266.8917236328125,129.94320678710938,200.5626220703125,0.9437355995178223
1854,5,29345,611.34716796875,714.7373046875,290.8385009765625,444.6435546875,0.8829735517501831
1855,500,25367,32.264007568359375,64.30096435546875,420.4602355957031,436.17559814453125,0.9043983817100525
1856,500,3483,575.0394287109375,810.7538452148438,279.453369140625,193.98193359375,0.8851034045219421
1857,500,16262,548.481201171875,188.904052734375,234.953369140625,228.7259521484375,0.7759919762611389
1858,500,25469,11.757049560546875,812.384033203125,384.1461486816406,223.0048828125,0.6828794479370117
1859,501,25367,49.26885986328125,80.16697692871094,430.41632080078125,438.84889221191406,0.9512345194816589
1860,501,16262,574.4422607421875,194.23764038085938,242.197998046875,231.90679931640625,0.8888970017433167
1861,501,3483,603.01611328125,845.0916748046875,276.798095703125,188.3045654296875,0.883222758769989
1862,501,25469,48.932464599609375,856.7030029296875,376.6891174316406,223.613037109375,0.7832084894180298
1863,502,3483,125.09548950195312,271.612060546875,271.525390625,189.948974609375,0.9034666419029236
1864,502,20238,138.557373046875,849.025390625,232.70513916015625,227.0771484375,0.9012459516525269
1865,502,30308,547.5372314453125,727.636962890625,416.9326171875,412.5439453125,0.653286337852478
1866,502,25469,572.2161865234375,231.7247314453125,373.70947265625,218.72625732421875,0.6394392848014832
1867,503,30308,37.102783203125,105.1107177734375,390.74884033203125,393.510009765625,0.9247750043869019
1868,503,20238,590.2020263671875,189.15078735351562,220.271240234375,215.814697265625,0.8976390361785889
1869,503,3483,575.392822265625,810.9332275390625,279.1751708984375,193.690185546875,0.8798891305923462
1870,503,25469,12.55999755859375,813.2430419921875,381.7950439453125,219.946533203125,0.6471850275993347
1871,506,38162,531.3450927734375,631.010498046875,202.780517578125,303.143310546875,0.9777315258979797
1872,506,31863,81.62615966796875,700.9110107421875,210.0640869140625,210.26708984375,0.818032443523407
1873,507,38162,571.5150146484375,726.7769775390625,201.5693359375,294.48828125,0.9725300073623657
1874,507,3351,392.70709228515625,197.0767822265625,185.37646484375,184.08251953125,0.9482276439666748
1875,507,31863,125.2811279296875,785.0364990234375,204.68389892578125,205.178466796875,0.5506949424743652
1876,508,3351,418.96087646484375,870.384521484375,190.857666015625,193.328857421875,0.9613999724388123
1877,508,16232,167.2469940185547,262.6357421875,188.15663146972656,187.6240234375,0.49372947216033936
1878,509,18147,47.518951416015625,603.0400390625,349.2541198730469,385.725341796875,0.971633791923523
1879,509,3351,330.62799072265625,167.5160675048828,182.8173828125,187.39756774902344,0.9656803011894226
1880,509,22074,589.753173828125,779.1189575195312,188.2603759765625,195.5367431640625,0.9004108905792236
1881,511,3483,153.873779296875,217.7303466796875,245.7286376953125,221.345703125,0.9250378012657166
1882,511,25367,574.1703491210938,742.363525390625,394.9813232421875,500.0321044921875,0.9153640866279602
1883,511,36637,93.39111328125,906.877197265625,275.4519348144531,166.83642578125,0.7683538794517517
1884,511,19861,639.777099609375,279.108642578125,221.221923828125,168.1275634765625,0.6252660155296326
1885,515,30308,91.31878662109375,185.60496520996094,428.6962890625,366.72401428222656,0.9525078535079956
1886,515,3483,567.8040161132812,811.1171875,264.4759521484375,219.510009765625,0.886946976184845
1887,515,35206,615.32275390625,139.89768981933594,222.8118896484375,402.88966369628906,0.8573140501976013
1888,515,27777,178.4169158935547,810.478759765625,176.11390686035156,200.998291015625,0.6541140675544739
1889,516,30308,481.233154296875,700.69921875,433.4150390625,371.665283203125,0.9397628307342529
1890,516,35206,139.517578125,705.9552001953125,243.11749267578125,411.10205078125,0.9257535338401794
1891,516,3483,172.7528076171875,276.75421142578125,262.13690185546875,222.07098388671875,0.8815930485725403
1892,516,27777,637.5570068359375,293.27008056640625,174.54052734375,194.551513671875,0.6421447396278381
1893,517,36637,642.536865234375,209.59164428710938,190.23583984375,245.9259033203125,0.93232661485672
1894,517,31885,26.82220458984375,18.29400634765625,379.1048583984375,521.6441040039062,0.9311221837997437
1895,517,3483,585.201904296875,846.134521484375,285.164794921875,166.9034423828125,0.8635289072990417
1896,517,27653,95.72463989257812,853.0352783203125,221.33786010742188,206.7705078125,0.6426467299461365
1897,518,36637,615.5902099609375,202.84115600585938,185.411865234375,242.29327392578125,0.9502691030502319
1898,518,31885,14.78094482421875,0.56329345703125,368.0345458984375,515.5516357421875,0.896767795085907
1899,518,3483,559.561767578125,812.6561279296875,285.9324951171875,172.7373046875,0.8860986232757568
1900,518,27653,60.8125,811.1119384765625,224.78573608398438,211.358642578125,0.7238447070121765
1901,519,36637,151.9051513671875,802.3858642578125,195.6214599609375,253.536865234375,0.9243677854537964
1902,519,3483,130.26876831054688,289.84161376953125,277.72137451171875,172.3450927734375,0.8725926876068115
1903,519,31885,598.7978515625,696.80029296875,377.164306640625,541.4505615234375,0.5804871916770935
1904,519,27653,669.8157958984375,255.08755493164062,221.8021240234375,198.93585205078125,0.5417981147766113
1905,520,3483,175.94131469726562,274.1199951171875,262.35321044921875,221.9898681640625,0.8921747803688049
1906,520,29667,126.25045776367188,880.4752197265625,229.77294921875,228.154296875,0.8816131353378296
1907,520,28763,616.2554931640625,905.81591796875,220.4949951171875,214.232666015625,0.8568853735923767
1908,520,27777,639.82763671875,294.23260498046875,174.42822265625,194.2689208984375,0.6540145874023438
1909,521,28763,146.82101440429688,154.74725341796875,206.613037109375,199.0047607421875,0.9133791923522949
1910,521,3483,536.9255981445312,778.080078125,265.6029052734375,225.228271484375,0.8865007162094116
1911,521,29667,603.4742431640625,162.04928588867188,216.851318359375,211.823974609375,0.7707143425941467
1912,521,27777,143.404052734375,773.982666015625,180.17510986328125,204.104248046875,0.7142797708511353
1913,522,3483,564.57568359375,812.435791015625,264.64306640625,220.831787109375,0.8867185711860657
1914,522,28763,164.58670043945312,158.94955444335938,212.739501953125,203.72332763671875,0.8314658999443054
1915,522,29667,630.713623046875,164.4308319091797,222.710205078125,213.38026428222656,0.8018963932991028
1916,522,27777,176.4200897216797,809.8062744140625,176.20130920410156,199.18212890625,0.6659361124038696
1917,525,16232,142.28628540039062,891.4443359375,195.34130859375,194.52490234375,0.9709603190422058
1918,525,3483,122.48507690429688,304.5046081542969,270.64605712890625,201.9757080078125,0.924846887588501
1919,525,27733,564.9765014648438,259.55810546875,299.86767578125,268.29583740234375,0.8738842606544495
1920,525,28763,635.6563720703125,863.95458984375,223.097900390625,214.890869140625,0.8059478402137756
1921,526,30308,547.6209716796875,710.7469482421875,315.06494140625,472.017333984375,0.9679539203643799
1922,526,3483,152.42706298828125,218.61485290527344,245.38555908203125,221.32435607910156,0.9247138500213623
1923,526,19861,637.359375,278.6622009277344,220.37646484375,168.3436279296875,0.6348318457603455
1924,526,16262,100.95427703857422,850.7783203125,248.16699981689453,240.9693603515625,0.6212483048439026
1925,527,30308,143.99685668945312,74.423095703125,311.483642578125,462.449462890625,0.977425217628479
1926,527,3483,601.4830322265625,866.1060791015625,259.17041015625,231.5938720703125,0.9035964608192444
1927,527,16262,637.7275390625,176.9964599609375,243.896484375,231.77496337890625,0.811244010925293
1928,527,19861,125.85440063476562,864.8017578125,221.641357421875,169.986572265625,0.7431117296218872
1929,528,30308,129.06515502929688,63.68157958984375,299.07293701171875,449.6082763671875,0.9738721251487732
1930,528,3483,573.0120849609375,838.1988525390625,261.94189453125,228.2998046875,0.9033153057098389
1931,528,16262,610.6639404296875,172.4097137451172,238.10693359375,228.42897033691406,0.8649954199790955
1932,528,19861,91.42235565185547,828.74853515625,226.49213409423828,175.447998046875,0.7773376107215881
1933,529,22347,105.56952667236328,241.73126220703125,207.08690643310547,196.65399169921875,0.8950931429862976
1934,529,3483,603.1611328125,845.005615234375,276.36083984375,187.26123046875,0.8787927031517029
1935,529,20238,617.7174072265625,194.97579956054688,226.172119140625,217.8492431640625,0.8756077885627747
1936,529,25469,48.3499755859375,856.6561279296875,378.191650390625,223.48046875,0.7743656635284424
1937,53,6192,105.74200439453125,114.40478515625,356.07086181640625,477.13787841796875,0.9827196598052979
1938,53,25438,132.62713623046875,853.95849609375,262.42596435546875,265.2154541015625,0.9121168255805969
1939,53,2483,652.672607421875,99.3739013671875,211.078857421875,471.572265625,0.8942450881004333
1940,53,5886,607.917236328125,680.43994140625,237.829345703125,507.629150390625,0.8350279331207275
1941,530,3483,124.82662963867188,271.4859619140625,272.0150146484375,189.2186279296875,0.9033696055412292
1942,530,20238,138.56654357910156,848.89111328125,231.80308532714844,227.5118408203125,0.8908253908157349
1943,530,22347,680.6843872070312,830.843994140625,214.4971923828125,207.627197265625,0.8545316457748413
1944,530,25469,573.093994140625,231.24188232421875,373.8983154296875,218.69073486328125,0.6257461905479431
1945,531,3483,575.2499389648438,810.810791015625,279.6939697265625,193.17724609375,0.8838565349578857
1946,531,20238,589.525146484375,188.46908569335938,221.0137939453125,216.18084716796875,0.8625110387802124
1947,531,22347,88.80996704101562,230.39923095703125,201.10745239257812,194.52099609375,0.8319331407546997
1948,531,25469,12.811126708984375,812.548095703125,381.90142822265625,221.44921875,0.6511601209640503
1949,532,19552,118.5291748046875,112.00677490234375,383.2099609375,428.349365234375,0.9722020030021667
1950,532,2483,596.618408203125,111.72265625,287.6978759765625,446.7166748046875,0.9068052768707275
1951,532,5886,612.892822265625,693.5545654296875,238.3681640625,514.775634765625,0.8589062690734863
1952,532,3743,74.22998046875,813.606689453125,336.13226318359375,328.745361328125,0.3999887704849243
1953,533,19552,114.42778015136719,78.444580078125,390.31507873535156,426.89471435546875,0.9804514050483704
1954,533,3743,73.77972412109375,803.423095703125,325.910400390625,316.262939453125,0.916191577911377
1955,533,5886,600.5625610351562,695.184326171875,239.8338623046875,494.9703369140625,0.8786205649375916
1956,533,2483,611.9989013671875,79.916015625,274.977783203125,452.52716064453125,0.7840180397033691
1957,534,19552,445.36505126953125,699.78759765625,403.7423095703125,433.2177734375,0.9756777286529541
1958,534,3743,535.6119384765625,152.32269287109375,316.3682861328125,305.38739013671875,0.972599446773529
1959,534,5886,97.67017364501953,66.9664306640625,245.84172821044922,478.3905029296875,0.91641765832901
1960,534,2483,51.58074951171875,681.5418701171875,283.8587646484375,455.585205078125,0.885202944278717
1961,535,36637,673.2557373046875,171.560302734375,175.548828125,255.50128173828125,0.9380913376808167
1962,535,31885,86.98370361328125,143.09814453125,406.79132080078125,506.2720947265625,0.9149063229560852
1963,535,3483,601.8109130859375,846.25927734375,277.1365966796875,186.362060546875,0.8805564641952515
1964,535,25469,84.57940673828125,829.228759765625,347.05584716796875,302.12109375,0.6482158303260803
1965,536,31885,69.52667236328125,116.28175354003906,392.34893798828125,501.92308044433594,0.9720455408096313
1966,536,36637,645.7825927734375,169.54974365234375,169.469970703125,248.5863037109375,0.9445828795433044
1967,536,3483,573.9733276367188,811.6876220703125,279.2772216796875,192.492431640625,0.8871851563453674
1968,536,25469,49.218994140625,787.181640625,353.62384033203125,302.131103515625,0.6887592077255249
1969,537,3483,126.97116088867188,271.90606689453125,270.6795654296875,188.9207763671875,0.9114885926246643
1970,537,36637,132.26092529296875,829.2772216796875,181.75955200195312,260.492431640625,0.8697254657745361
1971,537,31885,512.7012939453125,594.837646484375,413.301513671875,517.831298828125,0.7725879549980164
1972,537,25469,575.5994873046875,189.5703125,327.473876953125,283.93670654296875,0.5099926590919495
1973,539,20014,12.907958984375,668.5924072265625,350.49114990234375,343.978271484375,0.9207444190979004
1974,539,3351,321.123779296875,133.16461181640625,185.84625244140625,188.324951171875,0.9103807806968689
1975,539,38162,595.0555419921875,706.0003662109375,198.7626953125,308.932373046875,0.2995748519897461
1976,54,6192,478.9467468261719,647.4107666015625,364.3286437988281,482.2569580078125,0.9684635996818542
1977,54,25438,548.47021484375,176.46835327148438,245.526611328125,253.0115966796875,0.9319248795509338
1978,54,2483,70.86526489257812,662.4627685546875,204.97775268554688,487.1903076171875,0.8947368264198303
1979,54,5886,111.95987701416016,83.09326171875,233.47954559326172,478.2196044921875,0.8174554109573364
1980,540,38162,632.9798583984375,803.1767578125,195.4033203125,298.529052734375,0.9565351009368896
1981,540,20014,56.48553466796875,753.7601318359375,343.94744873046875,338.9786376953125,0.9446421265602112
1982,541,31885,584.264892578125,650.64697265625,329.885986328125,555.918701171875,0.9571312069892883
1983,541,16232,145.69140625,899.764892578125,193.13613891601562,192.65478515625,0.9286335706710815
1984,541,3483,152.26266479492188,218.5746612548828,244.80364990234375,221.42149353027344,0.925527036190033
1985,541,19861,637.7359619140625,278.667724609375,220.84033203125,168.2491455078125,0.671239972114563
1986,542,16232,618.361572265625,173.43731689453125,183.98583984375,180.17401123046875,0.9201290011405945
1987,542,3483,572.9771728515625,837.8638916015625,261.8182373046875,229.04833984375,0.8996502757072449
1988,542,19861,91.596923828125,828.58447265625,225.57110595703125,175.03662109375,0.8098206520080566
1989,542,31885,68.86984252929688,34.19134521484375,318.7916564941406,534.7224731445312,0.7486035823822021
1990,543,16232,645.654052734375,175.8544921875,190.19140625,187.17352294921875,0.9359855651855469
1991,543,3483,601.3582153320312,867.0872802734375,258.8487548828125,231.0692138671875,0.8960875272750854
1992,543,31885,86.18011474609375,48.33856201171875,325.55682373046875,546.5488891601562,0.7738102674484253
1993,543,19861,125.65414428710938,864.771484375,220.8291015625,169.7017822265625,0.70728999376297
1994,545,3483,176.82192993164062,274.28900146484375,261.73309326171875,221.2762451171875,0.8967641592025757
1995,545,22347,664.3541259765625,862.2471923828125,215.243896484375,208.287353515625,0.8641873002052307
1996,545,29667,126.74337768554688,881.767333984375,229.01483154296875,226.214111328125,0.8596563935279846
1997,545,27777,640.1573486328125,294.7783203125,174.843505859375,194.2259521484375,0.673307478427887
1998,546,3483,536.2281494140625,778.986328125,265.89501953125,224.318603515625,0.888289213180542
1999,546,22347,106.436767578125,201.5480194091797,201.60528564453125,193.36769104003906,0.8394848108291626
2000,546,29667,603.364990234375,162.4134521484375,216.564208984375,211.6754150390625,0.784824550151825
2001,546,27777,142.90066528320312,773.67431640625,180.1575927734375,204.671630859375,0.7197744846343994
2002,547,3483,652.0482177734375,751.1805419921875,208.8544921875,268.240234375,0.9421416521072388
2003,547,36637,632.645263671875,211.13494873046875,183.8448486328125,248.74005126953125,0.9404885768890381
2004,547,20877,118.22459411621094,767.7946166992188,327.54017639160156,231.4332275390625,0.8873328566551208
2005,547,22347,120.786376953125,241.7552490234375,205.56649780273438,198.9835205078125,0.8752825260162354
2006,548,3483,143.1050262451172,291.2850341796875,209.85609436035156,255.01373291015625,0.9219560623168945
2007,548,36637,166.9258575439453,798.1475830078125,188.91148376464844,254.603515625,0.9130521416664124
2008,548,22347,664.1304931640625,829.3336181640625,214.058837890625,208.0205078125,0.9061135649681091
2009,548,20877,545.9034423828125,294.1302490234375,327.9326171875,233.51763916015625,0.8641835451126099
2010,55,3351,422.9262390136719,847.665771484375,188.80178833007812,190.9246826171875,0.977719783782959
2011,55,16688,440.0206604003906,161.34783935546875,488.9906921386719,463.43231201171875,0.3004085421562195
2012,551,20238,134.2454071044922,869.503662109375,231.04676818847656,227.442626953125,0.9140152335166931
2013,551,3483,129.44602966308594,289.65240478515625,277.91065979003906,173.68670654296875,0.8797609806060791
2014,551,30308,543.5701904296875,685.8232421875,390.149658203125,428.03076171875,0.828445553779602
2015,551,27653,668.587646484375,255.30841064453125,221.98486328125,198.914794921875,0.5601558089256287
2016,552,20238,624.232421875,175.6947021484375,223.809814453125,218.10845947265625,0.9004858136177063
2017,552,3483,586.615234375,845.3114013671875,285.270751953125,167.563232421875,0.8907713890075684
2018,552,30308,77.59942626953125,143.820556640625,384.27362060546875,423.7294921875,0.717474102973938
2019,552,27653,97.74683380126953,852.2205810546875,220.74742889404297,207.235595703125,0.6527377367019653
2020,553,16232,602.8421630859375,214.28619384765625,185.403564453125,181.895751953125,0.9495731592178345
2021,553,3483,574.893798828125,810.8778076171875,279.50732421875,192.57177734375,0.8814204335212708
2022,553,34597,9.93280029296875,76.87098693847656,423.79937744140625,439.58226013183594,0.8738746047019958
2023,553,25469,12.99371337890625,812.568603515625,382.5957336425781,220.863525390625,0.6951984167098999
2024,555,16232,631.4737548828125,219.88613891601562,188.8779296875,188.35333251953125,0.9511027932167053
2025,555,34597,23.703857421875,102.43646240234375,431.9208068847656,438.347900390625,0.9218785166740417
2026,555,3483,603.1549072265625,844.67236328125,276.57373046875,187.90234375,0.8807136416435242
2027,555,25469,48.89373779296875,857.323486328125,375.25726318359375,221.428466796875,0.7892736792564392
2028,56,3351,325.873046875,191.0233154296875,185.09552001953125,189.4610595703125,0.9772082567214966
2029,56,16688,3.36151123046875,562.3878173828125,520.2242431640625,494.0460205078125,0.9623308181762695
2030,560,30308,116.36044311523438,80.12908935546875,278.024658203125,471.9686279296875,0.9780896902084351
2031,560,3483,601.5767822265625,866.9180908203125,258.531982421875,230.490966796875,0.8995370268821716
2032,560,35206,585.379638671875,95.84982299804688,283.2257080078125,378.42938232421875,0.8424444794654846
2033,560,19861,125.61526489257812,864.5302734375,220.87396240234375,170.17626953125,0.7175503373146057
2034,564,1900,151.46607971191406,254.52984619140625,195.48765563964844,161.03564453125,0.9594127535820007
2035,564,16551,590.597900390625,107.3533935546875,293.4169921875,475.5931396484375,0.9349427223205566
2036,564,33009,549.1773681640625,837.224853515625,377.028076171875,199.008544921875,0.6233271956443787
2037,564,21771,162.63775634765625,805.7420654296875,186.91070556640625,186.085693359375,0.44381582736968994
2038,565,5094,105.87380981445312,809.3250732421875,285.58026123046875,286.154541015625,0.9025029540061951
2039,565,12081,649.414306640625,693.7847900390625,246.2783203125,466.054931640625,0.813586950302124
2040,565,2483,625.0496826171875,72.634521484375,222.287353515625,463.25762939453125,0.5977789163589478
2041,565,19552,23.40679931640625,157.00787353515625,413.3031005859375,435.17327880859375,0.28157109022140503
2042,569,12778,539.8460693359375,571.4893798828125,299.251953125,521.5611572265625,0.8945863842964172
2043,569,12081,107.94509887695312,110.250244140625,230.41519165039062,428.89306640625,0.8093470931053162
2044,569,3743,495.3515319824219,166.22491455078125,316.2580871582031,300.908203125,0.7160371541976929
2045,569,2483,87.52398681640625,668.372802734375,263.7720031738281,472.05126953125,0.6976968050003052
2046,571,1900,581.617919921875,866.9694213867188,211.0965576171875,142.8203125,0.9480510354042053
2047,571,24850,121.15838623046875,138.19056701660156,179.74893188476562,282.99107360839844,0.7846173644065857
2048,571,21026,90.48431396484375,830.2794189453125,181.60562133789062,179.5994873046875,0.7301115393638611
2049,572,1900,187.85479736328125,273.20770263671875,203.00433349609375,137.8402099609375,0.8097302913665771
2050,572,21026,684.3164672851562,276.48486328125,179.9697265625,171.18621826171875,0.7659734487533569
2051,572,24850,675.700439453125,827.550537109375,188.78466796875,303.3511962890625,0.6711416840553284
2052,573,1900,606.89208984375,895.758056640625,210.3333740234375,142.467529296875,0.9563004374504089
2053,573,16551,565.849609375,64.51795959472656,313.1337890625,468.07029724121094,0.948447585105896
2054,573,21026,124.255615234375,863.76416015625,180.16937255859375,179.1185302734375,0.6784151792526245
2055,574,3743,115.380615234375,826.7965087890625,321.78857421875,321.2890625,0.9869780540466309
2056,574,2483,670.6767578125,80.6163330078125,204.6572265625,483.40765380859375,0.8882642984390259
2057,574,13395,628.685546875,674.729248046875,230.357177734375,500.57421875,0.8644469380378723
2058,574,22627,93.9420166015625,171.8023223876953,309.021240234375,486.34483337402344,0.37717992067337036
2059,575,3743,496.962890625,124.80967712402344,313.00048828125,305.11097717285156,0.9710699319839478
2060,575,2483,61.84381866455078,647.4666748046875,201.12419891357422,486.8017578125,0.8909400105476379
2061,575,13395,85.43984985351562,84.63670349121094,229.76272583007812,483.05128479003906,0.8229140639305115
2062,575,22627,535.350341796875,544.99169921875,312.3125,486.85400390625,0.7494193911552429
2063,576,3743,117.36810302734375,838.234375,333.16552734375,333.406494140625,0.9815114140510559
2064,576,2483,658.3758544921875,112.2208251953125,218.222412109375,471.3231201171875,0.9366095066070557
2065,576,22627,98.01095581054688,205.45172119140625,307.2857666015625,482.63616943359375,0.8990369439125061
2066,576,13395,638.313720703125,674.2218017578125,238.605224609375,514.151123046875,0.7487373948097229
2067,577,19607,139.38363647460938,787.85400390625,159.1727294921875,155.647705078125,0.9488118886947632
2068,577,16551,537.6718139648438,73.29029846191406,354.06787109375,423.04307556152344,0.9077549576759338
2069,577,1900,135.00030517578125,247.37852478027344,192.3277587890625,154.19667053222656,0.8455691337585449
2070,577,33009,519.7938232421875,790.0682373046875,383.0584716796875,212.372314453125,0.7750206589698792
2071,578,19607,661.3512573242188,332.3713073730469,156.7603759765625,150.67120361328125,0.9533828496932983
2072,578,33009,85.27557373046875,257.264892578125,370.3175048828125,208.9510498046875,0.7985349297523499
2073,578,1900,641.0775146484375,860.0361328125,206.7410888671875,165.0565185546875,0.5805362462997437
2074,579,19607,170.6139678955078,821.4351806640625,159.04612731933594,154.445068359375,0.96668940782547
2075,579,16551,565.97265625,80.78155517578125,366.268798828125,434.9364013671875,0.9663536548614502
2076,579,1900,150.0235137939453,255.42919921875,199.64598083496094,156.97418212890625,0.9648333787918091
2077,579,33009,548.5458984375,836.20361328125,375.395751953125,199.93994140625,0.2807862162590027
2078,58,3483,573.3687744140625,837.5863037109375,261.46728515625,228.1580810546875,0.9042445421218872
2079,58,34597,39.2607421875,51.38002014160156,390.71240234375,464.32493591308594,0.9030073881149292
2080,58,35206,558.1024169921875,92.54374694824219,277.880615234375,367.19313049316406,0.8420572280883789
2081,58,19861,91.41860961914062,828.231689453125,226.63516235351562,176.2073974609375,0.7966779470443726
2082,581,1900,645.2462158203125,853.50732421875,204.97216796875,171.8084716796875,0.9730522036552429
2083,581,24850,647.66552734375,207.39906311035156,175.674560546875,273.66978454589844,0.9091075658798218
2084,581,33009,85.28683471679688,256.63006591796875,370.8580322265625,208.51318359375,0.7599816918373108
2085,583,19552,469.00799560546875,636.693603515625,335.4425048828125,482.0458984375,0.9549182057380676
2086,583,2483,69.62911987304688,692.1507568359375,254.8056640625,466.113037109375,0.8729947805404663
2087,583,5094,549.5255126953125,186.34402465820312,270.2470703125,267.70697021484375,0.8676642179489136
2088,583,5886,111.14697265625,81.89320373535156,236.20147705078125,478.25083923339844,0.7947224974632263
2089,584,19552,145.12559509277344,114.97096252441406,329.33851623535156,483.77513122558594,0.9073945879936218
2090,584,2483,607.052490234375,89.9967041015625,260.862548828125,452.60693359375,0.8714919686317444
2091,584,5886,605.4383544921875,685.00927734375,243.74365234375,503.644287109375,0.8331452012062073
2092,584,5094,110.0826416015625,817.122802734375,283.0841064453125,284.216064453125,0.8167731165885925
2093,586,36637,645.978515625,168.3580322265625,169.27197265625,247.70220947265625,0.9306809306144714
2094,586,3483,574.2796630859375,811.1705322265625,279.1927490234375,194.292236328125,0.8865709900856018
2095,586,28763,145.87603759765625,197.8313446044922,207.89764404296875,197.71754455566406,0.8562319278717041
2096,586,25469,49.7899169921875,787.4110107421875,352.61077880859375,301.7991943359375,0.7350295186042786
2097,587,3483,126.41650390625,271.0091552734375,270.57867431640625,188.5706787109375,0.9043840765953064
2098,587,28763,615.84765625,857.585205078125,222.0230712890625,214.698486328125,0.8799094557762146
2099,587,36637,131.25497436523438,829.305419921875,181.63018798828125,259.77294921875,0.8322864770889282
2100,587,25469,575.0802001953125,189.11279296875,327.775634765625,284.257568359375,0.5336756110191345
2101,588,36637,676.2750244140625,171.518798828125,173.6392822265625,255.49932861328125,0.944949746131897
2102,588,3483,602.5150146484375,846.3671875,276.622802734375,187.345703125,0.8887796401977539
2103,588,28763,163.66929626464844,206.0474395751953,214.29310607910156,205.04624938964844,0.7772858738899231
2104,588,25469,84.85400390625,828.275146484375,346.9642333984375,304.6614990234375,0.672299325466156
2105,589,25367,24.154632568359375,112.54827880859375,350.9898986816406,493.56048583984375,0.9265214204788208
2106,589,3483,601.6455078125,866.40869140625,258.8824462890625,231.673583984375,0.8991423845291138
2107,589,16262,637.8695068359375,177.0495147705078,244.117431640625,231.62449645996094,0.8085359334945679
2108,589,19861,125.35009765625,864.6748046875,222.22491455078125,170.37255859375,0.7854490876197815
2109,591,25367,624.2078857421875,644.9439697265625,351.7921142578125,509.39794921875,0.9303776025772095
2110,591,3483,152.7847442626953,218.64744567871094,244.85618591308594,221.47889709472656,0.9254734516143799
2111,591,16262,100.9892578125,850.5421142578125,247.474853515625,241.1817626953125,0.7082598805427551
2112,591,19861,637.639404296875,279.3197937011719,220.588623046875,167.63128662109375,0.5411784648895264
2113,592,3483,153.92027282714844,217.58592224121094,245.00062561035156,221.64381408691406,0.9211065769195557
2114,592,28763,651.1380615234375,901.2305908203125,220.75732421875,215.69921875,0.8937181830406189
2115,592,29667,117.53677368164062,843.9501953125,230.98324584960938,226.19091796875,0.7773553729057312
2116,592,19861,639.9886474609375,278.87786865234375,221.6884765625,168.4234619140625,0.43683668971061707
2117,593,3483,571.2667236328125,838.9022216796875,261.58154296875,228.50439453125,0.8978829383850098
2118,593,28763,113.93215942382812,159.76119995117188,207.77505493164062,197.61822509765625,0.8751417398452759
2119,593,19861,89.52090454101562,826.71337890625,226.32357788085938,176.549560546875,0.7945236563682556
2120,593,29667,610.3388061523438,194.70709228515625,218.02392578125,214.9708251953125,0.7145549058914185
2121,594,3483,599.6337890625,867.33984375,258.96142578125,231.5113525390625,0.8875303864479065
2122,594,28763,129.513427734375,163.75927734375,213.0068359375,202.75445556640625,0.8212766051292419
2123,594,29667,637.077880859375,200.97409057617188,225.461181640625,213.71966552734375,0.7509516477584839
2124,594,19861,124.02859497070312,864.4217529296875,220.43133544921875,170.033447265625,0.6730651259422302
2125,595,16232,651.3380126953125,289.15631103515625,188.789306640625,189.60888671875,0.9673057794570923
2126,595,3351,401.17730712890625,864.681884765625,187.4974365234375,194.2716064453125,0.9418373107910156
2127,595,32310,111.19110107421875,214.5330047607422,249.44549560546875,344.21925354003906,0.8144505620002747
2128,596,3351,350.0606689453125,162.42669677734375,182.300537109375,184.3280029296875,0.9648343920707703
2129,596,16232,81.77819061279297,732.4283447265625,195.57343292236328,198.46630859375,0.9424480199813843
2130,598,33880,553.3494262695312,192.49053955078125,301.2215576171875,422.31414794921875,0.9843230843544006
2131,598,36637,173.7898406982422,333.9285888671875,183.41676330566406,252.89971923828125,0.9448443651199341
2132,60,3483,152.073974609375,218.64996337890625,245.3551025390625,221.30047607421875,0.924422562122345
2133,60,35206,109.14599609375,774.8480224609375,300.5645751953125,389.90234375,0.877682089805603
2134,60,34597,545.8326416015625,690.6439208984375,413.634521484375,489.5029296875,0.8057377338409424
2135,60,19861,638.3077392578125,278.96246337890625,219.4405517578125,168.24359130859375,0.6837322115898132
2136,600,3351,385.51483154296875,226.95794677734375,183.68603515625,180.9488525390625,0.9655374884605408
2137,600,36637,625.5728149414062,719.953125,181.855712890625,260.304931640625,0.9414418339729309
2138,600,32310,112.92887878417969,686.238525390625,310.3085479736328,432.1416015625,0.44447576999664307
2139,601,31885,501.9362487792969,637.6439208984375,456.0676574707031,478.01220703125,0.9815573692321777
2140,601,3483,122.78363037109375,304.65350341796875,271.11004638671875,202.37353515625,0.9247708916664124
2141,601,16262,150.91563415527344,802.8944091796875,250.87953186035156,240.92236328125,0.8874673843383789
2142,601,27733,564.5181884765625,259.2027587890625,299.899169921875,268.8433837890625,0.8475186824798584
2143,602,31885,39.542388916015625,107.58319091796875,439.294189453125,472.62359619140625,0.9717146754264832
2144,602,3483,579.580078125,758.7838134765625,274.461669921875,207.921630859375,0.8973605632781982
2145,602,27733,87.83627319335938,727.4022827148438,319.1133728027344,280.50244140625,0.8052371740341187
2146,602,16262,562.9627685546875,218.17047119140625,237.9931640625,229.10028076171875,0.6616978645324707
2147,603,31885,52.11009216308594,136.3603515625,461.47364807128906,468.6510009765625,0.9842585325241089
2148,603,3483,607.8049926757812,790.1492919921875,273.2196044921875,211.658935546875,0.9088004231452942
2149,603,27733,122.45068359375,768.23583984375,314.22314453125,275.367431640625,0.8186739087104797
2150,603,16262,590.1494140625,226.3311767578125,243.1064453125,230.92864990234375,0.7807787656784058
2151,605,36637,643.37890625,207.5533447265625,190.37744140625,247.4710693359375,0.9336683750152588
2152,605,3483,585.815185546875,845.6654052734375,285.8807373046875,167.896240234375,0.8808872103691101
2153,605,28763,146.4438018798828,248.2275390625,212.06871032714844,203.99224853515625,0.8639442324638367
2154,605,27653,96.26242065429688,852.9112548828125,221.48568725585938,206.6116943359375,0.6855236291885376
2155,608,33880,49.90350341796875,607.532958984375,308.796875,442.8966064453125,0.9878798127174377
2156,608,29667,591.384765625,722.161865234375,233.89453125,234.19091796875,0.9480616450309753
2157,610,16232,620.6709594726562,221.9852752685547,186.3128662109375,182.29261779785156,0.9378356337547302
2158,610,34597,0.0,105.10052490234375,393.67010498046875,446.004150390625,0.9162231087684631
2159,610,3483,559.1468505859375,812.5264892578125,285.661865234375,172.563720703125,0.8861319422721863
2160,610,27653,61.19995880126953,810.9736328125,222.46282196044922,210.907470703125,0.6432119607925415
2161,611,16232,142.1591796875,846.79052734375,196.36090087890625,192.20654296875,0.9748409986495972
2162,611,34597,579.8175048828125,655.1959228515625,396.1824951171875,459.7705078125,0.9291422963142395
2163,611,3483,131.5537567138672,289.1641845703125,276.38185119628906,173.37603759765625,0.8693280816078186
2164,611,27653,670.278564453125,255.63760375976562,222.04052734375,198.30267333984375,0.5494120717048645
2165,612,34597,0.0,138.48809814453125,417.52374267578125,436.89849853515625,0.9528954029083252
2166,612,16232,649.0030517578125,231.6642608642578,190.204345703125,180.84007263183594,0.939943253993988
2167,612,3483,584.6718139648438,846.10009765625,284.7186279296875,167.80908203125,0.8621454238891602
2168,612,27653,95.48062133789062,851.3380126953125,220.71841430664062,207.053955078125,0.6586300134658813
2169,614,3351,346.42889404296875,153.9505615234375,184.07733154296875,187.8009033203125,0.9673110842704773
2170,614,22074,635.384521484375,726.8963623046875,186.828125,193.0869140625,0.9651148915290833
2171,615,3351,389.11962890625,212.8953857421875,183.4876708984375,182.7730712890625,0.9782617092132568
2172,615,19232,210.18714904785156,754.193115234375,236.16368103027344,353.55126953125,0.902661919593811
2173,616,3483,152.7194366455078,218.23919677734375,244.42503356933594,221.201904296875,0.9237486124038696
2174,616,16232,145.86886596679688,899.632080078125,192.40167236328125,191.658935546875,0.9203662276268005
2175,616,28763,628.9656982421875,884.8902587890625,224.442626953125,217.7042236328125,0.814659059047699
2176,616,19861,638.4677124023438,278.7832946777344,219.0701904296875,167.74127197265625,0.6880915760993958
2177,617,16232,645.768310546875,175.84503173828125,190.271484375,186.64630126953125,0.9450438618659973
2178,617,3483,601.6827392578125,865.8370361328125,258.4842529296875,232.170166015625,0.9007943868637085
2179,617,28763,149.0478515625,178.49615478515625,211.1126708984375,201.93841552734375,0.8531667590141296
2180,617,19861,125.84921264648438,865.02880859375,220.93475341796875,169.78662109375,0.7159906029701233
2181,618,16232,618.42919921875,173.34934997558594,184.49267578125,179.52955627441406,0.9297695755958557
2182,618,3483,572.9622802734375,837.8214111328125,261.626953125,227.823974609375,0.9083414673805237
2183,618,19861,91.67144775390625,829.03564453125,225.86849975585938,175.00732421875,0.812170147895813
2184,618,28763,130.97198486328125,171.98426818847656,209.28140258789062,196.73460388183594,0.6948373913764954
2185,62,18147,91.81768798828125,550.2850952148438,287.40728759765625,415.4384765625,0.9758083820343018
2186,62,3351,326.4090576171875,155.0989990234375,184.6622314453125,189.480224609375,0.9679953455924988
2187,62,36637,541.4988403320312,650.0299072265625,207.043701171875,254.969482421875,0.31701481342315674
2188,620,22362,79.58755493164062,70.37614440917969,253.09112548828125,396.67335510253906,0.9841779470443726
2189,620,23223,545.9194946289062,642.97265625,297.58984375,505.2137451171875,0.88814777135849
2190,620,5094,521.8321533203125,150.1334991455078,269.761474609375,264.97386169433594,0.8330998420715332
2191,620,2483,84.82882690429688,642.0152587890625,200.42523193359375,488.4412841796875,0.5907413959503174
2192,621,23223,93.43789672851562,60.94305419921875,293.0590515136719,501.86480712890625,0.949590265750885
2193,621,2483,650.1839599609375,85.18096923828125,196.537353515625,485.23394775390625,0.8675405383110046
2194,621,22362,609.0411376953125,780.1297607421875,255.519775390625,407.049072265625,0.5216763019561768
2195,621,5094,136.71188354492188,847.4166259765625,277.2530517578125,274.359375,0.4555015563964844
2196,622,22074,613.407958984375,290.7293395996094,185.7760009765625,188.9144287109375,0.9701622724533081
2197,622,41768,131.20394897460938,294.46038818359375,258.36505126953125,291.94244384765625,0.8799629807472229
2198,623,3351,350.94842529296875,147.84164428710938,184.83404541015625,188.8875732421875,0.9474621415138245
2199,623,41768,557.453857421875,631.507080078125,267.225830078125,306.66357421875,0.6393783092498779
2200,624,3351,393.22735595703125,208.08807373046875,183.79840087890625,182.62847900390625,0.9715521931648254
2201,624,22074,168.66357421875,839.0645751953125,187.83734130859375,185.8546142578125,0.945902407169342
2202,624,41768,599.8798828125,720.43359375,263.0325927734375,308.99462890625,0.5941751003265381
2203,625,3483,122.47711181640625,304.73779296875,270.80133056640625,202.7772216796875,0.9223329424858093
2204,625,27733,565.0030517578125,259.290771484375,299.3076171875,268.46484375,0.8798655271530151
2205,625,30308,501.0563049316406,697.551025390625,422.0175476074219,396.646484375,0.8743645548820496
2206,625,16262,151.64932250976562,802.150634765625,248.79376220703125,241.5474853515625,0.7959100604057312
2207,627,30308,71.58767700195312,148.2991943359375,401.301513671875,376.33544921875,0.9647433161735535
2208,627,3483,579.8861083984375,758.9456787109375,274.419677734375,207.620849609375,0.901904284954071
2209,627,27733,86.62454223632812,726.794677734375,320.4206237792969,281.389892578125,0.7882391810417175
2210,627,16262,562.92138671875,218.94314575195312,237.8369140625,228.6236572265625,0.6322934627532959
2211,628,16232,141.31591796875,891.2591552734375,196.46636962890625,194.720703125,0.9749631285667419
2212,628,3483,122.21461486816406,304.3900146484375,271.61949157714844,201.62890625,0.9224136471748352
2213,628,27733,564.8348388671875,259.053955078125,300.3321533203125,268.4007568359375,0.861307680606842
2214,628,22347,677.6875,850.35986328125,213.618896484375,208.325927734375,0.8443859815597534
2215,632,25438,550.5449829101562,181.67530822753906,247.95751953125,252.17222595214844,0.9259350895881653
2216,632,2483,65.65631103515625,663.9755859375,215.35842895507812,490.277099609375,0.9087586998939514
2217,632,23223,502.1421813964844,604.1680908203125,298.2033996582031,507.82177734375,0.8067519664764404
2218,632,5886,118.453857421875,88.03395080566406,230.7437744140625,475.19248962402344,0.7956715822219849
2219,633,23223,140.65045166015625,133.03485107421875,288.84991455078125,495.76910400390625,0.9270460605621338
2220,633,25438,130.61439514160156,848.0638427734375,261.26792907714844,266.5635986328125,0.9074578285217285
2221,633,2483,657.6305541992188,98.54547119140625,199.2542724609375,471.1917724609375,0.8798672556877136
2222,633,5886,602.8458251953125,679.57763671875,241.4876708984375,504.519775390625,0.810001015663147
2223,635,4543,612.9487915039062,153.46514892578125,203.324462890625,198.43145751953125,0.9705858826637268
2224,635,33878,616.8807373046875,790.956298828125,168.68505859375,220.22119140625,0.960882306098938
2225,635,16548,70.77953338623047,752.68310546875,238.99805450439453,232.19970703125,0.9520738124847412
2226,636,4543,134.3238525390625,903.01611328125,211.36175537109375,213.125732421875,0.9832667112350464
2227,636,33878,191.09405517578125,257.4921875,161.53399658203125,212.387451171875,0.9747172594070435
2228,636,3544,584.048095703125,856.8583984375,213.2064208984375,214.14111328125,0.974651038646698
2229,637,2483,596.33642578125,110.99720764160156,288.681396484375,447.45286560058594,0.8937686085700989
2230,637,5886,613.0308837890625,694.2806396484375,237.479248046875,513.264404296875,0.870954155921936
2231,638,3743,73.323974609375,802.3135986328125,326.82611083984375,317.5135498046875,0.917296826839447
2232,638,5886,600.4672241210938,696.0589599609375,239.4765625,496.2176513671875,0.8606588840484619
2233,638,2483,613.2625732421875,80.0361328125,273.73486328125,452.9998779296875,0.7876627445220947
2234,64,29667,155.9774932861328,277.6091003417969,227.51683044433594,222.9359130859375,0.9528993964195251
2235,64,20014,594.600830078125,268.541259765625,338.2745361328125,314.52191162109375,0.947997510433197
2236,640,3832,488.0625,287.44635009765625,405.546142578125,337.4080810546875,0.9643962383270264
2237,640,3351,404.3172607421875,917.2833251953125,191.61651611328125,194.53662109375,0.610870897769928
2238,641,20238,619.7463989257812,708.190185546875,231.8072509765625,230.751708984375,0.965885579586029
2239,641,3351,341.9041748046875,125.64877319335938,183.44384765625,184.917236328125,0.9656791090965271
2240,641,3832,41.325286865234375,580.02685546875,408.7137756347656,351.01611328125,0.9539017081260681
2241,644,6192,501.4997863769531,602.4805908203125,279.0832214355469,543.9088134765625,0.9922656416893005
2242,644,3743,487.0760803222656,117.63375854492188,311.8300476074219,306.244384765625,0.9465140700340271
2243,644,2483,61.446807861328125,654.7373046875,205.09292602539062,481.5440673828125,0.8607476353645325
2244,644,13395,71.490234375,84.13470458984375,232.4830322265625,483.60540771484375,0.8510245680809021
2245,646,34597,399.0567626953125,630.368408203125,463.6737060546875,428.98291015625,0.9634206891059875
2246,646,36637,131.01394653320312,828.1593017578125,190.46563720703125,255.277587890625,0.9079618453979492
2247,646,3483,173.6461181640625,276.5727233886719,263.2772216796875,222.196533203125,0.8893237709999084
2248,646,27777,638.6131591796875,293.47613525390625,174.112060546875,194.51123046875,0.637484073638916
2249,647,36637,663.4664916992188,180.5413818359375,188.0555419921875,247.655517578125,0.950432538986206
2250,647,34597,144.06500244140625,191.76670837402344,458.33343505859375,412.78370666503906,0.8990175724029541
2251,647,3483,566.643310546875,812.0201416015625,264.445556640625,220.4139404296875,0.8881222009658813
2252,647,27777,177.90345764160156,810.7723388671875,176.20909118652344,200.010009765625,0.6532711982727051
2253,648,36637,636.417724609375,177.55084228515625,181.119384765625,242.63922119140625,0.9523523449897766
2254,648,3483,538.7474365234375,777.4682006835938,265.109375,225.3546142578125,0.8979313969612122
2255,648,27777,145.78372192382812,775.3604736328125,178.64321899414062,204.3228759765625,0.7023556232452393
2256,648,34597,126.30792236328125,157.313720703125,445.52203369140625,419.6370849609375,0.6480094194412231
2257,65,3351,349.518798828125,153.71493530273438,185.2408447265625,187.40768432617188,0.9638957977294922
2258,65,29667,561.1812744140625,728.7094116210938,232.577880859375,233.0887451171875,0.9462807774543762
2259,650,32310,0.0,704.888427734375,313.7813415527344,312.9697265625,0.9889270067214966
2260,650,3351,369.1134033203125,176.3021697998047,180.11370849609375,185.76954650878906,0.9699629545211792
2261,650,36637,559.9599609375,823.14892578125,276.6224365234375,167.479736328125,0.9086169600486755
2262,652,1900,124.48727416992188,258.63836669921875,198.11474609375,149.86083984375,0.9691976308822632
2263,652,24850,114.31707763671875,841.537109375,302.70166015625,171.284912109375,0.9553571343421936
2264,652,31705,601.90478515625,697.256591796875,251.973876953125,452.521484375,0.7141575217247009
2265,653,16551,92.90261840820312,690.093017578125,307.8912048339844,489.232421875,0.9738208651542664
2266,653,31705,128.85595703125,127.89404296875,245.51953125,420.215576171875,0.7873724699020386
2267,653,24850,548.4296875,267.71832275390625,288.472412109375,163.51031494140625,0.36609360575675964
2268,654,1900,142.62753295898438,269.48712158203125,202.11776733398438,146.0743408203125,0.9706766605377197
2269,654,24850,147.23487854003906,881.631591796875,299.50022888183594,161.9664306640625,0.9381173849105835
2270,654,31705,628.3531494140625,732.802001953125,249.277099609375,449.3941650390625,0.8233418464660645
2271,656,16551,539.569580078125,182.36424255371094,420.3184814453125,382.57936096191406,0.9727487564086914
2272,656,3544,149.8738250732422,190.80197143554688,207.98951721191406,202.3822021484375,0.9611486196517944
2273,656,6563,189.68368530273438,709.089599609375,217.7696533203125,356.712890625,0.9427043795585632
2274,658,29451,496.9378662109375,817.6114501953125,400.912353515625,271.07666015625,0.988386332988739
2275,658,16551,629.31884765625,9.58795166015625,293.8016357421875,487.0167236328125,0.968650221824646
2276,658,18110,77.25531005859375,788.79443359375,309.48175048828125,291.4130859375,0.8989335894584656
2277,658,1900,167.4972686767578,246.91571044921875,184.47068786621094,181.16259765625,0.8759897947311401
2278,659,29451,463.33392333984375,783.3189697265625,409.2108154296875,271.50341796875,0.983253538608551
2279,659,16551,602.251220703125,12.91937255859375,277.40087890625,461.8172607421875,0.9776260256767273
2280,659,1900,148.52444458007812,239.62249755859375,182.88427734375,179.44549560546875,0.9621198773384094
2281,659,18110,46.075714111328125,747.4078369140625,310.7005310058594,299.0736083984375,0.26541537046432495
2282,66,3351,392.32586669921875,211.00665283203125,183.88751220703125,183.09918212890625,0.9711136817932129
2283,66,29667,599.23095703125,817.8719482421875,228.5440673828125,223.518798828125,0.9264612197875977
2284,66,20014,35.539215087890625,719.46044921875,342.7701110839844,338.0595703125,0.6950159072875977
2285,660,29451,114.62669372558594,213.8955841064453,393.00416564941406,263.63499450683594,0.9834360480308533
2286,660,16551,65.23736572265625,737.857421875,295.1529541015625,508.0458984375,0.9531258344650269
2287,660,1900,642.3101806640625,847.069580078125,188.41943359375,188.3056640625,0.9488540291786194
2288,660,18110,612.3096923828125,224.74270629882812,298.076904296875,286.7801513671875,0.9124290347099304
2289,661,31863,179.21136474609375,304.00592041015625,203.65191650390625,205.7354736328125,0.9800769686698914
2290,661,3351,374.94403076171875,878.5731201171875,193.588623046875,191.95849609375,0.9722867608070374
2291,661,3351,178.29373168945312,302.9735107421875,206.738525390625,206.432373046875,0.3000863492488861
2292,662,31863,555.5533447265625,726.8643798828125,209.4976806640625,210.5701904296875,0.9859665036201477
2293,662,16232,42.374916076660156,746.4110107421875,196.43151092529297,188.235107421875,0.973578929901123
2294,662,3351,371.1685791015625,160.98025512695312,182.05078125,186.67156982421875,0.41348105669021606
2295,664,3483,141.94219970703125,292.4638671875,210.89193725585938,255.2939453125,0.9259274005889893
2296,664,36637,167.3700714111328,799.365234375,188.97679138183594,253.348876953125,0.880896270275116
2297,664,20877,545.9562377929688,294.486328125,326.796875,233.59002685546875,0.8529133200645447
2298,664,28763,630.5360717773438,874.349609375,223.5732421875,214.210205078125,0.817600667476654
2299,665,36637,604.5804443359375,202.9405517578125,179.3515625,244.24774169921875,0.9474545121192932
2300,665,3483,626.8699951171875,716.647705078125,207.5008544921875,271.052490234375,0.9340084195137024
2301,665,28763,131.82998657226562,183.23623657226562,207.31350708007812,201.104736328125,0.8800581693649292
2302,665,20877,86.44998168945312,726.122314453125,329.4068603515625,239.75341796875,0.8534999489784241
2303,667,22627,23.732421875,147.9332275390625,480.27178955078125,274.860107421875,0.972783088684082
2304,667,25438,123.00320434570312,821.267822265625,254.1785888671875,254.75048828125,0.9117428064346313
2305,667,12081,645.4326171875,704.17431640625,243.079833984375,447.31494140625,0.7806465029716492
2306,667,2483,580.733154296875,120.131591796875,285.49658203125,440.84783935546875,0.27738237380981445
2307,668,25438,557.8177490234375,196.0316925048828,246.281982421875,251.91661071777344,0.9361569881439209
2308,668,2483,67.69070434570312,652.321533203125,299.95281982421875,451.11181640625,0.885715901851654
2309,668,12081,65.26278686523438,117.8419189453125,227.46926879882812,426.010009765625,0.8405174016952515
2310,670,3483,125.28799438476562,271.4556884765625,271.29693603515625,189.56982421875,0.9059932827949524
2311,670,35206,136.28353881835938,728.1873779296875,245.4964599609375,410.57080078125,0.8970857858657837
2312,670,22347,682.180419921875,847.5377197265625,214.091552734375,207.597900390625,0.8789762258529663
2313,670,25469,575.07861328125,190.87240600585938,327.2857666015625,282.66387939453125,0.5082206726074219
2314,672,35206,615.5974731445312,118.81256103515625,228.494384765625,401.55413818359375,0.9160621166229248
2315,672,3483,603.263427734375,845.1353759765625,276.709228515625,188.224365234375,0.8772313594818115
2316,672,25469,85.64790344238281,828.346923828125,346.74803161621094,305.1407470703125,0.7481927871704102
2317,672,22347,105.0394287109375,223.82032775878906,206.711181640625,198.26475524902344,0.5898585319519043
2318,674,16548,152.54324340820312,889.0975341796875,240.07049560546875,239.64892578125,0.9570406675338745
2319,674,27926,603.6644287109375,162.65008544921875,253.0875244140625,442.697998046875,0.8763529062271118
2320,674,1900,631.1507568359375,893.5933837890625,211.2119140625,136.041015625,0.808262825012207
2321,675,44199,551.7715454101562,831.764404296875,291.1021728515625,149.6690673828125,0.9754499197006226
2322,675,16548,565.1669921875,135.60336303710938,232.39111328125,225.05059814453125,0.9612000584602356
2323,677,16551,614.630615234375,15.046875,302.59375,455.34954833984375,0.936923623085022
2324,677,27926,572.44189453125,628.80908203125,257.970703125,487.142333984375,0.8968691229820251
2325,677,1900,142.52392578125,240.0476837158203,196.54058837890625,127.60459899902344,0.8476476073265076
2326,679,4378,597.8374633789062,698.6788330078125,224.93212890625,472.7515869140625,0.9810613393783569
2327,679,22627,133.21885681152344,159.04736328125,339.00013732910156,473.4410400390625,0.979154646396637
2328,679,5094,106.390625,811.2825927734375,285.268798828125,284.396240234375,0.9438016414642334
2329,679,2483,606.9080200195312,84.54972839355469,217.332763671875,476.78797912597656,0.9283255934715271
2330,68,30308,512.6656494140625,767.579345703125,443.705078125,370.0146484375,0.9500454664230347
2331,68,16232,152.6851806640625,828.1889038085938,191.29266357421875,192.8216552734375,0.9443604946136475
2332,68,3483,172.23471069335938,276.2646484375,262.5401611328125,221.26220703125,0.8869515061378479
2333,68,27777,638.114013671875,292.40203857421875,174.161865234375,195.997314453125,0.6626696586608887
2334,680,4378,142.18453979492188,104.99183654785156,209.82476806640625,440.84275817871094,0.922268271446228
2335,680,5094,550.8626708984375,189.22486877441406,271.33154296875,270.46714782714844,0.8519327044487
2336,680,2483,88.13568115234375,677.3765869140625,235.15447998046875,476.38134765625,0.847577691078186
2337,680,19552,472.1126403808594,601.433837890625,347.8669738769531,475.25634765625,0.35949259996414185
2338,681,22627,126.82456970214844,129.85174560546875,348.73292541503906,469.75189208984375,0.955597996711731
2339,681,2483,617.31591796875,52.19671630859375,221.9208984375,483.44757080078125,0.9277786612510681
2340,681,4378,590.9439697265625,699.6617431640625,215.614013671875,451.962158203125,0.873221755027771
2341,681,5094,104.79934692382812,800.6876220703125,278.8902893066406,276.702880859375,0.8485954403877258
2342,684,1900,180.15240478515625,266.8517761230469,131.2000732421875,200.626953125,0.9650129675865173
2343,684,18110,78.06826782226562,763.4031982421875,307.97332763671875,291.7568359375,0.89104825258255
2344,684,29345,576.8323974609375,714.3057861328125,325.966796875,429.1337890625,0.8118405342102051
2345,685,25438,119.37262725830078,819.0423583984375,254.20275115966797,255.536376953125,0.9109829664230347
2346,685,12081,645.3695068359375,706.826171875,237.568115234375,443.8955078125,0.7506941556930542
2347,685,6192,91.35382080078125,12.1650390625,302.3065185546875,522.098876953125,0.711838960647583
2348,688,3483,579.827880859375,758.5367431640625,274.17431640625,209.5479736328125,0.9003225564956665
2349,688,20238,614.3026123046875,184.34121704101562,220.6572265625,216.84564208984375,0.8823748230934143
2350,688,27733,86.75003051757812,727.0670166015625,320.60028076171875,280.333251953125,0.8279733061790466
2351,688,34597,102.75665283203125,184.9459228515625,451.92047119140625,403.46356201171875,0.4930345416069031
2352,692,22347,658.1617431640625,836.0845947265625,213.484375,207.6663818359375,0.8862749338150024
2353,692,3483,130.1112060546875,289.369384765625,278.15936279296875,172.850830078125,0.8680161833763123
2354,692,35206,106.5147705078125,687.7216796875,200.04391479492188,416.624267578125,0.8525345921516418
2355,692,27653,670.4325561523438,256.4465026855469,222.394287109375,196.76177978515625,0.5468910932540894
2356,694,3351,402.38458251953125,850.9332275390625,189.33197021484375,190.09912109375,0.9743292927742004
2357,694,19232,503.2285461425781,238.87892150878906,328.4567565917969,252.92649841308594,0.8371831774711609
2358,694,35206,160.45236206054688,272.27374267578125,252.78533935546875,392.3763427734375,0.657450795173645
2359,697,3351,402.7034912109375,854.8662109375,191.3197021484375,192.794189453125,0.9753865599632263
2360,697,38162,139.45823669433594,260.72906494140625,224.14076232910156,265.64794921875,0.9623026847839355
2361,698,3351,345.29327392578125,174.28443908691406,182.1876220703125,184.44554138183594,0.9731762409210205
2362,698,38162,574.03369140625,677.7926025390625,237.60595703125,281.98193359375,0.961298406124115
2363,70,1900,630.8152465820312,899.94580078125,209.302490234375,154.164794921875,0.9533526301383972
2364,70,29451,48.28173828125,232.32476806640625,404.8424072265625,230.03558349609375,0.7835423946380615
2365,70,24850,648.2967529296875,259.37030029296875,187.962158203125,266.54583740234375,0.7476006746292114
2366,700,30308,73.63693237304688,131.2467498779297,380.127197265625,391.10414123535156,0.9226336479187012
2367,700,16232,618.0123291015625,173.7496337890625,184.46728515625,179.4317626953125,0.916165292263031
2368,700,3483,572.730712890625,836.9884033203125,261.972900390625,229.065673828125,0.9052101969718933
2369,700,19861,91.87744903564453,828.457763671875,224.78551483154297,175.42138671875,0.8221121430397034
2370,701,3483,601.412353515625,866.793212890625,258.60546875,230.11474609375,0.9102362394332886
2371,701,30308,87.28181457519531,147.23828125,395.36570739746094,405.22625732421875,0.9006749987602234
2372,701,16232,646.51513671875,175.8893585205078,189.1181640625,187.52037048339844,0.837219774723053
2373,701,19861,125.46368408203125,864.32275390625,221.69598388671875,170.144287109375,0.7385668754577637
2374,702,16232,145.605224609375,900.1383056640625,193.1754150390625,191.46826171875,0.933273434638977
2375,702,3483,152.50588989257812,219.02960205078125,244.82421875,221.08416748046875,0.9234722852706909
2376,702,30308,514.7247314453125,697.989013671875,406.54638671875,413.5936279296875,0.732094407081604
2377,702,19861,637.7926025390625,278.68206787109375,220.1669921875,169.2125244140625,0.5217172503471375
2378,705,3483,594.05419921875,870.9686279296875,255.9287109375,232.2216796875,0.8793593645095825
2379,705,22347,119.8668441772461,198.80224609375,206.91248321533203,198.67022705078125,0.8714849352836609
2380,705,29667,637.5677490234375,204.34793090820312,225.1243896484375,214.49847412109375,0.8395127058029175
2381,705,19861,119.044677734375,863.86083984375,221.45623779296875,170.228759765625,0.7936654686927795
2382,706,12778,71.66668701171875,116.27699279785156,344.48028564453125,490.55992126464844,0.983288586139679
2383,706,2483,608.0075073242188,89.59503173828125,261.739013671875,453.8255615234375,0.889870285987854
2384,706,5886,605.252197265625,685.70947265625,243.54345703125,501.3154296875,0.8390888571739197
2385,706,5094,110.114013671875,817.1614990234375,282.891357421875,283.8443603515625,0.802997350692749
2386,707,12778,531.9686279296875,635.083984375,364.73046875,486.19384765625,0.9764406085014343
2387,707,2483,68.2598876953125,692.552001953125,258.25799560546875,465.8724365234375,0.9010300040245056
2388,707,5094,549.2110595703125,186.39523315429688,270.41748046875,267.49371337890625,0.8602761626243591
2389,707,5886,111.11505126953125,83.9620361328125,235.65151977539062,474.86767578125,0.8432021141052246
2390,708,12778,64.79629516601562,85.66383361816406,348.79534912109375,484.25828552246094,0.9820214509963989
2391,708,5886,596.3399658203125,684.71142578125,237.189208984375,490.2130126953125,0.8956866264343262
2392,708,5094,110.39630126953125,806.154541015625,277.49908447265625,274.37451171875,0.7043027877807617
2393,708,2483,620.1895751953125,54.7777099609375,248.87939453125,461.1942138671875,0.3971741497516632
2394,710,3483,579.9967651367188,759.115478515625,274.9327392578125,207.975830078125,0.8956981301307678
2395,710,27733,85.63729858398438,726.3138427734375,322.43096923828125,281.994873046875,0.8422765731811523
2396,710,28763,157.3717498779297,234.05422973632812,208.41847229003906,199.1162109375,0.8314411640167236
2397,710,16262,563.102294921875,218.00506591796875,237.500732421875,228.92120361328125,0.6685278415679932
2398,712,2483,623.0335693359375,98.49188232421875,230.8388671875,471.6854248046875,0.9539212584495544
2399,712,13395,640.1788330078125,672.5870361328125,242.960205078125,514.409423828125,0.8889336585998535
2400,712,12778,102.46343994140625,113.8997802734375,296.99566650390625,531.6625366210938,0.8735806345939636
2401,712,5094,135.44940185546875,841.8736572265625,285.2420654296875,288.883544921875,0.6022167205810547
2402,713,12778,550.9340209960938,597.242431640625,284.2166748046875,525.55322265625,0.950592577457428
2403,713,13395,80.18411254882812,79.99139404296875,230.95285034179688,485.1107177734375,0.8525983691215515
2404,713,5094,524.9815063476562,162.2454833984375,268.593505859375,266.2606201171875,0.8501273393630981
2405,714,2483,636.694091796875,63.00828552246094,219.633544921875,486.05091857910156,0.932161808013916
2406,714,13395,630.8255615234375,675.6055908203125,233.852783203125,496.978759765625,0.8553135991096497
2407,714,5094,134.95947265625,833.039306640625,277.1309814453125,276.556396484375,0.7248396277427673
2408,716,19552,99.93997192382812,143.74208068847656,318.8553466796875,483.88487243652344,0.9284905195236206
2409,716,2483,585.5284423828125,99.29437255859375,234.010986328125,475.46343994140625,0.9110813140869141
2410,716,3743,119.85824584960938,798.163330078125,329.4617919921875,326.918701171875,0.8933449387550354
2411,716,12081,610.1088256835938,713.45947265625,240.453857421875,467.981689453125,0.7933365106582642
2412,717,19552,524.039794921875,606.4482421875,325.240478515625,491.30322265625,0.9476828575134277
2413,717,12081,109.35205078125,108.37773132324219,228.7052001953125,429.91603088378906,0.8115383386611938
2414,717,2483,88.15118408203125,666.3531494140625,261.87841796875,475.575439453125,0.762161374092102
2415,717,3743,494.8892822265625,164.23135375976562,317.6419677734375,303.50604248046875,0.5920998454093933
2416,719,1900,123.10916137695312,261.65582275390625,198.58840942382812,146.541748046875,0.9659653306007385
2417,719,16548,553.2410888671875,182.909912109375,232.450927734375,225.30047607421875,0.9478713274002075
2418,719,31705,607.3389892578125,692.7093505859375,252.4951171875,450.3505859375,0.6415482759475708
2419,719,21771,90.8931884765625,810.8025512695312,195.9747314453125,189.0181884765625,0.4853622019290924
2420,72,16551,644.0478515625,47.313232421875,290.22021484375,485.05712890625,0.9759355187416077
2421,72,29451,552.24951171875,841.300048828125,407.068603515625,226.45458984375,0.9756514430046082
2422,72,24850,151.18731689453125,772.97607421875,195.08111572265625,282.4384765625,0.8925387263298035
2423,72,1900,155.2734375,225.16452026367188,205.04193115234375,149.78839111328125,0.5293862223625183
2424,720,21771,673.9088745117188,285.67022705078125,189.70166015625,181.252197265625,0.9870829582214355
2425,720,16548,166.43031311035156,841.532470703125,241.80528259277344,238.39404296875,0.9470332860946655
2426,720,31705,123.33380126953125,133.07872009277344,244.40377807617188,419.79530334472656,0.7666768431663513
2427,720,1900,647.526611328125,857.208740234375,209.94873046875,154.121337890625,0.3550661504268646
2428,721,31885,68.36289978027344,163.19810485839844,447.77882385253906,466.31874084472656,0.9671134948730469
2429,721,3483,580.3031005859375,758.43408203125,274.662841796875,207.490966796875,0.8976861834526062
2430,721,35206,573.445068359375,119.12489318847656,247.4273681640625,379.41258239746094,0.8618760108947754
2431,721,27733,86.68646240234375,726.2576904296875,320.72540283203125,281.331787109375,0.8185745477676392
2432,724,16548,106.8866958618164,735.196044921875,238.31029510498047,234.122314453125,0.913736879825592
2433,724,3544,133.67562866210938,178.43798828125,200.81118774414062,198.2296142578125,0.8221219182014465
2434,724,10221,579.1675415039062,168.27069091796875,218.5828857421875,212.715576171875,0.6443428993225098
2435,724,31705,572.8189697265625,676.81494140625,259.7197265625,449.2891845703125,0.3107816278934479
2436,725,3544,635.3837890625,882.6541748046875,215.252685546875,216.1435546875,0.9769342541694641
2437,725,10221,151.4337158203125,873.4603271484375,230.25732421875,227.7489013671875,0.935709536075592
2438,725,16548,619.3235473632812,301.176513671875,230.865478515625,225.7633056640625,0.7483471035957336
2439,725,31705,148.6900177001953,148.46435546875,251.77854919433594,421.289794921875,0.7375822067260742
2440,726,16548,139.1162567138672,774.9537963867188,237.01002502441406,228.5426025390625,0.9764741063117981
2441,726,3544,148.74476623535156,183.15347290039062,207.34556579589844,201.68267822265625,0.945002019405365
2442,726,31705,602.7408447265625,715.366455078125,252.26904296875,444.5634765625,0.48178693652153015
2443,726,10221,606.7368774414062,171.75283813476562,224.5244140625,214.8341064453125,0.2819213569164276
2444,727,25367,34.619140625,153.25477600097656,414.043701171875,447.87986755371094,0.9242420196533203
2445,727,3483,575.056640625,810.61767578125,279.8096923828125,193.369384765625,0.880416750907898
2446,727,16232,603.221923828125,214.7501678466797,183.605224609375,180.46852111816406,0.8672506213188171
2447,727,25469,13.498291015625,812.747802734375,381.092529296875,219.7545166015625,0.6840183138847351
2448,728,16232,631.5099487304688,220.22100830078125,188.6646728515625,188.37835693359375,0.9640010595321655
2449,728,25367,50.08769226074219,178.6354522705078,427.93800354003906,447.83970642089844,0.9442443251609802
2450,728,3483,602.853759765625,844.8931884765625,276.9442138671875,186.802490234375,0.8784247040748596
2451,728,25469,48.897308349609375,856.7861328125,376.5972595214844,223.191650390625,0.7986810207366943
2452,73,6563,166.045654296875,672.5440673828125,219.98193359375,363.7181396484375,0.9699474573135376
2453,73,3544,72.69564819335938,200.2490234375,202.2117919921875,198.7281494140625,0.9681459665298462
2454,73,16551,524.4697265625,76.67982482910156,352.6336669921875,420.51792907714844,0.9658159613609314
2455,73,1900,592.4692993164062,847.2166748046875,213.5042724609375,130.2586669921875,0.38708582520484924
2456,731,16548,117.9039306640625,768.972900390625,240.36514282226562,231.0709228515625,0.9831933975219727
2457,731,29871,602.7351684570312,772.4893798828125,206.9969482421875,225.4727783203125,0.9803741574287415
2458,732,4543,135.1556396484375,915.312255859375,211.76589965820312,213.540771484375,0.9838635921478271
2459,732,3544,670.9332275390625,898.1148681640625,214.3916015625,213.822021484375,0.9784972667694092
2460,732,16548,605.94482421875,265.53631591796875,230.9112548828125,221.48095703125,0.9057406187057495
2461,738,44199,603.33154296875,770.575927734375,170.78466796875,284.018310546875,0.8969649076461792
2462,738,1900,88.62826538085938,258.4354248046875,198.19180297851562,128.234130859375,0.8968018293380737
2463,738,31705,139.6973876953125,644.675048828125,251.21282958984375,452.758544921875,0.6936606168746948
2464,740,1900,645.455810546875,829.474365234375,170.8310546875,198.7462158203125,0.9725959300994873
2465,740,16548,119.9159164428711,806.015625,241.18134307861328,233.66552734375,0.9408766627311707
2466,740,31705,131.94204711914062,128.5963134765625,245.97637939453125,419.582275390625,0.7893718481063843
2467,742,4378,79.07967376708984,98.45768737792969,218.00128936767578,444.45802307128906,0.9883588552474976
2468,742,25438,570.483642578125,187.9523468017578,245.049560546875,252.42784118652344,0.9406788349151611
2469,742,2483,86.20447540283203,672.2423095703125,240.88957977294922,467.35009765625,0.8982393741607666
2470,742,6192,564.9445190429688,536.9925537109375,282.004150390625,533.9451904296875,0.5456124544143677
2471,743,4378,640.951904296875,701.581787109375,224.7044677734375,458.06884765625,0.9797967076301575
2472,743,25438,110.8951644897461,829.265869140625,255.15723419189453,254.0919189453125,0.90973299741745
2473,743,2483,615.89501953125,65.37388610839844,234.7886962890625,473.10987854003906,0.8909944891929626
2474,743,6192,96.98355102539062,132.9638671875,278.74017333984375,526.4444580078125,0.7049877047538757
2475,745,16262,664.4273681640625,272.61663818359375,238.10595703125,228.78924560546875,0.9560552835464478
2476,745,3351,352.1611328125,891.8692626953125,191.14666748046875,194.11181640625,0.9498262405395508
2477,745,32310,116.47348022460938,179.00010681152344,224.83865356445312,360.52137756347656,0.8588511347770691
2478,747,32310,637.0877685546875,732.868408203125,236.0478515625,398.4896240234375,0.9866477251052856
2479,747,3351,438.05963134765625,192.5701904296875,182.969970703125,183.87701416015625,0.9564194679260254
2480,75,3544,86.688232421875,208.73272705078125,208.51437377929688,202.71527099609375,0.9605821371078491
2481,75,16551,548.8447265625,79.90553283691406,365.790771484375,435.79844665527344,0.9430524110794067
2482,75,12247,622.133056640625,876.7059326171875,205.51318359375,128.323974609375,0.935508668422699
2483,750,29345,588.3569946289062,132.01422119140625,271.2745361328125,409.3321533203125,0.9442049860954285
2484,750,1900,687.8109741210938,805.6428833007812,130.3028564453125,209.2769775390625,0.9253587126731873
2485,750,44199,169.154296875,198.6147918701172,173.04718017578125,272.88795471191406,0.8234661221504211
2486,750,16548,150.15145874023438,788.8369140625,239.10052490234375,236.202392578125,0.8127710819244385
2487,752,3544,91.17971801757812,196.12628173828125,203.96774291992188,199.67303466796875,0.9700204730033875
2488,752,27993,548.4307861328125,777.3911743164062,310.519287109375,240.6754150390625,0.9340706467628479
2489,754,3351,372.7259521484375,198.1689453125,183.8857421875,181.93524169921875,0.9488754272460938
2490,754,3832,91.27101135253906,652.8421630859375,368.96690368652344,382.9459228515625,0.947648823261261
2491,754,29667,628.5697021484375,761.771240234375,227.9130859375,222.42529296875,0.9264302253723145
2492,756,3832,517.1983642578125,253.59217834472656,366.01220703125,379.67222595214844,0.9774240255355835
2493,756,29667,129.07858276367188,319.1229248046875,223.96408081054688,223.4566650390625,0.9376820921897888
2494,756,3351,417.05230712890625,890.71630859375,187.6695556640625,189.8753662109375,0.6134993433952332
2495,758,31885,561.6805419921875,657.765869140625,342.5244140625,559.413330078125,0.9460214972496033
2496,758,3483,154.3987274169922,217.68157958984375,244.95143127441406,221.66943359375,0.92300945520401
2497,758,36637,94.69937133789062,907.162109375,274.9346923828125,165.786865234375,0.8349596261978149
2498,758,19861,639.7779541015625,279.3458557128906,221.5474853515625,167.71160888671875,0.4780605137348175
2499,759,36637,591.126953125,196.26458740234375,260.4892578125,152.59368896484375,0.9536300897598267
2500,759,3483,572.273681640625,837.819580078125,260.8292236328125,229.498046875,0.8993930220603943
2501,759,31885,77.10733032226562,30.02606201171875,330.7914123535156,533.2628173828125,0.894978940486908
2502,759,19861,90.67755889892578,827.26953125,225.56371307373047,175.04248046875,0.7970663905143738
2503,760,29345,91.1878662109375,707.9326171875,290.1024169921875,443.782958984375,0.9816919565200806
2504,760,1900,159.93603515625,258.14300537109375,127.7373046875,198.94232177734375,0.9569470882415771
2505,760,33208,656.406005859375,803.941162109375,214.27685546875,205.1595458984375,0.9540651440620422
2506,761,29345,129.213623046875,750.734130859375,281.075439453125,438.1295166015625,0.974783182144165
2507,761,16548,609.8609619140625,211.920654296875,238.77978515625,227.67852783203125,0.9708859324455261
2508,761,1900,177.3204345703125,268.03515625,131.35980224609375,201.1123046875,0.9644556045532227
2509,761,33208,682.7388916015625,835.54345703125,212.893310546875,199.925537109375,0.9442362189292908
2510,763,31885,499.3059387207031,640.226806640625,460.5314636230469,478.63671875,0.9793875217437744
2511,763,3483,122.78634643554688,305.4161376953125,271.02947998046875,202.2239990234375,0.917449951171875
2512,763,20238,113.37841033935547,853.7703857421875,232.52838897705078,227.1986083984375,0.8905896544456482
2513,763,27733,564.96875,259.73760986328125,299.5679931640625,268.1544189453125,0.8746932148933411
2514,764,31885,50.4102783203125,134.8984375,464.36846923828125,467.0401611328125,0.9875554442405701
2515,764,20238,644.7156372070312,189.90753173828125,224.060791015625,218.65618896484375,0.9061352014541626
2516,764,3483,608.281982421875,790.3056640625,272.544677734375,211.803466796875,0.9057149887084961
2517,764,27733,123.32888793945312,767.8990478515625,313.53375244140625,276.406494140625,0.8124474287033081
2518,766,36637,167.96945190429688,798.653076171875,188.4903564453125,254.9677734375,0.9173790216445923
2519,766,3483,143.56820678710938,292.322265625,210.3045654296875,254.781005859375,0.9108221530914307
2520,766,34597,564.3751220703125,731.481201171875,411.6248779296875,477.9661865234375,0.8757597804069519
2521,766,20877,545.2940673828125,294.9527587890625,327.74072265625,233.77130126953125,0.8629658818244934
2522,768,36637,605.123779296875,204.2125244140625,179.33056640625,244.5103759765625,0.954343855381012
2523,768,3483,625.6500244140625,719.02294921875,207.3134765625,269.801513671875,0.9337421655654907
2524,768,34597,5.6875,24.306243896484375,407.43292236328125,451.20074462890625,0.8870310187339783
2525,768,20877,85.33905029296875,726.0833129882812,331.0010986328125,240.261962890625,0.8615617752075195
2526,772,16551,557.2421875,77.68785095214844,285.43310546875,480.81800842285156,0.9717879891395569
2527,772,33208,639.74658203125,878.0692138671875,210.016357421875,201.95068359375,0.9400113821029663
2528,772,31705,171.12960815429688,686.5029296875,249.0711669921875,446.7987060546875,0.6128537654876709
2529,772,1900,106.0154037475586,268.98236083984375,200.93256378173828,125.96441650390625,0.2739192843437195
2530,773,16551,528.22314453125,72.77581787109375,282.483154296875,464.01409912109375,0.975784182548523
2531,773,1900,88.310302734375,257.5575866699219,199.48199462890625,128.9615478515625,0.9459753632545471
2532,773,31705,140.2188262939453,643.64697265625,251.29588317871094,453.184326171875,0.664905846118927
2533,778,30308,84.2779541015625,173.4754638671875,402.87750244140625,397.5035400390625,0.9032450318336487
2534,778,3483,603.1309814453125,845.086669921875,276.349853515625,187.65185546875,0.8896596431732178
2535,778,25469,49.112396240234375,857.196044921875,376.9315490722656,222.918701171875,0.7764363884925842
2536,778,16232,631.1075439453125,220.19577026367188,188.974609375,187.94708251953125,0.35117024183273315
2537,779,16232,164.7320098876953,855.4757080078125,192.27720642089844,191.152099609375,0.9494975805282593
2538,779,3483,124.83932495117188,271.813720703125,271.587646484375,189.6214599609375,0.9018691778182983
2539,779,30308,513.2451171875,686.0675048828125,412.87353515625,403.6650390625,0.7789130210876465
2540,779,25469,573.4688720703125,231.8678436279297,373.073974609375,218.84535217285156,0.605283796787262
2541,780,16232,602.719970703125,214.6202392578125,184.7291259765625,181.41143798828125,0.9572087526321411
2542,780,30308,67.98103332519531,150.0225067138672,395.50645446777344,394.00502014160156,0.9366677403450012
2543,780,3483,575.7816162109375,810.9300537109375,278.8902587890625,193.4659423828125,0.8867138028144836
2544,780,25469,13.40966796875,812.7763671875,382.80352783203125,220.7470703125,0.6935410499572754
2545,782,22074,586.3607177734375,727.855712890625,187.9697265625,194.87841796875,0.9621340036392212
2546,782,20014,7.72186279296875,628.510498046875,351.850830078125,337.4981689453125,0.6505865454673767
2547,785,25367,540.916748046875,689.8768310546875,394.36767578125,492.1593017578125,0.9106053709983826
2548,785,3483,131.31613159179688,289.72271728515625,277.10528564453125,172.2838134765625,0.8650487661361694
2549,785,35206,108.97769927978516,686.8929443359375,197.69200897216797,418.030029296875,0.7506914734840393
2550,785,27653,671.713623046875,256.6981201171875,221.3564453125,196.9749755859375,0.5686937570571899
2551,787,3483,151.91583251953125,219.04103088378906,245.23419189453125,221.30943298339844,0.9211466312408447
2552,787,20238,113.38223266601562,856.3565673828125,229.94796752929688,227.26513671875,0.8718888163566589
2553,787,34597,536.8369140625,652.7276611328125,352.9359130859375,515.575439453125,0.7400991320610046
2554,787,19861,637.90673828125,278.75732421875,219.97802734375,168.326171875,0.5527912974357605
2555,788,20238,614.7430419921875,184.3639373779297,221.2159423828125,215.62721252441406,0.9179986119270325
2556,788,3483,573.244140625,837.94189453125,261.507080078125,228.848388671875,0.9032374024391174
2557,788,19861,91.7353515625,828.568115234375,226.15545654296875,175.553466796875,0.7815003991127014
2558,788,34597,99.0721435546875,60.88128662109375,340.453857421875,492.91998291015625,0.6133390069007874
2559,79,16262,129.2183074951172,298.88037109375,242.19007873535156,232.70379638671875,0.973962128162384
2560,79,19232,503.00372314453125,237.80059814453125,328.5870361328125,253.7808837890625,0.8626675009727478
2561,797,27993,499.8634338378906,854.3280029296875,329.1574401855469,162.2611083984375,0.9668203592300415
2562,798,16551,67.94949340820312,574.95166015625,311.7177734375,470.7852783203125,0.9829645752906799
2563,798,4543,628.30712890625,190.72706604003906,211.156982421875,205.24925231933594,0.9746400713920593
2564,798,27993,522.222412109375,888.48046875,334.21484375,159.1495361328125,0.9722356796264648
2565,799,3483,601.031494140625,866.51416015625,259.443359375,231.2869873046875,0.903253972530365
2566,799,28763,169.04974365234375,180.34974670410156,212.09979248046875,202.79417419433594,0.8836567401885986
2567,799,20238,643.0201416015625,188.09603881835938,228.121826171875,217.38909912109375,0.8785078525543213
2568,799,19861,125.7801513671875,865.03466796875,221.77252197265625,170.0303955078125,0.7174853682518005
2569,8,20238,624.383056640625,176.25140380859375,223.1300048828125,217.51641845703125,0.9061868786811829
2570,8,3483,585.3311767578125,846.7071533203125,285.7662353515625,166.986083984375,0.8641669154167175
2571,8,22347,128.86138916015625,218.72720336914062,205.73654174804688,197.77655029296875,0.8043264150619507
2572,8,27653,96.5855712890625,853.8387451171875,220.9478759765625,206.239990234375,0.6413532495498657
2573,80,16262,571.3690185546875,694.1846923828125,247.6318359375,246.149658203125,0.9748690724372864
2574,80,19232,95.68891906738281,696.8590087890625,340.34678649902344,266.243896484375,0.9055265784263611
2575,807,25367,609.8505859375,707.498779296875,323.432373046875,525.5701904296875,0.9393823146820068
2576,807,3483,160.07107543945312,214.65187072753906,244.0623779296875,222.11656188964844,0.9203589558601379
2577,807,29667,118.23201751708984,840.887939453125,230.53943634033203,224.183837890625,0.7927484512329102
2578,807,19861,645.246826171875,278.6264343261719,219.342041015625,169.891357421875,0.5191011428833008
2579,808,29871,632.4966430664062,824.9281005859375,169.8466796875,240.5390625,0.9844751954078674
2580,808,16551,611.3033447265625,48.8330078125,342.291015625,453.47528076171875,0.9821999073028564
2581,808,6563,193.3489990234375,708.498779296875,216.5770263671875,356.2425537109375,0.9666427373886108
2582,810,6563,160.38259887695312,665.684814453125,220.92913818359375,363.8231201171875,0.9765888452529907
2583,810,29871,604.9899291992188,789.53857421875,172.193115234375,244.60107421875,0.9720482230186462
2584,810,3544,92.84762573242188,198.06796264648438,203.4119873046875,199.2550048828125,0.9718738794326782
2585,810,16551,585.7344970703125,37.92292785644531,329.6654052734375,447.02488708496094,0.9715834856033325
2586,815,3351,362.85736083984375,169.0834503173828,181.67742919921875,185.10606384277344,0.9637385606765747
2587,815,20238,100.86898040771484,712.138916015625,230.18750762939453,228.6156005859375,0.9145123958587646
2588,815,32310,521.7620849609375,615.0460205078125,281.3095703125,359.7891845703125,0.4404495358467102
2589,817,3483,584.5686645507812,846.1847534179688,285.363037109375,167.1182861328125,0.8641087412834167
2590,817,30308,95.33993530273438,155.4481201171875,385.2484130859375,421.978515625,0.8475236892700195
2591,817,16232,648.629150390625,231.19879150390625,190.914794921875,180.568115234375,0.843308687210083
2592,817,27653,95.51683807373047,851.663330078125,221.26636505126953,207.7451171875,0.639529824256897
2593,818,16232,143.13433837890625,846.75830078125,194.92047119140625,191.791748046875,0.9702829122543335
2594,818,3483,131.06797790527344,289.49078369140625,277.93775939941406,173.17718505859375,0.8658497929573059
2595,818,30308,524.486572265625,677.3095703125,391.228515625,424.092041015625,0.6971228122711182
2596,818,27653,670.63232421875,256.1338806152344,222.357177734375,197.671142578125,0.6376541256904602
2597,819,30308,80.59794616699219,139.27789306640625,372.05763244628906,408.09197998046875,0.9332306981086731
2598,819,16232,621.0250244140625,222.1556396484375,186.1517333984375,182.8043212890625,0.9316511154174805
2599,819,3483,559.5128173828125,812.0640869140625,285.67578125,174.0411376953125,0.8825017213821411
2600,819,27653,60.22991180419922,810.9097900390625,223.98792266845703,211.285888671875,0.6878130435943604
2601,82,22362,609.197021484375,733.954345703125,269.695068359375,418.498779296875,0.9577057361602783
2602,82,3743,123.6717529296875,838.1888427734375,331.37322998046875,330.989013671875,0.9450636506080627
2603,82,2483,632.2200927734375,98.29193115234375,199.287353515625,472.8316650390625,0.848290205001831
2604,82,19552,117.08172607421875,141.5284423828125,322.54833984375,500.204345703125,0.7432049512863159
2605,820,3743,484.2274475097656,149.32492065429688,313.2321472167969,304.51239013671875,0.9836724400520325
2606,820,4378,135.14984130859375,102.38475036621094,221.89581298828125,442.21473693847656,0.9776589274406433
2607,820,19552,483.9522399902344,644.8228759765625,338.0298156738281,481.643310546875,0.9630415439605713
2608,820,2483,99.63990020751953,691.7205810546875,208.55168914794922,488.458984375,0.8818785548210144
2609,822,4378,595.2493896484375,701.6644287109375,235.573486328125,468.376953125,0.9771013855934143
2610,822,19552,131.186767578125,112.84208679199219,325.09698486328125,477.47828674316406,0.8672126531600952
2611,822,3743,131.92727661132812,813.2022705078125,332.58294677734375,329.5562744140625,0.5896559357643127
2612,822,2483,626.497314453125,74.57106018066406,188.85595703125,462.18894958496094,0.5596701502799988
2613,826,18147,539.76416015625,319.79052734375,303.9635009765625,386.3997802734375,0.9616638422012329
2614,826,3351,406.70819091796875,861.815185546875,190.5943603515625,191.1463623046875,0.9533992409706116
2615,828,18147,125.80247497558594,573.2161865234375,313.39698791503906,409.046630859375,0.9798150062561035
2616,828,38162,552.1243896484375,864.8714599609375,252.0029296875,249.3194580078125,0.9471209049224854
2617,828,3351,380.02685546875,236.31910705566406,186.91851806640625,183.70664978027344,0.9359427690505981
2618,829,36637,637.6431274414062,176.4608154296875,180.4068603515625,242.471923828125,0.9527831673622131
2619,829,3483,538.6173095703125,777.6861572265625,265.652587890625,224.753173828125,0.8990835547447205
2620,829,27777,145.78955078125,775.0621337890625,178.8924560546875,204.4130859375,0.7239647507667542
2621,829,28763,96.99923706054688,168.4749298095703,207.14077758789062,201.48765563964844,0.7115424871444702
2622,83,19552,505.64703369140625,596.5455322265625,320.346923828125,486.5765380859375,0.9771092534065247
2623,83,22362,82.18301391601562,115.37725830078125,258.8372802734375,392.353515625,0.9649878740310669
2624,83,2483,91.89913940429688,661.3402099609375,207.60494995117188,492.8529052734375,0.8934943079948425
2625,83,3743,490.6590270996094,125.9901123046875,312.2993469238281,304.22906494140625,0.7472875714302063
2626,830,36637,130.41683959960938,828.673583984375,190.597412109375,254.940673828125,0.9105536937713623
2627,830,3483,173.43325805664062,276.1151123046875,262.814208984375,220.2486572265625,0.8932299017906189
2628,830,28763,665.6973876953125,891.1279296875,225.766357421875,212.9158935546875,0.7834726572036743
2629,830,27777,638.1920166015625,293.4703063964844,176.0284423828125,193.9302978515625,0.6630577445030212
2630,831,36637,666.7649536132812,180.80007934570312,184.6790771484375,247.51513671875,0.9410642385482788
2631,831,3483,566.930419921875,812.2208251953125,263.94091796875,219.779052734375,0.889144778251648
2632,831,28763,113.95623779296875,175.95574951171875,210.44607543945312,201.11614990234375,0.8111661076545715
2633,831,27777,177.6741943359375,810.7512817382812,176.54827880859375,200.70849609375,0.6766279935836792
2634,832,16548,607.1512451171875,163.6898651123047,235.458251953125,223.20753479003906,0.9783154726028442
2635,832,1900,622.7318115234375,887.1990966796875,208.1943359375,140.8203125,0.8974541425704956
2636,832,21026,136.42379760742188,867.166748046875,181.64389038085938,178.108642578125,0.657579243183136
2637,838,16548,593.288330078125,162.80734252929688,231.1533203125,223.4715576171875,0.9665706753730774
2638,838,33208,588.16357421875,799.6435546875,214.199462890625,205.538818359375,0.9582067131996155
2639,842,34597,467.8214111328125,668.5679931640625,470.45849609375,427.9573974609375,0.971591591835022
2640,842,3483,123.08758544921875,305.100341796875,270.2120361328125,202.122802734375,0.9234890341758728
2641,842,27733,565.8621826171875,259.4791259765625,300.240234375,270.2603759765625,0.8217061758041382
2642,842,16262,151.42755126953125,801.83935546875,251.0977783203125,241.867431640625,0.8180561661720276
2643,85,16548,571.3006591796875,250.70526123046875,231.990478515625,226.247314453125,0.9551823139190674
2644,85,21771,149.89190673828125,849.93359375,194.74029541015625,190.27294921875,0.9545564651489258
2645,85,29345,584.362060546875,676.12353515625,290.9957275390625,448.700927734375,0.9511700868606567
2646,85,1900,162.7913818359375,256.24566650390625,126.51364135742188,199.348876953125,0.9339833855628967
2647,851,22362,608.4521484375,734.4381103515625,270.672607421875,417.9669189453125,0.9567195773124695
2648,851,3743,123.42396545410156,838.2784423828125,331.08274841308594,331.298583984375,0.9169755578041077
2649,851,2483,632.21826171875,100.11468505859375,200.4635009765625,470.8211669921875,0.8452815413475037
2650,851,22627,107.68963623046875,159.95513916015625,307.96490478515625,482.56939697265625,0.8180820345878601
2651,855,12778,87.031982421875,132.5582275390625,309.266357421875,528.359375,0.9589642882347107
2652,855,4378,597.1832275390625,703.3984375,230.975830078125,465.007568359375,0.9330428838729858
2653,855,3743,130.92755126953125,814.2095947265625,333.7447509765625,326.784423828125,0.9229644536972046
2654,855,2483,627.168212890625,76.691162109375,187.8260498046875,460.92730712890625,0.5424419641494751
2655,857,31863,574.0701904296875,745.5845947265625,209.95068359375,213.29150390625,0.9901759028434753
2656,857,16262,90.52838134765625,677.2308349609375,251.87969970703125,247.35400390625,0.9828498959541321
2657,858,31863,612.8612060546875,834.9967041015625,206.8863525390625,205.65478515625,0.9567137956619263
2658,858,16262,134.70394897460938,769.2220458984375,246.34405517578125,237.99365234375,0.9564829468727112
2659,858,3351,378.72222900390625,189.03814697265625,183.53131103515625,182.915771484375,0.7094688415527344
2660,86,21771,620.3425903320312,251.68948364257812,186.29931640625,180.5662841796875,0.9346566796302795
2661,86,29345,118.92155456542969,155.8206787109375,274.20387268066406,411.46270751953125,0.9256172180175781
2662,861,19552,67.468994140625,93.518798828125,348.21240234375,466.05181884765625,0.9391433596611023
2663,861,25438,124.148681640625,833.024169921875,261.199462890625,265.793212890625,0.8945338129997253
2664,861,12081,652.9697875976562,704.591064453125,252.2322998046875,465.44384765625,0.8542779684066772
2665,861,2483,566.9403076171875,150.50225830078125,297.207275390625,437.01629638671875,0.8035125136375427
2666,862,36637,675.606689453125,171.91453552246094,173.330078125,255.60682678222656,0.9481018781661987
2667,862,3483,602.4860229492188,845.9461669921875,276.36328125,187.6326904296875,0.8850968480110168
2668,862,34597,76.29278564453125,134.8614501953125,451.58343505859375,414.1597900390625,0.8433655500411987
2669,862,25469,85.62496948242188,828.1005859375,346.16680908203125,304.3175048828125,0.6654292345046997
2670,864,36637,644.7735595703125,170.20750427246094,169.716064453125,248.90431213378906,0.9119726419448853
2671,864,3483,574.4300537109375,811.5623168945312,279.148193359375,193.4620361328125,0.8825231194496155
2672,864,25469,49.594329833984375,786.499267578125,351.6492919921875,302.8974609375,0.7456327080726624
2673,864,34597,62.23875427246094,104.64228820800781,440.70094299316406,420.50437927246094,0.7376261353492737
2674,866,3351,306.316650390625,171.7911834716797,183.972900390625,191.43006896972656,0.9650519490242004
2675,866,3832,482.83624267578125,558.755615234375,388.8111572265625,374.15234375,0.5945243835449219
2676,866,16688,37.54331970214844,524.9666748046875,439.81117248535156,579.116943359375,0.49578675627708435
2677,867,3351,345.68756103515625,232.9156036376953,186.38995361328125,182.68125915527344,0.9752168655395508
2678,867,16688,71.32232666015625,631.460693359375,439.38848876953125,572.4342041015625,0.9359683394432068
2679,868,31885,33.0849609375,58.8052978515625,414.36956787109375,504.7276611328125,0.9504270553588867
2680,868,16232,648.4505615234375,231.322998046875,190.42626953125,181.00189208984375,0.9042552709579468
2681,868,3483,584.9733276367188,846.526611328125,284.2177734375,167.1943359375,0.8612497448921204
2682,868,27653,95.25302124023438,852.1290283203125,221.29458618164062,207.1300048828125,0.614958643913269
2683,869,31885,18.84478759765625,38.66624450683594,400.43890380859375,502.79176330566406,0.9531770348548889
2684,869,16232,620.319580078125,222.16961669921875,186.27734375,182.0877685546875,0.9496328234672546
2685,869,3483,558.6583251953125,812.929443359375,286.682861328125,172.563720703125,0.8882874250411987
2686,869,27653,61.24242401123047,811.068115234375,223.76300811767578,210.8173828125,0.6777748465538025
2687,870,16232,142.83648681640625,846.8599853515625,195.10125732421875,191.371337890625,0.9670211672782898
2688,870,31885,567.8716430664062,670.993896484375,408.12835693359375,528.8741455078125,0.9474397897720337
2689,870,3483,131.15525817871094,289.28375244140625,278.09706115722656,173.4881591796875,0.8768430948257446
2690,870,27653,671.26611328125,255.56019592285156,221.907958984375,199.45213317871094,0.54013991355896
2691,873,3351,342.89752197265625,224.4764404296875,184.951416015625,182.43157958984375,0.9567256569862366
2692,873,16688,71.30133056640625,629.0753173828125,441.368408203125,581.99560546875,0.9486843943595886
2693,874,31885,146.1036376953125,153.027587890625,434.5733642578125,472.866943359375,0.9734917879104614
2694,874,3483,625.8862915039062,718.0838623046875,207.20166015625,269.149169921875,0.9320236444473267
2695,874,20877,86.87936401367188,725.398681640625,328.8720703125,240.7001953125,0.8615729212760925
2696,874,16232,628.354736328125,221.79820251464844,187.3028564453125,184.42262268066406,0.8598193526268005
2697,875,31885,165.21253967285156,182.16119384765625,447.59544372558594,476.580322265625,0.9773253202438354
2698,875,3483,653.4492797851562,749.4871826171875,207.698974609375,268.6004638671875,0.9381107687950134
2699,875,20877,118.0386962890625,765.619384765625,329.1363525390625,231.39111328125,0.8972064852714539
2700,875,16232,655.3927001953125,232.38914489746094,191.840576171875,178.23280334472656,0.8862893581390381
2701,878,36637,642.8575439453125,208.16302490234375,190.1396484375,247.12213134765625,0.9309889674186707
2702,878,3483,585.68798828125,845.6932373046875,285.509765625,166.822998046875,0.8809382915496826
2703,878,27653,96.06468963623047,853.2755126953125,221.77228546142578,206.901611328125,0.6617658138275146
2704,878,34597,72.18121337890625,123.49748229980469,342.2249755859375,496.31874084472656,0.6004501581192017
2705,879,36637,615.6215209960938,202.56915283203125,184.94091796875,242.3035888671875,0.9532665014266968
2706,879,3483,559.8648681640625,812.248046875,286.5640869140625,172.4041748046875,0.8819757699966431
2707,879,27653,62.17884063720703,810.8043212890625,223.91777801513672,211.290771484375,0.677217423915863
2708,879,34597,57.402740478515625,95.67669677734375,332.81988525390625,498.6209716796875,0.6216871738433838
2709,88,1900,130.7430419921875,230.48773193359375,203.59332275390625,138.4727783203125,0.9607494473457336
2710,88,16551,609.231689453125,50.7935791015625,287.266357421875,479.4105224609375,0.8799465894699097
2711,88,18110,79.60479736328125,798.806396484375,307.12591552734375,290.758056640625,0.8433939814567566
2712,88,31705,623.8101806640625,730.90673828125,250.27001953125,451.1715087890625,0.8383927345275879
2713,880,5094,511.2921142578125,160.55979919433594,267.687744140625,264.33595275878906,0.8497093915939331
2714,880,23223,506.6146240234375,604.784423828125,304.8583984375,505.7421875,0.806086540222168
2715,880,2483,79.71755981445312,668.5491943359375,215.60833740234375,482.9183349609375,0.38545462489128113
2716,880,13395,67.964599609375,90.7344970703125,230.4423828125,481.5963134765625,0.3010498881340027
2717,882,2483,636.6339111328125,61.92022705078125,226.211181640625,480.6739501953125,0.937588095664978
2718,882,23223,123.9326171875,96.20933532714844,302.650390625,500.77394104003906,0.9094104766845703
2719,882,5094,148.93153381347656,836.5565185546875,276.31040954589844,274.69873046875,0.6462646722793579
2720,882,13395,644.1248779296875,673.66162109375,234.047119140625,492.60791015625,0.39073461294174194
2721,883,16232,631.1318969726562,219.56817626953125,189.7066650390625,188.04461669921875,0.9547534584999084
2722,883,28763,143.11508178710938,231.02232360839844,211.182373046875,202.86781311035156,0.8838179707527161
2723,883,3483,603.0185546875,844.755126953125,276.769775390625,188.67529296875,0.8794425129890442
2724,883,25469,48.82623291015625,857.1402587890625,376.47930908203125,222.906494140625,0.7696183919906616
2725,886,31863,163.54022216796875,284.8885498046875,205.8079833984375,207.164794921875,0.987676739692688
2726,886,3351,410.0896301269531,891.9969482421875,188.52267456054688,191.57861328125,0.42675337195396423
2727,888,31863,609.9650268554688,833.9976806640625,207.0906982421875,206.3104248046875,0.983793318271637
2728,888,3351,379.84912109375,205.5342254638672,185.26708984375,182.55079650878906,0.967695951461792
2729,888,35206,163.25213623046875,648.3621826171875,267.9732666015625,393.6644287109375,0.4889127314090729
2730,889,16232,134.577392578125,846.6846923828125,193.70074462890625,192.423583984375,0.9633249044418335
2731,889,3483,143.86375427246094,292.4017333984375,209.21339416503906,254.9197998046875,0.9087445139884949
2732,889,28763,711.2058715820312,887.70849609375,221.9210205078125,213.9879150390625,0.8548064231872559
2733,889,20877,544.8306884765625,294.06964111328125,327.980224609375,233.9990234375,0.7895124554634094
2734,89,16551,581.5548095703125,42.96343994140625,277.97705078125,469.6396484375,0.9625015258789062
2735,89,1900,114.84497833251953,222.29061889648438,200.46514129638672,141.628173828125,0.9602335691452026
2736,89,31705,598.71826171875,698.2030029296875,250.2371826171875,450.7528076171875,0.7731391191482544
2737,891,3483,626.361572265625,718.0106201171875,206.96044921875,270.046630859375,0.9331684708595276
2738,891,20877,86.53352355957031,726.0345458984375,329.70359802246094,240.679443359375,0.8648685216903687
2739,891,28763,55.46026611328125,170.56039428710938,208.43576049804688,200.84442138671875,0.8411775827407837
2740,891,16232,629.0848388671875,220.54779052734375,185.3323974609375,183.520263671875,0.8334516882896423
2741,894,36637,605.0830078125,203.77688598632812,179.396240234375,244.9925537109375,0.9606020450592041
2742,894,3483,625.2528686523438,719.192626953125,207.55419921875,269.782470703125,0.9348048567771912
2743,894,25367,27.021453857421875,29.095703125,416.8498229980469,438.3604736328125,0.9296759366989136
2744,894,20877,85.30300903320312,726.1854248046875,331.02764892578125,239.43115234375,0.8265411257743835
2745,895,16551,532.2452392578125,36.928558349609375,295.388671875,461.6402587890625,0.9756879806518555
2746,895,10221,584.7781372070312,774.7939453125,224.9781494140625,222.23095703125,0.9656041860580444
2747,895,21026,101.88562774658203,821.68310546875,176.17095184326172,178.622802734375,0.6080816388130188
2748,896,10221,612.93798828125,812.3568115234375,222.725830078125,215.349853515625,0.9807811975479126
2749,896,16551,560.9977416992188,45.5816650390625,303.4737548828125,470.19317626953125,0.957770824432373
2750,896,3544,109.08984375,232.40533447265625,207.30416870117188,199.9725341796875,0.9386518597602844
2751,896,21026,134.741455078125,854.3201904296875,175.43621826171875,177.9942626953125,0.6492142677307129
2752,897,10221,167.5400390625,272.75469970703125,221.1937255859375,216.346923828125,0.9865140318870544
2753,897,3544,677.0609130859375,834.3221435546875,214.51416015625,212.8203125,0.9552616477012634
2754,898,3544,119.64846801757812,172.10455322265625,202.78018188476562,197.49151611328125,0.9714685678482056
2755,898,16548,74.09762573242188,778.872314453125,237.34683227539062,231.8642578125,0.9683489203453064
2756,898,27926,570.922607421875,583.5537109375,251.186279296875,486.685302734375,0.9413095712661743
2757,9,3483,560.0018310546875,812.6810913085938,286.063232421875,172.9739990234375,0.8847427368164062
2758,9,22347,114.9876937866211,212.334716796875,199.54389190673828,193.70721435546875,0.8692885041236877
2759,9,20238,596.985595703125,173.76675415039062,217.55224609375,214.44842529296875,0.8618751764297485
2760,9,27653,62.15154266357422,811.5104370117188,223.79688262939453,210.206298828125,0.6499293446540833
2761,90,16551,90.41720581054688,706.3807373046875,292.1868591308594,498.3701171875,0.967242956161499
2762,90,31705,132.3453369140625,128.3446044921875,247.14837646484375,419.60845947265625,0.7441270351409912
2763,90,18110,611.2549438476562,216.41712951660156,298.4832763671875,288.96165466308594,0.7319808602333069
2764,90,1900,656.41552734375,903.053466796875,210.49169921875,150.13671875,0.6266298890113831
2765,900,16548,107.3359603881836,821.2470703125,234.60010528564453,226.3677978515625,0.9692624807357788
2766,900,27926,597.60546875,625.876953125,248.251953125,483.381103515625,0.9514529705047607
2767,900,12247,647.482421875,201.5669708251953,171.768310546875,194.01011657714844,0.8396554589271545
2768,904,30308,161.31887817382812,53.86016845703125,293.89935302734375,474.44073486328125,0.9793486595153809
2769,904,3483,607.9637451171875,790.547119140625,272.912841796875,211.499267578125,0.9082192182540894
2770,904,20238,643.5628662109375,189.33978271484375,225.452392578125,218.64776611328125,0.9035823941230774
2771,904,27733,123.71884155273438,767.70654296875,314.7061767578125,276.13916015625,0.784961998462677
2772,906,30308,549.4237670898438,717.9576416015625,294.7542724609375,486.2325439453125,0.9773141741752625
2773,906,3483,122.6541748046875,305.02410888671875,270.88629150390625,201.9622802734375,0.9269828200340271
2774,906,20238,113.4996337890625,853.72119140625,232.2122802734375,227.20556640625,0.8793380260467529
2775,906,27733,563.9808349609375,259.71710205078125,300.3056640625,268.20941162109375,0.8747683763504028
2776,908,31863,574.5811767578125,745.9771728515625,209.49853515625,211.888916015625,0.9930335283279419
2777,91,27926,147.77188110351562,144.59327697753906,255.74810791015625,453.92588806152344,0.9447224140167236
2778,91,1900,629.341796875,893.7099609375,211.052734375,135.607177734375,0.9234766364097595
2779,91,19607,688.1276245117188,299.38818359375,158.5390625,149.5286865234375,0.9176211357116699
2780,91,16548,122.16552734375,865.756103515625,243.58575439453125,237.17578125,0.9170912504196167
2781,910,25367,512.27490234375,701.6378173828125,452.2275390625,437.038818359375,0.9560543298721313
2782,910,3483,176.735107421875,274.6160888671875,262.1387939453125,221.5675048828125,0.8925654888153076
2783,910,29667,126.58834838867188,881.201904296875,229.16180419921875,226.47216796875,0.8284063935279846
2784,910,27777,641.2022705078125,294.690673828125,172.985595703125,195.81884765625,0.6650750041007996
2785,912,3483,536.678955078125,778.690673828125,265.1778564453125,224.69775390625,0.8926024436950684
2786,912,29667,603.4346923828125,162.85533142089844,216.6025390625,211.96534729003906,0.8272472620010376
2787,912,27777,143.07598876953125,774.0931396484375,179.90509033203125,204.156005859375,0.7124482989311218
2788,912,25367,30.50177001953125,109.36859130859375,434.765625,418.0947265625,0.5642809271812439
2789,914,3351,370.80401611328125,123.8848876953125,180.5263671875,187.85797119140625,0.9545910358428955
2790,914,13900,555.6488037109375,708.869873046875,205.548583984375,248.61865234375,0.7241798639297485
2791,915,13900,595.6737670898438,799.0157470703125,200.3619384765625,243.63525390625,0.8462696075439453
2792,916,16232,141.9283447265625,891.6099853515625,196.0521240234375,194.419921875,0.9712952375411987
2793,916,25367,503.8842468261719,682.8443603515625,460.7671203613281,422.4505615234375,0.9424364566802979
2794,916,3483,122.40576171875,305.1510009765625,270.84820556640625,202.1282958984375,0.9190394282341003
2795,916,27733,564.233154296875,260.50421142578125,302.16259765625,268.39910888671875,0.8083644509315491
2796,919,36637,100.718994140625,884.01318359375,268.359375,176.898681640625,0.935657799243927
2797,919,3483,121.27131652832031,306.75860595703125,271.10276794433594,201.55859375,0.9215394854545593
2798,919,27733,563.0985717773438,259.41168212890625,299.530517578125,268.63409423828125,0.8846101760864258
2799,919,30308,493.31500244140625,677.0458984375,373.0006103515625,438.447509765625,0.7975535988807678
2800,920,36637,593.0391845703125,203.00433349609375,251.2364501953125,168.9215087890625,0.9443466663360596
2801,920,3483,580.8516845703125,757.8501586914062,275.7681884765625,207.0311279296875,0.8952881097793579
2802,920,30308,130.466064453125,122.85760498046875,358.4466552734375,424.846923828125,0.8530483841896057
2803,920,27733,87.496826171875,725.086669921875,320.801025390625,283.430419921875,0.8231858611106873
2804,923,25367,537.208251953125,708.319091796875,438.791748046875,454.0330810546875,0.9217005968093872
2805,923,3483,143.61724853515625,291.41888427734375,210.58062744140625,254.87518310546875,0.9173445105552673
2806,923,20877,546.0358276367188,294.89019775390625,328.426025390625,233.387451171875,0.7979310750961304
2807,923,16262,110.0115966796875,836.00732421875,248.37713623046875,240.522705078125,0.7383913397789001
2808,925,16232,145.53125,900.414794921875,194.20904541015625,191.37548828125,0.9417648315429688
2809,925,3483,152.44271850585938,218.384033203125,245.1343994140625,221.97637939453125,0.9224562048912048
2810,925,34597,483.7022399902344,626.45654296875,444.7544250488281,453.52490234375,0.8913106918334961
2811,925,19861,637.4090576171875,279.01702880859375,220.57080078125,168.2852783203125,0.5967592597007751
2812,927,3483,573.0255126953125,837.45751953125,261.857666015625,228.284423828125,0.9046092629432678
2813,927,16232,617.827392578125,173.99429321289062,184.494384765625,179.3416748046875,0.8918872475624084
2814,927,34597,64.8419189453125,140.64617919921875,423.13067626953125,439.2564697265625,0.8666438460350037
2815,927,19861,91.41534423828125,828.66845703125,225.51315307617188,175.08203125,0.807551383972168
2816,929,31885,30.2725830078125,40.295654296875,412.1427001953125,490.25677490234375,0.9742273688316345
2817,929,3483,575.5294189453125,810.5380859375,279.148681640625,193.81787109375,0.8765835165977478
2818,929,25469,12.512298583984375,812.6065673828125,382.051513671875,222.286376953125,0.6236014366149902
2819,929,16232,604.1436767578125,214.93556213378906,182.621826171875,179.75914001464844,0.5213369131088257
2820,930,16232,164.4605712890625,856.1092529296875,192.986328125,190.184814453125,0.9480844736099243
2821,930,3483,126.41632080078125,271.66461181640625,269.84539794921875,189.5947265625,0.9133986830711365
2822,930,31885,538.2426147460938,687.1409912109375,430.4512939453125,509.7808837890625,0.8569469451904297
2823,930,25469,572.9564208984375,231.0770263671875,374.6142578125,219.29595947265625,0.5927913784980774
2824,931,1900,178.20071411132812,269.0037536621094,128.8406982421875,199.5096435546875,0.9681567549705505
2825,931,19607,164.65557861328125,917.15625,162.78912353515625,155.876953125,0.9640408158302307
2826,931,29345,575.18310546875,715.9451904296875,325.12841796875,427.13427734375,0.730939507484436
2827,932,19607,131.63882446289062,885.5238037109375,162.707275390625,158.749755859375,0.9532132148742676
2828,932,16551,453.6519775390625,220.92446899414062,477.3197021484375,272.23748779296875,0.8928868174552917
2829,932,29345,547.6307373046875,677.4805908203125,329.46142578125,432.5413818359375,0.8559974431991577
2830,932,1900,159.6370849609375,258.0621337890625,127.47021484375,199.06378173828125,0.8210596442222595
2831,933,19607,666.75390625,252.887939453125,156.4189453125,151.30560302734375,0.9499985575675964
2832,933,1900,687.1405029296875,806.639892578125,130.04150390625,207.783203125,0.9056925773620605
2833,933,16551,28.3150634765625,736.791015625,487.03350830078125,280.4351806640625,0.8843483328819275
2834,933,29345,117.07333374023438,166.40374755859375,308.27960205078125,399.40765380859375,0.38723742961883545
2835,936,4378,651.4384765625,702.719482421875,224.1629638671875,475.962158203125,0.9927511215209961
2836,936,19552,115.57211303710938,196.48565673828125,313.68963623046875,492.31146240234375,0.9216731190681458
2837,936,2483,601.724609375,104.1737060546875,246.167724609375,455.2890625,0.9048788547515869
2838,936,25438,111.77435302734375,841.00341796875,260.85870361328125,268.14794921875,0.8765794038772583
2839,937,4378,596.395751953125,699.775390625,232.737548828125,470.54248046875,0.9860905408859253
2840,937,6192,125.47174072265625,96.575439453125,296.95440673828125,531.9332275390625,0.9237378239631653
2841,937,3743,131.50860595703125,814.1876220703125,333.48626708984375,327.5909423828125,0.8766971230506897
2842,937,2483,623.7599487304688,78.12013244628906,192.046875,458.71067810058594,0.5656850934028625
2843,938,4378,588.032470703125,700.9107666015625,224.8603515625,451.1412353515625,0.9763666987419128
2844,938,6192,125.62016296386719,74.76617431640625,293.95838928222656,522.5655517578125,0.8600776195526123
2845,938,2483,628.989013671875,33.37750244140625,201.52685546875,478.986083984375,0.8518592119216919
2846,938,3743,128.87347412109375,802.5030517578125,330.16168212890625,319.2960205078125,0.8312847018241882
2847,940,16232,645.857421875,321.091796875,188.632080078125,190.56829833984375,0.9759989976882935
2848,940,3351,422.3254089355469,899.4962158203125,188.32766723632812,189.6243896484375,0.9630556702613831
2849,940,18147,202.22531127929688,226.58824157714844,218.4012451171875,412.49879455566406,0.8776760101318359
2850,941,18147,513.1785888671875,551.8446044921875,220.80908203125,439.7227783203125,0.9323174357414246
2851,942,18147,550.4835205078125,642.1551513671875,224.337646484375,443.1103515625,0.9189996123313904
2852,942,16232,132.509521484375,799.7138671875,192.47412109375,190.3150634765625,0.8676732778549194
2853,945,25367,628.239501953125,641.5545654296875,318.851318359375,519.2786865234375,0.935028076171875
2854,945,3483,152.03414916992188,218.61892700195312,245.177001953125,221.7108154296875,0.9248466491699219
2855,945,20238,112.64997100830078,855.8604736328125,230.46965789794922,227.2864990234375,0.8767552971839905
2856,945,19861,637.0062255859375,278.6837158203125,221.72802734375,168.713623046875,0.6148940920829773
2857,947,16232,142.94561767578125,847.43603515625,194.953125,190.92626953125,0.9690544009208679
2858,947,3483,130.83900451660156,288.61358642578125,277.80979919433594,173.97412109375,0.8731483817100525
2859,947,28763,592.579833984375,885.639404296875,224.2626953125,213.99609375,0.8549295663833618
2860,947,27653,671.26220703125,255.87457275390625,221.989990234375,198.682373046875,0.600656270980835
2861,948,28763,185.8857421875,177.68853759765625,210.19512939453125,203.2333984375,0.8828923106193542
2862,948,16232,648.51708984375,231.73135375976562,190.845703125,179.9188232421875,0.8803843855857849
2863,948,3483,585.062255859375,846.3179321289062,284.498291015625,167.2249755859375,0.8595647811889648
2864,948,27653,94.84220123291016,851.69140625,221.72399139404297,207.224365234375,0.6353431344032288
2865,949,3483,143.06288146972656,292.1949462890625,210.46018981933594,254.24993896484375,0.9191339015960693
2866,949,30308,500.24163818359375,722.744384765625,425.8968505859375,399.685791015625,0.8529354333877563
2867,949,16262,109.56220245361328,836.270751953125,248.65337371826172,241.260009765625,0.838110625743866
2868,949,20877,544.5577392578125,294.590087890625,327.4853515625,233.7158203125,0.8168623447418213
2869,95,3351,340.8291015625,183.6904296875,177.796875,184.7239990234375,0.9787315130233765
2870,95,29667,61.959983825683594,745.4132690429688,229.14582061767578,229.5491943359375,0.9380553960800171
2871,950,30308,71.45849609375,118.964111328125,401.08538818359375,384.46124267578125,0.9542969465255737
2872,950,3483,625.454833984375,719.1197509765625,207.645751953125,269.1351318359375,0.9328011274337769
2873,950,20877,86.75028991699219,726.058349609375,330.29725646972656,240.876953125,0.8301555514335632
2874,950,16262,602.5696411132812,187.144775390625,236.5897216796875,227.97662353515625,0.7186638116836548
2875,951,3483,652.2584228515625,751.0126953125,208.66943359375,267.8994140625,0.9414752125740051
2876,951,30308,85.6756591796875,136.5703582763672,412.67303466796875,393.15370178222656,0.8731943368911743
2877,951,16262,629.9404907226562,190.35110473632812,242.529541015625,233.72515869140625,0.771815299987793
2878,951,20877,118.4364013671875,766.8741455078125,328.33074951171875,231.890869140625,0.7614125609397888
2879,952,3483,125.25796508789062,271.454833984375,271.5919189453125,190.7601318359375,0.9049026966094971
2880,952,16262,166.3395233154297,833.9931640625,251.45899963378906,241.6588134765625,0.8755961656570435
2881,952,30308,558.1226806640625,648.12353515625,395.024169921875,429.6416015625,0.7814352512359619
2882,952,25469,572.6715087890625,231.520263671875,375.0579833984375,219.61376953125,0.5975388884544373
2883,953,30308,47.00897216796875,162.84722900390625,372.24658203125,412.28680419921875,0.8986522555351257
2884,953,3483,575.5602416992188,810.4972534179688,278.6339111328125,193.7452392578125,0.8857928514480591
2885,953,16262,548.5789794921875,189.2922821044922,234.2752685546875,228.12940979003906,0.8111347556114197
2886,953,25469,13.1156005859375,812.861572265625,382.1239013671875,220.93212890625,0.7005529999732971
2887,954,3483,602.905029296875,845.2686767578125,276.5966796875,187.938232421875,0.8850480318069458
2888,954,16262,574.9766845703125,194.29200744628906,241.2900390625,231.45982360839844,0.8755230903625488
2889,954,30308,61.52622985839844,179.138427734375,384.32130432128906,427.19866943359375,0.8537344932556152
2890,954,25469,48.529144287109375,856.9283447265625,377.14764404296875,222.77294921875,0.7647863030433655
2891,956,16551,594.5906372070312,1.412353515625,313.631591796875,443.450439453125,0.974127471446991
2892,956,19607,141.13723754882812,861.7174072265625,158.11965942382812,156.38525390625,0.9674955010414124
2893,956,1900,157.6138916015625,248.60182189941406,202.2703857421875,127.86155700683594,0.9514070153236389
2894,956,27926,600.536376953125,673.0755615234375,254.8306884765625,483.31103515625,0.9216020703315735
2895,957,16551,76.99343872070312,785.538818359375,318.1454772949219,491.162353515625,0.9755150675773621
2896,957,27926,147.18540954589844,144.7699432373047,257.16017150878906,455.27577209472656,0.9543717503547668
2897,957,19607,689.2218017578125,298.6995849609375,156.0853271484375,148.6185302734375,0.950647234916687
2898,962,29451,472.0648193359375,779.15380859375,406.3087158203125,273.318603515625,0.9908328652381897
2899,962,16551,626.950439453125,111.07958984375,280.0115966796875,467.36444091796875,0.9804994463920593
2900,962,19607,142.97149658203125,848.2734985351562,159.64666748046875,157.7952880859375,0.9739840626716614
2901,962,1900,149.13473510742188,240.9493408203125,180.00079345703125,180.78057861328125,0.7551687955856323
2902,966,16548,126.30551147460938,850.761474609375,245.80938720703125,240.357421875,0.9537942409515381
2903,966,31705,132.548095703125,127.6988525390625,246.786865234375,421.38446044921875,0.7295109033584595
2904,966,1900,655.890625,902.9061279296875,211.702392578125,149.1900634765625,0.6823377013206482
2905,966,18110,612.3194580078125,216.63096618652344,296.0858154296875,289.29383850097656,0.5881479978561401
2906,967,3351,406.08990478515625,887.8323974609375,189.618896484375,190.638916015625,0.9516132473945618
2907,967,41768,127.25384521484375,300.07550048828125,261.53326416015625,296.41632080078125,0.8957403302192688
2908,968,3351,341.6927490234375,155.07168579101562,183.8316650390625,186.71124267578125,0.963846743106842
2909,968,29667,110.89896392822266,696.9949951171875,232.91661834716797,232.638427734375,0.9508550763130188
2910,968,41768,560.0810546875,621.398193359375,268.16796875,308.388671875,0.5012047290802002
2911,97,19607,666.34130859375,253.13784790039062,157.23876953125,151.46502685546875,0.9489945769309998
2912,97,16548,100.91822052001953,818.9976806640625,241.91728973388672,240.3812255859375,0.7209873795509338
2913,97,29345,116.97923278808594,166.60528564453125,308.59400939941406,401.193115234375,0.49250516295433044
2914,972,21771,125.05029296875,774.5213012695312,194.17706298828125,188.68505859375,0.9842457175254822
2915,972,27926,574.005859375,630.897216796875,258.538818359375,486.0009765625,0.8802106380462646
2916,972,16551,573.314453125,15.886444091796875,328.62060546875,435.00634765625,0.39737874269485474
2917,973,21771,183.54852294921875,884.1058349609375,191.49847412109375,185.3736572265625,0.9854572415351868
2918,973,1900,180.61782836914062,267.41668701171875,130.66497802734375,199.896484375,0.9599802494049072
2919,973,29345,611.4195556640625,716.070556640625,287.3726806640625,440.793212890625,0.6976161599159241
2920,974,1900,162.90673828125,256.2926025390625,126.13555908203125,199.7926025390625,0.9652253985404968
2921,974,21771,149.83383178710938,849.538330078125,194.87167358398438,190.768798828125,0.9409757852554321
2922,974,16551,544.438720703125,72.97526550292969,295.7940673828125,460.69349670410156,0.9409229755401611
2923,974,29345,583.6529541015625,677.1409912109375,291.735107421875,448.110595703125,0.9233342409133911
2924,975,16551,107.02528381347656,683.626953125,316.18003845214844,490.307373046875,0.9757517576217651
2925,975,29345,118.4525146484375,155.8074493408203,275.910400390625,412.36753845214844,0.9275655746459961
2926,975,1900,685.2215576171875,808.25830078125,128.71630859375,208.431884765625,0.8161274790763855
2927,975,21771,620.0364379882812,251.72122192382812,185.76318359375,180.1585693359375,0.607998251914978
2928,979,22074,584.9287109375,709.1461181640625,187.128662109375,194.9080810546875,0.9713578820228577
2929,980,3351,353.23687744140625,873.659423828125,191.02960205078125,190.7213134765625,0.9726502895355225
2930,980,22074,172.42454528808594,311.3048095703125,184.56031799316406,191.04150390625,0.9542974829673767
2931,982,3743,117.4149169921875,838.1597900390625,332.61602783203125,333.623779296875,0.9767217636108398
2932,982,2483,658.945068359375,115.18232727050781,217.3629150390625,469.97666931152344,0.9461869597434998
2933,982,23223,104.90838623046875,118.28651428222656,292.5966796875,503.45664978027344,0.8983940482139587
2934,982,13395,637.784423828125,671.79931640625,238.61962890625,515.768310546875,0.43982088565826416
2935,983,3743,115.38507080078125,827.128173828125,321.8968505859375,320.94580078125,0.9852868318557739
2936,983,23223,96.34469604492188,85.50421142578125,300.4129943847656,501.33172607421875,0.9131171107292175
2937,983,13395,628.1452026367188,675.130615234375,230.567138671875,500.44775390625,0.8809245228767395
2938,983,2483,671.999267578125,80.10871887207031,204.03515625,483.04417419433594,0.8604356050491333
2939,984,2483,61.821807861328125,647.180908203125,201.08984375,487.845703125,0.8811495304107666
2940,984,3743,497.70166015625,124.55914306640625,312.5455322265625,305.75537109375,0.7650584578514099
2941,984,23223,537.3778076171875,614.7080078125,303.723388671875,506.704345703125,0.7627699375152588
2942,984,13395,82.1500473022461,82.29219055175781,231.67609405517578,482.48973083496094,0.5633057355880737
2943,985,1900,139.9984130859375,218.76419067382812,198.66583251953125,148.1085205078125,0.9555469155311584
2944,985,29451,523.015625,803.5753173828125,419.446044921875,232.403076171875,0.9187175631523132
2945,985,24850,119.40231323242188,738.4017944335938,194.392578125,283.083251953125,0.8700242638587952
2946,985,16548,576.2362060546875,187.9879608154297,230.83935546875,223.08546447753906,0.5302491188049316
2947,986,29451,48.665863037109375,232.21319580078125,401.82208251953125,230.69769287109375,0.940635085105896
2948,986,1900,630.9437255859375,900.91064453125,210.152587890625,153.31689453125,0.9317925572395325
2949,986,24850,647.7473754882812,260.8048095703125,189.915771484375,266.574951171875,0.9000518918037415
2950,988,36637,619.2415771484375,200.9260711669922,266.3212890625,149.22120666503906,0.9476773738861084
2951,988,3483,599.457763671875,867.2080078125,259.091552734375,232.14599609375,0.8874344229698181
2952,988,22347,158.17413330078125,182.4162139892578,205.876708984375,197.96775817871094,0.7891771793365479
2953,988,19861,124.576904296875,864.434814453125,220.19473266601562,170.0400390625,0.6535021066665649
2954,989,36637,592.5028076171875,195.24244689941406,258.2784423828125,153.59324645996094,0.9361110329627991
2955,989,3483,571.0580444335938,838.6951904296875,262.27294921875,228.875732421875,0.8943987488746643
2956,989,22347,143.45318603515625,177.72198486328125,199.969970703125,193.66424560546875,0.8736868500709534
2957,989,19861,89.56417846679688,827.09375,226.57467651367188,176.5462646484375,0.7787736058235168
2958,990,3483,154.1419677734375,217.2984619140625,244.793212890625,221.638916015625,0.923418402671814
2959,990,22347,625.13671875,887.4488525390625,215.12158203125,206.96826171875,0.8365499377250671
2960,990,36637,94.11065673828125,906.652099609375,273.950439453125,166.659912109375,0.8195269107818604
2961,990,19861,640.3248901367188,279.43414306640625,220.6124267578125,167.39385986328125,0.5307443141937256
2962,991,10221,584.4716186523438,774.716064453125,225.3763427734375,222.38720703125,0.9539028406143188
2963,991,21026,101.30560302734375,821.5999755859375,177.45004272460938,178.793701171875,0.6233500242233276
2964,991,16548,572.09814453125,221.46929931640625,231.1043701171875,225.3887939453125,0.314156174659729
2965,993,10221,612.4534912109375,812.1981201171875,223.256103515625,216.2655029296875,0.9838261008262634
2966,993,16548,598.5791015625,232.35963439941406,237.942138671875,225.40940856933594,0.9770652055740356
2967,993,21026,134.45416259765625,853.9329833984375,177.568115234375,177.416748046875,0.6646740436553955
2968,994,16262,117.67240142822266,845.2847900390625,247.87676239013672,243.0084228515625,0.9136197566986084
2969,994,3483,131.273193359375,288.7059326171875,275.41119384765625,173.5484619140625,0.8710489273071289
2970,994,30308,507.9443359375,752.5623779296875,392.02783203125,430.1533203125,0.8225389122962952
2971,994,27653,671.1494140625,255.753662109375,221.604248046875,198.4078369140625,0.6005427837371826
2972,996,30308,109.91325378417969,76.99519348144531,387.64137268066406,419.46226501464844,0.8868359923362732
2973,996,3483,585.1395263671875,846.2335205078125,284.72607421875,167.16357421875,0.8692620396614075
2974,996,16262,622.830810546875,182.14404296875,241.74169921875,231.96630859375,0.6860805153846741
2975,996,27653,95.50772857666016,851.744384765625,221.15196990966797,206.8800048828125,0.6505503058433533
2976,997,21771,122.01235961914062,806.02099609375,196.780517578125,187.4327392578125,0.9844792485237122
2977,997,16551,590.5836181640625,63.49212646484375,280.01025390625,467.5155029296875,0.9739989638328552
2978,997,1900,148.13092041015625,241.4866180419922,180.97915649414062,179.83656311035156,0.39488714933395386
2979,997,29451,460.4402770996094,810.262939453125,419.7939758300781,221.6724853515625,0.3536010682582855
2980,998,29451,488.9686279296875,846.2706298828125,414.4547119140625,220.0263671875,0.9890424609184265
2981,998,16551,618.22998046875,66.22990417480469,286.2666015625,489.02442932128906,0.9543787837028503
2982,998,1900,165.85830688476562,246.3990478515625,185.871826171875,182.77294921875,0.8591600656509399
2983,999,21771,643.6783447265625,291.557373046875,188.334228515625,181.57684326171875,0.9833914041519165
2984,999,29451,106.3265380859375,235.65774536132812,405.12548828125,219.80224609375,0.9693766236305237
2985,999,1900,641.9725341796875,845.20263671875,188.91943359375,189.1455078125,0.9640437960624695
