annotation_id,image_id,category_id,bbox_x,bbox_y,bbox_w,bbox_h,score
1,1,16551,554.876953125,73.95201110839844,402.2396240234375,402.49171447753906,0.8961853981018066
2,1,27926,600.7891845703125,672.46826171875,257.486083984375,483.569091796875,0.8576115965843201
3,1,1900,157.06146240234375,251.01162719726562,203.8492431640625,126.66949462890625,0.7876998782157898
4,1,24850,170.4717254638672,739.7008056640625,181.66273498535156,293.4266357421875,0.6756448745727539
5,10,29451,103.79766845703125,236.22576904296875,406.192626953125,219.44305419921875,0.8808855414390564
6,10,1900,642.215087890625,844.3807373046875,190.815673828125,189.715576171875,0.7783429026603699
7,10,16548,103.33901977539062,808.0047607421875,239.67269897460938,236.56005859375,0.7571853995323181
8,10,21771,643.87548828125,289.8315124511719,186.369140625,182.2779541015625,0.6510347127914429
9,100,16548,586.1817626953125,130.69387817382812,231.9168701171875,226.3828125,0.9291800856590271
10,100,1900,135.86013793945312,243.5237579345703,190.1658935546875,163.70738220214844,0.9148587584495544
11,100,33009,520.5133056640625,791.6478271484375,381.825439453125,210.07958984375,0.7022050619125366
12,100,18110,45.35791015625,748.36865234375,306.71636962890625,298.1875,0.43425440788269043
13,1003,34597,38.01727294921875,158.4873046875,447.93414306640625,417.1378173828125,0.8693230748176575
14,1003,3483,608.6018676757812,791.1519775390625,272.3505859375,210.833740234375,0.8655857443809509
15,1003,16232,648.1203002929688,184.6998291015625,191.9071044921875,180.56134033203125,0.8147889375686646
16,1003,27733,123.52885437011719,768.2327880859375,313.95155334472656,275.7799072265625,0.7288060188293457
17,1004,27733,565.1463623046875,261.2540283203125,301.7591552734375,266.39019775390625,0.9444049596786499
18,1004,16232,142.11776733398438,891.6588134765625,196.5657958984375,194.659912109375,0.9239704012870789
19,1004,3483,122.474853515625,306.89508056640625,272.1837158203125,199.6090087890625,0.8673223257064819
20,1004,34597,511.15625,659.0927734375,459.072509765625,438.875,0.8435200452804565
21,1005,3483,579.0306396484375,759.7438354492188,274.8232421875,209.44921875,0.8851433396339417
22,1005,16232,620.2445678710938,179.21356201171875,186.2999267578125,182.4522705078125,0.8660208582878113
23,1005,34597,22.708221435546875,124.275146484375,440.30517578125,425.84228515625,0.8230161070823669
24,1005,27733,87.762451171875,727.9359741210938,319.64129638671875,280.4171142578125,0.8012348413467407
25,1006,25367,46.16754150390625,176.45367431640625,443.040771484375,423.94366455078125,0.8420254588127136
26,1006,20238,618.442626953125,195.0076904296875,226.327880859375,218.6800537109375,0.8277046084403992
27,1006,3483,602.5157470703125,845.4688720703125,277.24462890625,187.38427734375,0.8176966309547424
28,1006,25469,47.930938720703125,856.5889892578125,377.5867614746094,219.833740234375,0.7787595391273499
29,1007,3483,575.7569580078125,810.837158203125,278.806884765625,192.29931640625,0.8505315184593201
30,1007,25367,32.453369140625,151.80548095703125,430.4778747558594,424.6883544921875,0.8407806158065796
31,1007,20238,589.4793701171875,190.47877502441406,221.293701171875,214.90928649902344,0.8376660943031311
32,1007,25469,13.705169677734375,812.4803466796875,380.74755859375,221.902099609375,0.7250919938087463
33,1009,22347,79.00240325927734,198.46072387695312,201.30646514892578,194.44873046875,0.8666103482246399
34,1009,3483,575.83935546875,810.6441650390625,278.6937255859375,192.498046875,0.8475145101547241
35,1009,16262,547.42822265625,188.09889221191406,237.491455078125,228.94798278808594,0.7923306822776794
36,1009,25469,13.84765625,813.2938232421875,382.037109375,221.232421875,0.7413652539253235
37,1010,22347,94.6643295288086,206.25567626953125,205.86231231689453,198.66961669921875,0.8605409264564514
38,1010,3483,603.192626953125,845.4033203125,277.2891845703125,188.0843505859375,0.8134275078773499
39,1010,25469,48.166259765625,856.223876953125,377.42919921875,219.475830078125,0.7621586918830872
40,1010,16262,574.9200439453125,195.38829040527344,241.632080078125,230.94606018066406,0.7577285170555115
41,1012,16548,612.622802734375,158.10154724121094,229.694091796875,224.73121643066406,0.9110172986984253
42,1012,27926,573.1902465820312,626.0870361328125,257.962890625,491.921875,0.8795969486236572
43,1012,1900,140.930908203125,242.19027709960938,199.741455078125,127.3843994140625,0.775122880935669
44,1012,24850,138.53436279296875,702.557373046875,185.8865966796875,296.757568359375,0.7045568823814392
45,1013,27926,144.80702209472656,143.00257873535156,257.29771423339844,459.77793884277344,0.9392046928405762
46,1013,1900,629.7015380859375,893.168212890625,211.356689453125,134.06884765625,0.8295764327049255
47,1013,16548,104.42987060546875,864.9281005859375,241.96173095703125,239.2659912109375,0.6959026455879211
48,1013,24850,640.215576171875,273.1363525390625,176.644775390625,278.30859375,0.6651353240013123
49,1014,16548,641.248046875,163.77862548828125,236.1009521484375,225.34295654296875,0.919045627117157
50,1014,27926,601.1038818359375,672.5604248046875,257.316162109375,483.571044921875,0.8689020276069641
51,1014,1900,157.1385498046875,251.32870483398438,203.790771484375,126.9852294921875,0.7934420108795166
52,1014,24850,170.46939086914062,740.095703125,181.77984619140625,293.6796875,0.6731606125831604
53,1015,20877,117.75894165039062,767.5345458984375,328.95928955078125,230.95654296875,0.8903079628944397
54,1015,35206,661.2373046875,175.6102294921875,220.834228515625,401.8487548828125,0.8823652267456055
55,1015,3483,651.025146484375,750.128173828125,210.463134765625,267.691650390625,0.8432028889656067
56,1015,30308,68.464599609375,124.04022216796875,398.4425048828125,405.709228515625,0.8199701905250549
57,1016,35206,97.78338623046875,669.9322509765625,237.513671875,413.432373046875,0.8981176018714905
58,1016,3483,141.47998046875,291.725341796875,211.47744750976562,257.849609375,0.8883633613586426
59,1016,30308,536.596435546875,720.424072265625,408.403076171875,417.0833740234375,0.8308260440826416
60,1016,20877,544.3170166015625,293.94915771484375,328.0506591796875,234.34637451171875,0.7856204509735107
61,1018,27733,559.9075927734375,257.54150390625,301.27490234375,264.0625,0.9393092393875122
62,1018,3483,122.02450561523438,306.75103759765625,272.30950927734375,199.893798828125,0.869619607925415
63,1018,29667,87.11715698242188,861.2010498046875,231.9993896484375,228.24560546875,0.8144382238388062
64,1018,30308,440.5046081542969,739.540283203125,476.3305969238281,309.23046875,0.7700374722480774
65,1019,27733,128.31884765625,777.499755859375,314.39080810546875,273.8167724609375,0.8655245900154114
66,1019,3483,608.852294921875,791.9736938476562,272.508056640625,210.32568359375,0.859268307685852
67,1019,29667,669.5189208984375,182.3446044921875,223.7421875,213.5264892578125,0.7888706922531128
68,1019,30308,93.27598571777344,212.07421875,462.67066955566406,298.60748291015625,0.6774852871894836
69,102,16548,615.5093994140625,135.39273071289062,237.04833984375,228.1641845703125,0.9339776635169983
70,102,1900,152.2866668701172,253.1277313232422,195.16603088378906,164.74696350097656,0.8937509655952454
71,102,33009,549.6346435546875,836.4847412109375,375.079345703125,201.2437744140625,0.7295938730239868
72,102,18110,78.84271240234375,791.06494140625,304.238525390625,292.0849609375,0.6083702445030212
73,1020,3483,579.0921630859375,759.8282470703125,274.82568359375,208.628173828125,0.8752485513687134
74,1020,27733,93.054931640625,733.3790893554688,319.31671142578125,278.5953369140625,0.8557168841362
75,1020,29667,640.138916015625,178.42645263671875,217.6201171875,213.54608154296875,0.830010175704956
76,1020,30308,79.48388671875,188.4811553955078,451.17706298828125,299.26658630371094,0.671990156173706
77,1022,29451,31.665557861328125,799.83837890625,425.9222412109375,227.8974609375,0.8963218331336975
78,1022,16551,627.4218139648438,25.78173828125,279.333251953125,466.99481201171875,0.8925326466560364
79,1022,33208,583.7155151367188,811.0902099609375,212.4912109375,204.2109375,0.8496142625808716
80,1022,1900,147.49368286132812,240.25445556640625,181.74411010742188,181.955322265625,0.6836115121841431
81,1023,29451,70.01240539550781,843.846435546875,417.67112731933594,216.474609375,0.8885731101036072
82,1023,16551,656.3948364257812,27.808197021484375,289.395263671875,483.0467529296875,0.8862355947494507
83,1023,1900,167.30079650878906,248.2198028564453,182.63438415527344,181.43882751464844,0.8527953028678894
84,1023,33208,612.1219482421875,844.34033203125,208.947021484375,199.222412109375,0.8187592625617981
85,1025,3483,142.0133056640625,290.9361572265625,211.7294921875,257.5162353515625,0.8898730278015137
86,1025,28763,644.1513671875,862.091552734375,223.0379638671875,212.160888671875,0.8768060803413391
87,1025,16262,109.17220306396484,836.0101318359375,249.25757598876953,243.0836181640625,0.8047232627868652
88,1025,20877,544.3433837890625,293.03900146484375,328.713623046875,234.55535888671875,0.7896770238876343
89,1026,20877,117.49139404296875,767.58544921875,328.80438232421875,231.774658203125,0.886589527130127
90,1026,3483,650.27880859375,751.5997314453125,210.85302734375,267.7314453125,0.8621335625648499
91,1026,28763,135.32711791992188,206.21783447265625,211.858642578125,201.0517578125,0.8473514318466187
92,1026,16262,629.6312255859375,192.9244842529297,243.4659423828125,231.30299377441406,0.7413480877876282
93,1027,13900,191.29925537109375,285.6962890625,197.411376953125,234.59271240234375,0.8782494068145752
94,1027,3351,354.293212890625,883.0430908203125,190.16455078125,192.0899658203125,0.7451358437538147
95,1027,31863,600.7656860351562,262.0389404296875,187.947509765625,187.716552734375,0.6552954912185669
96,1028,13900,554.342041015625,707.6285400390625,204.5401611328125,249.2208251953125,0.8272258639335632
97,1028,3351,393.05755615234375,155.5838623046875,184.25604248046875,190.2965087890625,0.7557244300842285
98,1028,16232,136.58773803710938,780.399169921875,190.80911254882812,189.490234375,0.3736012578010559
99,1029,13900,596.0161743164062,797.2320556640625,198.5821533203125,242.631591796875,0.8510397672653198
100,1029,3351,435.3996276855469,214.11013793945312,185.22756958007812,184.89093017578125,0.808941125869751
101,1029,16232,179.33831787109375,865.5281982421875,187.8089599609375,194.3994140625,0.37594693899154663
102,1030,35206,569.67822265625,119.43011474609375,251.1798095703125,379.18646240234375,0.8584960699081421
103,1030,3483,580.0613403320312,759.5700073242188,274.67724609375,209.076171875,0.8527505993843079
104,1030,27733,88.73968505859375,727.707763671875,319.3623046875,280.606201171875,0.8041666150093079
105,1030,34597,44.13078308105469,143.3072509765625,448.04798889160156,415.560546875,0.7807046175003052
106,1034,3483,151.4553680419922,218.9220428466797,246.13844299316406,220.74269104003906,0.8877275586128235
107,1034,28763,650.228759765625,881.48046875,222.437744140625,214.5931396484375,0.8733018040657043
108,1034,36637,94.802001953125,907.6297607421875,273.8018798828125,165.6695556640625,0.7314218282699585
109,1034,19861,638.2763671875,277.0531921386719,219.181884765625,170.8189697265625,0.6362705826759338
110,1039,28763,127.39886474609375,214.036865234375,211.93353271484375,203.00506591796875,0.837851345539093
111,1039,3483,603.0286865234375,845.48681640625,277.58349609375,187.196044921875,0.8112647533416748
112,1039,25469,48.28759765625,856.4051513671875,377.46063232421875,219.519775390625,0.7630738615989685
113,1039,16262,574.368896484375,195.35450744628906,241.82373046875,231.04661560058594,0.758746862411499
114,104,21325,619.6248779296875,759.74365234375,173.609375,230.603759765625,0.898118257522583
115,104,18357,105.43350982666016,607.2694091796875,250.96794891357422,373.68603515625,0.7996769547462463
116,104,3351,326.2408447265625,204.8338623046875,180.11444091796875,186.97509765625,0.7624643445014954
117,1041,28763,652.3245849609375,851.957763671875,222.094482421875,213.718994140625,0.9004425406455994
118,1041,3483,126.63922119140625,271.5232238769531,269.6907958984375,189.469482421875,0.8653256893157959
119,1041,16262,168.055419921875,834.3443603515625,247.7000732421875,242.8846435546875,0.8412907123565674
120,1041,25469,570.7060546875,231.00384521484375,376.19287109375,218.41204833984375,0.6904541254043579
121,1043,18357,48.165283203125,625.0226440429688,275.697265625,355.2265625,0.8938521146774292
122,1043,3351,315.17041015625,170.49456787109375,181.8536376953125,186.02838134765625,0.8452469110488892
123,1043,35206,517.3253173828125,602.212646484375,241.0654296875,419.210205078125,0.5820162296295166
124,1044,18357,91.44683837890625,720.76611328125,272.89007568359375,356.0390625,0.8756759762763977
125,1044,3351,355.14898681640625,227.86659240722656,182.87896728515625,183.62156677246094,0.8047568202018738
126,1044,35206,555.5238037109375,699.333984375,237.508544921875,411.717529296875,0.6169144511222839
127,1045,20877,42.01959228515625,754.7136840820312,327.69830322265625,251.3743896484375,0.884864091873169
128,1045,3483,623.465087890625,719.7479248046875,210.896728515625,270.796875,0.8688364624977112
129,1045,29667,594.6846313476562,177.70468139648438,218.8133544921875,216.61993408203125,0.800062894821167
130,1045,28763,135.07952880859375,212.39834594726562,207.34329223632812,200.54327392578125,0.7902882695198059
131,1046,20877,72.86801147460938,797.548095703125,327.4172668457031,243.0517578125,0.8761993050575256
132,1046,3483,649.9852294921875,751.8145751953125,210.657470703125,268.095947265625,0.8600046038627625
133,1046,28763,151.9940185546875,223.08056640625,211.469970703125,202.07476806640625,0.8419216275215149
134,1046,29667,623.041748046875,181.74649047851562,223.4510498046875,216.028076171875,0.8046887516975403
135,1047,3483,142.22650146484375,290.8291015625,211.78466796875,256.74761962890625,0.8826115727424622
136,1047,28763,625.76220703125,844.942138671875,221.845458984375,210.929443359375,0.8345468044281006
137,1047,20877,590.4794311523438,258.969482421875,324.611328125,242.2890625,0.8303354382514954
138,1047,29667,134.807373046875,861.7435302734375,230.302490234375,226.690185546875,0.8158254623413086
139,1050,22627,89.15115356445312,174.0523681640625,339.5010986328125,472.4449462890625,0.8245911002159119
140,1050,2483,650.9580078125,82.03692626953125,197.3597412109375,486.8214111328125,0.7705587148666382
141,1050,22362,608.4085693359375,774.0445556640625,254.22216796875,415.855224609375,0.6722192764282227
142,1050,5094,137.11053466796875,848.4710693359375,277.46063232421875,271.6534423828125,0.5345223546028137
143,1051,2483,87.7557601928711,674.61767578125,234.53913116455078,486.018310546875,0.8503317832946777
144,1051,5094,552.59423828125,191.90524291992188,270.3770751953125,267.94525146484375,0.8326656222343445
145,1051,23223,489.6390380859375,659.0260009765625,381.8619384765625,469.0029296875,0.7432795763015747
146,1051,13395,138.86529541015625,105.97068786621094,212.08758544921875,437.70057678222656,0.26262718439102173
147,1053,23223,77.94369506835938,76.14508056640625,376.95526123046875,467.88787841796875,0.8909932374954224
148,1053,2483,619.3596801757812,49.16326904296875,217.3974609375,486.58990478515625,0.8398207426071167
149,1053,5094,104.61077880859375,802.0462646484375,279.2508544921875,271.077392578125,0.8377467393875122
150,1053,4378,588.66259765625,698.311767578125,217.240966796875,456.234375,0.5099540948867798
151,1055,31885,58.171142578125,29.539352416992188,421.269287109375,488.99122619628906,0.9264274835586548
152,1055,3483,571.312255859375,767.9266357421875,276.405517578125,205.146484375,0.8666800856590271
153,1055,27733,81.19503784179688,733.37939453125,327.04376220703125,268.3740234375,0.8216928243637085
154,1055,29667,648.5631103515625,185.55682373046875,218.260986328125,214.13983154296875,0.8155016303062439
155,1056,31885,67.63410949707031,50.73486328125,441.97288513183594,491.5269775390625,0.9090484380722046
156,1056,27733,117.27655029296875,778.65234375,320.50830078125,262.9439697265625,0.9057872295379639
157,1056,3483,599.0662841796875,799.7725830078125,275.3585205078125,205.3746337890625,0.8631691932678223
158,1056,29667,678.2234497070312,189.58876037597656,223.7733154296875,214.76499938964844,0.795300304889679
159,1057,4378,641.60302734375,702.9295654296875,222.706787109375,458.6304931640625,0.9676406979560852
160,1057,12778,80.5469970703125,78.06468200683594,327.42462158203125,496.98561096191406,0.9386634230613708
161,1057,2483,613.46533203125,66.00274658203125,241.7506103515625,473.31640625,0.8327517509460449
162,1057,25438,109.84017181396484,828.9423828125,255.12689971923828,255.8421630859375,0.8159874677658081
163,1058,4378,654.8643798828125,703.6134033203125,218.059326171875,474.6905517578125,0.9247658252716064
164,1058,12778,83.92584228515625,99.1585693359375,327.51715087890625,515.4207763671875,0.8901488780975342
165,1058,2483,600.117431640625,100.08197021484375,251.384033203125,461.92791748046875,0.861568033695221
166,1058,25438,111.14581298828125,842.0814208984375,260.9495544433594,264.82861328125,0.807790219783783
167,1060,13395,115.8159408569336,48.2293701171875,239.46381378173828,485.41192626953125,0.8844278454780579
168,1060,25438,556.6588134765625,206.187255859375,248.33984375,250.3397216796875,0.8534795641899109
169,1060,22627,525.3101806640625,640.7171630859375,359.650634765625,472.4149169921875,0.8350799083709717
170,1060,2483,116.43193817138672,675.8331298828125,216.95557403564453,495.0211181640625,0.8125021457672119
171,1064,34597,58.5338134765625,132.1471405029297,451.230224609375,413.13734436035156,0.8490778207778931
172,1064,20238,618.4347534179688,195.0998077392578,226.0517578125,218.09898376464844,0.8146657347679138
173,1064,3483,603.4237060546875,845.2833251953125,276.912353515625,187.8140869140625,0.813818097114563
174,1064,25469,47.464019775390625,856.8116455078125,378.275634765625,219.388671875,0.7705333232879639
175,1065,3483,127.43974304199219,271.30548095703125,269.57521057128906,189.17584228515625,0.8670433759689331
176,1065,34597,485.86285400390625,686.8826904296875,464.92529296875,432.9124755859375,0.8599421977996826
177,1065,20238,139.45712280273438,849.0157470703125,230.8671875,226.62548828125,0.8279258608818054
178,1065,25469,570.0338134765625,231.56463623046875,376.1939697265625,219.178466796875,0.6659750938415527
179,1067,16262,117.4084243774414,845.599365234375,249.39647674560547,242.85546875,0.8297805786132812
180,1067,3483,131.57589721679688,287.919921875,276.2034912109375,173.35791015625,0.8138368725776672
181,1067,27653,671.0452880859375,255.7379608154297,221.13916015625,200.16590881347656,0.7870360016822815
182,1067,31885,555.646240234375,672.4061279296875,400.96142578125,527.84375,0.5660803914070129
183,1069,21771,116.43832397460938,203.86817932128906,189.92135620117188,184.87059020996094,0.9358143210411072
184,1069,16548,644.3154296875,164.9666748046875,235.8017578125,226.0609130859375,0.9326355457305908
185,1069,1900,622.556396484375,889.316162109375,207.33203125,139.847900390625,0.8230952620506287
186,1069,21026,137.91885375976562,867.4979248046875,179.1954345703125,177.3267822265625,0.7424286603927612
187,1070,21771,686.7659912109375,882.3502197265625,196.89892578125,192.810302734375,0.8491097092628479
188,1070,21026,672.230224609375,273.4678649902344,178.080322265625,172.22900390625,0.8212645649909973
189,1070,1900,173.69984436035156,280.02484130859375,203.51805114746094,140.19097900390625,0.8057759404182434
190,1070,16548,102.19139862060547,863.625,241.20337677001953,238.950439453125,0.6612775921821594
191,1073,36637,637.3031005859375,176.70504760742188,180.43408203125,243.39337158203125,0.8939194679260254
192,1073,22347,115.18695831298828,198.97848510742188,202.53014373779297,194.368896484375,0.86380934715271
193,1073,3483,536.69384765625,778.6392211914062,265.91796875,225.6470947265625,0.8209515810012817
194,1073,27777,143.39828491210938,773.867431640625,179.65475463867188,204.5177001953125,0.8145990967750549
195,1075,29871,602.5350341796875,771.0867919921875,207.52978515625,225.114501953125,0.8899556398391724
196,1075,16551,94.872314453125,592.2529296875,339.2889404296875,463.960693359375,0.8799848556518555
197,1075,3544,101.92724609375,160.9393310546875,202.83837890625,199.14190673828125,0.7533159255981445
198,1075,4543,612.6173095703125,143.32620239257812,201.8739013671875,198.29049682617188,0.7476698756217957
199,1076,3544,669.2193603515625,900.076416015625,213.901611328125,213.1964111328125,0.849757730960846
200,1076,4543,133.43499755859375,917.2247314453125,213.33154296875,212.19140625,0.8347913026809692
201,1076,29871,167.17031860351562,278.3577880859375,205.595458984375,213.3291015625,0.6771669983863831
202,1076,16551,536.1507568359375,192.14306640625,326.81298828125,439.90765380859375,0.6183655261993408
203,1077,16551,129.93649291992188,644.4449462890625,330.22686767578125,457.6385498046875,0.8747725486755371
204,1077,29871,630.80029296875,808.1680908203125,206.641845703125,217.3582763671875,0.8610168099403381
205,1077,4543,640.4195556640625,142.68017578125,208.436279296875,202.7349853515625,0.7578322887420654
206,1077,3544,116.97207641601562,165.88482666015625,208.90487670898438,202.2841796875,0.752639651298523
207,1079,22347,119.30624389648438,219.11607360839844,206.13525390625,198.33644104003906,0.8798972964286804
208,1079,3483,647.194091796875,754.7060546875,210.791259765625,268.530029296875,0.8774957060813904
209,1079,20877,71.21380615234375,795.741455078125,325.283447265625,245.3421630859375,0.8703727126121521
210,1079,29667,624.3446044921875,185.12286376953125,222.9609375,215.68408203125,0.8070701956748962
211,108,12778,109.89645385742188,40.931396484375,290.09185791015625,531.151123046875,0.8358626365661621
212,108,2483,600.9457397460938,83.40968322753906,252.00634765625,473.25340270996094,0.8198202252388
213,108,25438,143.377197265625,844.166015625,254.221435546875,254.546142578125,0.8032286763191223
214,108,22362,586.5408935546875,741.3228759765625,253.726318359375,413.2139892578125,0.70623379945755
215,1080,3483,620.5347290039062,722.308349609375,210.3717041015625,270.45361328125,0.8748672604560852
216,1080,22347,102.81402587890625,211.24737548828125,202.17694091796875,194.84185791015625,0.8703965544700623
217,1080,20877,38.958038330078125,753.854248046875,326.17730712890625,252.4239501953125,0.8638418316841125
218,1080,29667,595.271484375,180.32568359375,219.574951171875,216.66839599609375,0.8051708936691284
219,1081,44199,93.15679931640625,183.9975128173828,256.74505615234375,229.88377380371094,0.9687120914459229
220,1081,16551,480.5859375,203.042236328125,464.2591552734375,324.8170166015625,0.8781639933586121
221,1081,1900,610.5828857421875,899.4073486328125,205.42578125,137.3189697265625,0.7886070609092712
222,1081,21026,125.84014892578125,864.7301025390625,178.5142822265625,178.40283203125,0.7573131918907166
223,1085,20877,86.0665283203125,722.938232421875,329.3785400390625,244.42041015625,0.8766384124755859
224,1085,3483,624.6868286132812,719.063720703125,210.167236328125,270.088623046875,0.8716763854026794
225,1085,16232,627.2152709960938,221.38485717773438,187.47021484375,183.35845947265625,0.8538119792938232
226,1085,25367,33.835693359375,128.00762939453125,440.3419189453125,413.6446533203125,0.8116976022720337
227,1087,16551,88.35964965820312,588.5859375,293.2755126953125,484.223388671875,0.9044870138168335
228,1087,3544,133.865966796875,176.4691925048828,202.9249267578125,198.28550720214844,0.7685753107070923
229,1087,10221,624.1944580078125,205.7280731201172,217.413330078125,213.83509826660156,0.7513642907142639
230,1087,31705,571.945556640625,676.7911376953125,253.22216796875,452.7340087890625,0.7293554544448853
231,1089,3544,635.147216796875,887.540771484375,213.4713134765625,212.964111328125,0.879439115524292
232,1089,10221,106.95956420898438,833.8343505859375,227.49917602539062,225.6328125,0.8450140357017517
233,1089,16551,583.4844970703125,179.31365966796875,293.48291015625,462.51287841796875,0.7954959869384766
234,1089,31705,149.25401306152344,146.27484130859375,253.35279846191406,420.4569091796875,0.708666205406189
235,109,3483,150.4359130859375,219.01695251464844,247.000732421875,221.05458068847656,0.8864549398422241
236,109,25367,581.0711669921875,718.612548828125,388.19970703125,496.953369140625,0.8681523203849792
237,109,35206,110.38487243652344,776.61572265625,300.12635803222656,387.693115234375,0.7834896445274353
238,109,19861,638.4007568359375,276.8887939453125,219.621337890625,171.3839111328125,0.6399468183517456
239,1092,44199,137.2436065673828,242.66168212890625,239.90391540527344,233.37939453125,0.9302901029586792
240,1092,1900,651.6990966796875,849.3455200195312,210.573486328125,160.0943603515625,0.8443711400032043
241,1092,16548,82.28347778320312,912.6339721679688,244.9725341796875,239.68023681640625,0.8079538941383362
242,1092,33009,568.9309692382812,215.0623779296875,319.2882080078125,288.1734619140625,0.7978623509407043
243,1093,34597,504.8458251953125,691.0738525390625,455.194580078125,439.646728515625,0.8996726274490356
244,1093,3483,150.30650329589844,219.0320587158203,247.09291076660156,221.23838806152344,0.8806098103523254
245,1093,16262,100.4053955078125,851.0526123046875,248.40960693359375,241.2288818359375,0.7414095401763916
246,1093,19861,638.1087646484375,277.05902099609375,220.036865234375,171.24322509765625,0.6170169115066528
247,1095,3483,601.5225219726562,867.693603515625,258.1507568359375,228.691650390625,0.8628522157669067
248,1095,34597,46.483795166015625,122.79296875,445.75250244140625,417.3631591796875,0.8579632043838501
249,1095,19861,126.1170654296875,865.268798828125,220.68832397460938,168.268310546875,0.7397122979164124
250,1095,16262,638.5645751953125,177.62384033203125,243.292724609375,230.10443115234375,0.7137161493301392
251,1096,27993,548.7406005859375,777.936279296875,308.74072265625,242.362060546875,0.9184862971305847
252,1096,6563,165.95358276367188,671.56298828125,219.152099609375,365.959716796875,0.8892444968223572
253,1096,16551,480.2401123046875,115.309326171875,447.4697265625,323.94775390625,0.8813292384147644
254,1096,3544,91.8100814819336,196.8685302734375,204.49146270751953,199.17572021484375,0.6883379220962524
255,1097,27993,577.9498291015625,816.054443359375,303.1259765625,233.109619140625,0.9658116102218628
256,1097,6563,198.42373657226562,715.489501953125,215.22906494140625,358.588623046875,0.8943586349487305
257,1097,16551,508.136962890625,125.95782470703125,459.0921630859375,327.90118408203125,0.891011118888855
258,1097,3544,107.67919921875,205.080078125,207.55282592773438,200.99798583984375,0.7543066740036011
259,1098,16551,21.348907470703125,788.87744140625,472.46435546875,342.7890625,0.8693689703941345
260,1098,3544,677.9917602539062,862.2947998046875,215.33935546875,211.949462890625,0.8437316417694092
261,1098,6563,582.5831909179688,230.3775177001953,211.26025390625,338.27171325683594,0.8431404232978821
262,1098,27993,126.1744384765625,254.43359375,295.468994140625,231.3692626953125,0.39633190631866455
263,110,25367,41.406341552734375,51.31353759765625,383.2565002441406,478.83489990234375,0.8635398149490356
264,110,3483,601.5126953125,867.1072998046875,257.9599609375,229.4429931640625,0.8586926460266113
265,110,19861,125.850341796875,865.472412109375,221.19940185546875,168.3228759765625,0.7422745227813721
266,110,35206,583.635009765625,97.79266357421875,287.381103515625,375.4102783203125,0.7109713554382324
267,1100,31885,54.46086120605469,95.392578125,418.77430725097656,492.72454833984375,0.9148196578025818
268,1100,36637,637.208740234375,177.32516479492188,180.024169921875,244.049072265625,0.9017240405082703
269,1100,27777,143.03347778320312,773.7052612304688,179.50350952148438,205.0618896484375,0.8637871742248535
270,1100,3483,536.683349609375,778.7457275390625,266.21875,225.780029296875,0.8128179311752319
271,1101,36637,666.412109375,180.21832275390625,184.996826171875,249.02227783203125,0.9190430045127869
272,1101,31885,67.94416809082031,122.33258056640625,434.39512634277344,493.22589111328125,0.8724711537361145
273,1101,27777,176.47491455078125,812.28173828125,175.51806640625,197.271484375,0.8445569276809692
274,1101,3483,563.7388916015625,814.1260986328125,264.64990234375,218.6658935546875,0.8077642321586609
275,1105,27733,123.76945495605469,768.6121826171875,314.40760803222656,276.16259765625,0.9203416109085083
276,1105,22347,112.0042953491211,212.31524658203125,204.84119415283203,197.1741943359375,0.8690122365951538
277,1105,3483,609.7249755859375,791.2427978515625,272.09912109375,210.3421630859375,0.8476870059967041
278,1105,35206,600.4669189453125,125.86834716796875,257.3486328125,389.22125244140625,0.8423396348953247
279,1109,28763,140.32662963867188,225.8922119140625,212.75555419921875,200.962158203125,0.8189073204994202
280,1109,3483,587.6744384765625,845.128662109375,283.76953125,166.162353515625,0.7833945155143738
281,1109,16262,622.6712036132812,181.71937561035156,241.853759765625,232.43260192871094,0.7764632701873779
282,1109,27653,96.10546875,852.2835693359375,221.91220092773438,207.5205078125,0.665012538433075
283,1111,28763,116.05865478515625,187.74070739746094,209.29611206054688,200.12831115722656,0.8257139325141907
284,1111,29667,603.38720703125,177.23085021972656,218.127685546875,212.55369567871094,0.8231761455535889
285,1111,3483,558.52392578125,811.7498168945312,285.5771484375,174.9176025390625,0.7793741226196289
286,1111,27653,60.43719482421875,810.3240966796875,223.85867309570312,211.37060546875,0.7469525933265686
287,1114,3483,131.45144653320312,287.89459228515625,276.15032958984375,173.44805908203125,0.8095459342002869
288,1114,27653,670.961669921875,254.99609375,220.806884765625,200.4637451171875,0.7850943207740784
289,1114,30308,559.042724609375,697.879150390625,397.5704345703125,420.44921875,0.7576479911804199
290,1114,35206,104.93588256835938,684.755615234375,201.46499633789062,419.95654296875,0.7434780597686768
291,1115,35206,651.04541015625,141.6060791015625,197.680419921875,399.58380126953125,0.8928342461585999
292,1115,30308,40.873626708984375,123.3760986328125,380.1737976074219,406.28369140625,0.8309012055397034
293,1115,3483,559.2984008789062,811.0048828125,287.2545166015625,176.367431640625,0.7629603743553162
294,1115,27653,61.831817626953125,811.0350952148438,223.46435546875,211.0982666015625,0.7003044486045837
295,1116,35206,680.9804077148438,152.94012451171875,199.3341064453125,407.5867919921875,0.8849198222160339
296,1116,30308,54.56842041015625,142.8754119873047,389.68023681640625,412.76673889160156,0.803309440612793
297,1116,3483,586.7161865234375,845.157470703125,284.1951904296875,168.42822265625,0.7816029191017151
298,1116,27653,95.7674560546875,852.569580078125,221.78826904296875,207.12744140625,0.6282898187637329
299,1118,29871,199.8184356689453,240.19244384765625,167.54039001464844,235.969482421875,0.9254592657089233
300,1118,3544,677.3624267578125,859.69775390625,215.032958984375,212.611083984375,0.865745484828949
301,1118,6563,586.2325439453125,237.1485595703125,212.731201171875,338.6688232421875,0.8108589053153992
302,1118,16548,101.39251708984375,881.02734375,241.74884033203125,239.4404296875,0.653839111328125
303,1119,16548,645.4541015625,145.97235107421875,235.02734375,227.58880615234375,0.9223288893699646
304,1119,6563,194.35922241210938,708.4061279296875,215.35498046875,360.087158203125,0.8812505602836609
305,1119,3544,108.89248657226562,207.1760711669922,208.05386352539062,201.03468322753906,0.6946809887886047
306,1119,29871,632.8714599609375,825.4803466796875,172.4288330078125,241.0576171875,0.3297014832496643
307,112,16551,158.26271057128906,587.9578857421875,306.14537048339844,469.286376953125,0.8851532340049744
308,112,3544,127.11141967773438,235.72695922851562,206.7330322265625,200.71258544921875,0.8253853917121887
309,112,10221,633.8577880859375,199.0750732421875,222.498291015625,216.127685546875,0.8088334202766418
310,112,33009,563.9811401367188,809.76123046875,371.10888671875,208.7532958984375,0.5359910130500793
311,1121,28763,619.5000610351562,860.8792724609375,222.0462646484375,211.2696533203125,0.8740194439888
312,1121,3483,127.13543701171875,271.4631042480469,270.0274658203125,188.78826904296875,0.8617688417434692
313,1121,29667,137.63525390625,870.7264404296875,230.62750244140625,228.3585205078125,0.7818098068237305
314,1121,25469,574.5818481445312,189.2313995361328,332.2989501953125,284.53086853027344,0.6204943060874939
315,1123,27733,565.3795166015625,261.4486083984375,301.432373046875,265.7430419921875,0.9421728849411011
316,1123,3483,122.7015380859375,306.87506103515625,271.58099365234375,199.908203125,0.8657141923904419
317,1123,25367,494.8311767578125,667.8065185546875,448.390625,436.8658447265625,0.8146034479141235
318,1123,16262,151.93161010742188,803.5091552734375,248.807861328125,241.40625,0.7724438309669495
319,1125,3483,608.4280395507812,791.4305419921875,272.7962646484375,210.922119140625,0.8594070672988892
320,1125,25367,62.84033203125,159.90203857421875,445.73858642578125,424.28753662109375,0.845795750617981
321,1125,16262,591.0059204101562,227.532470703125,241.98779296875,230.1942138671875,0.7766662836074829
322,1125,27733,123.77546691894531,768.2515869140625,313.89927673339844,275.5419921875,0.7311362028121948
323,1126,3483,142.9820098876953,290.5186767578125,211.92662048339844,256.9720458984375,0.880113959312439
324,1126,20877,545.439208984375,293.25970458984375,328.299560546875,234.83697509765625,0.8053483366966248
325,1126,31885,513.3909301757812,729.192138671875,462.2265625,475.97021484375,0.7883415818214417
326,1126,16262,108.53500366210938,835.056396484375,250.64236450195312,242.475830078125,0.7512339949607849
327,1129,27733,564.8489990234375,261.009521484375,301.94775390625,266.2283935546875,0.9450199007987976
328,1129,3483,122.43606567382812,306.2647705078125,272.04266357421875,200.24090576171875,0.8654557466506958
329,1129,20238,112.44332885742188,854.0579833984375,232.06100463867188,227.4390869140625,0.8548685312271118
330,1129,22347,681.0697021484375,826.597900390625,214.10205078125,207.783447265625,0.8436003923416138
331,113,10221,126.19891357421875,845.7227783203125,229.32421875,224.734619140625,0.8674746155738831
332,113,3544,658.6654052734375,833.2589111328125,213.9300537109375,211.975830078125,0.8561363220214844
333,113,33009,78.48234558105469,268.67645263671875,361.39027404785156,220.83966064453125,0.7711040377616882
334,113,16551,532.29150390625,228.93402099609375,305.138916015625,456.602783203125,0.6182851791381836
335,1135,1900,152.84295654296875,253.48013305664062,195.2745361328125,164.6151123046875,0.8915445804595947
336,1135,16551,609.4530029296875,51.93717956542969,282.415283203125,483.62403869628906,0.839530348777771
337,1135,33009,549.5216064453125,837.3741455078125,375.67236328125,199.144287109375,0.6625984311103821
338,1135,18110,78.97528076171875,790.630859375,304.1163330078125,292.6162109375,0.5898250341415405
339,1136,1900,643.6915283203125,854.1900634765625,203.8519287109375,173.9036865234375,0.8969702124595642
340,1136,33009,85.956298828125,255.13284301757812,368.888671875,209.3994140625,0.8164200782775879
341,1136,16551,90.84866333007812,702.3009033203125,294.858154296875,496.671142578125,0.8056721687316895
342,1136,18110,610.27099609375,222.0760040283203,301.0596923828125,286.23094177246094,0.8005664348602295
343,1138,20238,594.6229248046875,174.20733642578125,219.6025390625,213.15472412109375,0.8325433731079102
344,1138,3483,560.933349609375,811.3876953125,286.2613525390625,174.40673828125,0.7889212965965271
345,1138,34597,32.76446533203125,81.5997314453125,369.7855224609375,484.78204345703125,0.7689825296401978
346,1138,27653,63.17310333251953,811.2147216796875,224.55608367919922,211.3408203125,0.6143883466720581
347,114,16551,125.69540405273438,537.3785400390625,309.8494873046875,474.157958984375,0.8747100830078125
348,114,3544,110.69439697265625,224.99395751953125,203.01388549804688,199.35736083984375,0.777062714099884
349,114,10221,605.8792724609375,192.83355712890625,216.651123046875,213.6519775390625,0.7547186017036438
350,114,33009,533.497802734375,765.03125,377.055908203125,223.33447265625,0.520297110080719
351,1140,20238,622.794677734375,176.063232421875,225.305419921875,217.6209716796875,0.8348866701126099
352,1140,34597,47.19427490234375,113.34820556640625,379.63189697265625,478.44378662109375,0.8233349919319153
353,1140,3483,588.5382080078125,844.9605712890625,283.72265625,166.292724609375,0.7868215441703796
354,1140,27653,97.9979248046875,852.9085693359375,221.28204345703125,207.221435546875,0.5994383692741394
355,1141,23223,571.144287109375,574.1392822265625,297.9580078125,501.857177734375,0.8710578083992004
356,1141,25438,557.17724609375,194.63082885742188,247.083984375,252.6981201171875,0.8316234946250916
357,1141,2483,72.22244262695312,653.2384033203125,296.53033447265625,445.9852294921875,0.8202864527702332
358,1141,12081,62.50958251953125,115.18988037109375,231.86865234375,430.60211181640625,0.7716588973999023
359,1142,23223,64.31094360351562,132.7249755859375,299.80615234375,501.476318359375,0.9458035826683044
360,1142,25438,121.6151123046875,820.3677978515625,255.986572265625,256.192138671875,0.8110109567642212
361,1142,2483,580.728271484375,115.54150390625,290.393310546875,450.9515380859375,0.7625113129615784
362,1142,12081,647.71533203125,703.4808349609375,239.19384765625,448.6004638671875,0.6271717548370361
363,1143,23223,66.33746337890625,163.7034912109375,298.38140869140625,502.3837890625,0.9200099110603333
364,1143,25438,124.63082885742188,833.37451171875,259.7435302734375,265.700927734375,0.827834963798523
365,1143,2483,568.7047119140625,152.19488525390625,300.5833740234375,436.13800048828125,0.8075690269470215
366,1143,12081,655.3843994140625,707.441162109375,247.932373046875,464.673583984375,0.7786099910736084
367,1144,31885,54.069580078125,173.39849853515625,440.4375,482.47662353515625,0.8852779865264893
368,1144,3483,602.4254150390625,845.575439453125,277.2119140625,186.908203125,0.8317767977714539
369,1144,25469,48.19195556640625,856.6221923828125,376.77386474609375,220.033203125,0.7844085693359375
370,1144,16262,574.3953857421875,195.21353149414062,241.211669921875,231.514892578125,0.7506480813026428
371,1148,3351,385.57861328125,159.08929443359375,183.4273681640625,191.18524169921875,0.8210323452949524
372,1148,16232,148.22702026367188,730.8916015625,192.90655517578125,194.64794921875,0.7449882626533508
373,1148,41768,555.03125,630.0286865234375,270.581298828125,309.199462890625,0.49976396560668945
374,1149,16232,190.96383666992188,820.15380859375,190.10736083984375,191.677001953125,0.863710880279541
375,1149,3351,427.208251953125,219.7332305908203,184.7073974609375,183.92015075683594,0.8211209774017334
376,1149,41768,594.6948852539062,719.0447998046875,265.790771484375,311.557373046875,0.42499008774757385
377,115,27733,559.7276611328125,257.65985107421875,301.0533447265625,264.20599365234375,0.9424577355384827
378,115,3483,121.97817993164062,307.0704345703125,272.15301513671875,199.281005859375,0.8665571808815002
379,115,36637,101.04229736328125,881.2435302734375,266.81134033203125,179.28369140625,0.8536046147346497
380,115,25367,497.21282958984375,641.73193359375,423.458740234375,467.2431640625,0.8320600390434265
381,1150,27777,175.79562377929688,811.69384765625,175.96600341796875,197.815185546875,0.8303227424621582
382,1150,29667,630.2149658203125,164.5931854248047,221.781494140625,214.48451232910156,0.8191682696342468
383,1150,34597,84.16079711914062,51.37416076660156,402.627197265625,465.60166931152344,0.8142861127853394
384,1150,3483,563.1395263671875,814.2515869140625,263.822509765625,219.3262939453125,0.805253803730011
385,1153,22347,144.46041870117188,209.23626708984375,206.50875854492188,198.6455078125,0.8796992301940918
386,1153,3483,601.7156372070312,867.154052734375,257.8817138671875,228.5791015625,0.8587539792060852
387,1153,19861,125.64834594726562,865.272705078125,221.39788818359375,168.57421875,0.7662938237190247
388,1153,16232,646.2525634765625,175.8953857421875,189.644287109375,186.09326171875,0.6850377917289734
389,1154,22347,127.8148193359375,201.6212615966797,201.84747314453125,194.43702697753906,0.8871344923973083
390,1154,3483,574.085693359375,837.3514404296875,260.482177734375,230.459716796875,0.8789551258087158
391,1154,19861,91.04874420166016,827.3521728515625,226.61650848388672,176.4949951171875,0.7857674360275269
392,1154,16232,618.2340698242188,172.52407836914062,184.4583740234375,181.4964599609375,0.7457735538482666
393,1155,3483,151.35768127441406,218.84066772460938,246.13841247558594,220.5478515625,0.8801692724227905
394,1155,22347,641.649169921875,861.231201171875,213.009033203125,207.443603515625,0.8615631461143494
395,1155,16232,145.36050415039062,899.74169921875,194.50726318359375,191.28369140625,0.7501881122589111
396,1155,19861,638.9103393554688,277.43658447265625,218.5792236328125,169.8394775390625,0.631775975227356
397,1156,13900,185.2276153564453,283.7490234375,202.59153747558594,229.69091796875,0.8238754272460938
398,1156,16262,573.2503662109375,309.21356201171875,242.31982421875,236.03680419921875,0.7764476537704468
399,1156,3351,392.8909912109375,857.4326171875,189.616943359375,191.161865234375,0.7390836477279663
400,1157,13900,554.1416015625,714.2025146484375,211.621826171875,245.27001953125,0.7487437725067139
401,1157,3351,356.20758056640625,181.6136016845703,183.37841796875,188.87608337402344,0.731660008430481
402,1157,16262,111.13716888427734,675.3031005859375,248.15735626220703,247.234130859375,0.7162871956825256
403,1158,13900,595.1556396484375,805.0911865234375,206.9578857421875,238.33642578125,0.8280402421951294
404,1158,3351,398.3697509765625,242.008544921875,182.44635009765625,183.69647216796875,0.7860663533210754
405,1158,16262,154.762451171875,767.1341552734375,244.14471435546875,239.504150390625,0.7537688612937927
406,1159,3351,402.5987548828125,808.2102661132812,188.44091796875,191.64892578125,0.8598574995994568
407,1159,18357,152.06710815429688,299.2215576171875,241.29339599609375,358.529541015625,0.7688788175582886
408,1159,31863,648.8282470703125,294.0902099609375,187.06591796875,192.41259765625,0.6215494871139526
409,1161,18357,582.3092651367188,614.874267578125,244.777099609375,372.39013671875,0.9320405125617981
410,1161,3351,388.071533203125,279.5268249511719,182.728271484375,183.63037109375,0.8354992270469666
411,1163,16551,40.6005859375,605.500244140625,305.3861083984375,467.217529296875,0.8547344207763672
412,1163,10221,657.4427490234375,198.53106689453125,222.891357421875,214.795654296875,0.7298450469970703
413,1163,3544,118.07238006591797,184.2467041015625,209.63947296142578,201.44537353515625,0.6802964806556702
414,1164,16551,11.964874267578125,556.7789306640625,302.6827697753906,479.5257568359375,0.8665106296539307
415,1164,10221,628.8028564453125,192.31842041015625,217.26416015625,214.6021728515625,0.7550553679466248
416,1164,3544,103.9401626586914,180.08299255371094,203.04582977294922,198.85890197753906,0.7376285195350647
417,1164,29451,468.11151123046875,766.2247314453125,410.5068359375,249.00634765625,0.46601393818855286
418,1166,25367,568.729248046875,683.6397705078125,392.3936767578125,490.0528564453125,0.8833722472190857
419,1166,3483,127.06915283203125,271.56134033203125,269.8486328125,188.8931884765625,0.8699722290039062
420,1166,25469,575.0650634765625,188.78826904296875,330.4755859375,286.13165283203125,0.6143108606338501
421,1166,36637,131.5771484375,829.5255126953125,180.0618896484375,262.404296875,0.43541356921195984
422,1167,25367,46.948089599609375,87.47723388671875,391.68194580078125,477.78082275390625,0.8331826329231262
423,1167,3483,602.2354736328125,845.964599609375,277.87353515625,186.866455078125,0.8149356842041016
424,1167,36637,675.1587524414062,173.2093505859375,173.3717041015625,254.1864013671875,0.8123151659965515
425,1167,25469,87.2103271484375,830.0123291015625,344.052490234375,300.990966796875,0.7093236446380615
426,1168,3483,575.52392578125,812.206787109375,278.300537109375,191.3865966796875,0.8355340957641602
427,1168,30308,44.729400634765625,14.71527099609375,349.8623962402344,427.32781982421875,0.8345744013786316
428,1168,29667,591.2237548828125,169.28305053710938,218.087158203125,214.7044677734375,0.8095434308052063
429,1168,25469,47.759857177734375,788.4942626953125,354.4974670410156,300.66015625,0.7267221212387085
430,1170,30308,54.889892578125,19.5101318359375,362.39483642578125,445.2217102050781,0.8544633984565735
431,1170,3483,601.6121826171875,845.9315185546875,277.7816162109375,187.68212890625,0.8229756355285645
432,1170,29667,619.5391845703125,172.98858642578125,223.248291015625,214.60235595703125,0.7866954803466797
433,1170,25469,83.81466674804688,829.9898681640625,346.94049072265625,300.22900390625,0.7259111404418945
434,1171,16548,578.9414672851562,745.363525390625,241.196044921875,234.562744140625,0.9274613857269287
435,1171,10221,93.1105728149414,788.3389282226562,224.41405487060547,221.0430908203125,0.8495783805847168
436,1171,4543,641.26025390625,152.63565063476562,200.1617431640625,197.25579833984375,0.8056641221046448
437,1171,3544,122.14920043945312,181.16543579101562,204.83480834960938,199.41204833984375,0.7320531010627747
438,1173,10221,643.9639282226562,262.17901611328125,218.445556640625,214.31982421875,0.9343116879463196
439,1173,3544,645.7891845703125,877.8177490234375,215.6904296875,212.72265625,0.8613247275352478
440,1173,16548,160.5531768798828,285.64556884765625,232.54917907714844,226.236328125,0.6894530057907104
441,1173,4543,103.95016479492188,907.393310546875,214.26962280273438,209.28173828125,0.4135175943374634
442,1174,29667,125.09930419921875,863.3082275390625,230.35098266601562,227.4554443359375,0.8237414360046387
443,1174,3483,132.41781616210938,287.6824035644531,276.060791015625,173.4681396484375,0.8110698461532593
444,1174,27653,671.0447387695312,255.7168426513672,221.9708251953125,200.35755920410156,0.7878378033638
445,1174,30308,576.0018310546875,756.11962890625,394.452392578125,429.00341796875,0.7701700329780579
446,1176,30308,41.733245849609375,75.39778137207031,387.3282775878906,417.86167907714844,0.8135895729064941
447,1176,29667,632.366455078125,180.420654296875,222.76318359375,214.61407470703125,0.8050154447555542
448,1176,3483,585.974853515625,845.2227783203125,284.158203125,168.29296875,0.7809817790985107
449,1176,27653,94.55233764648438,851.8165283203125,222.36416625976562,207.277099609375,0.6602237224578857
450,1178,31885,104.0823974609375,47.14161682128906,403.455078125,502.37815856933594,0.9057973027229309
451,1178,27777,143.99386596679688,776.255126953125,179.22216796875,205.72119140625,0.8674823641777039
452,1178,20238,577.9508056640625,191.01966857910156,219.94189453125,213.65220642089844,0.8413819074630737
453,1178,3483,538.4305419921875,779.5570068359375,266.3546142578125,226.3004150390625,0.8086059093475342
454,118,13900,66.20001220703125,310.8397216796875,228.87539672851562,210.992431640625,0.8190721273422241
455,118,3351,457.340087890625,846.781494140625,189.77099609375,191.41748046875,0.7779137492179871
456,118,16688,423.30023193359375,73.3760986328125,439.289306640625,525.965576171875,0.5039340853691101
457,1180,19232,495.9251403808594,234.24571228027344,328.6933898925781,256.04408264160156,0.89395672082901
458,1180,21325,188.88023376464844,307.3973388671875,167.39344787597656,225.11199951171875,0.8430646657943726
459,1180,3351,394.46826171875,916.6217041015625,191.66064453125,191.1912841796875,0.8282175660133362
460,1184,21026,683.778076171875,275.8201904296875,178.43408203125,172.33135986328125,0.848115086555481
461,1184,1900,187.067626953125,273.51690673828125,203.36602783203125,137.5938720703125,0.8199502229690552
462,1184,16548,142.20355224609375,878.6751708984375,244.58050537109375,238.98486328125,0.6863458156585693
463,1184,24850,674.7325439453125,828.766845703125,189.588134765625,300.21630859375,0.5365580916404724
464,1185,16548,601.582763671875,150.3917694091797,238.00048828125,226.56556701660156,0.9306480884552002
465,1185,1900,610.688232421875,899.462646484375,205.6181640625,137.7222900390625,0.7814280390739441
466,1185,21026,125.9315185546875,864.875732421875,178.71731567382812,178.232177734375,0.7549874782562256
467,1185,24850,135.34661865234375,142.5962371826172,185.84140014648438,291.09400939941406,0.504228949546814
468,1186,19552,512.072265625,559.1199951171875,317.246337890625,489.0994873046875,0.9275547862052917
469,1186,2483,83.44715118408203,675.8619384765625,242.46971893310547,483.014404296875,0.8409574031829834
470,1186,5094,552.5272216796875,191.6216278076172,270.65966796875,268.61512756347656,0.808764636516571
471,1186,4378,139.73138427734375,108.23960876464844,211.10791015625,436.37379455566406,0.2737121880054474
472,1187,19552,109.27407836914062,155.59326171875,320.18438720703125,491.112060546875,0.9127771258354187
473,1187,2483,615.488037109375,50.00494384765625,223.91162109375,485.80218505859375,0.8550261855125427
474,1187,5094,104.18301391601562,801.0545654296875,278.946533203125,272.984375,0.7935968637466431
475,1187,4378,589.6695556640625,696.6729736328125,215.81787109375,457.8243408203125,0.5399956703186035
476,1189,2483,590.949951171875,68.87353515625,247.4976806640625,478.8505859375,0.841484546661377
477,1189,3743,118.13543701171875,785.24951171875,324.786376953125,320.8662109375,0.7976970672607422
478,1189,22627,96.13896179199219,134.266357421875,311.67774963378906,486.7705078125,0.7945138812065125
479,1189,12081,602.4244384765625,709.008056640625,233.02685546875,452.71435546875,0.6099069714546204
480,119,13900,652.9723510742188,706.040771484375,229.26220703125,221.889892578125,0.952199399471283
481,119,3351,293.6246337890625,192.655517578125,184.59210205078125,189.451416015625,0.8419612646102905
482,1190,2483,585.75146484375,99.06364440917969,233.916748046875,473.52284240722656,0.8689298629760742
483,1190,3743,120.37446594238281,796.126953125,329.81492614746094,331.0408935546875,0.8328545689582825
484,1190,22627,102.7872314453125,164.034423828125,304.73199462890625,488.802001953125,0.8131690621376038
485,1190,12081,612.9224853515625,716.4122314453125,237.740966796875,465.39697265625,0.6429156064987183
486,1191,22627,529.2412109375,586.960693359375,307.570556640625,486.419189453125,0.8744956254959106
487,1191,2483,88.94296264648438,663.34716796875,259.40740966796875,475.841064453125,0.7365795969963074
488,1191,12081,108.92279052734375,109.17628479003906,229.30624389648438,431.19126892089844,0.6708462834358215
489,1191,3743,495.06451416015625,166.55828857421875,313.568603515625,298.8795166015625,0.6477351188659668
490,1192,1900,644.5167236328125,853.876708984375,203.345703125,174.716064453125,0.8984004259109497
491,1192,33009,86.36102294921875,254.74090576171875,368.5731201171875,209.426025390625,0.8013885617256165
492,1192,24850,647.9945068359375,205.77684020996094,174.96728515625,275.42604064941406,0.6794442534446716
493,1192,16551,82.64447021484375,691.2698974609375,296.56524658203125,499.76513671875,0.6710250377655029
494,1194,1900,152.48406982421875,252.94076538085938,194.3681640625,165.44671630859375,0.8937177062034607
495,1194,16551,614.6131591796875,63.14813232421875,287.235595703125,480.62615966796875,0.8912638425827026
496,1194,33009,549.12060546875,837.16748046875,375.6806640625,199.92578125,0.6554657220840454
497,1194,24850,164.0105438232422,816.3143310546875,181.62306213378906,295.478271484375,0.635657012462616
498,1196,35206,137.190185546875,708.11181640625,244.3485107421875,410.74755859375,0.9346685409545898
499,1196,3483,172.85009765625,275.18255615234375,259.98126220703125,219.8372802734375,0.8603558540344238
500,1196,28763,614.9248046875,886.967041015625,223.014892578125,214.109130859375,0.8582882285118103
501,1196,27777,637.8661499023438,293.28570556640625,175.2911376953125,194.4161376953125,0.8085799813270569
502,1197,35206,614.7012939453125,141.8126220703125,223.59814453125,399.3070068359375,0.9142776131629944
503,1197,27777,178.55101013183594,813.697509765625,176.18043518066406,199.002685546875,0.8130369782447815
504,1197,3483,567.38720703125,812.3878173828125,263.4306640625,219.1871337890625,0.7923684120178223
505,1197,28763,163.77618408203125,178.4795684814453,212.16876220703125,202.21934509277344,0.6504474878311157
506,1198,20238,605.4735107421875,196.65625,225.3388671875,214.76641845703125,0.8270546197891235
507,1198,27777,177.9447021484375,814.3887939453125,175.515625,199.788330078125,0.7992665767669678
508,1198,3483,566.376953125,815.32080078125,263.92431640625,219.946044921875,0.7946387529373169
509,1198,28763,131.171875,215.6336212158203,212.2799072265625,203.23643493652344,0.7662620544433594
510,1199,20238,152.62948608398438,850.5113525390625,230.73919677734375,224.60595703125,0.8777597546577454
511,1199,28763,648.7817993164062,851.01123046875,222.05615234375,213.17529296875,0.8641000986099243
512,1199,3483,173.67599487304688,272.780517578125,259.57000732421875,219.00531005859375,0.8530467748641968
513,1199,27777,638.8449096679688,292.16363525390625,175.0699462890625,194.61077880859375,0.8050929307937622
514,120,13900,690.7783813476562,795.9578857421875,230.4017333984375,216.486572265625,0.9554399251937866
515,120,3351,333.76806640625,253.41314697265625,184.0321044921875,183.91754150390625,0.8388807773590088
516,120,16688,119.33856201171875,677.030029296875,450.88653564453125,576.11083984375,0.5971748232841492
517,1201,12247,584.1705322265625,815.9054565429688,208.917236328125,155.1693115234375,0.9717683792114258
518,1201,16548,585.070556640625,212.41476440429688,232.477783203125,226.03802490234375,0.9274582862854004
519,1201,21026,102.42034912109375,821.5726318359375,181.8074951171875,180.3616943359375,0.7655311822891235
520,1201,3544,144.53466796875,188.0277557373047,204.63641357421875,198.38453674316406,0.6903170943260193
521,1204,22074,687.7227783203125,265.455078125,183.114013671875,184.1090087890625,0.9065482020378113
522,1204,3351,393.98577880859375,859.6644287109375,189.89276123046875,194.089599609375,0.8338168859481812
523,1204,32310,71.7718505859375,214.71670532226562,337.53839111328125,255.48101806640625,0.5156151652336121
524,1206,22074,93.76025390625,853.41064453125,185.63949584960938,188.092041015625,0.9164183139801025
525,1206,32310,570.9427490234375,815.131103515625,350.805908203125,275.78564453125,0.8959519267082214
526,1206,3351,395.8021240234375,223.67013549804688,184.40631103515625,184.041259765625,0.7890732884407043
527,1207,16232,153.1258544921875,827.7528076171875,191.79119873046875,193.88916015625,0.9158563613891602
528,1207,3483,172.73492431640625,275.44586181640625,260.09320068359375,219.35223388671875,0.8562793135643005
529,1207,22347,684.7147827148438,813.2440185546875,213.40380859375,207.4505615234375,0.8209781050682068
530,1207,27777,637.972900390625,293.03460693359375,175.15283203125,194.65093994140625,0.8164131045341492
531,1209,16232,644.5107421875,249.58175659179688,186.169677734375,182.8526611328125,0.8567915558815002
532,1209,22347,101.36300659179688,259.4744873046875,205.14450073242188,197.76385498046875,0.8393023610115051
533,1209,27777,178.73114013671875,813.322021484375,176.1529541015625,199.33544921875,0.812597930431366
534,1209,3483,567.0513916015625,813.0037841796875,263.9599609375,219.318359375,0.800167977809906
535,1210,20877,117.93714904785156,767.4276123046875,328.76866149902344,230.8388671875,0.8922829627990723
536,1210,35206,659.2032470703125,174.9893798828125,222.1826171875,402.397705078125,0.8831186294555664
537,1210,34597,69.43180847167969,141.93267822265625,468.31654357910156,386.03216552734375,0.8601093888282776
538,1210,3483,651.202880859375,750.530517578125,210.138916015625,267.288330078125,0.8480157256126404
539,1212,35206,97.89678955078125,670.4727783203125,239.330810546875,412.404296875,0.9335636496543884
540,1212,3483,141.46633911132812,291.93707275390625,211.5281982421875,257.5615234375,0.887173593044281
541,1212,34597,455.20233154296875,709.5008544921875,483.4976806640625,402.861083984375,0.8617106676101685
542,1212,20877,544.2569580078125,293.8897705078125,328.1815185546875,234.4586181640625,0.7902541756629944
543,1213,5886,592.4920654296875,681.962646484375,233.8494873046875,491.00146484375,0.8522053360939026
544,1213,25438,127.81697082519531,835.789794921875,255.44163513183594,255.877197265625,0.8324819207191467
545,1213,22627,101.6123046875,6.19268798828125,315.91693115234375,481.9250183105469,0.826436460018158
546,1213,2483,661.990234375,62.25885009765625,201.248046875,485.09918212890625,0.7939878106117249
547,1214,22627,108.16281127929688,41.42071533203125,308.75042724609375,485.55767822265625,0.8727269768714905
548,1214,25438,129.754150390625,848.72900390625,261.28533935546875,266.56201171875,0.7836835384368896
549,1214,5886,600.649169921875,678.5850830078125,246.126220703125,509.8704833984375,0.7833004593849182
550,1214,2483,655.0301513671875,96.32151794433594,197.52880859375,474.40699768066406,0.7575329542160034
551,1216,27926,155.17669677734375,173.98663330078125,265.4595947265625,457.6236572265625,0.9469549655914307
552,1216,10221,131.70428466796875,847.1943359375,227.925048828125,224.47412109375,0.8584234714508057
553,1216,16551,619.421875,177.22216796875,281.163818359375,467.5111083984375,0.8496419191360474
554,1216,3544,659.6177978515625,865.9207763671875,215.66357421875,212.1041259765625,0.830939769744873
555,1219,29345,578.769287109375,665.4393310546875,286.386962890625,450.340087890625,0.9217536449432373
556,1219,16551,64.02951049804688,579.869873046875,336.2381591796875,463.199462890625,0.7051227688789368
557,1219,3544,104.13217163085938,241.26388549804688,204.45449829101562,200.3465576171875,0.6854256987571716
558,1219,10221,650.9762573242188,207.9766387939453,218.3192138671875,215.40293884277344,0.660758376121521
559,122,3483,575.7054443359375,811.8702392578125,277.6309814453125,192.48095703125,0.8383710384368896
560,122,29667,591.5015869140625,169.2764892578125,218.0205078125,216.0440673828125,0.8075659871101379
561,122,25367,55.151611328125,88.26617431640625,368.5364990234375,478.48248291015625,0.7921045422554016
562,122,25469,47.86663818359375,788.55517578125,354.46124267578125,300.0576171875,0.707055926322937
563,1220,29345,605.75439453125,702.39599609375,281.67431640625,446.189697265625,0.9342024326324463
564,1220,16551,90.54301452636719,628.4638671875,340.72254943847656,456.712158203125,0.8142660856246948
565,1220,10221,679.93408203125,214.5042724609375,223.68212890625,215.1138916015625,0.7139267325401306
566,1220,3544,120.88064575195312,250.30747985839844,208.49456787109375,203.66493225097656,0.5577331185340881
567,1222,36637,614.8575439453125,202.4680633544922,184.671875,243.42530822753906,0.9047241806983948
568,1222,3483,560.1627197265625,811.818115234375,286.16943359375,174.71044921875,0.7882041931152344
569,1222,27653,61.7098388671875,810.9825439453125,225.25027465820312,211.12060546875,0.5857767462730408
570,1222,25367,96.6563720703125,103.4517822265625,317.005126953125,496.352783203125,0.2989560663700104
571,1224,36637,643.2420043945312,208.78204345703125,189.7376708984375,246.9736328125,0.9309040307998657
572,1224,3483,587.09619140625,845.01220703125,284.1844482421875,167.9345703125,0.7797589898109436
573,1224,27653,95.84795379638672,852.6832275390625,222.01642608642578,206.806884765625,0.5801701545715332
574,1224,25367,116.1790771484375,121.15447998046875,319.94549560546875,503.38836669921875,0.4323786795139313
575,1226,3483,601.66064453125,866.69482421875,258.208740234375,229.917724609375,0.8617919683456421
576,1226,31885,120.05021667480469,6.40411376953125,325.97633361816406,546.0090942382812,0.7576696872711182
577,1226,19861,126.24261474609375,865.1666259765625,220.8916015625,168.7493896484375,0.7500154972076416
578,1226,35206,582.8560791015625,98.07781982421875,287.964599609375,374.75408935546875,0.7273357510566711
579,1227,3483,151.34375,219.24098205566406,246.0531005859375,220.83885192871094,0.8799343705177307
580,1227,35206,108.98077392578125,774.9188232421875,302.19342041015625,390.1905517578125,0.7756513953208923
581,1227,31885,543.1477661132812,693.02294921875,334.5260009765625,561.428955078125,0.7591157555580139
582,1227,19861,638.21826171875,277.140869140625,219.89111328125,171.07586669921875,0.6490879058837891
583,1232,3483,144.16363525390625,288.66180419921875,213.4864501953125,255.8807373046875,0.8615950345993042
584,1232,20877,593.7369384765625,258.8329772949219,323.934814453125,243.7135009765625,0.8497971892356873
585,1232,29667,134.057861328125,859.375732421875,228.6187744140625,226.16552734375,0.7768210768699646
586,1232,31885,543.965576171875,658.5615234375,406.61181640625,524.844970703125,0.6769105195999146
587,1235,16548,620.5604248046875,144.67799377441406,238.3604736328125,228.41123962402344,0.9270345568656921
588,1235,21771,161.855224609375,804.951171875,189.438232421875,187.1885986328125,0.9199146628379822
589,1235,1900,152.14556884765625,252.0718994140625,194.833740234375,165.63861083984375,0.8966294527053833
590,1235,33009,548.6614990234375,837.15087890625,375.82958984375,200.87646484375,0.7360725998878479
591,1237,16548,614.9957275390625,188.73548889160156,235.69189453125,225.67820739746094,0.9327988624572754
592,1237,31705,173.14642333984375,685.4052734375,246.605224609375,449.0224609375,0.8179849982261658
593,1237,1900,104.3633804321289,269.27752685546875,205.03484344482422,123.6741943359375,0.7477030158042908
594,1237,44199,631.220458984375,801.48046875,167.680419921875,280.72900390625,0.49060600996017456
595,1238,31705,571.322021484375,173.67417907714844,248.4154052734375,424.35108947753906,0.8109884262084961
596,1238,16548,132.08453369140625,843.4739990234375,240.9141845703125,237.3955078125,0.7833770513534546
597,1238,1900,684.260986328125,879.3485107421875,209.158203125,130.96240234375,0.7760220766067505
598,1238,44199,205.9071502685547,232.40185546875,156.49891662597656,271.564208984375,0.5863248109817505
599,1239,16548,585.8875732421875,181.37232971191406,232.03466796875,226.71775817871094,0.9244593381881714
600,1239,31705,140.14627075195312,643.4013671875,247.6297607421875,453.9453125,0.7641208171844482
601,1239,1900,87.68985748291016,258.93798828125,200.54357147216797,126.95050048828125,0.7551108002662659
602,1239,44199,603.086669921875,770.134765625,172.1209716796875,285.690673828125,0.551697313785553
603,124,21771,686.69482421875,882.73974609375,196.77099609375,192.753662109375,0.8659701943397522
604,124,21026,672.302734375,273.73291015625,177.74853515625,171.96771240234375,0.8169131278991699
605,124,1900,173.48812866210938,279.7821350097656,203.6168212890625,140.7882080078125,0.810693085193634
606,124,16551,0.0,763.7939453125,373.88116455078125,457.8779296875,0.7213265895843506
607,1242,29345,92.26559448242188,706.4510498046875,288.2789611816406,449.139892578125,0.979668915271759
608,1242,44199,638.427001953125,804.1719970703125,163.004638671875,289.0745849609375,0.897044837474823
609,1242,1900,159.82437133789062,258.44781494140625,127.48516845703125,200.1263427734375,0.8399226069450378
610,1242,16551,549.013671875,92.9549560546875,284.58251953125,465.400146484375,0.8343235850334167
611,1243,3483,610.1671142578125,791.5281372070312,271.24267578125,210.068115234375,0.8535116910934448
612,1243,35206,599.757568359375,126.50248718261719,257.528564453125,388.43934631347656,0.841169536113739
613,1243,30308,66.28160095214844,138.7066650390625,378.95655822753906,425.8172607421875,0.8171828389167786
614,1243,27733,124.41548156738281,767.3565673828125,314.15135192871094,276.62939453125,0.7700755000114441
615,1244,27733,564.3997802734375,261.101318359375,301.5506591796875,266.727294921875,0.9414706230163574
616,1244,35206,121.63800048828125,733.697998046875,275.15478515625,399.8916015625,0.879697322845459
617,1244,3483,121.6402587890625,307.0442199707031,272.27960205078125,200.22418212890625,0.8683497905731201
618,1244,30308,562.8257446289062,687.4544677734375,382.4073486328125,435.4990234375,0.7435191869735718
619,1245,3483,579.913330078125,759.6483154296875,274.911376953125,209.310791015625,0.8581575155258179
620,1245,35206,571.177978515625,119.22628784179688,249.93701171875,379.37579345703125,0.8423975110054016
621,1245,30308,53.196746826171875,120.584716796875,367.3713073730469,419.61822509765625,0.8292423486709595
622,1245,27733,88.40013122558594,727.4197998046875,319.86854553222656,280.734619140625,0.8120104074478149
623,1246,27777,143.65191650390625,775.5301513671875,179.35150146484375,205.9942626953125,0.8689755797386169
624,1246,34597,58.1669921875,77.6876220703125,396.17657470703125,467.0906982421875,0.8309891819953918
625,1246,16262,576.93505859375,187.8357696533203,234.63818359375,228.12644958496094,0.818447470664978
626,1246,3483,538.2158203125,779.9443359375,266.10546875,226.2802734375,0.8095648884773254
627,1248,3483,174.71864318847656,273.12054443359375,259.21324157714844,219.1744384765625,0.8558630347251892
628,1248,34597,519.2796630859375,660.3302001953125,417.240966796875,486.576904296875,0.8170830607414246
629,1248,16262,136.9313507080078,835.522705078125,249.73265075683594,242.6505126953125,0.8124012351036072
630,1248,27777,639.523681640625,292.9182434082031,174.79541015625,194.6397705078125,0.8095160722732544
631,125,21771,116.37103271484375,203.86810302734375,190.2703857421875,184.88507080078125,0.9449201226234436
632,125,16551,623.0160522460938,35.8590087890625,352.98394775390625,437.2491455078125,0.9022071957588196
633,125,1900,622.5362548828125,888.90576171875,207.373046875,140.26220703125,0.8384695649147034
634,125,21026,138.13632202148438,867.476806640625,179.09561157226562,177.17431640625,0.7345329523086548
635,1250,12778,102.53724670410156,61.766845703125,298.39512634277344,527.8441772460938,0.9354209303855896
636,1250,5094,106.79150390625,812.3170166015625,283.189208984375,284.318115234375,0.8648933172225952
637,1250,2483,611.1604614257812,83.5537109375,210.4732666015625,476.45947265625,0.8103756308555603
638,1250,4378,598.2059326171875,701.326416015625,224.2208251953125,469.603515625,0.7581783533096313
639,1251,12778,545.93359375,650.9998779296875,296.849365234375,525.593017578125,0.8988778591156006
640,1251,2483,83.23995971679688,676.0496826171875,242.40341186523438,484.053955078125,0.838343620300293
641,1251,5094,552.3543701171875,191.6805419921875,270.74560546875,268.26849365234375,0.8248656988143921
642,1251,4378,139.6180419921875,108.15690612792969,210.97076416015625,436.88319396972656,0.3214772641658783
643,1252,3483,647.6036376953125,754.47314453125,210.4296875,268.14599609375,0.8768669366836548
644,1252,20877,71.14523315429688,796.0994873046875,325.6739501953125,244.8299560546875,0.8666563034057617
645,1252,29667,624.4444580078125,184.98370361328125,222.68603515625,215.4365234375,0.8118521571159363
646,1252,30308,78.83538818359375,79.22647094726562,395.39007568359375,411.50360107421875,0.808983564376831
647,1254,3483,620.5670166015625,721.9219970703125,210.75439453125,270.3154296875,0.8737895488739014
648,1254,20877,39.34564208984375,754.1378173828125,325.864990234375,252.0357666015625,0.8560359477996826
649,1254,30308,64.8321533203125,67.90802001953125,384.35650634765625,399.394287109375,0.8301662802696228
650,1254,29667,595.8486328125,180.33900451660156,218.810302734375,216.84617614746094,0.8012990355491638
651,1256,1900,646.862060546875,829.9783935546875,167.574462890625,199.049072265625,0.8733382821083069
652,1256,31705,135.13543701171875,128.1991424560547,242.171630859375,421.67018127441406,0.8281822204589844
653,1256,19607,656.4747314453125,273.40777587890625,156.1494140625,148.680419921875,0.8170439004898071
654,1256,16551,91.81402587890625,660.8990478515625,306.822265625,491.9508056640625,0.8093695640563965
655,126,21771,101.63585662841797,195.0440673828125,186.19721221923828,184.18798828125,0.9554266929626465
656,126,16551,598.3875732421875,29.339874267578125,343.0225830078125,425.8968200683594,0.8566473722457886
657,126,1900,595.098876953125,856.4189453125,210.8218994140625,146.026123046875,0.8432099223136902
658,126,21026,104.253173828125,833.3543701171875,181.41372680664062,180.70947265625,0.7537949681282043
659,1261,22347,141.0421142578125,170.13583374023438,204.6875,195.76385498046875,0.8579257130622864
660,1261,16232,648.052734375,230.3585968017578,193.003662109375,181.37547302246094,0.8282894492149353
661,1261,3483,586.516357421875,845.3861694335938,284.001220703125,168.9693603515625,0.7822099924087524
662,1261,27653,95.15076446533203,852.4300537109375,221.48790740966797,207.452880859375,0.6562074422836304
663,1262,16232,620.5197143554688,221.15478515625,187.362060546875,183.75152587890625,0.9054290056228638
664,1262,22347,124.936279296875,165.0182647705078,201.39126586914062,193.50291442871094,0.8585294485092163
665,1262,3483,559.2020263671875,811.8548583984375,285.542724609375,175.369873046875,0.7823827266693115
666,1262,27653,61.40204620361328,810.8809814453125,224.02452850341797,211.568115234375,0.7759214639663696
667,1263,16232,142.77444458007812,847.11328125,195.39492797851562,190.9853515625,0.9317905306816101
668,1263,22347,645.1937255859375,901.4383544921875,214.8095703125,209.00537109375,0.8494657874107361
669,1263,3483,131.946533203125,287.2203369140625,275.8409423828125,173.52996826171875,0.8133047223091125
670,1263,27653,671.14111328125,255.07884216308594,221.1134033203125,199.79371643066406,0.7852872014045715
671,1264,31863,638.264892578125,320.216796875,205.585693359375,206.6793212890625,0.8534368276596069
672,1264,3351,391.6722412109375,860.6978759765625,190.7972412109375,192.9373779296875,0.8023365139961243
673,1264,36637,228.44503784179688,317.0264892578125,203.14044189453125,240.576171875,0.7823914885520935
674,1265,3351,356.95843505859375,176.55535888671875,183.63629150390625,190.47003173828125,0.850583016872406
675,1265,36637,507.8455810546875,660.4154052734375,209.354736328125,253.603515625,0.7642847895622253
676,1265,31863,81.551025390625,704.36572265625,209.08294677734375,212.774169921875,0.5485658049583435
677,1266,3351,397.9296875,238.0679168701172,185.31329345703125,182.95655822753906,0.7953461408615112
678,1266,36637,548.00927734375,751.9384155273438,204.63671875,246.8436279296875,0.7534914016723633
679,1266,31863,123.85763549804688,791.1612548828125,206.58135986328125,205.8719482421875,0.3384353220462799
680,1269,13900,619.07958984375,759.82373046875,176.057861328125,263.09423828125,0.905136227607727
681,1269,3351,362.13037109375,233.1186065673828,182.700927734375,182.69053649902344,0.7752729654312134
682,1269,36637,217.36102294921875,769.3497314453125,213.86541748046875,238.942626953125,0.6984987854957581
683,127,6192,134.3292236328125,158.54949951171875,293.59735107421875,529.3106689453125,0.8471060991287231
684,127,2483,642.7845458984375,115.675537109375,202.0108642578125,474.1224365234375,0.7681961059570312
685,127,22362,619.4925537109375,779.65087890625,257.2938232421875,428.8973388671875,0.7633504867553711
686,127,5094,137.27040100097656,858.120849609375,284.01646423339844,286.56494140625,0.6595850586891174
687,1270,27926,146.82220458984375,143.80963134765625,256.7371826171875,459.80706787109375,0.9380780458450317
688,1270,1900,629.6715698242188,894.3702392578125,211.775634765625,134.3182373046875,0.8437265753746033
689,1270,18110,639.2833251953125,271.04931640625,302.0498046875,287.3482666015625,0.8188716769218445
690,1270,16548,114.47052001953125,851.9891357421875,244.49942016601562,238.314208984375,0.7264887094497681
691,1272,16548,630.222900390625,177.1959228515625,237.451904296875,225.85235595703125,0.9264790415763855
692,1272,27926,598.8023681640625,672.1778564453125,256.925048828125,482.9910888671875,0.8643692135810852
693,1272,1900,156.73590087890625,249.97232055664062,203.7432861328125,126.04473876953125,0.8053467869758606
694,1272,18110,49.4580078125,739.2689208984375,303.6424560546875,288.677001953125,0.7194473743438721
695,1273,13395,114.13821411132812,45.87750244140625,239.50335693359375,484.82794189453125,0.9015085101127625
696,1273,2483,106.0718994140625,674.677490234375,233.44210815429688,494.489013671875,0.8517760038375854
697,1273,6192,545.20166015625,592.9512939453125,294.36279296875,525.23291015625,0.8292160034179688
698,1273,25438,555.4609375,205.813720703125,247.577392578125,249.62744140625,0.8253228664398193
699,1274,13395,587.760009765625,712.2218017578125,239.6680908203125,505.174072265625,0.9446309208869934
700,1274,2483,601.4473876953125,43.70867919921875,214.5748291015625,487.19287109375,0.8458614945411682
701,1274,25438,124.35862731933594,810.8092041015625,254.63319396972656,256.39306640625,0.8206188678741455
702,1274,6192,105.49981689453125,75.0535888671875,296.50830078125,531.5261840820312,0.7989476919174194
703,1278,3832,151.69496154785156,602.7742919921875,310.50828552246094,422.3907470703125,0.9892116785049438
704,1278,38162,622.381591796875,703.5938720703125,187.91015625,299.08447265625,0.9816709756851196
705,1278,3351,418.2823791503906,255.9599609375,182.54513549804688,182.699462890625,0.7629403471946716
706,1279,16551,91.2835693359375,766.2730712890625,298.6309814453125,497.580810546875,0.8398512601852417
707,1279,1900,647.386962890625,856.3824462890625,211.0244140625,155.8233642578125,0.8358504772186279
708,1279,31705,123.53762817382812,132.53240966796875,243.59063720703125,423.40411376953125,0.8326895833015442
709,1279,21771,675.930419921875,285.5175476074219,186.053466796875,181.64312744140625,0.4949173033237457
710,128,6192,131.33204650878906,130.10345458984375,292.21507263183594,531.1005249023438,0.8207491040229797
711,128,2483,650.4278564453125,80.11669921875,196.2568359375,487.187744140625,0.7460766434669495
712,128,22362,607.9666137695312,774.3905029296875,253.7330322265625,415.9754638671875,0.676645815372467
713,128,5094,136.1868896484375,848.1561279296875,277.40179443359375,271.8861083984375,0.5633842349052429
714,1280,1900,124.21795654296875,261.04144287109375,197.41921997070312,148.252197265625,0.8863922357559204
715,1280,16551,576.005126953125,0.0,279.9892578125,454.2573547363281,0.885700523853302
716,1280,21771,92.15524291992188,809.966796875,194.00271606445312,190.5267333984375,0.8745760321617126
717,1280,31705,607.2510986328125,687.9439697265625,252.4627685546875,457.7982177734375,0.7857356667518616
718,1282,19552,508.197021484375,592.5137939453125,308.2474365234375,492.8116455078125,0.922114372253418
719,1282,13395,86.08941650390625,80.77264404296875,228.1527099609375,486.46954345703125,0.8606957793235779
720,1282,2483,61.052947998046875,647.49462890625,203.478515625,486.919189453125,0.7443668246269226
721,1282,3743,498.748291015625,125.86700439453125,313.648193359375,305.0635986328125,0.6027299165725708
722,1284,19552,121.23272705078125,114.74461364746094,312.9736328125,502.91822814941406,0.9128072261810303
723,1284,13395,627.3037109375,674.31591796875,232.78271484375,502.6951904296875,0.9087905287742615
724,1284,3743,115.00921630859375,828.647705078125,325.17559814453125,320.843994140625,0.8104735016822815
725,1284,2483,674.051025390625,81.73284912109375,200.9912109375,483.494140625,0.7580953240394592
726,129,22362,80.70346069335938,74.7623291015625,252.49087524414062,391.10052490234375,0.9004160165786743
727,129,6192,518.3331298828125,544.9354248046875,288.6658935546875,524.4139404296875,0.8631443381309509
728,129,5094,522.5418701171875,150.87957763671875,270.9549560546875,264.739013671875,0.8050564527511597
729,129,2483,83.64665985107422,642.321044921875,208.06403350830078,491.7279052734375,0.74588543176651
730,1290,29345,593.938720703125,532.919921875,269.974365234375,447.85107421875,0.9751856923103333
731,1290,16548,538.1807861328125,141.01202392578125,230.634765625,224.46267700195312,0.9116085171699524
732,1290,1900,162.8089599609375,257.22967529296875,127.09222412109375,199.443359375,0.8307645916938782
733,1290,18110,47.389312744140625,724.5079956054688,306.0168151855469,295.548583984375,0.5651468634605408
734,1293,27777,144.39520263671875,776.0266723632812,179.013916015625,206.383056640625,0.8727908730506897
735,1293,30308,114.58819580078125,84.3931884765625,315.970458984375,448.45947265625,0.8690138459205627
736,1293,20238,577.73388671875,191.07537841796875,220.259033203125,213.5067138671875,0.8424627780914307
737,1293,3483,538.66943359375,779.47607421875,266.599365234375,225.828125,0.8166325688362122
738,1294,35206,680.7858276367188,152.2698974609375,199.4337158203125,408.16778564453125,0.8859900832176208
739,1294,34597,12.96551513671875,45.57664489746094,414.6917724609375,452.01368713378906,0.8262906074523926
740,1294,3483,587.2369384765625,845.3030395507812,283.5299072265625,167.876708984375,0.7837280631065369
741,1294,27653,95.73279571533203,852.6339111328125,221.52642059326172,207.298828125,0.6590666174888611
742,1295,35206,650.793701171875,141.82093811035156,198.1448974609375,399.66539001464844,0.8924425840377808
743,1295,34597,4.166839599609375,20.1920166015625,403.42486572265625,459.34405517578125,0.8177458047866821
744,1295,3483,559.1513061523438,810.9842529296875,287.56298828125,176.16455078125,0.7677551507949829
745,1295,27653,61.78985595703125,810.8160400390625,223.74444580078125,211.739990234375,0.7498624324798584
746,1296,34597,569.7220458984375,728.813720703125,406.2779541015625,483.709228515625,0.8721165060997009
747,1296,3483,131.51708984375,287.861572265625,275.89520263671875,173.43798828125,0.8097670078277588
748,1296,27653,670.5716552734375,255.09442138671875,221.345458984375,200.398681640625,0.7859706282615662
749,1296,35206,105.07595825195312,684.898681640625,201.36141967773438,419.5006103515625,0.7490347027778625
750,1297,12420,688.0631103515625,273.2346496582031,183.690185546875,174.57562255859375,0.9528270959854126
751,1297,3544,644.8692626953125,920.5279541015625,215.421630859375,214.228271484375,0.8711715936660767
752,1297,4543,157.61207580566406,890.8289794921875,213.20469665527344,211.699951171875,0.7850732207298279
753,1297,16548,152.45599365234375,245.53358459472656,232.39697265625,225.59715270996094,0.570644199848175
754,1298,12420,118.42003631591797,859.79248046875,185.66565704345703,181.8828125,0.9559131264686584
755,1298,16548,617.2100830078125,827.75146484375,237.3544921875,230.7119140625,0.9320775270462036
756,1298,4543,617.7186279296875,168.8084716796875,206.307861328125,200.07965087890625,0.775001585483551
757,1298,3544,140.87503051757812,144.37881469726562,207.73580932617188,202.77734375,0.7286246418952942
758,13,3351,429.2530517578125,853.75146484375,190.609619140625,190.703125,0.8524963855743408
759,13,33880,476.79681396484375,243.978759765625,442.8466796875,274.40740966796875,0.7897176146507263
760,13,16232,144.09506225585938,330.3150634765625,192.44699096679688,190.83984375,0.2614949941635132
761,130,3483,173.92831420898438,275.315673828125,260.07708740234375,219.7535400390625,0.8532021641731262
762,130,36637,130.2939453125,827.56982421875,192.28094482421875,257.241943359375,0.849956750869751
763,130,30308,509.5177001953125,764.1318359375,466.4822998046875,314.126220703125,0.81817227602005
764,130,27777,638.6141357421875,293.608154296875,175.0474853515625,194.3974609375,0.8116820454597473
765,1300,31885,74.85902404785156,124.57220458984375,462.88414001464844,468.03448486328125,0.887008011341095
766,1300,29667,632.6837158203125,180.3884735107422,221.83251953125,215.30226135253906,0.7986893057823181
767,1300,3483,586.1612548828125,845.3922729492188,284.2462158203125,168.2061767578125,0.7810217142105103
768,1300,27653,94.2828369140625,851.6832275390625,222.0672607421875,206.9569091796875,0.6186371445655823
769,1302,31885,58.7860107421875,97.91302490234375,448.96405029296875,465.85211181640625,0.9169405102729797
770,1302,29667,604.2406616210938,177.7535858154297,216.75537109375,212.82484436035156,0.8401665091514587
771,1302,3483,558.0675659179688,811.2093505859375,287.597412109375,175.780517578125,0.7742784023284912
772,1302,27653,60.730712890625,810.2452392578125,223.7740478515625,211.29052734375,0.7166740894317627
773,1305,27926,598.156005859375,159.87940979003906,258.7568359375,454.37937927246094,0.8695605397224426
774,1305,1900,631.28125,894.4208984375,211.802490234375,135.156982421875,0.8458284139633179
775,1305,16551,80.53463745117188,669.156494140625,335.79718017578125,467.77880859375,0.7769225835800171
776,1305,44199,138.50697326660156,290.8809814453125,284.86338806152344,148.725341796875,0.35554584860801697
777,1309,27733,559.6508178710938,257.120849609375,301.4881591796875,263.56884765625,0.9429529905319214
778,1309,3483,121.8367919921875,306.75250244140625,272.51324462890625,199.330322265625,0.8672968745231628
779,1309,28763,583.1080322265625,869.9542236328125,223.8084716796875,213.38720703125,0.8467378616333008
780,1309,29667,85.81472778320312,860.8140869140625,233.58401489257812,229.17041015625,0.8397437334060669
781,1311,27733,92.05638122558594,733.80322265625,318.64381408691406,279.5174560546875,0.9191772937774658
782,1311,3483,579.3560791015625,759.9268798828125,274.9266357421875,209.221923828125,0.8752042055130005
783,1311,28763,175.81210327148438,186.91757202148438,207.9677734375,199.811767578125,0.8694813847541809
784,1311,29667,639.8756713867188,177.84494018554688,218.2386474609375,213.0517578125,0.833472490310669
785,1312,5886,597.001220703125,685.146240234375,235.539306640625,491.254638671875,0.8535726070404053
786,1312,22627,66.24151611328125,53.48133850097656,326.908203125,486.59324645996094,0.8449996113777161
787,1312,5094,107.70999145507812,806.08056640625,278.84088134765625,272.999755859375,0.8212168216705322
788,1312,2483,619.3984375,51.844482421875,249.745849609375,471.1419677734375,0.8086475729942322
789,1315,19232,545.875,210.2618408203125,294.951416015625,286.50146484375,0.9187554121017456
790,1315,3351,423.1240234375,878.8443603515625,189.227783203125,190.12255859375,0.7530501484870911
791,1316,19232,82.6029052734375,693.88134765625,308.903076171875,305.786865234375,0.9473508596420288
792,1316,16688,518.18505859375,476.44580078125,285.5074462890625,647.8612060546875,0.8204514384269714
793,1316,3351,327.12091064453125,162.265380859375,184.29345703125,187.4681396484375,0.7482402324676514
794,132,36637,666.073974609375,179.1898956298828,185.4295654296875,249.05516052246094,0.9217805862426758
795,132,27777,178.17564392089844,812.493408203125,175.89955139160156,199.498046875,0.8139368295669556
796,132,3483,566.2125244140625,813.344970703125,263.86474609375,218.796142578125,0.7995785474777222
797,132,30308,27.546051025390625,178.91107177734375,460.07733154296875,309.4229736328125,0.7050295472145081
798,1322,6192,483.7267150878906,593.3338623046875,336.6713562011719,501.098876953125,0.8452063798904419
799,1322,2483,84.36756134033203,675.0845947265625,241.71196746826172,484.2620849609375,0.8430801630020142
800,1322,5094,552.43115234375,191.7053985595703,270.6134033203125,268.36656188964844,0.8176869750022888
801,1322,4378,139.76858520507812,107.73152160644531,211.03729248046875,437.05870056152344,0.26332607865333557
802,1323,2483,615.775146484375,50.14459228515625,223.285888671875,485.7010498046875,0.8485742807388306
803,1323,5094,104.61849975585938,801.151611328125,278.4612731933594,272.29833984375,0.8294382691383362
804,1323,6192,127.54945373535156,102.177734375,339.50474548339844,505.2030029296875,0.6452072858810425
805,1323,4378,589.4288330078125,698.523193359375,216.485595703125,455.947265625,0.586387038230896
806,1326,20238,600.8450317382812,838.897705078125,226.59375,223.0928955078125,0.8527483344078064
807,1326,3351,369.4571533203125,245.13856506347656,183.0174560546875,183.68345642089844,0.8311107158660889
808,1326,18357,159.35948181152344,668.6107177734375,271.66578674316406,353.7890625,0.41794806718826294
809,1327,29451,511.4891357421875,241.687744140625,409.244384765625,223.49859619140625,0.8719086647033691
810,1327,1900,642.70751953125,845.6881103515625,190.7919921875,189.009765625,0.7937794327735901
811,1327,44199,175.6782989501953,231.5361328125,200.83531188964844,262.77880859375,0.7876321077346802
812,1327,16548,168.7178192138672,815.3775634765625,238.77076721191406,236.961181640625,0.6329125165939331
813,1328,16548,582.085693359375,217.06112670898438,235.282470703125,227.85369873046875,0.9264237880706787
814,1328,29451,69.24021911621094,843.684326171875,417.05604553222656,216.82666015625,0.8896340131759644
815,1328,1900,167.80422973632812,247.88217163085938,182.846435546875,181.6400146484375,0.8588405847549438
816,1328,44199,626.9197998046875,810.6893310546875,207.86083984375,271.13623046875,0.43345212936401367
817,1329,16548,553.7618408203125,208.3672637939453,231.618896484375,226.04063415527344,0.9251903295516968
818,1329,29451,31.0068359375,799.8988037109375,425.9368896484375,227.9063720703125,0.8955885171890259
819,1329,1900,147.752197265625,239.83929443359375,182.062255859375,182.35009765625,0.6930012106895447
820,1329,44199,598.56298828125,777.6614990234375,211.3961181640625,277.46728515625,0.3965664803981781
821,1330,35206,612.1961669921875,120.6204833984375,229.3822021484375,398.37213134765625,0.8777549862861633
822,1330,34597,91.15228271484375,163.38958740234375,445.408935546875,420.30877685546875,0.8568499088287354
823,1330,3483,604.1621704101562,846.0999755859375,276.7674560546875,185.86669921875,0.8097887635231018
824,1330,25469,87.96807861328125,829.5406494140625,343.98828125,301.57080078125,0.7042425870895386
825,1331,35206,583.1784057617188,112.38206481933594,222.5987548828125,389.10877990722656,0.8919464945793152
826,1331,3483,575.895263671875,810.9578857421875,278.5946044921875,191.9285888671875,0.8447024822235107
827,1331,34597,75.97642517089844,130.04339599609375,435.62379455566406,430.57366943359375,0.8327760100364685
828,1331,25469,50.379852294921875,787.674560546875,352.9180603027344,302.6015625,0.716522216796875
829,1332,35206,135.357177734375,723.9501953125,248.06732177734375,415.877685546875,0.9103244543075562
830,1332,3483,127.35289001464844,271.5894775390625,269.41346740722656,189.0965576171875,0.868714451789856
831,1332,34597,462.43548583984375,650.587646484375,453.4637451171875,438.75341796875,0.8498890399932861
832,1332,25469,574.4326782226562,187.96575927734375,330.408203125,286.9666748046875,0.5954615473747253
833,1333,3351,399.236328125,922.0201416015625,192.1976318359375,193.54931640625,0.7832168936729431
834,1333,36637,159.7392120361328,282.37286376953125,192.80699157714844,246.57025146484375,0.7733113765716553
835,1333,20014,580.8916015625,281.399658203125,341.309814453125,323.64666748046875,0.3790993094444275
836,1337,16548,578.54541015625,186.8369140625,235.0458984375,226.29541015625,0.9055342674255371
837,1337,29451,496.62860107421875,822.6278076171875,397.58642578125,263.8619384765625,0.8702219724655151
838,1337,1900,167.7624053955078,246.98841857910156,183.63414001464844,180.47605895996094,0.8359768390655518
839,1337,18110,79.28204345703125,791.3927001953125,302.33935546875,289.3175048828125,0.66695237159729
840,134,35206,651.3768920898438,141.7952880859375,197.22705078125,399.50634765625,0.8958924412727356
841,134,3483,559.275634765625,811.1525268554688,287.43115234375,176.1904296875,0.7685359120368958
842,134,31885,39.8897705078125,6.763916015625,357.63494873046875,521.6693115234375,0.7405018210411072
843,134,27653,61.94354248046875,811.016845703125,223.82666015625,211.34423828125,0.7028263211250305
844,1340,1900,644.4085693359375,858.8534545898438,209.262939453125,159.312255859375,0.8593137860298157
845,1340,24850,583.3507080078125,283.701416015625,286.81201171875,170.98876953125,0.8398019075393677
846,1340,31705,135.93255615234375,125.41375732421875,242.699951171875,421.05377197265625,0.8363170623779297
847,1340,16548,187.55517578125,824.439208984375,239.21319580078125,236.933349609375,0.8287052512168884
848,1345,31885,169.84515380859375,131.70848083496094,419.98077392578125,493.32093811035156,0.878673791885376
849,1345,3483,601.6900024414062,846.2857666015625,277.6048583984375,187.404052734375,0.8104559183120728
850,1345,29667,618.5013427734375,174.38973999023438,223.153076171875,214.21392822265625,0.7605504393577576
851,1345,25469,85.69657897949219,830.5401611328125,345.72157287597656,298.678466796875,0.6960632801055908
852,1347,3483,127.8636474609375,271.77313232421875,269.338134765625,189.08538818359375,0.865878701210022
853,1347,31885,416.28326416015625,615.8658447265625,423.3155517578125,511.388916015625,0.7266874313354492
854,1347,29667,139.36184692382812,870.3560791015625,230.0958251953125,228.080322265625,0.7220308184623718
855,1347,25469,574.9720458984375,189.68736267089844,332.2919921875,283.44374084472656,0.6098421216011047
856,1348,22074,675.2969970703125,309.8584289550781,184.1807861328125,187.80670166015625,0.8370329737663269
857,1348,31863,186.23666381835938,265.19305419921875,205.3116455078125,205.8455810546875,0.7837870121002197
858,1348,3351,362.09967041015625,879.8590087890625,190.1466064453125,191.72412109375,0.7427868247032166
859,1348,31863,675.301025390625,309.63043212890625,184.066162109375,188.417236328125,0.5774251222610474
860,135,35206,682.388671875,153.115966796875,198.703857421875,405.960205078125,0.8800240755081177
861,135,3483,587.0631103515625,845.2181396484375,284.048828125,168.4609375,0.7883762717247009
862,135,31885,52.88922119140625,23.23248291015625,370.8612365722656,529.15576171875,0.723081111907959
863,135,27653,95.60797882080078,852.5242919921875,221.65514373779297,207.180419921875,0.6335395574569702
864,1350,22074,107.06011962890625,814.6156616210938,185.4835205078125,188.221923828125,0.9375467896461487
865,1350,31863,588.6805419921875,857.1690673828125,207.043212890625,206.21533203125,0.8384654521942139
866,1350,3351,427.1581115722656,219.7552032470703,183.25680541992188,183.24290466308594,0.7565336227416992
867,1353,16232,153.5049591064453,828.1585083007812,191.83226013183594,193.0810546875,0.9103760123252869
868,1353,3483,172.45291137695312,275.8734130859375,260.34765625,219.10498046875,0.8566029071807861
869,1353,34597,511.489501953125,677.998291015625,445.633056640625,460.181640625,0.8518760204315186
870,1353,27777,637.9939575195312,293.3834228515625,174.98095703125,194.98443603515625,0.8172896504402161
871,1354,3483,141.452880859375,292.19049072265625,211.30535888671875,257.17236328125,0.8891593813896179
872,1354,30308,577.62255859375,735.1024169921875,342.2979736328125,468.8739013671875,0.8137625455856323
873,1354,36637,166.61959838867188,798.193359375,190.4156494140625,257.5599365234375,0.8039353489875793
874,1354,20877,543.8536987304688,294.00482177734375,328.601806640625,234.06329345703125,0.7940147519111633
875,1355,20877,85.90869140625,722.80908203125,329.88458251953125,244.3583984375,0.8746199011802673
876,1355,3483,624.6729736328125,718.889404296875,210.72021484375,270.0301513671875,0.8689790964126587
877,1355,30308,79.358154296875,45.193511962890625,325.70843505859375,444.4998779296875,0.8628645539283752
878,1355,36637,605.012451171875,202.84762573242188,178.736572265625,246.1419677734375,0.8500111699104309
879,1357,16548,578.6942138671875,169.13067626953125,230.43896484375,225.83331298828125,0.9088716506958008
880,1357,6563,165.3955078125,671.5382080078125,218.34027099609375,366.7171630859375,0.8848548531532288
881,1357,3544,94.92766571044922,229.02505493164062,203.83802032470703,199.710205078125,0.7708339095115662
882,1357,12420,627.677734375,815.36083984375,188.113525390625,185.1920166015625,0.4937828481197357
883,1358,16548,606.7462158203125,175.95611572265625,236.3175048828125,226.32611083984375,0.9322269558906555
884,1358,6563,197.58604431152344,716.2152099609375,215.78541564941406,358.5343017578125,0.879910945892334
885,1358,3544,111.02041625976562,239.6842041015625,207.57418823242188,202.076171875,0.7905116677284241
886,1358,12420,654.68896484375,848.27490234375,185.902099609375,181.146484375,0.5960529446601868
887,1359,12420,165.70303344726562,277.653076171875,182.62664794921875,180.3609619140625,0.9846481084823608
888,1359,6563,583.06298828125,229.91864013671875,211.4765625,338.69671630859375,0.8456993103027344
889,1359,3544,674.2638549804688,827.73046875,214.2669677734375,211.550537109375,0.8309918642044067
890,1359,16548,139.8470458984375,853.6826171875,242.5604248046875,237.669189453125,0.7793232798576355
891,136,44199,137.36883544921875,243.441650390625,240.00531005859375,233.41595458984375,0.9371898174285889
892,136,1900,651.4544067382812,850.9892578125,210.2322998046875,159.591064453125,0.842654824256897
893,136,16551,78.93075561523438,650.87548828125,314.5772399902344,487.677734375,0.836567759513855
894,136,33009,569.8594970703125,215.52801513671875,318.43798828125,288.19854736328125,0.8033682107925415
895,1361,29667,629.9276123046875,691.5372314453125,231.482421875,230.252197265625,0.9033100008964539
896,1361,3351,357.98638916015625,147.9617919921875,184.635986328125,188.23529052734375,0.824438750743866
897,1361,19232,167.61489868164062,648.478271484375,243.7412109375,356.5867919921875,0.7130584716796875
898,1363,33880,455.2607116699219,244.08448791503906,433.2729797363281,288.81919860839844,0.9465569257736206
899,1363,3351,432.2572326660156,887.051513671875,190.80148315429688,191.6025390625,0.8484360575675964
900,1363,16262,120.09725952148438,292.17138671875,242.99530029296875,234.8916015625,0.8394922018051147
901,1366,29667,124.59478759765625,862.521728515625,231.34130859375,228.365478515625,0.8257952928543091
902,1366,3483,131.86135864257812,287.287353515625,276.41778564453125,173.507568359375,0.8094700574874878
903,1366,27653,672.3812866210938,255.63665771484375,220.9229736328125,200.128173828125,0.7830439209938049
904,1366,22347,662.4649658203125,836.8026123046875,213.1785888671875,207.935302734375,0.7172583341598511
905,1367,22347,106.7408447265625,226.11485290527344,202.73764038085938,194.14820861816406,0.8272525668144226
906,1367,29667,603.0736694335938,177.43115234375,218.38623046875,212.7574462890625,0.8148174285888672
907,1367,3483,558.5179443359375,811.692138671875,285.906005859375,174.927978515625,0.7793786525726318
908,1367,27653,60.49768829345703,810.4890747070312,223.64641571044922,210.949462890625,0.73130863904953
909,1369,22347,119.66983032226562,212.76597595214844,205.67416381835938,199.46620178222656,0.8860342502593994
910,1369,3483,601.7340087890625,866.9114990234375,258.083740234375,229.69921875,0.8595046401023865
911,1369,19861,125.4862060546875,865.755126953125,221.5576171875,168.2059326171875,0.7675343751907349
912,1369,16262,638.6485595703125,177.66751098632812,243.59375,230.00604248046875,0.7231819033622742
913,1371,22347,103.19293975830078,205.93890380859375,201.11315155029297,194.03668212890625,0.8937910795211792
914,1371,3483,573.9117431640625,837.341552734375,260.599609375,230.649169921875,0.877442479133606
915,1371,19861,91.02828979492188,827.24365234375,226.8968505859375,176.006103515625,0.7848461270332336
916,1371,16262,610.83203125,172.9955291748047,237.2254638671875,227.14332580566406,0.7678670287132263
917,1372,22627,81.82412719726562,93.875732421875,322.9928283691406,486.113037109375,0.8623668551445007
918,1372,5886,612.4627685546875,691.3310546875,238.172607421875,516.9921875,0.8295833468437195
919,1372,2483,598.8953857421875,111.3284912109375,284.106201171875,446.91217041015625,0.8259322643280029
920,1372,3743,73.61453247070312,812.1070556640625,333.59637451171875,331.4532470703125,0.7469688653945923
921,1376,1900,640.8109130859375,858.8187255859375,206.7906494140625,167.781982421875,0.8808525204658508
922,1376,33208,153.51510620117188,296.6329345703125,205.08819580078125,195.8701171875,0.8676792979240417
923,1376,16551,90.57159423828125,700.2158203125,293.6024169921875,498.23388671875,0.7976380586624146
924,1376,33009,586.7915649414062,240.98292541503906,359.5113525390625,239.20530700683594,0.7675651907920837
925,1377,1900,151.52415466308594,255.83071899414062,198.46046447753906,157.855712890625,0.8768028616905212
926,1377,33208,642.8579711914062,806.7805786132812,209.0140380859375,199.7236328125,0.8541829586029053
927,1377,16551,609.8922119140625,52.83172607421875,283.0645751953125,484.58990478515625,0.8118006587028503
928,1377,33009,46.184906005859375,825.87060546875,362.2245788574219,227.984619140625,0.6372409462928772
929,1378,3483,151.40286254882812,218.9281005859375,246.0693359375,221.13818359375,0.875655472278595
930,1378,22347,623.9781494140625,868.41064453125,213.8394775390625,208.6839599609375,0.8620975017547607
931,1378,35206,107.81597900390625,778.88037109375,303.5411376953125,387.7513427734375,0.7989911437034607
932,1378,19861,638.1415405273438,276.84954833984375,219.8773193359375,171.0440673828125,0.64203280210495
933,1379,22347,162.05075073242188,200.87054443359375,205.18255615234375,198.90777587890625,0.8811670541763306
934,1379,3483,601.6868896484375,866.847900390625,258.100341796875,229.873779296875,0.8625993728637695
935,1379,19861,125.83151245117188,865.5498046875,221.18670654296875,168.42431640625,0.7743715047836304
936,1379,35206,583.97705078125,97.33946228027344,286.864501953125,375.24781799316406,0.7095805406570435
937,1381,3351,406.8106689453125,843.4576416015625,191.5904541015625,193.194091796875,0.8647163510322571
938,1381,21325,632.3624267578125,276.1152648925781,239.060546875,140.21234130859375,0.8506177067756653
939,1381,32310,34.4866943359375,236.0858612060547,369.1053466796875,232.16041564941406,0.2829538583755493
940,1384,27777,177.8990020751953,813.9783935546875,175.08543395996094,200.49853515625,0.8341785669326782
941,1384,20238,605.64111328125,196.47021484375,224.69091796875,215.14434814453125,0.8302115797996521
942,1384,25367,51.33280944824219,92.77716064453125,419.51454162597656,457.5665283203125,0.8222140669822693
943,1384,3483,566.3446044921875,815.3026123046875,263.97998046875,219.6114501953125,0.7942941188812256
944,1385,27777,144.09478759765625,775.9910888671875,178.99188232421875,205.9351806640625,0.871629536151886
945,1385,20238,577.7880859375,190.98545837402344,220.380126953125,213.38233947753906,0.8256980180740356
946,1385,3483,538.7864990234375,779.3897705078125,266.0830078125,225.9697265625,0.8123708367347717
947,1385,25367,41.23199462890625,76.197021484375,401.9398193359375,451.22705078125,0.7938206791877747
948,1386,25367,535.5594482421875,701.3792724609375,424.760986328125,468.9285888671875,0.86896812915802
949,1386,3483,174.08456420898438,272.4515380859375,259.42193603515625,219.66656494140625,0.8542946577072144
950,1386,20238,152.1818084716797,850.52685546875,232.00880432128906,225.38232421875,0.8519755005836487
951,1386,27777,639.3104248046875,292.4849548339844,174.8214111328125,194.5765380859375,0.8081405758857727
952,1387,20877,138.5303955078125,831.96435546875,277.4542236328125,309.4306640625,0.9206756353378296
953,1387,22347,112.02056884765625,241.69630432128906,205.4005126953125,196.91075134277344,0.8343459963798523
954,1387,20238,602.3682861328125,181.7650604248047,225.64990234375,215.70228576660156,0.8310514688491821
955,1387,3483,643.9697265625,758.26611328125,200.5966796875,272.4332275390625,0.8300726413726807
956,139,35206,584.5692138671875,112.43185424804688,221.387939453125,391.131103515625,0.8846110105514526
957,139,31885,14.13262939453125,47.85929870605469,390.7851257324219,502.88490295410156,0.8661037683486938
958,139,3483,576.0042724609375,812.4583740234375,277.8955078125,192.0771484375,0.8250651955604553
959,139,25469,49.40338134765625,788.3458251953125,352.61724853515625,301.964599609375,0.7067745923995972
960,1390,22627,113.71452331542969,159.76246643066406,361.64625549316406,461.11619567871094,0.8730630278587341
961,1390,22362,606.1928100585938,744.1756591796875,265.4493408203125,423.796875,0.8320026993751526
962,1390,25438,158.0701904296875,872.4359130859375,261.3382568359375,266.6495361328125,0.7995821833610535
963,1390,2483,603.4732666015625,114.9578857421875,195.503173828125,470.19720458984375,0.7126930356025696
964,1392,22627,108.23287963867188,131.271728515625,365.57489013671875,456.7445068359375,0.8358647227287292
965,1392,25438,155.594482421875,860.041015625,255.24456787109375,256.639404296875,0.8239046931266785
966,1392,2483,605.2650146484375,80.51605224609375,218.556640625,481.2249755859375,0.8169697523117065
967,1392,22362,594.6801147460938,740.3167724609375,260.457763671875,413.6650390625,0.6297852993011475
968,1393,22347,681.2181396484375,870.3878173828125,215.49609375,209.006103515625,0.8702070713043213
969,1393,3483,174.88897705078125,273.01019287109375,259.234130859375,219.5245361328125,0.8515884876251221
970,1393,16262,137.157958984375,835.342041015625,248.41864013671875,243.512939453125,0.843225359916687
971,1393,27777,639.7935791015625,292.7564697265625,174.60888671875,194.3040771484375,0.8115593791007996
972,1395,22347,87.70755004882812,194.17843627929688,203.0435791015625,194.3223876953125,0.835178017616272
973,1395,16262,576.63330078125,187.8573760986328,235.9521484375,227.15086364746094,0.8337398171424866
974,1395,3483,537.78564453125,779.59912109375,266.391845703125,225.3760986328125,0.8166322112083435
975,1395,27777,143.95217895507812,775.8275146484375,179.32733154296875,205.9365234375,0.7929892539978027
976,1396,19552,508.3577880859375,596.09375,325.6610107421875,482.697265625,0.930240273475647
977,1396,13395,81.50003051757812,82.36358642578125,230.681640625,484.78021240234375,0.8370908498764038
978,1396,5094,524.4849853515625,162.7723388671875,271.457275390625,266.2838134765625,0.8351671099662781
979,1396,2483,80.27651977539062,664.145263671875,218.58175659179688,482.510498046875,0.6573124527931213
980,140,35206,613.672119140625,121.24195861816406,228.2169189453125,398.24168395996094,0.8678614497184753
981,140,31885,23.8870849609375,71.30438232421875,408.41705322265625,504.3135986328125,0.8286300897598267
982,140,3483,602.2235107421875,846.38134765625,277.3807373046875,187.223876953125,0.8066691160202026
983,140,25469,87.15080261230469,830.164306640625,344.01502990722656,300.705810546875,0.6973310708999634
984,1401,3483,127.95382690429688,270.940185546875,269.30218505859375,189.4454345703125,0.8591631650924683
985,1401,22347,649.78076171875,851.7730712890625,214.595947265625,208.062744140625,0.8247995376586914
986,1401,29667,137.66094970703125,870.26904296875,230.58270263671875,228.4755859375,0.7873173356056213
987,1401,25469,574.8544921875,189.38589477539062,332.6982421875,283.570068359375,0.6284819841384888
988,1402,33880,466.3632507324219,198.62774658203125,381.9490051269531,363.92791748046875,0.8893636465072632
989,1402,3351,424.06494140625,884.557861328125,191.556884765625,192.283935546875,0.808992862701416
990,1402,20238,83.36260986328125,334.10540771484375,227.12191772460938,220.6907958984375,0.7914465069770813
991,1404,33880,125.25592041015625,741.278564453125,384.4537353515625,374.5703125,0.9471150040626526
992,1404,3351,365.4234619140625,214.42852783203125,184.551025390625,183.77276611328125,0.8544430136680603
993,1404,20238,670.02001953125,762.07958984375,227.5567626953125,222.984375,0.8133478760719299
994,1407,38162,604.9998779296875,792.236572265625,246.1796875,255.4141845703125,0.9666572213172913
995,1407,3351,379.9842529296875,229.80596923828125,183.7589111328125,183.7158203125,0.8428762555122375
996,1407,33880,104.14581298828125,682.380859375,309.35333251953125,434.0572509765625,0.6408380270004272
997,1408,33208,657.683837890625,900.3890380859375,217.7322998046875,209.3004150390625,0.8578910827636719
998,1408,21026,683.8143920898438,275.689697265625,178.4677734375,172.4620361328125,0.8506996631622314
999,1408,16548,73.9468994140625,807.7452392578125,241.77667236328125,236.798583984375,0.8304643034934998
1000,1408,1900,186.67868041992188,273.77752685546875,203.5350341796875,137.2125244140625,0.8225142955780029
1001,1411,36637,643.251708984375,208.294921875,189.755126953125,246.94195556640625,0.9267011284828186
1002,1411,30308,70.48786926269531,128.3641357421875,386.63291931152344,418.0528564453125,0.8376450538635254
1003,1411,3483,587.4603271484375,844.971435546875,284.4058837890625,167.51904296875,0.7856733798980713
1004,1411,27653,96.91309356689453,853.0941162109375,221.69567108154297,207.163818359375,0.6530201435089111
1005,1413,36637,151.582275390625,802.163818359375,194.317138671875,254.53125,0.865619957447052
1006,1413,3483,130.37039184570312,288.4815368652344,276.1968994140625,172.802490234375,0.8144829869270325
1007,1413,30308,550.5721435546875,706.33056640625,390.671630859375,425.400634765625,0.7911449670791626
1008,1413,27653,670.3184814453125,254.620361328125,220.321533203125,200.60565185546875,0.7867956757545471
1009,1414,27926,553.1480102539062,595.5528564453125,274.6923828125,488.7657470703125,0.9261147975921631
1010,1414,16548,55.903785705566406,776.393310546875,239.20104217529297,232.8018798828125,0.9087560176849365
1011,1414,10221,601.021484375,191.56614685058594,215.5767822265625,213.86317443847656,0.7870369553565979
1012,1414,3544,110.18060302734375,194.05535888671875,202.91940307617188,199.18914794921875,0.744050920009613
1013,1418,1900,128.87423706054688,255.78408813476562,196.37176513671875,151.14837646484375,0.895561933517456
1014,1418,16551,106.95599365234375,648.6241455078125,291.720703125,490.4403076171875,0.8902819752693176
1015,1418,31705,592.7843017578125,695.0406494140625,254.34765625,458.7470703125,0.7977786064147949
1016,142,44199,77.59716796875,176.37176513671875,250.13323974609375,224.0196533203125,0.9602213501930237
1017,142,16548,592.441650390625,156.0652313232422,232.93701171875,225.56813049316406,0.9262660145759583
1018,142,1900,582.8882446289062,866.382080078125,209.724365234375,144.05322265625,0.8214886784553528
1019,142,21026,91.87460327148438,831.5986328125,182.0439453125,180.1494140625,0.7627307176589966
1020,1420,41768,101.72341918945312,239.41567993164062,289.880615234375,264.968505859375,0.9904199242591858
1021,1420,16688,546.3699951171875,59.912353515625,267.981689453125,604.2420654296875,0.8784739971160889
1022,1420,3351,410.53692626953125,874.9019775390625,188.86376953125,191.0611572265625,0.7618412375450134
1023,1421,41768,551.849853515625,720.167724609375,300.296875,280.47705078125,0.9474458694458008
1024,1421,16688,111.48902893066406,506.043701171875,276.05528259277344,653.0003662109375,0.7759204506874084
1025,1421,3351,339.559814453125,165.6710662841797,183.560302734375,189.22633361816406,0.7478854060173035
1026,1424,35206,584.454345703125,133.64935302734375,218.913330078125,391.26983642578125,0.9048824906349182
1027,1424,27777,144.11602783203125,775.4400634765625,179.2860107421875,205.2750244140625,0.8652724027633667
1028,1424,3483,538.5189208984375,778.0049438476562,265.90966796875,225.6431884765625,0.8142062425613403
1029,1424,31885,96.69656372070312,76.4007568359375,362.65643310546875,523.00634765625,0.7692292332649231
1030,1425,35206,613.3839111328125,142.90248107910156,224.214599609375,398.67247009277344,0.9142256379127502
1031,1425,27777,177.86126708984375,813.5643310546875,175.03997802734375,197.536376953125,0.8403019905090332
1032,1425,3483,566.0282592773438,813.064208984375,263.5372314453125,219.1533203125,0.7783185839653015
1033,1425,31885,113.346435546875,96.02374267578125,375.16961669921875,529.9266967773438,0.7148320078849792
1034,1429,29345,605.9013671875,703.2427978515625,281.6527099609375,445.3017578125,0.9362882375717163
1035,1429,16548,126.38571166992188,830.6583251953125,235.16049194335938,228.399658203125,0.8771478533744812
1036,1429,10221,679.816650390625,214.5651397705078,223.69384765625,215.01853942871094,0.7235641479492188
1037,1429,3544,120.8890380859375,250.37356567382812,208.29788208007812,203.704345703125,0.5698631405830383
1038,143,44199,93.12451171875,183.73870849609375,256.53143310546875,230.03045654296875,0.969433605670929
1039,143,16548,621.264892578125,161.62136840820312,237.183837890625,226.888427734375,0.9328497052192688
1040,143,1900,610.7431640625,899.2266845703125,205.50341796875,138.1680908203125,0.7876132726669312
1041,143,21026,125.78555297851562,864.893310546875,178.74301147460938,178.1790771484375,0.7562582492828369
1042,1431,29345,578.8848876953125,665.978759765625,286.51708984375,449.83349609375,0.9243764281272888
1043,1431,16548,91.98944854736328,791.134765625,238.26689910888672,233.835205078125,0.8909800052642822
1044,1431,10221,650.916259765625,207.58885192871094,217.775634765625,215.56129455566406,0.706433117389679
1045,1431,3544,103.95471954345703,241.13754272460938,204.42516326904297,200.61572265625,0.6730445623397827
1046,1433,38162,608.5833129882812,755.0542602539062,296.103271484375,207.2474365234375,0.9683054089546204
1047,1433,32310,0.0,661.4915771484375,305.8671875,332.2958984375,0.9128825068473816
1048,1433,3351,368.77392578125,173.98968505859375,180.0626220703125,184.8389892578125,0.7954248189926147
1049,1435,13900,170.65731811523438,340.7698974609375,169.96636962890625,252.75555419921875,0.8961037993431091
1050,1435,3351,397.9346923828125,853.464599609375,189.200439453125,190.32861328125,0.8428083658218384
1051,1435,20238,589.54833984375,305.389892578125,226.05224609375,218.9642333984375,0.35102251172065735
1052,1436,13900,601.1270751953125,625.4677734375,176.343994140625,267.64794921875,0.9081265330314636
1053,1436,3351,351.182373046875,185.07217407226562,183.4329833984375,188.294921875,0.8385492563247681
1054,1436,20238,108.58682250976562,698.1516723632812,231.62933349609375,230.023193359375,0.7874404788017273
1055,1438,12247,175.3516082763672,302.3424987792969,205.75074768066406,125.8134765625,0.9176232218742371
1056,1438,6563,582.453369140625,230.156005859375,211.19677734375,338.34967041015625,0.8499457836151123
1057,1438,3544,698.3614501953125,857.252685546875,213.803466796875,213.5205078125,0.835538387298584
1058,1438,16548,206.90528869628906,841.1048583984375,243.84788513183594,239.114501953125,0.7321584820747375
1059,1439,16548,513.9801025390625,179.11618041992188,232.051025390625,227.43731689453125,0.8999864459037781
1060,1439,6563,166.4507293701172,671.4090576171875,219.01197814941406,366.16650390625,0.8970674872398376
1061,1439,12247,592.4212646484375,849.2140502929688,211.5703125,126.386962890625,0.8822022676467896
1062,1439,3544,72.02255249023438,200.3140106201172,203.56033325195312,199.36524963378906,0.8364418745040894
1063,1441,27733,92.9105224609375,733.6883544921875,319.72711181640625,278.68505859375,0.9169036149978638
1064,1441,3483,579.3975219726562,760.1383056640625,274.9014892578125,209.63134765625,0.8844831585884094
1065,1441,22347,118.05438232421875,174.49024963378906,202.21551513671875,191.77110290527344,0.8321661353111267
1066,1441,36637,591.7620849609375,204.33810424804688,254.266845703125,167.696044921875,0.8030796647071838
1067,1442,27733,128.078369140625,777.539306640625,314.5228271484375,274.118408203125,0.9019997119903564
1068,1442,3483,608.4356689453125,791.8096923828125,273.1475830078125,210.66015625,0.8622087836265564
1069,1442,22347,134.36776733398438,178.28656005859375,205.57546997070312,197.964111328125,0.8435295820236206
1070,1442,36637,621.0933227539062,208.31869506835938,260.5213623046875,169.66937255859375,0.7596327662467957
1071,1444,4378,135.9656982421875,107.4415283203125,220.52276611328125,435.1168212890625,0.8724773526191711
1072,1444,23223,518.9986572265625,628.6024169921875,299.3017578125,509.4595947265625,0.8442584872245789
1073,1444,2483,97.81096649169922,689.1982421875,207.42743682861328,492.997314453125,0.7849385142326355
1074,1444,3743,484.81451416015625,149.31280517578125,315.243408203125,305.0655517578125,0.7211325764656067
1075,1446,23223,120.23731994628906,64.95780944824219,296.06736755371094,511.10487365722656,0.9549075365066528
1076,1446,2483,634.29736328125,27.98431396484375,196.61376953125,488.56671142578125,0.8157271146774292
1077,1446,4378,587.7646484375,700.9522705078125,225.37744140625,453.053955078125,0.808042049407959
1078,1446,3743,130.08680725097656,803.2813720703125,324.91465759277344,319.3331298828125,0.7015727162361145
1079,1447,16548,45.38623046875,791.1942138671875,240.20419311523438,235.29833984375,0.9330196380615234
1080,1447,10221,628.8407592773438,192.15045166015625,217.1871337890625,214.561279296875,0.7831874489784241
1081,1447,3544,103.94066619873047,179.9447021484375,203.16394805908203,199.10589599609375,0.7400352954864502
1082,1447,29451,468.0211181640625,765.9249267578125,410.5218505859375,249.26806640625,0.46208664774894714
1083,1449,16548,80.11963653564453,831.6689453125,236.47588348388672,228.73876953125,0.9174953103065491
1084,1449,10221,657.777099609375,198.73040771484375,222.5302734375,214.4422607421875,0.7616271376609802
1085,1449,3544,118.15451049804688,184.25144958496094,209.48388671875,201.41944885253906,0.6736528873443604
1086,1449,29451,498.6317138671875,806.0675048828125,404.427490234375,236.6258544921875,0.31330054998397827
1087,1450,13395,587.6839599609375,712.157958984375,239.64599609375,505.197998046875,0.9466021060943604
1088,1450,2483,603.1729736328125,42.80865478515625,212.139404296875,488.07440185546875,0.8450919389724731
1089,1450,25438,124.1839599609375,810.576904296875,255.02154541015625,256.700927734375,0.8172203302383423
1090,1450,12778,119.4652099609375,58.72674560546875,282.49395751953125,529.7827758789062,0.8115075826644897
1091,1452,13395,601.9698486328125,710.886474609375,233.26025390625,523.18896484375,0.927918016910553
1092,1452,25438,126.85780334472656,824.4512939453125,259.01902770996094,265.3297119140625,0.8201178312301636
1093,1452,2483,597.1820678710938,81.29780578613281,205.76123046875,475.48399353027344,0.8142517805099487
1094,1452,12778,120.49725341796875,93.09405517578125,283.5296630859375,532.1358032226562,0.7940483093261719
1095,1453,18357,47.17413330078125,308.736572265625,282.281494140625,333.30078125,0.9296322464942932
1096,1453,3351,457.6183776855469,907.4813232421875,190.87234497070312,191.80419921875,0.7745499014854431
1097,1453,16688,480.3523864746094,116.77716064453125,424.3049621582031,531.6566162109375,0.5682012438774109
1098,1455,3351,333.4193115234375,191.53880310058594,183.7607421875,183.94117736816406,0.8408798575401306
1099,1455,18357,651.160400390625,646.6687622070312,285.154296875,346.2718505859375,0.7460761070251465
1100,1455,16688,67.15132141113281,636.288330078125,440.47520446777344,575.1092529296875,0.7096129655838013
1101,1458,4378,638.8160400390625,702.88134765625,227.47021484375,458.347412109375,0.971707820892334
1102,1458,23223,72.29080200195312,164.39463806152344,303.027099609375,506.93605041503906,0.9374570846557617
1103,1458,2483,614.1824951171875,65.5670166015625,239.705322265625,474.340576171875,0.8353071808815002
1104,1458,25438,109.8979721069336,829.27685546875,254.79694366455078,255.466796875,0.8214355111122131
1105,1459,5094,108.16717529296875,810.0284423828125,283.18133544921875,287.471923828125,0.8409877419471741
1106,1459,2483,622.2005615234375,67.11468505859375,226.24609375,471.819580078125,0.83652663230896
1107,1459,12081,651.1359252929688,693.31884765625,241.915771484375,467.3997802734375,0.6869320273399353
1108,1459,22627,77.20443725585938,187.52880859375,309.0825500488281,476.1820068359375,0.45210736989974976
1109,146,16232,153.30511474609375,828.01806640625,191.3350830078125,193.24658203125,0.9072266817092896
1110,146,3483,172.7569580078125,276.0257568359375,259.717529296875,218.823486328125,0.8622013926506042
1111,146,27777,637.7982788085938,293.36273193359375,175.343994140625,194.91156005859375,0.8057835698127747
1112,146,31885,556.1903076171875,672.8804931640625,402.6708984375,527.138427734375,0.5582221150398254
1113,1460,2483,53.54084014892578,696.7841796875,255.61992645263672,480.91943359375,0.8316296935081482
1114,1460,5094,551.8056030273438,190.8419647216797,269.3876953125,267.97877502441406,0.8016985654830933
1115,1460,12081,70.2386245727539,127.31382751464844,227.88860321044922,432.19129943847656,0.653488278388977
1116,1460,22627,549.6424560546875,575.379150390625,312.026123046875,481.589599609375,0.37799909710884094
1117,1461,2483,626.58251953125,32.168975830078125,246.75341796875,478.31573486328125,0.8431627750396729
1118,1461,5094,106.01031494140625,801.384521484375,279.0557861328125,273.41796875,0.8304837942123413
1119,1461,12081,642.6715698242188,688.8817138671875,233.8084716796875,449.9990234375,0.6359760761260986
1120,1461,22627,72.91384887695312,155.6854248046875,312.2874450683594,475.9730224609375,0.5732970237731934
1121,1462,20238,133.82057189941406,868.9951171875,230.40196228027344,225.9317626953125,0.851158618927002
1122,1462,25367,524.51806640625,672.103515625,427.575439453125,469.196044921875,0.8207843899726868
1123,1462,3483,130.70294189453125,288.008544921875,276.14923095703125,173.2159423828125,0.8153398633003235
1124,1462,27653,669.1148681640625,254.59335327148438,221.4609375,200.347900390625,0.7873198986053467
1125,1463,25367,59.5341796875,119.4588623046875,419.749755859375,454.9212646484375,0.8497904539108276
1126,1463,20238,622.7779541015625,176.7232666015625,225.543701171875,217.45770263671875,0.8369082808494568
1127,1463,3483,587.7116088867188,845.0244140625,284.407958984375,166.6455078125,0.7821107506752014
1128,1463,27653,97.066650390625,853.057373046875,221.74252319335938,207.0279541015625,0.6233746409416199
1129,1464,20238,594.8006591796875,174.92898559570312,219.581298828125,213.170654296875,0.8270195126533508
1130,1464,25367,45.18743896484375,106.3468017578125,408.8934326171875,447.070068359375,0.8032593727111816
1131,1464,3483,560.2623291015625,811.288330078125,285.9736328125,175.3074951171875,0.787278413772583
1132,1464,27653,62.82683563232422,811.0103149414062,223.74616241455078,211.5767822265625,0.6461739540100098
1133,1466,22347,106.27159881591797,179.6578369140625,201.48297882080078,193.4732666015625,0.8820697069168091
1134,1466,16262,594.4600219726562,177.5343017578125,235.4405517578125,228.6285400390625,0.8250696063041687
1135,1466,3483,559.2589111328125,811.4994506835938,286.15234375,174.8994140625,0.7858218550682068
1136,1466,27653,61.37561798095703,810.41552734375,224.74944305419922,211.781494140625,0.7727661728858948
1137,1473,19607,152.15057373046875,218.30645751953125,157.3243408203125,152.74102783203125,0.9640360474586487
1138,1473,16551,575.9237060546875,89.53778076171875,284.41357421875,481.42901611328125,0.8905684351921082
1139,1473,1900,616.0948486328125,860.7406005859375,201.52294921875,159.038818359375,0.8160155415534973
1140,1473,21026,126.04052734375,864.6937255859375,178.67684936523438,178.556884765625,0.7579488754272461
1141,1474,3483,609.447998046875,790.10546875,273.5081787109375,211.188720703125,0.8622626066207886
1142,1474,36637,620.848388671875,207.6033477783203,258.767333984375,169.96714782714844,0.8296180963516235
1143,1474,34597,66.3857421875,99.82533264160156,441.79730224609375,428.16685485839844,0.8153480887413025
1144,1474,27733,125.56155395507812,767.116455078125,313.25390625,277.1171875,0.7977286577224731
1145,1476,3483,580.7527465820312,758.6268310546875,274.5677490234375,209.100341796875,0.8864495158195496
1146,1476,27733,88.2008056640625,726.9306640625,319.46453857421875,281.402587890625,0.8746073246002197
1147,1476,36637,592.3148193359375,203.82102966308594,252.6796875,168.18690490722656,0.8562617301940918
1148,1476,34597,53.320556640625,69.60528564453125,431.22021484375,436.85858154296875,0.7960570454597473
1149,1477,18357,356.97283935546875,677.074462890625,253.4552001953125,376.978759765625,0.9235482215881348
1150,1477,3351,651.9666748046875,287.8997802734375,182.060791015625,184.319580078125,0.7747999429702759
1151,1477,36637,89.49441528320312,231.99436950683594,238.90975952148438,211.57264709472656,0.4764693081378937
1152,148,19232,503.66192626953125,239.138916015625,328.4425048828125,254.2742919921875,0.8871644139289856
1153,148,20238,121.44168090820312,298.66339111328125,225.8482666015625,219.9930419921875,0.8103196620941162
1154,148,3351,401.71148681640625,850.144287109375,190.203125,190.7435302734375,0.8092347383499146
1155,1480,3544,642.1864013671875,876.661376953125,215.449951171875,213.36328125,0.8960350155830383
1156,1480,10221,159.1474609375,260.7413330078125,219.36163330078125,214.285888671875,0.8535827398300171
1157,1480,6563,591.554931640625,239.56646728515625,213.19140625,338.62835693359375,0.8306774497032166
1158,1480,16548,172.91659545898438,833.4827880859375,241.09783935546875,237.22412109375,0.8140356540679932
1159,1483,3483,150.6529541015625,218.76220703125,246.61895751953125,221.1065673828125,0.8736953139305115
1160,1483,28763,631.5543212890625,897.78662109375,222.30224609375,213.2703857421875,0.8418294191360474
1161,1483,35206,108.698486328125,775.9613037109375,301.346435546875,390.685546875,0.7889776825904846
1162,1483,19861,638.4903564453125,276.84515380859375,219.1158447265625,171.38720703125,0.645186722278595
1163,1485,3483,601.6474609375,866.81591796875,257.89697265625,229.163330078125,0.8581216931343079
1164,1485,28763,147.7576141357422,167.9730224609375,211.92689514160156,203.39996337890625,0.8266122937202454
1165,1485,19861,125.70071411132812,865.5443115234375,221.332763671875,168.40234375,0.7517051100730896
1166,1485,35206,583.8450927734375,97.3914794921875,287.0718994140625,375.36322021484375,0.712993323802948
1167,1488,21325,210.1234588623047,825.1339111328125,205.11183166503906,199.71875,0.8479883670806885
1168,1488,3351,392.21563720703125,206.18115234375,183.63714599609375,184.5533447265625,0.8273942470550537
1169,1488,31863,626.759033203125,830.8768310546875,206.863525390625,205.6778564453125,0.7902880907058716
1170,1489,3351,402.06463623046875,850.8355712890625,189.3936767578125,191.265625,0.8301961421966553
1171,1489,20014,537.5111083984375,287.48980712890625,340.6324462890625,320.98095703125,0.7860507369041443
1172,149,19232,93.93873596191406,697.04443359375,341.52903747558594,268.347412109375,0.9156733155250549
1173,149,20238,595.0633544921875,710.589111328125,230.0467529296875,228.263427734375,0.8143211603164673
1174,149,3351,346.68096923828125,188.6717529296875,183.5380859375,189.13153076171875,0.8097208738327026
1175,1492,3351,379.11566162109375,904.2047119140625,189.47674560546875,191.716064453125,0.8104416728019714
1176,1492,21325,185.35223388671875,276.17694091796875,161.44757080078125,231.6212158203125,0.6699854731559753
1177,1492,18147,528.1932373046875,298.3858642578125,342.2706298828125,354.01263427734375,0.46992671489715576
1178,1493,18147,59.25775146484375,544.212158203125,349.69866943359375,375.9609375,0.9135347008705139
1179,1493,3351,367.90771484375,136.19842529296875,184.3182373046875,190.02349853515625,0.8577380776405334
1180,1493,21325,599.5166015625,720.6112060546875,158.26416015625,240.307373046875,0.7985349297523499
1181,1497,3483,566.7233276367188,841.958984375,259.1846923828125,230.325439453125,0.8787440657615662
1182,1497,19861,84.2119140625,826.4638061523438,226.09710693359375,176.4764404296875,0.8174771666526794
1183,1497,29667,611.2789306640625,198.68858337402344,218.518310546875,214.93238830566406,0.7840893864631653
1184,1497,34597,60.767822265625,56.7928466796875,299.4492492675781,503.3128662109375,0.6619704961776733
1185,15,33880,51.38340759277344,783.1419677734375,443.64942932128906,278.08837890625,0.955524206161499
1186,15,3351,360.4639892578125,247.40444946289062,184.08740234375,183.0367431640625,0.8407517075538635
1187,15,16232,644.1798706054688,795.482666015625,193.5352783203125,192.523193359375,0.321102112531662
1188,150,19232,139.0126190185547,799.882080078125,334.80934143066406,265.660400390625,0.9004767537117004
1189,150,3351,388.864501953125,250.8229522705078,183.76409912109375,183.07957458496094,0.8166369795799255
1190,150,20238,633.9560546875,800.9151611328125,226.5595703125,223.9261474609375,0.770568311214447
1191,1500,38162,197.06890869140625,732.7303466796875,186.7877197265625,300.630615234375,0.9604210257530212
1192,1500,41768,572.484619140625,858.7557373046875,348.24951171875,181.731689453125,0.8262384533882141
1193,1500,3351,351.489501953125,237.46456909179688,184.17022705078125,183.3251953125,0.8214578032493591
1194,151,29451,510.5306396484375,241.70733642578125,409.5128173828125,223.07318115234375,0.870998203754425
1195,151,33208,185.48985290527344,267.585205078125,204.58607482910156,195.9412841796875,0.8223341107368469
1196,151,1900,643.2578125,845.555419921875,190.58935546875,189.03759765625,0.7858072519302368
1197,151,16548,98.21842193603516,818.678466796875,240.61058807373047,235.9326171875,0.7645633816719055
1198,152,16548,619.9636840820312,204.87030029296875,231.4781494140625,225.3565673828125,0.9388238787651062
1199,152,29451,31.73516845703125,799.947021484375,425.878662109375,227.97216796875,0.8939946293830872
1200,152,33208,583.137939453125,811.4449462890625,212.80859375,203.695556640625,0.8399350047111511
1201,152,1900,147.4063720703125,240.27842712402344,181.93438720703125,182.12977600097656,0.6980708241462708
1202,153,16548,649.0283203125,211.95350646972656,236.8372802734375,227.73692321777344,0.9367305040359497
1203,153,29451,70.01791381835938,843.6156005859375,417.44207763671875,216.845947265625,0.8894591331481934
1204,153,1900,167.40164184570312,248.1016387939453,182.67529296875,181.61387634277344,0.8525185585021973
1205,153,33208,612.2008056640625,844.28076171875,208.95654296875,199.4898681640625,0.8206415772438049
1206,154,23223,86.52285766601562,131.143310546875,320.0216064453125,497.193115234375,0.9315418601036072
1207,154,5886,596.7152099609375,684.9456787109375,235.68896484375,491.6016845703125,0.8587274551391602
1208,154,2483,619.402587890625,51.489013671875,249.71337890625,471.48883056640625,0.7964217066764832
1209,154,5094,108.1346435546875,807.43798828125,278.0763854980469,271.8336181640625,0.6753975749015808
1210,155,23223,531.2978515625,575.8551025390625,322.21240234375,496.290283203125,0.8649355173110962
1211,155,5094,549.369140625,186.0798797607422,270.7186279296875,267.92433166503906,0.8055493831634521
1212,155,2483,71.8132095336914,690.6494140625,251.70653533935547,470.865966796875,0.7943503260612488
1213,155,5886,113.02788543701172,81.57281494140625,234.40399932861328,475.41693115234375,0.4032042622566223
1214,156,23223,91.26837158203125,163.44525146484375,320.1719970703125,496.4296875,0.8569372892379761
1215,156,2483,607.8719482421875,82.06245422363281,257.16259765625,463.48655700683594,0.8247212767601013
1216,156,5886,603.2879638671875,682.764892578125,250.9527587890625,508.80908203125,0.745593786239624
1217,156,5094,110.94607543945312,816.3338623046875,281.3817138671875,284.6064453125,0.7134446501731873
1218,157,27777,143.86578369140625,775.67529296875,179.0045166015625,205.90283203125,0.8689003586769104
1219,157,16262,576.9388427734375,187.76751708984375,234.54931640625,228.12078857421875,0.8216879367828369
1220,157,3483,538.3489990234375,780.0638427734375,266.119140625,224.95751953125,0.8155144453048706
1221,157,25367,109.05047607421875,77.37481689453125,392.1302490234375,465.72161865234375,0.7881414294242859
1222,159,27777,177.4197540283203,813.7199096679688,175.21641540527344,199.60400390625,0.8414826989173889
1223,159,16262,603.9599609375,194.6985626220703,241.6669921875,229.63059997558594,0.8091202974319458
1224,159,3483,565.3447265625,815.3157958984375,264.66455078125,219.0780029296875,0.7917662262916565
1225,159,25367,121.15338134765625,95.4644775390625,404.4505615234375,467.248046875,0.7872433662414551
1226,160,23203,210.00648498535156,315.8050537109375,135.70970153808594,137.67181396484375,0.8922377824783325
1227,160,3544,626.6218872070312,887.2357177734375,214.25634765625,213.208740234375,0.8335798382759094
1228,160,16551,574.7669067382812,263.89776611328125,291.5992431640625,469.87481689453125,0.8186686038970947
1229,160,4543,144.98974609375,915.575927734375,214.1014404296875,211.7373046875,0.781271755695343
1230,162,16551,128.8771514892578,536.190673828125,287.66087341308594,479.906494140625,0.8388605713844299
1231,162,23203,652.94140625,854.9825439453125,137.482421875,133.624267578125,0.8134037852287292
1232,162,4543,626.9392700195312,144.19003295898438,209.225341796875,203.53610229492188,0.8009316921234131
1233,162,3544,158.48391723632812,178.2089385986328,207.177001953125,200.89476013183594,0.7554210424423218
1234,163,16232,644.4463500976562,249.68963623046875,186.2236328125,182.72906494140625,0.8582321405410767
1235,163,27777,178.828125,813.2706298828125,175.9859619140625,199.35302734375,0.8105906248092651
1236,163,3483,567.244384765625,813.158203125,263.73193359375,218.7225341796875,0.7993332743644714
1237,163,28763,127.58172607421875,174.1968231201172,211.68182373046875,202.42750549316406,0.7126694321632385
1238,164,16232,153.143798828125,827.6483154296875,191.83001708984375,193.926025390625,0.9090422987937927
1239,164,28763,651.3568115234375,891.5960693359375,223.3402099609375,212.2069091796875,0.8765840530395508
1240,164,3483,172.6222686767578,275.35186767578125,260.31748962402344,219.3787841796875,0.8584842085838318
1241,164,27777,637.790283203125,292.8898620605469,175.36328125,194.57861328125,0.810723602771759
1242,165,16232,615.7237548828125,239.37318420410156,182.660400390625,182.60704040527344,0.8789576292037964
1243,165,3483,539.5565185546875,777.7596435546875,266.602783203125,225.087646484375,0.8212361931800842
1244,165,28763,111.0834732055664,169.3439178466797,207.78112030029297,196.52735900878906,0.7853289842605591
1245,165,27777,145.55126953125,775.3426513671875,179.58465576171875,205.64794921875,0.7750348448753357
1246,17,3351,298.8063049316406,166.024169921875,183.0301513671875,188.791748046875,0.7848895788192749
1247,17,41768,559.9927978515625,643.7552490234375,274.703857421875,301.2548828125,0.6234444975852966
1248,17,35206,118.60940551757812,584.386962890625,307.69964599609375,387.722900390625,0.5751765370368958
1249,170,6192,115.592041015625,159.5081787109375,310.7059326171875,522.6790771484375,0.8755276203155518
1250,170,2483,617.199951171875,69.70570373535156,236.108642578125,469.07432556152344,0.8486350178718567
1251,170,5094,107.91661071777344,809.9940185546875,283.1863555908203,287.5654296875,0.8336897492408752
1252,170,12081,650.76513671875,692.876708984375,242.4871826171875,468.40576171875,0.7024561166763306
1253,172,29667,632.4970703125,180.9010772705078,222.63818359375,213.93199157714844,0.7979462742805481
1254,172,3483,586.4382934570312,845.7579956054688,283.5111083984375,166.0782470703125,0.7797695994377136
1255,172,25367,113.02203369140625,62.8751220703125,340.1558837890625,505.0841064453125,0.6819067597389221
1256,172,27653,94.59701538085938,851.744140625,222.17807006835938,207.173828125,0.632231593132019
1257,173,29667,603.912109375,177.73849487304688,217.296875,212.70538330078125,0.8229442238807678
1258,173,3483,558.6441650390625,812.197265625,285.6357421875,174.631103515625,0.7785034775733948
1259,173,25367,100.29725646972656,47.426025390625,327.15464782714844,498.0999755859375,0.7570463418960571
1260,173,27653,60.63341522216797,810.2313232421875,224.29572296142578,211.36669921875,0.7007326483726501
1261,174,29667,125.15185546875,863.0919189453125,230.34552001953125,227.7100830078125,0.8238643407821655
1262,174,25367,547.1884765625,685.01318359375,344.788330078125,516.036865234375,0.8113595843315125
1263,174,3483,132.2861785888672,287.79315185546875,276.26588439941406,173.457275390625,0.8052982091903687
1264,174,27653,671.3314208984375,255.7548828125,221.714111328125,200.24493408203125,0.7915769815444946
1265,175,30308,121.65158081054688,94.8790283203125,279.53326416015625,479.86639404296875,0.9566304087638855
1266,175,3483,593.860595703125,872.54638671875,257.3375244140625,229.382568359375,0.8608232140541077
1267,175,29667,639.4200439453125,204.66162109375,223.668701171875,214.2288818359375,0.7953068614006042
1268,175,19861,119.11590576171875,864.367431640625,221.64804077148438,169.3089599609375,0.7303818464279175
1269,176,30308,595.5383911132812,678.2628173828125,285.837646484375,490.7900390625,0.9519953727722168
1270,176,3483,160.20098876953125,213.98822021484375,243.81878662109375,221.49859619140625,0.8819629549980164
1271,176,29667,117.31023406982422,839.6566162109375,231.78528594970703,226.7215576171875,0.8204049468040466
1272,176,19861,644.6307373046875,277.08441162109375,219.320556640625,172.0833740234375,0.6797349452972412
1273,179,20238,152.51458740234375,851.021728515625,230.745849609375,224.3739013671875,0.8673914670944214
1274,179,3483,174.08071899414062,272.8096923828125,259.19305419921875,218.77020263671875,0.8570074439048767
1275,179,27777,639.3875732421875,292.07220458984375,174.64453125,194.719970703125,0.8135345578193665
1276,179,22347,644.5576782226562,832.8974609375,213.4796142578125,207.7298583984375,0.8054289221763611
1277,180,22347,123.95877075195312,229.0789337158203,202.62799072265625,194.66429138183594,0.8343360424041748
1278,180,20238,577.6387939453125,190.85511779785156,220.82080078125,212.90940856933594,0.830129086971283
1279,180,27777,144.1058349609375,776.2509765625,179.44403076171875,205.9549560546875,0.8231224417686462
1280,180,3483,538.5991821289062,779.9723510742188,266.4124755859375,225.679931640625,0.8146266341209412
1281,183,3544,642.2283935546875,877.1392822265625,215.243896484375,213.339111328125,0.8994784355163574
1282,183,10221,159.34341430664062,260.8856201171875,219.84332275390625,214.4736328125,0.8631533980369568
1283,183,6563,592.38134765625,239.7764892578125,212.6300048828125,338.0233154296875,0.8389227390289307
1284,183,16551,21.18206787109375,692.732177734375,404.9752197265625,419.5245361328125,0.38378989696502686
1285,185,16548,134.16134643554688,739.013671875,239.21881103515625,234.3431396484375,0.9065884947776794
1286,185,23203,627.3743896484375,822.5584106445312,139.95849609375,138.034423828125,0.8293066620826721
1287,185,4543,599.6962890625,144.84124755859375,202.443115234375,198.68243408203125,0.8126122951507568
1288,185,3544,141.18075561523438,173.39149475097656,203.35638427734375,197.99522399902344,0.795276403427124
1289,186,16548,166.71298217773438,781.8248291015625,235.92657470703125,227.2314453125,0.9156350493431091
1290,186,23203,655.272216796875,855.0611572265625,137.406005859375,134.26513671875,0.8076728582382202
1291,186,4543,627.07958984375,144.04986572265625,209.057373046875,203.5489501953125,0.7984645366668701
1292,186,3544,158.65350341796875,178.23243713378906,206.6368408203125,202.16294860839844,0.7808170318603516
1293,189,2483,642.513427734375,116.41032409667969,203.066162109375,474.70765686035156,0.7723214626312256
1294,189,22362,619.294921875,779.185302734375,256.9697265625,429.8134765625,0.7550293207168579
1295,189,5094,137.39541625976562,857.763916015625,283.84075927734375,287.09423828125,0.6825712323188782
1296,189,12778,91.16177368164062,129.347412109375,287.77001953125,533.767333984375,0.47352856397628784
1297,19,27733,125.3052978515625,767.64990234375,314.0421142578125,277.10986328125,0.9265427589416504
1298,19,3483,611.4283447265625,788.9188232421875,271.977294921875,211.30078125,0.8615114688873291
1299,19,36637,620.5579833984375,205.56741333007812,260.653076171875,170.4349365234375,0.7605056762695312
1300,19,28763,101.32906341552734,169.73052978515625,212.53553009033203,202.63433837890625,0.7170023918151855
1301,191,16551,580.94580078125,566.47900390625,289.066650390625,488.178955078125,0.8611000180244446
1302,191,10221,93.33453369140625,788.1517333984375,224.32659912109375,220.944091796875,0.8416275382041931
1303,191,4543,641.1314697265625,153.368896484375,200.146728515625,197.0067138671875,0.8073863983154297
1304,191,3544,122.34829711914062,181.47415161132812,204.69879150390625,199.4652099609375,0.7419970631599426
1305,196,22362,82.04583740234375,119.15765380859375,256.77362060546875,388.82080078125,0.8611253499984741
1306,196,12778,534.8336181640625,513.3035888671875,282.900390625,524.968505859375,0.8129178285598755
1307,196,2483,90.7660140991211,657.565673828125,213.66358184814453,497.8310546875,0.7752193212509155
1308,196,3743,491.8894958496094,127.41041564941406,314.0700988769531,302.76463317871094,0.5900312662124634
1309,197,12778,122.40963745117188,168.234619140625,287.7603759765625,525.871337890625,0.8858991861343384
1310,197,3743,120.89862060546875,827.40771484375,324.4554443359375,320.597900390625,0.8216496109962463
1311,197,2483,635.9176025390625,63.18742370605469,200.828125,485.50477600097656,0.809404730796814
1312,197,22362,601.4227294921875,733.7437744140625,263.540771484375,405.9937744140625,0.7068281769752502
1313,198,12778,123.28070068359375,196.5482177734375,288.1259765625,528.243896484375,0.8772339820861816
1314,198,22362,611.42236328125,736.6826171875,269.76025390625,418.927001953125,0.8273174166679382
1315,198,3743,123.3212890625,837.1728515625,330.63812255859375,334.991943359375,0.7999551296234131
1316,198,2483,629.0238037109375,98.77772521972656,198.5048828125,472.62107849121094,0.7530305981636047
1317,199,27777,175.9034423828125,811.5433959960938,175.7774658203125,197.8526611328125,0.8383024334907532
1318,199,29667,630.024169921875,164.78553771972656,221.8760986328125,214.38133239746094,0.8188042044639587
1319,199,30308,38.69158935546875,116.49603271484375,405.2503967285156,401.37774658203125,0.8113835453987122
1320,199,3483,563.1083984375,814.67822265625,264.797119140625,219.161865234375,0.8022031784057617
1321,200,3483,176.86077880859375,274.081298828125,259.7952880859375,219.85009765625,0.8423490524291992
1322,200,30308,558.373779296875,735.9390869140625,414.882568359375,405.2293701171875,0.8370175957679749
1323,200,27777,640.67626953125,294.7148742675781,175.236328125,194.46319580078125,0.8270050287246704
1324,200,29667,127.37454223632812,879.6912841796875,230.4879150390625,228.186279296875,0.8146007657051086
1325,202,3483,142.94387817382812,290.47613525390625,212.0909423828125,256.7540283203125,0.8788398504257202
1326,202,22347,688.3283081054688,867.173828125,214.7252197265625,207.990966796875,0.8581337332725525
1327,202,20877,545.526123046875,292.918701171875,328.118408203125,234.76483154296875,0.8010200262069702
1328,202,16262,108.96495819091797,835.1014404296875,249.73670196533203,242.9822998046875,0.7955686450004578
1329,203,3483,623.0643310546875,720.3157958984375,210.4754638671875,270.43359375,0.871817946434021
1330,203,20877,84.59222412109375,724.1539306640625,330.0838623046875,243.7861328125,0.8623377680778503
1331,203,22347,82.656494140625,197.7098388671875,201.51226806640625,195.0595703125,0.8146520256996155
1332,203,16262,602.91796875,187.11048889160156,237.0068359375,229.01866149902344,0.8123250603675842
1333,204,20877,116.25790405273438,767.5919189453125,328.877197265625,231.8563232421875,0.8859242796897888
1334,204,3483,649.228759765625,752.1329345703125,211.0318603515625,268.3114013671875,0.8586256504058838
1335,204,22347,98.515869140625,204.49911499023438,205.51611328125,198.1141357421875,0.8001831769943237
1336,204,16262,629.7591552734375,194.02224731445312,243.328857421875,230.7926025390625,0.7443568110466003
1337,205,16548,591.91162109375,121.96566772460938,230.249755859375,224.42971801757812,0.9064687490463257
1338,205,6563,165.99456787109375,672.137451171875,219.03338623046875,366.777587890625,0.8835102915763855
1339,205,23203,622.4700927734375,849.8248291015625,139.646484375,137.7041015625,0.7884562611579895
1340,205,3544,113.53915405273438,164.42196655273438,202.25592041015625,197.91070556640625,0.7462170720100403
1341,210,29667,162.75038146972656,750.635009765625,227.94517517089844,223.2794189453125,0.9079300165176392
1342,210,3351,419.27874755859375,243.77337646484375,184.1392822265625,183.8663330078125,0.7685474753379822
1343,210,31863,596.9571533203125,875.7750244140625,205.8843994140625,205.7149658203125,0.7628230452537537
1344,212,16551,481.3203125,140.90802001953125,441.6082763671875,350.83563232421875,0.8873862624168396
1345,212,1900,622.5894165039062,888.7181396484375,207.54248046875,140.1064453125,0.8429438471794128
1346,212,21026,138.28292846679688,867.2587890625,178.96530151367188,177.26708984375,0.7341165542602539
1347,212,18110,60.4522705078125,124.17236328125,303.33526611328125,289.343994140625,0.6917672753334045
1348,213,16551,453.504638671875,126.97120666503906,432.8106689453125,345.16404724121094,0.9262343645095825
1349,213,1900,595.45556640625,856.191162109375,210.560302734375,146.19482421875,0.8487569689750671
1350,213,21026,104.48397827148438,833.2996826171875,181.27850341796875,180.757080078125,0.7521754503250122
1351,213,18110,47.384613037109375,116.4302978515625,295.6103210449219,286.68231201171875,0.5403092503547668
1352,214,33208,588.861572265625,801.66650390625,212.3876953125,203.63037109375,0.8702673316001892
1353,214,16551,569.9450073242188,53.5693359375,278.2457275390625,467.46368408203125,0.8489066958427429
1354,214,1900,140.5135498046875,240.20425415039062,200.0682373046875,127.66412353515625,0.7772973775863647
1355,214,27926,90.23321533203125,612.445068359375,272.849853515625,486.463134765625,0.4007468521595001
1356,215,33208,617.4605712890625,836.27490234375,208.49853515625,199.072021484375,0.8496132493019104
1357,215,16551,596.39501953125,61.63554382324219,286.921142578125,482.63917541503906,0.8469963073730469
1358,215,1900,156.6351318359375,249.22622680664062,204.17681884765625,126.9830322265625,0.791913628578186
1359,215,27926,127.91326904296875,661.130126953125,263.60784912109375,480.90283203125,0.5321506857872009
1360,217,3743,117.39266967773438,784.19873046875,324.55615234375,321.81103515625,0.8446643948554993
1361,217,2483,590.8001098632812,68.91374206542969,247.20751953125,479.32020568847656,0.8370486497879028
1362,217,6192,130.3782501220703,126.79547119140625,276.39854431152344,533.5861206054688,0.826310932636261
1363,217,12081,601.10205078125,709.7105712890625,233.881103515625,452.21240234375,0.627764105796814
1364,219,6192,537.6390380859375,544.041748046875,273.06103515625,534.0225830078125,0.8698920011520386
1365,219,2483,89.05889892578125,662.29150390625,260.43841552734375,477.623046875,0.7509478330612183
1366,219,12081,109.47946166992188,109.1876220703125,229.23928833007812,430.98455810546875,0.6971940994262695
1367,219,3743,495.555419921875,166.65505981445312,314.1251220703125,299.36431884765625,0.6774046421051025
1368,222,41768,603.135986328125,740.284912109375,274.004150390625,301.0609130859375,0.774073600769043
1369,222,3351,407.39727783203125,203.1162567138672,182.9434814453125,184.72389221191406,0.7591246366500854
1370,222,16262,171.4365234375,767.23583984375,244.27264404296875,239.30224609375,0.7081373333930969
1371,224,3483,602.0247802734375,845.8646240234375,277.1109619140625,187.59912109375,0.8222922682762146
1372,224,34597,106.96295166015625,78.60289001464844,364.2156982421875,491.15968322753906,0.8028930425643921
1373,224,29667,619.7705688476562,173.29779052734375,222.7991943359375,214.69775390625,0.7805123329162598
1374,224,25469,85.11274719238281,829.826416015625,344.64048767089844,298.319091796875,0.6941931843757629
1375,225,3483,127.5048828125,271.59930419921875,269.51617431640625,189.38037109375,0.866692304611206
1376,225,29667,138.68414306640625,870.7109375,229.74078369140625,228.56787109375,0.7569928765296936
1377,225,34597,529.0516967773438,660.7320556640625,374.0235595703125,513.2266845703125,0.6652083992958069
1378,225,25469,575.861328125,190.79013061523438,332.45751953125,284.2100830078125,0.6008028984069824
1379,226,22347,108.80801391601562,229.00860595703125,205.80740356445312,198.73291015625,0.8782547116279602
1380,226,3483,601.5601806640625,867.5377197265625,258.1708984375,229.205810546875,0.8613907098770142
1381,226,20238,645.4383544921875,188.3153076171875,225.103515625,216.92938232421875,0.8286723494529724
1382,226,19861,125.72998046875,865.843505859375,221.45819091796875,168.198974609375,0.7668938040733337
1383,229,5886,98.72138214111328,66.44268798828125,242.89275360107422,479.43804931640625,0.890020489692688
1384,229,2483,53.44818115234375,682.0343017578125,282.0346984863281,455.744873046875,0.8204751014709473
1385,229,23223,495.6048583984375,658.103759765625,404.3021240234375,450.07861328125,0.7748398780822754
1386,229,3743,537.6224365234375,151.9109649658203,314.6104736328125,304.31040954589844,0.7441965341567993
1387,23,16262,594.635009765625,178.050048828125,234.7138671875,228.5438232421875,0.8097566962242126
1388,23,25367,21.54010009765625,90.3109130859375,415.358642578125,437.488037109375,0.7826108932495117
1389,23,3483,558.9981079101562,811.7674560546875,285.8004150390625,174.99169921875,0.7819954752922058
1390,23,27653,61.673248291015625,810.40966796875,224.08612060546875,211.065673828125,0.6906347274780273
1391,231,5886,612.0927124023438,693.486083984375,237.8631591796875,513.605224609375,0.8537646532058716
1392,231,2483,599.0013427734375,111.8685302734375,283.9974365234375,446.115966796875,0.8218838572502136
1393,231,23223,53.91368103027344,129.12652587890625,394.80860900878906,450.3016357421875,0.8090407848358154
1394,231,3743,73.64886474609375,812.3857421875,333.3517761230469,330.8311767578125,0.7410090565681458
1395,232,27733,115.7685546875,777.2308349609375,321.63714599609375,263.613037109375,0.9254588484764099
1396,232,3483,599.0715942382812,799.369140625,274.51123046875,205.6514892578125,0.8764198422431946
1397,232,22347,128.49508666992188,232.6007843017578,205.4342041015625,198.48802185058594,0.8603806495666504
1398,232,29667,677.7054443359375,188.985107421875,224.6888427734375,215.06658935546875,0.7987010478973389
1399,234,27733,80.03729248046875,732.6162109375,327.35552978515625,268.915771484375,0.9101467728614807
1400,234,22347,111.04238891601562,224.07150268554688,202.45135498046875,193.756591796875,0.8746345043182373
1401,234,3483,569.7574462890625,767.40625,277.12158203125,205.186279296875,0.8680780529975891
1402,234,29667,648.3658447265625,184.86856079101562,218.765380859375,214.0159912109375,0.8184034824371338
1403,236,28763,615.7101440429688,834.274169921875,223.36083984375,212.298828125,0.8537901639938354
1404,236,3483,131.23187255859375,287.66925048828125,276.20635986328125,173.28887939453125,0.8101041913032532
1405,236,27653,670.5662841796875,254.9095458984375,221.495361328125,200.056396484375,0.7898026704788208
1406,236,35206,104.61663818359375,684.84423828125,201.58367919921875,420.36572265625,0.7478365302085876
1407,237,35206,650.9937133789062,141.6785888671875,198.100341796875,399.83184814453125,0.889621376991272
1408,237,28763,144.3440399169922,222.76449584960938,208.93934631347656,200.62646484375,0.8565465211868286
1409,237,27653,61.81195068359375,810.9463500976562,224.27020263671875,211.6343994140625,0.7624828219413757
1410,237,3483,559.9141845703125,811.681396484375,285.801025390625,174.760986328125,0.7624405026435852
1411,238,18357,68.7030029296875,256.96527099609375,303.671142578125,301.68463134765625,0.8945269584655762
1412,238,3351,402.517822265625,834.310302734375,189.031494140625,190.30615234375,0.8518950343132019
1413,238,16262,627.7125244140625,241.5996856689453,241.695068359375,231.35887145996094,0.8383582234382629
1414,24,25367,31.801239013671875,104.24024963378906,429.6734313964844,445.20579528808594,0.8272281289100647
1415,24,3483,586.570556640625,845.2022094726562,284.123291015625,167.957763671875,0.7803406119346619
1416,24,16262,623.2584228515625,182.92282104492188,241.3896484375,230.74237060546875,0.7684811353683472
1417,24,27653,95.17809295654297,852.0523681640625,222.21607208251953,207.213623046875,0.6439260244369507
1418,241,18147,518.7578125,258.32781982421875,308.1572265625,379.05255126953125,0.9570402503013611
1419,241,3351,410.7598876953125,912.0194091796875,190.9234619140625,192.75830078125,0.822446346282959
1420,241,20238,130.86981201171875,326.560302734375,225.99835205078125,220.3052978515625,0.3856326639652252
1421,243,3351,378.9569091796875,184.6864776611328,183.799072265625,183.48704528808594,0.8176915049552917
1422,243,20238,622.3388671875,768.0703125,229.51611328125,226.1353759765625,0.7183461785316467
1423,243,18147,141.18170166015625,648.373046875,318.25421142578125,405.219482421875,0.5757396817207336
1424,244,16551,581.5333251953125,5.05328369140625,286.17529296875,480.72564697265625,0.8987708687782288
1425,244,6563,198.5742645263672,716.5294189453125,215.34303283691406,358.9949951171875,0.8768822550773621
1426,244,3544,127.39089965820312,169.34779357910156,208.47518920898438,201.05406188964844,0.7974266409873962
1427,244,23203,650.2845458984375,882.16015625,136.7353515625,133.4002685546875,0.7864620685577393
1428,247,22362,611.291748046875,737.0548095703125,269.763671875,418.6572265625,0.8338627815246582
1429,247,2483,627.3614501953125,97.829833984375,199.35693359375,472.828369140625,0.7622255086898804
1430,247,3743,122.53936767578125,837.953857421875,331.32708740234375,334.0142822265625,0.7137284874916077
1431,247,6192,56.8087158203125,131.42681884765625,339.55950927734375,503.83392333984375,0.7000057697296143
1432,248,2483,634.2718505859375,63.5079345703125,203.04345703125,485.21197509765625,0.817354142665863
1433,248,3743,120.5537109375,827.83349609375,324.94500732421875,320.4462890625,0.7360864877700806
1434,248,22362,600.4031982421875,734.1478271484375,264.525634765625,405.70263671875,0.6950591802597046
1435,248,6192,54.021575927734375,107.41505432128906,335.8421630859375,500.75071716308594,0.6155183911323547
1436,249,22362,82.47283935546875,119.29525756835938,256.6724853515625,388.17205810546875,0.878136157989502
1437,249,2483,89.30819702148438,657.444580078125,217.1107177734375,497.783203125,0.8024646639823914
1438,249,6192,555.129150390625,595.499755859375,342.1051025390625,496.27294921875,0.7906259894371033
1439,249,3743,492.3111267089844,127.62628173828125,313.9509582519531,302.486083984375,0.49210113286972046
1440,250,18357,542.1060791015625,230.5770263671875,245.908935546875,355.21954345703125,0.9579991102218628
1441,250,29667,131.486328125,207.15945434570312,223.656494140625,223.18438720703125,0.9466698169708252
1442,250,3351,377.92779541015625,848.55712890625,189.3673095703125,192.3031005859375,0.8299259543418884
1443,251,29667,587.9288330078125,794.5177001953125,232.1722412109375,232.2220458984375,0.9054980278015137
1444,251,3351,370.67181396484375,178.34237670898438,182.6455078125,188.579833984375,0.8532009720802307
1445,251,18357,138.31646728515625,594.8629150390625,250.42828369140625,373.8541259765625,0.8000410199165344
1446,252,29667,624.8599853515625,885.2950439453125,229.085693359375,224.5394287109375,0.9011744856834412
1447,252,3351,411.84564208984375,238.419677734375,182.51312255859375,182.297607421875,0.8235052227973938
1448,252,18357,181.83871459960938,689.9552001953125,247.0645751953125,373.8167724609375,0.7705010175704956
1449,253,35206,61.1376953125,258.927734375,424.36865234375,217.034423828125,0.9873907566070557
1450,253,3351,446.149169921875,848.8612060546875,190.2213134765625,191.341552734375,0.7778082489967346
1451,253,33880,456.2027893066406,252.6580352783203,431.9606628417969,293.35227966308594,0.7714097499847412
1452,256,19552,496.1768798828125,657.7779541015625,315.3492431640625,498.5413818359375,0.9147817492485046
1453,256,25438,545.1109619140625,178.79380798339844,246.8359375,252.66590881347656,0.8332229852676392
1454,256,2483,65.06641387939453,668.675537109375,210.85814666748047,485.346923828125,0.7940829396247864
1455,256,5886,111.07076263427734,83.74604797363281,234.63629913330078,477.50950622558594,0.6862384080886841
1456,259,41768,109.99398803710938,283.08465576171875,272.33758544921875,288.3555908203125,0.9787160754203796
1457,259,3351,384.0445556640625,894.750244140625,190.412841796875,192.4169921875,0.7348001003265381
1458,259,20238,606.153564453125,277.5322265625,226.3046875,222.414306640625,0.34867092967033386
1459,262,29667,603.744873046875,177.5203399658203,217.6407470703125,213.11167907714844,0.8283110857009888
1460,262,3483,558.742919921875,811.724365234375,285.2606201171875,175.346435546875,0.78980553150177
1461,262,27653,60.527130126953125,810.240478515625,224.49462890625,211.41455078125,0.7236523032188416
1462,262,34597,75.8258056640625,32.702392578125,330.361328125,496.84716796875,0.7075649499893188
1463,264,29667,125.193603515625,863.0869140625,229.94021606445312,227.5113525390625,0.8246625065803528
1464,264,3483,132.05316162109375,287.53704833984375,276.55712890625,173.6627197265625,0.8078957200050354
1465,264,27653,672.3851318359375,256.0484619140625,220.71142578125,200.003662109375,0.786395788192749
1466,264,34597,564.9359130859375,681.08203125,352.53857421875,516.65869140625,0.573920488357544
1467,265,16232,143.08221435546875,847.333740234375,195.36395263671875,191.205810546875,0.928170382976532
1468,265,25367,598.6697998046875,666.8402099609375,377.3302001953125,490.741455078125,0.8406956195831299
1469,265,3483,131.8831329345703,287.5205078125,275.70420837402344,173.5235595703125,0.8170701265335083
1470,265,27653,670.55908203125,255.3431854248047,221.408203125,200.24562072753906,0.7847457528114319
1471,266,25367,20.943267822265625,105.44178771972656,389.2586669921875,479.42015075683594,0.8279394507408142
1472,266,16232,648.1756591796875,230.5348358154297,192.3536376953125,181.50135803222656,0.8238645792007446
1473,266,3483,586.7582397460938,845.0787353515625,284.094482421875,168.739990234375,0.7771627902984619
1474,266,27653,95.46810913085938,852.1939697265625,221.54721069335938,207.3975830078125,0.6188791990280151
1475,27,13395,600.2701416015625,708.4378662109375,233.1640625,524.247314453125,0.9294285774230957
1476,27,23223,72.27618408203125,104.7042236328125,296.9440612792969,510.86712646484375,0.9194955229759216
1477,27,25438,125.54144287109375,823.78515625,258.3140869140625,264.614013671875,0.8166969418525696
1478,27,2483,603.41357421875,80.5169677734375,198.564697265625,475.729248046875,0.7701814770698547
1479,271,35206,633.159912109375,163.26568603515625,212.8575439453125,395.20745849609375,0.9094298481941223
1480,271,20877,85.7261962890625,724.0122680664062,330.1568603515625,243.4517822265625,0.8535470962524414
1481,271,3483,624.2353515625,718.232421875,210.2333984375,270.4638671875,0.844160258769989
1482,271,22347,104.43801879882812,188.24220275878906,202.17221069335938,194.53697204589844,0.8382915258407593
1483,273,3483,141.46136474609375,291.46417236328125,211.4716796875,257.69964599609375,0.8896995782852173
1484,273,35206,97.02835083007812,670.1436767578125,238.61154174804688,413.457275390625,0.8784705996513367
1485,273,22347,665.510498046875,877.24365234375,214.5328369140625,208.1400146484375,0.82221519947052
1486,273,20877,544.382568359375,293.5101318359375,328.307861328125,234.30780029296875,0.7908492684364319
1487,274,3351,419.16412353515625,889.1893310546875,190.9600830078125,193.423583984375,0.8083675503730774
1488,274,20014,580.0430908203125,257.31182861328125,340.735107421875,319.72894287109375,0.6092467904090881
1489,274,21325,206.00030517578125,326.540283203125,151.98681640625,233.3699951171875,0.3672439157962799
1490,275,3351,328.680419921875,149.40267944335938,184.45855712890625,190.624755859375,0.8532918691635132
1491,275,20014,3.552001953125,644.8807373046875,354.7008056640625,343.756103515625,0.7072009444236755
1492,275,21325,582.5885620117188,662.911376953125,153.20751953125,245.68994140625,0.4497261941432953
1493,277,3483,601.1793212890625,867.1331787109375,258.297607421875,229.0697021484375,0.8610894083976746
1494,277,36637,619.202880859375,198.70510864257812,265.17041015625,153.27569580078125,0.8260877728462219
1495,277,30308,79.06320190429688,96.46939086914062,398.029052734375,405.38433837890625,0.7876368165016174
1496,277,19861,125.779052734375,864.971923828125,220.941162109375,168.7158203125,0.7415122389793396
1497,278,3483,151.59896850585938,218.8756103515625,245.962158203125,221.22955322265625,0.8803553581237793
1498,278,30308,522.528076171875,747.28955078125,406.3634033203125,417.248046875,0.830740213394165
1499,278,36637,95.06207275390625,908.0582275390625,273.97869873046875,165.626953125,0.7175759673118591
1500,278,19861,638.5152587890625,277.289306640625,219.730712890625,170.8636474609375,0.6325668096542358
1501,28,35206,613.915283203125,142.5345458984375,224.135009765625,399.409423828125,0.916782557964325
1502,28,27777,177.72946166992188,813.1944580078125,175.47705078125,198.267822265625,0.8235675692558289
1503,28,25367,20.484039306640625,63.927734375,411.6492919921875,459.8675537109375,0.8049488067626953
1504,28,3483,566.2733154296875,812.882080078125,263.5859375,219.473388671875,0.784931480884552
1505,280,3832,436.88665771484375,274.890625,390.0218505859375,354.6907958984375,0.9716624617576599
1506,280,3351,410.03765869140625,866.96875,190.211669921875,193.3836669921875,0.8137524724006653
1507,280,22074,137.861083984375,290.8438415527344,185.89013671875,193.50067138671875,0.5567575693130493
1508,286,27777,143.74789428710938,775.7908935546875,179.108642578125,205.979736328125,0.872542679309845
1509,286,16262,576.5504150390625,188.0869140625,235.218017578125,227.36334228515625,0.8201935291290283
1510,286,3483,538.0948486328125,779.3863525390625,266.353515625,226.01708984375,0.8132814168930054
1511,286,30308,30.53228759765625,114.68707275390625,377.98114013671875,410.4559326171875,0.8121747970581055
1512,287,3483,174.66546630859375,273.02606201171875,259.3673095703125,219.2432861328125,0.8521364331245422
1513,287,16262,136.97125244140625,835.418212890625,249.67364501953125,242.9852294921875,0.8310967087745667
1514,287,27777,639.672119140625,292.642333984375,174.7044677734375,195.10791015625,0.816192626953125
1515,287,30308,573.6239624023438,704.2591552734375,394.533447265625,425.243896484375,0.7973095774650574
1516,288,27777,177.4658660888672,814.0538940429688,175.02796936035156,199.2318115234375,0.8408758640289307
1517,288,30308,42.810089111328125,131.9833984375,388.8758239746094,418.2520751953125,0.8179951906204224
1518,288,16262,604.275634765625,194.69581604003906,241.426025390625,229.38340759277344,0.8098966479301453
1519,288,3483,565.7908935546875,815.2381591796875,264.0416259765625,219.596435546875,0.790629506111145
1520,289,6192,92.64129638671875,46.7034912109375,280.25885009765625,539.8084716796875,0.8301092982292175
1521,289,2483,599.3653564453125,83.90380859375,254.6688232421875,472.1707763671875,0.819114089012146
1522,289,25438,143.1805877685547,843.9649658203125,254.75904846191406,255.02099609375,0.7991206645965576
1523,289,22362,586.4613037109375,741.0968017578125,253.794921875,413.5478515625,0.6965709924697876
1524,29,35206,585.0472412109375,133.52166748046875,218.87646484375,391.17596435546875,0.9053407907485962
1525,29,27777,144.15560913085938,775.233154296875,179.23785400390625,205.4970703125,0.874035120010376
1526,29,25367,11.5899658203125,47.74249267578125,396.7772216796875,452.61859130859375,0.832885205745697
1527,29,3483,538.36767578125,777.09765625,265.5537109375,226.4427490234375,0.8081469535827637
1528,291,22362,102.96072387695312,106.97225952148438,249.38754272460938,391.5101318359375,0.8830977082252502
1529,291,6192,575.1864013671875,613.347900390625,273.239990234375,538.2750244140625,0.8429045677185059
1530,291,25438,536.6568603515625,174.36138916015625,247.011962890625,252.66912841796875,0.8403455018997192
1531,291,2483,75.97952270507812,654.451171875,264.2523193359375,474.2109375,0.7746275067329407
1532,292,12778,540.2021484375,592.8277587890625,327.267822265625,505.263916015625,0.962870180606842
1533,292,25438,548.2877197265625,176.78292846679688,246.9044189453125,252.1263427734375,0.8348896503448486
1534,292,2483,70.90013885498047,661.97412109375,202.61255645751953,489.932861328125,0.7283031344413757
1535,292,5886,115.2698974609375,81.62208557128906,228.232177734375,477.64537048339844,0.6150110960006714
1536,295,16232,645.4505004882812,297.161376953125,190.59521484375,190.5064697265625,0.8379337787628174
1537,295,20014,127.07244873046875,193.6943359375,339.68328857421875,315.555419921875,0.8126074075698853
1538,295,3351,412.9659423828125,864.3984375,189.04248046875,191.1376953125,0.7219442129135132
1539,298,33208,158.28274536132812,235.42474365234375,203.36529541015625,195.85809326171875,0.8452444076538086
1540,298,31705,571.419677734375,173.5352783203125,247.71337890625,424.4991455078125,0.8122255802154541
1541,298,16548,161.18228149414062,775.9759521484375,238.70947265625,236.64599609375,0.8041313290596008
1542,298,1900,684.541748046875,879.1766967773438,209.0859375,130.9930419921875,0.7753309607505798
1543,299,16548,560.62109375,245.32086181640625,233.0234375,227.01800537109375,0.8951529264450073
1544,299,33208,612.3778076171875,847.240478515625,212.76220703125,205.305419921875,0.7942283153533936
1545,299,31705,140.9300079345703,641.9390869140625,247.32615661621094,457.053466796875,0.7649706602096558
1546,299,1900,87.39069366455078,259.1607666015625,201.12560272216797,126.6312255859375,0.7600358128547668
1547,3,16551,530.546875,65.19866943359375,387.44580078125,390.36322021484375,0.8965495228767395
1548,3,27926,573.093505859375,626.12109375,257.8802490234375,491.900390625,0.8786435723304749
1549,3,1900,140.57662963867188,241.764892578125,199.93557739257812,127.173828125,0.777615487575531
1550,3,24850,138.5198974609375,702.2379150390625,185.56338500976562,296.6363525390625,0.7025671601295471
1551,302,19232,95.62472534179688,634.8380126953125,283.06353759765625,326.36669921875,0.9142895936965942
1552,302,3351,310.24407958984375,159.70379638671875,185.01239013671875,189.6553955078125,0.8782933354377747
1553,302,36637,571.1654052734375,711.25,235.374755859375,229.8907470703125,0.7909696698188782
1554,304,4378,595.8831787109375,703.67236328125,233.488525390625,465.604248046875,0.900384247303009
1555,304,22627,106.52272033691406,144.594482421875,304.64231872558594,488.357421875,0.8521273732185364
1556,304,3743,132.83958435058594,813.181640625,330.30421447753906,331.710693359375,0.6824737191200256
1557,304,2483,621.837646484375,70.51458740234375,194.163818359375,470.1396484375,0.6347250938415527
1558,308,41768,560.4541015625,602.1152954101562,277.5997314453125,300.016845703125,0.909619927406311
1559,308,3351,290.54248046875,205.86871337890625,183.50115966796875,188.7825927734375,0.866782546043396
1560,308,36637,118.00959014892578,710.329833984375,190.23967742919922,262.409423828125,0.8133876919746399
1561,31,6563,197.53724670410156,715.9261474609375,215.61985778808594,358.71044921875,0.8764105439186096
1562,31,16551,589.9962158203125,48.9493408203125,290.46484375,481.39434814453125,0.8667786121368408
1563,31,3544,111.8067626953125,240.04010009765625,207.84487915039062,201.51312255859375,0.7772042751312256
1564,31,12420,655.2276611328125,848.3519287109375,185.1640625,180.343017578125,0.26177316904067993
1565,310,12247,617.1199951171875,322.020263671875,176.6822509765625,182.7899169921875,0.9671667814254761
1566,310,3544,653.795166015625,891.2021484375,215.336669921875,213.1353759765625,0.8454596400260925
1567,310,16551,103.6719970703125,145.1132049560547,316.0438232421875,449.06202697753906,0.736060619354248
1568,310,4543,139.2294921875,866.756591796875,213.8759765625,211.3822021484375,0.7242717146873474
1569,313,3483,620.7724609375,722.356201171875,210.856689453125,270.168701171875,0.8769175410270691
1570,313,20877,38.94781494140625,753.9700927734375,325.94305419921875,252.11279296875,0.8638584613800049
1571,313,34597,18.65753173828125,21.777191162109375,446.0924072265625,410.3061828613281,0.8293577432632446
1572,313,29667,595.9620361328125,180.52337646484375,218.58056640625,216.8543701171875,0.804617702960968
1573,315,34597,508.742431640625,783.5562744140625,467.257568359375,424.3704833984375,0.901080310344696
1574,315,3483,144.12344360351562,288.637939453125,213.655029296875,255.7081298828125,0.8574956655502319
1575,315,20877,593.2620239257812,258.76654052734375,324.84521484375,244.007080078125,0.8448846340179443
1576,315,29667,134.3202362060547,859.1646728515625,228.41188049316406,226.36279296875,0.7853838801383972
1577,316,16548,167.43496704101562,790.4503173828125,235.2333984375,228.355224609375,0.9270147085189819
1578,316,3544,126.74542236328125,235.07542419433594,207.1181640625,201.19776916503906,0.8223264217376709
1579,316,10221,634.12158203125,198.4976806640625,222.546875,216.38232421875,0.8189088106155396
1580,316,33009,564.0396728515625,811.0680541992188,371.3956298828125,208.507568359375,0.5667998790740967
1581,317,10221,125.80841064453125,845.3912353515625,229.54080200195312,224.8056640625,0.872855544090271
1582,317,3544,658.5220336914062,832.39404296875,214.431884765625,211.4539794921875,0.8526296615600586
1583,317,33009,78.07989501953125,267.70989990234375,361.03173828125,220.27294921875,0.7867578864097595
1584,317,16548,592.207275390625,283.1324462890625,232.04150390625,224.0653076171875,0.7529181241989136
1585,32,12420,165.81875610351562,277.80889892578125,182.54742431640625,180.0673828125,0.9831542372703552
1586,32,16551,105.47811889648438,704.55224609375,297.4552001953125,497.2501220703125,0.8478437662124634
1587,32,6563,583.220703125,229.85333251953125,211.26171875,338.233642578125,0.8458657264709473
1588,32,3544,674.5020751953125,827.693603515625,214.11767578125,211.5753173828125,0.8336300849914551
1589,320,35206,633.1697998046875,163.59983825683594,212.9700927734375,394.95216369628906,0.9100625514984131
1590,320,20877,86.28849792480469,724.4747314453125,330.68470764160156,241.851318359375,0.8528712391853333
1591,320,3483,624.505126953125,717.8740234375,210.1080322265625,270.29736328125,0.8450730443000793
1592,320,28763,136.5340576171875,195.98480224609375,207.33364868164062,199.4481201171875,0.813718855381012
1593,323,22347,653.932373046875,876.060302734375,216.07421875,209.0931396484375,0.8466100096702576
1594,323,3483,130.96649169921875,287.5765380859375,276.01470947265625,172.8704833984375,0.8137639164924622
1595,323,27653,670.4183349609375,254.51332092285156,221.1644287109375,199.88536071777344,0.7881593108177185
1596,323,36637,150.30450439453125,802.1156005859375,195.48419189453125,254.3294677734375,0.787350594997406
1597,324,36637,643.122314453125,208.43634033203125,190.48974609375,247.14971923828125,0.9250710606575012
1598,324,22347,131.48016357421875,194.5946807861328,204.9990234375,196.86460876464844,0.8404979109764099
1599,324,3483,587.65283203125,845.756591796875,283.6279296875,166.457275390625,0.7778339982032776
1600,324,27653,95.88113403320312,853.2303466796875,222.017578125,206.8646240234375,0.6592715382575989
1601,325,3483,174.87493896484375,272.779296875,259.53497314453125,219.9613037109375,0.8532600998878479
1602,325,16262,137.01226806640625,835.595947265625,250.0545654296875,242.564208984375,0.8161246180534363
1603,325,27777,639.6246337890625,292.9335021972656,174.8681640625,194.67303466796875,0.8021562695503235
1604,325,31885,511.121337890625,703.012939453125,404.244873046875,527.7117919921875,0.5892148613929749
1605,327,27777,177.34304809570312,813.7808227539062,175.0318603515625,199.45458984375,0.82936030626297
1606,327,31885,91.64207458496094,23.833984375,410.49586486816406,517.517578125,0.8212887644767761
1607,327,16262,604.052490234375,194.36865234375,241.405517578125,229.9783935546875,0.8089759349822998
1608,327,3483,565.1533203125,814.9365234375,264.8250732421875,219.416015625,0.7938212752342224
1609,328,27733,559.7054443359375,257.6497802734375,301.4794921875,264.4761962890625,0.9402278065681458
1610,328,3483,121.8697509765625,307.14263916015625,272.38140869140625,199.41546630859375,0.8656944632530212
1611,328,36637,101.1175537109375,880.964599609375,266.9935302734375,179.8193359375,0.8594472408294678
1612,328,31885,517.978515625,641.5181884765625,385.20556640625,537.024169921875,0.5992279648780823
1613,332,12420,83.56981658935547,822.7294311523438,188.41699981689453,184.4488525390625,0.9756952524185181
1614,332,16551,566.1158447265625,539.0853271484375,287.773681640625,487.3123779296875,0.8828203082084656
1615,332,3544,126.27487182617188,142.96707153320312,202.50833129882812,196.77276611328125,0.8194350004196167
1616,332,4543,589.2529907226562,167.61209106445312,201.8099365234375,198.1162109375,0.7907801866531372
1617,334,16232,627.191162109375,220.6122283935547,188.050048828125,184.21205139160156,0.8783594965934753
1618,334,3483,624.640380859375,719.1202392578125,210.342529296875,270.36279296875,0.8702654838562012
1619,334,20877,86.45819091796875,724.6923828125,330.3173828125,241.768798828125,0.8540137410163879
1620,334,22347,146.23794555664062,223.5506591796875,201.47003173828125,195.23370361328125,0.7996791005134583
1621,335,16232,135.51303100585938,847.7529296875,194.58013916015625,191.051025390625,0.9402774572372437
1622,335,3483,141.6190185546875,291.2666015625,211.615478515625,257.502197265625,0.8904526233673096
1623,335,20877,543.979736328125,293.48699951171875,328.76904296875,234.2396240234375,0.7822145223617554
1624,335,22347,621.140625,839.644775390625,213.985107421875,207.5413818359375,0.7795215845108032
1625,336,20877,117.67279052734375,767.6485595703125,329.114501953125,231.176025390625,0.8846558928489685
1626,336,3483,650.94677734375,751.009765625,210.7645263671875,267.65283203125,0.8596997261047363
1627,336,16232,655.99072265625,231.16845703125,191.9276123046875,180.0430908203125,0.794080913066864
1628,336,22347,164.4764862060547,231.8338623046875,204.80030822753906,198.44647216796875,0.746731698513031
1629,337,3483,127.69902038574219,270.29241943359375,269.78126525878906,188.8427734375,0.8590870499610901
1630,337,22347,640.8526611328125,835.418701171875,214.0966796875,207.02783203125,0.8334452509880066
1631,337,25469,574.5303344726562,188.2532958984375,331.58447265625,285.538818359375,0.6263144016265869
1632,337,36637,131.10015869140625,829.095703125,180.58334350585938,262.487548828125,0.45681628584861755
1633,338,22347,127.50515747070312,225.59588623046875,202.3018798828125,195.43048095703125,0.8517910838127136
1634,338,3483,575.7825927734375,812.4625244140625,277.996826171875,191.504150390625,0.8319643139839172
1635,338,25469,49.330841064453125,788.4359130859375,352.8842468261719,299.353515625,0.7084307074546814
1636,338,36637,646.60205078125,168.40643310546875,166.906005859375,250.26507568359375,0.6449461579322815
1637,339,22347,144.57225036621094,235.45751953125,207.11720275878906,197.84783935546875,0.8401336073875427
1638,339,3483,601.9063720703125,846.1448974609375,277.531982421875,187.89111328125,0.8163889646530151
1639,339,36637,675.2337646484375,172.6678466796875,173.8624267578125,254.58270263671875,0.8136268854141235
1640,339,25469,85.29583740234375,829.89501953125,345.158935546875,301.8878173828125,0.7126787900924683
1641,340,27777,144.30035400390625,775.648193359375,179.099609375,206.213623046875,0.8642252087593079
1642,340,20238,577.948974609375,190.69593811035156,220.1383056640625,213.80406188964844,0.8413313031196594
1643,340,34597,40.88568115234375,81.02178955078125,386.99615478515625,472.37628173828125,0.8260310292243958
1644,340,3483,539.19921875,780.1861572265625,266.032958984375,226.71240234375,0.8047047853469849
1645,341,34597,53.072021484375,112.7039794921875,399.7073974609375,464.41680908203125,0.8621562719345093
1646,341,27777,178.2687530517578,814.1361083984375,174.83738708496094,199.955810546875,0.8487209677696228
1647,341,20238,605.6996459960938,196.28955078125,224.7562255859375,215.314697265625,0.8361095786094666
1648,341,3483,566.3544311523438,815.3154296875,264.1153564453125,218.81005859375,0.8012816309928894
1649,344,16262,604.2384643554688,194.68353271484375,242.109130859375,229.3096923828125,0.8166611194610596
1650,344,27777,177.21835327148438,813.8681030273438,175.646484375,199.840087890625,0.8034560084342957
1651,344,3483,565.5045776367188,815.0029296875,264.5618896484375,219.5428466796875,0.7887289524078369
1652,344,28763,156.59304809570312,193.92518615722656,208.98040771484375,201.07945251464844,0.7567413449287415
1653,345,16262,576.5224609375,187.60667419433594,236.07421875,227.51832580566406,0.8243829607963562
1654,345,3483,538.7474365234375,780.1195068359375,265.6279296875,226.571533203125,0.8135949969291687
1655,345,28763,138.60079956054688,186.1220703125,207.6065673828125,199.55078125,0.8037328720092773
1656,345,27777,143.93472290039062,776.28271484375,179.45660400390625,205.7452392578125,0.7943369150161743
1657,346,16232,644.59375,250.22171020507812,185.547607421875,182.78656005859375,0.8676942586898804
1658,346,27777,179.02134704589844,813.0474853515625,175.42897033691406,199.06591796875,0.8272944092750549
1659,346,3483,567.6634521484375,813.5213623046875,263.755615234375,219.079833984375,0.7946857213973999
1660,346,25367,138.32302856445312,48.74066162109375,339.21588134765625,508.42706298828125,0.721828818321228
1661,347,16232,616.09716796875,240.0089111328125,181.366943359375,183.10784912109375,0.8738651275634766
1662,347,27777,145.495361328125,774.9509887695312,179.3055419921875,206.066650390625,0.8612539172172546
1663,347,3483,539.81298828125,777.6278076171875,265.9013671875,225.37646484375,0.8124000430107117
1664,347,25367,126.81472778320312,36.40185546875,326.186767578125,498.5859375,0.6265993714332581
1665,349,35206,614.0992431640625,142.229736328125,223.8953857421875,398.760986328125,0.9141840934753418
1666,349,27777,179.03921508789062,812.8343505859375,175.48614501953125,199.7960205078125,0.8278087377548218
1667,349,34597,6.42132568359375,129.9999542236328,437.0667724609375,426.20420837402344,0.8181915879249573
1668,349,3483,567.1002197265625,812.205810546875,263.6748046875,218.741943359375,0.7933204174041748
1669,352,19552,106.86750793457031,173.7568359375,331.12974548339844,488.33349609375,0.9099519848823547
1670,352,2483,642.6939086914062,116.39886474609375,204.59912109375,473.88519287109375,0.7801916599273682
1671,352,22362,620.4237060546875,778.3828125,257.176513671875,429.0576171875,0.7553443908691406
1672,352,5094,138.4922332763672,858.2928466796875,283.89076232910156,286.697509765625,0.7071487903594971
1673,355,23223,539.8746948242188,592.7918701171875,307.227783203125,504.0648193359375,0.8520641326904297
1674,355,2483,54.58856201171875,695.0341796875,253.67132568359375,483.6180419921875,0.8407123684883118
1675,355,5094,551.80322265625,190.8771514892578,269.654296875,267.69712829589844,0.8029363751411438
1676,355,12081,70.22100830078125,126.98699951171875,228.04714965820312,432.32470703125,0.5642110109329224
1677,356,23223,93.11898803710938,107.45252990722656,306.7349548339844,507.04270935058594,0.943733811378479
1678,356,2483,628.230712890625,31.596511840820312,243.274658203125,479.25840759277344,0.8453173041343689
1679,356,5094,105.9193115234375,801.21630859375,279.2118835449219,273.5601806640625,0.8213587403297424
1680,356,12081,642.6976318359375,688.869384765625,233.847900390625,450.0313720703125,0.6115542054176331
1681,359,27777,175.73162841796875,812.0550537109375,175.90301513671875,197.4935302734375,0.844758927822113
1682,359,29667,630.19189453125,164.7915496826172,221.851806640625,214.35011291503906,0.8235024213790894
1683,359,3483,563.3773193359375,814.388916015625,264.06396484375,218.876220703125,0.8071846961975098
1684,359,31885,78.75827026367188,46.54241943359375,372.66192626953125,529.4646606445312,0.7778105139732361
1685,361,16262,646.9664306640625,289.05133056640625,240.4716796875,234.706298828125,0.7545963525772095
1686,361,18147,212.27572631835938,167.3603057861328,210.2855224609375,413.08006286621094,0.7483525276184082
1687,361,3351,429.48828125,880.949951171875,189.2357177734375,191.303466796875,0.7378256320953369
1688,364,35206,102.978271484375,255.38201904296875,348.93878173828125,324.99505615234375,0.9659435153007507
1689,364,3351,407.42193603515625,854.2254638671875,190.55877685546875,195.6026611328125,0.8652769923210144
1690,364,32310,588.4405517578125,165.9236297607422,241.0673828125,342.06373596191406,0.679233729839325
1691,372,34597,14.32537841796875,142.2330322265625,451.81146240234375,414.9315185546875,0.835712194442749
1692,372,3483,602.7034912109375,845.5294189453125,277.259521484375,187.4012451171875,0.8266628980636597
1693,372,25469,47.6771240234375,856.795166015625,377.99285888671875,219.8929443359375,0.7724190354347229
1694,372,16262,574.9049682617188,195.38710021972656,241.0478515625,231.27952575683594,0.7430148720741272
1695,374,3483,647.615478515625,754.794677734375,210.487548828125,268.14453125,0.881029486656189
1696,374,20877,71.2523193359375,795.8046875,325.3533935546875,245.110107421875,0.8743646144866943
1697,374,25367,102.47190856933594,30.63824462890625,406.04627990722656,466.99835205078125,0.8378527164459229
1698,374,29667,624.543701171875,184.94757080078125,222.455322265625,215.8568115234375,0.8093445897102356
1699,379,31863,138.80929565429688,314.02130126953125,206.35076904296875,206.78155517578125,0.8658953309059143
1700,379,3351,464.7550964355469,858.27294921875,189.79519653320312,191.94287109375,0.7574108242988586
1701,379,16688,454.42950439453125,158.90904235839844,492.0008544921875,465.00746154785156,0.35141822695732117
1702,38,35206,629.521240234375,162.375244140625,207.75927734375,395.04962158203125,0.8981015682220459
1703,38,20877,86.08712768554688,723.1629638671875,329.455078125,244.081787109375,0.8786893486976624
1704,38,31885,115.41062927246094,28.469345092773438,396.44520568847656,500.11427307128906,0.8553777933120728
1705,38,3483,624.6048583984375,718.5560302734375,210.7529296875,270.632080078125,0.8499734997749329
1706,380,3351,286.76934814453125,180.4986572265625,184.207763671875,189.01837158203125,0.7971870303153992
1707,380,16688,0.0,554.8875732421875,497.858154296875,511.1436767578125,0.786889374256134
1708,380,31863,597.162109375,714.845703125,209.2464599609375,213.3165283203125,0.4897937774658203
1709,382,5886,611.0821533203125,692.202392578125,240.174072265625,516.561767578125,0.8432539105415344
1710,382,2483,599.0621337890625,111.73199462890625,284.231201171875,447.2164306640625,0.8229538202285767
1711,382,3743,73.51437377929688,812.422607421875,333.552490234375,331.193115234375,0.7101317048072815
1712,382,12778,94.36344909667969,114.60736083984375,379.83399963378906,473.27691650390625,0.32807978987693787
1713,384,5886,600.892578125,699.6793212890625,238.396728515625,493.839111328125,0.9502466320991516
1714,384,2483,611.3169555664062,77.96400451660156,277.543701171875,457.55967712402344,0.7798178791999817
1715,384,3743,73.0068359375,802.09912109375,325.9875793457031,317.7607421875,0.6792214512825012
1716,384,12778,91.58538818359375,90.38519287109375,381.3272705078125,458.12481689453125,0.2965768575668335
1717,387,20238,134.7669677734375,867.8878173828125,229.99102783203125,227.446533203125,0.8547755479812622
1718,387,3483,130.93148803710938,287.90081787109375,275.79840087890625,173.4443359375,0.8152867555618286
1719,387,27653,669.37646484375,254.70660400390625,221.1480712890625,200.347900390625,0.7891201376914978
1720,387,31885,498.7105712890625,652.5323486328125,420.8328857421875,515.539306640625,0.6584389209747314
1721,389,20877,85.8695068359375,722.8983764648438,329.3648681640625,244.6431884765625,0.8735605478286743
1722,389,3483,623.8910522460938,719.6353759765625,210.828125,270.696044921875,0.8678300976753235
1723,389,34597,26.509307861328125,125.4635009765625,443.92919921875,422.2783203125,0.8251481056213379
1724,389,16262,603.419677734375,185.9733123779297,235.942138671875,229.25245666503906,0.770164966583252
1725,390,20877,117.60818481445312,766.907958984375,328.65423583984375,231.6400146484375,0.89933842420578
1726,390,34597,41.943115234375,156.00978088378906,451.50006103515625,417.82530212402344,0.8678902387619019
1727,390,3483,650.3616943359375,751.2784423828125,210.635498046875,268.5711669921875,0.8592543601989746
1728,390,16262,630.8480224609375,193.0277557373047,241.618408203125,230.62818908691406,0.7494544982910156
1729,392,33208,657.792236328125,900.386474609375,217.487060546875,209.60986328125,0.8548195958137512
1730,392,21026,683.9656982421875,275.93548583984375,178.28857421875,172.0814208984375,0.8459667563438416
1731,392,1900,187.24542236328125,273.6806335449219,202.847900390625,137.73956298828125,0.8190315365791321
1732,392,16551,109.2589111328125,700.652587890625,298.89599609375,497.100830078125,0.760309636592865
1733,393,16551,558.7618408203125,49.15228271484375,278.267578125,467.26251220703125,0.8836733102798462
1734,393,1900,583.244873046875,866.5880126953125,209.5919189453125,143.34228515625,0.8426958322525024
1735,393,33208,110.55219268798828,161.3974609375,205.59752655029297,194.8807373046875,0.7867158055305481
1736,393,21026,92.0709228515625,832.0064697265625,182.22817993164062,179.874755859375,0.7623896598815918
1737,394,28763,605.70458984375,856.1923828125,221.819091796875,213.76025390625,0.8766918778419495
1738,394,3483,127.33135986328125,271.23736572265625,269.615478515625,188.9227294921875,0.8671099543571472
1739,394,20238,138.28509521484375,849.7437744140625,232.18524169921875,226.22998046875,0.8454496264457703
1740,394,25469,570.7395629882812,230.9898681640625,376.0775146484375,218.42364501953125,0.6898296475410461
1741,395,20238,618.100830078125,194.91574096679688,226.70458984375,218.16461181640625,0.8334401845932007
1742,395,28763,172.84228515625,208.99671936035156,211.09161376953125,201.95689392089844,0.8173701167106628
1743,395,3483,602.4052734375,846.475341796875,277.57666015625,187.609130859375,0.8140140175819397
1744,395,25469,48.0718994140625,856.29931640625,377.392822265625,219.599609375,0.7621867656707764
1745,396,28763,153.77392578125,200.2327880859375,208.52679443359375,200.21868896484375,0.8920364379882812
1746,396,3483,575.7434692382812,811.125,278.7474365234375,192.18017578125,0.8447573184967041
1747,396,20238,589.2646484375,189.9802703857422,222.250244140625,214.82435607910156,0.8247502446174622
1748,396,25469,13.96514892578125,813.4921875,381.6274719238281,220.9693603515625,0.7481072545051575
1749,4,24850,599.7562255859375,251.66867065429688,291.588623046875,165.7674560546875,0.9699011445045471
1750,4,29345,118.37577819824219,153.84466552734375,275.25367736816406,414.5396728515625,0.8912352323532104
1751,4,16551,129.92562866210938,647.4854736328125,294.65252685546875,495.441162109375,0.8124699592590332
1752,4,1900,684.7247314453125,808.783203125,129.36767578125,207.062255859375,0.7924128174781799
1753,40,3483,161.25172424316406,213.30096435546875,243.14793395996094,221.60791015625,0.8897877335548401
1754,40,31885,612.8525390625,613.4927978515625,337.194091796875,555.53662109375,0.800144612789154
1755,40,29667,118.35906982421875,837.909423828125,231.99169921875,227.1463623046875,0.7900764346122742
1756,40,19861,645.494140625,277.5589599609375,220.040283203125,171.9287109375,0.6950151324272156
1757,400,16548,604.2998046875,123.6932373046875,229.9677734375,225.91925048828125,0.9067102074623108
1758,400,1900,135.060302734375,245.24649047851562,192.82562255859375,156.31951904296875,0.894667387008667
1759,400,33208,615.1171264648438,771.638427734375,211.8441162109375,203.76123046875,0.867850124835968
1760,400,33009,13.54010009765625,773.4503784179688,365.91790771484375,238.4169921875,0.6676470637321472
1761,401,1900,641.1474609375,857.3753662109375,207.5706787109375,168.4744873046875,0.8834306597709656
1762,401,33208,153.54962158203125,296.15155029296875,204.9466552734375,195.3939208984375,0.858108401298523
1763,401,16548,109.63494873046875,897.680419921875,244.6009521484375,239.659912109375,0.8221597075462341
1764,401,33009,586.7042846679688,240.48553466796875,358.920166015625,239.59307861328125,0.7556204199790955
1765,404,18147,15.81170654296875,588.830810546875,289.19207763671875,420.0419921875,0.9697330594062805
1766,404,35206,439.8635559082031,696.4111328125,411.0641784667969,235.84423828125,0.8044185042381287
1767,404,3351,358.9659423828125,144.60467529296875,183.9169921875,189.6141357421875,0.7256505489349365
1768,404,3483,888.3895263671875,1167.1533203125,87.6104736328125,110.51513671875,0.29053619503974915
1769,409,1900,136.58441162109375,242.63803100585938,187.36431884765625,167.30975341796875,0.923762321472168
1770,409,16551,2.572113037109375,728.732177734375,473.9978332519531,323.594482421875,0.8598052263259888
1771,409,33009,519.1038818359375,792.3154296875,382.1484375,209.256103515625,0.6819286942481995
1772,41,3483,592.980224609375,873.488037109375,257.0322265625,228.794677734375,0.8623710870742798
1773,41,29667,638.3994140625,206.4829559326172,223.445556640625,213.90467834472656,0.791050374507904
1774,41,31885,54.55126953125,94.87158203125,322.97247314453125,542.4937744140625,0.7463980913162231
1775,41,19861,118.68450164794922,864.6649169921875,220.94397735595703,169.1220703125,0.7442594170570374
1776,411,1900,646.4251708984375,852.302001953125,200.458251953125,177.91943359375,0.9067604541778564
1777,411,33009,85.78842163085938,255.11514282226562,370.59149169921875,209.34588623046875,0.8276128768920898
1778,411,16551,498.3171081542969,201.86114501953125,457.2121887207031,308.798095703125,0.6785801649093628
1779,412,19552,114.60635375976562,186.66993713378906,309.5537109375,502.66465759277344,0.8605973124504089
1780,412,2483,620.7276611328125,67.9486083984375,229.042724609375,470.7186279296875,0.8520843982696533
1781,412,5094,108.40042114257812,809.675048828125,282.8795166015625,287.597412109375,0.8448252081871033
1782,412,12081,650.8594970703125,693.29150390625,242.18310546875,467.869384765625,0.6883357167243958
1783,413,19552,112.14596557617188,158.44464111328125,310.06036376953125,499.57232666015625,0.8829634785652161
1784,413,2483,626.65478515625,32.416015625,247.380126953125,478.13836669921875,0.8411226868629456
1785,413,5094,105.8045654296875,801.052001953125,278.94866943359375,274.1129150390625,0.8301979899406433
1786,413,12081,642.7802734375,688.855224609375,233.704345703125,449.891357421875,0.6329249143600464
1787,414,19552,518.8548583984375,550.4232177734375,305.506591796875,494.8946533203125,0.9102585911750793
1788,414,2483,52.601776123046875,697.06787109375,257.8676452636719,479.956787109375,0.8265702128410339
1789,414,5094,551.725830078125,190.96133422851562,269.401123046875,267.83978271484375,0.7627781629562378
1790,414,12081,70.2578125,127.33056640625,227.89297485351562,432.1844482421875,0.5874654054641724
1791,415,3483,601.6046142578125,867.868896484375,258.0703125,227.7081298828125,0.8571889400482178
1792,415,31885,95.74041748046875,93.476318359375,328.49810791015625,545.0030517578125,0.743714451789856
1793,415,19861,126.17657470703125,866.0997314453125,220.08758544921875,167.54345703125,0.7217127680778503
1794,415,16262,638.642822265625,177.86761474609375,243.331787109375,229.93914794921875,0.7121273875236511
1795,416,3483,574.08740234375,837.230224609375,260.448486328125,230.4681396484375,0.8778864741325378
1796,416,19861,91.56224822998047,827.6846923828125,225.68805694580078,175.910400390625,0.7580845952033997
1797,416,31885,77.2054443359375,71.14013671875,322.96832275390625,536.619384765625,0.7559731602668762
1798,416,16262,611.002685546875,173.40406799316406,236.061279296875,227.43333435058594,0.7475700974464417
1799,417,3483,150.6531982421875,218.86102294921875,246.54180908203125,221.26739501953125,0.8862959146499634
1800,417,16262,100.05169677734375,851.1922607421875,249.02349853515625,240.9658203125,0.7524282932281494
1801,417,31885,565.91455078125,613.407958984375,338.150634765625,558.026611328125,0.7233046889305115
1802,417,19861,638.3170166015625,277.1114501953125,219.6993408203125,171.13543701171875,0.6439905762672424
1803,419,27733,565.0830078125,261.29022216796875,301.7265625,266.2884521484375,0.9460499882698059
1804,419,25367,541.4761962890625,736.8284912109375,434.5238037109375,442.0489501953125,0.8714429140090942
1805,419,3483,122.64143371582031,306.03411865234375,271.93431091308594,200.534423828125,0.8695041537284851
1806,419,20238,112.62103271484375,854.2008056640625,232.19390869140625,227.216064453125,0.8524206876754761
1807,42,3483,565.752197265625,842.3680419921875,259.079345703125,230.247314453125,0.8748801350593567
1808,42,19861,83.6697998046875,826.5880737304688,226.10568237304688,176.567626953125,0.8221781253814697
1809,42,29667,610.30029296875,199.58056640625,218.75146484375,214.7548828125,0.7932186126708984
1810,42,31885,35.452362060546875,74.110107421875,320.247802734375,532.9637451171875,0.7076987624168396
1811,420,3483,579.5367431640625,759.20556640625,274.5673828125,211.283935546875,0.8811963796615601
1812,420,25367,3.862457275390625,74.13941955566406,430.1109924316406,421.49681091308594,0.8776277899742126
1813,420,20238,614.594970703125,186.34561157226562,221.454833984375,214.50616455078125,0.8696790933609009
1814,420,27733,87.71133422851562,727.818115234375,320.02545166015625,280.7379150390625,0.8507515788078308
1815,422,3483,153.47216796875,218.67941284179688,245.11669921875,220.04296875,0.8804714679718018
1816,422,36637,95.5537109375,906.802001953125,273.2860107421875,166.004638671875,0.7099649906158447
1817,422,34597,557.8582763671875,698.44140625,354.724609375,519.691162109375,0.6631976962089539
1818,422,19861,640.2142333984375,277.07452392578125,219.3603515625,171.81884765625,0.647992730140686
1819,423,3483,572.0552978515625,838.61328125,260.5692138671875,229.78076171875,0.8775164484977722
1820,423,36637,591.0399169921875,194.9710693359375,258.5523681640625,154.67449951171875,0.8234232664108276
1821,423,19861,89.21395874023438,826.2615966796875,226.77951049804688,176.854248046875,0.7650723457336426
1822,423,34597,81.42138671875,15.763275146484375,328.4224548339844,494.44696044921875,0.6858364343643188
1823,429,27733,129.92742919921875,776.242919921875,313.39813232421875,275.87353515625,0.8723471760749817
1824,429,3483,609.2265625,790.1295166015625,273.68798828125,210.564208984375,0.863497793674469
1825,429,34597,72.61705017089844,158.95733642578125,487.08766174316406,350.209228515625,0.8468745350837708
1826,429,29667,669.37890625,181.1865234375,223.6649169921875,213.0048828125,0.7935598492622375
1827,430,33878,618.3748779296875,793.5723876953125,166.949462890625,216.8818359375,0.9831845164299011
1828,430,16551,67.74555969238281,613.7191162109375,411.47190856933594,403.87255859375,0.9024090766906738
1829,430,4543,612.9327392578125,154.0042724609375,201.786865234375,199.2178955078125,0.7521436214447021
1830,430,3544,182.05953979492188,199.4100341796875,204.26800537109375,198.29571533203125,0.604697585105896
1831,431,33878,646.3765869140625,831.2650146484375,162.37060546875,213.304931640625,0.9848960638046265
1832,431,16551,103.14393615722656,662.44970703125,405.06150817871094,399.9935302734375,0.882199764251709
1833,431,4543,640.9027099609375,154.53695678710938,207.756103515625,202.00881958007812,0.7855273485183716
1834,431,3544,199.23583984375,206.63153076171875,209.38885498046875,201.5618896484375,0.6663810014724731
1835,432,33878,190.45431518554688,257.58392333984375,164.35821533203125,214.78076171875,0.9796267151832581
1836,432,3544,583.251220703125,858.7938232421875,215.34326171875,212.8004150390625,0.8589922189712524
1837,432,16551,493.9921875,229.68115234375,396.09521484375,384.74981689453125,0.8341472744941711
1838,432,4543,134.09088134765625,905.6326904296875,212.99755859375,211.181396484375,0.8296905755996704
1839,433,3483,579.343017578125,759.693359375,274.51123046875,210.259033203125,0.8757942914962769
1840,433,16232,620.1180419921875,179.1961669921875,186.3916015625,182.3380126953125,0.8713807463645935
1841,433,27733,87.60134887695312,727.572021484375,319.85333251953125,280.773193359375,0.8182414174079895
1842,433,30308,93.24317932128906,105.22308349609375,351.77403259277344,426.38067626953125,0.7543627023696899
1843,434,27733,565.1507568359375,261.21405029296875,301.749755859375,266.5,0.9421570897102356
1844,434,16232,141.80416870117188,891.5516357421875,196.90093994140625,194.66357421875,0.9285602569580078
1845,434,3483,122.44122314453125,306.708984375,272.059326171875,199.80999755859375,0.8646069765090942
1846,434,30308,534.7003173828125,691.4794921875,367.503173828125,450.1334228515625,0.8026212453842163
1847,435,3483,608.263427734375,791.3309326171875,273.0048828125,211.27099609375,0.8653818964958191
1848,435,16232,648.0203247070312,184.90371704101562,192.013671875,180.23291015625,0.8505465388298035
1849,435,27733,123.59727478027344,768.4246826171875,314.06556701660156,275.532958984375,0.7760738730430603
1850,435,30308,107.21928405761719,118.45697021484375,365.70399475097656,439.7220458984375,0.6905529499053955
1851,436,31885,41.07905578613281,137.19464111328125,447.27330017089844,476.6783447265625,0.8631970882415771
1852,436,3483,602.3834228515625,845.6109619140625,277.502685546875,186.986572265625,0.8328498601913452
1853,436,20238,618.6556396484375,194.94020080566406,225.6507568359375,218.61802673339844,0.8238423466682434
1854,436,25469,48.13311767578125,856.508056640625,377.07037353515625,220.0439453125,0.790906548500061
1855,44,29667,93.72772216796875,722.9890747070312,231.19509887695312,232.6160888671875,0.915786623954773
1856,44,13900,580.642333984375,672.04833984375,178.6663818359375,264.8978271484375,0.8964829444885254
1857,44,3351,370.243408203125,153.11514282226562,184.20904541015625,188.4635009765625,0.8658462166786194
1858,443,4378,76.7535400390625,96.43310546875,227.96649169921875,443.1767578125,0.9713422656059265
1859,443,22627,531.7042236328125,679.6671142578125,342.2623291015625,482.550537109375,0.8576796054840088
1860,443,2483,84.84249877929688,673.8828125,242.26290893554688,471.9647216796875,0.8229494094848633
1861,443,25438,569.6334228515625,185.6197967529297,246.33642578125,255.01454162597656,0.8153110146522522
1862,444,4378,652.2896118164062,703.408203125,220.6309814453125,474.10400390625,0.9688385128974915
1863,444,22627,75.67385864257812,73.93101501464844,333.1260986328125,481.74830627441406,0.8826577663421631
1864,444,2483,600.705810546875,99.7406005859375,250.3056640625,461.8929443359375,0.8587076663970947
1865,444,25438,111.168701171875,842.4267578125,260.8642883300781,264.7420654296875,0.8175193071365356
1866,449,34597,45.979278564453125,132.21710205078125,381.41607666015625,478.16070556640625,0.8429850339889526
1867,449,3483,586.697998046875,844.61865234375,284.4566650390625,168.247802734375,0.7839595675468445
1868,449,16262,622.510986328125,182.18341064453125,241.5650634765625,232.06231689453125,0.7647318840026855
1869,449,27653,95.88105010986328,851.826904296875,221.84978485107422,207.171142578125,0.5896499156951904
1870,452,29451,511.4981689453125,241.90020751953125,409.269775390625,223.025390625,0.874191403388977
1871,452,44199,176.0694580078125,231.66481018066406,200.5096435546875,262.83958435058594,0.7897494435310364
1872,452,1900,642.6107788085938,845.998291015625,190.8072509765625,188.6954345703125,0.7812716364860535
1873,452,16551,136.36264038085938,637.7750244140625,314.3629150390625,484.2642822265625,0.7203283309936523
1874,454,6192,501.5626220703125,592.965087890625,290.7088623046875,521.18359375,0.9774153828620911
1875,454,2483,101.13873291015625,702.7152099609375,237.86544799804688,486.291259765625,0.8579851388931274
1876,454,5094,563.6533203125,196.2235870361328,271.2139892578125,267.11790466308594,0.8462083339691162
1877,454,5886,126.62567138671875,82.6767578125,231.95660400390625,476.4473876953125,0.6674603819847107
1878,455,6192,143.341796875,92.3126220703125,298.7864990234375,516.7922973632812,0.969636082649231
1879,455,5886,584.470947265625,682.91796875,233.6044921875,489.481689453125,0.8445148468017578
1880,455,2483,603.469482421875,18.5126953125,216.750732421875,489.84600830078125,0.8195270299911499
1881,455,5094,93.80795288085938,794.4241943359375,277.30877685546875,274.6531982421875,0.660197377204895
1882,456,6192,142.99603271484375,120.6669921875,295.63372802734375,520.138671875,0.9820012450218201
1883,456,2483,597.2985229492188,63.4525146484375,207.26123046875,472.90826416015625,0.8144171833992004
1884,456,5886,591.2586669921875,681.5433349609375,247.841552734375,507.6343994140625,0.7913640141487122
1885,456,5094,95.70452880859375,806.873779296875,282.9197998046875,282.912841796875,0.7652536630630493
1886,457,13395,631.6494140625,673.6162109375,232.588134765625,503.466064453125,0.8937979936599731
1887,457,6192,114.52346801757812,158.29327392578125,275.9351806640625,532.849365234375,0.8887227773666382
1888,457,2483,640.2083740234375,64.5611572265625,215.363037109375,483.84326171875,0.8174225091934204
1889,457,5094,133.916015625,835.290283203125,277.58740234375,272.55029296875,0.5263777375221252
1890,458,6192,114.49559020996094,184.8021240234375,277.1881866455078,532.987548828125,0.9382472634315491
1891,458,2483,626.017822265625,99.74359130859375,228.4459228515625,471.03448486328125,0.8479625582695007
1892,458,13395,641.743896484375,672.0040283203125,241.8665771484375,520.738525390625,0.8464912176132202
1893,458,5094,136.1217041015625,842.7733154296875,283.53961181640625,287.1463623046875,0.6956996917724609
1894,459,6192,550.3236083984375,518.6907958984375,272.638671875,527.530029296875,0.9150664210319519
1895,459,13395,81.33174896240234,82.70745849609375,231.04022979736328,484.02117919921875,0.8258166313171387
1896,459,5094,524.5451049804688,162.79681396484375,271.51123046875,266.8182373046875,0.7663745880126953
1897,459,2483,79.20492553710938,662.86328125,217.56961059570312,485.0899658203125,0.6568261384963989
1898,46,23223,98.68197631835938,109.6820068359375,312.2642822265625,504.3123779296875,0.9304759502410889
1899,46,2483,590.914306640625,68.399169921875,247.2392578125,479.7711181640625,0.8274892568588257
1900,46,3743,118.14910888671875,785.2718505859375,324.8385009765625,320.930908203125,0.8061478137969971
1901,46,12081,603.6802978515625,709.8409423828125,230.6993408203125,452.5135498046875,0.5968563556671143
1902,460,23223,509.7852783203125,584.242431640625,291.7581787109375,505.915771484375,0.9055853486061096
1903,460,22362,81.89047241210938,119.4718017578125,256.9366149902344,388.11871337890625,0.8788249492645264
1904,460,2483,94.23059844970703,658.1790771484375,207.18938446044922,496.959228515625,0.7398077249526978
1905,460,3743,491.87384033203125,127.59744262695312,313.9892578125,302.578369140625,0.5352225303649902
1906,462,23223,133.53543090820312,147.80738830566406,295.50836181640625,508.22178649902344,0.9087018966674805
1907,462,22362,611.1785888671875,737.1845703125,270.2706298828125,418.4610595703125,0.8327237367630005
1908,462,3743,122.68724060058594,838.342041015625,332.51478576660156,334.543701171875,0.7661940455436707
1909,462,2483,630.4439086914062,100.70477294921875,202.0538330078125,470.94427490234375,0.7623910903930664
1910,463,20238,133.66712951660156,868.4683837890625,230.84239196777344,227.3197021484375,0.8701774477958679
1911,463,28763,622.646240234375,874.107421875,222.7744140625,212.7384033203125,0.8510382175445557
1912,463,3483,130.0479736328125,287.75860595703125,275.978759765625,173.151611328125,0.8112260699272156
1913,463,27653,669.1260375976562,254.3726806640625,220.7855224609375,199.56793212890625,0.784428060054779
1914,464,20238,594.29248046875,174.29295349121094,220.412841796875,212.54933166503906,0.835092306137085
1915,464,28763,137.66555786132812,184.51303100585938,208.60769653320312,199.862548828125,0.8029806017875671
1916,464,3483,560.8006591796875,811.360107421875,286.0810546875,174.480712890625,0.7988786697387695
1917,464,27653,62.658233642578125,811.4539794921875,226.48141479492188,211.5311279296875,0.7107008099555969
1918,465,20238,622.5594482421875,176.24862670898438,226.017333984375,217.23114013671875,0.8271749019622803
1919,465,28763,155.637451171875,193.36512756347656,210.5850830078125,200.03843688964844,0.7912144064903259
1920,465,3483,588.4608154296875,844.620361328125,283.844482421875,166.677490234375,0.7883137464523315
1921,465,27653,97.9658203125,853.5087890625,221.59768676757812,207.236083984375,0.6671910881996155
1922,468,23223,111.0333251953125,112.49200439453125,307.49456787109375,510.126953125,0.8893187046051025
1923,468,22362,605.068603515625,744.0682373046875,265.536376953125,424.746337890625,0.8257360458374023
1924,468,25438,156.7205047607422,872.7001953125,260.96498107910156,266.919921875,0.8017944693565369
1925,468,2483,604.3348388671875,115.12712097167969,194.466796875,471.09059143066406,0.7193154692649841
1926,469,27733,123.78849792480469,769.01025390625,314.53846740722656,276.01025390625,0.9233303666114807
1927,469,3483,609.7913818359375,791.25390625,271.7906494140625,210.7177734375,0.8524128198623657
1928,469,28763,149.948974609375,221.18202209472656,212.27349853515625,201.47361755371094,0.8463858366012573
1929,469,35206,600.033203125,125.48216247558594,257.4892578125,389.68605041503906,0.8413504958152771
1930,47,23223,525.4076538085938,590.5167236328125,310.31494140625,503.4381103515625,0.8803480863571167
1931,47,2483,88.67904663085938,662.9197998046875,260.302001953125,476.0599365234375,0.7401406168937683
1932,47,12081,109.05248260498047,109.30332946777344,229.12500762939453,430.84486389160156,0.6917420625686646
1933,47,3743,494.9316101074219,166.7222900390625,313.7109680175781,298.7996826171875,0.6320761442184448
1934,472,16548,628.2579956054688,147.33966064453125,235.7978515625,226.58880615234375,0.9304120540618896
1935,472,6563,191.4559326171875,710.6229248046875,214.33056640625,358.06005859375,0.8700258135795593
1936,472,33878,628.752685546875,851.8770751953125,224.954833984375,136.679931640625,0.7492160797119141
1937,472,3544,149.8152618408203,189.4012908935547,208.55027770996094,202.86134338378906,0.709692120552063
1938,474,33878,152.917236328125,307.7608642578125,219.783447265625,148.0673828125,0.8983257412910461
1939,474,3544,635.8809814453125,875.7493896484375,214.140625,213.82568359375,0.8512524962425232
1940,474,6563,588.2891235351562,236.57720947265625,213.474853515625,338.09637451171875,0.8110823035240173
1941,474,16548,116.59896850585938,880.3795166015625,242.70584106445312,237.7139892578125,0.8107254505157471
1942,475,13395,602.2578125,710.92138671875,233.23681640625,523.00390625,0.9241417050361633
1943,475,25438,126.78729248046875,824.50244140625,258.66522216796875,265.1033935546875,0.8250610828399658
1944,475,2483,597.0999755859375,80.79754638671875,206.2213134765625,475.7845458984375,0.8034976124763489
1945,475,19552,93.67695617675781,137.33473205566406,308.96275329589844,498.94126892089844,0.4352274537086487
1946,477,13395,587.55419921875,712.0728759765625,239.738037109375,505.3231201171875,0.9446095824241638
1947,477,2483,602.9010009765625,42.7669677734375,212.491455078125,488.624267578125,0.8504621982574463
1948,477,25438,124.15559387207031,810.5426025390625,254.51573181152344,256.67236328125,0.8145942687988281
1949,477,19552,91.55316162109375,105.69512939453125,308.94512939453125,496.42449951171875,0.6755399107933044
1950,479,36637,636.9810791015625,176.6773681640625,180.0928955078125,243.8714599609375,0.8883232474327087
1951,479,27777,144.55279541015625,774.7227172851562,179.35443115234375,205.8155517578125,0.8559942841529846
1952,479,3483,538.2354736328125,777.4835205078125,265.61181640625,226.5184326171875,0.8088028430938721
1953,479,25367,65.38934326171875,78.228271484375,373.0228271484375,477.88189697265625,0.7239524126052856
1954,481,13395,642.320556640625,672.2015380859375,240.8392333984375,520.4847412109375,0.8701118230819702
1955,481,22627,79.16912841796875,110.4403076171875,303.2337341308594,493.2254638671875,0.864922821521759
1956,481,2483,626.3941650390625,99.59223937988281,227.931884765625,471.76927185058594,0.8425086736679077
1957,481,5094,136.112060546875,844.2840576171875,283.62591552734375,286.293701171875,0.7186505198478699
1958,482,22627,554.2848510742188,633.7991943359375,311.768798828125,490.9078369140625,0.8526874780654907
1959,482,13395,81.70380401611328,82.39501953125,230.17736053466797,484.68536376953125,0.846534788608551
1960,482,5094,524.51611328125,162.77821350097656,271.413818359375,266.33189392089844,0.83277428150177
1961,482,2483,79.76483154296875,666.4708251953125,218.75616455078125,481.8861083984375,0.6550862789154053
1962,484,3351,419.8589172363281,893.5762939453125,191.25509643554688,193.433837890625,0.8008118867874146
1963,484,16688,482.5697937011719,115.0245361328125,420.4284973144531,535.39111328125,0.5328875780105591
1964,484,19232,29.835601806640625,325.00543212890625,288.73583984375,322.8214111328125,0.3105332553386688
1965,485,3351,328.72320556640625,145.908447265625,183.87725830078125,189.58184814453125,0.8241692185401917
1966,485,32310,628.0224609375,532.96142578125,289.226806640625,339.66943359375,0.6217701435089111
1967,485,16688,32.9046630859375,527.3580322265625,435.50830078125,576.4921875,0.3556245267391205
1968,486,3351,370.8133544921875,204.453369140625,183.175048828125,184.13525390625,0.8318308591842651
1969,486,32310,666.9226684570312,632.2127685546875,291.5235595703125,340.343505859375,0.6751649975776672
1970,486,16688,70.11077880859375,629.6661376953125,435.802001953125,582.7762451171875,0.6345322728157043
1971,487,3483,608.7586059570312,791.5398559570312,272.3331298828125,210.5972900390625,0.8645235896110535
1972,487,31885,95.85627746582031,48.3580322265625,410.87559509277344,510.57525634765625,0.8526871204376221
1973,487,16232,648.0311279296875,184.9495849609375,192.018310546875,180.3902587890625,0.836036741733551
1974,487,27733,123.523193359375,768.8018798828125,313.9866943359375,275.2437744140625,0.7833482027053833
1975,493,21026,683.767578125,275.7252502441406,178.5693359375,172.22503662109375,0.8503357172012329
1976,493,19607,683.929931640625,900.92333984375,161.97802734375,161.05810546875,0.8359296917915344
1977,493,1900,186.82093811035156,290.91583251953125,197.97923278808594,155.81182861328125,0.784667432308197
1978,493,16548,123.25399780273438,885.1929931640625,244.07464599609375,239.1314697265625,0.7718499898910522
1979,494,19607,135.82623291015625,212.77264404296875,153.77984619140625,150.29840087890625,0.9771421551704407
1980,494,16548,591.0948486328125,138.6767578125,231.887451171875,224.7523193359375,0.9127582311630249
1981,494,1900,588.1002197265625,827.587646484375,204.8828125,165.8900146484375,0.8304443955421448
1982,494,21026,91.97704315185547,831.7530517578125,182.07556915283203,179.971435546875,0.7566541433334351
1983,496,3832,499.96435546875,182.4710693359375,372.885498046875,364.2523193359375,0.980772852897644
1984,496,3351,395.068359375,872.01416015625,187.6763916015625,192.047607421875,0.7439995408058167
1985,496,36637,165.6681365966797,293.2557373046875,187.20729064941406,250.42333984375,0.6512831449508667
1986,497,3832,52.74200439453125,652.565673828125,389.221435546875,382.183837890625,0.9691163301467896
1987,497,3351,356.7802734375,159.81729125976562,178.41064453125,185.16290283203125,0.726570725440979
1988,497,36637,588.5592041015625,667.303466796875,194.173583984375,261.36083984375,0.5863558650016785
1989,499,25367,523.3031005859375,727.1829833984375,443.521240234375,458.208740234375,0.8764327764511108
1990,499,3483,127.26980590820312,271.11639404296875,269.40069580078125,189.31689453125,0.8658340573310852
1991,499,16262,167.869384765625,834.65185546875,248.75164794921875,241.450439453125,0.7954508066177368
1992,499,25469,570.7841796875,231.16030883789062,375.96533203125,218.8284912109375,0.6623559594154358
1993,5,24850,94.3099365234375,894.0010986328125,299.31842041015625,164.4259033203125,0.9780032634735107
1994,5,29345,614.083251953125,714.893798828125,285.518310546875,444.61328125,0.924683153629303
1995,5,1900,181.37677001953125,267.45654296875,129.38037109375,199.67156982421875,0.8392520546913147
1996,5,16551,571.922119140625,113.23773193359375,282.968017578125,479.40802001953125,0.8269215226173401
1997,500,25367,36.340179443359375,64.44549560546875,414.6351623535156,437.401123046875,0.8770983219146729
1998,500,3483,576.1566162109375,810.91259765625,278.17626953125,192.390869140625,0.8537673950195312
1999,500,16262,547.786865234375,188.218505859375,236.5135498046875,229.28253173828125,0.7810213565826416
2000,500,25469,13.883941650390625,812.84228515625,381.7178039550781,221.69140625,0.7320942282676697
2001,501,25367,45.576263427734375,78.07135009765625,432.0994873046875,443.26776123046875,0.8355772495269775
2002,501,3483,602.6978759765625,845.626708984375,276.771728515625,187.039794921875,0.8244278430938721
2003,501,25469,47.624237060546875,856.6007080078125,378.0144348144531,220.059814453125,0.7694376111030579
2004,501,16262,575.125244140625,195.28115844726562,241.035888671875,231.2266845703125,0.7493051290512085
2005,502,3483,127.239501953125,271.35638427734375,269.505126953125,188.9718017578125,0.868858277797699
2006,502,20238,138.34742736816406,849.9183349609375,232.23912048339844,226.00390625,0.8384208679199219
2007,502,30308,550.3117065429688,730.3453369140625,411.5179443359375,413.0660400390625,0.8170053958892822
2008,502,25469,570.7364501953125,231.31301879882812,375.91796875,218.62969970703125,0.6722062230110168
2009,503,3483,576.476806640625,810.95361328125,277.8427734375,192.535400390625,0.84040367603302
2010,503,20238,589.622314453125,190.2601318359375,221.152587890625,215.13427734375,0.8333518505096436
2011,503,30308,39.5865478515625,102.1722412109375,389.0941162109375,394.41802978515625,0.8286125063896179
2012,503,25469,13.78448486328125,813.025390625,381.95880126953125,221.47998046875,0.7357677221298218
2013,506,38162,534.5597534179688,630.4486083984375,197.6834716796875,306.683349609375,0.8898941874504089
2014,506,3351,353.1005859375,140.26837158203125,181.388916015625,188.3316650390625,0.8075288534164429
2015,506,31863,83.17404174804688,698.998046875,208.96755981445312,211.9775390625,0.36372435092926025
2016,507,38162,574.823974609375,727.695556640625,193.99951171875,294.911865234375,0.9034925103187561
2017,507,3351,393.63079833984375,196.75985717773438,183.585693359375,183.828125,0.7841547727584839
2018,508,3351,418.4989929199219,871.2218017578125,191.08670043945312,191.41162109375,0.801750659942627
2019,508,22074,168.5053253173828,261.535400390625,185.95518493652344,189.4912109375,0.68036949634552
2020,508,31863,168.326171875,261.26898193359375,185.43450927734375,189.14715576171875,0.5203468203544617
2021,508,18147,539.842529296875,239.67987060546875,336.7689208984375,352.70989990234375,0.5178805589675903
2022,509,18147,46.777679443359375,605.4349365234375,350.2518005371094,379.922607421875,0.9387175440788269
2023,509,3351,329.42730712890625,167.48167419433594,184.070556640625,189.04591369628906,0.8523373007774353
2024,509,22074,590.28955078125,780.5096435546875,188.447265625,192.698974609375,0.7918100953102112
2025,511,3483,153.42794799804688,218.5641632080078,245.50787353515625,220.52330017089844,0.8860400319099426
2026,511,25367,574.2273559570312,744.6431884765625,396.2513427734375,499.03857421875,0.8742820024490356
2027,511,36637,95.16989135742188,906.7164306640625,273.5290832519531,165.9124755859375,0.7103680372238159
2028,511,19861,640.2024536132812,277.13446044921875,219.6298828125,171.6083984375,0.6392145156860352
2029,515,35206,613.7525634765625,142.110595703125,224.316162109375,399.51885986328125,0.9184691309928894
2030,515,27777,178.87942504882812,813.4007568359375,175.533935546875,198.351806640625,0.8337252736091614
2031,515,30308,91.63580322265625,185.81614685058594,425.98492431640625,367.80714416503906,0.8074514269828796
2032,515,3483,567.4620361328125,812.556396484375,263.115478515625,219.0323486328125,0.7831894159317017
2033,516,35206,137.43731689453125,707.5701904296875,244.59344482421875,410.3349609375,0.9333890080451965
2034,516,3483,172.6704864501953,275.79376220703125,260.04563903808594,219.3271484375,0.8548914790153503
2035,516,27777,637.9703369140625,293.546630859375,175.32373046875,194.6339111328125,0.811890184879303
2036,516,30308,480.1590576171875,699.6787109375,436.9283447265625,373.776611328125,0.7726545333862305
2037,517,36637,643.3197021484375,208.7082977294922,189.8944091796875,247.06874084472656,0.924723207950592
2038,517,3483,586.907470703125,845.3643798828125,284.37646484375,168.2000732421875,0.778126060962677
2039,517,31885,26.81280517578125,15.78692626953125,383.457763671875,528.540771484375,0.7147196531295776
2040,517,27653,95.8164291381836,853.0089111328125,221.45154571533203,206.9822998046875,0.6431401968002319
2041,518,36637,614.643310546875,202.83230590820312,184.93603515625,242.68133544921875,0.9088639616966248
2042,518,3483,559.832763671875,812.1531982421875,285.7762451171875,174.249267578125,0.7876439094543457
2043,518,31885,16.210052490234375,3.3033447265625,368.08160400390625,516.548583984375,0.7860280275344849
2044,518,27653,62.297119140625,811.0618286132812,223.4520263671875,211.6129150390625,0.7063192129135132
2045,519,36637,151.334228515625,801.7437744140625,194.62249755859375,254.463134765625,0.8502491116523743
2046,519,3483,131.44482421875,287.6553955078125,275.91436767578125,173.252197265625,0.8111706972122192
2047,519,27653,670.65966796875,254.8889923095703,221.060302734375,199.98973083496094,0.7880306243896484
2048,519,31885,598.67822265625,698.3240966796875,377.32177734375,542.1041259765625,0.505029022693634
2049,520,28763,614.7021484375,906.2569580078125,223.0830078125,213.071533203125,0.8702279329299927
2050,520,3483,176.3194580078125,274.03558349609375,259.614990234375,219.502197265625,0.8461379408836365
2051,520,29667,127.17184448242188,879.8470458984375,230.95220947265625,228.639892578125,0.8401983380317688
2052,520,27777,640.33837890625,294.72711181640625,174.98095703125,194.2659912109375,0.8116632103919983
2053,521,3483,536.461181640625,779.104736328125,265.194580078125,224.82080078125,0.8249989748001099
2054,521,29667,601.5673828125,161.34320068359375,216.62158203125,214.4429931640625,0.8227037191390991
2055,521,27777,143.07373046875,773.4942626953125,179.8306884765625,204.813232421875,0.8047923445701599
2056,521,28763,147.24082946777344,154.95626831054688,206.91065979003906,198.45401000976562,0.741843044757843
2057,522,29667,629.602294921875,164.19631958007812,222.3304443359375,214.44500732421875,0.8198814988136292
2058,522,3483,563.3414306640625,814.74267578125,265.0506591796875,219.107421875,0.8085466027259827
2059,522,27777,176.09844970703125,811.6674194335938,176.17291259765625,198.4027099609375,0.7939022779464722
2060,522,28763,164.1011505126953,159.24803161621094,212.60130310058594,202.51332092285156,0.7019938826560974
2061,525,27733,565.19677734375,260.90325927734375,301.517822265625,266.1407470703125,0.948035717010498
2062,525,16232,141.52114868164062,890.864990234375,196.66683959960938,195.329345703125,0.9300717115402222
2063,525,28763,635.5029296875,864.6260986328125,222.7734375,213.1123046875,0.8910706639289856
2064,525,3483,122.30426025390625,305.79290771484375,272.27789306640625,200.09326171875,0.8708040714263916
2065,526,3483,151.253173828125,219.3112030029297,246.24090576171875,220.93836975097656,0.8836326003074646
2066,526,30308,547.747802734375,709.0296630859375,314.919189453125,477.6954345703125,0.8814054727554321
2067,526,16262,100.23566436767578,851.0252685546875,248.63121795654297,241.4554443359375,0.7593021392822266
2068,526,19861,638.16259765625,276.9677734375,219.640869140625,171.1571044921875,0.6465393304824829
2069,527,30308,141.37489318847656,72.516357421875,314.12315368652344,467.345458984375,0.8939411640167236
2070,527,3483,601.5849609375,867.1182861328125,258.074951171875,229.495849609375,0.8685774207115173
2071,527,19861,125.99526977539062,865.3743896484375,220.90505981445312,168.273193359375,0.7551793456077576
2072,527,16262,638.6234130859375,177.6826629638672,243.22607421875,230.08045959472656,0.7150471806526184
2073,528,30308,126.83258056640625,63.60089111328125,300.25927734375,450.15240478515625,0.9101464748382568
2074,528,3483,574.14306640625,837.6661376953125,260.2584228515625,230.205810546875,0.8772004246711731
2075,528,19861,91.29476928710938,827.0313720703125,226.3978271484375,176.2908935546875,0.7593610286712646
2076,528,16262,610.9381103515625,173.6097412109375,236.203369140625,227.19659423828125,0.7548632621765137
2077,529,22347,106.62134552001953,240.979736328125,204.98686981201172,197.994873046875,0.8688700199127197
2078,529,20238,618.164794921875,195.209228515625,226.9716796875,217.81719970703125,0.8217946887016296
2079,529,3483,602.994873046875,845.529296875,277.091552734375,188.1021728515625,0.8120700120925903
2080,529,25469,48.10101318359375,856.1580810546875,377.53424072265625,219.830322265625,0.7611842751502991
2081,53,6192,101.3876953125,116.11932373046875,362.85205078125,474.67620849609375,0.9922856092453003
2082,53,2483,651.72705078125,98.47834777832031,212.8873291015625,471.90122985839844,0.8319422602653503
2083,53,5886,607.7723388671875,680.5255126953125,240.81494140625,510.3489990234375,0.8116783499717712
2084,53,25438,132.70269775390625,854.270751953125,260.95721435546875,265.026123046875,0.8004900813102722
2085,530,3483,126.52969360351562,271.67254638671875,269.64141845703125,189.317626953125,0.8671168684959412
2086,530,20238,138.3392333984375,849.600830078125,232.11553955078125,226.3184814453125,0.8410739898681641
2087,530,22347,680.4503173828125,831.790771484375,213.831298828125,206.60595703125,0.8220460414886475
2088,530,25469,570.6748046875,230.85971069335938,376.043212890625,218.68359375,0.6893172860145569
2089,531,22347,89.45240020751953,230.29254150390625,202.73925018310547,195.38922119140625,0.8487415909767151
2090,531,3483,575.6173095703125,810.92236328125,278.8544921875,192.414794921875,0.8424727916717529
2091,531,20238,589.42724609375,190.0384521484375,221.9603271484375,214.65301513671875,0.82782381772995
2092,531,25469,13.897369384765625,813.3634033203125,381.9092102050781,221.324951171875,0.7452319860458374
2093,532,19552,120.40519714355469,107.6077880859375,379.95765686035156,433.0440673828125,0.843565046787262
2094,532,5886,611.213134765625,692.72802734375,239.844482421875,516.556396484375,0.8303189873695374
2095,532,2483,599.0394897460938,112.15983581542969,284.2564697265625,445.97621154785156,0.8053866624832153
2096,532,3743,73.52468872070312,812.81787109375,333.8292541503906,330.7861328125,0.6856072545051575
2097,533,5886,600.895751953125,700.01025390625,238.343017578125,493.1005859375,0.9436722993850708
2098,533,19552,116.52781677246094,74.392578125,383.52626037597656,429.5523681640625,0.9241974949836731
2099,533,2483,611.419677734375,77.58436584472656,276.98828125,457.36973571777344,0.7854893803596497
2100,533,3743,72.99594116210938,802.1480712890625,325.9942321777344,317.81689453125,0.6609178185462952
2101,534,19552,443.566650390625,696.24462890625,395.3021240234375,436.0020751953125,0.9316823482513428
2102,534,5886,96.80096435546875,64.834228515625,244.64105224609375,480.800537109375,0.8678073883056641
2103,534,2483,53.88330078125,682.9486083984375,281.52978515625,454.967041015625,0.8226436972618103
2104,534,3743,537.6425170898438,151.95037841796875,314.6785888671875,304.31414794921875,0.7489685416221619
2105,535,3483,601.736328125,846.57421875,277.818115234375,186.662841796875,0.814373791217804
2106,535,31885,84.44735717773438,143.67494201660156,410.671142578125,504.42918395996094,0.8096907138824463
2107,535,36637,675.3994140625,173.4037628173828,172.9317626953125,254.22447204589844,0.7947279810905457
2108,535,25469,86.82856750488281,830.839599609375,344.35838317871094,299.92578125,0.6860283613204956
2109,536,31885,70.43049621582031,115.74372863769531,396.64927673339844,503.88645935058594,0.888154149055481
2110,536,3483,575.5465087890625,812.325927734375,278.29931640625,191.8299560546875,0.8311008810997009
2111,536,25469,48.90570068359375,789.21826171875,353.181884765625,300.37939453125,0.6990026831626892
2112,536,36637,646.733154296875,169.23004150390625,165.8887939453125,250.912841796875,0.6494848132133484
2113,537,3483,127.4114990234375,271.84326171875,269.6009521484375,188.97760009765625,0.8676171898841858
2114,537,31885,518.344482421875,594.448974609375,404.16650390625,521.348876953125,0.6727358102798462
2115,537,25469,574.578857421875,188.56695556640625,331.7156982421875,285.8372802734375,0.6129089593887329
2116,537,36637,132.39840698242188,828.4132080078125,180.28643798828125,263.624755859375,0.46672526001930237
2117,539,38162,593.4547119140625,707.412109375,199.556884765625,308.188720703125,0.7924302220344543
2118,539,3351,323.2430419921875,132.8394775390625,183.3511962890625,188.96173095703125,0.7709023356437683
2119,539,20014,12.1021728515625,669.2469482421875,349.68701171875,342.0380859375,0.7487509846687317
2120,54,6192,476.5322265625,645.5867919921875,368.639892578125,479.908447265625,0.9893871545791626
2121,54,25438,548.55908203125,176.5732421875,246.878173828125,252.64813232421875,0.8354201912879944
2122,54,2483,70.03437042236328,662.1134033203125,204.28508758544922,490.4967041015625,0.7164279222488403
2123,54,5886,115.62647247314453,81.71739196777344,228.35417938232422,477.64869689941406,0.6404638886451721
2124,540,38162,633.6110229492188,805.741943359375,193.7835693359375,296.43212890625,0.9146600365638733
2125,540,3351,362.7003173828125,188.80502319335938,184.48626708984375,183.88323974609375,0.8186435103416443
2126,540,20014,55.970672607421875,753.792724609375,345.4880065917969,340.635498046875,0.7633385062217712
2127,541,3483,150.4430694580078,218.99392700195312,246.97459411621094,220.8692626953125,0.8777800798416138
2128,541,16232,145.609375,900.145263671875,194.86419677734375,191.4415283203125,0.7963869571685791
2129,541,31885,580.588623046875,651.60546875,339.94140625,556.63427734375,0.7784410119056702
2130,541,19861,638.3125610351562,277.55987548828125,219.1419677734375,170.37451171875,0.65643310546875
2131,542,3483,574.2698974609375,837.2537841796875,259.946044921875,230.5008544921875,0.878287136554718
2132,542,19861,91.63455200195312,827.88037109375,225.87551879882812,175.53955078125,0.7446050643920898
2133,542,31885,69.07571411132812,36.298095703125,317.31036376953125,535.2601318359375,0.7304143905639648
2134,542,16232,618.0517578125,173.58326721191406,184.1605224609375,181.10569763183594,0.7231987714767456
2135,543,3483,601.6204833984375,867.798583984375,257.8251953125,228.4884033203125,0.862614631652832
2136,543,19861,126.24130249023438,865.732666015625,220.702392578125,167.8076171875,0.7208306193351746
2137,543,31885,83.39309692382812,53.1900634765625,327.881591796875,544.6760864257812,0.713581919670105
2138,543,16232,645.8818969726562,176.30372619628906,189.688720703125,186.18894958496094,0.6851495504379272
2139,545,22347,662.9046630859375,862.4637451171875,214.627197265625,208.0283203125,0.8542407155036926
2140,545,3483,176.79461669921875,273.8948974609375,259.7059326171875,219.21923828125,0.8384092450141907
2141,545,29667,126.84762573242188,879.96728515625,231.30105590820312,227.4384765625,0.831482470035553
2142,545,27777,640.7760009765625,294.7035827636719,175.34716796875,194.10137939453125,0.8178845047950745
2143,546,22347,106.71533203125,201.56483459472656,202.33352661132812,193.60520935058594,0.8599107265472412
2144,546,29667,601.53466796875,161.91175842285156,216.62548828125,214.61302185058594,0.8276709318161011
2145,546,3483,536.09033203125,779.55224609375,265.78369140625,225.7318115234375,0.8154382109642029
2146,546,27777,142.4327392578125,773.62890625,179.92218017578125,204.343505859375,0.8099338412284851
2147,547,36637,632.9427490234375,209.5709686279297,182.994384765625,250.60804748535156,0.8992668986320496
2148,547,20877,116.6298828125,767.68603515625,329.3450927734375,231.643798828125,0.8880595564842224
2149,547,22347,122.3548583984375,242.0696563720703,205.19186401367188,198.39244079589844,0.8860943913459778
2150,547,3483,649.8967895507812,751.674072265625,210.8900146484375,268.0556640625,0.8610209822654724
2151,548,3483,142.14630126953125,290.53546142578125,212.00677490234375,257.1116943359375,0.8860312700271606
2152,548,22347,664.3258056640625,829.953857421875,212.756591796875,207.583251953125,0.847373366355896
2153,548,20877,544.81298828125,292.94012451171875,328.5596923828125,234.56005859375,0.8008695244789124
2154,548,36637,166.1094970703125,797.837890625,190.6387939453125,256.90234375,0.7856698632240295
2155,55,3351,423.1560974121094,847.8466796875,189.68630981445312,190.737548828125,0.7592112421989441
2156,55,20014,53.216583251953125,283.47412109375,339.7143249511719,324.24578857421875,0.6413304805755615
2157,55,16688,436.07861328125,167.11383056640625,505.131591796875,453.48004150390625,0.39079657196998596
2158,551,20238,134.59556579589844,868.5999755859375,230.14308166503906,227.49951171875,0.8552494049072266
2159,551,3483,130.31239318847656,288.4805908203125,275.88780212402344,172.966796875,0.8174970746040344
2160,551,30308,544.454345703125,684.9290771484375,388.968994140625,431.9874267578125,0.8023791313171387
2161,551,27653,669.0887451171875,254.659423828125,220.83447265625,200.412109375,0.7865908145904541
2162,552,20238,622.7353515625,176.32583618164062,225.36376953125,217.40850830078125,0.8332483172416687
2163,552,3483,588.4951171875,844.7635498046875,283.58544921875,166.63232421875,0.7843289375305176
2164,552,30308,78.21490478515625,143.39923095703125,381.90484619140625,423.4166259765625,0.7489667534828186
2165,552,27653,97.76971435546875,853.031005859375,221.8338623046875,207.0570068359375,0.6249954104423523
2166,553,3483,575.7650146484375,811.09716796875,279.238037109375,192.019287109375,0.8478482365608215
2167,553,34597,12.563079833984375,70.32415771484375,416.70458984375,452.52410888671875,0.833692729473114
2168,553,16232,603.3614501953125,214.03482055664062,183.2554931640625,182.24774169921875,0.7738889455795288
2169,553,25469,13.9295654296875,813.1063232421875,381.8042297363281,221.447021484375,0.7245911955833435
2170,555,34597,25.756195068359375,97.65313720703125,426.6100769042969,445.76910400390625,0.8549480438232422
2171,555,3483,602.362548828125,845.534423828125,277.4482421875,187.09765625,0.8332293629646301
2172,555,25469,47.964111328125,856.792236328125,377.88446044921875,219.68408203125,0.7686874270439148
2173,555,16232,630.7310180664062,219.9080352783203,189.2332763671875,187.57579040527344,0.6319555044174194
2174,56,3351,326.40838623046875,192.305419921875,184.3148193359375,189.73370361328125,0.8324838876724243
2175,56,16688,0.0,551.8380126953125,513.0562744140625,507.9588623046875,0.825115442276001
2176,56,20014,551.4812622070312,619.1397705078125,346.404052734375,343.0595703125,0.7816935777664185
2177,560,30308,113.13079833984375,75.63922119140625,281.90606689453125,480.71160888671875,0.955528199672699
2178,560,3483,601.6492919921875,867.013427734375,257.9013671875,228.722412109375,0.8623901605606079
2179,560,19861,126.10406494140625,865.29150390625,220.7430419921875,168.5185546875,0.7263787984848022
2180,560,35206,583.5390014648438,97.85693359375,287.409423828125,375.07330322265625,0.7108069658279419
2181,564,21771,162.0282440185547,804.88232421875,189.41432189941406,187.217529296875,0.9030935168266296
2182,564,1900,152.87802124023438,253.10696411132812,194.4671630859375,165.14404296875,0.8935625553131104
2183,564,16551,590.826171875,106.81341552734375,294.653564453125,476.148681640625,0.8420648574829102
2184,564,33009,549.205810546875,837.050537109375,376.02001953125,199.75830078125,0.6400803923606873
2185,565,5094,108.50132751464844,809.61572265625,282.8883819580078,288.728515625,0.8570839762687683
2186,565,2483,620.7122802734375,67.6502685546875,229.37939453125,471.0177001953125,0.8512070178985596
2187,565,12081,651.055419921875,692.7568359375,241.99267578125,468.1170654296875,0.6904537081718445
2188,569,12778,538.124267578125,574.775390625,295.5283203125,521.653564453125,0.8849681615829468
2189,569,2483,88.93356323242188,661.4326171875,259.1402282714844,477.91455078125,0.763935387134552
2190,569,12081,109.50006103515625,109.28324890136719,229.20278930664062,431.00148010253906,0.6865711808204651
2191,569,3743,495.81402587890625,166.7758331298828,313.195556640625,298.90586853027344,0.6573840379714966
2192,571,16551,542.1690673828125,53.58001708984375,300.395263671875,455.447998046875,0.8568817973136902
2193,571,1900,582.2012939453125,866.6143798828125,209.6796875,143.146240234375,0.85154128074646
2194,571,21026,90.95700073242188,830.879150390625,182.13958740234375,179.953857421875,0.766162633895874
2195,571,24850,120.3995361328125,135.9955291748047,181.27230834960938,284.16407775878906,0.48781517148017883
2196,572,21026,684.2618408203125,276.6856689453125,179.0576171875,172.5623779296875,0.8392871022224426
2197,572,1900,188.0384063720703,274.1572570800781,203.06919860839844,137.3701171875,0.8223969340324402
2198,572,16551,96.18109130859375,709.1231689453125,330.0501708984375,482.9212646484375,0.5575575828552246
2199,572,24850,674.8138427734375,829.5689697265625,189.29443359375,300.502197265625,0.5167571902275085
2200,573,16551,568.192626953125,62.9271240234375,313.5919189453125,465.3477783203125,0.8779798746109009
2201,573,1900,610.035400390625,899.081787109375,205.189453125,137.0142822265625,0.7839335799217224
2202,573,21026,125.10995483398438,863.9112548828125,178.62362670898438,177.908935546875,0.7535354495048523
2203,573,24850,135.72039794921875,141.85565185546875,185.25311279296875,291.2366943359375,0.49418309330940247
2204,574,13395,627.3055419921875,673.80615234375,232.6298828125,503.3828125,0.9067412614822388
2205,574,22627,90.69927978515625,176.22576904296875,313.5487976074219,481.693603515625,0.8650683164596558
2206,574,3743,114.92367553710938,828.9959716796875,325.2015380859375,320.484375,0.8496526479721069
2207,574,2483,673.666015625,81.62890625,202.1767578125,484.7225341796875,0.7366054654121399
2208,575,13395,86.01468658447266,80.9779052734375,228.45720672607422,486.00457763671875,0.8602833151817322
2209,575,22627,531.7060546875,545.4697265625,317.1163330078125,486.9560546875,0.8404750227928162
2210,575,3743,498.735107421875,126.01947021484375,313.9951171875,305.06378173828125,0.7282612919807434
2211,575,2483,61.429595947265625,647.0211181640625,201.955810546875,487.6829833984375,0.7254155874252319
2212,576,22627,96.51521301269531,207.31817626953125,310.03916931152344,481.8223876953125,0.8792630434036255
2213,576,13395,638.794921875,671.6937255859375,239.5306396484375,521.2493896484375,0.845111608505249
2214,576,3743,117.52647399902344,839.8927001953125,330.23976135253906,331.3037109375,0.8238892555236816
2215,576,2483,659.736572265625,114.0491943359375,214.4178466796875,473.31597900390625,0.7832555770874023
2216,577,19607,139.60238647460938,787.9816284179688,159.534423828125,155.754150390625,0.9706816077232361
2217,577,16551,539.0780029296875,72.84811401367188,352.614501953125,420.287109375,0.9005634188652039
2218,577,1900,135.02828979492188,246.4368133544922,193.2235107421875,156.49342346191406,0.8924570679664612
2219,577,33009,520.640380859375,791.63330078125,382.710205078125,209.322509765625,0.7111212611198425
2220,578,19607,661.2329711914062,334.28009033203125,156.1109619140625,149.69677734375,0.9563960433006287
2221,578,1900,641.205322265625,858.4840087890625,206.64306640625,168.1890869140625,0.885181725025177
2222,578,33009,85.95997619628906,254.92129516601562,369.19065856933594,209.6348876953125,0.8154346942901611
2223,578,16551,48.906158447265625,725.135986328125,384.8698425292969,448.420654296875,0.7635881304740906
2224,579,19607,171.83468627929688,822.5526733398438,157.2779541015625,152.6025390625,0.9713407158851624
2225,579,16551,566.4957275390625,80.47259521484375,365.42626953125,433.87725830078125,0.879376232624054
2226,579,1900,151.56011962890625,255.61993408203125,198.5052490234375,158.246337890625,0.8747095465660095
2227,579,33009,548.6719970703125,837.27294921875,376.429931640625,199.6666259765625,0.6513368487358093
2228,58,3483,574.0787963867188,837.3477783203125,260.3284912109375,230.4869384765625,0.8780824542045593
2229,58,34597,40.632965087890625,50.78985595703125,385.9449462890625,465.7852783203125,0.8451629281044006
2230,58,19861,91.2609634399414,827.1611328125,226.39366912841797,176.2733154296875,0.76142418384552
2231,58,35206,554.28125,93.59367370605469,280.339111328125,367.15736389160156,0.7543843984603882
2232,581,1900,644.53955078125,852.6146240234375,203.5570068359375,175.23095703125,0.8988041281700134
2233,581,33009,86.39286804199219,253.5833740234375,368.88868713378906,210.00177001953125,0.8150854706764221
2234,581,24850,647.8240966796875,205.71353149414062,175.086669921875,275.52801513671875,0.6930422186851501
2235,581,16548,103.501220703125,904.9887084960938,243.96624755859375,240.40484619140625,0.6908209323883057
2236,583,19552,466.4870300292969,633.6370849609375,334.2207336425781,488.24365234375,0.9279621243476868
2237,583,5094,549.407958984375,186.2540283203125,270.183349609375,267.2822265625,0.8138651847839355
2238,583,2483,71.5325698852539,689.657958984375,252.67516326904297,472.62353515625,0.8008555769920349
2239,583,13395,114.30333709716797,81.82305908203125,233.31928253173828,475.72039794921875,0.4416504502296448
2240,584,19552,144.47402954101562,110.35650634765625,328.9486083984375,488.59796142578125,0.9101381897926331
2241,584,2483,607.8155517578125,81.9937744140625,257.496826171875,462.9615478515625,0.8294042348861694
2242,584,5886,603.10791015625,683.300048828125,251.023681640625,507.517333984375,0.7667667865753174
2243,584,5094,110.0367431640625,816.465087890625,282.8670654296875,283.494384765625,0.7340303063392639
2244,586,28763,145.70578002929688,198.4541015625,209.00042724609375,198.13916015625,0.8927024602890015
2245,586,3483,575.559814453125,812.5078125,278.37060546875,191.599365234375,0.8274215459823608
2246,586,25469,49.1807861328125,788.0452880859375,353.05859375,301.8646240234375,0.7228341102600098
2247,586,36637,645.53662109375,168.34185791015625,169.923583984375,250.25128173828125,0.6484665870666504
2248,587,3483,127.1934814453125,271.28228759765625,269.66070556640625,188.900634765625,0.8622933626174927
2249,587,28763,614.7820434570312,858.8936767578125,222.0341796875,212.183837890625,0.8602950572967529
2250,587,25469,574.851806640625,187.87918090820312,330.8319091796875,286.1478271484375,0.6196540594100952
2251,587,36637,130.99801635742188,828.9130859375,180.3714599609375,262.912109375,0.4398629665374756
2252,588,28763,164.51593017578125,206.8494415283203,212.21502685546875,203.03904724121094,0.8530842661857605
2253,588,3483,601.8077392578125,846.5811767578125,277.74462890625,187.6142578125,0.8172288537025452
2254,588,36637,675.2719116210938,172.65240478515625,173.826171875,254.49505615234375,0.8139812350273132
2255,588,25469,85.61358642578125,830.008544921875,344.88433837890625,302.136474609375,0.7232081294059753
2256,589,3483,601.6597900390625,867.4112548828125,257.92724609375,229.2696533203125,0.8619934320449829
2257,589,25367,27.320159912109375,113.26091003417969,346.95245361328125,493.97633361816406,0.8441810607910156
2258,589,19861,126.17514038085938,865.40478515625,220.84640502929688,168.429443359375,0.7363572716712952
2259,589,16262,639.258544921875,177.83831787109375,242.240478515625,230.65032958984375,0.719205915927887
2260,591,3483,151.41830444335938,219.05909729003906,246.13421630859375,221.18235778808594,0.8808382749557495
2261,591,25367,630.0689697265625,642.6090087890625,345.9310302734375,511.8917236328125,0.868564784526825
2262,591,16262,100.13512420654297,851.0147705078125,248.76581573486328,241.5546875,0.7592287063598633
2263,591,19861,638.0552978515625,277.0625305175781,220.039306640625,171.09613037109375,0.6130786538124084
2264,592,3483,153.49964904785156,218.0421142578125,245.24620056152344,220.1279296875,0.8824838399887085
2265,592,29667,117.30020904541016,844.1240234375,232.27696990966797,226.66357421875,0.8534113168716431
2266,592,28763,649.60302734375,902.097412109375,222.192626953125,213.1552734375,0.8456591367721558
2267,592,19861,640.177734375,276.952880859375,219.398681640625,171.385986328125,0.662017822265625
2268,593,3483,571.9713745117188,838.5301513671875,260.6180419921875,230.168701171875,0.8743849396705627
2269,593,19861,88.71424102783203,826.5145263671875,227.14855194091797,176.75390625,0.7929486036300659
2270,593,29667,610.861328125,194.11749267578125,218.921142578125,214.67205810546875,0.7919361591339111
2271,593,28763,114.81759643554688,160.02413940429688,207.79806518554688,198.04302978515625,0.7874614000320435
2272,594,3483,599.6085205078125,868.11572265625,258.4051513671875,229.425537109375,0.8640887141227722
2273,594,28763,131.35733032226562,164.19219970703125,211.35845947265625,203.54425048828125,0.8235685229301453
2274,594,29667,639.2296142578125,199.51739501953125,223.75927734375,214.78961181640625,0.7855826020240784
2275,594,19861,124.04638671875,864.9420166015625,221.227294921875,168.892578125,0.751605212688446
2276,595,3351,398.59820556640625,865.2457275390625,190.315673828125,194.31591796875,0.7970390915870667
2277,595,16232,651.2008056640625,289.19384765625,189.683349609375,188.9263916015625,0.5958070158958435
2278,595,32310,110.96124267578125,217.33990478515625,249.14910888671875,339.23211669921875,0.5409558415412903
2279,596,3351,351.344482421875,161.88433837890625,180.4337158203125,186.6739501953125,0.8332948088645935
2280,596,32310,577.4725341796875,619.104248046875,267.500244140625,369.64697265625,0.5945869088172913
2281,596,16232,81.25253295898438,733.90185546875,197.32049560546875,197.203125,0.5534631013870239
2282,598,33880,552.661376953125,193.8990478515625,301.30224609375,420.3663330078125,0.8974984288215637
2283,598,3351,402.64776611328125,874.19677734375,188.97509765625,191.4326171875,0.7975258231163025
2284,598,36637,172.82415771484375,334.00830078125,183.3572998046875,252.7923583984375,0.7859143018722534
2285,60,3483,151.322998046875,219.0120849609375,246.2705078125,221.1231689453125,0.8808685541152954
2286,60,34597,546.2935791015625,688.6539306640625,410.7216796875,491.480712890625,0.8368392586708069
2287,60,35206,109.86994934082031,776.3809814453125,301.17051696777344,387.6923828125,0.7774622440338135
2288,60,19861,638.2353515625,276.83203125,219.921142578125,171.314697265625,0.6361485123634338
2289,600,3351,387.94366455078125,226.2961883544922,184.05633544921875,183.87550354003906,0.8297818303108215
2290,600,36637,625.345458984375,720.8756103515625,184.08349609375,260.0474853515625,0.7255054116249084
2291,600,33880,115.46525573730469,683.793701171875,306.95692443847656,435.950927734375,0.6635037064552307
2292,601,27733,565.2655029296875,261.22283935546875,301.652099609375,266.5035400390625,0.9412816762924194
2293,601,3483,122.50616455078125,306.4547119140625,272.01220703125,200.26385498046875,0.8650479912757874
2294,601,31885,501.3863830566406,634.0682373046875,455.9540710449219,483.900146484375,0.7931586503982544
2295,601,16262,151.85671997070312,803.66943359375,249.0162353515625,241.132568359375,0.7880483269691467
2296,602,31885,36.10115051269531,108.64738464355469,444.27146911621094,471.88807678222656,0.8992652297019958
2297,602,3483,579.3548583984375,759.9630126953125,274.695556640625,210.034423828125,0.8623148798942566
2298,602,16262,562.87158203125,218.33871459960938,237.60791015625,228.70867919921875,0.811363697052002
2299,602,27733,87.77435302734375,728.5189208984375,319.63787841796875,279.9346923828125,0.8035311698913574
2300,603,31885,47.75761413574219,136.99884033203125,460.41517639160156,471.63873291015625,0.9025061726570129
2301,603,3483,608.3887939453125,791.4424438476562,272.5439453125,210.669189453125,0.8626645803451538
2302,603,16262,590.9293212890625,227.6648712158203,241.571533203125,229.97520446777344,0.7717258930206299
2303,603,27733,123.78143310546875,768.7725830078125,313.98211669921875,274.951904296875,0.6835426688194275
2304,605,36637,643.1309814453125,207.91427612304688,190.3349609375,247.14019775390625,0.9233444929122925
2305,605,28763,146.19589233398438,249.70370483398438,213.71893310546875,202.47735595703125,0.8333455324172974
2306,605,3483,587.7388916015625,844.6195678710938,284.692138671875,166.2381591796875,0.782275378704071
2307,605,27653,96.99423217773438,853.37744140625,221.42410278320312,207.232666015625,0.6554363965988159
2308,608,29667,590.2296142578125,722.3631591796875,231.6732177734375,232.62841796875,0.8849573135375977
2309,608,33880,48.54425048828125,606.720947265625,315.43243408203125,446.201171875,0.8694480657577515
2310,608,3351,339.40350341796875,191.37713623046875,185.5792236328125,190.3472900390625,0.8609070181846619
2311,610,16232,620.8350219726562,221.39410400390625,186.851318359375,183.8681640625,0.9049258828163147
2312,610,34597,0.0,103.3428955078125,393.60406494140625,449.6273193359375,0.795562744140625
2313,610,3483,559.2716064453125,811.6295166015625,285.536376953125,175.0299072265625,0.7825036644935608
2314,610,27653,61.600250244140625,810.4080810546875,223.48092651367188,211.3565673828125,0.665385901927948
2315,611,16232,143.14013671875,847.3369140625,195.54547119140625,191.064697265625,0.9216587543487549
2316,611,34597,579.692626953125,655.61962890625,396.307373046875,463.144775390625,0.8897705078125
2317,611,3483,131.62286376953125,287.70562744140625,275.98992919921875,173.60498046875,0.8103612065315247
2318,611,27653,670.1328125,255.4869384765625,222.281982421875,200.3109130859375,0.7876249551773071
2319,612,34597,0.0,135.46498107910156,418.8678283691406,442.68272399902344,0.8546577095985413
2320,612,16232,648.126708984375,230.43896484375,192.4658203125,181.5623779296875,0.8248533010482788
2321,612,3483,586.2997436523438,845.2584228515625,284.373046875,168.2490234375,0.7829794883728027
2322,612,27653,95.453369140625,851.959716796875,221.58154296875,207.4598388671875,0.6117485165596008
2323,614,22074,635.3739013671875,726.072021484375,186.6689453125,192.897216796875,0.9157720804214478
2324,614,3351,348.51348876953125,153.359619140625,182.68206787109375,187.46450805664062,0.8378316760063171
2325,614,19232,163.8345489501953,652.9540405273438,244.97630310058594,356.043701171875,0.6971083283424377
2326,615,22074,674.5316162109375,820.2798461914062,183.81396484375,186.5797119140625,0.866790235042572
2327,615,19232,208.16957092285156,753.5430908203125,238.77635192871094,355.13818359375,0.8480310440063477
2328,615,3351,390.25933837890625,212.64222717285156,182.6512451171875,183.74888610839844,0.8086097240447998
2329,616,3483,151.37489318847656,218.7069854736328,245.84129333496094,220.98338317871094,0.8823559284210205
2330,616,28763,630.6409912109375,886.8614501953125,221.4765625,214.3427734375,0.8380653262138367
2331,616,16232,145.27346801757812,899.829833984375,194.613037109375,191.102783203125,0.7604749202728271
2332,616,19861,638.2000732421875,277.2333984375,219.07666015625,170.46368408203125,0.6375367045402527
2333,617,3483,601.552490234375,867.167236328125,258.2080078125,229.7452392578125,0.8676262497901917
2334,617,28763,148.79666137695312,178.34359741210938,211.6351318359375,201.6796875,0.7899639010429382
2335,617,19861,125.69476318359375,865.658203125,221.24359130859375,168.202880859375,0.7584482431411743
2336,617,16232,646.1925048828125,176.0850830078125,189.700439453125,185.9434814453125,0.7438714504241943
2337,618,3483,573.9895629882812,837.0159912109375,260.1951904296875,230.67919921875,0.8787521123886108
2338,618,28763,132.27716064453125,171.77590942382812,207.49905395507812,198.48919677734375,0.8102632164955139
2339,618,19861,90.91942596435547,827.1173095703125,226.91034698486328,176.508544921875,0.7899629473686218
2340,618,16232,618.03857421875,173.19696044921875,184.733642578125,180.99603271484375,0.6984865069389343
2341,62,18147,91.40216064453125,549.105712890625,289.5630187988281,418.365478515625,0.974541425704956
2342,62,3351,326.4632568359375,155.63424682617188,185.32733154296875,189.97702026367188,0.858674168586731
2343,62,36637,543.808837890625,650.1264038085938,204.98291015625,254.3553466796875,0.7503786087036133
2344,620,22362,79.91427612304688,74.8426513671875,252.24301147460938,391.28216552734375,0.9000968933105469
2345,620,23223,546.2945556640625,638.848876953125,299.48828125,512.227294921875,0.8975691795349121
2346,620,5094,521.7572021484375,150.6346893310547,270.503662109375,264.70668029785156,0.8245716094970703
2347,620,2483,83.522705078125,640.8580322265625,206.55145263671875,489.9227294921875,0.7346471548080444
2348,621,23223,93.0162353515625,56.88214111328125,293.90045166015625,506.11688232421875,0.9490062594413757
2349,621,2483,651.06201171875,81.0872802734375,196.497802734375,488.2764892578125,0.7704921364784241
2350,621,22362,608.7902221679688,774.3060302734375,253.65673828125,415.44921875,0.6773314476013184
2351,621,5094,136.89321899414062,849.3087158203125,278.0391845703125,272.0216064453125,0.6260080337524414
2352,622,41768,129.0380096435547,295.3779296875,261.36280822753906,292.23876953125,0.9539138674736023
2353,622,22074,613.9130249023438,290.82568359375,185.3885498046875,189.6678466796875,0.8620588779449463
2354,622,3351,395.95013427734375,889.31689453125,190.66607666015625,192.975830078125,0.8322137594223022
2355,623,3351,352.08905029296875,147.31033325195312,183.97735595703125,190.42837524414062,0.856993556022644
2356,623,22074,126.96722412109375,746.676025390625,190.119873046875,196.217041015625,0.544866144657135
2357,623,41768,555.1981201171875,630.173828125,270.52099609375,309.3216552734375,0.5169960260391235
2358,624,22074,169.80906677246094,839.153564453125,186.98353576660156,187.12841796875,0.8187714219093323
2359,624,3351,393.03155517578125,207.8200225830078,184.82586669921875,183.87144470214844,0.8131331205368042
2360,624,41768,594.947265625,719.382080078125,265.2318115234375,311.478759765625,0.4183657467365265
2361,625,27733,565.3651123046875,261.5126953125,301.444091796875,265.88818359375,0.9404707551002502
2362,625,3483,122.57647705078125,306.16461181640625,271.8602294921875,201.85205078125,0.8686949014663696
2363,625,30308,500.4714660644531,698.4967041015625,421.0986022949219,399.0491943359375,0.8559818863868713
2364,625,16262,151.90380859375,803.521484375,248.5716552734375,241.607421875,0.7747641801834106
2365,627,3483,579.3589477539062,759.9185180664062,274.763671875,209.7266845703125,0.8619950413703918
2366,627,27733,87.82040405273438,727.5533447265625,319.5096435546875,280.8525390625,0.8190093040466309
2367,627,16262,563.2928466796875,217.88729858398438,237.378662109375,228.95001220703125,0.8076040744781494
2368,627,30308,73.41278076171875,146.63922119140625,400.46710205078125,380.83099365234375,0.7933754920959473
2369,628,27733,565.18212890625,260.7181396484375,301.54931640625,266.3226318359375,0.942916214466095
2370,628,16232,141.85775756835938,890.7723388671875,196.41934204101562,195.2550048828125,0.929397702217102
2371,628,3483,122.4031982421875,305.9141845703125,272.28302001953125,200.3111572265625,0.8693221211433411
2372,628,22347,677.3365478515625,850.913818359375,213.968994140625,208.81396484375,0.860064685344696
2373,632,23223,503.2201232910156,606.15673828125,297.8197937011719,508.70166015625,0.8923057913780212
2374,632,25438,551.208251953125,180.85537719726562,246.220703125,251.2542724609375,0.8298542499542236
2375,632,2483,64.15792846679688,665.12451171875,215.58056640625,487.2271728515625,0.7978783845901489
2376,632,5886,118.47498321533203,83.1903076171875,231.92436981201172,476.69091796875,0.6040322184562683
2377,633,23223,137.7222137451172,128.87286376953125,295.00355529785156,503.9395751953125,0.9326999187469482
2378,633,5886,600.777099609375,678.52978515625,246.6156005859375,509.279541015625,0.8127672076225281
2379,633,25438,130.04783630371094,848.760498046875,260.84693908691406,266.730224609375,0.799424409866333
2380,633,2483,654.2572021484375,96.1641845703125,198.08203125,474.78460693359375,0.7495608329772949
2381,635,33878,618.005859375,793.3260498046875,167.09033203125,217.539794921875,0.9849730730056763
2382,635,16548,70.2819595336914,752.1768798828125,239.14427947998047,233.187255859375,0.8811202049255371
2383,635,4543,613.08642578125,154.0101318359375,202.08056640625,198.6988525390625,0.7555440068244934
2384,635,3544,181.86053466796875,198.0973663330078,203.7330322265625,199.46849060058594,0.6750468611717224
2385,636,33878,190.7416534423828,256.89959716796875,162.27293395996094,213.7503662109375,0.9625673294067383
2386,636,3544,583.0771484375,858.505859375,215.509765625,213.10595703125,0.8649337291717529
2387,636,4543,133.6827392578125,905.0025634765625,212.99722290039062,211.64404296875,0.8254532814025879
2388,636,16548,652.5598754882812,279.79498291015625,232.97119140625,223.75927734375,0.8073391914367676
2389,637,5886,610.8677978515625,692.2769775390625,240.483642578125,516.07958984375,0.8341443538665771
2390,637,2483,599.4117431640625,111.36418151855469,283.571533203125,446.65711975097656,0.8253996968269348
2391,637,3743,73.78494262695312,813.0740966796875,333.5051574707031,330.421875,0.63686603307724
2392,638,5886,600.6597290039062,699.48779296875,238.89697265625,493.6580810546875,0.9451848268508911
2393,638,2483,611.2830810546875,77.48651123046875,277.4774169921875,456.98016357421875,0.790687084197998
2394,638,3743,73.0245361328125,802.2152099609375,326.14862060546875,317.8746337890625,0.6711767911911011
2395,638,6192,45.79547119140625,162.4024658203125,483.0765380859375,343.10943603515625,0.4891050159931183
2396,64,29667,154.8457794189453,278.0142822265625,226.91990661621094,224.62921142578125,0.8780973553657532
2397,64,3351,396.03857421875,886.90625,190.928466796875,192.53515625,0.8240010142326355
2398,64,20014,592.8472900390625,266.84423828125,340.688232421875,323.0577392578125,0.49012476205825806
2399,640,3832,489.87347412109375,286.7947998046875,400.203125,339.012451171875,0.9181995987892151
2400,640,3351,405.5028076171875,917.2388916015625,190.89996337890625,194.46875,0.8151691555976868
2401,641,3351,342.17071533203125,124.51101684570312,184.3841552734375,187.66067504882812,0.8637454509735107
2402,641,20238,618.7095336914062,707.7515869140625,232.3292236328125,230.529541015625,0.7456804513931274
2403,641,3832,38.49359130859375,576.3727416992188,414.82958984375,354.0928955078125,0.6639730930328369
2404,644,6192,505.9559326171875,608.6563720703125,273.34326171875,536.197021484375,0.9261707067489624
2405,644,13395,74.90048217773438,84.4825439453125,233.5875244140625,486.8580322265625,0.8179149031639099
2406,644,2483,60.21949005126953,651.231201171875,207.11540985107422,484.751953125,0.7204199433326721
2407,644,3743,486.5813293457031,119.93740844726562,313.5739440917969,305.51116943359375,0.5730753540992737
2408,646,34597,404.82568359375,629.6634521484375,452.5035400390625,434.41357421875,0.8763460516929626
2409,646,36637,130.39260864257812,827.46826171875,193.42880249023438,256.5283203125,0.8666970133781433
2410,646,3483,174.35533142089844,275.69525146484375,259.69508361816406,218.606201171875,0.8503787517547607
2411,646,27777,638.4955444335938,293.5977783203125,175.20751953125,194.6236572265625,0.8166466951370239
2412,647,36637,666.1317138671875,179.23728942871094,184.89501953125,249.64234924316406,0.9123645424842834
2413,647,34597,148.06689453125,190.21826171875,445.8692626953125,412.7099609375,0.8469201922416687
2414,647,27777,178.26564025878906,812.4525146484375,175.43260192871094,198.7666015625,0.830740749835968
2415,647,3483,565.817626953125,812.8497314453125,263.97412109375,218.6077880859375,0.7781306505203247
2416,648,36637,637.04443359375,176.66976928710938,179.8350830078125,244.42572021484375,0.9100407361984253
2417,648,27777,144.510986328125,774.987548828125,179.42327880859375,205.142822265625,0.8543888926506042
2418,648,34597,123.353759765625,159.2025146484375,443.93035888671875,418.54150390625,0.7963315844535828
2419,648,3483,537.973388671875,777.684326171875,265.8671875,225.193603515625,0.794145941734314
2420,65,29667,559.3521728515625,727.88720703125,232.07666015625,232.4427490234375,0.8984894156455994
2421,65,3351,351.8729248046875,153.00390625,184.234375,189.51638793945312,0.8633860349655151
2422,650,32310,0.0,705.34912109375,311.2665710449219,318.6787109375,0.8970192074775696
2423,650,3351,369.33544921875,176.18145751953125,179.21142578125,186.1563720703125,0.8052875399589539
2424,650,36637,561.9974365234375,824.221435546875,276.185791015625,165.63916015625,0.5692868232727051
2425,652,24850,116.01007080078125,842.21875,299.7542724609375,170.7125244140625,0.9372935891151428
2426,652,1900,126.62142944335938,258.71527099609375,195.91455078125,150.11749267578125,0.8887096047401428
2427,652,31705,600.1875,691.1790771484375,252.635009765625,459.300537109375,0.7886195778846741
2428,652,16551,564.6517944335938,66.23089599609375,287.856201171875,461.61151123046875,0.7684714794158936
2429,653,16551,94.46670532226562,688.9171142578125,309.23675537109375,493.0269775390625,0.8711820840835571
2430,653,24850,549.1455078125,266.01287841796875,288.1202392578125,164.48260498046875,0.844469428062439
2431,653,1900,646.818603515625,856.33203125,209.294921875,158.16552734375,0.8384451866149902
2432,653,31705,130.5692138671875,128.77001953125,243.60833740234375,421.533447265625,0.8286115527153015
2433,654,24850,150.19775390625,880.27685546875,295.7252197265625,162.0140380859375,0.9500784277915955
2434,654,1900,142.7064208984375,268.09100341796875,202.2098388671875,147.85504150390625,0.8975616097450256
2435,654,31705,626.3145751953125,732.5477294921875,249.5380859375,450.0211181640625,0.8435408473014832
2436,654,16551,591.377685546875,75.73573303222656,295.3819580078125,473.12413024902344,0.8064910769462585
2437,656,16551,541.695068359375,182.11114501953125,416.338134765625,383.2965087890625,0.9060773253440857
2438,656,6563,191.6277313232422,710.3743896484375,214.05995178222656,357.94384765625,0.8704182505607605
2439,656,3544,149.8507537841797,189.48228454589844,208.70191955566406,202.85792541503906,0.6869823336601257
2440,656,33878,628.6807861328125,851.865234375,224.50732421875,135.7689208984375,0.5112326145172119
2441,658,16551,633.6827392578125,10.643218994140625,285.01904296875,484.2197265625,0.8958256244659424
2442,658,29451,496.4224853515625,822.446533203125,397.9566650390625,263.7138671875,0.8734068274497986
2443,658,1900,167.93527221679688,247.20458984375,183.23046875,180.5277099609375,0.8190160989761353
2444,658,18110,79.41116333007812,791.5054931640625,302.2906494140625,289.3433837890625,0.66463702917099
2445,659,16551,605.8642578125,9.36248779296875,275.97119140625,467.8363037109375,0.9000502824783325
2446,659,29451,467.8376770019531,781.300537109375,403.9325866699219,272.979248046875,0.892414391040802
2447,659,18110,45.65325927734375,749.5638427734375,306.47979736328125,297.3287353515625,0.5841773748397827
2448,659,1900,148.6619873046875,239.52720642089844,181.69451904296875,181.50941467285156,0.539026141166687
2449,66,29667,598.3670654296875,819.3641357421875,228.805419921875,223.0528564453125,0.8859853744506836
2450,66,3351,392.31561279296875,210.50274658203125,183.5592041015625,184.319091796875,0.8507228493690491
2451,66,20014,33.4603271484375,718.49072265625,346.9210205078125,340.353515625,0.5133780241012573
2452,660,29451,113.00244140625,215.25143432617188,392.0599365234375,261.80889892578125,0.9109418988227844
2453,660,18110,610.36328125,226.68450927734375,299.606201171875,286.80987548828125,0.7806089520454407
2454,660,1900,642.475341796875,846.94873046875,191.065673828125,188.2181396484375,0.7723598480224609
2455,660,16551,63.978179931640625,740.81298828125,295.3586120605469,504.600341796875,0.7590625286102295
2456,661,31863,179.81869506835938,302.8592529296875,205.15704345703125,206.8231201171875,0.8616912364959717
2457,661,31863,689.30419921875,293.80987548828125,189.6201171875,188.66748046875,0.8453400731086731
2458,661,3351,376.7747802734375,878.4642333984375,190.51788330078125,192.1383056640625,0.791802167892456
2459,662,3351,370.0242919921875,160.37643432617188,185.165283203125,191.05062866210938,0.8225142955780029
2460,662,31863,556.492431640625,725.1516723632812,208.6761474609375,212.7874755859375,0.6256505250930786
2461,662,16232,43.4248046875,746.237060546875,195.55746459960938,190.71826171875,0.6215072870254517
2462,664,3483,141.34747314453125,291.9735107421875,211.2884521484375,257.3546142578125,0.8883383870124817
2463,664,28763,629.642333984375,874.5511474609375,221.777587890625,213.3372802734375,0.857045590877533
2464,664,20877,544.04833984375,293.480224609375,328.2889404296875,234.4906005859375,0.7991176247596741
2465,664,36637,166.7141571044922,799.2188720703125,190.01136779785156,256.7918701171875,0.7829945087432861
2466,665,36637,604.9130859375,202.6219482421875,179.045166015625,245.86639404296875,0.8723351955413818
2467,665,3483,624.6407470703125,718.7638549804688,211.125732421875,270.2838134765625,0.8679376840591431
2468,665,20877,86.47784423828125,724.3525390625,330.63934326171875,241.939453125,0.8514033555984497
2469,665,28763,132.11074829101562,184.125732421875,207.22665405273438,199.79913330078125,0.7789627909660339
2470,667,22627,22.722274780273438,149.3115234375,481.61610412597656,273.47601318359375,0.8318793177604675
2471,667,25438,121.71553039550781,820.671630859375,256.11778259277344,255.190185546875,0.8075327277183533
2472,667,2483,580.5618896484375,115.31690979003906,291.1357421875,449.19187927246094,0.743593156337738
2473,667,12081,647.626220703125,703.4591064453125,239.42333984375,448.59912109375,0.6618123054504395
2474,668,25438,556.9971923828125,195.17611694335938,247.232177734375,251.479736328125,0.8465550541877747
2475,668,2483,71.4354248046875,654.798828125,297.10235595703125,444.433349609375,0.8219094276428223
2476,668,12081,62.2503662109375,115.47584533691406,232.45538330078125,430.20530700683594,0.7650862336158752
2477,668,22627,434.2648010253906,777.6383056640625,493.2236022949219,295.968017578125,0.7099555730819702
2478,670,35206,134.42807006835938,724.706787109375,246.09808349609375,415.78955078125,0.8918020129203796
2479,670,3483,127.14886474609375,270.985107421875,269.8719482421875,188.9879150390625,0.8636292815208435
2480,670,22347,681.29833984375,848.07763671875,214.476806640625,207.559814453125,0.8598929047584534
2481,670,25469,574.2880249023438,187.8543243408203,330.734130859375,286.23265075683594,0.6184685230255127
2482,672,35206,613.9820556640625,120.50752258300781,228.74951171875,398.53904724121094,0.8719362020492554
2483,672,22347,105.29615020751953,224.57479858398438,206.32433319091797,198.5235595703125,0.8367452621459961
2484,672,3483,602.85009765625,845.7086181640625,277.2979736328125,187.734375,0.8034942746162415
2485,672,25469,86.38494873046875,829.525146484375,344.7481689453125,302.8936767578125,0.7235552072525024
2486,674,27926,597.480712890625,159.59095764160156,258.8560791015625,454.32749938964844,0.8663445115089417
2487,674,1900,631.3366088867188,894.289794921875,211.7994384765625,134.864990234375,0.843309760093689
2488,674,16548,151.28018188476562,889.4742431640625,243.3543701171875,239.801513671875,0.7399691343307495
2489,674,44199,137.6486053466797,290.9884338378906,284.55421447753906,148.83306884765625,0.3937337100505829
2490,675,16548,565.004150390625,135.27249145507812,230.244873046875,224.26907348632812,0.918627142906189
2491,675,44199,551.6006469726562,831.7453002929688,290.1580810546875,147.259033203125,0.8935918807983398
2492,675,1900,138.92886352539062,240.003662109375,199.60601806640625,128.34356689453125,0.7779527306556702
2493,675,27926,97.04437255859375,612.3267822265625,272.0721435546875,486.766357421875,0.4863499104976654
2494,677,27926,571.93798828125,625.747314453125,257.74365234375,491.534912109375,0.8786608576774597
2495,677,16551,617.341552734375,15.46575927734375,299.552978515625,451.7001953125,0.810001015663147
2496,677,1900,140.62344360351562,240.81900024414062,199.63784790039062,126.9071044921875,0.7746548056602478
2497,677,18110,17.67535400390625,695.328369140625,304.97381591796875,295.463623046875,0.6320805549621582
2498,679,22627,133.15225219726562,158.55438232421875,339.1119384765625,475.45135498046875,0.843697190284729
2499,679,5094,106.25946044921875,811.8563232421875,283.82415771484375,284.7259521484375,0.8420521020889282
2500,679,4378,598.4725341796875,701.4730224609375,223.7845458984375,469.47607421875,0.8367612957954407
2501,679,2483,611.2611083984375,83.52088928222656,209.701416015625,476.07420349121094,0.8001702427864075
2502,68,16232,153.62252807617188,828.0458984375,191.69219970703125,193.361572265625,0.9054735898971558
2503,68,3483,172.428955078125,275.5738525390625,260.4862060546875,219.5447998046875,0.8619516491889954
2504,68,27777,637.8968505859375,293.26800537109375,175.2178955078125,194.9599609375,0.8213465809822083
2505,68,30308,511.5079345703125,766.2391357421875,441.727294921875,374.1719970703125,0.7744112014770508
2506,680,2483,84.2718734741211,676.0697021484375,240.61621856689453,483.6851806640625,0.8472391366958618
2507,680,22627,470.2252197265625,603.752685546875,341.678466796875,471.2032470703125,0.8327340483665466
2508,680,5094,552.4888916015625,191.60182189941406,270.4931640625,268.53880310058594,0.8200684189796448
2509,680,4378,139.47799682617188,107.68470764160156,210.93685913085938,437.52720642089844,0.2620917558670044
2510,681,22627,129.87240600585938,126.60333251953125,343.32366943359375,473.27325439453125,0.8630434274673462
2511,681,2483,616.2952880859375,49.13397216796875,222.87646484375,485.58453369140625,0.8504735231399536
2512,681,5094,104.6748046875,800.93798828125,278.62115478515625,272.402099609375,0.8295308351516724
2513,681,4378,589.3417358398438,697.6630859375,216.2274169921875,457.189453125,0.5663143992424011
2514,684,1900,181.54534912109375,267.47613525390625,129.13311767578125,199.60791015625,0.8365423083305359
2515,684,29345,578.4260864257812,716.3975830078125,323.7982177734375,428.2109375,0.8187417984008789
2516,684,18110,79.85614013671875,765.7799072265625,303.29046630859375,288.1708984375,0.7530304193496704
2517,684,16551,528.9281616210938,84.2586669921875,364.10791015625,435.654296875,0.741004467010498
2518,685,6192,93.32919311523438,10.54095458984375,301.6100158691406,527.9418334960938,0.8315901160240173
2519,685,25438,117.97705841064453,819.2938232421875,255.44182586669922,255.14990234375,0.8136807680130005
2520,685,2483,579.559326171875,116.6151123046875,292.044677734375,450.8427734375,0.7609371542930603
2521,685,12081,645.70751953125,704.0447998046875,236.156494140625,450.799072265625,0.646162211894989
2522,688,20238,614.511474609375,185.8643035888672,221.1441650390625,215.20082092285156,0.8734251260757446
2523,688,3483,579.6405639648438,759.024169921875,274.458984375,211.0958251953125,0.862078845500946
2524,688,34597,100.1204833984375,184.3609619140625,456.69647216796875,404.130615234375,0.8182253241539001
2525,688,27733,87.74102783203125,727.6928100585938,319.60162353515625,280.74267578125,0.7792731523513794
2526,692,22347,657.5557861328125,835.6151123046875,214.19873046875,208.005126953125,0.8294439315795898
2527,692,3483,131.52688598632812,287.43670654296875,275.923095703125,173.5877685546875,0.8125950694084167
2528,692,27653,670.5782470703125,254.8151092529297,221.3328857421875,200.03871154785156,0.7883819937705994
2529,692,35206,104.69659423828125,684.9775390625,201.85748291015625,420.142822265625,0.7445778250694275
2530,694,19232,502.7102355957031,238.5538330078125,328.5165710449219,255.7177734375,0.8371355533599854
2531,694,35206,157.23477172851562,273.5322265625,259.34521484375,394.211181640625,0.7803234457969666
2532,694,3351,402.53802490234375,850.563232421875,188.7213134765625,189.8017578125,0.7203817367553711
2533,697,38162,138.31585693359375,260.02227783203125,226.02264404296875,267.11358642578125,0.979909360408783
2534,697,3351,403.527099609375,854.524658203125,189.78411865234375,193.89453125,0.8792100548744202
2535,697,18357,602.128173828125,201.01361083984375,240.5732421875,348.24334716796875,0.7097168564796448
2536,698,38162,574.3976440429688,678.0060424804688,236.5618896484375,283.6678466796875,0.9684621691703796
2537,698,3351,347.1285400390625,173.48182678222656,180.1409912109375,186.03697204589844,0.7879182696342468
2538,698,18357,77.14319610595703,627.2340087890625,253.94060516357422,377.473388671875,0.41958293318748474
2539,698,19232,77.2913818359375,627.791015625,253.526123046875,376.09765625,0.2982276380062103
2540,70,29451,45.57421875,232.23724365234375,402.1536865234375,228.16510009765625,0.8673979043960571
2541,70,24850,646.1549072265625,257.65924072265625,191.002197265625,267.9830322265625,0.8432963490486145
2542,70,1900,631.2313232421875,898.5374755859375,210.2236328125,156.31787109375,0.7993812561035156
2543,70,16551,46.132476806640625,708.4873046875,303.7206115722656,497.78369140625,0.6918851733207703
2544,700,3483,574.119873046875,837.357177734375,260.2264404296875,230.435546875,0.8769644498825073
2545,700,30308,74.9013671875,130.8385772705078,383.69097900390625,396.53416442871094,0.8403010964393616
2546,700,19861,91.41815948486328,827.6595458984375,226.14360809326172,175.84228515625,0.7531892657279968
2547,700,16232,618.2015380859375,173.77618408203125,183.956298828125,180.88214111328125,0.719107449054718
2548,701,3483,601.8865966796875,867.01953125,257.6199951171875,228.923828125,0.8559016585350037
2549,701,30308,88.9659423828125,147.710205078125,394.46343994140625,407.25762939453125,0.7859872579574585
2550,701,19861,126.28775024414062,865.05859375,220.72821044921875,168.624755859375,0.7257367372512817
2551,701,16232,646.116455078125,176.2705841064453,189.219482421875,186.13914489746094,0.7055826187133789
2552,702,3483,151.28433227539062,219.05661010742188,246.14459228515625,221.18316650390625,0.8793394565582275
2553,702,30308,514.77392578125,696.9197998046875,402.912353515625,416.7572021484375,0.8278670310974121
2554,702,16232,145.63436889648438,900.1495361328125,194.8843994140625,191.2982177734375,0.8271998167037964
2555,702,19861,638.3382568359375,277.6263427734375,218.8251953125,170.2601318359375,0.6301336884498596
2556,705,22347,120.88088989257812,199.26522827148438,206.45843505859375,199.44915771484375,0.8903557062149048
2557,705,3483,593.308837890625,873.2230224609375,256.8641357421875,229.506103515625,0.8625988960266113
2558,705,29667,638.9014892578125,205.73416137695312,224.173828125,214.38726806640625,0.8019450306892395
2559,705,19861,117.99588012695312,864.2156982421875,222.02023315429688,169.9613037109375,0.7445278167724609
2560,706,12778,71.7845458984375,105.197021484375,346.9800720214844,502.16925048828125,0.8972824811935425
2561,706,2483,607.6341552734375,81.78619384765625,257.4366455078125,462.8226318359375,0.8295192718505859
2562,706,5886,603.1937255859375,683.0042724609375,250.702392578125,508.45068359375,0.7790461778640747
2563,706,5094,110.061279296875,816.5809326171875,282.92950439453125,283.570068359375,0.7339727878570557
2564,707,12778,533.8045654296875,630.437255859375,355.574951171875,491.7652587890625,0.9738298058509827
2565,707,5094,549.6527099609375,186.03480529785156,270.7581787109375,267.36582946777344,0.8136381506919861
2566,707,2483,71.56841278076172,690.92431640625,252.04938507080078,470.3248291015625,0.7933288812637329
2567,707,13395,114.56796264648438,81.9678955078125,232.64111328125,475.57672119140625,0.3843279480934143
2568,708,12778,65.7498779296875,80.3240966796875,343.9914245605469,490.4222412109375,0.8811591863632202
2569,708,5886,597.13818359375,685.0716552734375,235.32861328125,491.4927978515625,0.8491716384887695
2570,708,5094,107.51950073242188,805.97998046875,278.97735595703125,272.970947265625,0.811593770980835
2571,708,2483,619.22119140625,51.14788818359375,250.108154296875,472.14508056640625,0.801778256893158
2572,710,27733,86.81375122070312,727.6392822265625,320.892578125,280.4345703125,0.9066700339317322
2573,710,3483,579.28271484375,759.583740234375,274.895263671875,210.0745849609375,0.8675763607025146
2574,710,16262,562.4937744140625,217.6291046142578,238.5213623046875,229.36094665527344,0.8221521973609924
2575,710,28763,159.37420654296875,233.4158172607422,207.635498046875,198.92652893066406,0.7452754378318787
2576,712,12778,107.29623413085938,110.08282470703125,292.87591552734375,536.4179077148438,0.8447492718696594
2577,712,13395,641.9345703125,671.87841796875,241.44580078125,520.6064453125,0.8446226716041565
2578,712,2483,626.3167114257812,99.48551940917969,227.740234375,471.49903869628906,0.8422765731811523
2579,712,5094,136.203369140625,844.0169677734375,283.56439208984375,286.157470703125,0.7248472571372986
2580,713,12778,547.7202758789062,594.33056640625,282.97802734375,525.9521484375,0.8588050603866577
2581,713,13395,81.531494140625,82.34771728515625,230.35855102539062,484.89361572265625,0.8375142216682434
2582,713,5094,524.4320068359375,162.7911834716797,271.4732666015625,266.12599182128906,0.8322437405586243
2583,713,2483,79.59603881835938,665.2271728515625,219.18637084960938,483.086669921875,0.6620622277259827
2584,714,12778,106.55726623535156,83.44354248046875,294.11961364746094,524.8477783203125,0.8987525105476379
2585,714,13395,631.8994140625,673.4449462890625,231.9964599609375,503.70068359375,0.8956108093261719
2586,714,2483,640.0904541015625,64.1102294921875,215.6669921875,484.4097900390625,0.8211150169372559
2587,714,5094,133.79812622070312,834.76953125,277.57916259765625,272.257080078125,0.6901419758796692
2588,716,19552,96.45150756835938,134.67901611328125,320.919677734375,493.87469482421875,0.899350106716156
2589,716,2483,585.553466796875,99.78643798828125,233.52978515625,473.45013427734375,0.8696344494819641
2590,716,3743,119.48152160644531,796.26904296875,330.46458435058594,331.025146484375,0.8023357391357422
2591,716,12081,612.1517333984375,716.600341796875,237.580322265625,465.8076171875,0.6362251043319702
2592,717,19552,524.1315307617188,608.17822265625,323.3887939453125,489.3740234375,0.9231024980545044
2593,717,2483,89.825439453125,662.685791015625,258.50152587890625,476.04052734375,0.743901789188385
2594,717,12081,109.49948120117188,109.204833984375,229.29837036132812,430.8897705078125,0.7014463543891907
2595,717,3743,495.628173828125,166.79876708984375,313.5145263671875,298.79962158203125,0.5900726318359375
2596,719,16548,553.37744140625,182.66799926757812,232.245849609375,226.31134033203125,0.9226499795913696
2597,719,1900,123.79458618164062,260.63043212890625,197.61962890625,148.7188720703125,0.8822822570800781
2598,719,21771,92.41681671142578,810.168701171875,193.65508270263672,190.197998046875,0.8580390810966492
2599,719,31705,607.0422973632812,688.0018310546875,252.6416015625,457.7073974609375,0.785399317741394
2600,72,16551,644.934814453125,47.12322998046875,287.546142578125,481.07244873046875,0.8844056725502014
2601,72,29451,552.7547607421875,843.7506103515625,408.86376953125,222.4619140625,0.8150833249092102
2602,72,1900,155.54052734375,223.101806640625,205.47259521484375,153.58404541015625,0.8132995367050171
2603,72,24850,151.49990844726562,773.83447265625,195.60247802734375,281.3199462890625,0.8067266941070557
2604,720,16548,166.87353515625,840.44970703125,239.99957275390625,238.856689453125,0.842766284942627
2605,720,31705,123.24404907226562,132.41107177734375,243.98452758789062,422.88739013671875,0.8317939639091492
2606,720,1900,647.5946044921875,856.144775390625,210.2939453125,156.51806640625,0.828063428401947
2607,720,21771,675.9232177734375,285.6766662597656,186.1455078125,181.7412109375,0.6130675673484802
2608,721,31885,65.00262451171875,160.62811279296875,448.45379638671875,466.62890625,0.8980106711387634
2609,721,35206,569.5341796875,119.55517578125,251.33251953125,380.1656494140625,0.8520587682723999
2610,721,3483,580.0482177734375,759.5029296875,274.6778564453125,210.029296875,0.8497307896614075
2611,721,27733,88.76736450195312,727.9384765625,319.443359375,280.18603515625,0.7668003439903259
2612,724,16548,106.63323211669922,736.3857421875,237.76532745361328,231.949951171875,0.9096606969833374
2613,724,3544,132.74664306640625,177.7455291748047,202.95596313476562,199.02845764160156,0.7678557634353638
2614,724,10221,580.7152099609375,166.37042236328125,215.3466796875,214.904052734375,0.7400416731834412
2615,724,31705,574.5040283203125,675.831298828125,253.89453125,453.4449462890625,0.6847068667411804
2616,725,3544,637.324462890625,885.421630859375,212.59765625,212.617919921875,0.8436050415039062
2617,725,10221,151.9234619140625,874.6910400390625,229.2860107421875,226.050537109375,0.8288512825965881
2618,725,31705,146.0673370361328,148.15594482421875,253.27037048339844,420.05694580078125,0.7017701268196106
2619,725,16548,618.6793212890625,301.93402099609375,230.874755859375,225.2274169921875,0.6813492178916931
2620,726,16548,138.93504333496094,775.6446533203125,235.51759338378906,226.4593505859375,0.9087027907371521
2621,726,10221,608.44677734375,170.89605712890625,220.389404296875,215.54718017578125,0.7928548455238342
2622,726,31705,602.9325561523438,714.534912109375,250.4710693359375,447.792236328125,0.6929579973220825
2623,726,3544,148.5554656982422,181.65826416015625,208.88880920410156,201.96490478515625,0.6504251956939697
2624,727,25367,38.92462158203125,154.00059509277344,406.90667724609375,448.30482482910156,0.8634292483329773
2625,727,3483,576.18359375,810.6199951171875,278.157958984375,192.3955078125,0.8577487468719482
2626,727,16232,603.04931640625,214.07089233398438,183.602783203125,182.45147705078125,0.7757488489151001
2627,727,25469,13.758758544921875,812.3597412109375,380.8988037109375,222.101318359375,0.7222447395324707
2628,728,3483,602.6668701171875,845.8602294921875,277.240234375,186.78173828125,0.8334122896194458
2629,728,25367,53.60047912597656,176.2587890625,419.41404724121094,448.93048095703125,0.8276181817054749
2630,728,25469,48.2772216796875,856.3446044921875,376.7766418457031,220.2340087890625,0.7833462953567505
2631,728,16232,630.5726318359375,219.8857879638672,189.302978515625,187.82240295410156,0.6311516761779785
2632,73,6563,166.46620178222656,671.1014404296875,218.78208923339844,366.5281982421875,0.8951920866966248
2633,73,16551,524.8763427734375,74.0771484375,352.8741455078125,421.33837890625,0.8861497640609741
2634,73,12247,592.3426513671875,849.6273193359375,211.3729248046875,125.693359375,0.8597013354301453
2635,73,3544,72.06334686279297,200.51840209960938,203.42957305908203,199.29840087890625,0.8228764533996582
2636,731,16548,118.65335083007812,769.28076171875,238.66360473632812,231.559326171875,0.9027996063232422
2637,731,29871,603.0120849609375,771.155517578125,207.456787109375,224.9228515625,0.856277585029602
2638,731,4543,612.2603759765625,142.72506713867188,202.9521484375,197.89871215820312,0.7436507940292358
2639,731,3544,101.76556396484375,160.60015869140625,202.98980712890625,198.96588134765625,0.7191888093948364
2640,732,4543,133.44732666015625,917.0999755859375,213.24053955078125,212.427001953125,0.8399210572242737
2641,732,3544,668.8775634765625,899.59814453125,214.579345703125,213.3375244140625,0.8339153528213501
2642,732,16548,607.2301025390625,265.2248840332031,231.15087890625,223.27947998046875,0.800934910774231
2643,732,29871,167.24160766601562,277.7882080078125,205.22613525390625,213.36279296875,0.4233362674713135
2644,738,16551,587.9451904296875,90.24122619628906,288.0380859375,459.94468688964844,0.7791361212730408
2645,738,31705,140.75819396972656,641.564453125,247.00645446777344,457.458740234375,0.76618891954422
2646,738,1900,87.53491973876953,258.9229736328125,200.99785614013672,126.7557373046875,0.7438324093818665
2647,738,44199,603.4329833984375,769.4561767578125,172.5634765625,286.455322265625,0.7097874283790588
2648,740,1900,646.6845703125,830.0531005859375,167.8065185546875,199.604736328125,0.8720493316650391
2649,740,31705,134.92388916015625,128.54803466796875,242.3704833984375,421.73681640625,0.8316693305969238
2650,740,16548,120.06304931640625,803.382568359375,240.63958740234375,237.3033447265625,0.7982996702194214
2651,740,19607,656.4957885742188,273.0919189453125,155.602294921875,148.8753662109375,0.7475131750106812
2652,742,4378,78.52679443359375,97.4544677734375,223.42999267578125,442.3897705078125,0.9659201502799988
2653,742,6192,567.7796630859375,536.775146484375,280.6986083984375,529.9765625,0.8635504841804504
2654,742,2483,84.63296508789062,674.320556640625,242.26910400390625,471.32470703125,0.8193293213844299
2655,742,25438,569.4482421875,186.39617919921875,246.781005859375,254.41571044921875,0.8064640164375305
2656,743,4378,641.455078125,702.8521728515625,222.641845703125,458.715576171875,0.9722808599472046
2657,743,2483,613.8216552734375,65.82940673828125,240.81201171875,473.93731689453125,0.8383177518844604
2658,743,25438,109.80709838867188,829.1884765625,254.99966430664062,255.646484375,0.8271913528442383
2659,743,6192,93.03872680664062,129.5101318359375,283.1933898925781,535.7569580078125,0.7787880301475525
2660,745,16262,663.279052734375,271.91973876953125,239.4444580078125,228.316650390625,0.8737034201622009
2661,745,3351,350.98333740234375,890.872314453125,192.054443359375,195.3779296875,0.859516978263855
2662,745,32310,116.40470123291016,177.80389404296875,224.50670623779297,361.62164306640625,0.4482472240924835
2663,747,3351,437.5743408203125,190.29876708984375,183.252685546875,186.41162109375,0.8688777685165405
2664,747,32310,639.8736572265625,736.3929443359375,231.026123046875,392.800048828125,0.8539242148399353
2665,747,16262,61.25348663330078,797.8265380859375,244.67559051513672,237.550537109375,0.8093968033790588
2666,75,6563,198.85079956054688,715.255615234375,215.61553955078125,358.7496337890625,0.8981181979179382
2667,75,12247,620.7779541015625,880.0643310546875,207.5234375,124.1064453125,0.8684516549110413
2668,75,16551,551.0344848632812,81.8699951171875,367.58447265625,434.219482421875,0.8649632334709167
2669,75,3544,87.73590087890625,209.18026733398438,208.01034545898438,201.90338134765625,0.8067882061004639
2670,750,29345,586.746826171875,132.71531677246094,273.244140625,411.13880920410156,0.975964367389679
2671,750,1900,687.428466796875,807.1357421875,129.932373046875,207.197509765625,0.8137348890304565
2672,750,44199,171.31845092773438,199.81536865234375,168.1495361328125,271.46038818359375,0.7203751802444458
2673,750,16548,146.9943084716797,788.92626953125,242.73951721191406,236.73828125,0.6917389631271362
2674,752,27993,548.46533203125,778.2750244140625,308.646484375,241.943603515625,0.9301629662513733
2675,752,16548,558.4158935546875,137.4359130859375,230.44921875,224.593994140625,0.902159571647644
2676,752,6563,165.97518920898438,671.5263671875,218.945556640625,365.7672119140625,0.8927635550498962
2677,752,3544,91.75646209716797,196.6225128173828,204.52301788330078,199.40208435058594,0.6822274923324585
2678,754,3832,86.68482971191406,654.2818603515625,377.98399353027344,382.449462890625,0.9808011651039124
2679,754,29667,626.62255859375,760.9523315429688,227.9091796875,222.78173828125,0.8764020800590515
2680,754,3351,373.96563720703125,196.36859130859375,182.78271484375,184.12823486328125,0.8285635113716125
2681,756,3832,518.63427734375,257.93951416015625,368.031494140625,374.4976806640625,0.982638955116272
2682,756,29667,127.18142700195312,320.33612060546875,224.48638916015625,224.48583984375,0.8587666749954224
2683,756,3351,417.9332275390625,888.9512939453125,187.81884765625,192.5723876953125,0.7889977097511292
2684,758,3483,153.58270263671875,218.49916076660156,245.29766845703125,220.65159606933594,0.881982684135437
2685,758,31885,557.0523681640625,658.40283203125,350.7978515625,556.408203125,0.7305300831794739
2686,758,36637,95.52264404296875,906.592529296875,273.10040283203125,166.283203125,0.7097304463386536
2687,758,19861,640.266357421875,277.44903564453125,219.385009765625,171.71746826171875,0.6662867069244385
2688,759,3483,571.91796875,838.42041015625,260.59033203125,230.0560302734375,0.8788633942604065
2689,759,36637,591.0772705078125,195.1279754638672,258.5107421875,154.71449279785156,0.8297238945960999
2690,759,19861,89.25762176513672,826.9036865234375,226.05023956298828,175.8355712890625,0.744056761264801
2691,759,31885,75.86672973632812,31.09259033203125,330.71240234375,529.9169921875,0.6999979615211487
2692,760,29345,90.56332397460938,707.877685546875,292.843505859375,447.000244140625,0.9793570041656494
2693,760,16548,582.1802978515625,203.73204040527344,231.072998046875,225.97010803222656,0.9118098020553589
2694,760,1900,159.77432250976562,258.59173583984375,127.87286376953125,199.9215087890625,0.8402678370475769
2695,760,33208,657.177001953125,804.9716796875,212.91845703125,202.7958984375,0.8342723250389099
2696,761,29345,127.24298095703125,750.63037109375,284.54510498046875,439.33154296875,0.9828049540519714
2697,761,16548,610.1615600585938,211.6541290283203,236.6484375,226.84092712402344,0.9268948435783386
2698,761,1900,178.82717895507812,268.93670654296875,128.63137817382812,200.1343994140625,0.8458653092384338
2699,761,33208,684.6319580078125,836.357177734375,209.84814453125,200.663330078125,0.8241339921951294
2700,763,27733,564.96875,261.13555908203125,302.036865234375,266.89288330078125,0.9470848441123962
2701,763,3483,123.12141418457031,306.32073974609375,271.41722106933594,201.4744873046875,0.8716522455215454
2702,763,20238,113.00393676757812,854.308349609375,232.03768920898438,226.742431640625,0.8459560871124268
2703,763,31885,501.2264099121094,639.2174072265625,455.8281555175781,483.4200439453125,0.7820044755935669
2704,764,31885,47.67724609375,132.96002197265625,463.2420654296875,469.79827880859375,0.8921186923980713
2705,764,3483,608.4630126953125,790.84326171875,272.9110107421875,209.88037109375,0.8642333745956421
2706,764,20238,643.5520629882812,189.803955078125,226.96875,217.7174072265625,0.8573688864707947
2707,764,27733,123.75286865234375,769.30126953125,314.284423828125,274.54931640625,0.7064234614372253
2708,766,3483,142.09783935546875,291.19720458984375,211.74298095703125,256.92022705078125,0.8822435140609741
2709,766,34597,569.1273803710938,729.345458984375,406.87261962890625,483.6595458984375,0.8771798610687256
2710,766,20877,544.521728515625,293.32098388671875,328.734375,234.9669189453125,0.7964076399803162
2711,766,36637,166.52145385742188,797.189453125,190.35479736328125,257.242431640625,0.7944157719612122
2712,768,20877,84.8712158203125,723.0596923828125,330.53033447265625,244.685791015625,0.8714245557785034
2713,768,3483,623.6839599609375,719.7510986328125,210.779541015625,270.59912109375,0.8688231110572815
2714,768,36637,605.0693359375,204.436767578125,179.0455322265625,245.84130859375,0.8669648766517639
2715,768,34597,8.30499267578125,15.944488525390625,400.1131896972656,464.59912109375,0.8231058716773987
2716,772,16551,556.4153442382812,80.36224365234375,289.109375,479.234375,0.8868116140365601
2717,772,31705,173.32958984375,685.762451171875,247.03668212890625,448.7213134765625,0.819288432598114
2718,772,33208,641.0782470703125,880.1129150390625,207.78759765625,198.9503173828125,0.8123288154602051
2719,772,1900,104.36148071289062,269.5350341796875,204.79428100585938,123.54473876953125,0.7508893609046936
2720,773,16551,529.7054443359375,70.8759765625,281.084716796875,466.2406005859375,0.898432731628418
2721,773,33208,612.29052734375,846.829833984375,212.792724609375,205.51318359375,0.7902225255966187
2722,773,31705,140.87643432617188,641.7381591796875,247.08795166015625,457.33447265625,0.7679212093353271
2723,773,1900,87.33226776123047,258.9347839355469,201.25684356689453,126.80364990234375,0.7599049806594849
2724,778,3483,602.8372802734375,845.5020751953125,276.9267578125,187.175048828125,0.8245068192481995
2725,778,30308,84.78251647949219,169.49072265625,404.53627014160156,399.4775390625,0.7817442417144775
2726,778,25469,47.813385009765625,856.8238525390625,378.0635070800781,219.90625,0.7747452259063721
2727,778,16232,630.756103515625,220.2535400390625,188.3245849609375,186.7091064453125,0.6173015236854553
2728,779,16232,164.8215789794922,855.873291015625,192.49049377441406,191.092529296875,0.9041718244552612
2729,779,3483,127.46832275390625,271.29901123046875,269.580078125,189.505126953125,0.8686323165893555
2730,779,30308,511.46075439453125,684.401123046875,413.6849365234375,406.8525390625,0.7596828937530518
2731,779,25469,570.5262451171875,231.39816284179688,376.1517333984375,218.46978759765625,0.6644101738929749
2732,780,30308,71.03721618652344,147.65447998046875,394.42555236816406,395.24285888671875,0.8778254389762878
2733,780,3483,576.3359375,810.71728515625,278.32080078125,192.629638671875,0.8446260690689087
2734,780,16232,603.2395629882812,214.01519775390625,183.3072509765625,182.40338134765625,0.7730919122695923
2735,780,25469,13.714324951171875,812.6307373046875,381.1429138183594,221.80712890625,0.725064218044281
2736,782,22074,587.3123779296875,727.4066162109375,187.8837890625,195.777099609375,0.9061866402626038
2737,782,3351,341.45587158203125,183.00811767578125,183.3558349609375,189.16156005859375,0.8218991756439209
2738,782,20014,8.2808837890625,624.45263671875,350.43603515625,343.009033203125,0.5907421112060547
2739,785,25367,541.192138671875,689.6456298828125,393.259521484375,492.2525634765625,0.845486044883728
2740,785,3483,131.49986267089844,287.76824951171875,276.02479553222656,173.133056640625,0.8114531636238098
2741,785,27653,670.760009765625,255.2094268798828,221.0762939453125,200.13438415527344,0.7859393358230591
2742,785,35206,104.89952850341797,684.985107421875,201.48743438720703,419.250244140625,0.7510898113250732
2743,787,3483,150.5160675048828,219.19239807128906,246.86460876464844,221.05149841308594,0.8807777166366577
2744,787,20238,111.33657836914062,856.128173828125,230.90023803710938,226.18603515625,0.7944002747535706
2745,787,19861,638.2899169921875,277.4580078125,219.1546630859375,170.70556640625,0.6299222707748413
2746,787,34597,536.2515869140625,650.125244140625,354.799560546875,519.045166015625,0.5557808876037598
2747,788,3483,574.1640625,837.105224609375,260.419189453125,230.590576171875,0.8778789043426514
2748,788,20238,616.81298828125,185.9420166015625,218.861083984375,212.76904296875,0.7896583676338196
2749,788,19861,91.7361068725586,827.7432250976562,225.81793975830078,175.9058837890625,0.7480222582817078
2750,788,34597,100.53482055664062,66.0921630859375,333.23785400390625,489.19561767578125,0.7325789928436279
2751,79,19232,502.88726806640625,238.19520568847656,328.92041015625,255.51353454589844,0.8933197259902954
2752,79,16262,127.67939758300781,297.66448974609375,243.70689392089844,234.69256591796875,0.8349008560180664
2753,79,3351,387.76849365234375,846.0523681640625,188.679443359375,191.10107421875,0.7194594740867615
2754,797,27993,495.223388671875,853.3455200195312,335.952392578125,165.9124755859375,0.9791662096977234
2755,797,4543,602.579345703125,189.2642822265625,203.145263671875,198.76690673828125,0.7968676090240479
2756,797,3544,147.25875854492188,191.20277404785156,204.05059814453125,198.50743103027344,0.6145925521850586
2757,797,16551,40.306549072265625,529.66357421875,311.46942138671875,474.29931640625,0.5024592280387878
2758,798,27993,525.5557861328125,888.3148193359375,329.510009765625,161.5701904296875,0.9850252270698547
2759,798,4543,630.0668334960938,192.3023223876953,209.228515625,201.89976501464844,0.7865282297134399
2760,798,3544,163.6525421142578,197.52391052246094,207.63218688964844,201.71607971191406,0.6981027722358704
2761,798,16551,69.7718505859375,577.8697509765625,312.1500244140625,468.706298828125,0.6832263469696045
2762,799,28763,170.47906494140625,179.9498291015625,211.69000244140625,201.1103515625,0.8735982179641724
2763,799,3483,601.6185302734375,867.7042236328125,258.286865234375,228.972900390625,0.864604115486145
2764,799,20238,645.3946533203125,188.2513885498047,225.026123046875,216.94630432128906,0.8292196393013
2765,799,19861,126.02804565429688,865.660888671875,220.7835693359375,168.3475341796875,0.7614278793334961
2766,8,22347,131.37020874023438,219.63868713378906,204.77301025390625,197.69175720214844,0.8587027788162231
2767,8,20238,622.834716796875,176.84329223632812,225.745361328125,216.99267578125,0.8263251781463623
2768,8,3483,587.8720703125,845.572998046875,283.658935546875,166.602783203125,0.789655864238739
2769,8,27653,96.80728149414062,853.3018798828125,221.62942504882812,207.04345703125,0.6620577573776245
2770,80,19232,93.79220581054688,696.697509765625,341.03326416015625,269.912353515625,0.9470153450965881
2771,80,16262,571.2020263671875,694.4542236328125,246.431884765625,243.490234375,0.8308811783790588
2772,80,3351,360.41558837890625,194.26048278808594,183.7872314453125,188.62525939941406,0.7583544254302979
2773,807,3483,160.35809326171875,213.52069091796875,243.89495849609375,221.89154052734375,0.8810045123100281
2774,807,25367,610.182373046875,707.32958984375,318.15673828125,527.8446044921875,0.8497541546821594
2775,807,29667,117.705322265625,839.44287109375,232.00857543945312,226.657470703125,0.8251425623893738
2776,807,19861,645.0067749023438,277.2601318359375,219.5677490234375,172.1151123046875,0.678106963634491
2777,808,6563,194.12237548828125,708.4681396484375,215.7052001953125,360.080322265625,0.8853912353515625
2778,808,16551,615.2518920898438,48.58349609375,332.3585205078125,456.3743896484375,0.8127564191818237
2779,808,3544,108.8914794921875,206.88726806640625,208.04684448242188,201.024169921875,0.7274208068847656
2780,808,29871,632.4213256835938,825.325439453125,172.311279296875,240.90478515625,0.3377223312854767
2781,810,16551,586.3701171875,45.19120788574219,326.2890625,441.42274475097656,0.9114463925361633
2782,810,6563,161.42282104492188,664.5902099609375,219.02569580078125,365.7449951171875,0.898090660572052
2783,810,29871,605.6339111328125,788.80322265625,173.340087890625,248.39794921875,0.7559260129928589
2784,810,3544,93.08130645751953,199.19329833984375,203.84020233154297,197.423583984375,0.714614987373352
2785,815,3351,362.75653076171875,169.4446258544922,180.9957275390625,185.66773986816406,0.8307918310165405
2786,815,20238,98.77677154541016,711.5936889648438,229.52068328857422,228.242431640625,0.8175660371780396
2787,815,32310,520.613037109375,612.601318359375,279.3297119140625,360.3350830078125,0.687834620475769
2788,817,16232,648.1346435546875,230.56439208984375,192.4879150390625,181.3804931640625,0.8088377714157104
2789,817,3483,586.5609130859375,844.8087768554688,284.2431640625,168.572998046875,0.783035159111023
2790,817,30308,95.21839904785156,154.14808654785156,385.68577575683594,422.85179138183594,0.7697646021842957
2791,817,27653,95.35806274414062,852.319091796875,222.10556030273438,207.155029296875,0.628777265548706
2792,818,16232,143.11123657226562,847.46484375,195.3514404296875,190.9375,0.9310111403465271
2793,818,30308,525.4891357421875,676.1121826171875,391.054443359375,428.9447021484375,0.8385952115058899
2794,818,3483,131.658203125,287.64630126953125,276.11224365234375,173.65625,0.8122968077659607
2795,818,27653,671.333740234375,255.50106811523438,220.569091796875,200.0247802734375,0.7781147956848145
2796,819,16232,620.8722534179688,221.6144561767578,186.644287109375,183.51353454589844,0.9014381766319275
2797,819,30308,80.90277099609375,134.56134033203125,373.86962890625,414.6353759765625,0.8470028638839722
2798,819,3483,558.9862060546875,811.952392578125,285.79296875,174.65771484375,0.7778807878494263
2799,819,27653,61.41680908203125,810.8030395507812,223.83084106445312,211.3585205078125,0.7223612070083618
2800,82,19552,117.15673828125,141.83563232421875,323.04095458984375,501.95135498046875,0.9034907221794128
2801,82,22362,611.47119140625,736.73828125,270.05908203125,418.603515625,0.8284949064254761
2802,82,2483,630.3929443359375,100.43365478515625,200.243896484375,470.85418701171875,0.7720106840133667
2803,82,3743,122.87396240234375,838.40869140625,332.3919677734375,334.47705078125,0.6817911267280579
2804,820,19552,485.9129638671875,643.7584228515625,334.94482421875,482.8544921875,0.940638542175293
2805,820,4378,136.09890747070312,107.70556640625,220.01776123046875,434.8038330078125,0.8852949738502502
2806,820,2483,97.33929443359375,689.6693115234375,207.7493896484375,492.3316650390625,0.7798994779586792
2807,820,3743,484.6911315917969,149.04335021972656,314.1487121582031,306.16587829589844,0.7006426453590393
2808,822,19552,125.60319519042969,101.13128662109375,330.68666076660156,489.66754150390625,0.904427170753479
2809,822,4378,596.080322265625,702.6778564453125,233.28564453125,466.800048828125,0.8925384283065796
2810,822,2483,622.017333984375,70.4830322265625,194.0811767578125,468.8858642578125,0.665469765663147
2811,822,3743,132.85350036621094,813.6083984375,330.85987854003906,331.225341796875,0.6548994779586792
2812,826,18147,539.3182373046875,319.6015319824219,302.5146484375,385.1731262207031,0.8425838351249695
2813,826,3351,407.700927734375,861.1846923828125,189.91937255859375,192.7303466796875,0.8228434920310974
2814,826,38162,180.16334533691406,206.55340576171875,247.23899841308594,257.08099365234375,0.729398787021637
2815,828,38162,552.1536865234375,864.325927734375,249.1383056640625,252.789306640625,0.9656500816345215
2816,828,18147,130.77423095703125,573.2952880859375,309.44329833984375,407.898193359375,0.9581886529922485
2817,828,3351,382.73919677734375,237.66128540039062,184.1456298828125,183.26507568359375,0.8050989508628845
2818,829,36637,637.4462890625,176.1882781982422,180.232421875,243.06202697753906,0.8829798698425293
2819,829,28763,97.64630126953125,168.6882781982422,208.18572998046875,199.19691467285156,0.8291431069374084
2820,829,3483,538.3243408203125,777.845947265625,265.619140625,225.695556640625,0.8200795650482178
2821,829,27777,144.85177612304688,775.1083984375,179.47982788085938,205.311767578125,0.8013618588447571
2822,83,19552,502.9769287109375,596.7152099609375,320.7203369140625,487.251708984375,0.9332824945449829
2823,83,22362,81.8035888671875,119.42111206054688,257.33184814453125,388.48577880859375,0.8735215067863464
2824,83,2483,93.503662109375,658.7900390625,209.74899291992188,493.860107421875,0.7463405728340149
2825,83,3743,491.8531188964844,127.80181884765625,313.8948059082031,302.2900390625,0.5657784342765808
2826,830,28763,666.74560546875,891.159912109375,223.09326171875,212.968017578125,0.8582603931427002
2827,830,3483,174.19375610351562,274.62957763671875,259.69659423828125,220.06915283203125,0.8523434996604919
2828,830,27777,638.5867309570312,293.2209777832031,175.2376708984375,194.27862548828125,0.8052533268928528
2829,830,36637,129.28939819335938,828.16455078125,193.0247802734375,256.738525390625,0.7791943550109863
2830,831,36637,666.2991943359375,178.98287963867188,185.7374267578125,248.697509765625,0.9235965609550476
2831,831,27777,178.01708984375,813.0743408203125,176.09979248046875,199.4859619140625,0.8120845556259155
2832,831,3483,565.677734375,813.1353759765625,264.253662109375,219.2677001953125,0.8018261194229126
2833,831,28763,112.90447998046875,175.9239501953125,212.01226806640625,201.6671142578125,0.7066767811775208
2834,832,16548,608.3519287109375,163.07374572753906,234.1788330078125,224.01194763183594,0.918259859085083
2835,832,1900,622.678466796875,888.7984619140625,207.664306640625,140.2059326171875,0.8269747495651245
2836,832,21026,138.28009033203125,867.2427978515625,179.1285400390625,177.333984375,0.7336004376411438
2837,832,18110,60.26995849609375,124.42022705078125,303.4797668457031,289.3282470703125,0.679271936416626
2838,838,16548,592.3037719726562,162.7525634765625,231.0919189453125,225.16912841796875,0.9261955618858337
2839,838,33208,588.936767578125,801.3878173828125,212.5855712890625,204.3070068359375,0.8762496709823608
2840,838,1900,140.3533935546875,240.48727416992188,200.14874267578125,127.986328125,0.7730836272239685
2841,838,27926,90.54510498046875,612.4423828125,272.58892822265625,486.6651611328125,0.4195250868797302
2842,842,27733,565.6446533203125,261.02618408203125,301.247802734375,266.321044921875,0.9435027837753296
2843,842,34597,470.3446350097656,670.77880859375,465.4609069824219,427.421875,0.881264865398407
2844,842,3483,122.81475830078125,305.8656005859375,271.61907958984375,201.9215087890625,0.867666482925415
2845,842,16262,151.92799377441406,803.7388916015625,249.54234313964844,241.092041015625,0.795575737953186
2846,85,21771,149.12310791015625,849.9586181640625,193.56231689453125,189.919921875,0.9261544942855835
2847,85,16548,571.2056884765625,251.28955078125,231.66455078125,226.8232421875,0.9112995266914368
2848,85,29345,585.7469482421875,674.9423828125,291.2081298828125,450.368408203125,0.9101548790931702
2849,85,1900,162.73480224609375,257.13330078125,127.20166015625,199.1116943359375,0.8234480619430542
2850,851,22362,611.3457641601562,736.979248046875,270.031982421875,418.7080078125,0.82643061876297
2851,851,22627,109.98187255859375,156.9285888671875,308.6541748046875,490.595703125,0.8210698366165161
2852,851,2483,630.3047485351562,99.9986572265625,201.622802734375,470.98431396484375,0.7681763172149658
2853,851,3743,122.68817138671875,838.557373046875,332.44671630859375,334.5947265625,0.750969648361206
2854,855,12778,89.23162841796875,129.2568359375,306.4752197265625,529.2703857421875,0.9390681982040405
2855,855,4378,595.884765625,703.5634765625,233.5087890625,465.823486328125,0.8983203768730164
2856,855,3743,132.85446166992188,813.3944091796875,330.457275390625,331.1480712890625,0.7151035666465759
2857,855,2483,622.8909912109375,70.22373962402344,193.221923828125,469.56422424316406,0.6573412418365479
2858,857,16262,92.55618286132812,678.8768310546875,247.16122436523438,244.412841796875,0.8449661135673523
2859,857,31863,574.3228759765625,745.528076171875,209.172119140625,213.1597900390625,0.8151915669441223
2860,857,3351,339.1048583984375,133.20645141601562,183.686279296875,188.34146118164062,0.7689095139503479
2861,858,16262,135.3651123046875,769.1748046875,242.6339111328125,238.30517578125,0.8359295129776001
2862,858,3351,380.53717041015625,189.56117248535156,182.8294677734375,183.82664489746094,0.8218886256217957
2863,858,31863,614.367431640625,835.38623046875,204.6873779296875,204.8870849609375,0.7515209913253784
2864,86,29345,118.52496337890625,153.893798828125,275.3314208984375,414.88818359375,0.889988899230957
2865,86,1900,684.704833984375,808.9361572265625,129.494384765625,207.07421875,0.7957214117050171
2866,86,21771,618.692626953125,250.3866424560547,187.62109375,181.41944885253906,0.7378292679786682
2867,86,16548,151.95245361328125,769.1171264648438,239.30596923828125,236.96142578125,0.6775966882705688
2868,861,19552,69.1136474609375,91.02922058105469,344.80389404296875,470.11329650878906,0.9098794460296631
2869,861,25438,124.6973876953125,833.677490234375,259.999267578125,265.2972412109375,0.8135828375816345
2870,861,2483,567.822021484375,151.4737548828125,301.8973388671875,435.5992431640625,0.8035906553268433
2871,861,12081,655.21533203125,707.6624755859375,248.14794921875,464.15478515625,0.7918562889099121
2872,862,34597,77.31150817871094,132.59112548828125,448.13600158691406,417.16217041015625,0.8602352142333984
2873,862,3483,601.8704833984375,846.4521484375,277.5494384765625,186.84619140625,0.8128316402435303
2874,862,36637,675.3876953125,173.1274871826172,172.848876953125,254.56459045410156,0.7859627604484558
2875,862,25469,87.28204345703125,829.8323974609375,343.65838623046875,301.065185546875,0.6991910338401794
2876,864,3483,575.2921142578125,812.498291015625,278.4410400390625,191.6246337890625,0.8286811709403992
2877,864,34597,61.438385009765625,101.837158203125,442.237548828125,426.3277587890625,0.8149162530899048
2878,864,25469,49.302032470703125,787.9365234375,353.03350830078125,301.99853515625,0.6982380151748657
2879,864,36637,646.5972900390625,169.23052978515625,165.94140625,250.93206787109375,0.6677960157394409
2880,866,3351,306.2325439453125,172.45474243164062,184.829833984375,189.62799072265625,0.8344939947128296
2881,866,16688,30.830551147460938,530.734619140625,437.28016662597656,571.755126953125,0.6614662408828735
2882,867,16688,68.23423767089844,626.798828125,441.49061584472656,582.5167236328125,0.875554621219635
2883,867,3351,347.91748046875,232.7144775390625,183.776123046875,184.34527587890625,0.8150491118431091
2884,867,35206,523.9447021484375,653.3487548828125,383.872802734375,370.75244140625,0.3827475607395172
2885,868,31885,32.18194580078125,58.70710754394531,410.7149658203125,510.14158630371094,0.8553689122200012
2886,868,16232,648.25634765625,230.5126495361328,192.2744140625,181.40110778808594,0.8217504620552063
2887,868,3483,586.490234375,845.4112548828125,283.98583984375,167.798828125,0.780824601650238
2888,868,27653,95.13955688476562,852.325439453125,221.58682250976562,207.215087890625,0.6262469291687012
2889,869,16232,621.0091552734375,221.38536071777344,186.681884765625,183.94264221191406,0.9091073274612427
2890,869,31885,19.830291748046875,34.5479736328125,394.7300109863281,509.8358154296875,0.8495498299598694
2891,869,3483,558.94775390625,812.2484741210938,286.42578125,174.907958984375,0.790212869644165
2892,869,27653,61.721282958984375,810.61767578125,223.862060546875,211.566650390625,0.7029585838317871
2893,870,16232,143.03872680664062,847.255615234375,195.60665893554688,191.31396484375,0.9283409714698792
2894,870,3483,131.8880615234375,287.5080261230469,276.13031005859375,173.456298828125,0.8094151616096497
2895,870,27653,671.6524658203125,255.295166015625,220.861328125,200.27081298828125,0.7899937033653259
2896,870,31885,568.3265991210938,672.3934326171875,402.9674072265625,526.9537353515625,0.5846510529518127
2897,873,16688,67.98451232910156,625.4759521484375,442.52268981933594,582.2996826171875,0.8780778646469116
2898,873,3351,344.21649169921875,224.20794677734375,183.65618896484375,184.42022705078125,0.840076208114624
2899,873,18147,625.3546142578125,670.2806396484375,281.1976318359375,425.6181640625,0.5829935669898987
2900,874,31885,146.0390625,152.1478271484375,431.6190185546875,474.8260498046875,0.9253011345863342
2901,874,20877,86.0635986328125,723.234130859375,329.37957763671875,243.727294921875,0.8824084401130676
2902,874,3483,624.3111572265625,719.6478271484375,210.768798828125,269.432861328125,0.8658013939857483
2903,874,16232,626.6880493164062,220.88546752929688,188.4150390625,185.763671875,0.5767836570739746
2904,875,20877,117.55802917480469,767.4765625,327.97901916503906,230.1319580078125,0.9026492834091187
2905,875,31885,162.9481201171875,179.76849365234375,443.870849609375,477.80169677734375,0.8939336538314819
2906,875,3483,650.8690185546875,750.845947265625,210.3939208984375,267.49560546875,0.8602748513221741
2907,875,16232,655.2630004882812,231.16342163085938,192.6610107421875,180.96942138671875,0.5680119395256042
2908,878,36637,643.427978515625,208.3262939453125,189.51904296875,247.05108642578125,0.9278833270072937
2909,878,3483,588.1722412109375,845.3053588867188,283.91796875,165.5166015625,0.779948890209198
2910,878,34597,72.97393798828125,127.73785400390625,337.3043212890625,493.40179443359375,0.7166483402252197
2911,878,27653,96.93527221679688,852.6798095703125,221.03640747070312,206.9635009765625,0.5879218578338623
2912,879,36637,614.784423828125,202.110107421875,184.49560546875,243.3306884765625,0.9089968204498291
2913,879,3483,559.9691162109375,811.6414794921875,286.700927734375,174.06298828125,0.7810278534889221
2914,879,34597,57.76373291015625,95.55963134765625,329.961669921875,498.083740234375,0.7119373083114624
2915,879,27653,62.861907958984375,810.993896484375,223.27877807617188,211.15625,0.5985833406448364
2916,88,1900,131.34036254882812,231.02560424804688,203.7269287109375,137.3531494140625,0.8889255523681641
2917,88,16551,611.794189453125,51.3104248046875,283.4945068359375,480.5843505859375,0.8731653690338135
2918,88,31705,622.499267578125,732.424072265625,247.688232421875,451.48291015625,0.8147847056388855
2919,88,18110,80.24526977539062,801.114990234375,303.0455627441406,287.958984375,0.6699848175048828
2920,880,23223,507.16943359375,607.22705078125,308.0166015625,504.6650390625,0.8788892030715942
2921,880,13395,69.53195190429688,90.6033935546875,232.12277221679688,481.736083984375,0.813627302646637
2922,880,5094,511.281982421875,160.52133178710938,269.245849609375,265.79931640625,0.8005856275558472
2923,880,2483,74.35285186767578,667.391845703125,226.33074188232422,483.607421875,0.7299416661262512
2924,882,23223,122.04171752929688,92.86012268066406,309.936767578125,504.39756774902344,0.9325041770935059
2925,882,13395,645.214111328125,671.4814453125,234.9599609375,497.07373046875,0.896279513835907
2926,882,2483,641.3209228515625,56.7745361328125,220.197998046875,484.81317138671875,0.8133286237716675
2927,882,5094,148.0775146484375,837.25830078125,277.5230712890625,272.572021484375,0.7232092022895813
2928,883,28763,143.08949279785156,231.27635192871094,211.50755310058594,201.98670959472656,0.8473761081695557
2929,883,3483,602.4014892578125,845.761962890625,277.639404296875,187.7894287109375,0.818812906742096
2930,883,25469,48.312957763671875,856.5123291015625,377.4009094238281,219.552490234375,0.7655029296875
2931,883,16232,630.5249633789062,219.3696746826172,188.970947265625,187.41371154785156,0.7619592547416687
2932,886,3351,409.0760498046875,891.8621826171875,191.0155029296875,192.6513671875,0.7909504175186157
2933,886,31863,165.03497314453125,283.63189697265625,205.103759765625,206.77313232421875,0.7901979088783264
2934,886,35206,543.4761962890625,258.859130859375,268.46533203125,391.9920654296875,0.5105253458023071
2935,888,31863,611.280029296875,835.17431640625,204.75390625,205.799560546875,0.8233957290649414
2936,888,3351,381.5345458984375,206.2172088623047,182.8323974609375,183.00965881347656,0.8007212281227112
2937,888,35206,166.967529296875,643.29345703125,262.94622802734375,398.61474609375,0.5088214874267578
2938,889,16232,135.41253662109375,847.8116455078125,194.55538940429688,191.3197021484375,0.9402911067008972
2939,889,3483,141.42721557617188,291.4085693359375,211.73684692382812,257.42559814453125,0.8899261951446533
2940,889,28763,709.5028076171875,887.4996337890625,223.8021240234375,215.00927734375,0.887881338596344
2941,889,20877,543.955810546875,293.30389404296875,328.6947021484375,234.20257568359375,0.7898488640785217
2942,89,1900,114.6789321899414,223.68304443359375,200.03850555419922,140.34906005859375,0.871035635471344
2943,89,16551,583.9249267578125,44.07012939453125,276.21142578125,466.200439453125,0.8569207191467285
2944,89,31705,593.4144287109375,692.140869140625,254.76611328125,458.948974609375,0.7853788733482361
2945,89,18110,46.521392822265625,757.3184814453125,306.2557067871094,300.761962890625,0.5560001134872437
2946,891,3483,624.6341552734375,718.8397216796875,210.539794921875,270.618896484375,0.8710906505584717
2947,891,16232,627.2554931640625,220.64810180664062,187.858642578125,184.06103515625,0.8702427744865417
2948,891,20877,86.05824279785156,724.813232421875,330.76646423339844,241.600341796875,0.8544431328773499
2949,891,28763,56.264617919921875,171.96551513671875,207.81961059570312,198.33355712890625,0.8391532301902771
2950,894,36637,605.1522216796875,204.39053344726562,178.99658203125,245.8004150390625,0.8763277530670166
2951,894,3483,623.9384765625,719.8177490234375,210.569091796875,270.267822265625,0.8660930395126343
2952,894,20877,85.02798461914062,723.6622314453125,330.01287841796875,244.136474609375,0.8639572858810425
2953,894,25367,31.539642333984375,23.329833984375,409.16943359375,443.61090087890625,0.8368796706199646
2954,895,16551,537.0609130859375,38.552520751953125,291.36279296875,458.39703369140625,0.8739131689071655
2955,895,10221,585.35546875,774.236083984375,224.844482421875,222.287841796875,0.8101147413253784
2956,895,21026,101.18952178955078,820.41455078125,181.23705291748047,179.8092041015625,0.7733932137489319
2957,895,3544,92.26018524169922,221.45855712890625,204.98981475830078,200.4541015625,0.4466632306575775
2958,896,16551,562.64453125,44.3441162109375,302.245361328125,472.504638671875,0.8850398063659668
2959,896,10221,613.3441162109375,813.1785888671875,221.5050048828125,214.60400390625,0.8050689697265625
2960,896,21026,134.7320556640625,854.43896484375,178.8223876953125,175.96484375,0.724727988243103
2961,896,3544,107.90972137451172,230.76290893554688,208.84107208251953,202.1956787109375,0.5283879637718201
2962,897,10221,168.62332153320312,275.0433044433594,220.801513671875,215.40692138671875,0.9329544901847839
2963,897,3544,676.5935668945312,835.154052734375,214.485107421875,212.5804443359375,0.8971356153488159
2964,897,21026,676.9169921875,284.55511474609375,177.093017578125,173.11572265625,0.8241149187088013
2965,897,16551,112.92680358886719,720.8502197265625,322.53724670410156,490.073974609375,0.6827565431594849
2966,898,27926,568.4771728515625,584.3096923828125,259.00244140625,486.59814453125,0.9239684343338013
2967,898,16548,73.42953491210938,778.6183471679688,238.53317260742188,232.197998046875,0.8797582983970642
2968,898,12247,619.580322265625,206.84304809570312,173.4276123046875,185.36279296875,0.7281155586242676
2969,898,3544,119.65081787109375,173.37930297851562,203.72256469726562,196.904052734375,0.7141337394714355
2970,9,22347,113.30628204345703,211.39166259765625,201.97063446044922,194.72296142578125,0.8621659278869629
2971,9,20238,594.4571533203125,174.5980987548828,220.323486328125,213.02793884277344,0.8385822176933289
2972,9,3483,560.3170166015625,811.5908203125,285.6357421875,175.254638671875,0.7983633279800415
2973,9,27653,62.63616180419922,811.531494140625,224.68872833251953,211.118408203125,0.7398266196250916
2974,90,16551,90.25344848632812,707.113525390625,292.88934326171875,495.1324462890625,0.8657055497169495
2975,90,1900,655.7783813476562,903.2470703125,211.5667724609375,148.14990234375,0.8309948444366455
2976,90,31705,135.22970581054688,128.34637451171875,242.77105712890625,421.8497314453125,0.8302478194236755
2977,90,18110,610.3314208984375,217.72381591796875,299.822021484375,288.832275390625,0.7272029519081116
2978,900,27926,596.8367919921875,626.73681640625,254.3450927734375,482.131591796875,0.9378745555877686
2979,900,16548,107.46566772460938,820.7088623046875,235.09091186523438,227.07275390625,0.9023253321647644
2980,900,3544,135.1697998046875,177.5023956298828,207.6712646484375,201.64463806152344,0.739322304725647
2981,900,12247,646.96240234375,206.33961486816406,177.099365234375,188.03282165527344,0.6992453932762146
2982,904,30308,161.60879516601562,51.06182861328125,292.3687744140625,477.96563720703125,0.8874683380126953
2983,904,3483,608.66845703125,790.7584228515625,272.968505859375,211.781005859375,0.8617046475410461
2984,904,20238,643.3131713867188,190.08079528808594,227.318359375,217.31385803222656,0.8611340522766113
2985,904,27733,123.07614135742188,768.6080322265625,314.57293701171875,275.6302490234375,0.8236357569694519
2986,906,27733,565.034423828125,261.41064453125,301.9189453125,266.0784912109375,0.9445810317993164
2987,906,30308,547.0355224609375,720.823486328125,295.7120361328125,487.72705078125,0.9194110631942749
2988,906,3483,122.69198608398438,306.4705810546875,271.669677734375,200.3734130859375,0.8680322170257568
2989,906,20238,112.66797637939453,854.2332763671875,232.11577606201172,227.0247802734375,0.8527783155441284
2990,908,31863,574.4074096679688,745.3746337890625,209.6590576171875,213.4931640625,0.7997485995292664
2991,908,3351,305.020263671875,191.95166015625,184.5557861328125,190.26971435546875,0.7966185212135315
2992,908,20238,114.94064331054688,714.8662109375,230.6519775390625,228.484130859375,0.750543475151062
2993,91,19607,688.4075927734375,300.45452880859375,156.4443359375,147.895751953125,0.9693240523338318
2994,91,27926,146.40927124023438,143.31468200683594,257.97900390625,459.73890686035156,0.9386569261550903
2995,91,1900,629.07470703125,893.5908203125,211.8642578125,135.33544921875,0.8400145769119263
2996,91,16548,123.02151489257812,864.357177734375,242.29586791992188,239.092529296875,0.6973698735237122
2997,910,25367,509.677734375,702.898681640625,455.878662109375,439.638427734375,0.8418715596199036
2998,910,3483,176.83084106445312,273.83392333984375,259.65032958984375,219.93267822265625,0.8415252566337585
2999,910,27777,641.0318603515625,294.7243347167969,174.921142578125,194.49267578125,0.8186512589454651
3000,910,29667,127.00411987304688,880.0379638671875,230.48248291015625,227.50927734375,0.7995782494544983
3001,912,27777,142.134765625,773.140869140625,179.50927734375,205.2779541015625,0.8682349920272827
3002,912,29667,601.9556274414062,161.69134521484375,216.5716552734375,215.5482177734375,0.8385289907455444
3003,912,25367,30.851806640625,106.95806884765625,434.792236328125,421.09637451171875,0.8262789845466614
3004,912,3483,535.368408203125,778.990966796875,267.0548095703125,225.2366943359375,0.818397581577301
3005,914,3351,368.3790283203125,123.37078857421875,185.56378173828125,189.55972290039062,0.8624667525291443
3006,914,13900,555.4759521484375,707.7141723632812,203.67626953125,250.9393310546875,0.7530592083930969
3007,914,35206,44.6436767578125,613.8712768554688,349.13336181640625,355.884033203125,0.29931485652923584
3008,915,3351,411.970458984375,179.0191650390625,184.580810546875,184.9730224609375,0.8277382850646973
3009,915,13900,597.2020874023438,797.8499755859375,198.139404296875,244.846923828125,0.7677046656608582
3010,915,35206,87.90576171875,706.984375,347.74853515625,352.248291015625,0.47428110241889954
3011,916,27733,565.380126953125,261.122802734375,301.43701171875,266.2984619140625,0.9428409934043884
3012,916,16232,141.97439575195312,891.483154296875,196.76751708984375,194.6328125,0.9289891123771667
3013,916,3483,122.30560302734375,306.8721923828125,272.18975830078125,199.83355712890625,0.8668593168258667
3014,916,25367,504.93719482421875,680.6666259765625,461.8033447265625,428.0379638671875,0.8304296731948853
3015,919,27733,563.8291015625,260.8865966796875,301.14453125,266.95849609375,0.9453733563423157
3016,919,3483,121.03619384765625,308.50238037109375,272.21014404296875,199.54962158203125,0.864757776260376
3017,919,36637,101.42083740234375,882.2508544921875,266.94696044921875,179.905029296875,0.8573386669158936
3018,919,30308,491.84539794921875,678.123291015625,372.46435546875,442.108154296875,0.8025199174880981
3019,920,3483,580.739013671875,758.4095458984375,275.01953125,209.894287109375,0.8885805010795593
3020,920,36637,592.1768798828125,203.7363739013672,252.87158203125,168.29774475097656,0.8556093573570251
3021,920,30308,129.4366455078125,121.78204345703125,358.28009033203125,426.331787109375,0.8255926370620728
3022,920,27733,89.62350463867188,727.7023315429688,318.8968505859375,281.504638671875,0.8252621293067932
3023,923,3483,142.83242797851562,290.61871337890625,211.91064453125,256.8583984375,0.8805532455444336
3024,923,25367,540.916259765625,708.48974609375,435.083740234375,453.764404296875,0.8406132459640503
3025,923,20877,545.2456665039062,293.3555908203125,328.27978515625,234.6373291015625,0.7997075915336609
3026,923,16262,109.21631622314453,835.1888427734375,249.56902313232422,242.5765380859375,0.770826518535614
3027,925,34597,486.716796875,624.717041015625,438.3280029296875,456.438232421875,0.8930530548095703
3028,925,3483,150.56321716308594,219.00384521484375,246.90773010253906,221.3594970703125,0.8773960471153259
3029,925,16232,145.674072265625,900.2178955078125,195.09915161132812,191.064697265625,0.8193074464797974
3030,925,19861,638.4453735351562,277.1060791015625,219.5289306640625,171.09381103515625,0.6193597912788391
3031,927,3483,574.0399169921875,837.29833984375,260.472900390625,230.413818359375,0.8738871812820435
3032,927,34597,65.09950256347656,141.586669921875,421.68101501464844,440.7010498046875,0.8487318754196167
3033,927,19861,91.7449951171875,827.4696044921875,225.58999633789062,175.758056640625,0.7496368885040283
3034,927,16232,618.1107177734375,173.36756896972656,184.271240234375,181.62962341308594,0.5735505819320679
3035,929,31885,31.225616455078125,35.04310607910156,411.6865539550781,493.32676696777344,0.8976665735244751
3036,929,3483,576.33642578125,810.8228759765625,277.99951171875,192.303955078125,0.8481496572494507
3037,929,16232,603.5882568359375,214.16053771972656,182.836181640625,182.11546325683594,0.7783761620521545
3038,929,25469,13.97137451171875,813.2210693359375,381.7694091796875,221.22412109375,0.7280313372612
3039,930,16232,164.79074096679688,855.9984130859375,192.52069091796875,191.072998046875,0.8976271152496338
3040,930,3483,127.49203491210938,271.22589111328125,269.546142578125,189.1307373046875,0.8664308786392212
3041,930,25469,570.3697509765625,231.46556091308594,375.730224609375,218.98414611816406,0.6699764132499695
3042,930,31885,538.848876953125,686.9732666015625,428.688232421875,512.2510986328125,0.6345218420028687
3043,931,19607,166.26199340820312,917.970703125,158.3897705078125,153.95166015625,0.9755327701568604
3044,931,1900,179.0875244140625,268.9461669921875,128.26803588867188,199.6683349609375,0.8303290605545044
3045,931,29345,577.7462158203125,716.333251953125,324.348876953125,427.2286376953125,0.8164039850234985
3046,931,16551,479.9566650390625,244.58544921875,486.455078125,263.15350341796875,0.700890064239502
3047,932,19607,132.36444091796875,886.2972412109375,160.09750366210938,158.184814453125,0.9675787687301636
3048,932,1900,159.78024291992188,258.370361328125,127.56594848632812,199.94415283203125,0.8192335963249207
3049,932,29345,549.1748046875,676.536376953125,329.8673095703125,433.71728515625,0.8035069108009338
3050,932,16551,454.62506103515625,221.21853637695312,477.280029296875,269.4722900390625,0.7817367315292358
3051,933,19607,666.3737182617188,253.24917602539062,155.370361328125,150.7374267578125,0.9224936962127686
3052,933,1900,687.323486328125,807.3389892578125,130.0,207.174072265625,0.8128723502159119
3053,933,29345,117.7559814453125,167.38385009765625,310.481689453125,399.31134033203125,0.770655632019043
3054,933,16551,20.4078369140625,735.9945068359375,495.260498046875,281.16259765625,0.6658554673194885
3055,936,4378,653.0150146484375,703.36767578125,220.94287109375,474.7861328125,0.9405999183654785
3056,936,19552,115.77345275878906,193.6527099609375,315.38853454589844,494.775146484375,0.8840003609657288
3057,936,2483,599.7857055664062,101.09523010253906,251.6624755859375,461.60447692871094,0.8582649827003479
3058,936,25438,111.52752685546875,842.536865234375,260.50311279296875,264.558837890625,0.7900681495666504
3059,937,4378,596.3350830078125,703.499267578125,233.019775390625,465.859375,0.9024543166160583
3060,937,6192,123.53570556640625,94.0555419921875,297.6795654296875,537.0386962890625,0.888959527015686
3061,937,2483,621.1759033203125,70.66926574707031,195.327880859375,468.83396911621094,0.666038990020752
3062,937,3743,133.02476501464844,813.97119140625,330.62416076660156,330.79052734375,0.6283190250396729
3063,938,4378,587.890625,700.8046875,225.17333984375,453.2681884765625,0.8062207698822021
3064,938,6192,125.0601806640625,65.162841796875,294.3826904296875,535.55810546875,0.8050373196601868
3065,938,2483,633.7535400390625,28.268692016601562,196.119140625,488.17173767089844,0.8039478659629822
3066,938,3743,130.3361053466797,803.1890869140625,324.92262268066406,319.42578125,0.6921713352203369
3067,940,16232,645.315673828125,322.01507568359375,188.6204833984375,190.37255859375,0.8156172037124634
3068,940,3351,421.9954528808594,898.2884521484375,190.03372192382812,192.17529296875,0.7715685963630676
3069,940,18147,203.4030303955078,226.4781036376953,219.74705505371094,414.23387145996094,0.7713034152984619
3070,941,3351,328.06439208984375,142.66842651367188,182.6085205078125,188.72528076171875,0.8094987273216248
3071,941,18147,517.760009765625,548.8167724609375,214.774169921875,447.313232421875,0.7827560305595398
3072,941,16232,92.50143432617188,712.222412109375,191.34942626953125,193.354736328125,0.6915807127952576
3073,942,3351,368.23394775390625,199.16773986816406,184.09869384765625,184.07273864746094,0.7724882960319519
3074,942,18147,553.0194091796875,642.122314453125,219.5162353515625,447.10205078125,0.7438469529151917
3075,942,16232,133.65646362304688,800.0684814453125,190.30938720703125,190.3052978515625,0.6664760112762451
3076,945,3483,151.4147186279297,219.05108642578125,245.91871643066406,220.94964599609375,0.881308376789093
3077,945,25367,627.9096069335938,641.445556640625,319.362548828125,522.203857421875,0.8574047684669495
3078,945,20238,111.2238540649414,856.10888671875,230.95043182373047,226.435791015625,0.8104251623153687
3079,945,19861,638.0831298828125,276.9698486328125,219.80712890625,171.31097412109375,0.6345745325088501
3080,947,16232,142.57833862304688,847.14208984375,195.69497680664062,191.260009765625,0.9340349435806274
3081,947,28763,591.969970703125,887.01513671875,223.102294921875,213.9736328125,0.9089832305908203
3082,947,3483,131.65863037109375,287.529296875,275.8935546875,173.37677001953125,0.8097797632217407
3083,947,27653,670.653076171875,254.9445343017578,221.47216796875,199.92185974121094,0.7850440144538879
3084,948,16232,648.009765625,230.3155059814453,192.806884765625,181.25755310058594,0.8398773670196533
3085,948,3483,586.93505859375,844.9087524414062,284.070068359375,168.9373779296875,0.7826225757598877
3086,948,28763,184.577392578125,178.138916015625,211.6395263671875,202.35235595703125,0.7334620952606201
3087,948,27653,95.2548828125,852.553955078125,222.76171875,207.42578125,0.6687672138214111
3088,949,3483,141.92440795898438,291.1004638671875,211.99288940429688,257.3438720703125,0.8866512775421143
3089,949,30308,502.2895812988281,723.5802001953125,421.0321960449219,401.35693359375,0.8384303450584412
3090,949,20877,544.5206298828125,293.76287841796875,328.392822265625,234.2269287109375,0.7836012244224548
3091,949,16262,108.3839111328125,835.8963623046875,250.6661376953125,242.79345703125,0.7527339458465576
3092,95,29667,62.64049530029297,743.7435302734375,228.80225372314453,231.020751953125,0.9119434952735901
3093,95,3351,338.47198486328125,182.32257080078125,181.1182861328125,186.578369140625,0.8238213062286377
3094,95,32310,499.5062255859375,716.4315185546875,383.9783935546875,245.060302734375,0.45762336254119873
3095,950,3483,624.279052734375,719.7574462890625,210.3927001953125,270.40185546875,0.8702214956283569
3096,950,20877,85.80076599121094,722.724609375,329.57911682128906,244.863037109375,0.867253839969635
3097,950,30308,73.82305908203125,116.9459228515625,399.86016845703125,386.5677490234375,0.8406054973602295
3098,950,16262,603.1796264648438,186.59716796875,236.5228271484375,228.6578369140625,0.785837709903717
3099,951,20877,117.4796142578125,767.4920654296875,328.80389404296875,231.3388671875,0.8914373517036438
3100,951,3483,650.0478515625,751.767822265625,210.934814453125,267.765625,0.858366072177887
3101,951,30308,87.40185546875,134.32012939453125,411.379638671875,393.7432861328125,0.7789868116378784
3102,951,16262,630.9974365234375,192.90988159179688,241.587890625,230.60687255859375,0.7618708610534668
3103,952,3483,127.140625,271.2264404296875,269.773681640625,189.306640625,0.8699045777320862
3104,952,30308,561.0211181640625,649.7471923828125,390.2200927734375,430.62744140625,0.8432677984237671
3105,952,16262,168.14064025878906,834.2305908203125,248.09007263183594,242.4189453125,0.814411997795105
3106,952,25469,570.5646362304688,231.13323974609375,376.2149658203125,218.7978515625,0.6701733469963074
3107,953,3483,575.85693359375,810.9326171875,278.7286376953125,192.2957763671875,0.845998227596283
3108,953,30308,47.502044677734375,159.74102783203125,374.2054748535156,416.15008544921875,0.8267240524291992
3109,953,16262,547.6453857421875,188.43710327148438,236.705078125,229.11962890625,0.7826619744300842
3110,953,25469,13.6480712890625,812.3997802734375,380.93798828125,222.144775390625,0.7287360429763794
3111,954,3483,602.6204833984375,845.735595703125,277.11083984375,186.806396484375,0.8304924964904785
3112,954,25469,47.8192138671875,856.2373046875,377.4935302734375,220.22021484375,0.7846188545227051
3113,954,30308,62.16680908203125,180.44451904296875,383.8211669921875,426.097900390625,0.7726362347602844
3114,954,16262,574.5518798828125,195.39041137695312,241.245361328125,231.3770751953125,0.7418491840362549
3115,956,19607,141.84829711914062,862.2617797851562,158.9412841796875,155.159912109375,0.969322144985199
3116,956,27926,598.59912109375,672.671875,257.248291015625,483.228515625,0.8686898946762085
3117,956,16551,595.5172119140625,0.217010498046875,309.24658203125,446.5225524902344,0.8618881106376648
3118,956,1900,157.12066650390625,249.41885375976562,204.1522216796875,127.4423828125,0.7947769165039062
3119,957,19607,688.3399658203125,300.58154296875,156.4161376953125,147.484619140625,0.9661246538162231
3120,957,27926,146.21253967285156,143.38706970214844,258.00584411621094,458.88966369628906,0.93906569480896
3121,957,1900,628.857666015625,894.0308837890625,212.0791015625,134.89453125,0.8336713910102844
3122,957,16551,77.7447509765625,785.089111328125,316.3440856933594,491.8076171875,0.8290247321128845
3123,962,19607,142.83706665039062,848.2894897460938,160.35305786132812,157.5313720703125,0.9793212413787842
3124,962,29451,472.51727294921875,779.079833984375,404.2755126953125,271.4241943359375,0.9193137884140015
3125,962,16551,627.0573120117188,110.3485107421875,278.6221923828125,469.8172607421875,0.8906216025352478
3126,962,1900,147.98373413085938,240.556396484375,180.89797973632812,181.90472412109375,0.6161009073257446
3127,966,16548,126.46209716796875,852.3509521484375,243.15570068359375,237.9227294921875,0.8739120364189148
3128,966,1900,655.5931396484375,902.9927978515625,212.044921875,148.3966064453125,0.8314359784126282
3129,966,31705,135.438720703125,128.28582763671875,242.53533935546875,421.90423583984375,0.831118106842041
3130,966,18110,610.135498046875,217.71124267578125,300.2900390625,288.92816162109375,0.7393213510513306
3131,967,41768,127.38925170898438,302.50335693359375,259.50946044921875,294.56231689453125,0.9591890573501587
3132,967,29667,589.5714111328125,306.1009521484375,225.072265625,222.7274169921875,0.7967851758003235
3133,967,3351,406.383544921875,887.4444580078125,189.7340087890625,192.1309814453125,0.7575392723083496
3134,968,29667,110.16979217529297,697.7265014648438,232.24890899658203,232.760498046875,0.8998786807060242
3135,968,3351,342.66534423828125,154.65585327148438,183.6688232421875,189.91134643554688,0.8479840755462646
3136,968,41768,558.1657104492188,620.8699951171875,269.8326416015625,309.337158203125,0.5241385102272034
3137,97,19607,666.0367431640625,253.3638916015625,155.505126953125,150.7689208984375,0.9198358654975891
3138,97,1900,687.3485107421875,807.2596435546875,129.998291015625,207.2374267578125,0.8163521885871887
3139,97,29345,117.77645874023438,167.2749786376953,310.52520751953125,399.74559020996094,0.7689803242683411
3140,97,16548,99.74376678466797,821.1165771484375,241.36286163330078,237.501220703125,0.6337065100669861
3141,972,21771,126.36495971679688,774.0264892578125,193.251953125,190.45068359375,0.9483646750450134
3142,972,27926,572.92919921875,625.838134765625,257.06494140625,491.5904541015625,0.8847033977508545
3143,972,16551,572.9752197265625,16.510986328125,329.296142578125,432.58782958984375,0.8661665320396423
3144,972,1900,140.4925537109375,241.51841735839844,199.93582153320312,127.22889709472656,0.7746850848197937
3145,973,21771,183.43783569335938,884.1719970703125,189.78863525390625,185.555908203125,0.925339937210083
3146,973,29345,614.04736328125,715.1529541015625,285.265625,444.2236328125,0.9231874346733093
3147,973,16551,571.9592895507812,82.63568115234375,304.7235107421875,469.98114013671875,0.8551123738288879
3148,973,1900,181.47454833984375,267.3717346191406,129.25689697265625,199.76324462890625,0.8375704288482666
3149,974,21771,149.13687133789062,849.5010986328125,193.52853393554688,190.41015625,0.9286466240882874
3150,974,29345,585.9127197265625,675.14453125,290.9725341796875,449.890869140625,0.9111871123313904
3151,974,16551,544.6993408203125,72.96812438964844,295.343017578125,457.28102111816406,0.8664186596870422
3152,974,1900,162.8214111328125,257.15570068359375,127.12176513671875,199.260009765625,0.8219737410545349
3153,975,29345,118.06517028808594,153.86492919921875,275.78468322753906,414.55596923828125,0.8923485279083252
3154,975,16551,104.09159851074219,686.1787109375,320.22023010253906,488.7939453125,0.8738725781440735
3155,975,1900,684.6676025390625,809.1495361328125,129.3818359375,206.9781494140625,0.7913823127746582
3156,975,21771,618.9426879882812,250.34390258789062,187.1552734375,181.37353515625,0.689211905002594
3157,979,3351,392.8978271484375,157.36691284179688,182.37811279296875,188.08969116210938,0.8008677363395691
3158,979,22074,584.7056884765625,709.1495361328125,188.2259521484375,194.261474609375,0.6119099855422974
3159,980,22074,171.4473114013672,311.04925537109375,186.86891174316406,192.1260986328125,0.7864306569099426
3160,980,3351,354.25665283203125,872.9779052734375,189.04754638671875,190.963134765625,0.7782657742500305
3161,982,23223,100.54287719726562,111.95338439941406,302.3314208984375,511.97117614746094,0.8787438869476318
3162,982,13395,638.524658203125,671.599609375,239.413818359375,521.2484130859375,0.8621101975440979
3163,982,2483,660.225341796875,113.45989990234375,213.630859375,474.14288330078125,0.8077907562255859
3164,982,3743,117.69290161132812,839.9267578125,330.52972412109375,331.231201171875,0.769034206867218
3165,983,23223,96.24429321289062,80.00752258300781,305.4005126953125,509.67259216308594,0.9344154596328735
3166,983,13395,627.3785400390625,674.149658203125,232.417236328125,503.2552490234375,0.9069857597351074
3167,983,3743,114.98788452148438,828.7626953125,325.35699462890625,320.878662109375,0.7935526967048645
3168,983,2483,674.2081298828125,81.03668212890625,200.187744140625,486.28375244140625,0.7339882850646973
3169,984,23223,537.0989990234375,611.2528076171875,304.440185546875,511.065185546875,0.8909925818443298
3170,984,13395,85.8740234375,80.72181701660156,228.3465576171875,486.27037048339844,0.8593357801437378
3171,984,2483,61.48480224609375,647.031494140625,202.7412109375,487.49951171875,0.7208547592163086
3172,984,3743,498.7968444824219,125.9993896484375,313.5622863769531,304.80706787109375,0.6233714818954468
3173,985,16548,577.3123779296875,186.71807861328125,229.945068359375,225.14617919921875,0.9056565165519714
3174,985,1900,139.7730712890625,218.67901611328125,200.51361083984375,149.2509765625,0.8277113437652588
3175,985,24850,116.42206573486328,736.5322265625,201.49297332763672,286.35888671875,0.7981783151626587
3176,985,29451,521.3104248046875,803.1015625,421.4095458984375,235.21923828125,0.7736116051673889
3177,986,29451,47.130340576171875,231.85073852539062,406.039794921875,230.21075439453125,0.8640182614326477
3178,986,24850,646.1888427734375,257.7813720703125,191.22314453125,268.2637939453125,0.8499810099601746
3179,986,1900,631.07958984375,898.3143310546875,210.326171875,156.58642578125,0.7992968559265137
3180,986,16548,142.30113220214844,836.9600830078125,241.13880920410156,236.4822998046875,0.7539076805114746
3181,988,3483,599.3480224609375,868.308837890625,258.48779296875,229.441162109375,0.859135627746582
3182,988,22347,160.295166015625,182.86575317382812,203.94390869140625,198.257080078125,0.8546140789985657
3183,988,36637,618.574462890625,199.35231018066406,265.57373046875,152.69700622558594,0.8432413339614868
3184,988,19861,124.18295288085938,864.7215576171875,220.94012451171875,169.163818359375,0.765996515750885
3185,989,3483,571.847412109375,838.53369140625,260.694580078125,230.20703125,0.8801034092903137
3186,989,36637,590.3203125,194.4448699951172,259.91748046875,154.53895568847656,0.8565386533737183
3187,989,22347,143.32672119140625,177.61849975585938,200.34637451171875,194.0194091796875,0.8560594916343689
3188,989,19861,88.98443603515625,826.6102294921875,226.75201416015625,176.86669921875,0.7906310558319092
3189,990,3483,153.70217895507812,218.05690002441406,245.03997802734375,220.48472595214844,0.8828731775283813
3190,990,22347,626.478515625,886.1961669921875,214.122314453125,210.122802734375,0.8205916285514832
3191,990,36637,94.97885131835938,906.420166015625,273.3365173339844,165.9443359375,0.7123703360557556
3192,990,19861,640.0992431640625,277.11236572265625,219.4619140625,171.2938232421875,0.6442257761955261
3193,991,16548,573.3984375,221.39186096191406,230.365234375,225.88365173339844,0.9177515506744385
3194,991,10221,585.3431396484375,774.247802734375,225.017333984375,222.26708984375,0.821668803691864
3195,991,21026,101.11425018310547,820.4295654296875,181.23230743408203,180.002197265625,0.7785006761550903
3196,991,3544,92.54391479492188,221.62869262695312,204.23599243164062,200.2974853515625,0.4541794955730438
3197,993,16548,601.2701416015625,232.76565551757812,235.817626953125,225.8154296875,0.9284276962280273
3198,993,10221,613.6092529296875,813.52587890625,221.80908203125,214.327392578125,0.8364835977554321
3199,993,21026,134.77008056640625,854.29248046875,178.75811767578125,176.228271484375,0.7245698571205139
3200,993,3544,107.84912109375,230.84695434570312,209.04962158203125,202.11700439453125,0.518585205078125
3201,994,16262,116.8389892578125,846.474365234375,251.1278076171875,242.8604736328125,0.8255108594894409
3202,994,30308,508.2550048828125,752.560791015625,392.2236328125,431.9647216796875,0.820364773273468
3203,994,3483,131.5671844482422,287.620361328125,276.11402893066406,173.6402587890625,0.812079131603241
3204,994,27653,670.200927734375,255.33831787109375,221.65966796875,200.1639404296875,0.7903313040733337
3205,996,30308,112.71658325195312,76.25149536132812,383.946533203125,420.68731689453125,0.7957509756088257
3206,996,3483,586.8564453125,844.7595825195312,284.0616455078125,168.573974609375,0.7856455445289612
3207,996,16262,622.770751953125,182.240478515625,241.2939453125,232.3309326171875,0.7643619775772095
3208,996,27653,95.54171752929688,852.0155029296875,222.09494018554688,207.572265625,0.6616346836090088
3209,997,16551,590.4840087890625,61.83172607421875,277.98193359375,468.22381591796875,0.9160673022270203
3210,997,29451,456.66802978515625,807.3614501953125,423.270263671875,226.183349609375,0.8652108907699585
3211,997,21771,125.13986206054688,805.750732421875,191.81256103515625,189.0224609375,0.829219400882721
3212,997,1900,147.89175415039062,240.2508087158203,181.688720703125,181.60765075683594,0.5882753133773804
3213,998,16551,618.64892578125,67.50213623046875,285.26953125,484.18377685546875,0.8934726119041443
3214,998,29451,487.7802429199219,847.395751953125,418.0022277832031,216.945068359375,0.8919599056243896
3215,998,1900,167.514892578125,247.95468139648438,183.2847900390625,180.88641357421875,0.8258812427520752
3216,998,21771,158.77639770507812,839.742919921875,188.93463134765625,185.9287109375,0.7811262011528015
3217,999,29451,105.287841796875,235.24948120117188,406.6580810546875,220.54559326171875,0.884123682975769
3218,999,1900,642.7625732421875,845.73193359375,190.419677734375,189.0379638671875,0.765770435333252
3219,999,16551,78.60995483398438,687.455322265625,298.2740173339844,498.9658203125,0.7100107669830322
3220,999,21771,644.60791015625,290.2562255859375,186.6298828125,182.633056640625,0.6804530620574951
