annotation_id,image_id,category_id,bbox_x,bbox_y,bbox_w,bbox_h,score
1,1.0,27926,598.9549769109218,671.2806816676155,256.2397148093985,304.71931833238455,0.914199
2,1.0,1900,157.89139660399167,250.83030056594004,203.81025925832773,126.41115006489967,0.878228
3,1.0,16551,554.2873243782388,71.4615297940508,401.77023269423285,404.30852535381985,0.855017
4,1.0,24850,170.8363738706963,739.9660957374765,182.35201481958129,236.03390426252355,0.779743
5,3.0,27926,571.0826590839941,626.1021148834996,260.190633649203,349.8978851165004,0.894879
6,3.0,1900,142.7333111786962,242.1699899644708,197.21782266434712,128.06776389883987,0.868189
7,3.0,16551,529.126479872507,63.63276885142878,387.8675015703517,396.6332193499235,0.834132
8,3.0,24850,138.9831200221076,701.7717337296835,185.952076130776,274.22826627031645,0.81013
9,4.0,29345,116.52432151296031,154.77332394087134,272.21114268854035,413.4122302184751,0.946663
10,4.0,1900,684.3356734232689,808.0072220845437,131.3855777913001,167.9927779154562,0.865211
11,4.0,16551,129.5045194386238,649.9190906927214,294.56060177596976,326.0809093072786,0.893679
12,4.0,24850,599.5810859718514,252.44144941933786,294.360353402756,165.89261025280217,0.913315
13,5.0,29345,611.95275541526,714.057655526166,288.4979376864792,261.94234447383405,0.942519
14,5.0,1900,181.2486181978005,266.59319086889525,131.0118510183977,200.60915784979585,0.870489
15,5.0,24850,94.3928256394276,896.3486555089902,297.4451638993306,79.65134449100977,0.934163
16,5.0,16551,569.4059362363577,113.11936444613202,286.6893583518177,482.4160229860238,0.856491
17,8.0,20238,622.6462724388545,177.08305535244583,226.19617465992079,215.3836835544912,0.86971
18,8.0,3483,588.7420344520453,845.6519413473618,283.2879031387406,130.3480586526382,0.875027
19,8.0,22347,129.4006584589206,218.79019954815587,206.8876483092955,198.93204341102486,0.865753
20,8.0,27653,95.8508220653438,852.5860393274969,222.07283334396593,123.41396067250311,0.867104
21,9.0,3483,560.7941695170186,812.4094235214158,286.62967056964527,163.5905764785843,0.893842
22,9.0,20238,596.564304370976,173.62875419885071,218.47064362339046,213.5368512024232,0.866305
23,9.0,22347,114.01008958672759,211.1347055866491,200.47197175145743,194.3939746492472,0.877857
24,9.0,27653,60.87285232543947,811.0605640507223,227.12822734890273,164.93943594927768,0.88878
25,10.0,16548,101.3194258800104,807.9842075367069,241.75805641059304,168.01579246329305,0.888778
26,10.0,1900,643.2651790446373,844.5039789401108,188.92022735749052,131.49602105988927,0.85846
27,10.0,29451,108.76953201677331,236.97196707414025,402.23720500696845,219.1159365860062,0.956783
28,10.0,21771,642.9469371393097,289.003359540623,187.7951218494819,184.17946789612128,0.923329
29,13.0,33880,472.43501948831073,245.59909072952655,449.30385309727336,276.76540938334256,0.903659
30,13.0,3351,429.934700357255,853.4143888387248,189.4846169936597,122.58561116127515,0.892891
31,13.0,16232,142.90209063812716,329.4115080713626,193.13908478243263,192.3300218438384,0.785728
32,15.0,33880,48.54892337741565,783.2404745284039,444.87256258097125,192.75952547159613,0.962132
33,15.0,3351,360.56218838332285,247.92603466858216,184.00110446028975,180.99402752593537,0.895838
34,15.0,16232,643.1551047473697,795.7167597631712,196.06254569968996,180.2832402368287,0.609075
35,17.0,3351,297.6647061295246,165.9689265878955,185.61806085481112,189.75911808493152,0.897198
36,17.0,35206,114.34850391790496,585.147895851327,308.78206185959084,385.8323097420697,0.862589
37,17.0,41768,557.6746341571137,639.4419196814149,278.6326523977308,305.37783062038716,0.801847
38,19.0,3483,610.1332449601523,788.2084430330362,272.5081023403149,187.79155696696373,0.893131
39,19.0,27733,127.45940126965394,769.8657211227032,311.91865240509185,206.1342788772968,0.90212
40,19.0,28763,99.63493239819705,170.89015420118167,214.28383072896222,202.04311290338416,0.901192
41,19.0,36637,618.2976150896081,207.32385844321706,261.70978335279926,167.93493261289353,0.870939
42,23.0,25367,21.070685678990042,86.35121357980084,416.7681078120092,440.79366406004635,0.905234
43,23.0,16262,594.5511330455992,175.87656927827615,237.22583222509016,228.93238730885872,0.894517
44,23.0,3483,560.0073628641253,811.220043699945,286.74116585122874,164.77995630005498,0.891255
45,23.0,27653,60.36788560876894,809.8635897995837,225.44860088405895,166.13641020041626,0.880485
46,24.0,25367,31.535621106325085,107.28673864009993,433.5205053588254,443.66646372732794,0.91947
47,24.0,16262,621.7987943869739,181.5841582791889,243.54120118414335,233.4944694173995,0.87095
48,24.0,3483,587.4456649090178,845.6011815670148,283.52760230596346,130.39881843298522,0.875278
49,24.0,27653,94.4583751735975,851.9390083964746,221.6498010529944,124.06099160352538,0.857533
50,27.0,23223,76.43273749423386,111.3661181579283,291.6576958277717,498.5755328461153,0.896035
51,27.0,25438,123.79036348429159,821.3706971748389,260.22262036500865,154.629302825161,0.870487
52,27.0,2483,603.3053196279247,79.94856254539297,197.50931077506664,473.8961376401049,0.853938
53,27.0,13395,598.5932942299388,704.8643479850424,236.5601334308259,271.1356520149576,0.89081
54,28.0,25367,16.406455524003686,62.72633166289209,415.8587519200003,455.9478327305472,0.883258
55,28.0,3483,566.9423245377277,812.8745690733944,264.25793886424316,163.12543092660567,0.895297
56,28.0,35206,613.6986605390233,142.1171161134039,224.7380944640193,402.07550324866514,0.957296
57,28.0,27777,176.72931145902854,812.0843248223539,175.89510119260862,163.91567517764605,0.905727
58,29.0,25367,6.657365729461363,49.806396311851,402.04924248930195,448.53555313187024,0.835082
59,29.0,3483,537.5221496275323,777.2963827315286,267.46359360277944,198.70361726847133,0.902002
60,29.0,35206,582.3664832953832,132.43495799309045,222.12527603839527,394.27324151273945,0.955957
61,29.0,27777,144.4354607663562,774.8037735062029,180.65462973129812,201.19622649379707,0.912232
62,31.0,6563,195.77216680325455,713.9941541202105,218.836216298779,262.00584587978955,0.897183
63,31.0,12420,650.6570434570312,845.1365966796875,191.1767578125,130.8634033203125,0.886952
64,31.0,16551,589.40778784057,49.52703452948949,289.72265655670935,482.58387211938594,0.856698
65,31.0,3544,111.14197256577077,241.0068867745711,208.2482894820783,199.00978226398107,0.831088
66,32.0,16551,107.64813692485866,708.1103724187344,294.9066971822001,267.8896275812656,0.91188
67,32.0,3544,672.8935516204067,828.4101433682082,214.19666110091484,147.58985663179186,0.867106
68,32.0,6563,582.3494882248156,232.0823748411246,213.14538972940866,335.21598900263024,0.860259
69,32.0,12420,163.07617141493603,277.6704783990755,185.72851163777875,180.0360667166398,0.890313
70,38.0,20877,86.04836783097618,725.8549678936675,331.3216589539495,241.09725599432716,0.941192
71,38.0,31885,117.19992272458482,30.17949672679805,396.5528184133558,496.9812355233197,0.930346
72,38.0,3483,626.4084607608355,716.444089036491,207.99839560350577,259.5559109635089,0.909629
73,38.0,35206,625.3823763593358,159.410456518432,213.9289869758951,398.10261604654136,0.956898
74,40.0,31885,614.665195177548,611.829343862869,329.2883125956933,364.170656137131,0.903062
75,40.0,3483,159.09157880466785,214.2573196947874,247.14047977313328,220.4786719700799,0.908387
76,40.0,29667,121.13694341458269,838.8048776597833,228.34091999303155,137.19512234021667,0.891399
77,40.0,19861,645.3452817063835,277.4788431905622,223.23637658507366,172.00864092189457,0.775256
78,41.0,3483,593.3399909704774,872.628101751433,257.2688607834092,103.37189824856708,0.911098
79,41.0,31885,53.26072896066024,89.02326719964569,322.4557027385463,539.5411220531367,0.910523
80,41.0,29667,636.2153820248705,206.07101524774754,226.5727226218985,214.33757770480818,0.882601
81,41.0,19861,119.04850941566966,864.6072967375942,223.19453269153382,111.3927032624058,0.859382
82,42.0,3483,564.6111910259305,840.3804036049388,261.8905986229977,135.61959639506122,0.907135
83,42.0,29667,606.9100258985357,199.00895299863578,222.02117183819482,215.79000302415392,0.878941
84,42.0,19861,84.43705741843986,826.4012337689423,226.2237225249784,149.59876623105765,0.886475
85,42.0,31885,34.38046141964706,70.08187843207737,317.51027414906565,535.9013601331853,0.897028
86,44.0,29667,91.94286679981941,722.7710813589432,233.99271442662524,233.92072054608974,0.93048
87,44.0,13900,578.2214873807515,672.8227180212587,181.26977201682237,265.61278315405156,0.875598
88,44.0,3351,371.05851845285997,153.6052488394119,182.52205868821648,187.4094689143962,0.897282
89,46.0,23223,100.56255072205511,112.24347138524655,308.10106701108083,500.8795552469377,0.890243
90,46.0,2483,591.0011937127041,69.7754036984851,247.1619514196962,476.45930059231705,0.872425
91,46.0,3743,116.91498550338363,785.9931392190443,324.8913157094064,190.00686078095563,0.870019
92,46.0,12081,601.9583872119385,710.3157152338844,232.99915102858046,265.68428476611564,0.812715
93,47.0,2483,90.45985404929922,666.1042692098187,255.25306586644155,309.8957307901813,0.854103
94,47.0,23223,529.5428120215333,594.9847507189266,310.07479198973385,381.0152492810733,0.863801
95,47.0,12081,109.8357599536378,111.27294592162472,226.15664320135835,426.5820720423406,0.84126
96,47.0,3743,492.4537697030072,165.00521896592338,318.45518946048605,302.03748049328675,0.850602
97,53.0,6192,102.16531701782841,116.32789013733218,355.8093488683653,474.9756135413395,0.937494
98,53.0,25438,131.8954584322982,852.6942347234218,263.49586709180664,123.30576527657823,0.87449
99,53.0,2483,652.7774369896356,98.53181304164866,212.92035310831508,472.5003152971892,0.864299
100,53.0,5886,605.105693261228,676.8139335593986,243.022531173936,299.1860664406014,0.877055
101,54.0,2483,69.67087183046581,660.9761656181298,206.57844819495426,315.02383438187024,0.875172
102,54.0,25438,546.8739912330207,176.16244660190603,247.28862298553304,252.73303698055707,0.855318
103,54.0,5886,115.28358240942259,82.84205684949404,226.35074680654247,482.0589078203518,0.890585
104,54.0,6192,474.6175419026284,639.7808577187697,364.3772762432768,336.21914228123035,0.889044
105,55.0,3351,422.7190679042184,846.5346142946177,190.69401312593237,129.4653857053824,0.879458
106,55.0,20014,52.00692657010639,282.4561351986986,341.3662856212213,321.9567946237535,0.846772
107,55.0,16688,426.9863902336389,165.65529812760087,523.5823275312108,461.3808751705303,0.851696
108,56.0,20014,549.2483232201045,620.1393122840766,349.09666649899873,342.57581302508635,0.904452
109,56.0,3351,325.7573486021415,191.30205938444666,184.9080166457287,189.75560672319114,0.893089
110,56.0,16688,0.0,554.4584553014093,512.4915716276696,421.54154469859066,0.90488
111,58.0,3483,573.6739508087312,836.6827141076476,260.7225071892666,139.31728589235237,0.912005
112,58.0,19861,92.33278073258136,826.7116889378533,225.58196760781448,149.28831106214673,0.879004
113,58.0,34597,38.558151532657185,50.152000618939425,389.83868653570596,466.34946460819714,0.91386
114,58.0,35206,552.7362732240302,92.49476512353026,281.2808850158999,368.3127508882302,0.922292
115,60.0,3483,151.21336004362632,218.9553208087557,246.8935658823905,222.02295052226467,0.910539
116,60.0,34597,545.154859993326,690.7261337203596,409.7733574488654,285.2738662796404,0.891908
117,60.0,35206,108.0631297509275,772.7061994543029,301.27293480341154,203.29380054569714,0.926257
118,60.0,19861,638.174215498881,277.84398033870525,221.37686601955096,170.41360534974675,0.774663
119,62.0,3351,325.69750455156645,155.91412966934286,185.5107654974089,188.783578230508,0.899533
120,62.0,36637,542.2500558210977,650.4750169916967,205.13110596929954,252.16320218033522,0.847376
121,62.0,18147,88.92545794002973,546.4444770237909,286.2867451576731,422.8603509490813,0.958603
122,64.0,29667,153.5695740206158,276.4791377848716,229.70273616924953,224.8702660948786,0.923248
123,64.0,20014,594.0444713189972,268.1050661940071,338.7953877664693,319.25615335589094,0.899452
124,64.0,3351,396.95899725679175,885.6565281853605,189.8992432254044,90.3434718146396,0.885397
125,65.0,3351,350.38645237294867,153.73614762656052,185.472307674849,187.8236123856588,0.895099
126,65.0,20014,0.0,632.2600168199394,340.1243898017921,343.73998318006056,0.87649
127,65.0,29667,558.3820472602268,727.315076051645,233.63224018039426,233.51149423877195,0.911617
128,66.0,29667,598.1880980831894,820.1291221733668,229.6196881011503,155.87087782663318,0.918658
129,66.0,20014,33.9479869478312,717.6314228000354,346.0280054753749,258.36857719996465,0.893292
130,66.0,3351,392.888728002807,211.1944146084426,184.32453251364245,183.90756317598732,0.893902
131,68.0,16232,152.95133052039984,828.458006892372,191.35494711411064,147.54199310762795,0.895025
132,68.0,3483,172.0131130506046,275.8270995173622,261.42896765320745,219.32112727332944,0.908623
133,68.0,30308,509.69742235346655,768.7355871152639,442.48441395208476,207.26441288473612,0.904916
134,68.0,27777,637.5667620328203,293.11572879043655,175.4821648525833,195.34130521994734,0.90948
135,70.0,16551,46.786246141596656,710.1361528712899,300.0712649858178,265.86384712871,0.815503
136,70.0,29451,45.23288977924903,233.49364574949942,403.7997342977093,227.20299648879168,0.94133
137,70.0,1900,631.3184691769394,901.2930319321215,211.85963600963794,74.70696806787848,0.867921
138,70.0,24850,644.4368233992226,257.8458282624058,192.67094628415506,270.3059517558496,0.86239
139,72.0,29451,550.9179193697981,841.3206281038985,410.26649513436337,134.6793718961016,0.955196
140,72.0,1900,154.95539127522377,225.01551082745272,207.68688014044827,150.17958697601776,0.827863
141,72.0,16551,642.0857445798327,46.909951253152975,292.24483286795305,485.2525781986102,0.902218
142,72.0,24850,151.74591194804592,771.7665902142548,195.86175023371254,204.2334097857451,0.857937
143,73.0,6563,164.09660975777325,673.1365565007656,221.72224295918068,302.86344349923445,0.902111
144,73.0,16551,521.4177301301429,73.74811883667604,352.7818483898986,420.1311498287335,0.87811
145,73.0,12247,591.264350009324,848.9445389790751,212.30615265045935,127.0554610209249,0.948128
146,73.0,3544,72.26311684613252,199.57520719748646,203.9965740568075,199.93784006396726,0.868494
147,75.0,6563,197.38805891640823,711.1745731219573,217.98366972190047,264.8254268780426,0.893751
148,75.0,16551,546.1509071235081,81.29232711408606,369.4696376167949,437.1452369881635,0.892114
149,75.0,3544,88.22156578332337,209.86292500711565,208.75252728486177,200.63126208434747,0.840086
150,75.0,12247,617.7785874563247,879.9232748213725,212.6933250235552,96.07672517862756,0.95823
151,79.0,16262,126.5716920402182,296.4942709764643,245.34842931086098,236.06701844181848,0.887036
152,79.0,19232,501.57451288424545,236.3686288038091,326.71601599305114,258.3160983138349,0.941678
153,79.0,3351,387.1749637162866,845.059755564934,190.21069381943897,130.94024443506603,0.877415
154,80.0,19232,93.10599149771073,697.6370573570979,337.7711002215668,269.53156468377045,0.966307
155,80.0,16262,570.0084998356037,692.989675857314,247.90879292703755,247.41740624509254,0.896446
156,80.0,3351,359.8351043241107,194.45422324942587,184.35710458420033,188.0160619841149,0.89417
157,82.0,19552,120.9346392837601,154.59093509846596,319.6438017418636,481.86186271935856,0.946938
158,82.0,2483,629.7869161481234,98.08337732056278,202.06722025655614,473.44777445577495,0.859908
159,82.0,3743,121.96433859973698,836.4536418052176,332.6288183777775,139.5463581947825,0.862493
160,82.0,22362,606.0309991117698,737.4068020767902,275.91449097293093,238.59319792320977,0.844237
161,83.0,19552,504.5156306741225,596.6247831565051,318.8152629909804,379.3752168434948,0.941367
162,83.0,3743,489.3821654966728,127.03877971399966,315.8988403627021,302.0729215228977,0.869458
163,83.0,2483,92.10462924823089,659.0038860071844,209.50396667173754,316.99611399281554,0.834388
164,83.0,22362,80.48771521793537,119.71430973072147,258.67092098063563,387.4428971640428,0.886729
165,85.0,29345,583.520373167105,676.9652893986533,291.05783372428556,299.0347106013466,0.942371
166,85.0,1900,162.81425292048618,255.93962135506632,127.17851702052752,200.19702853868955,0.865328
167,85.0,16548,569.7916195356665,250.01261441791473,234.35169223804564,227.50423189862897,0.942874
168,85.0,21771,149.67820203004771,850.7820382429727,194.92016532552896,125.21796175702727,0.91554
169,86.0,29345,116.01967268133883,154.81186480498192,272.6489656534626,413.7540602180827,0.946953
170,86.0,1900,684.5205090393374,807.9541076966865,130.4661987918105,168.0458923033135,0.859238
171,86.0,16548,151.4106692213509,768.8171800776342,239.23244012420503,207.1828199223657,0.869365
172,86.0,21771,618.8318220742384,250.93056346184042,187.4995258273791,181.97314177086605,0.784584
173,88.0,31705,622.001369457149,730.0654431827105,248.63037998832033,245.93455681728955,0.875638
174,88.0,1900,129.71193606889426,230.55661018409924,205.23898031723562,138.49794987817498,0.884175
175,88.0,16551,608.2055050643844,50.069402780964154,287.35328743326,483.3962311864498,0.865697
176,88.0,18110,79.22489461467494,799.2016914406014,305.0852420365991,176.79830855939863,0.872493
177,89.0,31705,596.6148589627827,694.5332245946529,252.60979764545374,281.46677540534705,0.875017
178,89.0,1900,114.93703104143768,223.81650631391824,200.6381047694527,138.69575301127222,0.881082
179,89.0,16551,579.8608579396004,43.12220006971503,280.3403657692761,469.3764435274516,0.843428
180,89.0,18110,42.3314583169755,756.4972788748429,315.15492286873814,219.50272112515708,0.860474
181,90.0,31705,134.0176370898683,127.01221864786581,243.33043383114307,422.357020239135,0.855908
182,90.0,1900,654.3055484330835,902.6321751580166,215.34891989243079,73.36782484198338,0.854969
183,90.0,16551,88.48262898047365,706.785723968966,293.6220752198493,269.2142760310341,0.891925
184,90.0,18110,609.6206109895179,217.04814638684144,302.81828515134265,288.4523827634265,0.867617
185,91.0,19607,689.6022894011071,299.56911786716785,156.71380553892504,147.9710198023811,0.901401
186,91.0,27926,145.27079619594554,144.06732752814364,260.3698113983001,456.5572245995604,0.91232
187,91.0,16548,122.71170105287177,866.6243611244699,242.26942252154322,109.37563887553,0.903069
188,91.0,1900,629.9351279100581,893.7755780243994,211.3338178318348,82.22442197560068,0.843226
189,95.0,29667,60.2139624782543,742.7706130137996,232.05907282997018,233.01855499420924,0.907244
190,95.0,3351,338.8654696210545,182.29225434729804,181.2375466811597,187.20879137815547,0.890578
191,95.0,32310,499.18870751462396,720.9688849521042,386.122799973991,238.8416772583622,0.63308
192,97.0,19607,666.6149540426743,251.9915898768746,155.34090772465845,152.0187808856293,0.945796
193,97.0,29345,115.11848695074492,166.215838561705,312.5402157270729,401.5777574088706,0.904267
194,97.0,1900,686.545641108374,806.2774698075337,131.25583115774177,169.72253019246622,0.849409
195,97.0,16548,97.12424411486141,819.9945025420069,244.4333315135247,156.00549745799304,0.904462
196,100.0,1900,134.2812912524046,244.60283741399866,190.91010027554768,161.365631180193,0.903553
197,100.0,16548,586.28564913189,131.45112019447825,231.6252772652325,225.47261085701945,0.953614
198,100.0,33009,517.9547950322903,792.3321180487397,381.69988308240426,183.66788195126028,0.900802
199,100.0,18110,43.46374007565292,746.0525724324749,309.4770972477131,229.9474275675251,0.739689
200,102.0,1900,152.6628665636532,254.41364399512207,195.39659992773926,162.07726698065525,0.897211
201,102.0,16548,613.7391676399576,135.8185742248842,238.6967245897457,228.14532286677525,0.958743
202,102.0,33009,551.1002218735277,836.3129551566426,370.22240658860716,139.6870448433574,0.818729
203,102.0,18110,77.3208114777378,789.4981186449828,306.5346000326339,186.50188135501716,0.813924
204,104.0,3351,325.39551854732645,204.2838407736927,181.7259026148811,188.53307844765817,0.894716
205,104.0,21325,616.7641678239831,758.3342420108354,174.90980169401695,217.66575798916463,0.95775
206,104.0,18357,107.87857837772849,609.0295719932672,250.0114137275733,366.97042800673285,0.849526
207,108.0,12778,109.62885081228899,46.694975330601984,288.44923469888505,526.1668397529639,0.91209
208,108.0,25438,143.0638180833366,843.9646769001257,254.90693319502788,132.03532309987432,0.872016
209,108.0,2483,601.9618830848578,82.18664627458583,249.97207994317293,476.61365650886273,0.86561
210,108.0,22362,585.4475020978917,743.8036342601681,258.92952586418426,232.1963657398319,0.877178
211,109.0,25367,576.2835073806532,719.0526432823297,389.6799991166772,256.9473567176704,0.908295
212,109.0,3483,150.7527812401853,218.61461236848305,247.5848612569684,222.2014571146749,0.910581
213,109.0,19861,638.176156355508,277.4461421487319,221.1294316430787,171.00105922066382,0.770558
214,109.0,35206,107.63993655257491,772.9291756021317,301.2790315714314,203.0708243978683,0.92872
215,110.0,25367,36.40641690738237,48.51326257140194,388.67791195970085,483.0785484122271,0.914157
216,110.0,3483,600.468945373842,867.1190167144316,260.31695679324355,108.88098328556845,0.907286
217,110.0,19861,126.52059721826907,865.8241022004555,221.5164939075258,110.17589779954453,0.871161
218,110.0,35206,581.582589767686,95.77681594158537,289.27826173101846,378.66026666535805,0.918837
219,112.0,16551,155.09636423695628,588.5208727966002,307.19593926051147,387.4791272033998,0.894013
220,112.0,3544,126.4586435059207,234.3354630973471,208.01516110214152,202.6829486636061,0.840059
221,112.0,10221,633.0353884289611,200.11348199125507,224.83441806198968,216.49358241402325,0.825242
222,112.0,33009,564.8672844201476,809.76933955667,365.8488042630145,166.23066044332992,0.85492
223,113.0,16551,533.587646484375,230.9398651123047,303.4736101160097,454.9153850306219,0.80717
224,113.0,3544,659.8182741098069,833.2087549564227,213.94567625726296,142.7912450435773,0.863415
225,113.0,33009,77.11030080210622,268.9709063199298,362.6001079310126,219.45468431022297,0.890548
226,113.0,10221,126.15561791041388,843.8889350316034,230.123463079558,132.11106496839656,0.908963
227,114.0,16551,122.17342093002857,536.6347245259501,313.3616641250686,439.3652754740499,0.909448
228,114.0,10221,602.7932659513386,195.39818653509244,221.45075567044202,212.10614849454794,0.900897
229,114.0,3544,109.74811841495074,225.1573723261081,204.62273794202952,199.4354210474982,0.841081
230,114.0,33009,532.1766753076909,764.3498884804884,376.2051646170304,211.65011151951157,0.901182
231,115.0,25367,491.6279649590728,639.2994860165084,423.44911845604975,336.70051398349165,0.874448
232,115.0,3483,122.62430415321235,306.7021949039632,272.69178687627584,199.70183237353766,0.917466
233,115.0,36637,102.93904109935666,881.313635744641,266.2372487130476,94.68636425535891,0.915019
234,115.0,27733,561.2372988600227,257.95461698752547,298.0322458851878,262.5157794281467,0.94033
235,118.0,3351,457.33955682342383,845.5103005260679,189.88414039803487,130.48969947393212,0.882465
236,118.0,13900,63.78689680626644,312.2720879789573,231.83203025319472,211.14316884716558,0.844335
237,118.0,16688,414.4496216127022,77.67809755718288,446.11403376133603,521.1358130373548,0.859852
238,119.0,3351,292.3759983388623,191.0865061390939,184.93187510428115,188.9387898660784,0.897178
239,119.0,13900,654.0936202619542,706.123350823944,228.57198437254624,221.3737112074043,0.870174
240,119.0,16688,73.44617002094212,576.6239320381203,454.2177079550585,399.3760679618797,0.862915
241,120.0,3351,333.7906349987241,254.7549183141047,184.82068484512405,182.6607427549122,0.899594
242,120.0,13900,690.87672493326,795.9777430242032,229.2731516469064,180.02225697579684,0.796212
243,120.0,16688,113.1968509539887,673.8861982642707,449.4605571804335,302.11380173572934,0.905944
244,122.0,25367,52.34899940682416,90.54231718437156,371.8870917085427,476.040561081776,0.905259
245,122.0,3483,574.7116576535019,810.7489651627277,279.3747641405269,165.25103483727233,0.887855
246,122.0,29667,590.5742512611887,170.4339786702065,217.94315173278505,213.8514428833621,0.907357
247,122.0,25469,49.63294304315768,789.6161048160725,352.1409588531034,186.3838951839275,0.889476
248,124.0,21026,674.3713001653776,273.38269886419397,175.3479460903148,172.02158604914217,0.937356
249,124.0,1900,174.6038300787384,281.4202282776185,203.6021996119513,139.0233359792125,0.849111
250,124.0,16551,0.0,763.3382865867422,374.440447016577,212.66171341325776,0.810905
251,124.0,21771,686.7389869881634,881.9376217636031,197.430276688619,94.0623782363968,0.927048
252,125.0,1900,622.790485324572,887.4110868061009,206.7809896037805,88.58891319389909,0.844662
253,125.0,16551,624.6426339460977,35.34907481898016,351.3573660539023,440.31475001962946,0.873152
254,125.0,21771,116.22949605970527,202.50781947763724,191.35478156775088,185.5733016124323,0.931897
255,125.0,21026,137.71927109914807,867.8899364375588,180.24687631885007,108.11006356244118,0.914486
256,126.0,16551,594.1371300472088,28.641971482703436,345.11711757027314,430.77755629956425,0.878106
257,126.0,1900,596.6018477396749,855.9244535053195,209.50481196264525,120.07554649468044,0.836404
258,126.0,21771,99.31045049159368,197.59624017303312,188.8484493236446,180.5261314813815,0.916742
259,126.0,21026,103.59956313856883,833.7965207507262,183.05645805627256,142.2034792492738,0.910057
260,127.0,2483,640.7958499774263,115.91160740684624,203.27754832512156,470.7448659925605,0.865105
261,127.0,5094,134.75240391103466,858.5030180197864,287.28595277412455,117.49698198021363,0.875106
262,127.0,6192,135.99024464976247,156.63064697879042,287.0531116274733,532.1513401970792,0.835795
263,127.0,22362,619.2619733187421,781.2115223946882,259.008059401009,194.7884776053118,0.864394
264,128.0,2483,647.4162968774535,78.60606204085613,201.38284593131672,487.2434308996152,0.877192
265,128.0,5094,133.91719913961902,846.35047644227,279.48541627816815,129.6495235577301,0.804733
266,128.0,6192,134.5275198011542,131.42531727546424,287.63777873743715,531.7468562293891,0.810207
267,128.0,22362,605.1607751894237,777.6668213504042,259.2485928176036,198.33317864959574,0.897246
268,129.0,2483,83.51608652086115,642.7161092326869,205.9368576739901,333.2838907673131,0.835152
269,129.0,5094,523.0284963636542,153.10335536937617,265.7391388092808,260.9301567652717,0.887079
270,129.0,22362,81.70568307081061,78.14743632407644,252.94619321583502,390.3814543910961,0.893836
271,129.0,6192,521.4636917497644,545.433200855351,285.7315520473461,430.56679914464905,0.846956
272,130.0,36637,128.55413519317779,828.0415299765428,192.56071380155169,147.95847002345712,0.924068
273,130.0,3483,172.94053128496486,275.45780415750625,261.41374076191505,219.21918322692565,0.910779
274,130.0,30308,507.3652869756498,766.7771131045854,467.3925126425584,209.22288689541458,0.816567
275,130.0,27777,637.9260763043734,293.1025795481313,176.0550853019982,195.82930721110435,0.907314
276,132.0,3483,566.8707118968869,813.047928239832,264.26449324258,162.95207176016805,0.894922
277,132.0,36637,665.3595688402953,181.5554352573414,186.50123419833534,247.4242334413768,0.931874
278,132.0,30308,28.49905585284209,179.52608731523833,460.22406128543105,309.7807784344083,0.862151
279,132.0,27777,178.2015834022407,812.0919097440326,175.97844561859597,163.9080902559674,0.905273
280,134.0,31885,42.41458336911609,7.003477944800602,354.4550726042321,520.5068574071529,0.916291
281,134.0,35206,648.7772388554099,142.85380676882951,201.49090116107885,398.3033042409312,0.937751
282,134.0,3483,559.888337868542,812.4944718710742,287.51932544804083,163.5055281289258,0.892791
283,134.0,27653,60.63367002094211,810.704909741579,225.36577111632374,165.29509025842103,0.883245
284,135.0,31885,54.76335997078287,20.33497904293501,369.1398063928039,534.1020489409941,0.910399
285,135.0,35206,679.0658511061165,152.881930403973,203.37420838322487,409.60101717081506,0.926967
286,135.0,3483,587.6438003616717,846.2448497369662,283.63307258951005,129.75515026303384,0.876643
287,135.0,27653,94.95553381838393,851.910417259638,221.19336849960249,124.08958274036196,0.86006
288,136.0,16551,79.45525314101022,650.469497450632,313.6408171533939,325.5305025493679,0.888071
289,136.0,1900,650.3217886919953,850.7088055634619,211.19010764270556,125.29119443653818,0.890375
290,136.0,44199,133.872502695975,245.52283949348796,243.89932657366415,228.84386279235534,0.945321
291,136.0,33009,566.9877708856784,216.82574232858627,316.5260917625237,289.3246160919342,0.8631
292,139.0,31885,12.865263253600155,46.68517740527589,394.2908315994033,504.2960073193115,0.916825
293,139.0,35206,584.5200431478684,110.88277761181395,223.53315006428602,392.99726200582995,0.960597
294,139.0,3483,574.9540754922072,811.4229549235436,279.62158172454053,164.57704507645647,0.88373
295,139.0,25469,50.12970959840707,788.7051873135208,352.1050497850581,187.2948126864792,0.890205
296,140.0,31885,22.69320152512747,65.44550411665259,408.94964844976835,511.9752200332718,0.928551
297,140.0,35206,611.4965259034431,121.13740501212112,231.2436416089234,401.92030265463063,0.957987
298,140.0,3483,601.9938167399497,844.2418034999215,278.13306246810237,131.75819650007847,0.891053
299,140.0,25469,85.39439614454105,830.0309644536158,346.09083135403586,145.96903554638428,0.880234
300,142.0,44199,77.84538430065366,178.81545767472613,249.01731067446605,220.72682864701932,0.974247
301,142.0,16548,593.3335982279561,156.0402215545501,231.16850119739325,223.8514658865617,0.952096
302,142.0,1900,579.8135722558103,866.4692143579223,213.80584042036355,109.53078564207767,0.845967
303,142.0,21026,91.6497279794971,831.9039962998587,181.80807449110787,144.09600370014132,0.916708
304,143.0,16548,621.3698064909509,160.9630258838136,239.5644123326595,226.79810183731152,0.962315
305,143.0,44199,93.24413165375216,184.35529415571511,257.7227270998547,229.3559899258254,0.969784
306,143.0,1900,608.9167400724325,899.9884186557789,208.39111665505266,76.0115813442211,0.821491
307,143.0,21026,124.71940355923905,865.7195544985672,181.20184862913197,110.28044550143287,0.910933
308,146.0,16232,152.9196842519482,828.2607845133873,191.37076396079524,147.7392154866127,0.897481
309,146.0,3483,171.9504982646386,275.78192798096933,261.29962188874055,219.70122217532978,0.909218
310,146.0,31885,556.1755591924466,670.5545372124294,400.47649594407585,305.4454627875706,0.891474
311,146.0,27777,637.995287411177,292.8589318050212,174.98307761954308,195.934046452968,0.910373
312,148.0,19232,501.7631142774419,236.11320135222007,325.9663248493444,258.78989920304633,0.941119
313,148.0,20238,121.5477666040162,299.3347302920854,225.29198866034275,221.16018538738624,0.708344
314,148.0,3351,401.88479445567685,849.8035259917752,189.6586009269982,126.19647400822477,0.88447
315,149.0,19232,92.93253406927215,697.9702964284312,337.99171424750705,268.309950018648,0.963911
316,149.0,3351,346.3616937225188,188.28517725958898,184.23355915318785,189.1842514881536,0.889637
317,149.0,20238,594.7317909739126,713.3614130834839,230.7307319066033,225.40749830696456,0.803559
318,150.0,19232,134.1972337272299,803.2294225644825,335.5012694699081,172.77057743551742,0.954465
319,150.0,20238,633.7748636983747,802.1424434796052,227.63007113202733,173.85755652039487,0.823043
320,150.0,3351,388.4644234048661,250.5465962778983,183.83934182018498,182.97068893969362,0.889271
321,151.0,29451,513.3760464922268,244.72092541258536,406.4097949464119,219.40594428747744,0.971333
322,151.0,1900,643.7921326603721,844.1712775302292,190.24905502856086,131.82872246977084,0.837922
323,151.0,16548,97.26519809895423,819.9403965628926,241.2828973358001,156.05960343710743,0.851174
324,151.0,33208,185.06407556581735,268.34593683750785,205.43519047876111,195.48585533257105,0.696136
325,152.0,29451,36.306879149010435,800.3852361171089,421.0592646766548,175.61476388289108,0.96911
326,152.0,1900,148.41821902481155,240.6550058336114,181.13417889005578,181.34507667119783,0.8552
327,152.0,16548,620.8638532628966,206.50198670967143,231.20743150567264,222.79695597126255,0.936524
328,152.0,33208,583.7784586384068,811.242072484002,213.14291151803928,164.75792751599795,0.920072
329,153.0,29451,71.00244803883922,844.7860107421875,416.71288449081345,131.21398925781253,0.971989
330,153.0,1900,166.82031004632537,246.70616326260208,183.24793906667122,182.93551957786985,0.824183
331,153.0,16548,648.0404429986847,212.68437501533543,238.49256199208952,225.9483224686666,0.954717
332,153.0,33208,610.6385099324748,845.9586785858,209.71539183956892,130.0413214142,0.918409
333,154.0,23223,88.33786946205636,131.4423575473191,316.9068825879888,498.02905978868955,0.881556
334,154.0,2483,619.5307497570863,51.79911539662424,250.21021397269556,469.8943229943663,0.847618
335,154.0,5094,106.45791714155493,806.051866387602,278.94184637788555,169.94813361239795,0.803658
336,154.0,5886,596.3376832894944,681.5514934290594,235.3998081839864,294.44850657094065,0.884166
337,155.0,5094,547.9595389054648,185.8646375186479,271.0698481420777,268.35990376688125,0.892242
338,155.0,23223,533.5022294701045,575.7503192844102,321.1512963376453,400.24968071558976,0.855742
339,155.0,2483,68.92894882892244,690.1355219702026,254.24074090545503,285.8644780297974,0.848542
340,155.0,5886,113.23552328138493,87.23464436746723,235.1520677116049,471.9655685041418,0.883089
341,156.0,23223,93.08275761436575,169.28117869008125,318.7589654203635,492.20030772146873,0.881271
342,156.0,2483,607.860631281407,83.74549835051724,259.2965820925917,463.37672401313205,0.848899
343,156.0,5094,109.82871334516824,817.1744878567644,283.1542165171561,158.82551214323564,0.863526
344,156.0,5886,604.1891479492188,681.7425708866598,245.59217228721735,294.2574291133402,0.854484
345,157.0,3483,537.4808141047032,779.078745166261,267.39637641331655,196.92125483373894,0.900112
346,157.0,16262,576.1926809339668,188.58494721225756,237.615612240892,227.6771024771072,0.889027
347,157.0,25367,105.10013216104937,82.17523135851376,395.8526988580598,455.52780642102107,0.859206
348,157.0,27777,144.0286131432308,775.5296643127749,180.69146782189748,200.4703356872251,0.913045
349,159.0,25367,119.43170330871888,97.09428248573188,407.85845211163235,465.9769313179668,0.886025
350,159.0,16262,603.1696866289456,192.66500218070334,242.52519678470463,232.18523518164554,0.860795
351,159.0,3483,565.528520593691,813.4838753705048,265.9550253709957,162.51612462949518,0.893606
352,159.0,27777,177.20380834838252,813.0966155852504,175.96811465162722,162.9033844147496,0.905711
353,160.0,23203,211.23000515885087,315.2127055259206,135.45111666732097,138.28989076853992,0.962277
354,160.0,16551,576.9578970904327,265.87475417247373,286.2323455043773,466.75561876153216,0.900909
355,160.0,3544,627.1385120794401,887.2542522181219,212.617486848304,88.74574778187808,0.855419
356,160.0,4543,144.20459137729662,916.1708015173525,214.07346976582133,59.82919848264753,0.912205
357,162.0,16551,127.26758816973049,538.9912265796758,289.4451895095595,437.0087734203243,0.86919
358,162.0,23203,653.0148205014331,856.086741078439,138.2468145169203,119.91325892156095,0.909587
359,162.0,3544,158.54519591978448,178.15909426895217,207.77740877237744,200.25241564266645,0.818777
360,162.0,4543,628.5587032452302,144.05769447825062,209.30670871447077,203.3180075794009,0.87364
361,163.0,16232,642.5751894850227,250.42539809337214,189.12267207620118,182.0782592620083,0.89758
362,163.0,3483,568.0675809467258,812.5092948261815,264.1087707826241,163.49070517381847,0.895186
363,163.0,28763,126.2891578482623,172.9557767321716,213.6149339532133,204.65573005101191,0.683694
364,163.0,27777,178.6781724325976,812.5223063559987,176.02301293761286,163.47769364400125,0.902448
365,164.0,16232,152.69215515750136,828.388347376531,191.80211029819506,147.611652623469,0.900324
366,164.0,3483,171.9257404576594,275.56218792325893,261.45484333900947,219.34742683142264,0.905884
367,164.0,28763,652.0494424637837,891.4290611995524,223.4289274742855,84.57093880044756,0.934707
368,164.0,27777,637.4755304231116,292.37390305408877,175.64022689129231,196.2139116603526,0.910156
369,165.0,16232,614.7301276892274,239.5639636169127,184.6762624769353,181.57810307028302,0.89885
370,165.0,3483,538.6819031681846,777.0567366250195,267.9009233791026,198.94326337498043,0.902366
371,165.0,27777,145.62754936793343,775.1714014407978,181.07274746535415,200.82859855920222,0.911459
372,165.0,28763,108.10361208508363,168.6371591079175,212.40442093892312,198.07872285315742,0.656166
373,170.0,2483,617.8668948993012,73.17368642529053,233.1897144413474,464.9617794171051,0.856161
374,170.0,6192,117.5509048921978,167.5169311216728,302.984640150214,509.99553967959923,0.808149
375,170.0,12081,649.6288347867267,697.884312001904,244.63815414965453,278.11568799809595,0.833252
376,170.0,5094,107.7836704349997,810.0192990710387,284.5380305764664,165.98070092896126,0.895565
377,172.0,25367,115.92191843770856,65.57906556249263,337.7318759323964,500.9412535087547,0.897877
378,172.0,3483,586.5925587409705,845.4239912943625,284.970875188933,130.5760087056375,0.874296
379,172.0,29667,632.0700530239086,179.51925467486362,225.33567434339665,216.14670681594004,0.915676
380,172.0,27653,93.55399119314833,851.7428831167557,222.2520070291644,124.25711688324434,0.865074
381,173.0,25367,98.24104213235367,51.79958945422915,331.5635277829577,489.539887548092,0.896121
382,173.0,3483,558.4019287722795,811.9801111269236,287.6856146577614,164.01988887307638,0.888906
383,173.0,29667,604.5506941445509,175.81785744518493,218.50440649291392,214.35764163223342,0.896098
384,173.0,27653,59.71205846508545,809.9939271553077,225.28027788478525,166.00607284469226,0.877106
385,174.0,25367,548.219990332522,686.4039607215766,342.32838416938205,289.59603927842346,0.923188
386,174.0,3483,132.37604863919205,287.69727543969856,276.9585496145277,175.58133133931375,0.889717
387,174.0,29667,124.65826032628966,863.5236751997292,232.22001072869227,112.47632480027089,0.884439
388,174.0,27653,671.6774515889997,255.30085048963082,220.93960249244262,200.67288353694738,0.887875
389,175.0,30308,120.41175228866501,93.80523907838754,283.765665178922,484.99660135393765,0.962353
390,175.0,3483,594.4317062607962,871.4889054034821,257.62633755937895,104.51109459651784,0.910908
391,175.0,29667,638.4103595982843,204.7784550345723,225.05838978829695,215.22812280702826,0.88792
392,175.0,19861,120.14391215722165,864.0417869989597,222.9536566806199,111.95821300104038,0.856146
393,176.0,30308,595.8462122624843,676.0039191317918,283.827018392745,299.99608086820825,0.96583
394,176.0,3483,157.80581243313736,214.90683811513617,247.34853765593098,220.635260347146,0.907551
395,176.0,29667,118.71980764877858,839.1980228903304,230.55142058559395,136.80197710966954,0.882504
396,176.0,19861,644.4587985091472,277.2747890146534,222.92446577369276,171.8967305092356,0.764114
397,179.0,3483,172.75842814229838,272.8916336136248,261.7552247934006,219.9033111112202,0.910559
398,179.0,20238,152.6792025925526,851.6658932479781,231.81283692019673,124.3341067520218,0.839428
399,179.0,27777,638.6344972543382,291.85086136247645,175.83200701996304,195.76425002208305,0.901271
400,179.0,22347,644.0807964382459,833.872866223206,214.71329057396346,142.12713377679407,0.903011
401,180.0,3483,537.919471932416,779.3371048357019,267.55654339814316,196.6628951642981,0.903545
402,180.0,27777,144.1794317810979,776.0211206177371,181.18638488156108,199.97887938226293,0.914279
403,180.0,20238,576.9054562362594,191.8897540221861,221.4436292792086,212.27385531478194,0.843484
404,180.0,22347,122.1802613148138,229.382943464883,204.39942341713453,193.84194746927997,0.88519
405,183.0,6563,590.32685184958,239.95383648896333,214.0406702702969,338.41676706285335,0.881821
406,183.0,3544,640.5276639545383,875.7259828193704,217.02446865676038,100.2740171806296,0.861738
407,183.0,16551,18.122811854185173,693.926590349207,410.93344760300516,282.07340965079294,0.852
408,183.0,10221,159.577092079661,262.7294785389349,219.2433693277177,211.24286226052138,0.901186
409,185.0,16548,132.63692117815643,736.7266686214274,242.05010541599597,235.33584518049233,0.954404
410,185.0,23203,627.4551094093514,821.4154242894159,141.14247169686314,139.64804920599076,0.938255
411,185.0,3544,141.7402278574268,173.5324481599894,202.79259648155332,197.53809912600113,0.851693
412,185.0,4543,599.0154063162493,144.58996068293126,204.60570552960107,199.24289239471278,0.881464
413,186.0,16548,165.43630789751984,781.3713443315208,237.85094011009636,194.62865566847913,0.946834
414,186.0,23203,655.4161327879633,855.8746650734139,139.67947280347047,120.12533492658606,0.806137
415,186.0,3544,158.2881343208965,179.143704591684,208.0183555564689,200.2643703288169,0.824658
416,186.0,4543,627.4552256521868,144.25006057509225,209.30361647102706,203.90754676703827,0.870887
417,189.0,12778,89.29471722320096,136.54210129934336,291.0582367403423,521.6218004082914,0.901196
418,189.0,2483,640.8742776995327,112.58249020217052,204.215550101582,476.1334366534823,0.86532
419,189.0,5094,134.81399934854937,858.7224136429215,287.31568425624215,117.27758635707842,0.873678
420,189.0,22362,615.1203361779601,782.9270451991403,264.1427167576162,193.07295480085975,0.871603
421,191.0,10221,89.9902960235749,789.0910291815524,228.70945026646908,186.90897081844764,0.91383
422,191.0,16551,580.3705195901382,568.2238686719732,288.6223534052096,407.77613132802685,0.857455
423,191.0,3544,121.9270079339569,182.40588555264114,203.05320578723692,198.30397049026868,0.833699
424,191.0,4543,638.514068450161,151.73666312826336,204.5356702948336,198.06039988455464,0.90767
425,196.0,3743,489.6542870603015,127.10090292159039,315.39160738997725,301.7174383575593,0.868985
426,196.0,2483,90.0549307588357,658.8818617010836,212.77985416584875,317.1181382989164,0.842029
427,196.0,12778,535.0773297027127,514.2608984559024,282.9675857313913,461.73910154409754,0.883614
428,196.0,22362,81.1127014543543,119.65447108589825,258.15701861357564,387.9558097801017,0.888568
429,197.0,12778,120.70731714143224,171.7365892113154,287.97378892754784,522.5942974761504,0.896178
430,197.0,3743,120.40066942377908,828.3508475605568,327.0469545910706,147.6491524394432,0.872625
431,197.0,2483,634.3816509917752,63.73345337680837,202.909309732255,487.0546204840119,0.856471
432,197.0,22362,600.1317749023438,737.2200906264723,264.0848020620681,238.77990937352774,0.85755
433,198.0,12778,122.90974905502856,200.33458981921325,288.72444160499765,521.7062485277953,0.910779
434,198.0,2483,627.9006958007812,97.70624496229928,201.1556988433378,474.4481777785412,0.865617
435,198.0,3743,122.03193100972392,836.6013011836526,332.3029906306434,139.39869881634735,0.857606
436,198.0,22362,605.9113852342768,738.0596798077302,275.8875944051312,237.94032019226987,0.845212
437,199.0,3483,562.7295406475739,813.305188969751,266.8487539626844,162.6948110302489,0.895673
438,199.0,30308,37.86176485991358,119.68904577667391,405.7893509601229,397.4072138340629,0.927081
439,199.0,27777,175.60894131301038,810.7059893584131,176.90374326466315,165.29401064158688,0.902039
440,199.0,29667,630.9362556802567,164.2709361320764,223.15252440179435,215.06739446745442,0.894802
441,200.0,3483,175.0464936069508,274.6508230851523,261.8805621736613,219.77040874538716,0.908916
442,200.0,30308,557.2333880093829,732.1638079312579,411.68166700200226,243.83619206874215,0.91794
443,200.0,29667,126.24156511009637,879.440562492639,232.03911119010576,96.55943750736104,0.912975
444,200.0,27777,639.9387464667085,294.82403012376335,175.78370122094844,196.4299839345655,0.897322
445,202.0,3483,143.42495765877726,289.871806542478,210.27957636387504,257.52546668891335,0.914103
446,202.0,20877,545.3648644835506,293.3874586862535,326.45592464274506,235.43467965437543,0.915473
447,202.0,16262,109.01738183103015,835.0862282604428,249.97769609767596,140.9137717395572,0.886472
448,202.0,22347,686.8749450990301,867.191107821824,216.36595759559526,108.808892178176,0.875399
449,203.0,20877,84.5254604013721,725.6624455284234,331.2288457975915,241.9368721660057,0.937948
450,203.0,3483,625.2118251167949,718.3971766179532,207.46576571823965,257.60282338204684,0.912089
451,203.0,16262,602.809433826849,186.7057222145886,236.55173204891653,227.77992409557555,0.88076
452,203.0,22347,81.82897746023819,196.01361666732097,202.68815405764175,195.82039377797182,0.843407
453,204.0,20877,116.11956825448041,767.7268210559633,329.65763295235945,208.27317894403663,0.948219
454,204.0,3483,649.5350206844771,750.9332922547308,210.68675254936778,225.0667077452692,0.91203
455,204.0,16262,629.8474182435616,193.068679272829,245.30582600502504,231.58353719279987,0.853747
456,204.0,22347,98.05131864308112,203.4197117791104,206.3708913218436,198.0892994942977,0.841586
457,205.0,6563,164.585015915147,672.8062679731664,220.21544052967474,303.1937320268335,0.90878
458,205.0,16548,593.037721260109,121.66701921625952,231.055200011287,223.94472315802645,0.959033
459,205.0,23203,622.711497857942,848.8633379912256,140.9372589264683,127.13666200877438,0.960055
460,205.0,3544,112.83496231769199,163.01249740830616,203.46482749440565,199.96168656085604,0.857761
461,210.0,3351,417.7231943715158,243.54973307087192,185.99314888038828,183.44262940679963,0.886027
462,210.0,29667,163.2951180922925,750.6547391498509,229.31752995630006,222.27161533988289,0.91199
463,210.0,31863,595.6714314983119,874.7081758892117,205.9673695013151,101.29182411078833,0.868032
464,212.0,1900,623.3137320513702,886.9853632174544,206.44716931827105,89.01463678254557,0.845479
465,212.0,21026,137.9538607956776,867.7959579391096,180.2825510609689,108.20404206089042,0.913906
466,212.0,16551,479.28828146469647,142.54468141488692,440.4684324024911,351.7781013220399,0.879014
467,212.0,18110,58.619737289658744,122.89947973663483,309.375732421875,291.6986582387033,0.83729
468,213.0,1900,596.3207946470634,855.9342918204303,210.1957974074474,120.06570817956974,0.838265
469,213.0,16551,452.27384158953953,126.12639284373526,433.4769417460839,346.09032405680756,0.867377
470,213.0,21026,103.96303972407202,833.3800217518254,182.77799274693785,142.61997824817453,0.912264
471,213.0,18110,46.34304132892858,114.11745364701929,299.1262986072943,287.1234882297228,0.842332
472,214.0,33208,586.7596438613969,801.8688771616874,215.01115348470876,174.13112283831262,0.918989
473,214.0,1900,140.3574625906633,239.9808160216365,200.69548724763956,129.13603041759092,0.868369
474,214.0,16551,566.8176370745329,55.067415611228746,281.7391204067211,463.5518018252886,0.857391
475,214.0,27926,90.83744263768794,616.1896868375077,275.16590981028196,359.81031316249226,0.841523
476,215.0,27926,126.65457889422703,661.8110664406015,264.51817712831735,314.1889335593985,0.882296
477,215.0,1900,157.887187171821,248.86584227288785,204.06791226947732,127.35093527942452,0.873629
478,215.0,33208,616.3961408605528,835.3751935335858,211.38419637248745,140.62480646641413,0.909509
479,215.0,16551,595.0883316730135,61.30164222142206,288.8302750323885,482.5971935789788,0.866764
480,217.0,2483,590.8720046767038,70.3903887571402,246.6163817745957,475.30966232529835,0.872851
481,217.0,3743,115.1439136907683,784.8893214853565,326.147235506144,191.11067851464355,0.872846
482,217.0,6192,130.64803237531652,128.81915267867657,274.3076108999588,532.4291329695352,0.871603
483,217.0,12081,601.4342706574866,709.2549380201791,232.94123449277657,266.7450619798209,0.813584
484,219.0,2483,90.1991781493527,665.7858733364085,256.5523716912197,310.21412666359146,0.854129
485,219.0,12081,110.13663026435891,110.62932325966995,226.55804428023907,427.1344926536982,0.828788
486,219.0,6192,538.8520455671915,547.6244822746545,269.9981091369935,428.37551772534556,0.882605
487,219.0,3743,493.2222317642902,167.50651956682827,316.6467690012564,299.06018741166775,0.838205
488,222.0,16262,170.73159552339334,767.1561257827223,244.66860816227125,208.84387421727777,0.794405
489,222.0,3351,406.14452235542956,203.90563857495482,184.0480009299426,183.93115495077927,0.889556
490,222.0,41768,601.1981198104781,737.1024709730293,276.2956322138034,238.89752902697074,0.84851
491,224.0,3483,601.977947906034,843.7308337341003,277.9753675604585,132.26916626589968,0.886994
492,224.0,29667,619.1624427680393,171.87308636382593,224.4279429373431,217.4096755598059,0.919097
493,224.0,34597,102.13083871045903,80.69839462203596,371.1960019825691,487.60135884500636,0.88127
494,224.0,25469,82.2214107417581,830.3165528570587,346.52347277157276,145.6834471429413,0.883353
495,225.0,3483,125.67927501429266,271.5380356371702,271.57491896739555,190.3117583768452,0.907176
496,225.0,25469,575.1645793052176,189.72029849871922,331.8838304682592,284.7506042173759,0.868984
497,225.0,29667,138.5842664709043,872.0469795878809,230.62409528416012,103.95302041211916,0.889228
498,225.0,34597,527.3884639260757,662.6324465957717,371.8457920707051,313.36755340422826,0.854185
499,226.0,20238,644.8980866245289,188.91365258298325,225.37545392980533,215.89122231641613,0.863765
500,226.0,3483,600.349138882891,867.3207158227661,260.60336165691746,108.67928417723387,0.906964
501,226.0,22347,108.30057889852093,229.48030596402424,207.6394361179678,198.5158048083434,0.922879
502,226.0,19861,126.43484523907378,866.147384260168,221.60387248130294,109.85261573983196,0.86777
503,229.0,2483,52.75761829548745,679.3010051478093,280.2542522181219,296.6989948521907,0.849229
504,229.0,3743,535.4407909910883,152.807843769016,315.39005482735945,301.8233308264958,0.837986
505,229.0,5886,96.78910513259657,71.01757593969603,245.72875179118242,475.2326443926174,0.902744
506,229.0,23223,498.49176577467415,657.1775488158565,403.7137518647926,318.8224511841434,0.727777
507,231.0,2483,598.5233154296875,108.09357249197649,285.8893862010246,452.30392870112286,0.839548
508,231.0,3743,71.96833981461262,814.7875111642195,332.9295922667536,161.21248883578048,0.812726
509,231.0,23223,50.903842619316066,138.42408507073944,398.8136771504005,434.6719486102386,0.921114
510,231.0,5886,614.2912919701045,690.3812335603801,237.06824067849004,285.61876643961995,0.888681
511,232.0,3483,599.2603471458857,799.2646631595478,275.417722769119,176.73533684045225,0.901956
512,232.0,27733,114.83715509769304,774.907421936342,322.7156240185302,201.0925780636581,0.911971
513,232.0,22347,126.70088974075702,233.18354252954222,208.01732723676977,197.34664380250865,0.901177
514,232.0,29667,676.8764237447,188.47155247980623,227.07075385472294,215.43581961626984,0.887206
515,234.0,3483,571.3065636409588,768.6241608432789,277.32049897927135,202.51588846331262,0.9026
516,234.0,22347,111.30052135218328,222.5699386213293,201.32104568864833,195.92310475105023,0.931248
517,234.0,27733,81.32562071833777,732.6339365896868,325.03958313908413,243.3660634103133,0.919595
518,234.0,29667,646.6638254136897,184.6712355877287,222.5549071038786,213.61097088531034,0.898809
519,236.0,28763,615.9600158384696,835.6614297071294,223.00047509274884,140.3385702928706,0.939499
520,236.0,3483,131.21950159120797,288.0285983445057,277.09286621707173,174.8401703954342,0.893521
521,236.0,35206,105.93658309246429,689.350664455088,201.58318263681684,286.64933554491205,0.915908
522,236.0,27653,670.4335897627788,254.49339256094925,221.17488903256515,200.2899096311636,0.890823
523,237.0,35206,649.0364591512248,142.6465264708553,201.7273246726799,398.57808359424087,0.93715
524,237.0,28763,142.80560762798368,222.42344182460153,210.74785978231006,200.2976058883284,0.947145
525,237.0,3483,559.9622655513898,812.3083082036158,287.08948888730765,163.69169179638428,0.893675
526,237.0,27653,59.94460706854585,810.6718381948806,226.19924635383953,165.32816180511944,0.884185
527,238.0,16262,625.6850104403856,239.36059585647968,244.30106679638413,234.66665342704732,0.832852
528,238.0,3351,402.9042660507125,834.8679070400832,187.29124979757182,141.13209295991678,0.884561
529,238.0,18357,67.20130648205628,257.7120152765782,304.8078682290848,302.62282911137714,0.886111
530,241.0,3351,411.69774869219145,911.9361204214432,189.53154290740804,64.06387957855684,0.884623
531,241.0,18147,515.3483684290594,254.43727318845202,307.9737953684438,384.99903064516917,0.95193
532,241.0,20238,129.72096252441406,322.2985534667969,224.70259094238284,224.69198608398435,0.933533
533,241.0,3351,129.49920654296875,325.94793701171875,228.1331787109375,220.63037109374997,0.632738
534,243.0,3351,379.5605479484826,184.54668568366736,182.81657754715965,183.7514567926301,0.885083
535,243.0,20238,623.6108582463097,769.268613575691,227.5004116039181,206.73138642430897,0.776842
536,243.0,18147,143.0069585445538,651.8571314212666,314.6865620828753,324.1428685787335,0.926404
537,244.0,6563,197.0095451009933,712.8469937578518,218.37477257503332,263.15300624214825,0.899489
538,244.0,16551,578.480091804236,5.066151513526187,287.80052821480456,482.7411451483492,0.892141
539,244.0,3544,127.28909313259413,170.05013041280623,208.56634138097712,200.1830505677803,0.836868
540,244.0,23203,651.312167220379,881.2297866284548,136.45111728073985,94.77021337154515,0.894394
541,247.0,2483,626.273682560753,96.87123437622685,201.6976520787531,474.9760292858335,0.854949
542,247.0,3743,121.33232373568282,836.6414255113459,332.5836026752415,139.35857448865414,0.862663
543,247.0,22362,605.7948019516529,737.8629460167047,275.4196669995486,238.13705398329535,0.855814
544,247.0,6192,57.36600937196358,138.68032652888462,335.2341343865323,498.0918746258147,0.717715
545,248.0,3743,119.80016349907496,828.3371790593593,327.35266404655107,147.66282094064076,0.873307
546,248.0,2483,631.8506445189815,64.05480284187662,207.26616235474253,480.3879279515252,0.862958
547,248.0,22362,599.4132825381793,736.9819838940798,264.6537239419755,239.0180161059202,0.855868
548,248.0,6192,52.98875590185424,107.8456854125363,335.4335883825868,500.7760095644236,0.760711
549,249.0,2483,88.62641086290829,658.9118952918891,216.74785456825146,317.08810470811085,0.849885
550,249.0,3743,489.7580659952595,127.19286035892354,315.8806988126669,301.785834844388,0.860177
551,249.0,22362,81.24174572355184,119.66080141307121,258.1916026973245,387.73020390649543,0.888912
552,249.0,6192,556.1848162933809,593.5897888490302,343.1217022613065,382.41021115096976,0.683414
553,250.0,29667,129.15079770495544,207.61961012030366,225.83279963354363,222.3077175581276,0.920955
554,250.0,3351,378.22034396837716,848.3303136777638,189.5974363394118,127.66968632223616,0.884922
555,250.0,18357,543.61489668803,230.03155187865596,243.70651291123585,356.8869822133127,0.884874
556,251.0,3351,370.17712003621625,177.5891002099119,182.51408041182472,189.6245228369631,0.887738
557,251.0,29667,587.3995257046953,794.6347668518373,232.4417620328203,181.36523314816267,0.909507
558,251.0,18357,143.4130214518638,595.8733456098854,245.237439102863,375.85649346586445,0.870797
559,252.0,3351,412.0663252787375,238.5463872554913,183.92807144855126,183.2594074651823,0.901491
560,252.0,29667,626.1639523913514,885.8367380113458,229.5335181154799,90.16326198865423,0.929912
561,252.0,18357,181.52213651570844,692.1082404821962,247.44528435941913,283.8917595178039,0.871682
562,253.0,35206,62.747694791860916,261.90157973706425,418.92531781220555,214.99016889255842,0.966502
563,253.0,33880,456.8324111095026,256.5424530182652,432.3702501459936,285.98125101214083,0.91119
564,253.0,3351,445.9957175710093,848.3125159488852,189.05106204238967,127.68748405111481,0.884349
565,256.0,19552,496.81631209023635,657.863711563187,314.1106496839667,318.136288436813,0.916861
566,256.0,25438,543.9609945479349,178.87333219135226,246.1844733923524,252.4207555876306,0.863147
567,256.0,2483,64.09803250566799,665.5686344932672,211.41204826316638,310.43136550673285,0.864707
568,256.0,5886,109.94284973911304,90.7805871244651,234.78333132949905,470.34412111828675,0.887972
569,259.0,41768,107.57217188696166,279.2352768787787,273.56486902284865,288.4383687541713,0.960104
570,259.0,3351,383.57441611745253,893.5203737805238,190.89713076490847,82.47962621947624,0.874255
571,259.0,20238,602.2573852539062,280.06298828125,225.3741455078125,217.51998901367182,0.945908
572,259.0,3351,605.3480224609375,277.81378173828125,226.01367187500003,221.639892578125,0.529284
573,262.0,3483,558.6580402623468,811.319095477387,287.59770716374845,164.68090452261296,0.888706
574,262.0,29667,604.5377973240224,175.50987005952612,218.52035568467335,214.70430169033645,0.895472
575,262.0,27653,59.75643067863118,809.8735784022653,225.06710217346497,166.1264215977347,0.885018
576,262.0,34597,75.12550457518304,36.0149750829342,334.8119543641056,493.90483024252126,0.805269
577,264.0,3483,132.24172758936282,287.88102714500235,277.38912457796795,175.4524835174407,0.889669
578,264.0,29667,125.72688477482629,863.1570808755692,229.2887937459514,112.84291912443075,0.886244
579,264.0,27653,671.5979549848853,255.56233721402418,221.09968114498272,200.22512303644686,0.887671
580,264.0,34597,562.7627124882224,683.3056981072355,353.3716421462782,292.6943018927645,0.834743
581,265.0,25367,596.2917759574239,665.8274928720751,379.7082240425761,310.17250712792486,0.893351
582,265.0,16232,141.9981980060213,846.1524811557789,196.43744900957427,129.84751884422107,0.89181
583,265.0,3483,131.79854418883968,288.14025510855055,277.05032946716005,175.0024377257381,0.890315
584,265.0,27653,671.1384415362949,255.0436942709151,220.7143385997368,200.26107435370213,0.890408
585,266.0,25367,18.377632620346603,106.38183214197208,391.8468181667615,475.3728346321451,0.916906
586,266.0,16232,648.061732919971,230.13605234730784,192.3205732029288,182.32839452082192,0.895554
587,266.0,3483,586.5564201009933,845.9148010560616,284.41368586094535,130.08519894393842,0.877387
588,266.0,27653,94.49939244716013,852.3885537919087,221.65947857574,123.61144620809127,0.860146
589,271.0,20877,85.69285387968897,726.0491587576554,331.71705619773667,240.73954581255896,0.939705
590,271.0,3483,626.3805998989086,716.8103407663317,207.1004966850856,259.1896592336683,0.907736
591,271.0,35206,632.3320772563991,163.6696280474639,215.27208981921333,393.9380118978682,0.96023
592,271.0,22347,103.84905453782586,187.8566728908213,202.49403971763113,194.0906430345085,0.918549
593,273.0,20877,541.8053076662611,292.3113576611083,332.22759825740025,235.61513208743918,0.91154
594,273.0,3483,141.30834186496446,292.0595519099403,211.42548535217588,257.0430126094339,0.910497
595,273.0,35206,94.53792023778563,671.6843139035019,240.05250012575084,304.31568609649804,0.952188
596,273.0,22347,665.2043346615891,875.8612305914337,215.8837909027561,100.13876940856628,0.886355
597,274.0,21325,206.10282920952417,326.9692043898693,151.519961103123,231.40120723858553,0.855708
598,274.0,20014,578.1152214932082,257.75480414155743,342.73318895502894,317.3329868029109,0.886051
599,274.0,3351,419.3396885550801,889.0975185375119,192.01515880182166,86.90248146248813,0.881811
600,275.0,21325,580.1533534371074,662.9219510639133,155.90430024880249,244.5421154846498,0.931024
601,275.0,20014,5.057993939174478,648.9588254995682,350.42164450794013,327.0411745004318,0.906269
602,275.0,3351,329.5771712873449,148.67865603653027,182.47284732991125,190.54841437411667,0.897233
603,277.0,30308,78.42933068203567,94.8891535236608,399.74659138588447,406.53597761758004,0.920183
604,277.0,3483,600.128831412924,867.3148015467966,260.335223787394,108.68519845320337,0.9064
605,277.0,36637,618.3125138019197,199.9111811958965,265.8118875014722,150.71178501455034,0.921417
606,277.0,19861,126.09699966200634,865.8703619415437,221.56287487547598,110.12963805845632,0.867252
607,278.0,3483,151.53308580868207,218.65894796860277,246.9715386012092,222.13129490224563,0.912486
608,278.0,36637,94.3288443483899,908.5283276735239,275.79268151671437,67.47167232647605,0.890845
609,278.0,30308,516.0037765119544,746.8763004475502,409.19593113271446,229.12369955244984,0.923268
610,278.0,19861,638.6495484011856,277.49743897711215,221.08747503386076,170.8410728876315,0.764828
611,280.0,3832,432.36407685399655,274.592979239459,394.87593638357805,348.3233069031682,0.969663
612,280.0,3351,410.5037714512504,866.9192109227779,188.18928581506162,109.08078907722211,0.880906
613,280.0,16232,131.3334503173828,288.3248291015625,194.131820678711,196.11370849609378,0.84725
614,286.0,30308,31.14927086758254,116.79452947875362,376.7227629848461,408.51244197059515,0.947614
615,286.0,3483,537.6680537084839,778.9953147083072,267.26045756124387,197.00468529169282,0.901441
616,286.0,16262,575.6216580951632,187.45670046398988,237.75898106253942,228.49190624754635,0.890958
617,286.0,27777,144.02984097734765,775.7887646852427,180.6192041138309,200.21123531475735,0.915761
618,287.0,16262,135.42858296303294,834.8496474069566,251.05719937271806,141.15035259304338,0.898487
619,287.0,3483,173.08184714772594,273.46012472028104,261.82908223981235,219.75178106106716,0.910182
620,287.0,30308,568.6509381011504,701.0483122399105,394.8577638559005,274.9516877600895,0.918148
621,287.0,27777,639.1703782584798,292.5799675562873,175.39213370318393,195.27455438201744,0.899043
622,288.0,16262,603.023116682043,192.44705644923837,242.17882227298603,232.18696095835625,0.855973
623,288.0,30308,40.935195232755575,131.860934080191,392.95243245033754,420.6993788522691,0.935592
624,288.0,3483,566.9330284847088,815.4205175045147,264.7301859639996,160.57948249548528,0.894631
625,288.0,27777,177.14083294892433,812.9041732711408,175.9420339306395,163.09582672885912,0.906935
626,289.0,25438,142.5901658714716,844.447319912551,255.21472160301016,131.55268008744892,0.873324
627,289.0,2483,600.7819603388034,82.03889990571756,251.20299434182635,476.3854613951103,0.865028
628,289.0,6192,96.55493900164888,41.849371061852224,274.85809111475345,549.6860231945863,0.837182
629,289.0,22362,586.3124984664533,743.4392552974836,258.4175675741991,232.5607447025165,0.868998
630,291.0,2483,76.01600409272926,655.7781856671052,262.52232399178513,320.22181433289484,0.867558
631,291.0,25438,536.2586096375433,174.36965298293225,246.65942045432246,253.12209990995018,0.872978
632,291.0,6192,574.1913995023948,614.5706422125274,273.5513382341393,361.4293577874726,0.885405
633,291.0,22362,100.82218292849747,107.07352646870828,251.7181212458778,395.29243139525744,0.889632
634,292.0,12778,538.4060711884617,591.6684263603172,327.4867115116599,384.33157363968286,0.912122
635,292.0,2483,69.98163294193134,661.7278672414808,205.4979225810449,314.2721327585192,0.868877
636,292.0,25438,547.6652191008754,176.97678448087606,245.25867128611807,251.87991110643554,0.856421
637,292.0,5886,115.20897122483757,86.15221148160236,228.93570559707715,475.5706253435145,0.890313
638,295.0,20014,126.15921300380077,193.4438014964961,342.0515069242697,315.53043445989726,0.895936
639,295.0,3351,413.37444730979115,864.0992204675722,189.30527576849087,111.90077953242779,0.884125
640,295.0,16232,644.6648249793893,296.56999689610166,191.98352541516144,189.77885429343982,0.83875
641,298.0,31705,571.4824960986574,175.49017801716099,248.1484243114989,422.739972445234,0.886344
642,298.0,33208,156.38104715778599,233.9316356409734,207.63352751612064,197.89617774234947,0.922058
643,298.0,1900,682.1618673813405,878.2213653104388,212.63647552950275,97.77863468956113,0.846174
644,298.0,16548,159.8011016845703,776.1813256345202,240.78987980368146,199.8186743654797,0.917787
645,299.0,31705,140.4054471116569,642.4335014304922,250.39546878373798,333.5664985695077,0.875535
646,299.0,1900,87.94228696583502,259.5941758659018,200.776105257734,126.63532582958744,0.866531
647,299.0,16548,560.928543474207,244.61908664415824,232.8886537791496,226.54284683304215,0.948238
648,299.0,33208,613.2396323045893,846.6868037698257,213.3770454445076,129.31319623017427,0.899466
649,302.0,3351,309.9154909986947,160.1558959807583,184.62893170687423,189.16083660796662,0.897466
650,302.0,36637,568.5641381345202,712.3502004038747,237.12775363634591,226.92609501364245,0.848064
651,302.0,19232,94.90097647815494,637.6888648565092,281.5932615653953,323.1999318491872,0.951835
652,304.0,22627,106.82393186176242,151.52784192262584,303.2143188169854,475.73616955627745,0.852217
653,304.0,2483,622.5755808461251,71.1747612881301,196.18899275429874,467.652787711752,0.845193
654,304.0,3743,129.4263556398938,813.2009528845399,332.89687420255575,162.79904711546013,0.848481
655,304.0,4378,594.797622450632,704.4445110685263,233.8370922606196,271.5554889314738,0.876827
656,308.0,3351,289.0388062443565,205.84366879870544,185.5094362191819,188.9126330045,0.904051
657,308.0,36637,117.22359424380201,713.0173312239912,191.17544072596874,260.44022940630884,0.820919
658,308.0,41768,559.4599817937343,601.5070230301901,280.1122427322157,299.99042208110853,0.932036
659,310.0,12247,616.345835930139,324.00532892121737,176.90736887562815,181.323037305669,0.977622
660,310.0,16551,104.81038677273084,148.20339712785122,315.88126024409155,449.1511834686126,0.775878
661,310.0,3544,654.2117202222049,889.6797966885207,215.2396445729623,86.32020331147928,0.709905
662,310.0,4543,137.56962163723895,866.4070569522416,214.97172646067253,109.59294304775834,0.856964
663,313.0,20877,38.41726623228447,755.4355045491128,328.293794258156,220.5644954508872,0.944643
664,313.0,3483,621.0211890139173,721.4168320852309,209.8343784964863,254.58316791476915,0.906894
665,313.0,34597,15.383423771690484,21.63605915242104,446.94954600885285,409.2889384360768,0.899144
666,313.0,29667,595.597641221243,181.29088005947708,220.69756006595483,214.54459798994975,0.89951
667,315.0,20877,590.9923807268765,257.2871770044068,327.96413678499914,244.52743714299035,0.922223
668,315.0,34597,508.14403162050485,783.7019030700376,467.85596837949515,192.29809692996238,0.922401
669,315.0,3483,145.47472224403265,288.44530452555745,210.63176984163988,256.1742952433064,0.912969
670,315.0,29667,132.49281970460208,857.0512327261306,231.69125649917063,118.94876727386938,0.898194
671,316.0,10221,633.6230895075965,200.2137869063334,222.75877556728958,215.68113769837962,0.829901
672,316.0,16548,165.96891010226915,790.6183447142942,236.24413510423207,185.38165528570588,0.942598
673,316.0,3544,125.33108006769687,233.97772891557398,210.26331095479847,201.30597721272383,0.843361
674,316.0,33009,565.0360417198297,810.9300604585426,366.21392699581895,165.0699395414574,0.859356
675,317.0,16548,592.4015447722009,284.26998609993325,230.24517362201635,220.69871513328354,0.737261
676,317.0,3544,660.1787569438993,832.6891859811753,213.88296401440797,143.31081401882463,0.863895
677,317.0,33009,76.49457442700565,267.6193347720045,363.5622507986711,219.00220846051553,0.886669
678,317.0,10221,126.42936346159509,843.5688172920264,229.44383584794087,132.4311827079736,0.907537
679,320.0,20877,85.70905035584417,725.7899906024261,331.4222806230861,241.834305192957,0.942137
680,320.0,3483,626.3388331427645,716.6751322530622,207.37920835868792,259.3248677469378,0.908701
681,320.0,28763,134.82943480218478,196.20261754941697,210.68379939860438,198.80234684776426,0.921868
682,320.0,35206,632.2643812936755,163.51446073139135,215.29375668626335,394.0920787408722,0.96051
683,323.0,36637,150.77763244015486,803.8049644585232,194.81898927928214,172.19503554147684,0.923828
684,323.0,3483,130.70367999052883,287.9362069134736,277.05453230508004,174.53099665809523,0.89213
685,323.0,22347,656.4823295554922,874.8736878974953,213.67635479644335,101.12631210250476,0.906915
686,323.0,27653,670.4322862481353,254.0002306454146,220.9723921732686,200.53395885678387,0.890276
687,324.0,36637,643.342466728172,207.6097630639771,190.29389746584485,247.44575945216806,0.934785
688,324.0,3483,587.3017575057908,845.9356229389133,284.09070959043254,130.06437706108667,0.877737
689,324.0,22347,130.50423795613813,194.9514995172395,207.09247761635322,197.57347290959194,0.876056
690,324.0,27653,94.96602120710976,853.0090252286825,221.67325212488223,122.99097477131754,0.864799
691,325.0,16262,136.29505368333366,835.1646719314344,249.2529145820656,140.83532806856556,0.893769
692,325.0,31885,505.19180067819553,702.7481962424426,408.2996016459251,273.25180375755735,0.893632
693,325.0,3483,173.77267548067488,273.42397503876805,261.0270236988164,220.27878712409705,0.911691
694,325.0,27777,639.2328267313128,292.76723215687815,175.60360610425164,195.6292353491088,0.90172
695,327.0,31885,93.64770097588774,25.799678284918244,405.6719291341963,511.07012142008875,0.923467
696,327.0,16262,603.1132619273124,192.8067006633509,244.1244552842337,231.76316848831559,0.852164
697,327.0,3483,565.4663702423248,813.6143093396671,265.6556212458779,162.38569066033293,0.896389
698,327.0,27777,176.81763860807945,812.9649271749372,176.18871824945043,163.03507282506283,0.908283
699,328.0,3483,122.48404593922984,306.2324342967277,272.5681044995485,200.01817007400288,0.919374
700,328.0,36637,103.29082094125411,881.1189532256006,265.6879045496035,94.88104677439934,0.917297
701,328.0,31885,514.718541437657,641.9881358697786,384.7008924628023,334.01186413022145,0.893499
702,328.0,27733,561.5048803588254,259.2005328461154,298.19005243502664,261.9025539992443,0.939794
703,332.0,16551,564.4083264221498,537.9423171767039,287.0560640114636,438.0576828232961,0.899366
704,332.0,4543,587.2152774369897,166.5786362844496,205.72266115734934,198.7346593195469,0.892781
705,332.0,3544,126.19893239850376,141.65928488879948,202.66991911461602,198.42157534498665,0.839665
706,332.0,12420,83.0835180618056,823.8839703277127,190.20338186906207,152.11602967228723,0.926928
707,334.0,20877,85.91186166887907,725.9172881620013,331.033146997193,241.0750036191701,0.939841
708,334.0,16232,627.7391581319685,222.55761504053467,185.89086484669429,181.84093210805003,0.901129
709,334.0,3483,626.4697535529208,716.9172375549623,207.96677755231244,259.0827624450377,0.909973
710,334.0,22347,146.132248001482,222.010721868007,201.1165412634461,196.0546613530298,0.820094
711,335.0,3483,142.2892665383804,290.76799586310455,210.1440635949524,257.95885187657035,0.913614
712,335.0,20877,543.4293357044008,293.10100612927926,329.665789273516,235.86962491902864,0.913144
713,335.0,16232,134.91285628889077,846.9594330907466,196.00981860903636,129.04056690925336,0.891604
714,335.0,22347,620.1570091055864,840.4991884471184,214.58514404296892,135.5008115528816,0.820653
715,336.0,3483,651.0130096895612,748.4393641792949,210.76969748645567,227.56063582070507,0.905489
716,336.0,20877,116.67149809257468,768.511150110906,331.0805662528953,207.48884988909398,0.946994
717,336.0,16232,656.7894357652522,231.32234889658253,190.90284859355364,180.29525910190603,0.893412
718,336.0,22347,164.92342096836722,231.8344254230135,204.3841348772672,197.29680951755853,0.794164
719,337.0,36637,130.97455462738498,829.6247920510757,180.7669821887759,146.37520794892427,0.848323
720,337.0,3483,125.25199085024735,271.0324064475208,271.9408123073866,189.41154518319132,0.906518
721,337.0,22347,640.4882968921756,836.3078263632616,214.742035985592,139.6921736367384,0.913138
722,337.0,25469,574.6960578036668,187.66849920378257,331.26747415053785,285.69806874337513,0.866931
723,338.0,36637,645.3924520674661,169.59211539263703,171.27322249676126,248.2000563731745,0.886559
724,338.0,3483,574.8854115548445,811.7884355861338,279.3466674191269,164.2115644138662,0.884433
725,338.0,22347,126.37473507981804,225.15142063160036,203.6724066039426,196.40945641599112,0.854547
726,338.0,25469,49.57071032116761,790.253975566308,351.7156638907428,185.74602443369196,0.889281
727,339.0,36637,674.7520325627158,172.17938155744545,175.18289414602322,254.65479328404714,0.911397
728,339.0,3483,602.353014155249,844.3371511488104,277.92332389486495,131.66284885118952,0.889108
729,339.0,25469,84.1965625322045,830.7072428794363,347.21334639506125,145.2927571205637,0.890135
730,339.0,22347,144.2896647237653,235.008001202914,207.42325013127163,197.6578004923298,0.882325
731,340.0,3483,537.9042901273948,779.3498062823885,268.18592903482255,196.65019371761147,0.903255
732,340.0,20238,577.1852962934792,191.77497580063402,221.00129830058506,213.70639329459797,0.850037
733,340.0,27777,144.719369706197,776.1834054304726,180.63078561140662,199.81659456952744,0.913581
734,340.0,34597,40.18995283117246,86.55962352656837,390.24058801085505,467.52205408757646,0.89746
735,341.0,3483,568.0028769334956,815.7154317117815,263.78749337507855,160.28456828821842,0.895322
736,341.0,34597,49.808768095083565,115.16537057694478,400.4705068310301,459.3880245649634,0.914811
737,341.0,20238,602.9521766547582,196.3577720603751,228.61558218337777,215.6125631667861,0.851836
738,341.0,27777,177.4915423369288,813.2640196833778,176.1073950379338,162.73598031662226,0.908452
739,344.0,16262,603.5814601572314,192.8590613130349,242.03110615332525,230.61696659260664,0.871448
740,344.0,3483,566.5208580745524,814.3959516208974,263.56615260138574,161.60404837910252,0.8965
741,344.0,28763,154.44186401367188,193.63653564453125,213.76885986328122,202.84695434570312,0.961864
742,344.0,27777,177.23735115396317,813.4793498743718,175.91889976616486,162.52065012562815,0.910056
743,345.0,3483,537.4269706687735,779.4316081138112,268.0008744282936,196.56839188618883,0.899761
744,345.0,16262,575.6052344240734,186.84072860641092,237.82337805973228,229.34031669578363,0.893389
745,345.0,27777,143.7856553427538,775.9617711359532,181.44080763006934,200.03822886404683,0.91519
746,345.0,28763,137.11180904522612,186.25754428269275,209.26229382998974,199.92659280288166,0.786639
747,346.0,25367,138.47866253876808,49.10210002726647,341.3739944534684,507.25015274124524,0.904401
748,346.0,16232,642.7543568060026,250.37328357792381,188.90004435016877,182.6238850349158,0.894982
749,346.0,3483,568.0250020242817,812.7399893142469,263.7321384755809,163.260010685753,0.893183
750,346.0,27777,178.7738207333052,812.4389860066937,176.15808703551946,163.5610139933064,0.904529
751,347.0,25367,121.27005461112941,40.94384589267136,334.4728513171326,492.58557865008635,0.888731
752,347.0,16232,614.5447795618718,239.7087898446088,184.3728085618522,181.8015899658203,0.895741
753,347.0,3483,538.2056102656838,776.8346640428706,268.1983691651618,199.1653359571294,0.902764
754,347.0,27777,145.64423090489066,774.9489261493012,180.96834767403914,201.05107385069874,0.91059
755,349.0,34597,8.370159968658907,131.53218300977545,434.8004176460918,426.43918659459405,0.912239
756,349.0,3483,568.426661505771,812.2030464824121,263.18482212085826,163.7969535175879,0.894146
757,349.0,35206,613.309193366736,141.57897259122763,225.41800770208468,402.1700579005869,0.95832
758,349.0,27777,178.70525785666612,811.7023741755653,174.92159850154084,164.29762582443465,0.904804
759,352.0,19552,111.44324401395406,181.97226688250825,325.97115122732805,474.1300630042302,0.937152
760,352.0,2483,641.3351808480882,116.21219707853233,204.2763858967689,471.6952247811323,0.868781
761,352.0,5094,135.130727259957,858.6622007743797,287.3505552665672,117.33779922562024,0.865471
762,352.0,22362,615.8573724947983,781.9158067559478,264.7009262008283,194.0841932440523,0.882183
763,355.0,2483,56.46621621673431,699.670729133951,250.22755347783843,276.32927086604906,0.866513
764,355.0,23223,542.9100464480606,592.5613154885757,301.4917464519865,383.4386845114243,0.857751
765,355.0,12081,69.83958596080991,129.93134472717594,229.29550385594968,427.78612023741755,0.823506
766,355.0,5094,549.7249360204343,190.85451036002766,271.6826668744111,267.93654889437425,0.888303
767,356.0,23223,95.10639911440748,109.52070514161383,300.75580340054773,500.92520954381285,0.883706
768,356.0,2483,630.7836131953713,37.39513692424525,239.9120520203556,471.0851734870642,0.862398
769,356.0,12081,639.2782221655151,691.4446451005025,239.2789778972989,284.55535489949744,0.786798
770,356.0,5094,105.05223248352358,800.5437861303589,279.665382730302,175.45621386964115,0.869057
771,359.0,3483,562.5190708792989,813.252724805669,266.77025140350173,162.74727519433102,0.898206
772,359.0,31885,79.9901101577222,42.38406966319636,369.43366690017467,531.798066565739,0.911016
773,359.0,27777,175.58223582512173,810.8659710908055,176.93708394879667,165.13402890919448,0.900514
774,359.0,29667,630.5777946740538,164.3897242713813,223.44834370828744,214.9375690862761,0.894888
775,361.0,16262,644.2986152687264,286.376033610435,243.9988013799467,237.71558046580563,0.873297
776,361.0,18147,210.96392607569095,169.87099238256715,212.24651930919242,413.3725719356058,0.866452
777,361.0,3351,430.2431185161647,881.2604275037295,189.0837038893197,94.73957249627045,0.878197
778,364.0,3351,408.52696005663086,854.0450988462821,188.79080706265705,121.95490115371791,0.886708
779,364.0,35206,98.183199820207,256.57122450018653,352.0490403678549,322.5696559886836,0.931359
780,364.0,32310,584.3348999023438,170.64662170410156,248.92614746093741,345.7660522460937,0.871879
781,372.0,25469,48.729558724254815,855.2734675575142,375.42989989620963,120.72653244248585,0.896485
782,372.0,16262,572.9658068172896,195.79720363904488,244.2791260379044,230.4870265021395,0.85438
783,372.0,34597,14.495607146066638,142.73941124384126,449.68641118188594,413.3368705097754,0.892909
784,372.0,3483,602.4619796982961,843.8528423980252,277.9348580058496,132.1471576019747,0.891227
785,374.0,20877,72.62961957921934,799.218647865794,323.9829583096145,176.78135213420606,0.952122
786,374.0,25367,97.20898912899457,32.70577130725036,412.28122822363775,467.0406307047934,0.910186
787,374.0,3483,647.2452990661315,753.5969048121466,211.14137919823733,222.40309518785338,0.896345
788,374.0,29667,624.3751619425251,186.20299687217826,225.5038596301823,215.89850597285746,0.916357
789,379.0,31863,138.12311128395885,312.44106150871545,206.15292389069373,207.87800053735475,0.924059
790,379.0,3351,464.64912698256904,858.125681814836,189.195372308319,117.87431818516404,0.881011
791,379.0,16688,441.6752672051665,160.17810725686536,504.42441792703744,469.06996867884334,0.870371
792,380.0,3351,285.6534879291477,180.22271467812698,186.4957677179845,189.38229845516648,0.890075
793,380.0,31863,598.8425903320312,710.468505859375,207.64886474609384,216.76123046875,0.941594
794,380.0,16688,0.0,552.1148917806808,492.1135763043735,423.88510821931925,0.90292
795,382.0,2483,600.290861350208,107.84917538130105,284.7909959956031,453.2189110223972,0.840385
796,382.0,3743,71.97298841620211,814.7148958905858,333.2114092189463,161.28510410941425,0.819628
797,382.0,12778,88.57340240478516,134.31285095214844,390.97241210937506,451.9434204101563,0.935463
798,382.0,5886,614.0864184202261,690.911531227917,237.31428382145106,285.0884687720831,0.893469
799,384.0,2483,611.5413689541457,78.37462086893206,278.187593546345,453.8196204104016,0.835966
800,384.0,5886,600.530553156407,694.0061565763386,243.1174064904601,281.99384342366136,0.919774
801,384.0,3743,73.14614856662462,801.5576592066778,324.365228854232,174.4423407933221,0.84898
802,384.0,12778,87.013896846292,94.9517809613865,388.2880624742364,455.25975381669093,0.649207
803,387.0,3483,130.4586256017637,288.1818830787237,277.40302065748665,175.248613673838,0.890949
804,387.0,31885,496.43581892617385,655.0684197967378,420.6306581736809,320.9315802032623,0.89969
805,387.0,20238,132.80748530248903,869.8144948374686,232.24779261296726,106.1855051625314,0.862435
806,387.0,27653,669.8988583051978,254.20514307070013,220.90007042046182,200.70039030295527,0.890085
807,389.0,20877,85.80356180008931,725.4495107372801,331.4238508214903,241.88245395679584,0.941284
808,389.0,3483,626.012732731038,717.8667200749843,207.38409301144387,258.13327992501576,0.912544
809,389.0,16262,602.8430617442682,185.54304995129456,236.85992983717426,230.20292540890486,0.877721
810,389.0,34597,24.535733927434407,124.46337116183949,447.06308351449627,422.80005986966086,0.890052
811,390.0,3483,650.3647390394354,749.5880409125707,210.65489373135208,226.41195908742935,0.909261
812,390.0,16262,630.0900317628181,190.50698691516666,243.6418481567997,234.06053054272826,0.854323
813,390.0,34597,43.94985756802199,155.58443930161056,449.9883091605488,420.68630751413326,0.905331
814,390.0,20877,116.64490930758531,768.2892686086683,330.75920327344727,207.71073139133173,0.946968
815,392.0,16551,111.6224501720026,700.5108446284155,294.88415435330955,275.48915537158445,0.844893
816,392.0,21026,685.7457164975267,274.97016439006563,177.45655646396045,172.01250729968191,0.935968
817,392.0,33208,658.2210092209093,898.2185218082601,216.22502281917392,77.78147819173986,0.924124
818,392.0,1900,188.0073518992668,273.149578305345,202.7141704463479,137.342813156358,0.863075
819,393.0,33208,111.08360704584938,160.386717829872,205.90630911822296,198.73304618183695,0.918524
820,393.0,1900,579.3944754289023,866.3694746314582,214.62074348794766,109.63052536854185,0.846643
821,393.0,16551,555.5034449591708,49.58297512878724,282.43922033262015,465.4398012400872,0.889955
822,393.0,21026,91.84710202624447,831.7482977632302,181.72246471002472,144.25170223676986,0.916691
823,394.0,28763,604.9041441337547,856.0979724673169,223.1096292620328,119.90202753268301,0.927423
824,394.0,20238,139.32943280857413,850.1303152726523,231.53366242221853,125.86968472734769,0.862709
825,394.0,3483,125.26108205977397,271.2258563017726,271.09134064487483,189.90088657398312,0.906484
826,394.0,25469,570.9082399301193,230.56357716315952,376.4307965609297,220.40751364243093,0.835774
827,395.0,25469,48.03451267798343,855.5823851925644,376.1435462529935,120.41761480743558,0.896395
828,395.0,28763,172.31991178426313,208.79856144123937,212.5106342258166,201.01113707575962,0.93361
829,395.0,3483,603.3036759726366,843.9630697432475,276.72065497163555,132.03693025675253,0.887574
830,395.0,20238,616.7825332718279,194.90022170483763,228.69088085692135,216.62776797500686,0.861021
831,396.0,25469,11.785853084008298,812.293514999313,385.03672629504945,163.70648500068705,0.903974
832,396.0,28763,153.72028270318881,200.8514937204332,209.9508692295707,198.93347313655678,0.938421
833,396.0,3483,575.5971581540515,810.681080267058,279.74526962203606,165.31891973294202,0.883642
834,396.0,20238,589.9043149708505,190.2214629206825,223.2264352156288,213.58903319392377,0.818379
835,400.0,1900,132.99697277893372,245.80446942966785,194.55586879097638,155.25925740764373,0.897405
836,400.0,16548,602.2451693280857,124.42670866233021,233.02905580146827,223.8788934448856,0.952953
837,400.0,33208,613.3293282206934,770.2152952261306,213.04400573423754,205.5299216419009,0.90588
838,400.0,33009,13.828665182219078,772.4789220148596,365.39451315414965,203.52107798514044,0.884633
839,401.0,1900,641.1577314060537,857.2816913547229,209.23830609345558,118.71830864527716,0.880759
840,401.0,16548,109.26704671275077,898.8009677292713,246.19827101817685,77.19903227072872,0.92796
841,401.0,33208,154.06780139405524,297.4343116031819,205.8061114747321,194.39970221591358,0.929446
842,401.0,33009,585.1812327015939,239.72339012874434,360.705077204872,239.43069174301684,0.847075
843,404.0,18147,13.534885396909475,584.6864363320509,289.9169780788709,391.31356366794915,0.957624
844,404.0,35206,436.5687433750785,699.3491600458347,413.36774479084875,233.9734420392981,0.962059
845,404.0,3351,357.4579429434772,144.0763512232795,185.39859162143728,190.5471299521288,0.890747
846,409.0,1900,134.8732440124205,243.684138389089,188.38148145819432,165.16673938233654,0.907972
847,409.0,33009,517.4052811052333,792.5740212291928,381.4166793439856,183.42597877080715,0.900869
848,409.0,16551,3.314883744896357,730.3529883916652,470.85629916550516,245.6470116083347,0.862532
849,409.0,33009,538.3905639648438,115.68258666992188,382.48052978515625,284.93048095703125,0.646885
850,411.0,1900,646.0288766832208,851.3955289754438,203.8434702810929,124.60447102455628,0.89542
851,411.0,16551,499.01859425300324,198.688870377277,449.74559350708626,311.9931427462018,0.85577
852,411.0,33009,87.39150119187245,257.74763220398864,367.08745755142905,206.82837251442763,0.867651
853,411.0,33009,39.70983123779297,839.6066284179688,400.44873046875,136.39337158203128,0.608046
854,412.0,19552,114.9393113102745,193.0808635309114,309.0668213810753,490.12728130398085,0.944456
855,412.0,2483,622.61207649576,71.50148869040025,226.68368790976365,465.50675956687735,0.845109
856,412.0,12081,649.6587800452459,698.1243464024224,244.91546784214023,277.8756535975777,0.83087
857,412.0,5094,107.89147857205953,809.9102292468201,284.49973178269283,166.08977075317995,0.891379
858,413.0,19552,114.5877648358369,161.39490474528404,305.4885822852053,497.7962615813441,0.937098
859,413.0,2483,628.2016659837271,38.477506359617905,244.8159633617306,470.0475707701104,0.85692
860,413.0,12081,638.9660678269277,691.3521108962783,239.609504124627,284.64788910372175,0.782006
861,413.0,5094,104.95786649617719,800.6079245715885,279.7155105360788,175.3920754284116,0.868025
862,414.0,19552,519.616528074945,549.3426587282113,308.1394085908056,426.6573412717887,0.936618
863,414.0,2483,55.8172026974472,702.0067454582481,256.402794612712,273.9932545417518,0.863502
864,414.0,12081,69.58579729549848,129.88603670513208,229.80676284866718,428.03092458140304,0.82131
865,414.0,5094,549.7523742369071,191.23506218224912,271.52719254230135,267.5052370617737,0.891595
866,415.0,16262,637.6028273692682,177.7745965545501,246.3800125505457,230.23916058564308,0.812628
867,415.0,3483,600.7899869219143,867.5963969014997,259.7351126359336,108.40360309850031,0.906161
868,415.0,31885,95.39786675227947,92.81152822983327,328.63937945341945,543.7501803450848,0.898728
869,415.0,19861,126.4033990984586,866.1197187720832,221.32826731312815,109.88028122791681,0.866242
870,416.0,3483,573.5795484379908,836.4436289724993,261.0520430521749,139.55637102750075,0.90985
871,416.0,31885,75.7258770813295,69.49934333532899,324.4293062603054,536.9991393736261,0.897286
872,416.0,16262,608.7723054358707,172.8599630384589,239.97627787374384,228.8663465797003,0.874484
873,416.0,19861,92.09797944495428,826.870297839294,226.31354089478154,149.12970216070596,0.87639
874,417.0,16262,100.98286905720008,849.9811428971027,249.27957966100024,126.01885710289733,0.842803
875,417.0,31885,566.6680693506596,610.8944113266529,333.65227688736644,365.1055886733471,0.897274
876,417.0,3483,150.99582767965808,218.805025647034,247.06198426826512,222.1814823629868,0.911733
877,417.0,19861,638.21525443379,277.66504550339585,221.04389194507704,170.56328548258873,0.772463
878,419.0,25367,543.0615062617777,734.924764508578,432.9384937382223,241.075235491422,0.888616
879,419.0,3483,122.92550735857019,306.3556452612182,272.787484020444,200.27573337267398,0.917704
880,419.0,20238,112.1395103799638,854.2175933991246,232.80369882248146,121.78240660087548,0.841411
881,419.0,27733,564.8624289047777,262.2659800160471,300.19076768117935,266.8122366900419,0.946055
882,420.0,25367,8.998785699432219,74.5673696239989,426.6244410222499,420.3274666484278,0.907777
883,420.0,3483,577.982609887818,759.4283416594692,275.9248549878298,208.6607291830246,0.904816
884,420.0,20238,614.0495099398358,186.29762804807729,222.7977448276539,214.46839383379302,0.842795
885,420.0,27733,86.28368285672748,726.0752321176193,321.41076706162653,249.9247678823807,0.91393
886,422.0,3483,152.77570109151716,218.08563278428272,246.98388894239264,221.64632335260293,0.912023
887,422.0,36637,94.10067841036236,907.5878838773948,276.1488357620623,68.41211612260517,0.903264
888,422.0,34597,559.4663849643725,699.8505564934045,350.63372496025056,276.14944350659545,0.884151
889,422.0,19861,640.4038426384853,277.47821673676,220.83875309163005,171.41556077506675,0.756424
890,423.0,36637,592.2090717871585,194.8440658339304,257.3994591487712,154.68146097001122,0.933531
891,423.0,3483,571.5063629917164,837.6303235538041,260.81208839608195,138.36967644619583,0.912523
892,423.0,19861,90.69874557418439,826.5451092743994,225.40803926554156,149.4548907256007,0.877975
893,423.0,34597,80.19490795039651,18.94250392434585,333.85031557322753,491.68800576368164,0.86316
894,429.0,3483,609.9698857446413,789.8735504917164,272.7827415274615,186.12644950828357,0.894467
895,429.0,27733,131.5323263197089,775.6567965560223,311.0409570435184,200.34320344397773,0.886835
896,429.0,34597,71.34600550205863,156.39651496925546,488.8148234765134,354.1700733894081,0.885306
897,429.0,29667,667.27731645287,178.94865816202596,228.02774247212625,215.07530319750606,0.894718
898,430.0,33878,617.8264939197943,791.6574029203634,169.618390413984,184.34259707963653,0.924495
899,430.0,16551,61.795778820862125,609.7213600963804,413.45209721704225,366.2786399036196,0.890438
900,430.0,3544,181.94783909476584,199.79936126248919,202.68467528376746,195.9899496720664,0.797569
901,430.0,4543,611.1894592591866,152.4918554104752,204.09279245347824,201.170671855984,0.852768
902,431.0,33878,644.7591749028345,831.9507857279561,164.10466977220082,144.0492142720438,0.936067
903,431.0,3544,198.22782407214294,207.6674676636355,209.10645244349195,200.34562330389744,0.8262
904,431.0,16551,101.26286875662493,664.084552093966,404.25871499219727,311.91544790603405,0.866739
905,431.0,4543,638.2153317245406,155.14094413105568,211.17740190208863,199.9886650967238,0.843456
906,432.0,3544,583.4747737711997,858.1290028634384,215.23449277638193,117.8709971365616,0.864993
907,432.0,33878,194.3194752602122,257.3587222458729,161.21581088118816,215.0871756088794,0.91424
908,432.0,16551,491.5399361615204,226.19645468553705,397.0598547854016,391.122957009167,0.8771
909,432.0,4543,131.92933493762757,902.8744801276893,215.09080605051628,73.1255198723108,0.892131
910,433.0,16232,619.5027879877905,178.49296301453558,187.4363338911354,182.5113296892175,0.875091
911,433.0,3483,579.3169288826947,759.2355662590295,274.9856233069646,208.49092784479055,0.902909
912,433.0,30308,90.23087329960347,104.07530641795404,356.68087247148827,425.3447765561205,0.912625
913,433.0,27733,86.60720878869446,726.6601455151734,321.2109703178981,249.33985448482653,0.905638
914,434.0,16232,141.69471794396787,892.5252615003731,196.87390627453678,83.47473849962698,0.907859
915,434.0,3483,122.48088043059538,306.1707410956148,273.161805426056,200.20728198487546,0.918406
916,434.0,30308,529.5713795417516,691.9591907903776,370.09981517695905,284.0408092096224,0.945053
917,434.0,27733,564.6245190797739,261.4132031004633,299.7932113570784,267.5095220977936,0.944761
918,435.0,16232,647.6560837635442,184.9219344249323,192.90001582620135,180.18397061908664,0.876275
919,435.0,30308,103.90843909948913,115.98440601598077,368.4300297876099,443.36904845884703,0.868206
920,435.0,3483,608.8592069232883,789.7331895684476,273.50035179559916,186.26681043155236,0.893172
921,435.0,27733,122.94775214267136,769.2484363958464,313.7503655975188,206.7515636041536,0.885371
922,436.0,25469,48.29140901805168,855.5605585299544,375.4529693450161,120.43944147004564,0.898214
923,436.0,31885,42.46392555811896,134.74790042129592,441.79092882626026,477.8291501759285,0.93152
924,436.0,20238,616.8559441494583,195.25442995617738,228.09230141184443,216.84309072829973,0.868664
925,436.0,3483,602.8304222528659,843.8063241009737,277.6115787065209,132.19367589902632,0.889202
926,443.0,25438,567.5922762616794,188.233980955191,247.53930848088095,251.1348906857285,0.880695
927,443.0,22627,535.2691251668499,683.974875905406,339.9287256595477,292.02512409459405,0.832642
928,443.0,2483,83.19785554205353,673.290129848461,243.42818017700813,302.70987015153906,0.827167
929,443.0,4378,77.91112571984681,104.51524291685479,226.33666164072315,433.4787950371977,0.931871
930,444.0,25438,109.80891847850089,841.4478940724127,261.29774513436325,134.55210592758723,0.877232
931,444.0,2483,601.4682255270493,98.9531758370711,248.2702149050919,461.29635880820115,0.873377
932,444.0,22627,77.43989520815748,76.88575288398782,332.42582418930596,480.5951689907054,0.860398
933,444.0,4378,654.2934079577574,707.2157184850031,219.50728802704944,268.7842815149969,0.922557
934,449.0,16262,620.9578170392981,181.75364278668735,244.2069392372016,232.77683767960897,0.862025
935,449.0,3483,587.4799221939777,845.7629069419363,283.83345499470005,130.23709305806375,0.878698
936,449.0,27653,95.313234147115,851.9853310129752,221.2342020159391,124.01466898702488,0.858367
937,449.0,34597,45.602416608800844,132.87252263208129,382.18561925840135,477.91187811616686,0.901072
938,452.0,29451,510.9936219795265,244.10686726785787,409.4314167271907,219.9451383657791,0.971323
939,452.0,44199,175.38825083977017,233.92826927606782,199.6792052762592,262.1532014626355,0.923229
940,452.0,1900,643.2504444218162,845.1904904159469,190.7340379264484,130.8095095840531,0.841122
941,452.0,16551,135.4285763687824,638.250845597617,313.3559686862045,337.749154402383,0.825367
942,454.0,2483,102.86651542318525,700.0240457045973,234.0978437260767,275.97595429540274,0.839733
943,454.0,5094,563.8224717336684,196.83631107196138,266.2628952869818,264.69363081275515,0.896521
944,454.0,6192,501.79155282638783,588.714786702065,290.549822016577,387.285213297935,0.940018
945,454.0,5886,127.75878457687608,86.28495784740352,231.9808076638073,473.1776958829794,0.881159
946,455.0,2483,604.3994781647494,25.115901966190815,218.5634609203243,481.2335237282603,0.863749
947,455.0,6192,143.95026662241872,91.63934494862005,294.6517300246349,519.4333511429215,0.95327
948,455.0,5094,92.13448444922366,794.398901551213,278.88902551085505,181.60109844878696,0.786471
949,455.0,5886,583.313780511444,682.7485646003455,234.2226077899261,293.25143539965455,0.862565
950,456.0,6192,144.53929337544656,120.84990918336801,291.7515151440798,517.5027482689326,0.952674
951,456.0,2483,596.38720243061,60.06190423629991,208.75835476209176,474.47186586006205,0.865679
952,456.0,5094,94.7617267627812,805.4201381050761,283.0605778526421,170.5798618949239,0.831434
953,456.0,5886,591.1949837076005,677.9049081466904,243.977873989086,298.0950918533095,0.874254
954,457.0,13395,630.3047767524145,673.3009465663276,233.3151984286667,302.6990534336723,0.858945
955,457.0,2483,638.1556638784743,69.08677658004378,216.4431360906093,473.03196371260594,0.877885
956,457.0,6192,112.86074545395434,164.9256788090845,275.42082360042406,527.3300612559868,0.928303
957,457.0,5094,132.21900863264074,834.056396484375,279.5857108418067,141.943603515625,0.848626
958,458.0,2483,625.4212827442879,105.14810912932582,224.3214985449709,462.4033687725738,0.870422
959,458.0,6192,114.39055679551322,188.23494739628316,274.68071466953904,526.3021411991599,0.907414
960,458.0,5094,134.616623691578,843.4296994616637,284.7480358334642,132.5703005383363,0.84863
961,458.0,13395,638.8826014839824,674.4860934923641,243.4785404684555,301.5139065076358,0.826822
962,459.0,6192,551.4393850355292,513.2752283757656,268.99586770522535,462.7247716242344,0.876677
963,459.0,2483,81.4531263418533,657.3069384397575,218.34481612162375,318.69306156024254,0.792036
964,459.0,13395,79.3598162780455,81.3541475995701,231.44578199530366,486.40333181409983,0.839955
965,459.0,5094,523.0899949576987,161.4085321474315,269.0340392146278,267.58487413876014,0.870696
966,460.0,3743,489.46267240131317,127.2076145344643,315.714008733855,301.37535302243646,0.862991
967,460.0,2483,94.03615194349433,658.766243326005,206.9194161113183,317.23375667399495,0.830306
968,460.0,23223,509.70243689762293,585.9824390507224,291.2224978346321,390.01756094927765,0.830848
969,460.0,22362,80.8487033556454,119.5157822268692,258.6374869035117,387.6160324326711,0.888957
970,462.0,23223,137.104549925531,153.02939149482765,289.71229039484524,498.94381560512534,0.872357
971,462.0,2483,629.7435167782271,97.70313734505045,203.32966008018616,474.38123356037994,0.851358
972,462.0,3743,121.6450232501006,836.7389400616363,332.686300766528,139.26105993836373,0.859403
973,462.0,22362,605.9071081726994,738.2647545589275,276.17121772191035,237.73524544107252,0.845169
974,463.0,28763,623.3229891523044,874.5644218406486,222.3814280140939,101.4355781593514,0.785953
975,463.0,3483,129.8029679341532,288.4751793942859,277.1797284456952,174.69856223868365,0.892406
976,463.0,20238,132.49553385212192,870.4697149075454,231.97828866009743,105.53028509245456,0.858699
977,463.0,27653,668.7530312082877,253.6849207279071,221.23854870053378,200.62267851709723,0.891068
978,464.0,3483,561.8088339034036,811.4407440645612,286.6876027476249,164.55925593543887,0.898125
979,464.0,20238,596.5679999116677,173.08852628008205,218.06562812843515,213.40371949469028,0.864152
980,464.0,28763,137.87916587944605,182.68877146351875,207.883880768589,201.37755826250392,0.929957
981,464.0,27653,61.66326200782354,811.2966707315877,227.14966978140214,164.7033292684123,0.888291
982,465.0,28763,154.4967486510924,192.01632859119823,213.48564393316673,202.76363338297932,0.909876
983,465.0,20238,622.3650672184162,176.43986357875804,226.56962393755896,215.80121117980033,0.866165
984,465.0,3483,589.973610422719,844.9504808588842,282.89003305099726,131.0495191411157,0.87308
985,465.0,27653,96.83423925045147,853.5482226807868,221.94176663346028,122.45177731921325,0.869137
986,468.0,23223,112.35391392540093,118.35252449380692,306.41199205868213,501.8963961960682,0.882666
987,468.0,25438,154.66459234036395,872.57722603496,261.76696808014685,103.42277396504011,0.871248
988,468.0,2483,603.8963362343948,110.01677090438766,198.2653204376374,472.92725759534983,0.861094
989,468.0,22362,603.4241556905622,750.1988473250038,267.2550472086998,225.8011526749961,0.879365
990,469.0,3483,609.6134447260717,789.1271810100307,273.24712214637634,186.87281898996932,0.891943
991,469.0,28763,150.17955308463706,221.87819652461528,211.44978685235264,200.11775337870995,0.925035
992,469.0,35206,598.6342506600384,127.1781137744386,257.56249478594134,390.63998581776065,0.938373
993,469.0,27733,123.6742201378597,767.970302869327,314.2056099589746,208.02969713067293,0.892255
994,472.0,16548,628.1286087419519,147.0249514939198,236.07740914042878,227.06818324716846,0.956638
995,472.0,6563,189.6338532414269,712.018121613929,216.35503820678093,263.981878386071,0.916813
996,472.0,3544,149.76045043025186,189.58928362208997,209.08368939730389,202.55218467520703,0.856086
997,472.0,33878,629.4145556885992,851.7761917497645,223.49923874744817,124.22380825023555,0.772184
998,474.0,6563,587.8434886836527,237.1958707876541,214.55541133401383,335.7243054260561,0.881567
999,474.0,16548,115.66249291501452,881.9246099270769,244.96163066308102,94.07539007292316,0.91274
1000,474.0,3544,634.8322695631477,875.1274463135992,216.08776518088496,100.87255368640075,0.865315
1001,474.0,33878,149.09849740033172,307.6291448698571,224.66430848088095,147.76210382356118,0.876927
1002,475.0,25438,125.46589629973599,822.9785162384187,259.8201192731234,153.02148376158127,0.867669
1003,475.0,19552,89.16777038574219,141.1306915283203,312.8941650390625,489.8568725585937,0.961889
1004,475.0,2483,595.8150855596341,86.6654864363934,206.13403565679974,466.4880548985161,0.843285
1005,475.0,13395,600.3250674147104,705.0124333827339,237.5380199949945,270.9875666172661,0.888673
1006,477.0,19552,88.76439927450974,110.4499216511022,315.73921057926356,490.795187485278,0.731342
1007,477.0,25438,123.1516002865892,812.163105566897,255.20061657776185,163.83689443310303,0.870274
1008,477.0,2483,603.4964854178118,44.180974337323825,214.1764084705755,483.72715015507237,0.889872
1009,477.0,13395,588.6692096959406,706.6894292016725,239.37762236475336,269.31057079832743,0.880043
1010,479.0,36637,635.741644011071,177.70764689229838,182.25163629426433,241.3770961282242,0.936655
1011,479.0,3483,537.3809274644707,777.026710395238,267.3231698040987,198.97328960476207,0.902552
1012,479.0,25367,63.07423456469972,82.39902561513622,376.06634030749456,469.9125582441014,0.879739
1013,479.0,27777,144.99415082308514,774.8538983982412,181.30450600475518,201.14610160175883,0.913571
1014,481.0,22627,78.64098438665495,112.80023756937764,302.8557073698571,490.2359214284312,0.855967
1015,481.0,2483,623.8061584779366,102.32274723532213,227.4312277942446,465.9233763421601,0.870416
1016,481.0,5094,134.4549790578871,842.9451327683338,284.84330251109054,133.05486723166615,0.848375
1017,481.0,13395,639.3986083370957,674.1834216860672,242.451433804766,301.8165783139329,0.829546
1018,482.0,22627,558.3353007714352,634.2840413615932,306.8278759520258,341.7159586384068,0.827057
1019,482.0,13395,81.92109756853114,81.00955809780102,228.9381001534773,487.68902771916225,0.846298
1020,482.0,2483,81.88901270574063,657.3042185414375,218.06909172019766,318.69578145856246,0.790154
1021,482.0,5094,523.2658295751216,161.30177713518765,268.99224240096976,267.73348002218125,0.872836
1022,484.0,3351,420.73819705828953,894.0004934953085,191.13538165068505,81.99950650469142,0.882
1023,484.0,16688,479.0888926443742,115.55715259954557,419.62885625637966,545.7707531799623,0.898353
1024,484.0,32310,29.16098976135254,329.1739807128906,289.21978759765625,326.7892150878907,0.913545
1025,485.0,3351,328.4045673926272,146.7068269815876,184.61566070096575,188.20258181778033,0.897437
1026,485.0,16688,33.475434231398694,519.8511426149303,421.7701784066819,456.1488573850698,0.904512
1027,485.0,32310,626.7036237093672,534.8096957566153,291.3924118885441,341.5388981038001,0.708487
1028,486.0,3351,369.25555956663203,205.2512230801223,185.17653161437062,183.96887613421111,0.898912
1029,486.0,16688,75.18929463295481,617.2201786520493,430.34635702928705,358.7798213479507,0.918047
1030,486.0,32310,663.8586980925134,632.0876375898043,294.27208705882936,343.635465228977,0.6036
1031,487.0,16232,647.6461009883401,184.63056585417323,192.9514681562108,180.37949559197355,0.863711
1032,487.0,31885,94.64243435500256,49.52570651643839,411.1026313820077,508.6773014547836,0.929779
1033,487.0,3483,608.9943893662648,790.1767992182592,272.83705116156943,185.82320078174075,0.891679
1034,487.0,27733,123.43883238365902,769.0142448080244,313.6112874860141,206.98575519197558,0.883253
1035,493.0,19607,683.3755852013975,901.9149182190246,163.22261331069413,74.08508178097543,0.849639
1036,493.0,1900,186.71906729079973,292.1053244432612,199.64549631090023,154.70990373621035,0.85712
1037,493.0,21026,685.4853828468514,274.66466242344535,177.4258698889959,172.26857094309437,0.936812
1038,493.0,16548,123.99594334741334,885.3127484345556,242.79816333253183,90.68725156544444,0.856955
1039,494.0,19607,135.43516203147084,213.15679962311557,155.12152429321904,149.40610952712782,0.953615
1040,494.0,16548,591.6429648854624,138.8638311031476,232.37602716953901,224.2803988049378,0.951898
1041,494.0,1900,586.7120882733982,829.0611737888662,206.89681746133004,146.9388262111338,0.832986
1042,494.0,21026,91.59594891418763,831.7912806218593,182.1000372345124,144.20871937814067,0.915612
1043,496.0,3832,493.6234633862673,182.5066509917753,379.8120592586958,361.8074975708621,0.963691
1044,496.0,36637,162.89633178710938,293.5234680175781,188.3804016113281,247.71951293945315,0.957582
1045,496.0,3351,394.98818709023635,871.5770309678275,188.64491463665985,104.42296903217256,0.874057
1046,497.0,3832,49.16440574607657,654.025649794382,391.2657387891607,321.97435020561795,0.966845
1047,497.0,3351,356.0058446529523,159.0610797824572,179.63686811744267,186.28683226312228,0.886458
1048,497.0,36637,587.8163344800173,668.9353702104271,194.06358912482324,259.7353760992462,0.820035
1049,499.0,25367,522.693323796718,728.5509557676075,439.7493577506674,247.4490442323924,0.881675
1050,499.0,16262,165.29199241753201,834.2469497757342,251.8563460153551,141.7530502242659,0.89597
1051,499.0,3483,125.03601147062216,271.53482500392585,271.65615384662567,190.54441350428905,0.905887
1052,499.0,25469,569.8880704180079,231.064679246452,377.36047332610326,220.46185601775971,0.841755
1053,500.0,25469,11.645171395498304,812.0508459656683,384.4078378341905,163.94915403433177,0.905216
1054,500.0,25367,35.05453297600675,64.06680374528896,417.79600241196215,437.5369146145768,0.912085
1055,500.0,3483,575.3034628096538,810.809610491422,280.61170323050817,165.19038950857805,0.880864
1056,500.0,16262,546.0869361455716,188.42264591389565,238.29941578007222,228.89713965947905,0.889478
1057,501.0,25367,42.65448952679658,78.89814685457316,435.38395775263035,442.62673045402795,0.922593
1058,501.0,25469,49.029134702442875,855.479472558103,374.6893577383991,120.520527441897,0.895501
1059,501.0,16262,573.244531679393,195.33301816393984,244.0748922836841,230.55317918020273,0.860102
1060,501.0,3483,602.7346215942996,843.6241479614872,277.7950577472322,132.3758520385128,0.888494
1061,502.0,30308,544.5928507282506,729.1849319227975,413.44954846252756,246.8150680772024,0.905715
1062,502.0,20238,139.7589504682838,850.9968086894434,231.6321413433133,125.00319131055664,0.864099
1063,502.0,25469,570.97622481303,231.01525434177722,376.0391296693428,220.56732607127432,0.847255
1064,502.0,3483,124.61046803536726,271.5394816182965,271.93839405769074,190.5362932214785,0.905275
1065,503.0,25469,11.955843518127747,811.9381342748901,385.18476614640576,164.06186572510987,0.904824
1066,503.0,30308,37.45463544759319,102.08330390201742,396.0980488379397,395.6915250998645,0.930676
1067,503.0,3483,574.9451950303273,810.898797576751,281.148234458425,165.101202423249,0.884699
1068,503.0,20238,588.715854050526,191.23064250083425,223.096940697138,213.82467498012525,0.84157
1069,506.0,38162,533.7826995082836,629.7246762376334,198.69195341944084,307.59408461987687,0.950224
1070,506.0,3351,351.4390179044637,140.1844690984218,184.26881692397544,188.63325492820547,0.899875
1071,506.0,31863,81.93782837067417,698.8555037148634,210.24431836305553,212.63452853868955,0.898176
1072,507.0,38162,572.4678952011031,726.678013173779,197.4599391611379,249.32198682622098,0.947741
1073,507.0,3351,393.1314171259128,197.68005179400419,185.42260757522973,183.0769799774017,0.898771
1074,507.0,31863,124.95229726820135,784.3635327516488,207.297513645498,191.63646724835118,0.825764
1075,508.0,22074,166.7049560546875,260.29443359375,186.74179077148438,190.23605346679688,0.970476
1076,508.0,3351,418.94597177170033,870.7017668910961,190.73714596542274,105.2982331089039,0.883803
1077,508.0,18147,540.7274357014564,238.7603039765478,337.24709668950226,350.17437284076624,0.89328
1078,509.0,22074,588.2051606298093,780.0595316671247,189.97109878003295,193.1408525783213,0.925021
1079,509.0,3351,328.8363115320254,167.25608357951867,184.97593635290713,189.3000063488831,0.899877
1080,509.0,18147,47.18828923977799,606.9952272961486,346.2752200946137,369.0047727038513,0.940439
1081,511.0,25367,570.288369336919,742.97055713136,396.37019631850654,233.02944286864005,0.874602
1082,511.0,3483,152.69217992427963,218.07916857848815,247.4123444676998,221.51258995784582,0.909728
1083,511.0,36637,93.7733955958381,907.6290240263819,276.8108451498213,68.37097597361809,0.889098
1084,511.0,19861,640.6382575106979,277.4001984716061,220.5746190056729,171.34233545657983,0.756088
1085,515.0,30308,97.0489674477122,186.28020887518645,423.8292831344221,368.4087670100993,0.886142
1086,515.0,3483,567.9622446951554,811.7002575744935,263.48419741529915,164.29974242550642,0.894271
1087,515.0,35206,613.3151919877708,141.387694852436,225.40132271464742,402.6227219164671,0.957114
1088,515.0,27777,178.77216595980389,811.512307018491,174.72102662666362,164.48769298150899,0.904254
1089,516.0,3483,171.9634687720831,276.06923012278185,261.0962498343769,219.33997670849357,0.909146
1090,516.0,35206,138.31484709313168,705.039890308476,240.93772282432667,270.960109691524,0.95595
1091,516.0,30308,475.8611589748057,700.5878639412884,436.77618178171133,275.41213605871155,0.906416
1092,516.0,27777,637.7402862088765,293.1373067117815,175.5210669436047,195.48526967110948,0.908424
1093,517.0,31885,29.190556368037083,15.2319448509408,381.9159703853742,525.3396127978762,0.915904
1094,517.0,36637,642.8136541472009,207.8743355142411,190.48913942269948,247.4598808863654,0.935502
1095,517.0,3483,587.5173324508283,845.9022551110044,283.91236946450994,130.09774488899566,0.875472
1096,517.0,27653,95.00276402612427,852.2029222651341,222.10153290254988,123.79707773486582,0.862043
1097,518.0,36637,613.8949339593476,202.94616906247546,185.99205837537312,242.24955718840786,0.935787
1098,518.0,31885,20.093303459972592,0.612657230703076,364.497619322197,519.6828453792399,0.918615
1099,518.0,3483,560.0796941249215,812.159943087017,287.3839365896865,163.84005691298293,0.892847
1100,518.0,27653,60.699443874646676,810.882887337076,225.57083252566542,165.11711266292397,0.885462
1101,519.0,3483,130.72614169480212,288.06964019315325,277.34822442902987,174.73199600909825,0.891341
1102,519.0,31885,596.7303948330521,697.8334905729821,379.26960516694794,278.1665094270179,0.897142
1103,519.0,36637,149.7550807166938,802.1317693815759,196.16334257653008,173.86823061842418,0.921671
1104,519.0,27653,670.9773311135756,254.13563752294183,220.54786935164117,200.83678348100364,0.890758
1105,520.0,28763,613.748359411805,906.0528300683104,224.2472932901815,69.94716993168963,0.925989
1106,520.0,3483,174.3379682991373,274.21289660583193,261.96230204979975,219.9576822405484,0.910075
1107,520.0,29667,126.0263019350905,879.5876934109021,232.41465912632003,96.41230658909784,0.910777
1108,520.0,27777,639.7929939001649,294.5945771950573,175.6755938506007,195.8706238713097,0.899663
1109,521.0,3483,536.1123546811205,778.0034817642902,266.6616759947197,197.9965182357098,0.903873
1110,521.0,28763,147.8469144734905,154.41531525424978,206.76481620750226,199.88420526705795,0.92642
1111,521.0,27777,143.09828055683693,773.9257889177333,180.63296079395997,202.07421108226671,0.910043
1112,521.0,29667,600.858226373567,160.4474699700897,219.248330274419,213.23860766540224,0.902846
1113,522.0,3483,564.8340153526422,813.9052148560183,264.49740769276053,162.09478514398162,0.897116
1114,522.0,28763,162.14543312877865,159.56861578399813,214.36878361534235,203.08956510457563,0.930846
1115,522.0,29667,631.20875618326,164.66998068651364,223.1578445817957,213.03046106693125,0.899433
1116,522.0,27777,176.1330615479742,810.7133562097598,175.72955245588298,165.28664379024022,0.905711
1117,525.0,16232,141.64887502085622,892.2289051458464,195.93383988423565,83.77109485415362,0.912275
1118,525.0,28763,634.9860401249412,865.67934061175,223.0272741269826,110.32065938824991,0.9213
1119,525.0,3483,122.25385667810487,306.4404419558731,273.5694554007832,198.86877303387047,0.916701
1120,525.0,27733,565.2173007984256,262.0215927967474,300.0686688447118,266.11434139079176,0.94629
1121,526.0,16262,101.14108855281044,850.0102876442761,248.9098274576005,125.9897123557239,0.840505
1122,526.0,30308,545.4598977553784,709.1434362976994,314.01486006693636,266.85656370230055,0.955405
1123,526.0,3483,151.13847918486474,218.7240717902255,246.97699242980033,222.3326220488429,0.912081
1124,526.0,19861,638.416802334426,277.3471422051665,221.16582178470466,170.69090478024884,0.763672
1125,527.0,30308,141.76761063618875,75.178428803257,311.96361277211247,465.3982063945215,0.95997
1126,527.0,16262,637.38758121663,177.71236116802274,246.29159469221116,229.1192825547415,0.833531
1127,527.0,3483,600.6502378837547,866.693828026853,259.4980339932083,109.306171973147,0.906653
1128,527.0,19861,126.41253654441643,865.7582320783605,221.54103870487694,110.24176792163954,0.867784
1129,528.0,3483,572.9212207890037,837.1312314134148,262.33142304540263,138.86876858658528,0.912308
1130,528.0,30308,128.10129420601544,63.75495182209878,298.53878431463954,449.25919943958064,0.96413
1131,528.0,16262,610.2494181724051,173.05218697552704,238.31079254917157,227.950327427543,0.87922
1132,528.0,19861,92.17369232944507,826.7425144521435,225.97282823725564,149.2574855478565,0.877947
1133,529.0,25469,48.873989546119276,855.553371410274,374.8200375350876,120.44662858972599,0.897798
1134,529.0,20238,616.6979695229076,194.8919258309369,228.6026359826475,216.3892910444557,0.864432
1135,529.0,3483,602.9747431002669,843.804045864086,277.7505336742305,132.195954135914,0.888552
1136,529.0,22347,106.67715822152756,240.2418370079156,207.21361016508325,197.4553300100355,0.90374
1137,530.0,20238,139.42458945422916,850.0554248292242,231.03039435765254,125.94457517077576,0.862713
1138,530.0,3483,125.5981951382891,270.7938850441171,271.1799914489439,190.76480163880922,0.905562
1139,530.0,25469,569.8000454543225,230.7958577218367,377.4380088307749,220.053805173941,0.838356
1140,530.0,22347,679.604609043754,832.2558446529522,215.48912654090756,143.7441553470478,0.89588
1141,531.0,25469,12.051387341178243,812.2887714328479,384.4082345627061,163.71122856715215,0.904266
1142,531.0,3483,576.0353752404601,811.1920969594065,279.03884136257454,164.80790304059352,0.882888
1143,531.0,20238,589.959589512504,189.98345824581895,222.9375637955402,213.9342655967828,0.828118
1144,531.0,22347,88.55942347540929,230.20644351825044,202.95568226569858,196.25256524014117,0.895826
1145,532.0,19552,116.53248481175409,114.46604762245063,383.12414167394587,427.90303522617967,0.928674
1146,532.0,2483,599.4103568379004,107.61716185143244,285.2033222140978,453.5114951588999,0.841874
1147,532.0,3743,70.73329105089657,812.4942896857334,334.18836031966464,163.5057103142666,0.81788
1148,532.0,5886,614.1112226169912,690.9372862235984,237.2151397245014,285.06271377640155,0.887622
1149,533.0,2483,613.4675105876061,78.59468366153276,274.8138081152834,454.57739549186357,0.834689
1150,533.0,19552,113.69620276216287,76.52476800506439,387.9661560058593,429.2521889844732,0.935307
1151,533.0,5886,600.659308812127,694.1958296119268,243.04120333110882,281.8041703880732,0.916497
1152,533.0,3743,73.05288964659725,801.2776372708269,324.2541209465295,174.72236272917308,0.84789
1153,534.0,19552,441.375992511385,699.9853905145847,394.89430428509735,276.01460948541535,0.941265
1154,534.0,2483,52.58752759617178,679.6662904365577,279.1567149713411,296.33370956344226,0.848115
1155,534.0,3743,535.5823723107726,151.65372509213552,315.7094450524105,303.04203604693384,0.846588
1156,534.0,5886,96.79218472428059,71.11182246375922,245.66913079496604,475.63751864792715,0.903938
1157,535.0,36637,674.3128616102977,172.8220857399792,174.89191072550256,254.28076064526738,0.91441
1158,535.0,31885,81.2906002638927,141.69819273062086,410.40503328409636,508.86093154983894,0.920697
1159,535.0,3483,601.9233597798562,844.6465276210153,277.93404890664254,131.35347237898475,0.890836
1160,535.0,25469,87.19957641141498,830.792012737025,344.5969057322747,145.207987262975,0.891487
1161,536.0,36637,645.1038579126099,170.2505702493179,171.42025618816746,248.5020968949975,0.901543
1162,536.0,31885,66.70440202262533,116.84067692588921,396.94073455657195,499.38244061493975,0.92926
1163,536.0,3483,574.7284953821843,811.3991889378533,279.6819724844928,164.60081106214676,0.887925
1164,536.0,25469,49.350982416814304,789.9718959175763,352.26204416859684,186.0281040824238,0.890691
1165,537.0,36637,132.17109496150184,830.0650561155387,180.7012743925928,145.9349438844613,0.866673
1166,537.0,31885,512.8788416876865,593.77595190307,404.6950617651245,382.22404809693,0.897548
1167,537.0,3483,125.52694928346567,271.4497455232707,272.19206981563093,189.94272954739517,0.907262
1168,537.0,25469,574.0681428382145,188.44310281264723,331.8923085275008,285.0450913319036,0.865835
1169,539.0,38162,592.6831695709994,706.4466979060342,199.16029764300015,269.55330209396584,0.936411
1170,539.0,20014,13.252044596264707,669.3839878101445,350.98609211217223,306.61601218985555,0.876223
1171,539.0,3351,321.83469517386743,134.2350189362339,183.86970190307005,187.5279893731352,0.899362
1172,540.0,38162,630.9881794225031,804.6522069576398,196.41976514653345,171.3477930423602,0.937791
1173,540.0,20014,55.062112913658865,752.8914718244544,345.6545014501217,223.10852817554564,0.868913
1174,540.0,3351,363.0502621444626,189.01915430423603,184.65421881747602,183.64213354982923,0.900146
1175,541.0,31885,584.3766761664768,650.983727536609,330.52553232470956,325.0162724633911,0.901233
1176,541.0,16232,144.59899097231767,900.273825794009,195.54633664845224,75.72617420599096,0.89306
1177,541.0,3483,150.9911330333307,218.8895309678274,247.27760491299273,222.30374743591005,0.912369
1178,541.0,19861,638.2918964941898,277.7572056755947,221.01480393912908,170.70519145409668,0.770133
1179,542.0,16232,617.3167568187617,173.00683195027872,184.74899430011396,181.25715184810772,0.784454
1180,542.0,3483,573.4191271911315,836.3710584784274,261.2652793385876,139.6289415215726,0.912357
1181,542.0,31885,70.0169103037772,34.8329907326243,313.8243191973049,532.1862047665082,0.891991
1182,542.0,19861,92.17283557527625,826.770976464353,226.01048731204853,149.22902353564703,0.874963
1183,543.0,3483,600.4126025635993,867.7830163390194,259.70432024625075,108.21698366098069,0.910571
1184,543.0,16232,645.5704842572237,175.2158361847077,190.96589975021573,186.85633390033664,0.837388
1185,543.0,31885,84.59250767386737,50.6267223454001,324.63342116466106,544.2503619170069,0.905141
1186,543.0,19861,126.27382541062244,866.0449568398634,221.72170552776092,109.95504316013663,0.865397
1187,545.0,3483,175.50584350279226,273.651794280239,261.4844305143883,220.0606187983374,0.909361
1188,545.0,27777,640.3517244425251,294.1893891761052,175.53272220477382,196.64967721910324,0.900761
1189,545.0,22347,662.4238775052017,863.2799035460506,215.85698420078927,112.72009645394941,0.91711
1190,545.0,29667,125.95316613738859,879.490599052391,232.26613061032708,96.50940094760904,0.908634
1191,546.0,3483,535.348458908311,778.1365095742384,266.6006224359098,197.86349042576163,0.904528
1192,546.0,27777,142.3716209066573,773.6681313059437,180.34178253633894,202.33186869405625,0.914387
1193,546.0,22347,106.66869089711253,200.8939350837439,201.44179071014253,194.61188840626474,0.887273
1194,546.0,29667,600.5389355223382,161.71459684899102,220.10095276185632,212.8749070670737,0.902645
1195,547.0,36637,632.6640250814621,211.73601459138956,184.01346699316883,247.90432486222622,0.930274
1196,547.0,3483,650.2984588469692,750.0017853549977,210.65775532938133,225.99821464500235,0.909321
1197,547.0,20877,116.0511784385796,768.8800364738732,330.50355506781955,207.11996352612678,0.947555
1198,547.0,22347,120.62745371296177,241.81870143257794,207.6576096424505,197.76360784942776,0.911971
1199,548.0,3483,142.52421799856216,290.47410453144624,210.4602507011375,257.2459888554098,0.914884
1200,548.0,36637,167.42371632945003,798.4283830652286,187.6446073139133,177.57161693477147,0.904344
1201,548.0,20877,544.8159872850581,293.1285773042459,326.7241158796915,235.5020603199101,0.916288
1202,548.0,22347,664.5945262813091,829.9879395758088,213.52163496927986,146.01206042419125,0.890144
1203,551.0,3483,129.74178609416714,288.7723154039239,277.5153259584053,174.71086542330792,0.889332
1204,551.0,30308,538.5774192618366,684.4742560458542,389.81198779542245,291.5257439541458,0.927716
1205,551.0,20238,132.84617959794087,870.7452745293853,231.5378698607785,105.25472547061479,0.857047
1206,551.0,27653,669.2347271023084,254.05078608067186,221.0236337939699,200.9535630575976,0.889875
1207,552.0,30308,76.14644603633403,143.96952827491953,384.7445019285883,425.44080402623473,0.895366
1208,552.0,20238,622.220551610592,176.61196063631144,226.17905966600588,215.78016079849934,0.872762
1209,552.0,3483,589.5219640683889,845.4868375691937,283.01762873203904,130.51316243080635,0.875568
1210,552.0,27653,96.61300958221283,852.9822307950886,222.35141106226936,123.01776920491132,0.867616
1211,553.0,16232,601.4541386743288,213.46784497745074,186.18354927714728,181.8673972125029,0.858414
1212,553.0,25469,12.153079042482613,811.7669024443506,384.6551234566386,164.23309755564932,0.90463
1213,553.0,34597,13.177101235892902,72.15176598630359,414.52339118689156,447.7323884436833,0.888796
1214,553.0,3483,575.2702287070116,810.3043841644746,280.75453776450604,165.69561583552533,0.884912
1215,555.0,25469,48.59281053015934,855.4426941224677,375.2741673148457,120.55730587753226,0.895486
1216,555.0,16232,628.8913568084563,220.12589053053352,191.13459049397397,187.7332064374607,0.885982
1217,555.0,34597,25.18212179442746,100.42405087264937,425.82412505030027,443.51605531318705,0.896832
1218,555.0,3483,602.8200947363772,843.6047479830795,277.72562857009666,132.3952520169205,0.889586
1219,560.0,30308,114.82951535172198,76.22365455052362,278.2951141817486,475.55469164057587,0.963486
1220,560.0,3483,600.1624090300134,867.0186470070078,260.1628546786668,108.98135299299229,0.906417
1221,560.0,19861,126.22597112607718,865.6790213273398,221.4976171752316,110.32097867266015,0.866297
1222,560.0,35206,581.6499692063835,95.704833639327,289.54864379269395,378.6801997045776,0.919931
1223,564.0,1900,152.784141578866,254.67947165331054,195.17323793957587,162.41556545238396,0.896705
1224,564.0,16551,590.344844338882,108.351243407283,296.3176103908212,476.9794311523439,0.831272
1225,564.0,21771,160.07705550457365,805.2870998670107,191.06433182146083,170.7129001329892,0.876646
1226,564.0,33009,550.3984966949002,837.1650862957365,371.8514526980606,138.83491370426353,0.818408
1227,565.0,12778,14.524694442749023,166.15708923339844,419.4521484375,429.37890624999994,0.922204
1228,565.0,5094,108.12240355218472,809.2526015085192,284.12878356626885,166.74739849148085,0.894593
1229,565.0,2483,621.8464456682829,71.09301362924239,227.739785352544,465.80971584607613,0.848435
1230,565.0,12081,649.5377540780072,697.8236185198452,244.72702011031728,278.17638148015476,0.832259
1231,569.0,2483,89.82930042516047,664.3860814080166,257.573171030936,311.61391859198335,0.852679
1232,569.0,12778,538.3114535077733,574.2131724908722,296.34497377021825,401.7868275091277,0.910679
1233,569.0,12081,110.68119535973325,110.32434806632037,226.04545102526794,428.1726948340335,0.829848
1234,569.0,3743,493.1490588930983,165.2524494573699,318.8775101091393,302.4862324316897,0.846114
1235,571.0,16551,538.4585445538238,55.964955181332684,303.7647938177214,452.43868926541893,0.891924
1236,571.0,1900,579.125417124686,866.3741083959839,213.9044514565012,109.62589160401613,0.845444
1237,571.0,24850,119.39325208040938,136.9577982533517,186.5023224030308,284.2218336555826,0.684485
1238,571.0,21026,90.8344469693438,831.317157381144,182.3966187903629,144.68284261885594,0.917739
1239,572.0,21026,686.6092753194685,276.26587650164885,177.080401703341,171.3802974835113,0.931798
1240,572.0,16551,97.48166909529337,708.0393922125274,329.49418601798044,267.96060778747255,0.792006
1241,572.0,1900,188.88247059577677,273.92928908458305,201.68352665733448,136.9899477551331,0.869071
1242,572.0,24850,670.0609465172543,828.0378267681178,191.9871878312462,147.9621732318821,0.654316
1243,573.0,16551,564.7810702683339,63.13683288420865,315.3244144305512,468.2204744731961,0.896317
1244,573.0,1900,608.4422297645453,899.2756826122801,208.08636413267516,76.72431738771995,0.813299
1245,573.0,21026,124.444241816075,865.6307618414338,180.88199987363572,110.36923815856625,0.90648
1246,573.0,24850,137.344801399576,140.85964038024596,184.4432991066171,296.0065359757773,0.646695
1247,574.0,22627,93.62578463913806,178.0301345748518,313.6493803244739,482.0519038061401,0.84509
1248,574.0,2483,672.6824668999293,82.05318500768001,205.5983951127709,482.41735349108825,0.856377
1249,574.0,13395,628.2042711727584,672.500385533625,230.50840751609604,303.4996144663749,0.84732
1250,574.0,3743,115.2947035362972,829.1976060723539,323.51241145301697,146.80239392764608,0.867366
1251,575.0,22627,535.8505561866953,546.9236980802449,307.70383840589665,429.07630191975505,0.828589
1252,575.0,3743,496.3758534187049,126.94260306813608,314.86606571063317,303.67506753739394,0.872065
1253,575.0,13395,83.38602416838833,80.74830117537148,230.08567081623943,485.6836727276518,0.850384
1254,575.0,2483,60.17907620914018,647.417542117325,204.67258434199806,328.58245788267504,0.84838
1255,576.0,22627,98.077805562235,210.04819392678723,307.8195356052725,479.5545973274576,0.844984
1256,576.0,2483,660.7365213518766,111.69983090347979,213.6646259250351,475.3418485555217,0.868543
1257,576.0,3743,116.14705784476583,838.6013797012406,331.02614144943465,137.39862029875943,0.844312
1258,576.0,13395,637.3201898162689,672.8760658149145,239.28503816690886,303.12393418508555,0.858342
1259,577.0,19607,139.54127042377414,786.9281490460113,160.13916468021264,157.02404785156259,0.957364
1260,577.0,1900,133.61963649730586,246.28298390450794,194.1407075814865,156.1098337604772,0.899042
1261,577.0,16551,538.8830787236966,73.45502130709701,352.97386621829844,419.5855108673249,0.834458
1262,577.0,33009,518.699815606352,791.8279228785528,379.75939910735326,184.1720771214471,0.897027
1263,578.0,19607,661.0932411692249,334.596209655455,159.7207000579067,148.9234090067034,0.941144
1264,578.0,1900,640.6403262651147,858.6796375063795,207.85597144658837,117.3203624936205,0.881619
1265,578.0,16551,49.44275013525882,726.2740184074671,382.8889976003062,249.72598159253292,0.889881
1266,578.0,33009,88.36703422201339,254.3723097758078,365.74586893206276,210.7223471636748,0.856885
1267,579.0,19607,172.14231105785274,821.6978321171287,157.2395152183035,154.1974573183298,0.946345
1268,579.0,1900,152.02301815167144,255.83242291781173,198.4759914839088,156.20096729987824,0.905063
1269,579.0,16551,563.9875969814896,82.21713939264193,365.85534453272214,434.6596069335938,0.855219
1270,579.0,33009,550.463115136228,837.6734567000041,371.4900046497133,138.326543299996,0.824918
1271,581.0,1900,644.2625398108709,852.5749925776341,205.87826860130733,123.42500742236584,0.89277
1272,581.0,16548,101.93728553350248,906.5883356602347,245.24985300955464,69.41166433976528,0.849203
1273,581.0,24850,645.1403569360474,205.23871831079228,178.2919952545933,276.07567791962737,0.815581
1274,581.0,33009,87.57181280701603,255.29581010521358,366.2020820349306,208.19080939364795,0.861157
1275,583.0,19552,469.2342760862417,634.8781462242854,332.0615554886248,341.1218537757146,0.940369
1276,583.0,5094,547.8633192819566,185.98907371022594,271.25848818064935,268.13811029022065,0.897539
1277,583.0,2483,67.19316702991276,691.2822443516411,256.52578628003295,284.71775564835895,0.840245
1278,583.0,5886,113.00037832595595,87.43216613309468,235.16187198198014,472.03001457482725,0.88595
1279,584.0,19552,146.28080120757596,119.3604487126796,326.3618621059399,478.92884895669755,0.945041
1280,584.0,2483,610.2389673587664,85.95506727515753,258.30959515595555,460.70718951201326,0.842656
1281,584.0,5094,108.83252547374325,816.0173140482686,284.94385348372725,159.98268595173136,0.854989
1282,584.0,5886,604.6250723834013,680.7030750063795,244.9735634961919,295.2969249936204,0.854739
1283,586.0,36637,645.6622010810889,169.5579750406083,171.24625569252515,248.04579423300584,0.898892
1284,586.0,3483,575.1403047954617,811.845594549898,279.96900794254464,164.15440545010205,0.884279
1285,586.0,28763,146.32037016135365,198.72839746523144,207.4018102291241,198.46649576311736,0.912148
1286,586.0,25469,50.7930099448966,788.8839948644589,350.766805524203,187.11600513554106,0.891566
1287,587.0,28763,614.420577619543,858.2207083390584,223.76967939060535,117.77929166094154,0.945554
1288,587.0,36637,130.86080763927055,829.6306995794401,180.77191622173365,146.3693004205599,0.867209
1289,587.0,3483,125.39180701941103,270.7699118762759,271.85820122340215,190.04141618738225,0.90788
1290,587.0,25469,574.1271923582757,187.74618330912375,331.24385661216246,285.91884348500315,0.865705
1291,588.0,28763,163.7551320138289,205.30734743664613,212.87749799412094,203.50300023064543,0.900885
1292,588.0,3483,602.5905675840138,844.4519018432003,277.70734317338656,131.5480981567997,0.887462
1293,588.0,36637,675.1841439865342,172.4526702267441,174.835694279503,253.79865583103498,0.910159
1294,588.0,25469,84.59875526619916,830.3965089117462,346.21945573816345,145.60349108825378,0.892419
1295,589.0,25367,24.539823321241833,110.74471888709907,351.67395479595234,497.5190898952772,0.908966
1296,589.0,16262,637.2304258106941,177.74276787072571,246.52865799947,230.15666474768858,0.846139
1297,589.0,3483,600.5277068938442,867.8258354148674,259.77652667635056,108.17416458513269,0.906986
1298,589.0,19861,126.52823278532554,866.0130213445156,221.37341339264677,109.98697865548444,0.869751
1299,591.0,16262,101.53440872269061,850.7861910872722,246.5972950230891,125.21380891272779,0.853707
1300,591.0,25367,626.1137946814149,647.8983737044597,347.41683484561486,328.1016262955403,0.901487
1301,591.0,3483,151.05366792151676,219.0444244691475,247.1976886538405,221.98477057835566,0.912199
1302,591.0,19861,638.1422379843553,277.7759425484355,221.21108717415197,170.6407064313266,0.771448
1303,592.0,28763,649.5105179829814,900.0008133931377,223.6101457605409,75.99918660686231,0.954109
1304,592.0,3483,152.8439959042036,217.8562683412178,247.2174230987702,221.36536779355765,0.910458
1305,592.0,29667,117.16769827071147,843.7304012739478,231.36642548067485,132.26959872605224,0.878464
1306,592.0,19861,639.9528115430669,277.43538799956815,221.59918028865042,171.01340948517,0.758013
1307,593.0,3483,571.6920656750549,837.9006755579657,260.4262719849246,138.09932444203437,0.911672
1308,593.0,28763,114.08495296305746,161.51508427145495,207.33524786407622,195.73431273800642,0.94501
1309,593.0,19861,90.36591181922796,826.6903088440248,225.69759311388486,149.3096911559752,0.878047
1310,593.0,29667,609.4878653521514,193.08247559513882,221.13506159950148,215.3408863316828,0.855059
1311,594.0,28763,129.2372842146524,164.8009214928402,213.69139068450156,201.9705406457335,0.9533
1312,594.0,3483,598.6384676065876,867.0248802606783,260.3243785455598,108.9751197393217,0.906821
1313,594.0,29667,637.1506869062107,201.16540320314954,226.516157140684,213.07521869908624,0.885727
1314,594.0,19861,124.67553990809762,865.2819667796992,221.73288178563718,110.71803322030073,0.870166
1315,595.0,3351,398.8840240018451,865.3214037717886,189.15183123871316,110.67859622821136,0.890666
1316,595.0,16232,649.6442162595202,287.3851186474364,192.03259093318152,192.51363200278743,0.832486
1317,595.0,32310,111.61220558204843,217.5133683094427,251.86456620872914,339.9033203125,0.627468
1318,596.0,3351,350.90046055472675,163.03948207836058,180.75097349540675,184.36865142362205,0.899115
1319,596.0,16232,80.91102163036864,734.3482592405387,196.77019834278815,197.5476288915278,0.765452
1320,596.0,32310,575.5393830112477,618.1451106239205,266.5181789685733,357.8548893760796,0.778666
1321,598.0,36637,173.2095619086644,333.74578182661355,181.6825202673524,251.72832791889138,0.876374
1322,598.0,3351,403.4773174650105,875.0615577889448,188.92287625260087,100.93844221105518,0.886764
1323,598.0,33880,549.8729205107568,192.26602226525694,302.69708497320596,426.5926084278816,0.942728
1324,600.0,36637,624.2592061871859,720.9956171237045,182.2122738325416,255.00438287629555,0.895025
1325,600.0,3351,387.2978265656897,225.8606971472352,184.02187282236383,182.40135376896694,0.90369
1326,600.0,33880,112.99384380704792,684.3799217645847,313.6962255736691,291.6200782354154,0.924349
1327,601.0,16262,152.36374514785842,803.8456212336094,249.60562440498393,172.15437876639052,0.889153
1328,601.0,31885,500.97253878032745,638.5610630667987,453.3039507841944,337.4389369332012,0.911461
1329,601.0,3483,123.29592519788888,306.096432326427,272.2618874401303,200.43553721365623,0.917761
1330,601.0,27733,564.8115789518884,261.8473423330029,299.937309226798,266.5312599680531,0.945078
1331,602.0,16262,562.266981268648,216.576565689777,238.9984520380221,229.76614824611343,0.886393
1332,602.0,31885,40.04770123659067,110.42571714775046,439.0228661005222,467.054166400852,0.936666
1333,602.0,3483,577.9874316651618,759.3301195307592,276.1047262067171,208.891926060969,0.903183
1334,602.0,27733,86.66234830156642,727.0200833267903,321.15461063864245,248.97991667320974,0.910137
1335,603.0,31885,49.792583197205516,137.84721780901577,455.79426781735833,468.2961537730155,0.939213
1336,603.0,16262,589.729118922248,226.50536058895548,244.0599009451554,230.40532565476317,0.859045
1337,603.0,3483,608.778057462606,789.4310725993248,273.07837834190485,186.5689274006752,0.893047
1338,603.0,27733,123.82205342048377,770.4334373282428,313.99632270851333,205.56656267175725,0.884267
1339,605.0,36637,644.0779728721734,207.73324577293207,189.26775172247972,249.28027014037474,0.93089
1340,605.0,28763,147.11972329604566,249.86408421502045,211.83686644587686,200.9159591904836,0.926174
1341,605.0,3483,588.162858665888,845.4359618527207,284.61632779375407,130.56403814727938,0.878275
1342,605.0,27653,95.67338738369583,852.9545306488498,221.90874492702775,123.04546935115022,0.863988
1343,608.0,29667,588.3225821490264,722.2077127581266,233.3797325249293,232.99030890536673,0.930018
1344,608.0,3351,339.0412841490166,191.64741546784217,185.7054711730038,188.95404811839958,0.897686
1345,608.0,33880,52.06719888274993,603.0169499842965,312.8458998790338,372.98305001570344,0.920581
1346,610.0,16232,620.8206366917595,221.79138812347873,186.1913722052646,183.14790842640937,0.894179
1347,610.0,34597,0.0,102.41341680018745,392.429985008048,449.0690657265822,0.910478
1348,610.0,3483,559.4361130604192,812.078653460172,287.0986686974916,163.92134653982802,0.892538
1349,610.0,27653,60.456225217886306,809.9972641527953,225.47782583572157,166.0027358472047,0.880068
1350,611.0,16232,141.96432334094789,846.2458514496309,196.7753127975081,129.7541485503691,0.891787
1351,611.0,3483,131.6936338031711,288.0142780859866,277.28580954086846,175.20797131408997,0.892532
1352,611.0,34597,583.681167372507,655.69429483845,392.31883262749295,320.30570516154995,0.905914
1353,611.0,27653,670.3207296246859,254.96250409456957,221.5880117751844,200.86760286110731,0.889605
1354,612.0,16232,648.0206446048602,230.25814550965273,192.24354652903187,182.28557973890452,0.891703
1355,612.0,34597,0.43598425777713257,137.7585707621359,414.2109962348363,442.17746048357026,0.914513
1356,612.0,3483,587.2525214573845,845.591283443585,283.3369027142549,130.408716556415,0.881149
1357,612.0,27653,94.52369145532347,851.3110170603996,222.1591865884599,124.68898293960032,0.856603
1358,614.0,22074,634.4137524168696,726.8626543361339,187.78527187941663,193.2070646813167,0.93346
1359,614.0,3351,346.9761162379279,153.79376880128183,184.21501458709565,188.1953626469751,0.898225
1360,614.0,19232,163.92734623434558,654.2419252635246,240.58930961570547,321.75807473647535,0.919248
1361,615.0,22074,672.5019641665358,820.91232376482,185.70511953075922,155.08767623517994,0.926707
1362,615.0,3351,389.48874162070115,212.9771631135413,183.56087873449283,181.69044985363834,0.894464
1363,615.0,19232,210.04959106445312,755.0853069056219,236.8704097881988,220.91469309437807,0.930496
1364,616.0,28763,630.928693148359,885.7738948036078,222.319019720183,90.22610519639213,0.896078
1365,616.0,16232,143.86243526899636,900.496971245387,195.71833571237534,75.50302875461297,0.898125
1366,616.0,3483,151.36750226044774,218.93878181495862,246.7224736812726,221.14540943548303,0.911244
1367,616.0,19861,638.1680852995446,277.8594368019296,220.9355024021474,170.01232189389336,0.767728
1368,617.0,28763,150.39721449655505,176.30578774303646,211.67426411230963,205.18168594130316,0.932865
1369,617.0,16232,645.4123801993364,174.18578702840372,191.4484213057476,187.83047746054493,0.855374
1370,617.0,3483,600.6404103034704,866.6784913336213,260.2167017951085,109.32150866637873,0.906011
1371,617.0,19861,126.34030879801841,865.6923012278188,221.55654163456438,110.30769877218125,0.864116
1372,618.0,16232,617.5869849123548,171.9364234502591,187.22808132459187,181.8791623522888,0.833194
1373,618.0,28763,131.39737459882417,171.86721955112475,206.96393941754673,198.9060501788729,0.94123
1374,618.0,3483,573.5188638505026,836.7688571028974,260.85943726199355,139.23114289710261,0.911875
1375,618.0,19861,92.00768391211426,826.9647873154837,226.1045267689767,149.03521268451632,0.879895
1376,620.0,2483,82.30418357657427,641.9431333302255,205.66814633470085,334.0568666697746,0.819523
1377,620.0,23223,549.949544168597,645.4784027559673,291.59368559104115,330.52159724403265,0.854952
1378,620.0,5094,521.9392332144118,153.09927766886187,265.8661293528188,261.0689971770474,0.889694
1379,620.0,22362,82.55256537816032,78.4419032341272,250.99526486804143,389.14096897451117,0.892416
1380,621.0,23223,91.63716221334946,63.28610352175918,295.2280925194822,500.5792654986358,0.895963
1381,621.0,2483,649.6345184172817,85.50099182128908,200.0944882493522,483.1525440311911,0.863918
1382,621.0,5094,135.0366440969496,847.3508582953832,280.05580652898277,128.64914170461682,0.823313
1383,621.0,22362,606.0090871839667,776.8869064561086,258.7449923568036,199.11309354389138,0.892289
1384,622.0,22074,612.4009218455559,288.6348381617561,187.70331700003922,189.30964944350654,0.914031
1385,622.0,41768,125.85297286450563,292.3642424770336,265.55040123714275,293.72176065876255,0.942374
1386,622.0,3351,395.25914453861105,888.7353794730489,191.38556674976434,87.26462052695118,0.87849
1387,623.0,22074,125.5616460828925,746.370330350483,190.48830624681023,193.30443109100193,0.917715
1388,623.0,3351,350.6927355282271,147.03002047898184,185.9540399139251,191.52798607600988,0.885444
1389,623.0,41768,556.8266288718986,629.7383999465101,267.99124866274747,306.3037210589078,0.784192
1390,624.0,22074,169.2062108025479,838.5858218705832,186.9691217317054,137.41417812941674,0.924188
1391,624.0,3351,392.75066371898555,207.72781556095907,186.4166600212979,184.38775113359773,0.896007
1392,624.0,41768,596.7138944846303,717.5225747266608,263.23761415721174,258.47742527333924,0.716667
1393,625.0,16262,152.15036049080854,804.0084789793694,249.11242346068724,171.99152102063053,0.88598
1394,625.0,3483,122.77883615925086,306.3586415046423,272.80358150616365,200.10263306890903,0.918024
1395,625.0,30308,498.6326048577851,696.7547082948925,420.9181064624883,279.24529170510755,0.92273
1396,625.0,27733,565.2623953507773,262.69100538090845,299.86156275763597,265.9543248468907,0.946056
1397,627.0,16262,561.7329586163238,216.18219799252608,239.70634146072157,230.0814091668057,0.893022
1398,627.0,30308,73.29780110881556,145.5029462498037,403.8538180403973,380.57653777922826,0.906048
1399,627.0,3483,578.3209384937381,759.3236062514721,276.1784545285019,208.7065463425526,0.903722
1400,627.0,27733,86.38487117134746,726.4355661976876,320.9176097467317,249.56443380231232,0.909839
1401,628.0,16232,141.54774927493915,892.3779244734415,196.28524396886777,83.62207552655852,0.915138
1402,628.0,3483,122.21405405015801,306.2329713447609,273.9688499872409,199.59887833331695,0.918542
1403,628.0,27733,565.651671136444,261.98453295530385,299.7827544092531,266.09791848647535,0.946502
1404,628.0,22347,676.6876656230372,850.4725918410412,215.46239222234206,125.52740815895883,0.915976
1405,632.0,23223,503.31676847371625,609.7845704351838,295.32563666722285,366.2154295648162,0.888931
1406,632.0,25438,550.1885406647496,180.30526549372843,247.29208818751965,252.40534612761064,0.860539
1407,632.0,2483,64.14529279009182,663.5769098176429,214.85177343934026,312.4230901823571,0.877314
1408,632.0,5886,116.13399812324562,86.16052307435616,232.68314227386927,477.27266827300565,0.889877
1409,633.0,23223,136.84654021143314,133.91806866056356,295.04431919117064,495.0655808951987,0.909731
1410,633.0,25438,128.94729108187423,846.3714219289808,262.69708589333385,129.6285780710192,0.868016
1411,633.0,2483,654.4794274718317,96.0168320928986,200.37211110484066,472.11237829773876,0.853865
1412,633.0,5886,600.956924515154,675.6699706417832,244.59087153295775,300.3300293582169,0.873317
1413,635.0,33878,618.029762766469,792.0675318732333,169.63462392529067,183.93246812676668,0.929903
1414,635.0,16548,69.98170225823944,752.8545020021985,238.82533218153756,223.1454979978015,0.941883
1415,635.0,3544,181.94500571399476,198.59799462706602,202.63020125345963,196.82051301122306,0.797944
1416,635.0,4543,611.2860125824434,152.35381604678665,204.13817101866755,201.23224766410186,0.850036
1417,636.0,3544,583.3176551703832,857.9748624101956,215.26621173494405,118.02513758980444,0.862514
1418,636.0,16548,652.3867380726876,279.22678149046016,231.5973918665594,224.12486826834368,0.69832
1419,636.0,33878,194.18515674073493,256.20447881497324,159.9413556429609,215.0200936015527,0.909916
1420,636.0,4543,131.63222599508774,902.7414553848344,214.8059751424359,73.2585446151656,0.894636
1421,637.0,2483,600.6213639609178,108.20113629671796,283.7932082899852,451.9634074302174,0.840625
1422,637.0,3743,71.05602398589627,812.3049083307161,333.82777872516886,163.69509166928393,0.816323
1423,637.0,5886,614.0549534169874,691.0749557725148,237.19900712056364,284.9250442274851,0.893321
1424,637.0,6192,54.09165191650391,184.8119964599609,490.95419311523443,351.364990234375,0.487304
1425,638.0,2483,613.2716671737594,78.22337115110464,274.6560420510757,455.50188764255853,0.831592
1426,638.0,5886,600.2712298062578,693.937860076751,244.09219743738225,282.062139923249,0.917456
1427,638.0,3743,73.19059653737438,801.4144606087077,324.3059678580892,174.58553939129234,0.846769
1428,638.0,6192,50.61479187011719,159.20413208007812,486.35357666015625,348.9029846191406,0.561662
1429,640.0,3832,488.63279869808025,287.7222288505516,400.102292161491,335.0696924870937,0.964846
1430,640.0,3351,406.53923640418896,916.7437373022339,189.41339602063044,59.256262697766104,0.888066
1431,640.0,20238,96.9449691772461,300.675537109375,225.20919799804685,220.9300537109375,0.945513
1432,640.0,3351,96.47502899169922,298.284912109375,228.42975616455078,223.07128906249997,0.629829
1433,641.0,3351,342.52792925810695,124.40553429378338,183.68877683093194,187.07506220065167,0.897256
1434,641.0,20238,618.2346936709918,709.1127638313637,233.61111925594764,228.36392227249544,0.799812
1435,641.0,3832,41.80849636978839,582.651136235376,405.8700024782114,343.7195351758794,0.920987
1436,644.0,3743,483.1974556314286,119.98403869322198,316.8764082558792,304.3560056446785,0.874092
1437,644.0,13395,72.39951209446892,86.45409776697207,232.0249422159626,482.3399501781367,0.870868
1438,644.0,2483,59.847608786731506,650.0045383779247,210.29369189391784,325.9954616220753,0.851888
1439,644.0,6192,506.147493295334,612.9652663954539,273.82769637371433,363.0347336045461,0.906672
1440,646.0,36637,129.69305419921875,827.1237050732177,193.75039872212625,148.87629492678235,0.92674
1441,646.0,34597,397.64910735317216,630.3809578286942,461.59870918312254,345.61904217130575,0.87738
1442,646.0,3483,173.0967923265007,275.6454803620151,261.57714598382535,219.22604308775325,0.910139
1443,646.0,27777,637.8542817849011,294.82630406672035,175.70628747987982,194.8559015168616,0.903112
1444,647.0,3483,566.577188616422,812.958265141626,264.1006126212116,163.04173485837399,0.896615
1445,647.0,36637,664.4775770944567,181.123009686494,187.3135744027755,248.39699604283626,0.9302
1446,647.0,34597,149.72627603348775,192.4583057039347,450.1897892784234,412.15037406269636,0.883725
1447,647.0,27777,178.08572272679314,811.3831415991089,174.85532160619996,164.61685840089115,0.905772
1448,648.0,36637,635.4933726248429,177.04109184226797,182.47279426919766,242.32217882626017,0.933076
1449,648.0,3483,537.5192975374922,776.9829751786276,266.99181944880655,199.01702482137244,0.90476
1450,648.0,34597,127.43695359733236,156.10923866770372,440.431062017853,422.69931152957173,0.861281
1451,648.0,27777,145.18454899620173,774.6761738379396,180.46335697653296,201.32382616206039,0.910705
1452,650.0,36637,559.9749706785882,823.5039979560892,276.0202734865734,152.49600204391083,0.891507
1453,650.0,3351,368.93437677891404,175.23599212493127,180.99992761659863,187.95190153649105,0.891477
1454,650.0,32310,0.0,706.7958683799859,311.36239762042635,269.2041316200141,0.648126
1455,652.0,31705,602.3026294804098,694.2875829342023,251.2711408605528,281.71241706579775,0.865293
1456,652.0,1900,124.73814967169832,258.57431168292635,198.3857098296659,148.62061651028588,0.891321
1457,652.0,16551,563.2570359119818,66.9098709719864,290.1203867849992,462.8924236968534,0.822711
1458,652.0,24850,113.18350039534833,843.6425265978329,302.06441509304335,132.35747340216716,0.890131
1459,653.0,16551,93.08637321893892,691.3908194537139,311.24336618394705,284.60918054628615,0.905614
1460,653.0,1900,645.4395991186401,856.5028269398751,210.6709668336802,119.49717306012482,0.843176
1461,653.0,31705,128.21271641410175,129.8008642148732,245.12142116220744,420.4242319078301,0.848364
1462,653.0,24850,546.827861229978,267.5178951090904,291.41206367531004,162.72134828807117,0.879521
1463,654.0,31705,628.3473434064856,729.4501931655348,246.97797581658284,246.5498068344653,0.883596
1464,654.0,1900,142.69077879939246,268.3210522828989,201.7796476737937,147.4759835861436,0.894208
1465,654.0,16551,592.469704172719,77.95366492343308,295.06253373802616,474.6143716016607,0.83631
1466,654.0,24850,148.94336865295716,881.0440612486259,297.520769742266,94.95593875137405,0.889496
1467,656.0,6563,189.3623326747262,708.4727381413904,217.29672555588,267.5272618586095,0.920069
1468,656.0,3544,149.94427796943702,189.6749396396043,208.85800860994422,202.61965881040948,0.856457
1469,656.0,16551,538.4000139859454,183.11307008062775,417.98356436724634,384.8692435259795,0.880965
1470,656.0,33878,629.132179145238,851.3001485086564,223.7168916481823,124.6998514913436,0.737666
1471,658.0,1900,167.89523652809947,246.2404193207247,182.9578710201398,181.53119157187302,0.814035
1472,658.0,16551,631.7730623944921,11.619903588414788,288.49303861838484,488.54745514069367,0.904123
1473,658.0,29451,497.55743285519395,821.7279531200927,396.19700982942055,154.27204687990732,0.955967
1474,658.0,18110,78.19871060932103,789.4806359065836,307.711800886758,186.5193640934163,0.857502
1475,659.0,1900,149.59532211533744,240.28237040917477,181.5208437358913,179.74857732878263,0.855175
1476,659.0,29451,462.5567217496172,785.2416357299192,407.3696523695136,190.7583642700808,0.971255
1477,659.0,16551,602.5669512724756,10.779907379917162,280.44608356725035,463.78514888897615,0.91585
1478,659.0,18110,43.3918193836308,745.9066051694017,311.1598519943467,230.0933948305983,0.845527
1479,660.0,29451,119.57983889172425,216.52344263738124,386.9142923786412,260.25107164239165,0.959859
1480,660.0,1900,642.9699338980056,846.2948062455833,189.3160685630302,129.70519375441665,0.849309
1481,660.0,16551,62.55874307910402,743.3640084578166,294.28963543302444,232.63599154218346,0.819337
1482,660.0,18110,610.8038100046128,226.20803679653147,301.1243375078517,287.9967076287197,0.886967
1483,661.0,3351,377.06584389844727,878.3073813280267,190.2263887491658,97.69261867197322,0.886062
1484,661.0,31863,180.53391170022476,301.31146347582643,204.2875112408969,207.7592991201122,0.939587
1485,661.0,16232,686.2468546958423,292.8636519082227,192.39719164671016,188.63792979178118,0.676259
1486,662.0,16232,42.9091814319093,746.0698818801035,195.71054207499898,191.3905115175488,0.848754
1487,662.0,3351,369.8346519278521,160.9378647540682,184.45441823988114,188.622651449999,0.896324
1488,662.0,31863,556.3049031166576,725.1328864169479,208.0738301492815,212.36589625372957,0.879353
1489,664.0,20877,542.9035500377867,293.5296802616598,329.3754048563128,234.83384267529055,0.912993
1490,664.0,36637,167.13913960672502,799.9467248964548,187.83905566038197,176.0532751035452,0.890015
1491,664.0,3483,141.9438711961909,291.99982456226445,211.35143820604495,257.68959635825615,0.911349
1492,664.0,28763,629.828369140625,874.8437766837114,223.19949632194167,101.1562233162885,0.922504
1493,665.0,20877,86.2015337920069,725.8333798509149,330.82303945263436,241.08685272063425,0.940018
1494,665.0,3483,626.7467657501373,716.0850376148319,207.02815070224162,259.91496238516817,0.911256
1495,665.0,36637,603.6935188638505,202.73597134537434,180.41535896032897,247.24809985903644,0.921597
1496,665.0,28763,130.9319773151647,183.97485006514506,209.48953193396179,200.0876747783105,0.928027
1497,667.0,25438,121.84762799440315,819.8563428715845,256.1619501928589,156.14365712841547,0.874167
1498,667.0,22627,22.062494824280094,149.24165451586546,492.092151891047,272.6819335324081,0.848361
1499,667.0,2483,579.8847162447983,115.26074732488122,293.16623185507626,446.37901083788086,0.857893
1500,667.0,12081,646.4657329003417,707.2948363030976,242.28859814207738,268.7051636969024,0.838005
1501,668.0,25438,555.9932996280229,196.52622916830242,247.985968968377,251.0639436808064,0.864851
1502,668.0,2483,65.86567151246956,648.0109992099168,300.85202011031714,327.98900079008325,0.847141
1503,668.0,12081,63.239166547305615,118.14691725687764,231.8986605543587,426.655440900793,0.812807
1504,668.0,22627,435.1470842984454,778.8258194659821,491.09918335574355,197.17418053401792,0.766438
1505,670.0,3483,124.1932728062922,271.0726852033605,272.5451206226445,190.39748562760087,0.90628
1506,670.0,35206,133.76112151026126,726.3219383661472,246.94253056971874,249.6780616338528,0.946312
1507,670.0,22347,680.4816305649341,847.702773204401,217.6454915569056,128.29722679559902,0.918557
1508,670.0,25469,573.4284066818467,187.27731583945115,331.33433893098305,286.84443104806263,0.867576
1509,672.0,35206,612.5548880879004,120.53969133079951,230.6226021464746,401.73634959465295,0.957572
1510,672.0,3483,602.7937845968122,843.8677279218357,277.7960021052528,132.13227207816433,0.888643
1511,672.0,22347,104.85061683846479,223.61280592721914,206.58811981354523,198.54975047662631,0.895286
1512,672.0,25469,85.92480284724402,829.6233419293734,346.4791647752925,146.37665807062658,0.886768
1513,674.0,16548,152.6001861418911,889.7198532334523,240.96260676551708,86.28014676654762,0.904373
1514,674.0,27926,600.8570363413749,157.57113731806004,256.32969780543334,455.05125143539965,0.927883
1515,674.0,1900,631.4948503503847,894.2502791054883,211.81313182121556,81.74972089451168,0.847161
1516,674.0,44199,134.0921283511061,293.61331820847397,288.95258396474554,149.20274606062543,0.65265
1517,675.0,16548,564.6097494920893,134.60761540858587,231.64237293645968,225.11860649070545,0.940869
1518,675.0,1900,140.7250084038356,240.74608907268274,197.8262119005673,128.96073652871294,0.87483
1519,675.0,44199,551.7354647382421,834.489036061656,290.6373597724952,141.51096393834405,0.941104
1520,675.0,27926,95.77452501459936,616.6981379063285,274.18743835142504,359.3018620936715,0.843567
1521,677.0,27926,570.7288625132499,626.9287633847952,259.33304369749146,349.0712366152048,0.888262
1522,677.0,1900,142.01156432185343,241.07091878766389,197.9906987329224,127.28572511912593,0.870964
1523,677.0,16551,613.6714560350581,15.664701548053992,302.65765748910576,451.80587783890155,0.822378
1524,677.0,18110,14.623838314458954,693.5833789307868,312.24691082364944,282.4166210692132,0.855444
1525,679.0,2483,611.2868575666417,84.97907099891547,213.1160348863458,475.6701942328831,0.892141
1526,679.0,22627,133.43953793012915,158.64472754396988,338.53855612289965,474.3179913238066,0.863805
1527,679.0,4378,598.3480807357098,700.8800840138191,223.29803497467816,275.1199159861809,0.898764
1528,679.0,5094,104.33967728351227,811.9075912398908,286.39549370387095,164.09240876010918,0.898379
1529,680.0,22627,474.16448744577383,605.7173274821373,337.550084866471,370.28267251786264,0.834052
1530,680.0,2483,83.24222261821804,677.3281357348264,239.10108940086184,298.67186426517355,0.82228
1531,680.0,5094,551.3160946333229,193.03568747055593,270.7232589338293,265.46650074714387,0.885746
1532,680.0,4378,138.8551575167095,109.90398153947227,212.22378593713194,435.7913436506262,0.897529
1533,681.0,22627,130.1479012954175,133.38677004713506,339.67569598480685,465.6511141523045,0.858309
1534,681.0,2483,616.9119311768806,53.52068507132219,223.9627556728957,481.6839904785157,0.868616
1535,681.0,5094,102.91920578539673,800.5765926801979,281.22009706736804,175.42340731980212,0.875227
1536,681.0,4378,589.1851141081382,697.7984478054334,216.22279396248837,278.20155219456655,0.865734
1537,684.0,29345,576.8430571436284,718.7582504809203,325.61501998517986,257.2417495190797,0.900804
1538,684.0,1900,181.72664669171053,267.5711493564011,130.60374197648395,199.4891345153502,0.874026
1539,684.0,16551,529.2223164160647,90.67646789550783,365.7880552665673,431.78029061322246,0.833054
1540,684.0,18110,77.12184024216542,764.8875278492069,306.4890892757244,211.11247215079305,0.861741
1541,685.0,25438,117.81814874236908,819.5480607382616,255.3226533822678,156.45193926173843,0.878054
1542,685.0,2483,582.4527437603055,116.5435437149738,289.93893478623585,446.05369836241755,0.853366
1543,685.0,12081,642.761793587076,703.0324139618994,242.35706670559836,272.96758603810065,0.817403
1544,685.0,6192,95.31470083112092,18.19457006214851,297.9202227568507,520.2521718087509,0.759918
1545,688.0,34597,97.47592201424602,185.22044525913262,463.6198227465453,398.72430021199744,0.879898
1546,688.0,3483,579.5230789567956,759.000061648575,274.7611654463726,209.14857183868563,0.903833
1547,688.0,20238,613.4820188589431,186.18483385249002,223.5294591242345,214.91524126062438,0.825711
1548,688.0,27733,86.20120235423947,726.4361538527598,321.2551875282173,249.56384614724018,0.909152
1549,692.0,3483,131.0593685744396,288.0388392156093,277.3614817863733,174.89196025905898,0.892296
1550,692.0,35206,106.28578515747685,689.3481859370094,201.14574566558375,286.6518140629907,0.921094
1551,692.0,22347,658.1889123964551,835.9839360989517,213.64351082806607,140.01606390104826,0.916983
1552,692.0,27653,671.2387618635169,254.6835324081344,220.40984340648563,200.22240306144982,0.889485
1553,694.0,35206,155.16354416123588,275.59763416692846,258.4293692890723,391.37098640173514,0.905958
1554,694.0,3351,402.830076284744,850.449352475267,188.99976782103886,125.55064752473305,0.88213
1555,694.0,19232,501.5932482235396,235.88299905594866,325.68081036284946,259.52842091315955,0.942945
1556,697.0,38162,141.1167121772191,259.7737135383951,223.91294324098516,266.2817674186361,0.958003
1557,697.0,3351,402.86573523133245,854.6384881561125,189.51483215638746,121.36151184388741,0.888723
1558,697.0,18357,601.984673428176,205.67956634981547,244.22972651342647,337.36254729457835,0.787157
1559,698.0,38162,574.1834176988458,676.1905244606824,236.339203034214,285.13540572736724,0.925568
1560,698.0,3351,346.67743748037054,172.43294237606491,179.35528380427536,187.470566869381,0.893279
1561,698.0,18357,76.60194837867316,630.2407993335819,254.0814052562618,345.75920066641805,0.703809
1562,700.0,30308,74.28084817244181,129.18313403105614,385.1800121518235,398.1559796357276,0.938551
1563,700.0,16232,616.6705171978055,172.64959962164338,186.82355840481705,182.00091261360512,0.779939
1564,700.0,3483,573.5703655607138,836.3312598760403,260.9593904581502,139.6687401239596,0.911266
1565,700.0,19861,92.1767750648997,826.8616826809829,225.8956291927165,149.13831731901706,0.878479
1566,701.0,30308,88.3297624060856,146.03767571377398,394.95882519285885,407.46604344353597,0.926492
1567,701.0,16232,645.5616912075022,175.40234750718926,190.7993087385168,186.77533503393437,0.837769
1568,701.0,3483,600.1093707060694,867.2579192348461,260.5190257930276,108.74208076515384,0.906657
1569,701.0,19861,126.43113505301166,865.4077829332208,221.67451668744107,110.59221706677918,0.863125
1570,702.0,16232,144.18871441558377,900.4432547871193,195.66713373385477,75.55674521288071,0.895203
1571,702.0,3483,150.92304800982453,219.20883117369073,247.2457864272534,221.54641171556025,0.911127
1572,702.0,30308,512.9295277044401,696.2319918685223,403.27228243267115,279.76800813147776,0.924263
1573,702.0,19861,637.944390225051,277.8076628871898,221.44420742629143,170.55935362235988,0.774532
1574,705.0,3483,593.5289150218869,871.5671098411982,257.433483334642,104.43289015880184,0.910894
1575,705.0,22347,121.30699617778836,200.4955252642608,208.28837386088153,197.0238814617521,0.903959
1576,705.0,29667,638.2664123228448,205.9263390775901,225.21130095055355,214.72166120826301,0.888222
1577,705.0,19861,119.00681837839096,864.1825178136777,223.10343917770007,111.8174821863223,0.858325
1578,706.0,2483,606.4070529650204,85.3347234294642,262.5080048067486,460.96559304088805,0.855245
1579,706.0,12778,68.51455121064306,118.88855754909804,350.63841868644994,488.85922379230135,0.863072
1580,706.0,5094,109.1745876139732,817.0331804285097,284.21339822893765,158.9668195714903,0.855183
1581,706.0,5886,604.556618235219,680.3400704081932,244.9289004838647,295.65992959180676,0.856684
1582,707.0,5094,547.7865281608238,185.94608448737827,271.1426854732646,268.12320053637325,0.896905
1583,707.0,2483,68.14788975547906,691.0568225036315,255.79318221969226,284.9431774963685,0.843851
1584,707.0,5886,113.02295888009382,87.40628584665271,235.443679272829,472.30823965408086,0.883581
1585,707.0,12778,528.846420518118,632.4051808112831,359.4324810085584,343.5948191887169,0.916155
1586,708.0,2483,619.4799534783292,51.59597452441651,250.742600024046,470.8020100809221,0.848519
1587,708.0,12778,64.028696050596,85.45294542168851,349.44710429589355,488.30629419681406,0.914525
1588,708.0,5094,106.44646143314228,806.0079143274968,278.9002243885443,169.99208567250318,0.820706
1589,708.0,5886,596.5371645826791,681.4404450229664,234.89025449513179,294.5595549770336,0.879607
1590,710.0,16262,562.8655064261739,216.52288772352978,239.2388409945235,229.2199927861966,0.897928
1591,710.0,3483,579.1991920662884,759.0004312333151,275.30149557602454,208.46093872683724,0.90319
1592,710.0,28763,158.05078140335465,233.22330877409507,209.37449392960895,201.35593985552765,0.914076
1593,710.0,27733,86.53558403283506,726.815792524635,321.612534719496,249.1842074753651,0.909659
1594,712.0,12778,109.53411470346113,113.05071354391585,287.32209754828835,529.1312464421718,0.926978
1595,712.0,2483,625.9001924907741,105.5355060136498,224.283221834269,462.56494263308736,0.868831
1596,712.0,5094,134.3899048464981,843.1027080593396,284.78964908158963,132.89729194066035,0.843013
1597,712.0,13395,639.4781371456894,674.7976153963175,242.50600598205878,301.2023846036825,0.830739
1598,713.0,13395,80.04986706450956,80.0038197963082,231.0309149200593,489.3949770520081,0.850833
1599,713.0,12778,547.795520571608,596.8035235381008,284.8684348868366,379.1964764618993,0.905846
1600,713.0,2483,81.57367955500158,657.7961373640665,217.5998403271239,318.2038626359336,0.787513
1601,713.0,5094,523.5222879534391,161.55000726901105,268.3978940110709,267.7416355765645,0.871801
1602,714.0,12778,107.89155302574885,86.70801678374784,286.51098847509036,522.1883532653502,0.907946
1603,714.0,13395,630.8237553122055,673.534594051802,232.39453401038395,302.46540594819805,0.843938
1604,714.0,2483,638.1310096625707,69.07929536445656,216.81833207786994,472.7284191649164,0.882687
1605,714.0,5094,132.24613308547129,833.9339400248313,279.8303001825534,142.0660599751687,0.851103
1606,716.0,19552,99.22559751577711,145.5574290980047,320.00425620534304,484.0136378302646,0.937976
1607,716.0,2483,586.9501631080205,103.3239420215089,233.5315809393648,470.74416976238626,0.88087
1608,716.0,3743,118.02027962076005,796.6275165500352,330.1859386961664,179.37248344996473,0.84956
1609,716.0,12081,610.0261537178078,714.1898463263583,242.3211173052763,261.81015367364165,0.809547
1610,717.0,2483,89.58606873325367,664.4626145866049,257.8284246550134,311.53738541339516,0.854308
1611,717.0,19552,523.7259849663355,608.1524725679177,323.9490114144944,367.8475274320823,0.947056
1612,717.0,12081,110.62780616031822,110.46577388437551,225.89638507785503,427.47410851866755,0.829847
1613,717.0,3743,493.1506924269786,165.3123824536501,318.5389852092494,302.539347739675,0.846946
1614,719.0,31705,607.2706666879319,690.2603842577143,253.30234209376968,285.73961574228565,0.857961
1615,719.0,16548,552.6379173700534,181.61633699503378,232.81322996820037,227.14306517941267,0.957229
1616,719.0,1900,122.8436551118017,260.61871767283685,199.02322694404637,147.0836175506438,0.893204
1617,719.0,21771,92.5181169366118,810.3081116029365,194.04732333235998,165.69188839706348,0.907957
1618,720.0,31705,123.98753993355449,133.94786133119212,245.9275745794401,421.69655283252206,0.871382
1619,720.0,16548,165.1278930357353,841.1669372865304,242.51173239856516,134.8330627134696,0.933419
1620,720.0,21771,674.0336901794127,286.8512887619248,187.7762340756516,180.42728857299193,0.909794
1621,720.0,1900,647.002094518,856.3699435900204,210.59679286324211,119.63005640997957,0.849227
1622,721.0,31885,67.20137955555364,162.2729275957424,449.5594284594359,464.0255392256693,0.938162
1623,721.0,3483,578.5119297660176,759.0325010673486,276.2636528590217,207.97779455137004,0.902313
1624,721.0,27733,87.50669872341442,726.4308898005654,321.27517914891837,249.56911019943462,0.905985
1625,721.0,35206,569.0019393230804,118.45835443237918,251.71606629338095,380.32329448144037,0.932066
1626,724.0,31705,572.8749478594143,673.9044824341433,254.23881461752117,302.09551756585665,0.862906
1627,724.0,16548,106.491530720313,735.7091233143256,237.82390943364288,232.63791246270404,0.95596
1628,724.0,3544,133.60595043699945,177.18861051779894,202.17575594648048,199.28296013453505,0.845921
1629,724.0,10221,578.1189651872644,166.36106657862064,218.8433739743641,213.77719660619996,0.873747
1630,725.0,16548,617.934677967474,301.0816326812284,232.64970543636153,225.52355481631795,0.853913
1631,725.0,31705,146.8783229655357,149.32346685208267,252.09988794374704,418.3446521854879,0.863147
1632,725.0,3544,635.8757584921678,883.8275462394982,215.1357274654523,92.17245376050171,0.874071
1633,725.0,10221,150.66804542733198,873.5642568310301,231.4756751899145,102.43574316896992,0.911099
1634,726.0,31705,602.148097972774,712.2420010207287,252.50590568810856,263.75799897927135,0.872502
1635,726.0,16548,139.59928786694704,774.7908263853446,234.77666538564398,201.20917361465533,0.956212
1636,726.0,10221,607.14080749205,170.80977120710978,221.94682887091702,216.41992616893057,0.866438
1637,726.0,3544,149.1287887036501,182.4372915910117,208.37735085032097,201.07152216158914,0.85858
1638,727.0,16232,601.5468875750825,213.62874921482413,186.04027216158903,181.86486202987595,0.859384
1639,727.0,25367,35.90351984608713,154.32233386782545,413.72546463396077,447.607139855773,0.903097
1640,727.0,25469,12.654437764805166,812.0094408198219,383.9795269990087,163.99055918017814,0.903183
1641,727.0,3483,575.0572908487752,810.7861582693743,280.2979859011857,165.21384173062575,0.884565
1642,728.0,16232,628.2092512121152,220.57560239245544,191.99032638779835,187.49374612012696,0.893938
1643,728.0,25367,50.532676543422674,176.92965728913123,424.25329436489096,449.3807742631614,0.917478
1644,728.0,25469,48.46016880974698,855.1876555016293,375.8236363089864,120.81234449837078,0.896397
1645,728.0,3483,603.3677358962782,843.6147240106784,277.54515466737985,132.38527598932166,0.88905
1646,731.0,16548,118.90080284233667,769.4533663802412,239.51068345266373,206.54663361975884,0.919925
1647,731.0,29871,604.0856145350778,772.1625749597598,204.7065558505419,203.83742504024016,0.840802
1648,731.0,3544,101.28548128521021,160.48250514658253,204.2964334152452,199.06143157805627,0.815985
1649,731.0,4543,609.6810403948454,141.52381459911865,205.8961491417046,197.98278915942015,0.855437
1650,732.0,16548,606.0873299603486,265.1395111850758,231.88843908262015,223.11572250289532,0.722231
1651,732.0,3544,667.9218176453555,898.1243890350188,216.03092979546176,77.87561096498123,0.872831
1652,732.0,4543,130.88431276867738,914.621847641528,215.39512350571215,61.37815235847202,0.888862
1653,732.0,29871,167.2997563041035,277.0642220195215,205.11378939067896,210.78999735003137,0.805641
1654,738.0,31705,140.16593902434536,641.9168511012091,250.787278448517,334.0831488987909,0.875038
1655,738.0,44199,605.4912026563482,770.1906867099168,169.39835039455096,205.8093132900832,0.927531
1656,738.0,16551,587.348538346027,90.35084096630614,290.2368194733434,460.92941038812216,0.836087
1657,738.0,1900,88.23370917238783,259.3301135499274,200.3778879750314,126.75800327320194,0.866577
1658,740.0,1900,645.3570019899302,828.0863895895493,169.258505663081,147.9136104104507,0.882251
1659,740.0,19607,656.1822761267273,272.5013326520297,157.03093378268306,150.44477882576945,0.697569
1660,740.0,31705,133.2116948420079,127.42929238170834,243.2420194999657,422.4546613070235,0.851222
1661,740.0,16548,120.11771726368659,804.0324384986455,242.04002717751365,171.96756150135442,0.92859
1662,742.0,25438,567.9162324684949,187.84588922088471,247.49883051733278,251.83559697596868,0.879545
1663,742.0,4378,78.72102980877287,104.25070278608618,224.17801486068032,433.63582898623986,0.927845
1664,742.0,2483,84.19234489555934,672.8689814428587,244.24152102063056,303.13101855714126,0.825515
1665,742.0,6192,564.1017492859806,539.2345154728721,281.74677433799854,436.7654845271279,0.827638
1666,743.0,25438,110.17560960779238,829.6981630564934,256.87301390374716,146.30183694350657,0.863102
1667,743.0,2483,613.5034977131753,70.59227154602357,239.35058961801184,464.91983691651603,0.849644
1668,743.0,4378,643.9628538198806,707.1001835348618,218.38341518382933,268.89981646513826,0.920048
1669,743.0,6192,94.68374894491993,137.15309756485064,284.1596288633107,529.5478463484413,0.818625
1670,745.0,16262,663.0827458827341,269.28720690856625,238.64396169077807,232.48594933898008,0.895914
1671,745.0,3351,351.1744320356666,890.9776776951161,192.13173993748035,85.02232230488387,0.890025
1672,745.0,32310,115.58551025390625,184.46951293945312,227.0039367675781,349.6836853027344,0.840318
1673,747.0,16262,61.76440088473373,796.4931100816583,243.6669989351052,179.50688991834164,0.889305
1674,747.0,3351,436.7673841313502,193.08683991551996,184.0996883526518,182.94040032008184,0.89455
1675,747.0,32310,633.4360366897967,736.8539125068703,241.41035530435374,239.14608749312964,0.77141
1676,750.0,16548,145.59191633828323,788.9595180492305,243.5955450163415,187.04048195076956,0.884331
1677,750.0,29345,586.4862913198807,130.27135801075693,272.9850019138663,411.02031059840215,0.965067
1678,750.0,1900,686.8628144384029,806.2000079131006,131.29388090354112,169.79999208689932,0.85441
1679,750.0,44199,172.59326010852604,202.33938031220555,169.55063364613594,267.44052783448495,0.901615
1680,752.0,6563,164.4830125204882,671.9698093740185,220.54280167009364,304.03019062598145,0.903324
1681,752.0,16548,558.4276954229153,137.50892010406034,230.40833869052307,223.67793979357236,0.958007
1682,752.0,3544,92.19223927253454,196.3136753868218,202.88194589279408,198.03017061319787,0.875603
1683,752.0,27993,547.2235263843631,776.3960255378455,313.2841925692917,199.60397446215453,0.896253
1684,754.0,3832,84.78386588551888,657.3617937097597,372.91519747786793,318.63820629024036,0.960492
1685,754.0,3351,373.6097438179667,197.64888299529875,183.58907805016293,182.42719656019355,0.878056
1686,754.0,29667,625.8405504082915,762.620566209956,230.04695167733195,213.37943379004398,0.909181
1687,756.0,3832,513.4483699319351,258.6356434270964,371.1237659550192,371.9177945391018,0.97284
1688,756.0,29667,124.51655425258619,318.1449390200515,228.7686093584377,226.28907430830904,0.908149
1689,756.0,3351,417.6363341365028,889.9036478780622,188.67156338332285,86.09635212193778,0.884084
1690,758.0,31885,560.8470550997173,654.4022633921561,341.2435216855763,321.59773660784396,0.910729
1691,758.0,3483,153.57871219500825,218.20305453353194,246.45390051453558,222.02565201802466,0.915391
1692,758.0,36637,94.08502929534149,907.5696276180709,276.1773408669323,68.43037238192915,0.890522
1693,758.0,19861,640.2774075455402,277.8631962915162,220.95904203635357,171.19273552822705,0.751091
1694,759.0,36637,592.1765155121309,194.9950791555433,257.3091734306297,154.35883917880423,0.930862
1695,759.0,3483,571.3735284086447,837.072661280033,261.1714449935224,138.92733871996694,0.912442
1696,759.0,19861,90.36327703274674,826.4368307602466,225.6804848675752,149.56316923975342,0.876966
1697,759.0,31885,76.2996465405028,31.429404503137018,326.7404700811185,529.662949451849,0.908564
1698,760.0,29345,88.42754137815541,710.6921138284195,291.488561889035,265.3078861715806,0.967171
1699,760.0,16548,581.8617927896317,201.60255056409974,232.38633474992133,227.3407973093004,0.94664
1700,760.0,1900,158.489202144757,258.36735066936245,129.2482488430924,199.43145552592057,0.859072
1701,760.0,33208,655.3478451829459,804.0575420437146,215.85366407231476,171.94245795628532,0.909437
1702,761.0,29345,125.26088607251346,751.9426367678236,285.56030794843366,224.05736323217644,0.969385
1703,761.0,1900,177.57832236745253,267.2831080451084,131.38055511934675,200.8551500790083,0.879667
1704,761.0,16548,608.2959588592375,212.08347362729174,240.00166175113839,225.64393462367988,0.95555
1705,761.0,33208,684.4103651190522,835.6983725389643,208.5669647676862,140.30162746103568,0.909767
1706,763.0,31885,498.26395052042443,640.1219000888229,455.1941290620583,335.87809991117706,0.905951
1707,763.0,3483,123.2779055264727,306.3228745963705,272.2004406799623,200.4367349135815,0.916843
1708,763.0,20238,112.53879343924211,853.8985696917204,232.6252331757665,122.1014303082796,0.843291
1709,763.0,27733,565.5691810492895,262.8356406053706,299.59801417978565,266.14135067426986,0.946212
1710,764.0,3483,608.9126823080246,789.5238524777207,273.05412714205795,186.47614752227938,0.892026
1711,764.0,31885,52.1578420322744,134.66871451373075,457.48477172851557,465.21838823634783,0.936096
1712,764.0,27733,123.83724507854211,770.4529912747331,314.13255118365265,205.5470087252669,0.89699
1713,764.0,20238,642.5351464353015,190.13190448703477,228.43857685645006,217.67549539690646,0.855367
1714,766.0,36637,165.49978070283058,797.2250534901067,190.78466198791813,178.77494650989325,0.907401
1715,766.0,3483,142.62695189816267,290.3318874033252,210.72752434045228,257.59415485631285,0.915385
1716,766.0,20877,544.0629738659115,293.6977017656642,329.05530183878375,234.34603375765548,0.914389
1717,766.0,34597,566.934518785333,731.8425964662179,409.065481214667,244.15740353378212,0.921318
1718,768.0,20877,84.92309351782104,725.5108581236259,331.67411183112824,242.01432485915905,0.937194
1719,768.0,3483,625.7714445027874,717.7393584131596,207.58928952624458,258.26064158684045,0.912567
1720,768.0,36637,603.6847902230882,203.7129194556768,180.6706496962351,247.32962066803745,0.926459
1721,768.0,34597,8.641657920339,22.991897372145147,400.474814256831,455.1307190554825,0.908228
1722,772.0,31705,172.5505540550654,686.0609081785882,247.9915025413935,289.93909182141175,0.862343
1723,772.0,1900,105.06687747054363,270.2767590086663,203.42315827182796,123.7810337699239,0.849
1724,772.0,16551,554.3846966154011,78.67910252863437,290.9993531500276,484.33310013200776,0.87876
1725,772.0,33208,638.5993725953988,878.4025290024341,211.5151302778542,97.59747099756589,0.907644
1726,773.0,31705,140.7537263649792,641.7117450656602,249.73234412418537,334.28825493433976,0.872581
1727,773.0,16551,528.393033588352,71.7907944875746,280.3174380201789,467.1830453537218,0.898164
1728,773.0,1900,87.61183519219634,259.65958883774334,200.797326552808,126.38747616868528,0.871354
1729,773.0,33208,612.8403602485082,845.2254457713373,211.70194539592487,130.7745542286628,0.899463
1730,778.0,16232,628.7639770507812,220.36389206162647,191.36867688049625,187.77135448359965,0.887265
1731,778.0,25469,49.35257659605399,855.7898418484021,375.4128865764369,120.21015815159782,0.895536
1732,778.0,30308,84.437406338639,167.85961177960112,405.14154696823965,402.3825475031407,0.918296
1733,778.0,3483,602.837078765409,843.6621995475424,278.21461494484134,132.33780045245766,0.889555
1734,779.0,16232,162.7128047463882,855.9124400076554,194.6858983638898,120.0875599923446,0.903153
1735,779.0,30308,507.978909899841,684.2132215643649,414.85366023844813,291.78677843563514,0.911211
1736,779.0,3483,124.76333510815797,271.59308996152635,272.0975947547797,190.52938275361183,0.906182
1737,779.0,25469,570.9899025155072,231.00201661383085,375.86339197206735,220.55349164033055,0.841393
1738,780.0,25469,12.017876169789377,811.8546145645219,384.5516415696647,164.1453854354781,0.901744
1739,780.0,16232,601.7382613138938,213.57710043749017,185.49237459268994,181.79633105100697,0.846749
1740,780.0,30308,70.41691113956011,148.48165172787765,394.83927235052215,393.5252615003731,0.932926
1741,780.0,3483,575.0323044666693,810.6288326397612,281.1398766292399,165.37116736023876,0.880915
1742,782.0,22074,586.6601672915358,728.0236034297465,187.89472447687658,193.5660642690994,0.940401
1743,782.0,3351,339.786637502699,181.953444897829,184.66996711462593,190.33256262391058,0.895714
1744,782.0,20014,8.375020113422643,623.8399636733471,349.27309735935535,344.0617850605568,0.880315
1745,785.0,25367,536.0154863673838,690.8020108476956,396.6027982318821,285.1979891523045,0.907754
1746,785.0,3483,131.1249091373616,287.8594841885207,276.94333913218435,175.19614521582528,0.89137
1747,785.0,35206,106.25631909394386,688.9160315738851,201.9899761257459,287.08396842611484,0.903843
1748,785.0,27653,670.3985911613734,254.60050933684533,221.25837316465123,200.75826343938928,0.891435
1749,787.0,20238,112.99552219716747,856.1910369719691,229.22208055659158,119.80896302803089,0.839697
1750,787.0,3483,151.17950454788593,218.78610030131125,246.91766434099208,221.93858912482338,0.90878
1751,787.0,19861,638.0945959043263,277.757155835329,221.2992820548052,170.74152638804372,0.769012
1752,787.0,34597,536.1815231553273,651.3998057303118,353.9981695587312,324.6001942696883,0.822207
1753,788.0,20238,616.2151455519787,186.0028958727966,220.36334995288945,212.6583027288542,0.859092
1754,788.0,3483,573.6002215668184,836.6350560787336,261.0877228549979,139.36494392126647,0.912307
1755,788.0,19861,92.389909792186,826.8913111087664,225.95470976709726,149.1086888912335,0.878406
1756,788.0,34597,100.0660942499362,62.38044679344599,337.34061573737836,495.36106159459393,0.764225
1757,797.0,27993,498.02541914896756,855.9162606857531,332.39291029120204,120.083739314247,0.956938
1758,797.0,16551,41.766907351699906,529.5714605130142,310.32163119675533,446.42853948698576,0.849955
1759,797.0,3544,146.6281419303549,191.32308001494286,204.20113982387528,197.05135471976578,0.832692
1760,797.0,4543,601.8102116417047,187.80364890553844,204.37584498419824,199.5096617272152,0.895488
1761,798.0,16551,68.53609244188472,577.7782568236692,311.83049494297654,398.2217431763309,0.877273
1762,798.0,3544,163.38603080097755,197.6001019501806,208.06279352082674,201.62986563677762,0.857275
1763,798.0,4543,630.0614722170421,193.27600603726637,210.24255401764685,200.26293055855453,0.891044
1764,798.0,27993,526.8775634765625,892.5608186194646,325.9195191656525,83.43918138053542,0.945905
1765,799.0,3483,600.7422543626334,867.5985527613653,259.32224354192846,108.40144723863462,0.909893
1766,799.0,28763,169.02794267664004,180.1952283082895,212.43433652331478,200.5806518247978,0.942015
1767,799.0,20238,644.9144320847402,188.900465002012,225.21815529061328,216.0749045520572,0.861472
1768,799.0,19861,126.53008856845261,866.1371953762956,221.57530549782606,109.8628046237044,0.868285
1769,807.0,25367,608.9083377703951,708.0597647662139,316.4669876482019,267.9402352337861,0.88554
1770,807.0,3483,158.13869763858355,214.681510580245,247.249228319331,220.45843981258832,0.905673
1771,807.0,29667,120.2900553947717,839.9218584376964,228.56881798212257,136.07814156230364,0.890651
1772,807.0,19861,644.5781504568743,277.57347252620525,223.13264166290423,171.83224180595354,0.773457
1773,808.0,6563,189.68045810718624,706.7366541570157,221.18612410195513,269.26334584298434,0.907578
1774,808.0,16551,612.7344924696725,51.12922902322894,337.6707098112633,455.0570602033606,0.853888
1775,808.0,3544,108.5227171164661,207.10920109581107,208.07632806672524,200.9240724189797,0.844183
1776,808.0,29871,630.5761249484729,826.6734947319605,171.61378793380962,149.3265052680394,0.83565
1777,810.0,6563,159.56950746469164,665.0019724476875,221.75720437208014,310.9980275523124,0.878676
1778,810.0,16551,586.5896097307827,45.647618298554534,328.07707145345876,440.2227583842062,0.852852
1779,810.0,3544,94.31624258223492,199.0068043464392,202.42332297473695,197.04706086585279,0.864511
1780,810.0,29871,604.5110832482726,789.2826485945351,176.3276376388781,186.71735140546488,0.861488
1781,815.0,20238,100.82077885153305,711.7887708194293,229.7760298072393,229.11908756428627,0.798095
1782,815.0,3351,363.0422927626413,168.85819156205838,181.42336959455486,186.36047792674304,0.898879
1783,815.0,32310,517.6206011748194,614.2493951692054,281.6373315552371,356.40148588400984,0.734383
1784,817.0,16232,648.0874572447196,230.23699851491344,192.09672753415518,182.1839256861701,0.896053
1785,817.0,30308,93.80188831731901,153.23626739655307,387.5774551468279,422.53659195636385,0.922421
1786,817.0,3483,587.1910961668696,845.7893106278462,283.674506259324,130.21068937215375,0.877329
1787,817.0,27653,94.74167694398508,851.9932959475111,221.29846636134778,124.00670405248894,0.859385
1788,818.0,16232,142.0912557630683,846.0707829921089,196.61715061820334,129.92921700789108,0.889897
1789,818.0,3483,131.4949517944949,288.374398082944,277.1721473578832,175.0134128589726,0.889081
1790,818.0,30308,521.0922428303628,674.5628521023083,390.27675302783445,301.4371478976917,0.92989
1791,818.0,27653,670.9563659974676,254.97337847378986,220.68617378886643,200.49881525854366,0.89028
1792,819.0,16232,620.5706974202066,221.50658228888582,186.56924024418976,184.15188583297348,0.892569
1793,819.0,3483,559.0945771950574,811.5219935124843,287.39680733992236,164.4780064875157,0.894651
1794,819.0,30308,81.13763523581041,137.07422120367463,373.7356038309222,410.71740661314385,0.943932
1795,819.0,27653,60.506130946940516,810.6171396533448,225.15926640956246,165.3828603466552,0.884533
1796,820.0,19552,484.8051184266057,642.2871789980175,337.5767573831069,333.71282100198255,0.942148
1797,820.0,2483,95.08982826117894,691.1820982353172,214.05460683544675,284.8179017646828,0.873132
1798,820.0,3743,481.98091915264797,149.60081136885597,316.52863883013697,304.65952228181925,0.872691
1799,820.0,4378,135.95570197177292,113.20723643854038,217.35098880020217,434.5368541928392,0.896316
1800,822.0,19552,127.98407795201592,112.90514607645162,331.06242010222013,480.2220244287845,0.939562
1801,822.0,2483,622.936754389624,70.2377295182578,196.46822736730513,468.60678192598726,0.844603
1802,822.0,3743,129.513391465997,813.3317285278935,332.62905101680275,162.66827147210654,0.860285
1803,822.0,4378,594.6395680796561,704.5494584126689,234.25856639152798,271.45054158733114,0.870909
1804,826.0,38162,180.02366944892918,205.63252166287984,245.07283817463787,254.27571504679162,0.821097
1805,826.0,18147,538.652758114302,320.5379299758067,302.17295001619436,386.0066689342711,0.944074
1806,826.0,3351,407.890870520817,860.877218735278,189.79531093578245,115.12278126472202,0.892101
1807,828.0,38162,549.4811269482177,863.6598519943468,252.07057964382466,112.34014800565322,0.949239
1808,828.0,18147,126.28155467737861,574.8110167536903,307.89673710348615,401.18898324630965,0.961828
1809,828.0,3351,382.0862759537433,237.60342169526834,184.52378362147655,182.01105664123844,0.902933
1810,829.0,36637,636.5957150866639,176.88355197618952,181.59137238929014,241.6559432906721,0.932916
1811,829.0,3483,537.585596132518,777.0929497953634,267.44081583454374,198.90705020463653,0.902828
1812,829.0,28763,97.32279182319067,169.1161276659175,207.09452720143688,199.93611934796047,0.908508
1813,829.0,27777,145.1467177041212,775.1019050943192,180.8429636739606,200.89809490568075,0.91212
1814,830.0,36637,128.3432870989469,827.672231396239,192.30865854234543,148.327768603761,0.922374
1815,830.0,3483,172.97686085149874,274.9191055681238,261.3710698266724,219.3831400655623,0.910294
1816,830.0,28763,667.1310976881479,889.5699284999215,222.13218098549376,86.43007150007845,0.933772
1817,830.0,27777,638.3794353235905,292.86834502100345,176.040734065837,195.31260903516605,0.905339
1818,831.0,3483,566.7914640340373,812.9005817049111,264.3530537207522,163.09941829508884,0.893996
1819,831.0,36637,665.6088189359887,181.04642475070665,186.6669805325455,247.6379360793224,0.931697
1820,831.0,28763,110.86585599813031,175.60950473804567,215.27161741017093,201.51234949773283,0.906513
1821,831.0,27777,177.72721195700177,812.3055263500119,176.30476709107063,163.69447364998817,0.903539
1822,832.0,16548,606.6417052302529,163.66719591917106,237.6286384927566,223.78296350833753,0.959482
1823,832.0,1900,623.1993972548288,887.232729504456,206.5364257199081,88.76727049554407,0.844783
1824,832.0,21026,137.77918553951397,867.9779089539494,180.45483413772962,108.02209104605056,0.915196
1825,832.0,18110,58.56629223080736,122.68159262499019,309.5563655067329,291.961105423357,0.844015
1826,838.0,33208,587.4250337993678,802.188911476327,214.37507299682005,173.81108852367305,0.920383
1827,838.0,1900,141.85354614257812,241.22579741358152,198.19390240386502,128.45929093097328,0.86861
1828,838.0,16548,593.0262187401853,163.4239741186401,231.35750683348397,224.70475316646713,0.944648
1829,838.0,27926,91.51199329318715,616.9481382130379,274.33327188923124,359.0518617869622,0.842807
1830,842.0,16262,152.03227724621644,804.0549865415948,251.4317583247046,171.9450134584052,0.880998
1831,842.0,3483,122.84195655554383,306.1664157273182,272.474252058633,200.4806083027443,0.916846
1832,842.0,34597,467.01771614419755,670.1727957414023,469.9687487731627,305.8272042585977,0.896219
1833,842.0,27733,565.5615660700967,262.21527682357095,299.5038415343317,266.8836087174153,0.945476
1834,851.0,22627,110.81716577731186,158.80850756467885,305.7072668027638,486.84806754720864,0.83823
1835,851.0,2483,629.8317788282232,98.74996833226191,203.2525616363066,473.25090693948255,0.849985
1836,851.0,3743,121.8450616807794,836.6181180561007,332.46805975065763,139.38188194389926,0.86134
1837,851.0,22362,606.2083148285371,738.1706631914456,275.4554007832131,237.82933680855447,0.850652
1838,855.0,12778,88.98521960081167,141.4803975167586,305.2949580667007,514.8443465496428,0.94005
1839,855.0,2483,622.847447687657,71.06194221074857,196.2740202477231,468.86399312235005,0.845211
1840,855.0,3743,129.7159005936666,813.2596570498979,332.6417852813873,162.74034295010208,0.861086
1841,855.0,4378,594.6951769344771,704.6505200563364,233.7524733040201,271.3494799436636,0.872776
1842,857.0,16262,92.31800401390498,677.0594678715845,247.10651754254673,246.87135138583537,0.890154
1843,857.0,3351,338.6109884444193,134.01520572834877,182.39794017082488,187.2440237687461,0.896139
1844,857.0,31863,574.2506367285647,745.7346274217768,208.9683761213292,213.21669044686325,0.923993
1845,858.0,3351,379.7847734767588,189.1446943426851,184.3329366559359,183.94463812286526,0.89484
1846,858.0,16262,133.21720556517943,768.8906412555943,246.1306478989184,207.10935874440565,0.896263
1847,858.0,31863,612.7031795942604,835.3536202128809,205.9597342793066,140.6463797871192,0.757787
1848,861.0,19552,68.7322247375795,99.59853014155249,350.3770813294991,462.71201466315955,0.940458
1849,861.0,25438,123.96986883728948,832.8060109507499,259.6499153788963,143.19398904925012,0.864027
1850,861.0,2483,569.9274439212666,145.81776098510127,300.76175647524735,436.7173262553,0.841222
1851,861.0,12081,654.2721066882264,710.1808247781878,250.72987588086917,265.81917522181215,0.817613
1852,862.0,34597,74.95630385049024,134.10436566990225,451.80793861887565,417.1040522129691,0.903175
1853,862.0,36637,674.0660710167048,172.5437825265242,175.39813017725336,254.48666834232202,0.908823
1854,862.0,3483,601.7550211384068,844.5569718710741,278.4641748169559,131.44302812892585,0.887711
1855,862.0,25469,87.92505795272749,829.8178545314463,343.50763338175256,146.18214546855373,0.89324
1856,864.0,36637,644.518747300958,170.15689661994054,172.41060189865337,248.30885836347258,0.894701
1857,864.0,3483,575.2596803598068,811.148206547876,279.4832260668578,164.851793452124,0.88636
1858,864.0,34597,60.30888918776009,102.3390951875466,440.5210298317761,426.19156236504784,0.89245
1859,864.0,25469,50.76799806757787,788.8669258769432,350.9697075465216,187.1330741230568,0.889555
1860,866.0,3351,306.4579079786137,172.03636920871446,184.9163453375275,189.56163822346596,0.893925
1861,866.0,16688,31.779130274326953,522.9109322245996,432.9969925616854,453.08906777540045,0.914719
1862,866.0,3832,478.41900634765625,560.0556030273438,379.62078857421875,381.5607299804688,0.84076
1863,867.0,3351,347.68389509191474,233.8610806872497,183.82516970227107,181.90054175602128,0.896093
1864,867.0,16688,71.65504371221341,622.2339845590255,434.7573573433574,353.7660154409744,0.922216
1865,867.0,3832,511.7047424316406,657.9636840820312,386.8063049316406,318.0363159179687,0.618122
1866,868.0,31885,30.30466585782305,57.254880032946716,412.2506223132263,509.76348416889135,0.922986
1867,868.0,16232,648.2174464853564,230.1294031191112,192.1121040995996,182.30500693776503,0.894682
1868,868.0,3483,586.7873805060459,845.9701047351012,283.85109783536825,130.02989526489876,0.878803
1869,868.0,27653,94.50104288839215,852.307879117266,221.2216412721567,123.69212088273395,0.860289
1870,869.0,31885,21.11066948588769,39.319124672281085,397.10714997718077,501.34888738124215,0.927048
1871,869.0,16232,620.5880485803037,221.9126235731882,186.4145842125668,183.12262668322086,0.892236
1872,869.0,3483,558.9182929417595,812.1139234993326,287.82090843622404,163.88607650066737,0.895107
1873,869.0,27653,60.14275041896495,810.2801357250117,225.7029663546001,165.71986427498828,0.885849
1874,870.0,16232,142.0972043904827,845.9218424888113,196.53707847403524,130.07815751118872,0.887369
1875,870.0,3483,131.90578502865893,287.77945053637325,277.08012382468985,175.20344689143957,0.891699
1876,870.0,31885,568.3032953463608,674.6191479860239,402.491977097401,301.3808520139761,0.901826
1877,870.0,27653,671.0525337870996,254.78603451216046,220.89068818212155,200.6370303666771,0.888348
1878,873.0,3351,344.53383832001805,225.80349846461309,183.76659481489483,180.86013218865327,0.897107
1879,873.0,18147,623.6613119307475,678.3473038409821,280.994439053176,297.6526961590178,0.879991
1880,873.0,16688,70.00979683267411,624.9716493232766,434.3009444193625,351.02835067672345,0.928257
1881,874.0,31885,147.10949906392312,150.61197942225778,436.11581359556567,474.9355169708406,0.942621
1882,874.0,20877,86.2714811162134,725.670086577909,330.8996379603094,241.2052784061912,0.942906
1883,874.0,16232,626.8402872516881,221.44207786675074,188.34817612231086,184.9881650838421,0.876852
1884,874.0,3483,626.1601403011149,717.0178995563757,207.52525720644235,258.9821004436243,0.912035
1885,875.0,31885,165.28177884355858,179.1853058781456,446.68319778825776,478.7257123017431,0.937681
1886,875.0,3483,650.9701890801665,748.2829522367697,210.28635548347197,227.71704776323034,0.909404
1887,875.0,20877,116.52851112404063,768.6366494336919,331.48611756904637,207.36335056630816,0.95004
1888,875.0,16232,655.5334282496466,231.2331733895307,192.33887086801204,180.92239249531346,0.876553
1889,878.0,36637,642.7157319802136,207.62636117599718,190.4218934025596,247.54339952325103,0.936354
1890,878.0,3483,588.586148822727,845.7504542365147,283.6955566406251,130.24954576348537,0.878334
1891,878.0,27653,95.83378344205157,852.593264479134,221.66440647451125,123.40673552086608,0.85974
1892,878.0,34597,73.45178851410373,121.94114470362062,338.0398226790691,501.12726106116526,0.847423
1893,879.0,36637,614.3169877708858,202.54104644928745,185.18359743051184,242.47585722190058,0.936414
1894,879.0,3483,560.3433442235591,811.0061964485513,287.81023157781107,164.9938035514486,0.894795
1895,879.0,27653,60.87127733470207,810.7389158315993,225.9542516200387,165.26108416840063,0.886036
1896,879.0,34597,61.39926404329999,95.71879692652716,322.8023758317957,501.33223122448186,0.790612
1897,880.0,2483,76.55210274547787,665.8211108643806,223.60011697893768,310.1788891356194,0.805362
1898,880.0,13395,65.1550087856887,90.00061890108502,234.24331481013465,481.255800946873,0.856849
1899,880.0,23223,510.13734765747677,607.1262026072746,302.8014742597265,368.87379739272535,0.807381
1900,880.0,5094,509.5861014361358,160.4938684204715,269.84745489532634,267.79994117315084,0.873989
1901,882.0,23223,127.37810063961163,95.38257407183623,300.7785061783527,502.76368598362916,0.865992
1902,882.0,2483,636.388839338293,62.0119010120181,224.91990500598695,478.0585692132537,0.870863
1903,882.0,5094,146.30840589053668,836.8225968710741,281.5499002274556,139.17740312892585,0.814685
1904,882.0,13395,641.5737418169952,670.2989888406878,239.94604829567763,305.70101115931215,0.834738
1905,883.0,16232,629.5574484973696,219.03772670419974,190.43123178146587,187.16220805872618,0.902315
1906,883.0,28763,141.8348441579234,230.30193064320625,214.81085565461584,204.91199435900205,0.938811
1907,883.0,25469,49.261901472082094,855.7749511105332,375.5091371775871,120.22504888946682,0.898911
1908,883.0,3483,602.9549980738655,843.9040720570626,278.2911284940326,132.0959279429373,0.891101
1909,886.0,35206,541.7340244312381,259.5883516091198,270.52672879779766,389.74299506566035,0.885261
1910,886.0,3351,408.1458128349266,890.4361234885365,190.56841565616173,85.56387651146348,0.882034
1911,886.0,31863,163.80665948762368,282.10047214833935,205.6126684447629,209.3047008418558,0.935277
1912,888.0,3351,380.1236040124942,206.0164077988821,185.27424491230562,182.97275309347023,0.90635
1913,888.0,35206,163.30850771803352,642.8144442304294,264.76602770934755,333.18555576957056,0.861998
1914,888.0,31863,608.6597145885678,834.9828012744385,207.54343433475975,141.01719872556146,0.67449
1915,889.0,28763,709.4764683402364,887.0966839814305,223.6353244493955,88.90331601856947,0.917059
1916,889.0,3483,142.05253271361693,291.0493121123194,210.26202346571728,257.38662090972434,0.914409
1917,889.0,20877,543.3875707885129,293.17090733207044,328.84783536824756,235.2547469402677,0.910877
1918,889.0,16232,134.68712573794267,847.0429975806768,196.04021212323823,128.9570024193232,0.891909
1919,891.0,20877,85.58401857309006,726.0625920127984,331.6727230512916,241.08503301419202,0.93735
1920,891.0,3483,626.7699048219614,717.0060219309437,207.9212870382184,258.9939780690563,0.910322
1921,891.0,16232,626.8490158924506,221.1845120377277,188.43849680531562,183.8940966428824,0.902136
1922,891.0,28763,57.01012420654297,170.5769822010443,207.5740687691387,200.8324847197413,0.912834
1923,894.0,20877,84.53381826889576,723.1555439551271,331.9607343050703,243.6347493694057,0.937997
1924,894.0,25367,22.796924725249784,25.622738842988134,418.1929217007891,441.27630584563445,0.920512
1925,894.0,3483,625.6909072339236,718.069818697982,208.19361946450988,257.930181302018,0.912261
1926,894.0,36637,603.9419074130418,204.20409328134815,180.2376742722402,246.55410413885835,0.92792
1927,895.0,16551,533.5211874803706,41.16054417979177,294.75177983422975,455.2738438898595,0.882425
1928,895.0,10221,585.6992555551193,773.4788597528659,227.48273042458393,202.52114024713413,0.926909
1929,895.0,3544,91.29821114084831,223.02696948794267,204.23287166422932,197.48316357483216,0.793351
1930,895.0,21026,101.54559885916397,821.3785219432121,180.36295667485376,154.62147805678785,0.89678
1931,896.0,16551,560.9806067691976,46.15119926414298,302.89040018206265,474.6536728748724,0.894001
1932,896.0,10221,611.2273467557515,812.0547482284469,225.12703440297187,163.94525177155307,0.882101
1933,896.0,3544,108.91822876283271,233.372313993061,207.69909077553294,199.43067495068112,0.849725
1934,896.0,21026,134.7869602375893,854.1606482117619,177.66588366331166,121.83935178823815,0.893209
1935,897.0,16551,114.33123311565151,723.1608705760246,319.4870350900008,252.8391294239754,0.791515
1936,897.0,3544,675.4775409027559,835.4620471743484,214.62128145610862,140.5379528256516,0.868807
1937,897.0,21026,677.5406178230016,284.5193648601897,176.2966925079499,172.40825495887634,0.91869
1938,897.0,10221,170.02051555691054,275.0278033539279,218.31201700948588,213.97932012356702,0.931767
1939,898.0,27926,567.676340687814,584.7657682332562,258.9184705264604,391.2342317667438,0.945311
1940,898.0,16548,73.66599457707237,778.8063379028933,238.83394956349127,197.19366209710662,0.94926
1941,898.0,3544,119.43254215873067,172.24450315542558,203.7122002223029,197.05997486210347,0.854843
1942,898.0,12247,619.5275188810263,204.02635468909492,174.32983613134027,187.3594157156633,0.930876
1943,900.0,27926,597.3097426831423,624.2821127733393,252.55682955794612,351.7178872266606,0.952849
1944,900.0,12247,646.9620551487908,204.41052874847873,178.2489001403502,189.73148073742732,0.962982
1945,900.0,16548,107.63153524734267,820.8501142185538,236.23382568359372,155.1498857814462,0.954926
1946,900.0,3544,135.1759258634481,177.91166441644256,209.13896769614672,199.76838822101232,0.83779
1947,904.0,30308,156.23210857142158,52.18775654318345,297.06403784057,476.3738535205324,0.931796
1948,904.0,3483,609.123396830343,789.745000331246,273.1076485331934,186.25499966875392,0.890184
1949,904.0,20238,643.4907100811675,189.96637898354075,227.25402157270722,217.32232972724958,0.851315
1950,904.0,27733,122.81037277911776,770.5895943953165,314.64027872516886,205.4104056046836,0.885892
1951,906.0,3483,123.25456429486297,306.11729699523,272.3037184518786,200.46897512464682,0.917502
1952,906.0,20238,112.38284719649272,854.2817530032977,232.3085439097342,121.71824699670229,0.836516
1953,906.0,30308,546.0960724030308,717.6736962399889,297.11104319203446,258.3263037600111,0.920367
1954,906.0,27733,564.6705797665084,262.4374737763524,300.43542756507134,266.05355190871353,0.945916
1955,908.0,3351,305.20290263573725,194.05708052285354,183.10561213661077,187.41153391162348,0.894368
1956,908.0,20238,114.83698571746672,715.4518852808967,230.6957840655916,229.0684682568113,0.655697
1957,908.0,31863,574.2482769069959,745.8745917698845,209.06470033271825,212.9373270159391,0.91286
1958,910.0,25367,503.98244978554885,701.8143353486181,459.30915502807,274.1856646513819,0.925227
1959,910.0,3483,175.35516733140804,274.29621986887565,261.5805673263779,219.9936156919853,0.909809
1960,910.0,29667,126.37529988504534,879.3090921526577,231.90655448568535,96.69090784734227,0.911582
1961,910.0,27777,640.3628782339431,294.7404185539514,175.16636803401795,196.50092948261812,0.897249
1962,912.0,25367,33.486667422193975,107.8764120897456,433.359768814777,424.0445538238065,0.789106
1963,912.0,27777,142.53534602639664,773.3167718475189,180.20091017526602,202.68322815248115,0.908615
1964,912.0,3483,535.6929210873706,778.6086812235003,267.65056268893284,197.3913187764997,0.902223
1965,912.0,29667,600.6578363006438,161.55256829189898,218.84184901558575,214.05347737834677,0.900635
1966,914.0,3351,369.21650596120253,124.16095488275114,183.66761526749954,188.25726763087903,0.89578
1967,914.0,13900,554.757750851425,709.1963623660295,206.7782853476367,248.1479384839234,0.843253
1968,914.0,35206,44.66213607788086,613.2958984375,342.4912719726563,354.54156494140625,0.946933
1969,915.0,13900,595.2975310512523,797.1590039430553,199.15618467091306,178.84099605694476,0.86107
1970,915.0,3351,412.14941666952933,180.08059953085743,183.93936770645212,182.42012399644705,0.88686
1971,915.0,35206,91.67234802246094,709.0567626953125,330.962890625,266.94323730468756,0.938954
1972,916.0,16232,141.64678932074926,892.5214233398436,196.90917240315343,83.47857666015634,0.909295
1973,916.0,25367,501.1226157950397,680.64832800477,462.2517447160117,295.3516719952301,0.888052
1974,916.0,3483,122.88810503782341,306.6779260683299,272.6678575678686,199.5574837689424,0.917209
1975,916.0,27733,565.3639698124412,262.5812365661314,299.7256258097127,265.78708483825375,0.946238
1976,919.0,3483,122.27957049805912,307.3916027893373,271.67767671364635,200.4455889984591,0.915085
1977,919.0,27733,564.2145646445116,262.5013239108138,300.5506094927764,266.38368462797376,0.943957
1978,919.0,30308,488.15905040951833,676.1577718916849,374.1492887717395,299.84222810831506,0.934815
1979,919.0,36637,102.20993482886846,882.208793601798,266.4821766608923,93.79120639820195,0.903048
1980,920.0,3483,580.9110923268687,758.1137321127121,275.7985066936245,208.5954329140821,0.902486
1981,920.0,36637,591.9800166604507,203.60508244960153,252.7441568805944,169.55066194007145,0.896035
1982,920.0,30308,126.69980134436832,122.43912667125912,363.44798485837384,425.8414380250864,0.940902
1983,920.0,27733,87.87305852995446,725.3028947839784,320.9066801598324,250.69710521602158,0.911453
1984,923.0,25367,540.8766550035332,709.0000116549546,432.93754600639915,266.99998834504544,0.866784
1985,923.0,3483,143.5603638462086,290.4075199299722,210.12542854960842,257.0480105912865,0.916047
1986,923.0,20877,543.3286494729507,292.14028853986736,331.62497669009105,235.7947942839196,0.918974
1987,923.0,16262,109.58325080296503,834.9954278840493,249.54669549836586,141.00457211595077,0.881845
1988,925.0,16232,143.91522699864066,900.3939583169755,196.7915933886964,75.60604168302453,0.894403
1989,925.0,34597,484.197022404503,626.9453720016096,443.3171693428077,349.0546279983904,0.909032
1990,925.0,3483,150.84927260815797,218.97275761743288,247.34207966100035,222.20647181218598,0.911648
1991,925.0,19861,638.7050891665358,277.51996340344294,220.83382979349878,171.06001473431616,0.76926
1992,927.0,16232,616.3975026499686,171.920035280774,187.16052552803086,182.86088316644253,0.754065
1993,927.0,3483,573.4333032962666,836.2734442476052,261.4517497153737,139.72655575239483,0.911976
1994,927.0,19861,92.16613712023252,826.6823960500747,225.99708871505968,149.31760394992534,0.878924
1995,927.0,34597,66.53980335638151,140.63831471198765,419.21066422198885,440.9160982831638,0.908661
1996,929.0,31885,28.809183484944867,40.446000947425105,412.70658989527715,486.8269564374607,0.924312
1997,929.0,16232,601.5678275410255,213.51503642479975,185.8976906627865,181.74444150685068,0.840893
1998,929.0,25469,12.104397275340018,812.0829406431573,384.47003127821733,163.9170593568428,0.904335
1999,929.0,3483,576.3867932803666,810.4935038964353,278.931683564306,165.50649610356467,0.885666
2000,930.0,31885,534.3780112721812,686.282884147299,431.5939610160178,289.71711585270106,0.901924
2001,930.0,16232,164.22388186047425,855.715520044068,194.2187958530445,120.28447995593203,0.903649
2002,930.0,3483,124.83552447755132,271.675874336281,271.7730004392078,190.34318657496468,0.905329
2003,930.0,25469,571.4736199307082,231.3030135571657,375.4991930477582,220.32109483881814,0.840368
2004,931.0,1900,177.53066050467183,267.2990488023614,131.27577201804922,200.34581492054997,0.876412
2005,931.0,29345,575.9248427194567,718.3058376599795,326.97505195656015,257.69416234002045,0.897115
2006,931.0,19607,166.9081570419235,917.4528974216789,157.77963371851936,58.54710257832111,0.942338
2007,931.0,16551,475.87239389084095,244.60483876904055,487.37843483776294,263.9924998834503,0.873713
2008,932.0,29345,547.1522140119542,681.5123797086015,330.1284848313835,294.4876202913984,0.900547
2009,932.0,19607,132.2030933322619,884.6497029826868,160.4343014050968,91.35029701731315,0.9374
2010,932.0,1900,158.52916299637837,258.7669351088941,129.0753744307475,198.97631651911902,0.856577
2011,932.0,16551,448.6877148498842,222.18219216504883,479.70557576088436,267.6089376324984,0.865647
2012,933.0,19607,667.0016620578479,251.45399958164847,155.2543344162217,153.6258971247841,0.947112
2013,933.0,29345,115.0500585278075,166.32994386299168,312.544377926007,401.1867967155112,0.904107
2014,933.0,1900,686.9369782874332,805.9327769830599,130.69166940660352,170.06722301694015,0.85689
2015,933.0,16551,19.511179027844914,733.9887744385993,499.6037885963018,242.01122556140072,0.882111
2016,936.0,19552,114.8159508633254,201.49223151278858,314.61337356950764,482.3618843423661,0.941488
2017,936.0,25438,109.53893000157035,841.6062833699748,261.6018935927194,134.39371663002518,0.875487
2018,936.0,2483,600.8635183363104,102.75114732291829,250.34462442829374,457.0721607304099,0.870312
2019,936.0,4378,654.9723059879475,706.8054689953675,218.318883234532,269.1945310046325,0.922694
2020,937.0,2483,622.0327065625982,71.1496988804496,197.3339788542322,467.9138284807829,0.849594
2021,937.0,3743,129.62644429422505,813.377138377434,332.8523143979173,162.62286162256598,0.850066
2022,937.0,6192,125.70530271290535,101.83056912829528,292.9070621663003,530.8715225296405,0.822822
2023,937.0,4378,594.6224129068192,704.3028144261345,234.2789644020886,271.6971855738655,0.879046
2024,938.0,2483,631.9349009451555,36.28198086915903,198.01458954930916,478.34542447957546,0.848185
2025,938.0,3743,129.400765500476,804.062711322727,326.38181017391645,171.93728867727305,0.88106
2026,938.0,4378,585.4255935438913,704.09566662659,226.5506242148242,271.90433337341005,0.866058
2027,938.0,6192,124.73979002986121,74.3207088067903,293.41400913257695,529.6651500912767,0.796052
2028,940.0,18147,205.72518706201907,225.02437457367404,215.84017990342335,422.58670089951715,0.896853
2029,940.0,3351,421.65768585971847,899.4662432646631,191.7082815505752,76.53375673533685,0.881696
2030,940.0,16232,644.6578136041535,322.43768187863145,189.96823442161983,188.64921040750625,0.838344
2031,941.0,18147,515.5512351798053,552.1250932396356,215.359340341846,423.8749067603644,0.877515
2032,941.0,16232,90.37360274731812,712.3496201098266,193.805758528973,193.41722528658912,0.82507
2033,941.0,3351,326.2420968673936,142.0518439211438,185.70940748051783,189.04076496680176,0.897306
2034,942.0,3351,367.70984438795546,200.37107979472557,185.1293006781956,182.23135590673093,0.899487
2035,942.0,18147,552.2361477799153,643.5691059055041,220.85770895493084,332.4308940944959,0.87081
2036,942.0,16232,132.41773649436144,799.8011496079027,192.4284955508745,176.19885039209723,0.839058
2037,945.0,25367,627.5374958287531,640.6361406029168,321.08446621535427,335.3638593970832,0.932211
2038,945.0,3483,151.0669665312647,218.81022797397634,247.02347468850598,222.33047661709423,0.911197
2039,945.0,20238,112.87366224892773,856.2851961222127,229.14144851454546,119.71480387778726,0.838306
2040,945.0,19861,637.9164088263583,278.25569743247485,221.54874408664412,170.47415130461883,0.778314
2041,947.0,28763,593.572023324631,887.1295708891134,223.1867648177411,88.8704291108865,0.957587
2042,947.0,16232,141.64916302091513,846.1518336923876,196.30126508396472,129.84816630761236,0.889792
2043,947.0,3483,131.52684695756614,287.6205395262445,276.86065336447876,175.01051736956262,0.89149
2044,947.0,27653,670.8592090702537,254.78782462115265,220.87479573158745,199.920128137023,0.88992
2045,948.0,16232,648.1959835800094,230.11235537121644,192.89052102553782,182.15234934744524,0.893779
2046,948.0,28763,186.1864535844506,177.94798485837387,210.05084956950276,202.58294601057045,0.921776
2047,948.0,3483,587.4268620936715,845.7149716477898,283.72088009628214,130.28502835221025,0.874908
2048,948.0,27653,94.7434983756674,852.2933598043932,221.59963421845555,123.70664019560681,0.860054
2049,949.0,3483,141.93533639572377,290.5040137516195,211.2000357469722,257.7643452553294,0.915537
2050,949.0,20877,542.0409450818546,292.29872215692717,332.036684582581,235.5810054606529,0.910109
2051,949.0,16262,110.11367932036893,833.7710175634029,248.9745386785,142.22898243659708,0.883144
2052,949.0,30308,497.4741789084583,723.5037510550801,422.99750537968157,252.4962489449199,0.918635
2053,950.0,20877,85.68650994228958,725.6764422086015,331.0988821671836,241.70546304520647,0.939884
2054,950.0,16262,602.0346964927176,185.03785030805886,237.0871989954655,231.31937327936066,0.879947
2055,950.0,3483,626.0195432116639,717.8501921227231,207.4694821151656,258.1498078772769,0.910936
2056,950.0,30308,71.42352003548014,116.35176067256448,403.27173449645693,386.19298610974795,0.931373
2057,951.0,20877,118.21684368651118,768.0149882714352,329.22263922763227,207.98501172856479,0.949557
2058,951.0,3483,650.3202873498351,749.7442111681454,210.88681290976368,226.25578883185457,0.90896
2059,951.0,16262,630.2451454047582,190.26344728709466,243.7252645061244,234.18621266427354,0.848525
2060,951.0,30308,84.21287897004555,136.91592092849498,417.07830810546875,390.16022311263356,0.917215
2061,952.0,16262,165.12407228096043,834.3547268201357,251.5501637674456,141.64527317986423,0.89784
2062,952.0,30308,556.806766069115,646.0887739478643,387.8676033978486,329.91122605213576,0.925294
2063,952.0,3483,125.43778650485093,271.1352801298975,271.21603439561085,190.8300144828145,0.905155
2064,952.0,25469,571.7150538458897,231.08680019666204,377.0340484159075,218.6663943343426,0.841706
2065,953.0,30308,45.51694191400728,161.01710418241106,377.63009536206425,414.8657935061048,0.945886
2066,953.0,25469,12.031877052843871,812.045901197884,384.4963535328008,163.95409880211608,0.904724
2067,953.0,3483,575.5211647838803,810.5005852013977,279.4301487908291,165.49941479860232,0.884514
2068,953.0,16262,545.5213107775204,188.26350080787236,239.8875211016017,228.38135294698586,0.886898
2069,954.0,25469,48.413554934401006,855.4448229919126,375.49321267592853,120.55517700808736,0.897913
2070,954.0,16262,572.87177372458,195.4538284378435,244.13848232863523,230.50865717748903,0.855018
2071,954.0,30308,60.05157974856583,181.31113123294696,382.9351026065385,426.50331798150916,0.934498
2072,954.0,3483,602.684704957895,843.8188795540201,278.08652638190955,132.18112044597993,0.888672
2073,956.0,27926,597.3859964495329,670.4344062230095,257.4106132468984,305.5655937769904,0.914951
2074,956.0,19607,142.3638324066622,861.9944730979114,158.79793284047193,114.00552690208855,0.945566
2075,956.0,1900,156.9188666415574,249.92780614498272,205.4639222418244,126.08984681709329,0.877446
2076,956.0,16551,593.9152672542399,0.0,312.9258067068742,442.52870523270656,0.86855
2077,957.0,19607,689.9695667669401,299.6255312205559,156.0868695896474,147.77287637528468,0.914191
2078,957.0,27926,143.00551064649417,145.0389191133892,262.6701092743994,456.32932592037326,0.910531
2079,957.0,16551,77.5767865204931,785.2485008048052,314.35944661662796,190.75149919519478,0.899449
2080,957.0,1900,629.5881807720242,894.2951454661,211.5678128189777,81.70485453389998,0.844011
2081,962.0,29451,471.07730179216395,779.131629215413,404.9505498684831,196.868370784587,0.970328
2082,962.0,19607,143.04578978572061,847.1065268971812,160.4250176204509,128.89347310281883,0.95482
2083,962.0,1900,148.91072626928587,241.6473410141528,179.91085401372092,179.94104494641178,0.845477
2084,962.0,16551,625.9684598529758,109.7771215774306,279.4498272613066,467.8829502124883,0.915106
2085,966.0,31705,133.85785264825103,127.0224069183196,243.34558182146077,423.29762076373083,0.856919
2086,966.0,16548,123.45735804878885,853.4072158276737,247.28092519482175,122.59278417232638,0.936877
2087,966.0,1900,654.6161235253414,902.752255233688,214.8975676723461,73.247744766312,0.848344
2088,966.0,18110,610.6670722386345,215.791034104237,299.73686639987034,289.4947353343867,0.867728
2089,967.0,29667,586.8250229418577,305.2117682222146,229.87825663964358,224.29513641817482,0.921733
2090,967.0,3351,407.2755390723147,886.5652392210073,187.99694180129165,89.43476077899268,0.883973
2091,967.0,41768,126.83053159474127,297.4132897458484,258.07417780430467,299.60877369636273,0.940975
2092,968.0,29667,112.50385127235299,697.8417643638113,231.99965426191014,231.7667150449513,0.912476
2093,968.0,3351,342.08562542325893,154.78712379033846,182.89631982544557,189.6176359090373,0.89099
2094,968.0,41768,559.4702433677174,617.319733432789,265.9859134539887,311.5370060139565,0.743309
2095,972.0,27926,571.4174550118757,626.5172842974639,259.8615673582757,349.4827157025361,0.896871
2096,972.0,1900,142.3822515286393,241.92755709700847,197.42881475860747,127.08410184467257,0.869865
2097,972.0,16551,571.8812945955362,17.370647047033263,330.6308164356941,431.51135376589974,0.827146
2098,972.0,21771,126.51018271134726,774.0382386787452,192.828558993699,190.08192972921253,0.930179
2099,973.0,29345,611.7955874342415,714.002965265782,288.8358436469457,261.99703473421806,0.946117
2100,973.0,1900,181.74526678497466,267.4339794369798,130.52391343619956,199.35358018731358,0.871526
2101,973.0,16551,570.0711357078361,82.6718529169284,307.37736135511534,472.81361918233745,0.807635
2102,973.0,21771,183.5514481127562,884.733188034901,189.86205464272044,91.26681196509897,0.899008
2103,974.0,29345,583.6794869120996,677.6687419642157,291.1243154247802,298.33125803578434,0.94253
2104,974.0,1900,162.95872620242324,256.0702987747575,126.78146600004418,199.93242603091147,0.864936
2105,974.0,16551,542.8248576255301,73.61348183790042,298.2541191062736,457.7322176065875,0.820114
2106,974.0,21771,149.40401516248232,850.9228086231941,194.97473497246983,125.07719137680589,0.911642
2107,975.0,29345,116.39181104497095,154.74127918032548,272.18076834367145,413.50417784110977,0.946676
2108,975.0,16551,104.71035045834641,686.7776443251414,320.122767156093,289.22235567485865,0.886936
2109,975.0,1900,684.765717626217,806.37484480508,130.79761478289882,169.62515519491996,0.863787
2110,975.0,21771,618.5568976474168,250.7814120192025,187.36599470742385,181.914851279714,0.814887
2111,979.0,22074,583.696630429982,709.447999887131,189.3787532020454,193.85094417399495,0.934213
2112,979.0,3351,393.2846064735298,157.13799742118798,181.90162190959688,188.8640454162904,0.895995
2113,979.0,18357,68.38617924829224,548.6638987172189,290.0591192964333,339.3840813564895,0.652292
2114,980.0,22074,170.15688734198335,312.54195768270057,186.79147200847993,189.46256014569917,0.932827
2115,980.0,3351,353.6586372720536,873.2911499636856,190.70782976773515,102.70885003631435,0.8863
2116,980.0,18357,574.0654947098776,305.94623906887955,287.3485199434673,322.18916696519705,0.601682
2117,982.0,23223,106.14961928937902,119.2331750380933,294.0611362169735,502.462419212763,0.858797
2118,982.0,2483,662.0647098407075,108.36194714110101,214.1935900204146,477.69189790505254,0.871633
2119,982.0,3743,116.14391794636022,838.189225853388,330.75249017303315,137.81077414661198,0.843468
2120,982.0,13395,636.3894208591787,673.5224041962744,240.7314940792832,302.47759580372565,0.850822
2121,983.0,23223,102.63034226307317,84.30783759649077,296.8321899720772,506.286445349305,0.854085
2122,983.0,13395,628.5119079896554,672.8604027829577,229.90849940621075,303.13959721704225,0.839043
2123,983.0,2483,672.7179270988732,82.35873926824061,205.12714696529528,482.0594537629553,0.854696
2124,983.0,3743,115.37496169967268,829.0418394462547,323.1662361490067,146.9581605537453,0.86772
2125,984.0,3743,496.0721759125216,127.02021061116127,315.2358353964649,304.0860572699926,0.872479
2126,984.0,2483,61.334837985398195,645.3852931650439,203.36093952428158,330.61470683495605,0.850781
2127,984.0,23223,541.7479886002277,617.2185445047503,293.1157183623194,358.7814554952497,0.806612
2128,984.0,13395,83.07065720294588,79.6603673810336,230.23537103854235,487.5573988104585,0.840155
2129,985.0,29451,523.5496387577537,804.6473695381202,420.81883538787685,171.35263046187976,0.949492
2130,985.0,16548,575.5498654159469,187.1770875250275,233.11409985719615,223.98342466114755,0.9059
2131,985.0,1900,138.96260132142646,219.26196680116894,202.0236458323109,148.9064526581884,0.829695
2132,985.0,24850,115.9776224490985,736.9289369822745,201.79827666162845,239.0710630177254,0.873816
2133,986.0,16548,142.26523486573493,837.1795301581147,241.29015300501536,138.82046984188526,0.823509
2134,986.0,29451,45.003642384131346,233.62744455002064,403.9630938199297,226.906531329131,0.946334
2135,986.0,1900,631.8718528555864,900.8387963376452,211.2876841482804,75.16120366235474,0.867921
2136,986.0,24850,645.5839751737201,256.8034540684379,192.4478250628141,270.8510900142805,0.866708
2137,988.0,3483,599.1901815596536,867.8561649801743,258.5810672625826,108.14383501982573,0.910461
2138,988.0,36637,618.2630532422857,200.68156088057472,266.35496359973683,150.617527027226,0.92004
2139,988.0,22347,158.24581265090097,182.8787417771229,207.81242132905746,198.1904332913346,0.881667
2140,988.0,19861,125.63494620011679,864.9051222298012,221.0545981709083,111.0948777701987,0.862368
2141,989.0,36637,592.509442966787,194.62263688130594,257.2398144899302,153.5004606007332,0.930111
2142,989.0,3483,571.6773301321058,837.7124977303511,260.67303957531794,138.2875022696489,0.912403
2143,989.0,22347,141.62924132994073,175.84887472948236,202.91508920947513,197.47976753579917,0.91177
2144,989.0,19861,90.4148276247571,826.621693366736,225.58045476405465,149.37830663326395,0.877466
2145,990.0,3483,152.91896126138505,217.85901346637976,247.22654563098695,221.2801994438746,0.909633
2146,990.0,22347,626.9125774134343,888.1320043209209,214.70150956197003,87.86799567907903,0.914638
2147,990.0,36637,93.5746761302852,907.3471017195352,277.01806180561016,68.65289828046484,0.895116
2148,990.0,19861,640.827971645336,276.96883955912375,220.3192963719968,171.34517497153738,0.758474
2149,991.0,16548,571.4407382370839,220.2023066995132,233.8172616623154,226.47721916467103,0.952103
2150,991.0,10221,585.6528519673564,773.2538120902364,227.39925334681217,202.74618790976365,0.925191
2151,991.0,3544,91.34236555243257,222.79873097482042,204.07123937558885,197.40270727723092,0.797255
2152,991.0,21026,101.01407868658478,820.7252773879161,180.22883659631162,155.2747226120839,0.901837
2153,993.0,16548,600.4902141321843,232.04644369000766,237.55612197952667,227.07831661665261,0.955398
2154,993.0,3544,109.63882530634126,233.64454382508242,207.70430498746174,199.42345577987598,0.847686
2155,993.0,10221,611.0759648462038,811.9455541869504,225.82162398908594,164.05444581304965,0.881859
2156,993.0,21026,134.73269868016843,853.6904247801508,177.74298525096182,122.30957521984922,0.896672
2157,994.0,16262,117.74436735987065,846.1577553293812,249.0609136226788,129.84224467061875,0.899138
2158,994.0,3483,131.2696307771769,288.1337251136051,277.11387779964275,174.80483242015748,0.890806
2159,994.0,30308,503.79540693580213,752.2667978564699,393.3973393272514,223.73320214353004,0.9303
2160,994.0,27653,670.668289567957,254.95668873235812,221.13650129308652,200.4511906609463,0.889827
2161,996.0,16262,621.2104961452771,182.19667942679706,244.27004590825214,232.7197849139496,0.864884
2162,996.0,30308,107.56713759839235,77.05808380740372,389.73787670039655,421.4772095033272,0.937996
2163,996.0,3483,587.459758816053,845.6332998611222,283.5925026131634,130.36670013887786,0.877099
2164,996.0,27653,94.90915511241509,851.5122570248705,221.9956734048661,124.4877429751296,0.859253
2165,997.0,1900,149.54273910139077,241.28367430720496,180.6922531511316,179.38171885121406,0.853043
2166,997.0,29451,456.61740771729745,808.9844602651932,423.8050895959288,167.0155397348068,0.964981
2167,997.0,16551,589.1662450435773,61.23098327406688,279.25845812313526,468.71085070126026,0.888416
2168,997.0,21771,122.8760014442942,806.5807804893609,194.7096536147535,169.4192195106391,0.883308
2169,998.0,29451,488.9824139005575,848.0980292085428,416.10059728574504,127.90197079145723,0.968384
2170,998.0,1900,167.71877238978095,247.14614576790197,182.99771777589112,181.73678159474133,0.812727
2171,998.0,16551,618.0975657707482,70.2571782634486,285.2691377419324,484.1253298658821,0.886957
2172,998.0,21771,157.55014850865658,842.4363740700574,191.48731434884382,133.56362592994265,0.824498
2173,999.0,1900,643.3383157241283,845.6620596880889,189.07985698757471,130.3379403119111,0.856557
2174,999.0,16551,78.48412844403904,687.209153678549,294.36254376742113,288.790846321451,0.79805
2175,999.0,29451,109.60540135062517,236.82671183677175,402.63599614282356,219.77427266949982,0.961332
2176,999.0,21771,644.3023445474442,291.55330899492577,188.73071595771833,181.43390536667712,0.922444
2177,1003.0,16232,647.8748546197787,184.69026069066035,192.40360953939614,180.4938908102524,0.867789
2178,1003.0,3483,608.5813304191857,790.3180646273358,273.401917117325,185.6819353726641,0.892208
2179,1003.0,27733,122.30964875341061,768.1392386738379,315.4157555354899,207.86076132616205,0.889497
2180,1003.0,34597,38.4008882608845,160.29462643723988,446.54440982377713,416.66324051900114,0.910161
2181,1004.0,34597,511.56703101690084,659.6817341713449,456.24360357696685,316.318265828655,0.904721
2182,1004.0,16232,141.77051709045716,892.5979381158724,196.71548745620188,83.40206188412765,0.908483
2183,1004.0,3483,123.2076245791948,305.9394097256301,272.3290750321431,200.68690360371187,0.918465
2184,1004.0,27733,565.3646194227975,262.51165802155305,299.77700667644865,266.53289488212545,0.944987
2185,1005.0,16232,619.4629630084014,178.40312923258873,187.43516134137485,182.65779658178587,0.872882
2186,1005.0,3483,578.2402061577419,759.574953932259,276.18769077320195,208.25444299132377,0.905646
2187,1005.0,34597,22.71993606414028,123.05480750002452,440.3036742857353,427.49944148231384,0.88885
2188,1005.0,27733,86.57938220153503,726.6450146239007,321.3306295883715,249.3549853760993,0.909451
2189,1006.0,25367,43.82622154274179,175.39093615661315,449.34528001948223,428.92238061032697,0.922682
2190,1006.0,25469,47.90885708679507,855.3193834774459,376.10901032260915,120.68061652255413,0.895473
2191,1006.0,20238,616.4206316003847,195.18665792954027,229.0335282368875,216.85386788066305,0.868022
2192,1006.0,3483,602.4965633219811,843.7363569556769,278.24925224265854,132.26364304432312,0.889193
2193,1007.0,25367,32.50357115088995,154.40653769334955,430.90002518083577,424.4570674417007,0.906891
2194,1007.0,25469,11.90546713881756,811.8993815513112,384.4867703998507,164.10061844868886,0.904421
2195,1007.0,3483,575.1309265443429,810.793589836389,280.2426595256555,165.20641016361103,0.88229
2196,1007.0,20238,588.701153165731,191.30190963361727,222.7938220153502,213.65904550216902,0.836823
2197,1009.0,25469,11.697757327975939,812.6096875368052,384.3021640490048,163.39031246319487,0.906761
2198,1009.0,3483,575.8475854001451,810.8835016758599,279.25695095349806,165.11649832414017,0.8845
2199,1009.0,16262,546.9321332001806,187.22228942564382,237.73688848294213,228.3783903649105,0.893149
2200,1009.0,22347,77.61117695564002,197.36708260540988,202.81156530332325,196.36542560826598,0.817571
2201,1010.0,25469,50.25922882616818,855.5816475566307,374.93234820341956,120.41835244336923,0.895537
2202,1010.0,16262,573.0852369758951,195.6390767313128,244.72924866029365,229.79724703841475,0.865788
2203,1010.0,3483,603.0004634377945,843.9175755486416,277.79519392617374,132.0824244513584,0.889133
2204,1010.0,22347,93.2007989164573,205.51961429155054,207.35633704410725,198.9912353975689,0.834193
2205,1012.0,1900,142.079045434693,242.7374375693163,198.30491032432673,126.72157855009917,0.871147
2206,1012.0,27926,571.6268494572471,625.3233860341747,259.46761885599875,350.67661396582525,0.910581
2207,1012.0,16548,611.0713203468514,158.4895599978653,232.4563583297347,223.11286987611393,0.941707
2208,1012.0,24850,139.2125184332306,701.8369143692095,186.18205728962187,274.16308563079053,0.811003
2209,1013.0,16548,103.34571872883706,866.7579563466747,243.15173017798963,109.24204365332523,0.899409
2210,1013.0,27926,144.1957005639771,144.1117120484012,260.15799548278505,456.84364939934045,0.918659
2211,1013.0,1900,630.10862662924,892.683028791418,210.917832264349,83.31697120858198,0.851265
2212,1013.0,24850,636.0458358687971,272.0098580978624,180.36020526215069,279.6598806716689,0.808756
2213,1014.0,27926,599.5304019487085,670.1593134127669,256.35330890291306,305.84068658723305,0.912709
2214,1014.0,16548,640.1859063383323,164.368746580191,237.93438352651933,224.75028577641632,0.954249
2215,1014.0,1900,157.970271891685,251.24025599800765,203.57359950386697,126.54846206741708,0.877381
2216,1014.0,24850,172.15219430588002,739.5107492418146,180.47141783441128,236.4892507581855,0.775553
2217,1015.0,3483,651.4675541403305,748.5048864930119,210.31723221822006,227.49511350698805,0.903992
2218,1015.0,20877,117.108322795312,768.1714771980018,331.06342104811165,207.82852280199828,0.948985
2219,1015.0,35206,658.5744426478095,175.23110823894865,224.1593029846497,402.04101194448805,0.960769
2220,1015.0,30308,67.46785575061588,124.91396477474039,401.1500023309908,407.7472239738732,0.929848
2221,1016.0,20877,541.7810800830323,292.9590503175055,332.05465437539254,235.00196017931466,0.913661
2222,1016.0,3483,141.50446492104078,292.2708341512249,211.11908020326237,257.5371047743601,0.912119
2223,1016.0,30308,530.5183185213175,721.5511045216317,410.6812452766763,254.44889547836829,0.923693
2224,1016.0,35206,95.35371536944979,671.9999938658135,239.9015799670962,304.00000613418655,0.953646
2225,1018.0,3483,122.16437921571969,306.9346772007008,273.74953027466444,199.2276867430413,0.917812
2226,1018.0,30308,438.084737806464,739.7359990258913,474.89705684796047,236.26400097410877,0.832743
2227,1018.0,29667,87.55554168547818,860.4367933417087,230.9751116115244,115.56320665829134,0.8942
2228,1018.0,27733,561.6047758936284,258.34138205063397,298.18659980812265,262.8153111443448,0.94172
2229,1019.0,27733,129.9119674452585,776.2192030096772,312.0903485935537,199.78079699032276,0.887738
2230,1019.0,3483,609.0228277618562,789.8234851012877,273.14162027176883,186.17651489871236,0.892633
2231,1019.0,30308,95.0246150337871,212.32255132473892,459.4404103648123,299.0740186221635,0.861802
2232,1019.0,29667,669.158118779935,181.75826198252003,225.5469111917006,213.75871361200535,0.890582
2233,1020.0,3483,579.2808255142902,759.2826771185026,275.50873446823965,208.49124988958468,0.901562
2234,1020.0,27733,93.61723070767655,734.2653894472362,316.8153402817309,241.7346105527638,0.909819
2235,1020.0,30308,78.95652272593436,189.63783356172954,449.54495898682865,298.92628425329775,0.865856
2236,1020.0,29667,640.63927425212,177.41387993127256,218.32177581020332,214.2591758996398,0.897994
2237,1022.0,29451,36.13387319670251,800.1646501550723,421.38761955529606,175.83534984492772,0.970484
2238,1022.0,1900,148.37303261301625,240.67861861799233,180.60791460353525,180.80723196058412,0.854784
2239,1022.0,16551,623.7788613477544,25.73363412444915,284.13132833356235,461.07625192613455,0.899057
2240,1022.0,33208,583.87015368591,810.8812676051155,213.2610105581619,165.11873239488457,0.920684
2241,1023.0,29451,70.96644657460888,844.7499582875315,416.32250823207823,131.25004171246852,0.972639
2242,1023.0,1900,166.88565707566147,246.7796030475866,183.10027186714825,182.8563213252542,0.824835
2243,1023.0,16551,655.1327355159588,28.49004086058343,290.41140486367385,483.3483603012621,0.900766
2244,1023.0,33208,610.5830305089903,845.8248674402284,209.7667628916065,130.17513255977153,0.918311
2245,1025.0,3483,142.8068254940474,290.4522720413591,210.0644613294745,257.9780046472599,0.914441
2246,1025.0,20877,543.7467041015625,293.13871818810844,328.59224988467724,235.10567976601766,0.913464
2247,1025.0,28763,642.7545202820744,860.6135560615578,223.43700405101686,115.38644393844217,0.942471
2248,1025.0,16262,109.22265440974402,835.6530062421482,249.67238183716435,140.34699375785178,0.881944
2249,1026.0,3483,650.9176387307632,749.259536513132,210.13611177224007,226.74046348686792,0.907624
2250,1026.0,20877,116.64746964037718,768.887682123999,330.73614870004315,207.11231787600107,0.947458
2251,1026.0,16262,629.307377647515,191.18121506580752,245.62971228211376,232.79163563790635,0.851298
2252,1026.0,28763,134.6598006205343,205.18381488742537,212.57321212998585,201.33716203699166,0.936585
2253,1027.0,13900,188.91838027724071,283.06722991789997,200.18747968050704,234.4063801981098,0.844422
2254,1027.0,3351,353.51762014417784,882.5798119013034,190.14220516645736,93.4201880986966,0.881675
2255,1027.0,22074,593.857177734375,261.82879638671875,197.35351562500006,183.32891845703125,0.590414
2256,1027.0,16232,601.26806640625,264.09112548828125,189.27496337890625,183.45239257812503,0.580629
2257,1028.0,13900,553.8572212870996,706.1545342680198,205.37861947677854,249.53211277333935,0.841385
2258,1028.0,3351,391.49578121319485,156.54434648830087,185.3839418037453,189.10186859590925,0.896146
2259,1028.0,16232,134.9178627052499,779.2838748184281,192.9538565784244,191.3387690405151,0.740669
2260,1029.0,13900,593.0956301281799,796.9695802621505,201.25540115126412,179.03041973784948,0.869342
2261,1029.0,3351,434.9880363426016,215.99406885501728,185.17470239993918,182.61945423528772,0.886675
2262,1029.0,16232,177.94766235351562,866.0878366441583,189.0639524220222,109.91216335584168,0.685522
2263,1030.0,34597,45.06063074083184,143.18016588987416,448.40342520709015,413.77480757056776,0.874358
2264,1030.0,3483,579.8479853491087,758.617902132734,275.45661903266335,208.2372694159272,0.900651
2265,1030.0,27733,87.24133013241256,726.8526789219534,321.18988711869895,249.14732107804656,0.909281
2266,1030.0,35206,568.4390292527089,118.46346029923788,252.37288401234684,380.04444616883245,0.931163
2267,1034.0,28763,649.8275235430078,882.2180264726954,223.06319592346512,93.78197352730453,0.929407
2268,1034.0,3483,151.6106182462606,218.89008066762034,246.8671637300271,220.8975843113271,0.915309
2269,1034.0,36637,93.5469476901107,908.2659531789808,277.075568117688,67.73404682101916,0.8901
2270,1034.0,19861,638.0946388436322,277.5806731410961,221.50933469839435,170.4049693352014,0.768381
2271,1039.0,16262,574.811712370446,195.14066471885792,243.8594440095988,232.82499503130887,0.871426
2272,1039.0,28763,126.45911583828567,213.40838500363145,212.04820013765112,203.18121123194095,0.940537
2273,1039.0,25469,48.613289224442525,855.8420440827183,375.1954701485945,120.15795591728173,0.898411
2274,1039.0,3483,602.8385684526146,843.7597404748351,278.0616617634069,132.24025952516487,0.887224
2275,1041.0,16262,165.4833906930895,834.2671508789062,250.6713782075661,141.7328491210937,0.90414
2276,1041.0,28763,651.7014804245838,851.6437249111771,222.66634901803954,124.356275088823,0.933937
2277,1041.0,25469,571.4556630196882,231.23740413799956,374.7938149610357,218.89856210066444,0.851708
2278,1041.0,3483,124.25847154166831,271.00872496025045,272.84399812784625,190.7185139871722,0.906357
2279,1043.0,35206,511.52773986509703,600.1105141184438,245.32076259593865,375.88948588155625,0.876718
2280,1043.0,3351,315.16522584848065,170.36089566484767,180.77895029345956,186.41359047434437,0.89627
2281,1043.0,18357,50.49960292643638,624.4732641478879,272.8967016785588,351.5267358521121,0.884101
2282,1044.0,3351,354.2664121694901,228.34631616026914,183.51431182401262,182.548997198517,0.912058
2283,1044.0,35206,552.2258800717455,697.7964916133401,238.8564388716042,278.2035083866599,0.833885
2284,1044.0,18357,91.99213719967022,721.4673670476407,268.4094190741304,254.53263295235936,0.889977
2285,1045.0,20877,39.899627091297546,757.1394680924152,330.4392197192015,218.86053190758477,0.944381
2286,1045.0,3483,626.0432647245013,717.9144084681219,207.45652916683028,258.08559153187815,0.91333
2287,1045.0,28763,133.96933627488025,212.52914919445865,208.50819864704386,200.9934730721478,0.921949
2288,1045.0,29667,595.2480925746898,177.92791847727406,220.00301587282115,215.5085163212302,0.906088
2289,1046.0,3483,650.070123567054,749.8681447398124,210.8943113394119,226.13185526018768,0.909019
2290,1046.0,20877,73.10934655270985,799.6051795231039,327.64155095546096,176.39482047689617,0.946615
2291,1046.0,28763,152.13624304383242,222.37895248643116,212.7294194973893,202.47123028165728,0.911145
2292,1046.0,29667,622.9334670790477,183.5363166847421,225.1673399958777,214.86772669499845,0.905242
2293,1047.0,28763,626.0178409748939,845.0541878705048,223.08799613300891,130.94581212949515,0.932286
2294,1047.0,20877,587.6003184869661,258.62259785254395,328.683463705245,242.12656391086298,0.930869
2295,1047.0,3483,142.66583205946725,290.0559983756674,210.40093472734767,257.0427341173641,0.914743
2296,1047.0,29667,132.5311267795275,860.217793987025,232.0849548799908,115.78220601297508,0.893613
2297,1050.0,22627,89.8441861023256,180.06684039705362,339.644756681356,465.4318183630555,0.855177
2298,1050.0,2483,649.4938799220712,85.20539142857844,200.65245263181154,483.3989486310949,0.866342
2299,1050.0,5094,134.38722014307376,846.9602072250904,280.8859682322747,129.03979277490967,0.809198
2300,1050.0,22362,605.842698600424,777.2720014869268,259.00876053853256,198.72799851307317,0.893632
2301,1051.0,2483,87.49674508559643,674.6244209327889,230.34711598151893,301.37557906721105,0.818949
2302,1051.0,5094,551.1606347165515,193.26818165227996,270.87634001305344,265.3537536314384,0.885626
2303,1051.0,4378,138.90961943199886,109.37843679303498,212.1534544211536,436.84323718200375,0.897542
2304,1051.0,23223,485.5980289018334,659.3081097626806,389.8985083498545,316.69189023731946,0.848492
2305,1053.0,2483,619.2448607785019,52.876227795778206,218.79713938344068,481.2829664987536,0.864042
2306,1053.0,23223,77.18613552687755,79.95312427156534,379.0337782049898,463.07801274438594,0.921892
2307,1053.0,5094,102.74238885467375,800.3756394889487,281.0096989157212,175.6243605110514,0.874845
2308,1053.0,4378,588.8717749514173,697.4817759451555,216.37961014790756,278.5182240548445,0.86976
2309,1055.0,31885,56.90085482956776,34.164323567146035,424.2058853839511,482.709868311283,0.931475
2310,1055.0,3483,573.1133815439501,767.7401834612515,275.10511204705165,204.1350459573258,0.900075
2311,1055.0,27733,82.72953248143794,733.422303472931,324.95693294966037,242.57769652706892,0.910388
2312,1055.0,29667,646.7862104099601,185.58174831064503,221.3844273246113,214.07460505039847,0.899026
2313,1056.0,31885,70.67250333239684,53.05527199213228,437.05628698914495,486.65691203208434,0.93338
2314,1056.0,3483,599.6642955990892,800.3906581246074,275.60053042311165,175.60934187539263,0.902725
2315,1056.0,27733,116.21457997997803,775.972263355351,321.9432058669813,200.02773664464905,0.914654
2316,1056.0,29667,677.7898700656602,189.35027945820414,226.45137338302845,213.79166623216176,0.886866
2317,1057.0,25438,110.4852503484218,829.7406015060656,256.126712204823,146.25939849393447,0.862195
2318,1057.0,2483,613.0124622134108,70.26753786940071,240.10505162531416,465.13450400194324,0.846141
2319,1057.0,4378,643.0461907314896,708.2105673018413,219.52513022878065,267.7894326981588,0.920118
2320,1057.0,12778,81.90978520839059,78.63360542028991,327.72989489684755,500.60928114694576,0.912428
2321,1058.0,25438,109.8112334054918,841.5485763166419,261.3799128700141,134.4514236833582,0.877682
2322,1058.0,2483,600.6659972224403,99.62475570602034,249.6726313452026,460.9836227953734,0.876376
2323,1058.0,12778,83.64540939714443,110.5644702623837,329.66324803337966,503.4160071904935,0.89641
2324,1058.0,4378,655.836107723677,706.8220417271906,216.2622416894041,269.17795827280946,0.915847
2325,1060.0,25438,556.0119972420697,205.4756161483688,246.51038640467982,251.52332248400208,0.864482
2326,1060.0,22627,528.9878181189149,642.7869244292754,355.6777322280346,333.21307557072464,0.849507
2327,1060.0,2483,114.99681720062716,676.8058342861771,217.16411947125764,299.19416571382294,0.848125
2328,1060.0,13395,115.06545341913424,52.86565272652324,240.0706138419146,482.360334693487,0.875053
2329,1064.0,34597,61.307453519734906,132.89442029790064,449.3314439016371,414.65960294637256,0.902029
2330,1064.0,25469,48.491338547749734,855.2188156357962,375.4807596637976,120.78118436420381,0.895312
2331,1064.0,20238,616.6299481415869,195.2079595824582,228.6003531451201,216.86360122450628,0.868648
2332,1064.0,3483,602.9308431807475,844.0527779277246,277.21263973677,131.9472220722754,0.889354
2333,1065.0,34597,483.0026464414357,686.3115921403894,467.7170246066761,289.68840785961055,0.915657
2334,1065.0,20238,139.47339043545364,849.6114857735945,231.64066510224467,126.38851422640548,0.864598
2335,1065.0,3483,125.61575263708679,271.5458130189521,270.69114677390866,190.3015618252395,0.905009
2336,1065.0,25469,571.471734895179,231.02856107932237,377.6826190277561,218.94908916530898,0.836499
2337,1067.0,16262,117.8616086873577,846.4661080058496,249.12615391716884,129.53389199415037,0.897172
2338,1067.0,3483,131.23038049439091,288.3980018193997,277.46590220389055,175.0034196556513,0.889824
2339,1067.0,31885,556.3579987952459,673.4441194007145,399.84136410813835,302.5558805992855,0.89037
2340,1067.0,27653,670.829095735023,255.21102498883576,221.07541184928536,200.31385097791207,0.890008
2341,1069.0,16548,643.7803111627472,165.1718937859463,236.98191181738778,225.45319822685204,0.958854
2342,1069.0,1900,622.6580003901342,887.987658323355,207.550404304236,88.012341676645,0.847832
2343,1069.0,21771,115.99676471499342,202.1675599064659,191.1610822054609,186.31788029502982,0.937215
2344,1069.0,21026,137.64487476444722,867.8864862643295,180.06893997575764,108.11351373567054,0.914018
2345,1070.0,16548,100.75543960494613,864.9700188564896,242.82154317117815,111.0299811435105,0.902223
2346,1070.0,21026,674.6717983226679,273.2551117710133,175.44300451230768,171.60356791894037,0.93595
2347,1070.0,1900,174.00748286414984,280.6326562315974,202.99964168682766,139.30226633656562,0.846271
2348,1070.0,21771,686.7576048577849,881.2719751099247,197.7375377865893,94.72802489007532,0.928663
2349,1073.0,36637,635.7936392165907,178.12703685664653,182.2100609247409,240.79405082050874,0.933978
2350,1073.0,3483,536.3728128557829,777.9010261267274,266.66510531171474,198.09897387327263,0.904053
2351,1073.0,22347,114.11565307157124,198.60383690302095,203.08450348053748,196.2082870713431,0.892101
2352,1073.0,27777,143.43869585966945,774.0063007297229,180.8640017102112,201.9936992702772,0.909766
2353,1075.0,16551,90.75203060744394,595.3219803853251,342.8802665058692,380.6780196146749,0.894081
2354,1075.0,29871,603.9420681287297,772.3284001182672,204.38805630937878,203.67159988173287,0.831573
2355,1075.0,3544,101.25212817934889,161.1529606191357,204.31821667848516,198.89258356909056,0.830052
2356,1075.0,4543,609.1949855478565,142.03428887602072,206.26863044470397,197.95843843239632,0.859019
2357,1076.0,16551,535.3903928210387,191.62637398111156,329.36208661716796,439.2784485169991,0.810377
2358,1076.0,3544,667.9466147878063,898.6314918096342,215.85001147092882,77.36850819036582,0.873739
2359,1076.0,4543,130.93279975622744,915.0374397009463,215.36611608764042,60.96256029905379,0.890047
2360,1076.0,29871,166.7443058646504,277.0530151673897,206.61252099425354,211.28224511841427,0.80511
2361,1077.0,3544,116.16158739406261,167.3369736407869,209.45408484684165,200.91784184901562,0.846486
2362,1077.0,16551,125.4613146374573,646.7803513416692,333.3679291231549,329.21964865833075,0.881746
2363,1077.0,29871,628.0945465241246,808.1945420461683,207.88827315287364,167.8054579538317,0.828706
2364,1077.0,4543,638.9377849329655,142.84120101545327,211.47639871721884,201.64735228572056,0.871939
2365,1079.0,20877,71.9788040467842,799.5039274129437,324.07381987451913,176.49607258705632,0.951166
2366,1079.0,3483,647.4333042163946,753.1097844569526,210.64146262317436,222.89021554304733,0.898713
2367,1079.0,22347,118.15053669531743,218.4362792201977,208.5196124512945,199.2087728222411,0.916566
2368,1079.0,29667,624.3075494047384,185.1341034395611,224.4340206893844,215.96309734708694,0.920125
2369,1080.0,20877,38.31816271681282,755.6343414459994,328.53376869700065,220.36565855400056,0.945403
2370,1080.0,3483,620.9236671026028,721.0580536348737,209.93905378945522,254.94194636512634,0.906452
2371,1080.0,22347,102.18319222915112,209.93821754647257,203.21491214618007,196.81488880560028,0.923794
2372,1080.0,29667,595.8554132356116,181.90296146258635,220.71639079184985,213.89935272063445,0.904283
2373,1081.0,44199,93.54539524250893,184.84444929726763,257.9494740855155,229.1784842793067,0.970115
2374,1081.0,1900,609.198092513348,899.5074508897025,207.71117581314783,76.49254911029759,0.820197
2375,1081.0,21026,124.75196899720771,865.8575335171954,181.0192278377974,110.14246648280461,0.910695
2376,1081.0,16551,482.29651461653964,206.4961083953704,459.42053130643467,320.739856509108,0.84564
2377,1085.0,20877,85.83416552519678,725.3469232147063,331.0848902409999,242.27329641370915,0.941869
2378,1085.0,16232,627.5447718941386,222.06431633263978,185.95953491824338,183.107854948571,0.892684
2379,1085.0,25367,33.337811743194735,129.75564490850246,443.31476489503183,415.326456194547,0.91836
2380,1085.0,3483,626.3125340447355,716.7903669347714,206.93895042841154,259.2096330652286,0.911733
2381,1087.0,31705,570.9278598191152,674.6471891930355,253.47676952879647,301.3528108069645,0.866247
2382,1087.0,3544,134.24941464524773,175.30932916229094,202.75359294642158,198.71322225446085,0.853097
2383,1087.0,16551,87.9464028899993,588.0210451672424,293.79267522917326,387.97895483275755,0.906809
2384,1087.0,10221,624.8740163831854,203.7604539574091,217.45693923720168,215.78461176426566,0.924236
2385,1089.0,31705,149.84870082529346,147.03723911304567,254.1719700798916,418.661686422837,0.857318
2386,1089.0,16551,581.8624681635717,181.62859647357882,292.3391772706304,459.8685744395807,0.844055
2387,1089.0,3544,635.0477089426626,887.2154743443782,214.4373828370368,88.78452565562175,0.870314
2388,1089.0,10221,104.83708413282231,833.908977566053,231.30591433731155,142.09102243394702,0.93103
2389,1092.0,44199,132.8889397089206,243.37741180879985,244.03759037190343,230.35523595762018,0.946407
2390,1092.0,1900,650.7986066808653,849.1907327163159,211.52401748733894,126.80926728368412,0.885073
2391,1092.0,16548,83.05955252335899,912.9426701991403,243.90817904831772,63.0573298008597,0.782264
2392,1092.0,33009,567.0174698566072,216.5203105217248,316.9632678774732,288.9526713769041,0.868891
2393,1093.0,34597,500.98258596449045,694.3954458572158,459.71359605645404,281.60455414278425,0.922037
2394,1093.0,16262,101.04027549705313,849.8322045407701,248.77498362172184,126.16779545922982,0.852722
2395,1093.0,3483,151.15756294595536,218.8454191888397,246.97057085660234,222.35225313272906,0.912824
2396,1093.0,19861,637.98553405455,277.9058549583857,221.27970449169686,170.4576360807946,0.768836
2397,1095.0,16262,637.4053111627474,177.82379265406624,246.58921714284304,230.1323316564512,0.831299
2398,1095.0,34597,45.873991118004575,122.15593688811488,447.5888530788709,420.7109486948904,0.919757
2399,1095.0,3483,600.483958795442,867.7335343097322,260.2087110969888,108.26646569026774,0.906518
2400,1095.0,19861,126.34511535491177,865.9287192186518,221.48858121172267,110.07128078134814,0.864057
2401,1096.0,6563,164.58982381389364,672.289941835643,220.86658696313594,303.710058164357,0.905479
2402,1096.0,3544,92.47027476708494,196.63349577170519,202.81333424937188,197.8128319361701,0.87189
2403,1096.0,16551,480.8892403607392,116.73649716017833,444.3647925602133,322.2279748964549,0.862753
2404,1096.0,27993,547.7468319993521,777.0060553622604,311.76996892421096,198.9939446377395,0.901865
2405,1097.0,6563,196.7405998958415,714.1207272323531,218.6581410930384,261.8792727676469,0.898075
2406,1097.0,3544,108.85368676880496,206.2391878060959,207.83062698134222,199.19156612223716,0.829121
2407,1097.0,16551,506.4817129163886,128.60891524271747,459.9973612262974,326.09638509319063,0.859015
2408,1097.0,27993,576.8135087669793,815.2917026538945,304.88449756104757,160.70829734610555,0.916239
2409,1098.0,6563,581.117738349953,233.2600507113203,214.27906714971334,335.1522374752179,0.852569
2410,1098.0,3544,677.0840849756596,861.6144801767628,216.31073918174863,114.3855198232373,0.861327
2411,1098.0,16551,16.49920726661107,786.9917847906526,474.5639183772869,189.0082152093475,0.867323
2412,1098.0,27993,124.46332657397092,254.91703436003257,295.5288716225169,234.20295431625905,0.70287
2413,1100.0,36637,635.5167579842573,178.29325337625627,182.47822609139456,241.2476598078282,0.93656
2414,1100.0,3483,536.4971558844026,777.5136415107764,266.22081446048605,198.48635848922353,0.904188
2415,1100.0,27777,143.29675898719674,773.8549666668304,180.8233759894443,202.1450333331697,0.910155
2416,1100.0,31885,55.44214495941623,96.55240623435782,418.0565748358492,493.72095907393424,0.931226
2417,1101.0,36637,665.6566680448138,182.35241308164356,185.5628925879398,246.63251184818134,0.932149
2418,1101.0,3483,565.5567430659155,813.376088818114,263.97518230802456,162.62391118188597,0.896121
2419,1101.0,31885,69.74220674601031,121.61403797858922,428.7553164994897,493.6123506938992,0.928769
2420,1101.0,27777,176.66095193067383,810.3556785391803,175.39275026561035,165.64432146081975,0.906002
2421,1105.0,3483,609.7217953169167,789.2709733972597,273.18487794195573,186.7290266027403,0.893498
2422,1105.0,35206,598.4689766581934,127.02188528243019,257.53678088930974,390.8653759213549,0.939122
2423,1105.0,27733,123.75119620471743,769.1155999725188,315.1352488455461,206.8844000274812,0.896393
2424,1105.0,22347,110.81842213539622,211.57744456535607,207.64527225973615,197.37130905994817,0.918402
2425,1109.0,16262,621.5821180487397,181.5066678607883,244.1090630766135,232.6253812396946,0.872385
2426,1109.0,28763,139.11798187715925,225.13861942770492,214.31666802641132,202.29661828429255,0.930047
2427,1109.0,3483,587.6553642234611,845.6763692117815,283.86719578115185,130.32363078821845,0.877785
2428,1109.0,27653,95.38628268601308,852.2417326500668,221.4967601526922,123.75826734993326,0.860467
2429,1111.0,3483,558.9761165446373,811.6501394300604,287.29315185546864,164.34986056993952,0.891295
2430,1111.0,28763,116.27028310957866,188.54040772711213,208.17124808613383,198.52676222911433,0.936184
2431,1111.0,29667,604.4819023093986,175.1794585414867,218.48438481469856,214.52961232554375,0.897173
2432,1111.0,27653,59.80461233704533,810.1447809113929,224.83477484161534,165.85521908860707,0.88144
2433,1114.0,3483,131.37189640831107,288.3796874386581,277.0241748292242,174.98691961393888,0.892784
2434,1114.0,30308,554.9411044480214,696.188984473147,399.76693771592346,279.81101552685294,0.907478
2435,1114.0,35206,106.12373068344652,689.102817861279,201.9516047952163,286.89718213872095,0.89565
2436,1114.0,27653,670.3595875495643,254.49743092599232,221.26778638063342,200.8232836699366,0.889269
2437,1115.0,35206,649.3685499028346,142.59440405764175,200.82513366392504,398.7864228061695,0.93844
2438,1115.0,3483,559.1300938285176,812.1196583503454,287.47734920942605,163.88034164965458,0.889949
2439,1115.0,30308,39.65572938008524,122.88255126032999,382.37756562352786,405.9146197908487,0.933914
2440,1115.0,27653,60.17970229872507,810.405668172405,227.03059632574497,165.59433182759503,0.88864
2441,1116.0,35206,678.1251042811716,154.49173955102663,205.91952959376954,404.1032900402893,0.923995
2442,1116.0,30308,53.847900122254345,141.68970493335823,391.1774419276559,413.5537584774458,0.926196
2443,1116.0,3483,587.8985976022692,845.4407931380536,283.2813285175878,130.55920686194642,0.875576
2444,1116.0,27653,95.04960471301821,851.7544521926037,221.6774379404346,124.24554780739629,0.86495
2445,1118.0,16548,99.2109913658257,878.2296805070273,244.75646405243998,97.7703194929727,0.802397
2446,1118.0,3544,675.2802087218317,859.1276941347361,217.5240687077968,116.87230586526387,0.870908
2447,1118.0,6563,585.244272510011,235.1406838115136,214.32370194478253,340.6108643804962,0.873617
2448,1118.0,29871,199.0285522614292,241.62937520856232,168.7173182041801,232.54599367074636,0.84628
2449,1119.0,6563,192.51701155619406,707.3422501913866,217.03796655089405,268.65774980861346,0.912928
2450,1119.0,16548,644.4895028732531,145.86969438869153,237.32713463558028,227.82702437357685,0.961236
2451,1119.0,3544,108.2818241598618,207.24643741780193,208.31653890178433,201.11846801144395,0.843843
2452,1119.0,29871,634.0912901911903,824.3321060870761,169.0790374602505,151.66789391292392,0.854663
2453,1121.0,28763,619.7839128503847,860.8800143908018,221.93740614694576,115.11998560919827,0.9565
2454,1121.0,3483,125.19861970834395,270.9366907474383,271.9852184506517,189.492715040044,0.907146
2455,1121.0,25469,574.9104243139526,188.66049915102855,330.96322769855135,284.23701914111575,0.867384
2456,1121.0,29667,136.87045886169125,870.7960186675565,231.88290328596116,105.2039813324435,0.898835
2457,1123.0,16262,152.12273740528818,803.8058284586997,249.3517226022692,172.19417154130028,0.885491
2458,1123.0,25367,489.73574185011984,668.3552120342925,454.30830989051685,307.64478796570745,0.884911
2459,1123.0,3483,122.91831755518314,306.3382094493463,272.5636329842572,200.49852748851686,0.920246
2460,1123.0,27733,565.122377941956,262.92543236813947,300.7414931100815,266.7351983611908,0.945392
2461,1125.0,25367,63.06619143845449,159.65892335517924,445.63985423945894,427.3374320945548,0.929973
2462,1125.0,16262,589.5885595580442,226.80797895115225,244.22487805237125,229.99614036981785,0.858572
2463,1125.0,3483,609.090973667164,789.8390193153266,272.74062052204386,186.1609806846734,0.890859
2464,1125.0,27733,122.61381051528392,769.2864585378062,315.90071788385285,206.71354146219377,0.89245
2465,1126.0,31885,507.9895910521847,733.8121491245289,467.34458225576134,242.1878508754711,0.90755
2466,1126.0,3483,143.76521623314324,290.1108182207423,209.9279301322286,257.2320018365755,0.915071
2467,1126.0,20877,544.8587336707953,293.85205369498857,328.8184949405229,234.36845282933223,0.919147
2468,1126.0,16262,109.96457273397014,834.7511918724482,249.48947235567488,141.2488081275518,0.880411
2469,1129.0,3483,123.0674553875947,305.94953496731705,272.3316222531113,200.21236676546786,0.918375
2470,1129.0,27733,564.2754387783644,261.1516203760502,300.24969727789346,267.28419762999573,0.945251
2471,1129.0,20238,111.82958831020338,854.4646775135442,232.32100811675565,121.53532248645575,0.838923
2472,1129.0,22347,681.0734167051077,826.1334357333543,213.277077219594,149.86656426664575,0.92096
2473,1135.0,1900,153.0247901648133,254.29964159481491,195.71593049782604,162.55351011956753,0.899093
2474,1135.0,16551,606.1502694748154,55.750313821150435,286.56616364292154,482.06553488879933,0.873989
2475,1135.0,33009,550.6998702006125,836.014099427803,370.20913435586124,139.98590057219695,0.828205
2476,1135.0,18110,77.43103863126667,789.4467248964548,306.7299614527717,186.5532751035451,0.80456
2477,1136.0,1900,643.1636177714745,854.4642772578715,205.43560729673757,121.53572274212858,0.886024
2478,1136.0,16551,90.77598732799741,701.2946163925095,293.644306278708,274.70538360749055,0.899252
2479,1136.0,33009,88.34458950176911,255.09590654996168,365.637546098412,209.49772889410437,0.861401
2480,1136.0,18110,612.8743773800644,222.13535719061616,300.0421044431139,285.14410492403425,0.845385
2481,1138.0,3483,561.6207177243641,811.621993635168,286.74085607480765,164.378006364832,0.896016
2482,1138.0,20238,595.485991358158,173.1654570306366,219.07587129985876,214.12232357772743,0.872481
2483,1138.0,34597,31.10953177638988,84.68138966009245,372.35135424436635,479.85892321716005,0.889027
2484,1138.0,27653,61.94554761186915,811.2230052852151,226.55423778744802,164.7769947147849,0.888291
2485,1140.0,3483,589.3430430349993,845.7814916869504,283.28732989900675,130.21850831304965,0.875805
2486,1140.0,20238,622.1049663601209,176.01382591975994,225.3326014226404,216.26711430381886,0.864914
2487,1140.0,27653,96.87214913679726,852.436432651539,221.89429109659628,123.56356734846098,0.865734
2488,1140.0,34597,43.31252008946098,114.79562006044625,383.70842662408734,477.8530503469496,0.891438
2489,1141.0,23223,571.341576044284,573.9100212978957,299.01585809908937,402.0899787021043,0.89896
2490,1141.0,25438,556.151103417478,195.73276607954324,247.23934645149575,251.84745957264346,0.863911
2491,1141.0,2483,66.06459116336688,647.5558569826673,300.4681997634658,328.44414301733275,0.849951
2492,1141.0,12081,63.41256485752126,118.13634575311862,231.54564915949373,426.5582341333131,0.812047
2493,1142.0,23223,65.01542103829695,132.878004639592,297.5220956466904,497.6210949768373,0.911305
2494,1142.0,25438,121.31206301588509,820.0953028693272,256.34214376324985,155.90469713067287,0.873247
2495,1142.0,2483,581.6132521126138,114.24492741110336,290.00653229526534,448.27747502159235,0.851381
2496,1142.0,12081,646.3540983727229,707.0034639751491,242.29043962488234,268.9965360248509,0.841193
2497,1143.0,23223,66.95203886559261,170.5943105112967,298.10522828988695,489.9717902562128,0.922106
2498,1143.0,25438,123.24293115510412,833.3582898623979,260.8578744246133,142.64171013760213,0.867345
2499,1143.0,2483,569.0477911407625,148.39326891108374,300.6788517170815,435.85362266655545,0.834558
2500,1143.0,12081,654.2862110233785,709.9674109070744,250.620601788238,266.03258909292555,0.813196
2501,1144.0,25469,47.874418766654316,855.3643780425566,376.2188148690228,120.63562195744342,0.895289
2502,1144.0,16262,572.8785486269236,195.6962561679246,244.4616450784195,230.8375951872399,0.84246
2503,1144.0,31885,54.35793954283747,172.63233311332047,439.22440664013436,485.52680455500166,0.933946
2504,1144.0,3483,602.9750952025754,843.4850126486928,277.75863448099875,132.51498735130727,0.888639
2505,1148.0,3351,384.3279257922916,159.60530918447216,183.9856280609591,189.28401230088434,0.895721
2506,1148.0,16232,148.01213786829655,731.2009620858197,192.1053883921561,194.423304265468,0.809191
2507,1148.0,41768,557.0849728991639,629.7917486602936,267.8085863889761,306.46699592935386,0.77016
2508,1149.0,3351,427.8892543160137,219.7877866658733,184.0891689894786,183.60619664791238,0.893492
2509,1149.0,16232,188.9310712958101,820.4596680300918,192.16757148474306,155.54033196990815,0.801763
2510,1149.0,41768,595.9278969309438,717.4324656730921,265.1747482529837,258.56753432690795,0.726634
2511,1150.0,3483,563.8639784003024,814.1190559732255,265.09313596792543,161.8809440267745,0.896175
2512,1150.0,34597,81.12145938585752,55.410426230885875,404.18161148761385,460.53829910048296,0.913618
2513,1150.0,27777,175.70237425224266,810.7151694753062,176.71041893120386,165.28483052469377,0.902273
2514,1150.0,29667,630.4090177449749,164.204796565837,223.7688773457129,215.15458763544285,0.894098
2515,1153.0,16232,645.6979523471852,174.93531086217217,191.34862146425505,187.01538346640427,0.855222
2516,1153.0,3483,600.1823807146083,866.7622475168813,260.28979676213083,109.23775248311874,0.905986
2517,1153.0,22347,143.7528978664072,209.1170494041251,208.17303045071554,198.66573904986362,0.919154
2518,1153.0,19861,126.37493474759049,865.9132169023829,221.65839152120463,110.08678309761703,0.864127
2519,1154.0,16232,617.4801427179844,173.19774002765294,185.8116856867344,179.64659946767532,0.823447
2520,1154.0,3483,573.3813611514604,836.7065288601208,261.7772176924663,139.29347113987916,0.911977
2521,1154.0,22347,126.92731471996211,201.53616616713938,203.88341035315747,195.09884436525897,0.899584
2522,1154.0,19861,92.08949337293156,827.0480763804374,226.06691002007108,148.9519236195626,0.879254
2523,1155.0,16232,144.01523080183634,900.6117605851523,195.77300588329834,75.38823941484766,0.898739
2524,1155.0,3483,151.27913914972814,219.08756712333644,247.14415974832656,221.20634828500414,0.912268
2525,1155.0,22347,641.119307168165,861.0954145115226,215.71233916162853,114.90458548847748,0.903329
2526,1155.0,19861,638.2245817711604,277.3805117199769,221.20883439413882,170.7194014506124,0.769779
2527,1156.0,16262,571.6424787511777,308.2229235471793,244.8179910170973,237.74030108427877,0.856029
2528,1156.0,3351,392.88822898673055,856.4964136478291,189.91756757419915,119.50358635217096,0.88478
2529,1156.0,13900,183.15971182818387,282.7885872538964,206.38660266051937,230.06926309403474,0.815139
2530,1157.0,16262,108.87316212102995,673.826777012504,250.71302059307777,247.96119268216074,0.83674
2531,1157.0,13900,554.3588367251295,714.6777429628613,212.08163528825764,243.00849554167303,0.832855
2532,1157.0,3351,354.51647872541423,181.6223959611289,184.91604307548485,189.25347248633298,0.896395
2533,1158.0,3351,397.5031126396141,242.10563452639173,184.5472907444939,182.65464729040713,0.892013
2534,1158.0,16262,153.5233211804874,765.636074353702,243.33208500080974,210.36392564629796,0.854067
2535,1158.0,13900,594.1096550256163,805.9025375902953,206.86200012513737,170.09746240970466,0.855187
2536,1159.0,3351,402.4470889604271,808.2500527540044,188.5089129730685,167.74994724599557,0.890693
2537,1159.0,18357,150.47546923460072,299.8423435843769,246.9342401399086,355.2474593732824,0.852825
2538,1159.0,16232,645.4909238575691,293.5867981263741,191.26168562539263,196.128375949572,0.628162
2539,1161.0,3351,386.7306701046738,280.4764815287374,184.42636139069373,181.5508941190327,0.899443
2540,1161.0,16232,130.9146855033223,815.3470167610513,189.80605749389028,160.65298323894862,0.681808
2541,1161.0,18357,581.2795815012563,614.3801588508951,245.144156144492,361.6198411491049,0.881856
2542,1163.0,29451,493.650353666526,804.2231798028229,407.08269726930547,171.77682019717716,0.893823
2543,1163.0,16551,41.028285884377944,605.9933741583895,306.03769120259494,370.00662584161046,0.901905
2544,1163.0,10221,658.3927787129005,198.87713178318347,221.2348034729311,214.07241284547737,0.894029
2545,1163.0,3544,118.12512766775771,183.64922704648728,208.79567891029862,202.68424527728982,0.838944
2546,1164.0,29451,466.0141435939464,766.1847316416064,413.83330010648945,209.81526835839364,0.892393
2547,1164.0,16551,12.883835869218835,553.5173290770257,302.51740146042715,422.48267092297425,0.915165
2548,1164.0,3544,102.5522016592361,179.17261470622154,205.40227734743053,199.26119220676136,0.8322
2549,1164.0,10221,628.5544102347676,192.465765334853,218.17629989547333,214.3915291024213,0.908228
2550,1166.0,25367,564.9301638195861,683.5536449949946,396.7447068104193,292.4463550050055,0.887704
2551,1166.0,36637,131.48607861696175,830.0973584352427,180.38800202182784,145.90264156475732,0.859501
2552,1166.0,3483,125.1029255545918,270.5330260003632,272.3665740813442,190.98581254661977,0.907232
2553,1166.0,25469,573.503025074101,187.7517046904444,332.3321971797463,286.1944853049426,0.868254
2554,1167.0,25367,44.08127496230543,88.36259475784686,394.419042079293,477.6773988349953,0.899887
2555,1167.0,36637,674.4651231621979,173.32964382459173,174.73649068094375,253.6248786964608,0.909569
2556,1167.0,3483,602.277980785274,844.3006597931062,277.73225042448564,131.69934020689385,0.888236
2557,1167.0,25469,85.5560338772721,830.1837198075337,345.20643132655465,145.81628019246628,0.889945
2558,1168.0,30308,40.776177947844694,17.620964443264295,353.3633255694979,425.6619773366344,0.954917
2559,1168.0,3483,574.7343121245879,811.5672954003415,279.735742616893,164.43270459965842,0.882757
2560,1168.0,25469,49.92073906366549,789.4702240450299,352.3905020095595,186.52977595497012,0.889847
2561,1168.0,29667,592.1117148854624,168.6562595846665,217.8123546197785,216.3025970458984,0.893567
2562,1170.0,3483,601.8118230925134,844.1035962895533,278.0081452796208,131.8964037104468,0.886333
2563,1170.0,30308,50.661018467428704,20.6018422572457,369.0712763340629,445.0964521091787,0.939825
2564,1170.0,25469,84.29965152452938,830.4748378734492,346.79677301914853,145.52516212655075,0.890383
2565,1170.0,29667,619.3607766616285,171.53738127281918,224.06239173160728,217.39020158777288,0.91797
2566,1171.0,10221,93.2321727886871,789.405429552548,224.61527486063133,186.594570447452,0.914309
2567,1171.0,16548,578.0337705372566,745.1112894796246,242.27756243375092,230.88871052037535,0.956582
2568,1171.0,3544,122.43661683049034,182.00595644850227,203.85548745926906,198.40156976901108,0.840268
2569,1171.0,4543,638.7467939673955,151.00462471660057,204.57237634706723,198.3557976957542,0.905675
2570,1173.0,16548,159.62821331695096,286.62100664455085,232.487307217852,224.41884670545105,0.860171
2571,1173.0,3544,645.4325846763112,876.1667057209877,216.96521977563606,99.83329427901232,0.871804
2572,1173.0,4543,100.63295933709071,908.6181254171247,215.25923800827871,67.38187458287531,0.839893
2573,1173.0,10221,643.6489868164062,261.73859409351445,220.09009310468358,210.9566995438619,0.8941
2574,1174.0,3483,132.36774019020888,288.2241434835309,277.0099508774341,175.14976018397655,0.89012
2575,1174.0,30308,569.8369695768882,756.4416387356706,397.62501993610636,219.5583612643294,0.928436
2576,1174.0,29667,125.79332552962568,863.3345892057947,228.81823569446354,112.6654107942053,0.89036
2577,1174.0,27653,671.3236356955676,255.22119646695398,221.4222421310656,200.49553461889516,0.887827
2578,1176.0,30308,38.93862842195597,77.25047340584759,393.28226904174187,418.3514924169185,0.933801
2579,1176.0,3483,585.9931324714393,845.6363783026461,284.2079961575456,130.36362169735392,0.878865
2580,1176.0,29667,632.2622211398791,179.00258348934614,224.82559526146346,216.40493644062596,0.91647
2581,1176.0,27653,93.87170870220243,851.6304894835505,221.71622593558612,124.36951051644945,0.859915
2582,1178.0,31885,104.83498240715294,49.001498965162725,406.7813159425055,497.1766142725345,0.928225
2583,1178.0,3483,537.748683910274,779.110355243012,267.8862982515114,196.889644756988,0.902757
2584,1178.0,20238,576.6492898452223,191.7299422834387,220.9571606813364,213.7424446757714,0.835493
2585,1178.0,27777,144.29924003562735,776.1558445302685,180.77815714313755,199.84415546973156,0.917209
2586,1180.0,21325,186.7598317208602,309.0414353567152,168.14401521155582,223.67617675167827,0.951768
2587,1180.0,3351,395.4919705031505,915.3045093018806,189.83980525797932,60.69549069811948,0.880388
2588,1180.0,19232,496.1501966313501,236.55883911746233,325.99667849133357,253.5945969778089,0.934566
2589,1184.0,21026,685.1440592243443,275.04228846871075,177.87081341767433,171.94899377870797,0.936716
2590,1184.0,16548,141.65078980719025,879.6296576878533,245.1353186219182,96.37034231214675,0.865155
2591,1184.0,1900,188.10792641184437,272.858925977544,202.5459432170619,136.6604632660372,0.864326
2592,1184.0,24850,671.2785601591945,826.7002020601053,190.6801273211761,149.29979793989472,0.651866
2593,1185.0,16548,602.9030139098815,149.2879610301262,237.56108791025446,227.42058490388956,0.957431
2594,1185.0,1900,609.4312915897849,899.6422585338804,208.14874328919979,76.35774146611963,0.826824
2595,1185.0,21026,124.79784504492679,865.9428097518844,180.98512252730933,110.0571902481156,0.910439
2596,1185.0,24850,137.66610204035314,141.8629953202291,184.47326974533308,295.7245909724403,0.647189
2597,1186.0,19552,512.9184872421188,558.8266862265428,317.3602563292537,417.1733137734571,0.939168
2598,1186.0,2483,84.29198831529473,677.7774179736574,239.6557926963921,298.2225820263426,0.817038
2599,1186.0,5094,551.3098932774222,193.10518573396772,270.71465420363523,265.67056228407665,0.886817
2600,1186.0,4378,138.67932082899853,110.38409891559851,212.42113107652517,435.53136838980055,0.898089
2601,1187.0,19552,110.3068562416575,161.26926011895412,320.3434232012111,489.41510592513345,0.943461
2602,1187.0,2483,616.4467601680276,52.3807862248253,225.33548909096268,482.3777577769216,0.870438
2603,1187.0,5094,102.82364213646358,800.5702815223578,281.0980253746762,175.42971847764215,0.874888
2604,1187.0,4378,589.1113324189306,697.1960734458424,216.4649627532193,278.80392655415756,0.868148
2605,1189.0,22627,99.90613540572737,135.60227053848342,307.582478892264,483.00577395645223,0.810152
2606,1189.0,2483,590.6492239027168,69.76775080235161,247.34665944468418,475.751406875687,0.8731
2607,1189.0,3743,116.7695559017622,785.1924656240185,323.8077348105272,190.80753437598148,0.870039
2608,1189.0,12081,602.0205709946216,710.0755964883009,232.6003957777167,265.9244035116991,0.81028
2609,1190.0,22627,103.338584593193,173.68864617275833,301.5416130947707,476.80942278531325,0.836657
2610,1190.0,2483,586.5145233000943,103.44950924207218,233.9656372070312,471.15464882395366,0.875198
2611,1190.0,3743,118.65123330887837,796.7125550849954,330.3943366429314,179.28744491500464,0.8585
2612,1190.0,12081,610.4373276293577,714.0500660038474,242.50554959857902,261.9499339961526,0.811062
2613,1191.0,22627,532.3706054687501,588.951030482,304.10983567741033,387.0489695180001,0.820261
2614,1191.0,2483,90.42299977978271,665.5067138671875,256.07691196460814,310.4932861328125,0.860827
2615,1191.0,12081,109.78784543904825,110.89322903887111,226.41392386738377,427.40885948296165,0.836038
2616,1191.0,3743,492.3528088133538,164.86486617045188,318.2814489009992,302.47468467214003,0.847629
2617,1192.0,1900,644.141450048092,853.948622813776,205.18015247134102,122.05137718622407,0.89063
2618,1192.0,16551,83.28107011497919,693.1638563913316,293.26599749847867,282.8361436086684,0.790798
2619,1192.0,24850,645.0347213361731,205.20778169104804,178.63138660833457,277.22522402049304,0.813972
2620,1192.0,33009,87.82639757472667,254.19665113286158,366.45964579366563,210.25018954636465,0.855413
2621,1194.0,1900,152.9232518181729,253.90251535386898,194.87566172537493,163.05136169740297,0.893152
2622,1194.0,16551,612.9489301365224,63.87898990496917,288.4626403501885,479.58357645159396,0.893629
2623,1194.0,24850,164.91326382891017,817.2282834460386,182.38887583670305,158.7717165539613,0.841607
2624,1194.0,33009,550.6977701618443,837.6714437666849,370.99443199886133,138.3285562333151,0.825116
2625,1196.0,3483,171.7895771582522,275.99151841360117,261.3119677059614,219.20480944762878,0.908344
2626,1196.0,35206,137.6979656123636,705.135547733786,240.7447878583592,270.86445226621396,0.955539
2627,1196.0,28763,614.4759177969928,886.9392095977937,223.69240244189683,89.0607904022063,0.944007
2628,1196.0,27777,637.6335587237947,293.17382873841865,176.10463388720945,195.68612701569373,0.906696
2629,1197.0,3483,568.333134176743,811.9895117678235,263.6304833493641,164.01048823217653,0.894204
2630,1197.0,35206,614.2349994601916,141.50307115717752,224.45881844525346,402.54039208493646,0.957702
2631,1197.0,28763,162.35870361328125,179.0111541748047,214.67697143554688,202.69667053222656,0.961682
2632,1197.0,27777,178.54662901911905,812.5295272137053,176.38396204656092,163.47047278629475,0.90471
2633,1198.0,3483,567.8579169038552,815.1971573566072,263.9534222013387,160.80284264339275,0.894488
2634,1198.0,20238,603.9151795353722,196.36745395372859,227.36541379995685,213.8654957680247,0.850493
2635,1198.0,28763,129.73567475745426,215.16073623733905,212.88299077479684,202.8300221505476,0.832423
2636,1198.0,27777,178.238358157364,812.9555044509658,174.635606391945,163.04449554903422,0.909058
2637,1199.0,3483,172.34679255653265,272.8455601984532,261.8678018387838,220.3922126808358,0.910339
2638,1199.0,28763,648.7820146263545,849.3514971709131,221.1387608207052,126.6485028290868,0.938634
2639,1199.0,20238,152.68896545716865,851.580615173033,231.4706577320195,124.4193848269669,0.845994
2640,1199.0,27777,638.9621128101445,291.2859727102308,175.6257980576711,196.9947009829421,0.90004
2641,1201.0,12247,583.6285375853879,813.5158286549938,209.72842299878295,157.10468326741122,0.965548
2642,1201.0,16548,584.4782739380496,212.00811629558928,233.01479596468675,226.05406856057633,0.954019
2643,1201.0,3544,143.31564944473345,189.5750447948973,203.19154856312815,195.7736630080333,0.831949
2644,1201.0,21026,102.75283403252836,821.8110830029051,180.05982948188208,154.18891699709488,0.897739
2645,1204.0,22074,686.9123854133952,263.2396743237673,183.86667652225952,186.5038346333719,0.913455
2646,1204.0,3351,394.2961146675762,860.0344186140665,190.0345633808692,115.9655813859336,0.88329
2647,1204.0,32310,63.4498291015625,218.0590362548828,353.70251464843756,253.5929718017578,0.89201
2648,1206.0,22074,92.74955113089865,853.1493024203048,185.99211434982527,122.85069757969522,0.936562
2649,1206.0,3351,395.5295109581109,224.63625676907483,184.91860486514605,181.83510946149207,0.903061
2650,1206.0,32310,568.443760550801,814.4775246471615,356.09598039023234,161.5224753528385,0.854507
2651,1207.0,16232,152.8429480317849,828.3695513087902,191.62192454889194,147.63044869120986,0.899425
2652,1207.0,3483,171.56417601312225,275.62302969927765,261.70250759412295,218.73922514795657,0.909017
2653,1207.0,27777,637.5420740788906,292.4135548960623,175.6953223146985,195.95866048994972,0.907994
2654,1207.0,22347,685.1249303769827,813.2070999528896,215.51093602779517,162.79290004711044,0.896734
2655,1209.0,16232,642.5992244547934,250.49998420446963,188.9790603407664,181.84255966109842,0.897063
2656,1209.0,3483,568.4195621049583,812.3964181257851,263.41397140732965,163.60358187421488,0.895229
2657,1209.0,27777,178.97784232134794,812.017224489145,174.3895543544137,163.98277551085502,0.904771
2658,1209.0,22347,100.28618522145642,259.20993364036985,207.258769893167,197.96783140556298,0.883928
2659,1210.0,34597,67.8614353199101,141.43362526438344,469.1557373353584,383.7569822378495,0.895484
2660,1210.0,20877,118.60324108181288,767.9392467096224,329.2003955936911,208.06075329037768,0.950267
2661,1210.0,3483,651.0795085657782,748.1343963469693,210.36821558966707,227.86560365303072,0.90509
2662,1210.0,35206,657.5408613502082,175.12374341188365,224.9192526352465,403.809078350738,0.959373
2663,1212.0,34597,453.42044174731075,706.7529962434243,486.44584310713725,269.2470037565758,0.917799
2664,1212.0,20877,541.910252556729,292.7313805968318,331.704816195234,235.3285467253259,0.911292
2665,1212.0,3483,141.58944150071648,292.18057987078953,211.12244235091475,257.4272603557338,0.910196
2666,1212.0,35206,95.70233023945413,671.4109184226799,239.7445857369121,304.58908157732014,0.952092
2667,1213.0,22627,103.52810944983707,3.9262293307625473,313.7519528182907,481.6332149026382,0.826356
2668,1213.0,25438,126.79774528771789,835.5108065964588,256.4579559786236,140.48919340354118,0.862992
2669,1213.0,2483,661.8540324302176,67.09816297214834,201.4082261281996,477.50363956623937,0.855617
2670,1213.0,5886,591.2725756467886,680.3515358162884,235.25329221792555,295.64846418371155,0.874546
2671,1214.0,22627,109.91744243679334,34.46566287476813,309.02163220889605,495.2861685441366,0.857913
2672,1214.0,25438,128.984769964937,847.4222338499137,261.9448463018216,128.5777661500863,0.869498
2673,1214.0,2483,655.539501094339,96.51621737072816,199.50139430060446,471.2716076721499,0.864555
2674,1214.0,5886,598.3947824449396,675.6080702585191,246.7935622325495,300.3919297414809,0.873837
2675,1216.0,27926,152.65756938685124,175.91781401514407,266.99997669009116,456.5763989932573,0.932379
2676,1216.0,16551,619.0020638470673,178.36748408792005,280.5059133558417,462.32980454027955,0.905426
2677,1216.0,3544,660.7958291211918,865.9496183922543,215.24476937912226,110.05038160774579,0.726972
2678,1216.0,10221,128.8098166000903,845.8279765526852,231.20625159488853,130.1720234473148,0.926569
2679,1219.0,29345,575.6287246780779,665.8959050010797,288.59219621054484,310.1040949989204,0.936041
2680,1219.0,16551,65.90130661240775,582.3682250976562,332.8263207823787,393.63177490234375,0.885971
2681,1219.0,3544,103.11625993431512,241.95522112822414,203.76537510857514,198.8573225778551,0.820631
2682,1219.0,10221,649.3251836575455,207.4897204068438,222.2150155072238,214.65724964237694,0.909596
2683,1220.0,29345,606.4696636870879,703.4798768009972,282.60842450779273,272.5201231990028,0.942225
2684,1220.0,16551,94.01528554945138,631.8844865195116,334.9768593946294,344.1155134804884,0.870279
2685,1220.0,3544,120.83941194160501,250.51308268638115,209.0046935728447,202.5735714399635,0.851975
2686,1220.0,10221,677.5770542777365,214.24539429937775,225.76253827732387,213.62506394889488,0.851017
2687,1222.0,36637,614.2670502782466,202.8028607392431,185.4361256355017,242.15112228010165,0.935488
2688,1222.0,25367,93.5324579746879,110.4364875908473,323.2288053119602,490.420617338401,0.853183
2689,1222.0,3483,560.7791370794401,811.812946262072,286.7292455932003,164.18705373792798,0.893146
2690,1222.0,27653,60.5072327618623,810.6012131580754,226.44266329818038,165.39878684192456,0.887482
2691,1224.0,25367,117.88097159227534,124.06210396158038,323.64411289847675,502.23158087802284,0.89294
2692,1224.0,36637,642.7657038242972,207.86864613288608,190.62456723313844,247.51322047554672,0.936241
2693,1224.0,3483,588.1873153609845,845.7732270974011,283.22969308210986,130.2267729025989,0.878464
2694,1224.0,27653,95.15898803250874,852.662951292105,221.19137082507265,123.33704870789497,0.861253
2695,1226.0,31885,119.83737454821718,6.033575046002566,325.13079220565714,543.6350364493364,0.915764
2696,1226.0,3483,600.5987337198688,866.7387084960938,259.9370963705245,109.26129150390628,0.907356
2697,1226.0,19861,126.37253831259568,865.967939980665,221.64222172876097,110.03206001933499,0.867829
2698,1226.0,35206,581.6710889039927,95.57758377305227,288.5294339740696,379.5052447295069,0.922873
2699,1227.0,31885,546.8722966639841,694.1987056252945,332.4180346925053,281.8012943747056,0.908882
2700,1227.0,3483,151.3087014816514,218.88546453888094,246.80318500768004,222.38517423850206,0.911399
2701,1227.0,19861,638.119462363085,277.58421548047863,221.37700250520174,170.95629085368248,0.772112
2702,1227.0,35206,108.20186760677167,772.2101185860945,300.7206111122016,203.78988141390545,0.922181
2703,1232.0,20877,591.1388353510717,258.2553833621231,327.6851641017588,243.74876012754203,0.931009
2704,1232.0,3483,145.66307497264154,288.65388511772727,210.3335285282614,255.76397567058936,0.912512
2705,1232.0,31885,540.7254678544089,659.1633046212507,404.63236930502114,316.83669537874925,0.893671
2706,1232.0,29667,131.8133674506566,857.9273914739714,232.1566136805855,118.07260852602857,0.904026
2707,1235.0,1900,152.41611461543556,253.8219858294156,195.04684839296579,162.9418657772505,0.901037
2708,1235.0,16548,620.1277263392157,143.67680059845125,240.9707859365185,228.0645244349187,0.959517
2709,1235.0,21771,159.72680464701438,805.5235356469849,191.39472585706858,170.47646435301507,0.879117
2710,1235.0,33009,550.2498187347873,838.2490182234413,371.7002548141095,137.7509817765586,0.826246
2711,1237.0,31705,171.30804466362574,686.514241434222,249.4773226023919,289.485758565778,0.860756
2712,1237.0,44199,633.6575673165634,802.666264366265,163.37927552803066,173.33373563373507,0.942165
2713,1237.0,1900,105.34234726488889,270.1493657557809,203.66881588116365,123.94280760491915,0.853757
2714,1237.0,16548,613.6358246923091,189.0330462431788,238.61109011856158,224.78334697167477,0.955297
2715,1238.0,44199,205.40735346348444,235.777040491152,158.70329468693558,268.0872419347715,0.929254
2716,1238.0,31705,571.6839464657271,175.43094378140705,248.46983820469532,422.4387305178235,0.886427
2717,1238.0,16548,131.0407657335751,843.7848756109651,243.28546840341835,132.215124389035,0.860797
2718,1238.0,1900,683.2504815336448,878.4441108128533,211.02883435733347,97.5558891871467,0.856917
2719,1239.0,31705,140.16641956118482,642.3686293405503,250.70183298695625,333.63137065944966,0.877878
2720,1239.0,1900,89.26154331226445,258.21899705436357,199.1900395532349,128.06015029983905,0.869986
2721,1239.0,44199,605.4528955814227,769.8638891478879,169.2540881286314,206.13611085211215,0.928108
2722,1239.0,16548,585.0649950803823,180.7743090912325,233.4075010673484,225.25282870345384,0.947185
2723,1242.0,29345,90.60512726750206,703.0169042846065,286.94361056993955,272.9830957153934,0.966793
2724,1242.0,16551,546.279652351111,89.74512888079313,288.95435582453274,466.85254044269186,0.839045
2725,1242.0,1900,158.5930207218956,258.3703139415338,129.0519276527903,199.90010615209837,0.855486
2726,1242.0,44199,637.4098216301232,805.9303996790594,162.5909666128495,170.0696003209406,0.942263
2727,1243.0,30308,62.606299338029245,139.1618648509883,382.6338749411118,426.0829670201594,0.93245
2728,1243.0,3483,609.5566988997722,789.3198772794638,273.15401746280236,186.68012272053627,0.893176
2729,1243.0,27733,123.64237431665163,767.4445310046325,314.5364626783822,208.55546899536753,0.89153
2730,1243.0,35206,597.3719577501766,127.60204794418868,258.27278114203835,390.4919482667243,0.935608
2731,1244.0,3483,121.84378124601278,306.6784431802567,272.9300173658821,200.43377915578884,0.917497
2732,1244.0,35206,122.98999744204421,733.168248468907,270.6038454908821,242.831751531093,0.949094
2733,1244.0,27733,564.7950580539416,262.15378191003845,299.52578566661424,266.30018071313606,0.945608
2734,1244.0,30308,558.0320817956972,686.3630018378021,383.63623752306455,289.6369981621978,0.931175
2735,1245.0,3483,579.283998115578,759.2621555040829,275.73558496829844,208.75536373272607,0.903116
2736,1245.0,30308,53.30370733366539,118.96276380069291,370.0329246329302,419.97866177199467,0.941783
2737,1245.0,27733,87.01679785646985,725.9712944605841,320.8720463891724,250.02870553941588,0.906298
2738,1245.0,35206,569.738153965629,118.32961901947482,250.80098398486592,380.37893983467137,0.929173
2739,1246.0,3483,537.3700868232766,779.1625679054453,267.56612193045316,196.83743209455477,0.899106
2740,1246.0,16262,576.1331480400047,188.85357719689756,237.65811877993485,227.5627133930149,0.886102
2741,1246.0,27777,143.92965736580857,775.5372961609806,180.82867101928093,200.46270383901935,0.914028
2742,1246.0,34597,57.53928754796934,78.55710203084514,392.65911834563445,463.0141672105645,0.910294
2743,1248.0,16262,136.01935719245643,835.4072529395022,249.849626704077,140.5927470604978,0.892718
2744,1248.0,3483,173.43403242101624,273.42558526273945,261.19368908752756,220.0024131889919,0.910495
2745,1248.0,27777,639.4312538645376,293.0049329594751,175.6537754691425,195.38991987525523,0.897371
2746,1248.0,34597,519.2570908129514,666.8460929525559,416.01955425319966,309.1539070474442,0.876394
2747,1250.0,12778,104.54841908977261,69.6489793403664,295.68330268284785,518.8952547773044,0.931547
2748,1250.0,2483,611.9618692829381,85.09150377589853,213.10696303784567,475.7137469574435,0.892306
2749,1250.0,4378,598.3549050182553,701.5916195970084,223.23420109581107,274.40838040299155,0.888054
2750,1250.0,5094,106.70009701216043,810.4171792801901,282.9668229452928,165.58282071980992,0.901345
2751,1251.0,12778,544.1324110174897,653.4814962262483,300.87440314364807,322.51850377375166,0.895919
2752,1251.0,2483,82.2944228972622,678.3332703556846,239.80951832526895,297.6667296443154,0.825335
2753,1251.0,5094,550.8973907010638,192.61953229281173,271.45610406770186,265.862363115627,0.886794
2754,1251.0,4378,138.510572423887,109.6829843952428,212.64224488531525,436.3062811616678,0.898014
2755,1252.0,20877,72.90442308588842,799.1758971861259,323.5303958145218,176.8241028138741,0.950748
2756,1252.0,3483,647.4995739807435,753.033593259265,211.04112113300886,222.96640674073495,0.898011
2757,1252.0,30308,76.28796007165957,77.71284040134756,396.6283584671404,411.5723143917831,0.928877
2758,1252.0,29667,624.114614208739,186.0300530668479,225.48780247673926,215.876616818222,0.91667
2759,1254.0,20877,39.65550854936916,755.2704437102503,325.6986738808791,220.72955628974964,0.943472
2760,1254.0,3483,621.4807027692171,721.4506780729821,209.96810437686477,254.5493219270179,0.907968
2761,1254.0,30308,63.5485707958739,66.28323548283409,387.25556738771985,399.83901180094813,0.935933
2762,1254.0,29667,595.784914869759,181.01120968919307,220.19436415475823,215.02894929665413,0.904248
2763,1256.0,19607,655.0510631158725,273.1675275486318,159.96684778874837,149.76248245622642,0.746489
2764,1256.0,1900,645.4290937107412,828.0957546521671,169.04818403541142,147.90424534783287,0.883163
2765,1256.0,31705,133.1798055064139,127.139366878337,243.05410528901834,422.2413964966433,0.854613
2766,1256.0,16551,90.25717021232873,660.2090316082366,303.2612298553313,315.7909683917634,0.826281
2767,1261.0,16232,648.1895110930628,230.148344183687,193.0068365509186,182.04564593904584,0.892114
2768,1261.0,3483,586.7929080215531,845.4903128925879,284.463792350424,130.5096871074121,0.875809
2769,1261.0,27653,94.44547777798905,852.4804604688482,221.33907805016293,123.5195395311519,0.856054
2770,1261.0,22347,140.40635757829673,168.79693258467628,207.9020749959514,196.2208777192849,0.875633
2771,1262.0,16232,621.192175170285,221.1908548633058,185.8415800315052,183.12365392943724,0.898237
2772,1262.0,3483,559.3303069301587,811.8746123194095,287.0495525724324,164.12538768059048,0.891984
2773,1262.0,27653,59.83159296237045,810.4066462684516,226.06161422346108,165.59335373154835,0.885558
2774,1262.0,22347,123.6690815681189,164.49057466899933,203.98845921808748,193.72838757385554,0.834968
2775,1263.0,16232,141.63028651865284,845.9122648766293,196.28023394867404,130.08773512337078,0.891262
2776,1263.0,3483,131.94829632169638,286.9963711685871,276.4889534034921,176.0741623154837,0.891821
2777,1263.0,27653,671.3084710662689,254.70291321720904,220.69609123498338,200.08747334695943,0.888379
2778,1263.0,22347,645.0530392440719,902.2724305732767,216.1461178573532,73.72756942672339,0.897314
2779,1264.0,36637,227.47959899902344,321.8865661621094,200.2380828857422,238.20462036132815,0.96543
2780,1264.0,3351,390.9467267367109,860.4588754931885,190.8745074248194,115.54112450681146,0.881843
2781,1264.0,31863,637.9092858089275,318.8917854347421,206.6653071264525,209.01505130020223,0.939314
2782,1264.0,29667,227.55731201171875,315.92291259765625,205.97930908203125,241.54943847656247,0.27222
2783,1265.0,36637,507.07183439168494,661.0528766881282,210.13571887759105,252.22785251943296,0.890552
2784,1265.0,31863,80.89433606785144,703.1257410097362,210.3440723515036,214.44458222509022,0.93689
2785,1265.0,3351,356.259109420393,176.4024693474698,184.52655351341676,189.47067061381122,0.888492
2786,1266.0,3351,397.9406839495328,237.51319218161117,185.1306422247959,183.13293779076048,0.899084
2787,1266.0,36637,546.770939045815,751.6697298749608,204.22255380908453,224.33027012503925,0.912001
2788,1266.0,31863,123.46996246031182,790.0097785067918,207.6473514422699,185.9902214932082,0.686549
2789,1269.0,13900,617.6356977146474,762.3223015099915,175.72657415495442,213.67769849000854,0.873056
2790,1269.0,36637,217.34845308083385,768.7803909071725,213.35188285789292,207.21960909282745,0.856549
2791,1269.0,3351,362.000187552754,232.88700306954695,183.69203301051152,181.82101363752352,0.898978
2792,1270.0,16548,113.10411961234395,852.9155359316112,245.85046931127812,123.08446406838885,0.891903
2793,1270.0,27926,145.0780787635688,146.82107497938912,258.124381673995,455.22593374587785,0.912327
2794,1270.0,1900,630.3224907496467,894.7566476179726,211.1412408723305,81.2433523820274,0.855089
2795,1270.0,18110,638.8785289975267,269.3136700960859,304.044790910117,287.9239152304491,0.845589
2796,1272.0,27926,597.4903349756595,670.0598224275675,257.0624493929609,305.94017757243245,0.91473
2797,1272.0,16548,629.4458179569724,176.7357048149684,239.8664428097519,227.23700771619326,0.952914
2798,1272.0,1900,157.5279348555522,249.4843577476003,204.10967043776012,126.56633486340395,0.875808
2799,1272.0,18110,47.20959829205843,739.5238619857098,307.8043263497664,236.47613801429017,0.851885
2800,1273.0,25438,554.3201796948609,203.66148675506437,247.23430568369196,252.403020964196,0.855647
2801,1273.0,2483,106.72604922193977,679.1443009112947,231.84766514457044,296.8556990887052,0.845427
2802,1273.0,13395,112.9648462420133,51.17432200369523,240.24162668199392,482.55401734011855,0.888098
2803,1273.0,6192,546.9829178239833,589.3474305119347,289.4524974727151,386.6525694880653,0.865236
2804,1274.0,25438,122.838097117055,812.2496255079107,255.27627678492559,163.75037449208935,0.871636
2805,1274.0,2483,601.7012013190955,45.06305307359551,216.9759840462077,482.88879425202185,0.889831
2806,1274.0,13395,589.0218564134148,707.220924875844,239.15368560330947,268.7790751241559,0.88267
2807,1274.0,6192,106.70343216939189,80.21049714208249,288.8626581700004,529.430067206148,0.827856
2808,1278.0,3832,146.9886882532781,601.6944984934438,308.57066521572705,374.30550150655625,0.974003
2809,1278.0,38162,621.4039088877003,705.0315284920698,192.19687671757237,270.96847150793025,0.95029
2810,1278.0,3351,417.3066285099816,256.41118771346964,183.70747551846137,181.93400458714473,0.888141
2811,1279.0,31705,124.24874310517431,133.83841893181733,245.27158236863022,421.3681620688894,0.871298
2812,1279.0,1900,647.0162062141762,856.4847065527835,211.36823705932017,119.51529344721654,0.858053
2813,1279.0,16551,90.64942199860384,763.8945576270022,297.6509890148987,212.10544237299774,0.889889
2814,1279.0,21771,674.8309451922698,285.77984343102224,187.30541746820037,181.80619298273598,0.918747
2815,1280.0,31705,607.2661733962783,689.4878239463922,252.56791311292795,286.5121760536078,0.853646
2816,1280.0,1900,122.94477169477759,260.4595228032251,198.84711958535354,147.23936822785794,0.898297
2817,1280.0,16551,573.5303246579577,0.0,285.4093072785805,455.9137390750137,0.854802
2818,1280.0,21771,92.70110623920385,810.797059332306,194.56267712463685,165.20294066769392,0.90713
2819,1282.0,19552,508.29901981832995,593.2725103177017,308.61084720477385,382.72748968229826,0.934317
2820,1282.0,3743,496.05068110940454,126.91151037168261,315.07109598897796,303.848691240627,0.864211
2821,1282.0,2483,60.52864607614489,645.2147845550998,206.49069382557317,330.78521544490025,0.849952
2822,1282.0,13395,83.6354694078915,80.83673682284716,229.90522421065288,485.77619650375897,0.852753
2823,1284.0,19552,125.23695151170895,120.78963662152313,307.1614402886011,495.8332616144689,0.938726
2824,1284.0,13395,628.0869100752788,673.2101741004828,230.753703208425,302.7898258995172,0.842863
2825,1284.0,2483,672.9689401597834,82.31797307460153,205.45973274576014,482.0409663981528,0.853249
2826,1284.0,3743,115.44408202051517,828.9206334406406,323.57010685139574,147.07936655935939,0.871164
2827,1290.0,29345,592.9325352961096,535.649657282997,270.7481434884385,440.35034271700295,0.967448
2828,1290.0,16548,538.6506126825534,140.43353378832643,231.1914645247723,223.60076168194485,0.949682
2829,1290.0,1900,162.10600196416652,256.4698337574101,127.9952588872095,199.49519846547187,0.865298
2830,1290.0,18110,45.12320387183721,721.6766964706344,309.5584617116344,254.32330352936557,0.862383
2831,1293.0,3483,537.9151218740185,778.950179363615,268.02134114174396,197.04982063638496,0.900743
2832,1293.0,20238,576.9851276646906,192.0732568328704,220.5092365514094,212.61334021486826,0.844704
2833,1293.0,27777,144.47088316337548,776.4283254038749,181.0772609998233,199.5716745961252,0.915245
2834,1293.0,30308,113.38518888387249,85.1287454959735,313.71507500883325,448.15909089514963,0.954284
2835,1294.0,35206,679.2997120612831,152.77659307891997,203.19308548357,409.73606450833273,0.924556
2836,1294.0,3483,587.2798701147339,845.5061133303236,284.17281751776466,130.49388666967639,0.877533
2837,1294.0,34597,14.28627842754575,46.5558258133318,414.7631622774518,450.61483442603634,0.909004
2838,1294.0,27653,95.1004209278816,851.5302946004435,222.17277657206935,124.46970539955646,0.862402
2839,1295.0,35206,649.1348278869935,142.8438701533792,200.940706646023,398.4332207914573,0.939521
2840,1295.0,3483,559.6764403683458,812.4205107569095,287.07274133116755,163.57948924309048,0.893143
2841,1295.0,34597,4.741094934281392,24.884370765494346,401.30525537232063,450.5152347123803,0.907513
2842,1295.0,27653,60.6244217187316,810.4891900297386,225.26363729352326,165.51080997026142,0.881551
2843,1296.0,3483,131.17454061076867,288.13777383008795,277.2555239883499,174.82722312122135,0.892396
2844,1296.0,34597,568.7308478427293,734.6517846188954,407.2691521572707,241.34821538110467,0.911304
2845,1296.0,35206,106.3845368198414,689.00593237182,201.62325927120952,286.99406762818,0.895597
2846,1296.0,27653,670.7668607318819,254.4430377135924,220.8634649688875,200.88717567022127,0.89104
2847,1297.0,16548,152.19784645578966,244.92728082858136,231.517500297508,225.53257199388057,0.667313
2848,1297.0,3544,643.535727649478,919.3249757086213,217.49969451750943,56.675024291378676,0.870757
2849,1297.0,4543,157.734562322722,890.9154362510795,212.08894286802666,85.08456374892049,0.871433
2850,1297.0,12420,689.9588564772102,274.05742948139135,181.20013029012256,172.7667296136444,0.910894
2851,1298.0,16548,617.0620466836134,827.8988273275558,237.58400983187428,148.1011726724442,0.962078
2852,1298.0,3544,141.1124708472784,144.29644484016765,208.71847940569552,201.9384067861279,0.830235
2853,1298.0,4543,615.3577936067054,170.4053492713813,209.3592664248979,198.55336182560754,0.900142
2854,1298.0,12420,118.3402735264457,858.6717891213883,186.42266838035397,117.3282108786117,0.909408
2855,1300.0,31885,77.70210116592483,123.90290613989134,456.32073499209923,465.3423765556296,0.935472
2856,1300.0,3483,585.7884481612163,846.0627251246466,284.60853093592965,129.93727487535335,0.880188
2857,1300.0,29667,631.9344372006517,179.2387174673416,225.0005606646513,216.4905218383176,0.914636
2858,1300.0,27653,93.51272398982216,851.8792601925643,221.6500808485788,124.12073980743568,0.85896
2859,1302.0,31885,61.317715553782094,99.83453606840355,449.36799184521243,463.37063061891484,0.940225
2860,1302.0,3483,558.4167983472048,812.0492197928118,287.5734783536825,163.95078020718827,0.891363
2861,1302.0,29667,604.423453019492,175.79278464772594,218.3290711982766,214.54758878928334,0.893577
2862,1302.0,27653,59.44238472943329,809.8468474575023,225.24658655521256,166.15315254249765,0.882881
2863,1305.0,27926,601.4910351930552,157.8970579981205,256.9064512013192,455.7643733192329,0.922844
2864,1305.0,16551,80.63970836083493,673.4233419907152,335.3912549809595,302.5766580092847,0.909854
2865,1305.0,1900,631.4235208022535,894.2670754284117,212.07046278757076,81.7329245715884,0.849575
2866,1305.0,44199,136.0884309701584,292.6448779848952,288.45838046433346,147.5451339645003,0.614324
2867,1309.0,28763,583.2396344515547,870.5992407103879,223.18235617786186,105.40075928961207,0.946834
2868,1309.0,3483,122.14993765366138,306.4668166577516,273.1226874116677,198.65795499715378,0.917974
2869,1309.0,29667,87.66285759240539,860.7653403737438,230.95858994680435,115.23465962625622,0.889586
2870,1309.0,27733,561.4474361553863,257.811394772937,298.41669989351044,261.80993176944287,0.940197
2871,1311.0,3483,579.4347120122095,759.0681127807004,275.7328558686988,208.3654230012365,0.902999
2872,1311.0,27733,93.35803920419971,734.1792145542164,317.11396643863856,241.8207854457836,0.908298
2873,1311.0,28763,175.16472330524692,186.5456914087037,209.18862454975078,201.314359118591,0.924264
2874,1311.0,29667,640.8233596571724,177.13366254490222,218.54202960603814,213.98161323585703,0.899108
2875,1312.0,22627,69.04202197664348,59.23180897391621,325.2366092240991,480.64169618232773,0.846926
2876,1312.0,2483,619.6968647559085,51.51762060424191,250.2429459921678,470.49076636232917,0.851898
2877,1312.0,5094,106.64679211947188,806.1925061096499,278.4428422630732,169.80749389035012,0.810709
2878,1312.0,5886,596.0874011169127,681.6033205578674,235.33879388397077,294.39667944213255,0.887058
2879,1315.0,19232,548.6747188088882,207.3902982012111,290.80629527029686,289.0488538885835,0.952551
2880,1315.0,3351,422.4570511861063,877.7271167237554,190.35638642430905,98.27288327624451,0.883609
2881,1315.0,16688,154.88175481288278,88.29674832904757,266.81590386012095,610.7611700470123,0.704042
2882,1316.0,19232,81.64670279038013,694.6041278168186,306.7586502765292,281.39587218318144,0.96605
2883,1316.0,3351,326.2023750956933,161.5623573034852,185.53243359129638,188.8235676827743,0.89803
2884,1316.0,16688,518.1411264697512,472.2492790797247,287.55795579459794,503.7507209202753,0.928864
2885,1322.0,2483,85.09239863870133,677.1551881723068,238.93268849741875,298.8448118276932,0.817956
2886,1322.0,5094,551.3277483609453,192.9569602467906,270.5783102524341,265.6019598419342,0.885926
2887,1322.0,4378,138.58501499501904,109.46507270851328,212.43815045380705,437.1034513693958,0.901941
2888,1322.0,6192,479.63800539563056,598.8146846905425,343.6345598230409,377.18531530945745,0.804703
2889,1323.0,2483,616.54586193909,52.707456962547106,224.57744809251338,482.295416597146,0.864685
2890,1323.0,5094,102.8397035454985,800.3232406539533,281.18902173833027,175.67675934604668,0.871556
2891,1323.0,4378,588.8873524114715,696.9431753494032,216.57555569596028,279.0568246505968,0.863415
2892,1323.0,6192,123.30763723862232,105.08792543650873,339.4175600598205,501.2425360751511,0.657989
2893,1326.0,3351,369.0390562124588,245.7384625152128,183.78072107976413,182.72875041099053,0.887815
2894,1326.0,20238,601.4351447790712,838.9976386448845,226.22204712527486,137.00236135511545,0.819204
2895,1326.0,18357,160.10936050798423,671.3747527922817,271.4898264515939,304.62524720771825,0.747743
2896,1327.0,29451,514.0949427925763,245.12337873449275,406.43458840835046,218.86716771724838,0.972329
2897,1327.0,16548,167.5700167555306,813.6617584995289,240.2433917174987,162.33824150047107,0.8438
2898,1327.0,44199,175.64112669978311,233.6516687594467,199.15045419050816,262.40820465854654,0.918851
2899,1327.0,1900,643.2358591664378,844.3076282290358,190.32138782290332,131.69237177096423,0.83783
2900,1328.0,29451,70.73037344007635,844.649176362771,416.89630617688056,131.35082363722904,0.972229
2901,1328.0,1900,167.47318647375056,246.47790312647223,182.90544956533157,182.95733029159467,0.824142
2902,1328.0,16548,581.2417559599758,217.09211907314895,236.73460104477456,225.7840741794912,0.953972
2903,1328.0,44199,626.9487356828085,810.6781772632694,206.04915569056217,165.3218227367306,0.931987
2904,1329.0,1900,148.79027783571178,241.09861080610574,181.73111314629793,179.84657425616854,0.854286
2905,1329.0,29451,34.853372717622534,800.1953732284468,421.635968538984,175.8046267715532,0.968018
2906,1329.0,44199,598.624115143589,779.3969843112045,210.59874874862595,196.60301568879555,0.937054
2907,1329.0,16548,553.469818268589,208.27255295029838,232.04354382998986,224.81483896533445,0.941759
2908,1330.0,35206,610.567815886071,120.62315683029404,231.74442770493087,402.0443794595537,0.958169
2909,1330.0,34597,91.09182516893549,163.4653363251806,447.8825376884422,420.07092254485315,0.875506
2910,1330.0,3483,602.7556888446136,843.7505076039376,278.3454927224011,132.2494923960624,0.89072
2911,1330.0,25469,87.67235580521015,828.6090799456266,343.10640482686864,147.3909200543734,0.884577
2912,1331.0,35206,582.5845962601092,109.17862643908019,225.5715028389016,394.61134192691964,0.961452
2913,1331.0,3483,576.1211253410609,810.3833799122566,279.3274744695156,165.61662008774337,0.88617
2914,1331.0,34597,75.31327409600493,129.52071836845363,435.5169432366913,430.3160279240441,0.870568
2915,1331.0,25469,50.475002787221015,788.1463083238458,352.5961519941013,187.85369167615423,0.890285
2916,1332.0,34597,458.97349126614523,648.9978318717612,453.95273317883374,327.0021681282389,0.916825
2917,1332.0,3483,124.3218414843382,271.5580033345438,272.4756529534881,191.00544562411673,0.906367
2918,1332.0,35206,135.00795028916556,726.3980390845829,247.8244177276764,249.601960915417,0.947565
2919,1332.0,25469,572.8894245396906,187.51744900037295,331.8178072982099,286.77820560321135,0.866853
2920,1333.0,36637,157.19232177734375,284.7857072533076,193.27324488654205,245.13703358712507,0.826751
2921,1333.0,20014,580.370919845811,282.93789335471297,340.0751769099403,321.7087916081875,0.887741
2922,1333.0,3351,400.7856474449886,921.1809137238929,190.15052235665627,54.81908627610709,0.879562
2923,1337.0,16548,576.7861371064306,187.23084738266527,237.46276518088501,226.13274026995325,0.962553
2924,1337.0,1900,167.93480670871446,246.20906411942528,182.757721023943,181.45059112088762,0.8166
2925,1337.0,29451,497.4828058750785,822.4757135285804,396.54914311547986,153.52428647141957,0.95633
2926,1337.0,18110,78.213717398332,789.4684577060104,307.7132810659744,186.53154229398953,0.8576
2927,1340.0,31705,135.1987926540662,125.10292536289847,243.14450786341376,422.105506628602,0.859137
2928,1340.0,1900,641.6690084946217,859.413294499843,212.70973857323725,116.58670550015704,0.839232
2929,1340.0,16548,186.53435466517152,823.8488754195783,243.77721646562895,152.15112458042168,0.937325
2930,1340.0,24850,582.1344892798957,284.8584860030132,288.8791258538787,169.98077760629312,0.826041
2931,1345.0,31885,167.0306711628209,131.49814463859826,424.41215047404995,492.689101329401,0.932964
2932,1345.0,3483,601.6379676703831,844.2025701628259,278.0366413365656,131.7974298371741,0.889376
2933,1345.0,25469,83.33061440625981,830.7650701628259,348.2263591517156,145.23492983717418,0.891523
2934,1345.0,29667,618.4411759112947,174.21512944973895,224.96481859983518,215.92810871373473,0.911654
2935,1347.0,31885,410.71850708621236,616.7628100217887,426.14138165191184,359.2371899782113,0.905809
2936,1347.0,3483,126.11303040010846,271.1376224690346,271.16178748356043,190.52133470084806,0.907761
2937,1347.0,25469,574.007646876963,189.32727004774853,332.6581887096617,283.7437165993542,0.865563
2938,1347.0,29667,139.59598982154426,870.8812501226838,231.39481610628826,105.1187498773162,0.882328
2939,1348.0,22074,674.5707612157466,308.8921855370603,185.46001767872568,188.7855959178215,0.863365
2940,1348.0,31863,184.99797717530527,264.463870407948,206.5499680868944,206.82368415564147,0.933591
2941,1348.0,3351,363.3412722486946,879.373348983688,189.08235988904488,96.626651016312,0.882426
2942,1350.0,22074,106.08700665037833,814.1253637572629,185.56965690881162,161.87463624273713,0.933656
2943,1350.0,3351,426.4164194078302,219.0039789401107,184.60535542090332,183.29413531892862,0.898258
2944,1350.0,31863,587.2142241971577,857.9940798965531,206.8336334995288,118.00592010344693,0.86968
2945,1353.0,34597,514.7254062058339,682.789753822825,437.13132956039954,293.210246177175,0.89477
2946,1353.0,16232,153.11904799878297,828.2926025390626,191.45546212507853,147.70739746093741,0.896571
2947,1353.0,3483,171.36489515448335,275.95448479580523,261.88662949758555,219.25499905533516,0.908188
2948,1353.0,27777,637.1633236372292,292.7354940289828,176.1710079327301,196.80606539165552,0.909141
2949,1354.0,36637,165.79371129328283,798.5924596738575,190.4392171121722,177.40754032614242,0.897619
2950,1354.0,20877,540.7701412948531,292.7711505218966,333.02113902029674,235.20386769663753,0.907387
2951,1354.0,3483,141.36213607404702,292.15013728309515,210.94992671180614,257.67574444488065,0.912028
2952,1354.0,30308,572.9883947324513,732.3678294426232,342.71435485533124,243.6321705573767,0.939945
2953,1355.0,20877,85.94713707545296,725.232549159371,331.45281798396286,242.08769586457686,0.940733
2954,1355.0,3483,626.515974955343,716.7644435556689,207.98693663630658,259.2355564443311,0.911461
2955,1355.0,30308,78.87593051776216,44.58980449120603,322.4461413819586,445.5353792276813,0.954068
2956,1355.0,36637,604.7858975664456,203.35116983538296,179.5017924093122,245.88256506224974,0.923695
2957,1357.0,6563,163.6880667221606,671.9565076971772,220.4642848489273,304.04349230282276,0.906037
2958,1357.0,16548,576.5802759525166,168.82606820724718,234.95701376756827,226.40568626825538,0.955211
2959,1357.0,3544,93.46210138522201,228.51428230323984,204.38689748486075,199.9064068051438,0.872917
2960,1357.0,12420,625.0569807656447,814.2860932469966,191.84722747035954,161.7139067530033,0.882917
2961,1358.0,16548,604.8137792846067,175.91630807234415,240.32538823266742,226.13478448762365,0.954522
2962,1358.0,6563,196.03172125888227,713.1032368262208,218.6828834111966,262.89676317377916,0.893443
2963,1358.0,12420,650.7470092773438,845.3079833984375,190.60949707031256,130.6920166015625,0.884858
2964,1358.0,3544,110.84366741851348,240.83351257937636,208.47813323514546,199.24045068175354,0.840124
2965,1359.0,16548,138.9409532403227,854.134900270395,243.55898005039842,121.86509972960506,0.834761
2966,1359.0,3544,673.1199619925801,828.2126967847048,213.70789862397942,147.78730321529522,0.869322
2967,1359.0,6563,581.2824685561596,230.18998925290515,215.36637656053705,338.47701581638654,0.852788
2968,1359.0,12420,162.3127345559585,277.9385285497311,186.70654534574734,179.125015488821,0.92466
2969,1361.0,3351,357.63545664111575,148.9874653265105,184.05690623527795,188.18170296367086,0.905015
2970,1361.0,29667,627.1242494822746,689.8647933269865,232.99593058063763,231.43723377630354,0.914679
2971,1361.0,19232,167.17175001594885,649.7210687225189,241.20279176031528,326.27893127748115,0.920349
2972,1363.0,33880,452.77992762273277,246.33570087375352,433.0883440947414,285.8008473458602,0.925811
2973,1363.0,16262,118.24594254230135,290.28398799417005,245.32198897318622,238.8583036643176,0.898369
2974,1363.0,3351,433.1984624047974,886.953949127964,189.49816833189388,89.04605087203595,0.88478
2975,1366.0,3483,132.2650223161707,287.39933109762677,277.19410590550405,175.51906275150165,0.892083
2976,1366.0,29667,124.03400620503643,862.3395394943467,231.53817304294907,113.66046050565332,0.890638
2977,1366.0,22347,663.8685538900559,835.9380204857295,210.97239002630317,140.06197951427058,0.888938
2978,1366.0,27653,671.6142872565955,255.36150977359944,221.0741613953556,200.23216416248724,0.887168
2979,1367.0,3483,558.6698580794597,811.9410188761187,287.51173929952506,164.05898112388124,0.892481
2980,1367.0,22347,106.43242465071943,225.2912446601906,201.64638293088979,193.96840119481683,0.891201
2981,1367.0,29667,604.4745725698807,175.5798948661766,218.7505533036275,214.62822688883873,0.896601
2982,1367.0,27653,59.57141824463505,810.2677796330285,224.92462188874057,165.73222036697155,0.883433
2983,1369.0,16262,637.509365369327,178.09385106072355,246.95730391459256,229.52597352607765,0.861061
2984,1369.0,3483,600.4106794961134,866.8361460623429,260.1790587458779,109.1638539376571,0.907981
2985,1369.0,22347,118.6088017219275,213.95768768463904,207.42129301905032,197.64442397841265,0.916659
2986,1369.0,19861,126.47856109465786,866.0102082065602,221.22642195045046,109.98979179343984,0.863702
2987,1371.0,3483,573.7015006673995,836.710175020611,261.2468332261893,139.28982497938904,0.912153
2988,1371.0,16262,609.1637729663945,172.1749427833749,240.76755726876564,229.2500045239626,0.870558
2989,1371.0,22347,102.23659066818468,205.2328895300477,203.22759350340567,194.98032175955464,0.910751
2990,1371.0,19861,92.1395579199096,827.067549355665,225.90203412693356,148.93245064433492,0.880588
2991,1372.0,2483,599.5320192269944,107.38680401519315,285.36512273280465,453.98185844996465,0.839832
2992,1372.0,22627,81.52496475909821,96.57003178428765,326.0288601209171,487.30868116215834,0.858624
2993,1372.0,3743,72.77351398563864,814.3093580696451,332.48145589397177,161.69064193035493,0.810889
2994,1372.0,5886,614.52891808898,690.4782555354899,237.12258067682157,285.52174446451005,0.885346
2995,1376.0,1900,641.0457312809162,858.7340213641451,208.23085489704368,117.26597863585496,0.883652
2996,1376.0,33208,153.76115340803136,297.8568352934104,205.9075942303068,194.90953117638975,0.929448
2997,1376.0,16551,90.01329113370808,699.9726958155032,293.7106330909921,276.02730418449676,0.896725
2998,1376.0,33009,585.2782957757538,239.77880521994737,360.21808168037455,239.4022794943958,0.856455
2999,1377.0,1900,151.86589034957504,256.0395474074474,198.69539768851578,155.8090777373194,0.899972
3000,1377.0,16551,607.4121642759696,57.21343727686896,285.7338854919128,481.8500042632596,0.858326
3001,1377.0,33208,642.1450824066621,806.2167974884187,209.91216427596967,169.78320251158127,0.887728
3002,1377.0,33009,47.27473758333292,822.4061690287375,362.4655151367188,153.59383097126255,0.853926
3003,1378.0,3483,151.0979030743316,218.7265138865715,247.25387074839531,222.05896762867076,0.911742
3004,1378.0,22347,623.859335741206,869.0359972469771,212.6741007895926,106.96400275302292,0.905818
3005,1378.0,35206,107.92039597094359,772.8676374425842,301.046554182043,203.13236255741583,0.93255
3006,1378.0,19861,638.622113251806,276.87784687598145,221.03132453036665,170.94830828336023,0.760546
3007,1379.0,22347,161.69805839193526,201.7635094724109,207.5089760785127,196.67105807970515,0.90191
3008,1379.0,3483,600.5741150822472,866.8633281765271,260.030984389722,109.13667182347288,0.906211
3009,1379.0,19861,126.38546369543027,866.1136278315405,221.59862146425482,109.88637216845947,0.865132
3010,1379.0,35206,582.3459478790437,95.53142930994082,289.28311816651615,379.1391170635894,0.922123
3011,1381.0,21325,631.0233283114793,276.3888520667301,237.8083815071452,137.88936488472635,0.976984
3012,1381.0,3351,408.46369573698576,844.4866894285883,188.88331090265774,131.51331057141172,0.902794
3013,1381.0,32310,33.33644104003906,236.7445373535156,377.43585205078125,237.7552795410156,0.876197
3014,1381.0,19232,35.66912841796875,236.3402862548828,367.48498535156244,233.63963317871094,0.271015
3015,1384.0,25367,51.0193474160966,96.70714542254728,415.12805973225505,450.8723635266175,0.893929
3016,1384.0,3483,567.3565431527755,815.4147584234651,264.3986644649027,160.58524157653497,0.894951
3017,1384.0,20238,603.5544025670343,196.0495867705225,226.73824383146206,214.87347611470443,0.850158
3018,1384.0,27777,177.35975593298522,813.5627008946097,175.9412151700887,162.43729910539025,0.908327
3019,1385.0,3483,537.7544064929137,779.223708569704,267.9845449169678,196.77629143029608,0.901063
3020,1385.0,25367,38.735980412468834,79.65625862619984,405.8070470148595,446.4739025633538,0.816482
3021,1385.0,20238,576.7444629765037,191.99099332723188,221.2498441916614,212.8283763482942,0.84641
3022,1385.0,27777,144.39747604293441,775.5811209367148,180.53170446654664,200.41887906328515,0.91443
3023,1386.0,25367,530.8133198340335,701.1475143049231,425.8686333277717,274.85248569507684,0.914762
3024,1386.0,3483,172.92682735884011,273.2497669009108,261.32461593857965,219.57941103221185,0.910563
3025,1386.0,20238,153.0159902141322,851.4403956427647,231.8334857423102,124.55960435723533,0.845077
3026,1386.0,27777,638.9068775272849,291.9733360712253,175.684816293381,196.94790833439657,0.901596
3027,1387.0,20238,601.9075234571294,180.7585183148408,225.4449229791537,217.2735775894855,0.868463
3028,1387.0,22347,111.095234473147,240.0943759170609,207.34179196765072,198.1640466277923,0.911163
3029,1387.0,3483,645.9008417944215,756.5665507100935,200.59683396229175,219.43344928990655,0.903029
3030,1387.0,20877,135.80677312342965,835.3012992820549,278.9344752326083,140.69870071794514,0.954665
3031,1390.0,25438,156.28438963003495,872.509994736868,262.0678600522141,103.49000526313209,0.867142
3032,1390.0,2483,603.8237298553313,109.95229995190797,200.1121136075887,471.95020420707056,0.865187
3033,1390.0,22627,113.40791869043704,162.62599657528366,364.0782944569037,459.037319777599,0.864668
3034,1390.0,22362,604.5284592518256,750.2620622644473,267.1563294377159,225.73793773555272,0.880738
3035,1392.0,25438,154.54733299370386,860.3445633931376,255.8916386743286,115.65543660686241,0.872389
3036,1392.0,2483,603.9633862672739,81.89771351263151,218.86229425938274,481.6819361394374,0.880387
3037,1392.0,22627,108.80321107797288,131.72751360562577,366.4758858992227,456.71063017725356,0.865627
3038,1392.0,22362,596.7560599629005,740.6180343244542,259.45813202977774,235.38196567554573,0.84948
3039,1393.0,16262,135.72402241002376,835.3951164513976,249.3416399165014,140.60488354860234,0.901308
3040,1393.0,3483,173.38191207809064,273.4499373699553,261.7884573624961,219.6944057138721,0.910211
3041,1393.0,22347,681.6373027245604,871.3504982186322,215.29323650724322,104.6495017813678,0.898069
3042,1393.0,27777,638.9167790245172,292.4634942289573,175.9084638279287,195.77566789023243,0.901369
3043,1395.0,3483,537.2103277618562,778.6442027643099,267.8502608256125,197.35579723569018,0.901059
3044,1395.0,16262,575.5412346154601,187.01743841890115,238.2978064762287,228.91306937519624,0.893946
3045,1395.0,27777,143.85271856413414,775.6488561582327,180.69737857071001,200.3511438417674,0.912958
3046,1395.0,22347,87.08043751165496,193.24116493110083,203.277399187711,195.2970134792615,0.904123
3047,1396.0,19552,508.416727037286,596.445835439404,325.6638175926017,379.55416456059595,0.932686
3048,1396.0,2483,81.6108763804987,657.3192252154325,218.13847634780345,318.68077478456746,0.771142
3049,1396.0,13395,80.59627808997378,81.98915667509912,229.89436056625905,485.09760165573965,0.858365
3050,1396.0,5094,523.4020333601602,161.35269318393728,268.49535120671715,267.79108509466283,0.874981
3051,1401.0,3483,126.28751936869406,271.13356194424273,272.59691125304255,189.75231396852425,0.907073
3052,1401.0,25469,574.6656248773163,188.93772221090808,331.9248648025283,283.62087537295855,0.86699
3053,1401.0,22347,650.5365140521945,851.4360563191935,214.44311983501493,124.56394368080646,0.905018
3054,1401.0,29667,136.87277451711682,870.2364265786942,231.89319890467968,105.76357342130572,0.901341
3055,1402.0,33880,461.450837868542,197.43837665193644,390.1105177989557,362.75025579557945,0.962614
3056,1402.0,20238,84.32531251380192,333.7845465118561,227.0812647833896,223.0890180884894,0.760853
3057,1402.0,3351,423.8665127394787,884.0734602578323,191.86513837498035,91.92653974216778,0.894663
3058,1404.0,33880,116.76092651980605,742.3544992418144,399.5658090869386,233.64550075818553,0.962583
3059,1404.0,3351,365.7741150209054,214.5617790797248,184.95542593337774,183.5622688945214,0.897823
3060,1404.0,20238,669.0347691828281,762.4350003189777,229.97176403256532,213.56499968102233,0.819548
3061,1407.0,38162,602.7323997919284,792.8604052366323,245.7511090609296,183.1395947633676,0.958979
3062,1407.0,33880,102.09610936150477,684.9856683932356,314.8882449356156,291.01433160676436,0.92678
3063,1407.0,3351,379.11602890551393,229.89538635560618,183.77818029969183,183.021500783949,0.900585
3064,1408.0,21026,685.4500005520767,274.87143404399933,177.60713448835986,171.97538074895965,0.934981
3065,1408.0,16548,72.00699780334779,809.3067608550565,242.9736354962066,166.69323914494353,0.919169
3066,1408.0,33208,658.1598688633597,897.806110324572,216.6338408963763,78.19388967542794,0.928752
3067,1408.0,1900,187.5472169809006,273.91278750932395,202.3958028668735,136.44162171330282,0.867039
3068,1411.0,36637,642.8909491917595,207.59719833297342,190.55994511129882,247.39428281544443,0.936224
3069,1411.0,30308,67.00891941396436,128.7574139312284,390.2953911402717,420.01697436768796,0.932277
3070,1411.0,3483,588.6196295196687,845.452181255398,283.93912279905385,130.54781874460193,0.875488
3071,1411.0,27653,96.01894750547169,852.2129620882735,221.91122766235964,123.78703791172656,0.861576
3072,1413.0,3483,129.9005129253445,288.8466350612928,277.61833858010766,174.59639184079586,0.888932
3073,1413.0,30308,543.5421940022378,703.8849195930826,394.94595934997255,272.11508040691734,0.911337
3074,1413.0,36637,150.05323937190835,802.582746802862,195.60300250029442,173.41725319713805,0.921062
3075,1413.0,27653,669.9683055781838,254.17261271261088,220.9733644418381,201.03332051799524,0.891322
3076,1414.0,16548,56.08072742864714,776.0742736509696,240.60535174039143,199.92572634903033,0.952329
3077,1414.0,27926,553.9753942441702,600.1516784974677,277.1594756620015,375.84832150253226,0.920814
3078,1414.0,3544,110.31383813445892,193.1563589584887,202.35136758622215,199.28171428124512,0.845332
3079,1414.0,10221,602.7350976071765,191.510142340732,215.19341795648165,215.3294532814217,0.917005
3080,1418.0,31705,596.6542180507026,694.8057134427017,250.91728724187334,281.1942865572982,0.886981
3081,1418.0,1900,127.18560357788702,255.2472912198934,198.20435475105015,149.91937892281234,0.886706
3082,1418.0,16551,107.51670300661019,647.650636605881,288.78051727141565,328.349363394119,0.897148
3083,1420.0,41768,99.49983709900822,237.8617269238036,293.2298622323042,266.50210770650125,0.959541
3084,1420.0,3351,409.880162531407,874.7412281132223,190.4097796109454,101.25877188677768,0.876335
3085,1420.0,16688,543.75731961811,65.40539830653512,272.5105554015193,593.0449381305943,0.916314
3086,1421.0,3351,338.62288677273085,166.24362389645984,184.4181659640978,188.38110497249434,0.896328
3087,1421.0,41768,548.7314956128297,718.5893922738694,305.1940460971852,257.4106077261306,0.93912
3088,1421.0,16688,113.4597381131733,514.3695086761935,271.56419380226333,461.6304913238065,0.816604
3089,1424.0,3483,537.8411622934005,777.0519406112594,267.33627396013264,198.9480593887406,0.903264
3090,1424.0,35206,581.0645957448376,132.5950114187883,223.20201624577962,393.78149444733435,0.956227
3091,1424.0,31885,97.56641387939455,74.3725264659479,362.5646564732844,521.6208023761385,0.907994
3092,1424.0,27777,144.50451928526914,774.8370735513505,180.98500873814882,201.16292644864953,0.913194
3093,1425.0,3483,567.2301172611102,813.0323127478212,263.3569326736221,162.96768725217882,0.895728
3094,1425.0,35206,612.3243098426703,142.89179118554193,225.71817921394072,401.97513783517206,0.958163
3095,1425.0,31885,112.29734664226895,97.08500974262179,373.0168665593594,526.946084180669,0.917739
3096,1425.0,27777,176.9228115369327,812.151482203498,175.49803061940563,163.84851779650202,0.906237
3097,1429.0,29345,605.7384726366205,703.9763695798327,283.59216829999605,272.02363042016725,0.942263
3098,1429.0,16548,125.59761794967267,829.9119857711408,236.81243559104118,146.0880142288592,0.944033
3099,1429.0,3544,120.08434422171894,252.11100278308047,209.077633728334,200.76981027881106,0.852903
3100,1429.0,10221,677.6381155042792,214.38880207310967,225.44460124106877,213.50226719535172,0.847704
3101,1431.0,29345,576.3296361568586,665.117188420128,288.0804863551154,310.882811579872,0.936131
3102,1431.0,16548,90.77446961522699,790.451768731352,240.39895890585743,185.54823126864795,0.943502
3103,1431.0,3544,102.99906315635795,242.0052447295069,203.92254654007343,199.12332475365108,0.816471
3104,1431.0,10221,649.5612998463998,207.44849077541025,221.79179528011161,214.7868768893295,0.908558
3105,1433.0,3351,367.84517589166535,172.54247947194466,182.3486650169795,186.3862018681052,0.895233
3106,1433.0,38162,612.8616719461567,754.3508794583267,286.03091139290194,206.25165960417328,0.799737
3107,1433.0,32310,1.5171191285003969,659.6220923955715,302.77609636316345,316.37790760442846,0.787455
3108,1435.0,13900,167.84130284295014,342.4226038947177,173.91946480142406,252.09075513676777,0.876603
3109,1435.0,3351,398.78155103520527,852.2970771214472,187.7136554047092,123.70292287855281,0.896097
3110,1435.0,20238,589.0717147750471,308.03527985385915,225.3597077796207,216.42024299966621,0.675373
3111,1436.0,3351,348.7450385165574,184.64600713528583,185.75830768220987,188.85163166295334,0.897409
3112,1436.0,13900,598.6686505648358,626.1990614081147,177.50091522063443,265.8731649580913,0.88988
3113,1436.0,20238,110.37845197514673,699.6387043861888,228.90324010801078,228.57104952251487,0.767054
3114,1438.0,12247,173.14695425369035,303.9075407862064,207.23415110219062,124.86857014565012,0.973473
3115,1438.0,16548,204.7370005085241,841.5848063559987,245.94321238455456,134.41519364400128,0.90428
3116,1438.0,6563,581.7286413758244,233.28463967481449,213.3950937549074,334.02453153217255,0.855112
3117,1438.0,3544,697.6561193418263,856.5654729335151,214.11963258676195,119.43452706648486,0.869558
3118,1439.0,6563,165.16756136333524,671.5648901857923,219.89576491159409,304.43510981420775,0.903594
3119,1439.0,16548,512.8789899816466,179.79023182931257,234.93727978270257,224.84509216001888,0.951796
3120,1439.0,12247,590.8689964716159,849.0108983025478,212.9292335701949,126.9891016974522,0.948782
3121,1439.0,3544,73.26906275150165,200.36854100826395,201.61987795422425,198.8728277311852,0.868116
3122,1441.0,3483,577.6658454013229,759.8006131732884,276.9185251207209,208.0228078257498,0.90429
3123,1441.0,36637,593.7104682347283,203.88741697378492,253.91334541359134,168.0231614616049,0.897201
3124,1441.0,27733,93.264929536599,734.54661491049,316.9917114871231,241.45338508951002,0.914065
3125,1441.0,22347,117.5303639550904,172.14122423334936,203.70173606680868,195.24124858607004,0.881566
3126,1442.0,3483,608.3481663076122,790.1751359335742,274.0522933269865,185.82486406642582,0.891062
3127,1442.0,27733,129.48009257100932,777.0849158512289,312.3676012508833,198.91508414877117,0.891862
3128,1442.0,36637,621.1189691744858,208.2693189304678,258.9135803529365,171.4973160633489,0.875982
3129,1442.0,22347,133.92064961955776,177.69979083957384,206.8178432598785,198.44618731168046,0.900085
3130,1444.0,23223,521.3436147411865,629.21998665201,294.9654203635364,346.78001334799006,0.860349
3131,1444.0,2483,94.96146078445206,689.9267894035609,214.6103362270336,286.0732105964392,0.880319
3132,1444.0,3743,482.0898837755673,149.4713905372811,316.6434922721518,304.75905313923136,0.87087
3133,1444.0,4378,136.14444261100425,113.1058488395346,216.97411894678467,435.59425146975104,0.895834
3134,1446.0,23223,120.3572615043602,71.61354686027795,292.3403830983531,500.64326852769705,0.891544
3135,1446.0,2483,632.0594896479467,35.07270874330147,198.69513522200856,479.94983983638895,0.838011
3136,1446.0,3743,129.1350461873577,803.890035811381,326.3223054972126,172.1099641886189,0.879014
3137,1446.0,4378,586.1005273560183,700.6380615234376,226.10322455784782,275.36193847656244,0.864753
3138,1447.0,29451,466.0753123221085,765.967080274419,414.3651578510228,210.032919725581,0.892088
3139,1447.0,16548,44.64279979916674,790.5811592753807,242.03060951424604,185.4188407246192,0.929576
3140,1447.0,3544,102.80591464402087,179.33305949302172,205.42537470678587,198.81470431993955,0.83162
3141,1447.0,10221,628.371632638289,192.39361809965354,218.68839773820275,214.45643600387194,0.903627
3142,1449.0,16548,79.97844880070518,832.1134726366206,237.24264327006125,143.8865273633794,0.948958
3143,1449.0,29451,493.87796633926473,804.66199987977,406.8560062580971,171.33800012023005,0.89503
3144,1449.0,10221,658.2193112780701,199.1538002359208,221.18633634481,213.69946174046504,0.885353
3145,1449.0,3544,118.56187991041635,184.74339777500785,208.733888328974,201.9162930435871,0.844537
3146,1450.0,12778,115.44462060209496,69.17069014352771,290.426977723088,521.9426938157585,0.875903
3147,1450.0,25438,122.87369192305522,812.6663545388074,255.89189308971615,163.33364546119262,0.871536
3148,1450.0,2483,603.3556595232019,43.921332814585625,214.00780544568534,484.0549666054884,0.891825
3149,1450.0,13395,588.2957245333112,706.821933458798,239.42478107088178,269.1780665412021,0.880325
3150,1452.0,12778,118.3637831414764,106.12545484993325,286.6263719108237,516.8706735582208,0.901802
3151,1452.0,25438,125.80040472596136,822.902686957738,259.7162518525244,153.097313042262,0.868711
3152,1452.0,2483,596.1970135099325,83.56308604484826,206.87417955254787,472.02835895787524,0.854166
3153,1452.0,13395,600.481807229507,705.6552237505889,237.2854221669872,270.34477624941104,0.888523
3154,1453.0,3351,458.1005702953243,906.54228417478,189.72391314482564,69.45771582521999,0.881621
3155,1453.0,16688,477.5504081381026,123.53359594297167,420.05220913527603,524.850136915044,0.896919
3156,1453.0,18357,51.66473363751742,305.6837024784567,274.9274443813305,333.93587796771936,0.86468
3157,1455.0,3351,333.6227291241363,192.0765344821029,184.0494271283174,182.4716849782359,0.903572
3158,1455.0,18357,653.3439536549938,649.9920123689737,280.4335508106941,326.00798763102625,0.858751
3159,1455.0,16688,71.70474492365392,622.0879304972127,433.29005531809435,353.91206950278735,0.919683
3160,1458.0,23223,74.20494470644238,166.69512364373136,298.4904970715393,503.5339208248273,0.853908
3161,1458.0,25438,110.56746727258118,830.0439937725738,255.75365306144985,145.95600622742614,0.863359
3162,1458.0,2483,612.6231591306141,68.90817283745388,240.17824289906565,467.03747527922826,0.847474
3163,1458.0,4378,641.6287574959758,708.1839424785059,223.49470773054733,267.81605752149414,0.924732
3164,1459.0,22627,74.34163194205892,188.6695028333808,313.8383043758833,477.50133909292566,0.80921
3165,1459.0,2483,624.4925552444842,72.46518228042066,225.92440688550175,463.9929530464824,0.845904
3166,1459.0,5094,107.5740346860646,809.310823833523,284.3767390418891,166.68917616647693,0.895627
3167,1459.0,12081,649.5890610277952,697.7480456481627,244.77983514987045,278.2519543518373,0.831538
3168,1460.0,22627,547.169283919598,575.1091342331777,316.56747942593825,400.8908657668224,0.788599
3169,1460.0,2483,56.88081495965545,701.8001365469928,253.4850747573316,274.1998634530072,0.860976
3170,1460.0,12081,69.67732833018854,130.70856855382868,229.50650116426863,426.73400541525996,0.822257
3171,1460.0,5094,549.7885383337587,191.2343620415309,271.7957312809162,267.7593098549388,0.890716
3172,1461.0,22627,68.752648473385,158.08305803615247,320.6786068096832,471.12330696451005,0.777595
3173,1461.0,2483,628.7898400081463,37.8573146225819,243.34155518804963,470.1117177992011,0.857332
3174,1461.0,12081,639.08898588401,691.3772233359178,239.5653790804608,284.62277666408215,0.785179
3175,1461.0,5094,103.36597124416024,801.5054594260363,280.60116163090845,174.4945405739637,0.873091
3176,1462.0,25367,520.0826106239203,675.117781595968,428.34523416643776,300.882218404032,0.877341
3177,1462.0,3483,130.31982383536334,288.15321695145656,277.607065478761,175.13122313226285,0.891033
3178,1462.0,20238,132.926851818909,870.1391478878769,231.79619257174548,105.86085211212311,0.859197
3179,1462.0,27653,668.7466774178511,254.91041549605941,221.46419352622488,199.68268289997349,0.890962
3180,1463.0,25367,56.270659346077316,122.06824255708473,424.1704869869368,452.1075717025067,0.921902
3181,1463.0,20238,623.560120242325,177.17575004232592,225.08803600522134,215.86656449667768,0.87357
3182,1463.0,3483,588.7693073521907,845.4319151298486,283.08495695027864,130.56808487015147,0.874261
3183,1463.0,27653,96.03373867782516,852.361929581992,222.37946338749413,123.63807041800811,0.864001
3184,1464.0,25367,46.125635099171404,107.83282532044993,409.3426509071235,447.4775037909273,0.895112
3185,1464.0,3483,560.883977995446,811.6231618909981,286.4244642401462,164.3768381090019,0.895489
3186,1464.0,20238,596.4416957836055,173.62719082472913,218.35979243139542,214.33904139839817,0.872506
3187,1464.0,27653,60.94064148946024,810.951645127493,226.4136442251541,165.04835487250708,0.885257
3188,1466.0,16262,594.567856064993,175.44694005304845,237.48974425349388,229.01601421413713,0.899553
3189,1466.0,3483,559.6669326858904,811.7326650954969,287.24150691200134,164.2673349045031,0.892692
3190,1466.0,22347,105.53147485627599,177.30453077153345,201.00498847386348,197.16083791148122,0.849813
3191,1466.0,27653,60.4655694242698,810.1819789253886,226.01200628999493,165.81802107461135,0.882378
3192,1473.0,19607,152.15793782143137,218.40262883632025,157.01905109654717,153.92721603623585,0.9227
3193,1473.0,1900,613.8428927474284,859.5030922434438,203.86658665642665,116.4969077565562,0.826511
3194,1473.0,16551,571.8551835103251,88.81084108592276,287.5400525577104,483.5196573075338,0.905293
3195,1473.0,21026,124.86126597802243,865.9725807995054,181.18958132949905,110.02741920049463,0.910743
3196,1474.0,3483,610.1452265600464,790.1357891140273,272.73408393284774,185.8642108859727,0.89135
3197,1474.0,27733,126.13754326135069,768.4773890816386,311.95691316690875,207.52261091836138,0.891468
3198,1474.0,36637,619.1777346817092,208.42541756941446,261.0549601645926,168.12371036395353,0.888182
3199,1474.0,34597,69.32701268028374,100.26033150370995,438.8311186363949,429.1247080127198,0.902653
3200,1476.0,36637,592.1209339544403,203.70060553622605,252.67341161373275,169.21421560929647,0.90462
3201,1476.0,3483,581.3101453924899,757.8864835039454,275.2297369415437,209.0224492825456,0.902352
3202,1476.0,34597,54.626269680770804,70.3191691259643,427.3917078372821,434.2323122264153,0.894472
3203,1476.0,27733,88.12774892068987,725.4678185237713,320.5937529137387,250.5321814762288,0.920929
3204,1477.0,3351,651.9488448713294,287.9685161341375,181.44973678205488,183.9575449881242,0.897039
3205,1477.0,18357,358.4797867818094,680.664736953812,249.85570414940918,295.33526304618795,0.868982
3206,1477.0,36637,87.858679651615,232.24564963489323,240.14447328193705,212.92019223927258,0.734372
3207,1480.0,16548,171.29073851312225,834.7375055821097,243.62205451696963,141.26249441789025,0.930029
3208,1480.0,6563,589.925404304236,239.87832840962628,214.13936105085966,338.53485996878925,0.870685
3209,1480.0,3544,641.1788780940838,875.4410225566307,216.31715063353866,100.55897744336923,0.865194
3210,1480.0,10221,159.7326756002915,261.96660916889135,218.77705981383968,211.0844501131144,0.910955
3211,1483.0,28763,631.629765956246,896.9020039160647,221.3354890909627,79.09799608393527,0.930913
3212,1483.0,3483,151.41950413689543,218.67470884083502,246.62359450450487,222.3542259638034,0.910827
3213,1483.0,19861,638.3295309555591,277.3194912857745,221.15504125853874,170.70802882208903,0.765934
3214,1483.0,35206,107.6564258211222,772.7376466684005,301.26556519168105,203.26235333159946,0.930965
3215,1485.0,28763,148.41991650758678,168.54289490972928,211.8090177756457,201.97429645480824,0.933038
3216,1485.0,3483,600.3204894712821,866.7864514834918,260.1432265085192,109.21354851650825,0.906995
3217,1485.0,19861,126.3330514419019,865.6652620401815,221.6474699087479,110.33473795981857,0.864784
3218,1485.0,35206,583.879215719712,94.67396169691229,286.55430871397994,379.06426541889135,0.919839
3219,1488.0,3351,392.4599206052233,206.31728842270437,183.99938980179223,182.3429302426439,0.898422
3220,1488.0,21325,208.9165832672886,825.4763539376571,202.8430819104065,150.52364606234295,0.854021
3221,1488.0,31863,625.957272630241,830.4231573516998,206.04385176615494,145.57684264830016,0.719724
3222,1489.0,20014,536.181789379024,287.3535738997723,341.6710306292203,318.45063237329214,0.862059
3223,1489.0,3351,402.1524481845261,849.7041724123548,189.46443843362323,126.29582758764526,0.884559
3224,1489.0,20238,181.48133850097656,283.2163391113281,225.32203674316406,218.01416015624997,0.940784
3225,1489.0,3351,184.80413818359375,280.76873779296875,226.3363037109375,219.49218750000003,0.704708
3226,1492.0,21325,183.42137092321963,277.61161213783765,163.2310967373489,229.8714821973637,0.939537
3227,1492.0,3351,379.14614622796597,904.5968042114871,190.2989343997821,71.4031957885129,0.881205
3228,1492.0,18147,528.317435259795,298.08841586472397,340.99580053588255,354.5679006912003,0.858046
3229,1493.0,21325,598.8022344387955,720.3379455259696,159.7125455770061,241.31165654934836,0.759237
3230,1493.0,3351,368.0933293481568,136.27764831236257,184.129453879505,190.68916941887173,0.89748
3231,1493.0,18147,57.767389767134006,543.9117017583034,348.4339821973637,378.1258296487318,0.939828
3232,1497.0,3483,565.218317846557,839.1035723662258,262.15514124577965,136.89642763377427,0.908438
3233,1497.0,19861,85.15147522586075,826.3587723161708,226.15150466995615,149.64122768382927,0.885834
3234,1497.0,29667,608.259178276637,198.90620115653957,222.2676314924231,214.94714731187676,0.8736
3235,1497.0,34597,60.955155684121294,56.65660626205368,303.7281790115127,509.6596142946175,0.836577
3236,1500.0,38162,197.92955500157035,732.3175665313875,186.82291063471652,243.68243346861257,0.945912
3237,1500.0,3351,351.42756215771243,237.350661694704,183.8358714041398,182.41771862854307,0.903644
3238,1500.0,41768,564.2144606700494,861.5625282172581,356.7998638824003,114.43747178274187,0.741928
