annotation_id,image_id,category_id,bbox_x,bbox_y,bbox_w,bbox_h,score
1,1,27926,599.0074462890625,673.4461669921875,255.834716796875,478.983154296875,0.8567904233932495
2,1,1900,158.0471954345703,251.09640502929688,204.09471130371094,125.40093994140625,0.7891307473182678
3,1,16551,555.423583984375,70.07196044921875,402.869873046875,405.82977294921875,0.7483876943588257
4,1,24850,171.58895874023438,739.5855712890625,181.654541015625,293.414794921875,0.6247517466545105
5,10,29451,102.96437072753906,235.79771423339844,408.79319763183594,219.31690979003906,0.9538160562515259
6,10,21771,642.4166259765625,289.6625061035156,188.14892578125,183.45318603515625,0.9109702706336975
7,10,16548,102.269287109375,808.3135986328125,241.10693359375,236.325439453125,0.80544114112854
8,10,1900,643.8778076171875,845.031982421875,189.0048828125,188.4918212890625,0.7492444515228271
9,100,16548,586.7518310546875,131.07229614257812,231.946044921875,225.65396118164062,0.9409837126731873
10,100,33009,519.2462158203125,791.497314453125,382.810302734375,208.7806396484375,0.8467873930931091
11,100,1900,135.0296630859375,243.91717529296875,190.726806640625,162.197998046875,0.8324393630027771
12,100,18110,45.229034423828125,747.2652587890625,307.76116943359375,297.92236328125,0.5689407587051392
13,1003,34597,38.42388916015625,160.83433532714844,450.0594482421875,414.92189025878906,0.8617793321609497
14,1003,3483,607.759765625,790.5316162109375,275.1241455078125,209.3033447265625,0.8214675188064575
15,1003,27733,123.12127685546875,767.9251708984375,314.25244140625,275.675048828125,0.8188468813896179
16,1003,16232,648.1602783203125,184.8577117919922,192.309814453125,179.61207580566406,0.7647017240524292
17,1004,27733,566.5782470703125,263.21868896484375,296.405029296875,265.6561279296875,0.9275163412094116
18,1004,3483,124.4278564453125,305.8945617675781,271.69842529296875,199.5989990234375,0.8693145513534546
19,1004,16232,141.55633544921875,892.744384765625,196.91696166992188,193.78466796875,0.8479090332984924
20,1004,34597,510.657470703125,657.7001953125,460.010498046875,440.7691650390625,0.8393643498420715
21,1005,27733,88.1636962890625,728.601806640625,319.4306945800781,278.627197265625,0.8647054433822632
22,1005,3483,579.6243896484375,759.4365234375,274.739013671875,207.6839599609375,0.8465235233306885
23,1005,34597,20.597076416015625,127.164794921875,442.4052429199219,423.9869384765625,0.8171790242195129
24,1005,16232,619.1932983398438,178.43780517578125,188.19873046875,182.46551513671875,0.7763294577598572
25,1006,25367,42.90513610839844,178.138427734375,451.75856018066406,422.5963134765625,0.8750328421592712
26,1006,25469,48.86578369140625,855.4677734375,377.505126953125,221.34326171875,0.8227325081825256
27,1006,3483,602.414306640625,844.6846923828125,278.83837890625,187.579345703125,0.8156285285949707
28,1006,20238,618.289306640625,196.0260009765625,226.922607421875,216.3223876953125,0.7720939517021179
29,1007,25367,31.766128540039062,154.8018798828125,435.55137634277344,423.1107177734375,0.8458448648452759
30,1007,25469,11.375732421875,811.4337158203125,386.7738037109375,223.59130859375,0.8426694869995117
31,1007,3483,575.1563110351562,811.0555419921875,280.47509765625,193.2845458984375,0.8018348217010498
32,1007,20238,590.2261962890625,191.49058532714844,222.298095703125,213.74879455566406,0.7155990600585938
33,1009,25469,11.721282958984375,812.447998046875,386.3705749511719,222.0081787109375,0.8465002775192261
34,1009,16262,546.800048828125,186.22213745117188,238.7965087890625,228.54815673828125,0.8251301646232605
35,1009,3483,575.7006225585938,810.5667724609375,279.9383544921875,193.7314453125,0.8048626780509949
36,1009,22347,78.44003295898438,198.44000244140625,201.97390747070312,194.3699951171875,0.6799269318580627
37,1010,25469,49.02337646484375,855.680908203125,378.03326416015625,221.302978515625,0.8239266276359558
38,1010,3483,602.77197265625,844.866943359375,278.6527099609375,188.50732421875,0.8151548504829407
39,1010,16262,573.8529052734375,195.36575317382812,244.693115234375,231.641357421875,0.7645170092582703
40,1010,22347,93.56503295898438,206.30194091796875,208.15969848632812,198.48699951171875,0.7141395807266235
41,1012,16548,611.4461059570312,157.330322265625,233.060302734375,224.6492919921875,0.9181471467018127
42,1012,27926,571.570068359375,623.81103515625,260.8388671875,494.5126953125,0.8523549437522888
43,1012,1900,141.30657958984375,241.59603881835938,198.03179931640625,128.90252685546875,0.7731181979179382
44,1012,24850,138.82763671875,702.2901611328125,186.27059936523438,296.863525390625,0.6727166771888733
45,1013,27926,143.5126953125,144.31915283203125,259.7120361328125,456.37054443359375,0.8690645098686218
46,1013,16548,103.83447265625,865.34228515625,243.03326416015625,239.427490234375,0.8300782442092896
47,1013,1900,630.7943115234375,892.293212890625,209.86962890625,132.5772705078125,0.7443299889564514
48,1013,24850,637.967041015625,273.30615234375,178.43994140625,279.1068115234375,0.6811230778694153
49,1014,16548,639.55615234375,164.66082763671875,238.3385009765625,224.4971923828125,0.9387156367301941
50,1014,27926,599.8760986328125,670.9471435546875,256.3365478515625,483.9197998046875,0.8538685441017151
51,1014,1900,158.02688598632812,251.706787109375,204.0733642578125,125.439697265625,0.7874243259429932
52,1014,24850,171.58331298828125,739.5181884765625,181.81689453125,294.022216796875,0.6160492300987244
53,1015,35206,657.8453369140625,172.89239501953125,225.984375,402.4874267578125,0.95359206199646
54,1015,20877,117.58958435058594,767.8328857421875,330.47084045410156,230.1427001953125,0.9299496412277222
55,1015,30308,67.71905517578125,122.893798828125,401.83447265625,406.647705078125,0.8949610590934753
56,1015,3483,651.067626953125,748.2276611328125,210.77685546875,270.18798828125,0.8362228274345398
57,1016,35206,96.91521453857422,668.905029296875,239.75714874267578,414.1375732421875,0.941359281539917
58,1016,30308,534.7012939453125,722.18310546875,410.790283203125,414.79150390625,0.8810460567474365
59,1016,3483,141.70269775390625,292.36566162109375,210.74456787109375,257.60870361328125,0.8575279712677002
60,1016,20877,543.185546875,294.44647216796875,329.292724609375,232.74346923828125,0.8557481169700623
61,1018,27733,562.0355834960938,260.1656494140625,295.6094970703125,262.21478271484375,0.9289935231208801
62,1018,3483,123.78227233886719,306.67486572265625,272.49183654785156,199.0726318359375,0.8684995770454407
63,1018,29667,88.4195556640625,861.50537109375,232.35858154296875,228.325927734375,0.8271142840385437
64,1018,30308,435.87432861328125,742.613525390625,479.9078369140625,308.1275634765625,0.7002059817314148
65,1019,29667,669.0628662109375,181.98321533203125,226.025390625,212.87969970703125,0.8415889143943787
66,1019,3483,608.467041015625,790.693359375,274.3719482421875,209.78466796875,0.8224431872367859
67,1019,27733,129.1844482421875,775.9161376953125,314.30517578125,275.02783203125,0.8124388456344604
68,1019,30308,93.2169189453125,213.8157196044922,469.110595703125,297.18690490722656,0.7646170854568481
69,102,16548,614.16845703125,135.49856567382812,238.9642333984375,228.5618896484375,0.9477097988128662
70,102,1900,151.87469482421875,253.8065948486328,195.38775634765625,162.84849548339844,0.8212263584136963
71,102,18110,79.11981201171875,789.08935546875,306.54833984375,289.57421875,0.7155172228813171
72,102,33009,550.01904296875,836.8018798828125,373.56884765625,199.0606689453125,0.6995300650596619
73,1020,27733,93.25039672851562,733.0706787109375,317.900390625,279.0791015625,0.8582375049591064
74,1020,29667,639.9488525390625,177.70704650878906,219.7777099609375,213.77684020996094,0.8472409248352051
75,1020,3483,579.0698852539062,759.402099609375,275.6671142578125,208.13037109375,0.8407698273658752
76,1020,30308,73.58074951171875,192.85110473632812,460.5194091796875,294.43963623046875,0.7754678726196289
77,1022,29451,34.023956298828125,800.0272216796875,424.9286193847656,227.109130859375,0.9689489603042603
78,1022,33208,583.0374755859375,810.883544921875,214.0452880859375,204.586181640625,0.8794551491737366
79,1022,16551,625.7833251953125,24.95965576171875,283.070068359375,463.61181640625,0.834790050983429
80,1022,1900,148.391357421875,240.5213623046875,182.28558349609375,180.320068359375,0.7431803345680237
81,1023,29451,70.92201232910156,843.6419677734375,416.31163024902344,217.332763671875,0.9709365367889404
82,1023,33208,610.7990112304688,843.9774169921875,210.729248046875,200.0673828125,0.884916365146637
83,1023,16551,656.3501586914062,27.997406005859375,290.193359375,480.7777099609375,0.8367552757263184
84,1023,1900,166.98965454101562,246.7767791748047,183.04412841796875,182.26075744628906,0.6780778169631958
85,1025,28763,642.9727783203125,862.3719482421875,224.202880859375,212.5408935546875,0.9171713590621948
86,1025,3483,142.18026733398438,291.6187744140625,210.86520385742188,257.9976806640625,0.8564443588256836
87,1025,20877,543.4566650390625,293.625244140625,329.509765625,233.02655029296875,0.8557625412940979
88,1025,16262,108.70263671875,835.9171142578125,250.13528442382812,242.3936767578125,0.7967319488525391
89,1026,20877,116.65447998046875,768.335205078125,331.274658203125,231.356689453125,0.9257777333259583
90,1026,28763,134.22381591796875,205.38168334960938,213.159423828125,200.80316162109375,0.9108791947364807
91,1026,3483,650.9852294921875,748.9241333007812,210.239501953125,270.5430908203125,0.843734622001648
92,1026,16262,629.9185791015625,191.61358642578125,244.774169921875,231.4732666015625,0.7351166009902954
93,1027,3351,353.86431884765625,882.6116943359375,190.672607421875,192.37158203125,0.8215755224227905
94,1027,13900,190.46969604492188,283.4085693359375,198.9190673828125,236.3929443359375,0.7262402176856995
95,1028,3351,392.3946533203125,155.3548583984375,184.89453125,189.5975341796875,0.8338714838027954
96,1028,13900,553.63623046875,708.2741088867188,206.80224609375,249.1409912109375,0.7213854789733887
97,1028,16232,136.10687255859375,781.120849609375,191.90380859375,188.346435546875,0.5245975852012634
98,1029,3351,435.32928466796875,214.90731811523438,184.770751953125,183.63323974609375,0.8142045140266418
99,1029,13900,593.9331665039062,796.281982421875,201.2613525390625,244.158447265625,0.7776525020599365
100,1029,16232,178.03225708007812,867.0318603515625,189.58416748046875,192.29150390625,0.43301236629486084
101,1030,35206,568.7841186523438,120.96076965332031,252.78173828125,377.40184020996094,0.9193203449249268
102,1030,27733,89.20683288574219,728.7958374023438,318.90565490722656,278.0311279296875,0.8642057180404663
103,1030,3483,580.8739013671875,758.8742065429688,274.26318359375,207.148681640625,0.8372892141342163
104,1030,34597,47.060302734375,143.847412109375,446.23077392578125,415.3814697265625,0.7805458903312683
105,1034,28763,650.2703857421875,882.8179931640625,222.409423828125,212.35009765625,0.8842703104019165
106,1034,3483,152.21630859375,219.1221923828125,246.83526611328125,220.651611328125,0.8674062490463257
107,1034,36637,94.55532836914062,907.400390625,273.92572021484375,167.54736328125,0.8240084648132324
108,1034,19861,637.4488525390625,277.30572509765625,221.973876953125,169.7314453125,0.5927755236625671
109,1039,28763,126.00250244140625,214.1649627685547,213.48583984375,202.58106994628906,0.911241352558136
110,1039,25469,49.1466064453125,855.806396484375,377.3536376953125,221.405029296875,0.8278892636299133
111,1039,3483,602.477294921875,844.443603515625,278.8927001953125,187.7686767578125,0.8117462992668152
112,1039,16262,574.1119384765625,195.266357421875,244.507568359375,231.33514404296875,0.7679833173751831
113,104,21325,617.061767578125,760.6934814453125,175.3592529296875,230.761962890625,0.9504230618476868
114,104,3351,325.45806884765625,204.59136962890625,181.42303466796875,187.9132080078125,0.8223382234573364
115,104,18357,105.46011352539062,607.253173828125,251.80303955078125,371.0526123046875,0.7699300646781921
116,1041,28763,651.5450439453125,853.049072265625,223.42724609375,212.081787109375,0.8962118029594421
117,1041,3483,123.98260498046875,270.7815246582031,274.6273193359375,190.74127197265625,0.8487495183944702
118,1041,16262,165.32626342773438,834.7928466796875,250.91290283203125,242.045166015625,0.8342326283454895
119,1041,25469,571.8917236328125,230.5984649658203,375.02783203125,219.31297302246094,0.739301323890686
120,1043,3351,315.60101318359375,171.1453857421875,180.3115234375,185.238525390625,0.8409635424613953
121,1043,18357,47.3446044921875,623.9652099609375,275.0213623046875,355.470458984375,0.8285709619522095
122,1043,35206,513.7301025390625,597.35107421875,245.104736328125,423.623779296875,0.797734797000885
123,1044,3351,354.3406982421875,228.03717041015625,182.48388671875,182.801513671875,0.8529722094535828
124,1044,18357,89.30535888671875,720.3294677734375,274.1548767089844,355.6529541015625,0.8347873687744141
125,1044,35206,553.5711669921875,694.880615234375,239.8521728515625,416.168701171875,0.7171080708503723
126,1045,20877,40.856109619140625,755.4964599609375,329.1573181152344,251.979248046875,0.9116384387016296
127,1045,28763,133.16696166992188,211.95306396484375,209.16473388671875,200.84014892578125,0.8819481134414673
128,1045,29667,595.722412109375,176.29815673828125,219.615234375,217.12677001953125,0.8710048794746399
129,1045,3483,625.116943359375,718.8046875,208.99462890625,273.50341796875,0.8581475019454956
130,1046,20877,73.25930786132812,798.3333740234375,328.326416015625,241.39306640625,0.9234203100204468
131,1046,29667,623.8328857421875,182.34156799316406,224.40234375,215.96092224121094,0.8636651635169983
132,1046,28763,151.64022827148438,223.03314208984375,213.506591796875,202.1148681640625,0.8582146763801575
133,1046,3483,649.911865234375,749.4957275390625,210.98974609375,270.38671875,0.8460549116134644
134,1047,28763,625.9913330078125,844.3812255859375,224.389892578125,211.7080078125,0.8904750347137451
135,1047,20877,589.3721923828125,260.89630126953125,325.201416015625,240.2548828125,0.8893574476242065
136,1047,3483,142.13702392578125,291.1373291015625,210.92861938476562,256.65185546875,0.8574079871177673
137,1047,29667,133.33001708984375,860.7354736328125,232.20611572265625,227.563720703125,0.8317395448684692
138,1050,22362,608.4140625,779.223388671875,254.380615234375,408.19091796875,0.8502759337425232
139,1050,2483,649.52685546875,82.23712158203125,202.287353515625,485.5576171875,0.77674800157547
140,1050,22627,93.54620361328125,181.8900146484375,331.95501708984375,462.2735595703125,0.7488017678260803
141,1050,5094,135.61190795898438,846.833740234375,280.260009765625,275.64111328125,0.6775098443031311
142,1051,4378,142.22488403320312,109.17445373535156,209.8853759765625,435.60118103027344,0.8491494059562683
143,1051,5094,552.0408935546875,192.219970703125,272.0782470703125,267.962890625,0.8230445384979248
144,1051,23223,489.0888366699219,661.6292724609375,383.6555480957031,465.4105224609375,0.8117440938949585
145,1051,2483,84.68075561523438,678.0869140625,235.75994873046875,480.086181640625,0.6841313242912292
146,1053,23223,80.94479370117188,80.78155517578125,376.24725341796875,459.88348388671875,0.8963834047317505
147,1053,5094,103.22940063476562,800.6412353515625,280.2623291015625,274.436279296875,0.8045637011528015
148,1053,4378,592.372314453125,696.5079345703125,213.63671875,456.959716796875,0.8014819025993347
149,1053,2483,616.100341796875,50.15171813964844,222.2816162109375,484.03529357910156,0.7704723477363586
150,1055,31885,55.44438171386719,32.795654296875,425.76002502441406,483.646240234375,0.8910740613937378
151,1055,27733,83.11138916015625,733.9482421875,325.96771240234375,267.699462890625,0.862371563911438
152,1055,29667,648.1490478515625,185.89129638671875,220.4775390625,213.57403564453125,0.8431726098060608
153,1055,3483,572.9700927734375,767.9234619140625,276.39404296875,205.0244140625,0.8359423875808716
154,1056,31885,70.779541015625,52.140380859375,439.87457275390625,485.2320556640625,0.9001206755638123
155,1056,27733,117.57176208496094,776.5531005859375,320.08949279785156,264.828125,0.8685144782066345
156,1056,3483,601.1485595703125,799.913818359375,276.526123046875,205.108642578125,0.8395708799362183
157,1056,29667,677.2609252929688,190.16424560546875,226.6302490234375,213.426513671875,0.8232297301292419
158,1057,4378,639.339599609375,704.9287109375,223.141357421875,455.488525390625,0.8843486905097961
159,1057,12778,82.45416259765625,79.78157043457031,328.0452880859375,494.33824157714844,0.8723035454750061
160,1057,25438,111.033203125,829.77099609375,256.009521484375,255.6988525390625,0.7638572454452515
161,1057,2483,613.6793212890625,68.88641357421875,239.853271484375,466.19451904296875,0.7352582812309265
162,1058,4378,651.9482421875,707.031494140625,221.0003662109375,470.564208984375,0.8807733058929443
163,1058,12778,84.12065124511719,103.252685546875,329.00196838378906,508.71661376953125,0.8381257653236389
164,1058,25438,111.4207763671875,842.386962890625,262.78167724609375,263.9552001953125,0.7942699790000916
165,1058,2483,601.4237060546875,103.5009765625,249.9674072265625,456.614013671875,0.7922789454460144
166,1060,13395,114.66455078125,49.177978515625,242.28744506835938,483.48089599609375,0.8026224970817566
167,1060,25438,556.8466186523438,206.50881958007812,246.657470703125,250.08056640625,0.7712798714637756
168,1060,2483,116.890869140625,674.489013671875,217.20108032226562,499.144775390625,0.7440894246101379
169,1060,22627,532.7451782226562,645.342529296875,349.350830078125,466.34912109375,0.7437489628791809
170,1064,34597,63.15803527832031,131.42376708984375,450.13511657714844,414.82196044921875,0.8312302827835083
171,1064,25469,48.944488525390625,855.46142578125,377.5716552734375,221.267578125,0.821463942527771
172,1064,3483,602.8575439453125,844.7623291015625,278.045166015625,187.8779296875,0.8155867457389832
173,1064,20238,618.4737548828125,196.2377166748047,226.626708984375,216.05079650878906,0.7734181880950928
174,1065,34597,486.3484802246094,688.3192138671875,463.7619934082031,429.7159423828125,0.861392080783844
175,1065,3483,124.3935546875,271.695068359375,273.0205078125,190.46820068359375,0.8472200036048889
176,1065,20238,139.5251007080078,850.2711181640625,231.89634704589844,226.3623046875,0.7637452483177185
177,1065,25469,571.7001953125,231.39044189453125,375.664794921875,218.8841552734375,0.715595006942749
178,1067,27653,670.25390625,256.7042236328125,222.435546875,198.6824951171875,0.8337370753288269
179,1067,16262,117.24720001220703,845.8463134765625,251.29955291748047,240.9669189453125,0.8237447738647461
180,1067,31885,559.837890625,670.464599609375,398.4686279296875,533.402587890625,0.817173957824707
181,1067,3483,130.7733154296875,288.10931396484375,277.8748779296875,175.2061767578125,0.8144503235816956
182,1069,16548,642.9962158203125,164.9248504638672,237.515380859375,225.97828674316406,0.9462502598762512
183,1069,21771,116.65304565429688,203.3494873046875,190.68881225585938,185.83026123046875,0.9165281057357788
184,1069,21026,138.25067138671875,867.5262451171875,178.70953369140625,176.586181640625,0.873070478439331
185,1069,1900,623.312744140625,887.2540283203125,205.802001953125,142.183349609375,0.729969322681427
186,1070,21771,686.1364135742188,881.8525390625,198.94384765625,193.828369140625,0.9107954502105713
187,1070,21026,672.8438720703125,272.22186279296875,177.83203125,172.51727294921875,0.907347559928894
188,1070,16548,101.46917724609375,864.4901123046875,242.427734375,239.3194580078125,0.8365325331687927
189,1070,1900,175.48455810546875,280.749755859375,201.4830322265625,137.20953369140625,0.7299965620040894
190,1073,36637,635.98681640625,177.18588256835938,181.68603515625,243.5582275390625,0.8943274617195129
191,1073,27777,143.41867065429688,774.59521484375,180.75588989257812,205.55322265625,0.8601969480514526
192,1073,3483,537.0213623046875,778.437744140625,266.267333984375,225.19287109375,0.8417439460754395
193,1073,22347,115.00296020507812,199.78379821777344,202.64044189453125,194.01124572753906,0.8222435712814331
194,1075,29871,603.0519409179688,772.2801513671875,207.7406005859375,223.2081298828125,0.9578401446342468
195,1075,16551,91.1729736328125,593.7669677734375,342.52117919921875,464.683837890625,0.8228387236595154
196,1075,4543,610.834228515625,142.28854370117188,204.9361572265625,200.43350219726562,0.7914356589317322
197,1075,3544,101.59042358398438,161.27056884765625,203.69931030273438,198.463134765625,0.7052788138389587
198,1076,29871,167.94171142578125,277.8790283203125,205.38189697265625,212.6666259765625,0.8941752910614014
199,1076,4543,133.86480712890625,916.921630859375,212.22186279296875,210.675537109375,0.8344323039054871
200,1076,3544,668.0534057617188,899.0709228515625,216.8299560546875,214.533203125,0.7827202081680298
201,1076,16551,536.2447509765625,191.62046813964844,327.7176513671875,438.23280334472656,0.655166745185852
202,1077,29871,630.0831298828125,808.6824951171875,204.860595703125,217.455078125,0.9449970126152039
203,1077,4543,639.0425415039062,142.52532958984375,211.093505859375,203.74221801757812,0.8014882802963257
204,1077,16551,124.89019775390625,644.705078125,334.93475341796875,459.576904296875,0.7990862727165222
205,1077,3544,116.10808563232422,166.5088653564453,210.90021514892578,202.57554626464844,0.7262768149375916
206,1079,20877,71.11669921875,798.136474609375,326.91033935546875,242.81396484375,0.9262850880622864
207,1079,29667,624.96484375,184.95767211914062,224.66357421875,217.3333740234375,0.8832504153251648
208,1079,22347,119.18704223632812,219.62210083007812,207.7607421875,197.663818359375,0.8691353797912598
209,1079,3483,646.9288330078125,752.48388671875,210.583740234375,270.6025390625,0.8290784358978271
210,108,12778,109.7523193359375,47.77288818359375,287.5943603515625,521.6289672851562,0.8606197834014893
211,108,22362,586.1710815429688,744.428955078125,258.7222900390625,406.796142578125,0.8341237902641296
212,108,25438,143.297607421875,844.5963134765625,257.11175537109375,253.608642578125,0.7824677228927612
213,108,2483,601.5509033203125,81.57197570800781,251.024169921875,474.54136657714844,0.7702638506889343
214,1080,20877,38.947296142578125,754.42041015625,327.7726135253906,253.379638671875,0.9137299060821533
215,1080,22347,102.0931167602539,211.15283203125,202.83946990966797,194.3421630859375,0.8902897238731384
216,1080,29667,596.7205810546875,181.05091857910156,219.669189453125,215.52622985839844,0.8618514537811279
217,1080,3483,621.0851440429688,720.6912841796875,210.0775146484375,272.47802734375,0.844240128993988
218,1081,44199,94.19125366210938,185.84547424316406,255.77337646484375,226.41600036621094,0.9669851660728455
219,1081,21026,126.03762817382812,865.90380859375,178.28082275390625,175.124755859375,0.8677353858947754
220,1081,16551,484.63006591796875,205.21044921875,463.4385986328125,323.05181884765625,0.7378377318382263
221,1081,1900,609.65185546875,898.7047119140625,206.8580322265625,139.4185791015625,0.6746655702590942
222,1085,20877,85.68498229980469,724.8634033203125,331.66456604003906,243.115478515625,0.9105055928230286
223,1085,25367,34.12017822265625,130.74493408203125,443.174072265625,411.61224365234375,0.8681226372718811
224,1085,3483,625.12890625,717.248046875,207.860595703125,271.687744140625,0.8549537658691406
225,1085,16232,626.8685302734375,221.75927734375,187.94775390625,183.6044921875,0.8142809271812439
226,1087,10221,624.3590087890625,204.04931640625,219.565673828125,215.54840087890625,0.9069451689720154
227,1087,16551,88.23858642578125,586.96728515625,295.782958984375,486.308349609375,0.8523070812225342
228,1087,31705,570.9708251953125,674.025390625,252.810791015625,456.136962890625,0.7570102214813232
229,1087,3544,133.10931396484375,175.64527893066406,204.44085693359375,198.59458923339844,0.743053138256073
230,1089,10221,106.52337646484375,834.237548828125,229.977783203125,225.5609130859375,0.9258440136909485
231,1089,3544,634.5360717773438,886.7723388671875,214.2933349609375,213.63720703125,0.785843014717102
232,1089,31705,151.31991577148438,145.703369140625,252.0880126953125,422.523681640625,0.7437587380409241
233,1089,16551,583.2000122070312,180.12310791015625,293.0712890625,460.04046630859375,0.7273797988891602
234,109,35206,108.75970458984375,773.812744140625,302.042236328125,392.009765625,0.9143210649490356
235,109,3483,150.8079833984375,218.6243896484375,248.22979736328125,222.0645751953125,0.8579821586608887
236,109,25367,580.8756103515625,716.853271484375,388.267333984375,498.0157470703125,0.8421082496643066
237,109,19861,637.54345703125,277.423095703125,221.529541015625,169.805908203125,0.5967452526092529
238,1092,44199,135.95263671875,244.24468994140625,241.46356201171875,229.4329833984375,0.924717366695404
239,1092,33009,570.1925048828125,213.50381469726562,320.8084716796875,290.681640625,0.8209413886070251
240,1092,1900,651.951171875,848.670654296875,210.1463623046875,162.16064453125,0.8039402365684509
241,1092,16548,83.53112030029297,912.9874877929688,244.94196319580078,240.25103759765625,0.6017060279846191
242,1093,34597,499.4591369628906,692.1474609375,465.8866882324219,443.029541015625,0.8762903809547424
243,1093,3483,151.02174377441406,218.83753967285156,247.91722106933594,222.39231872558594,0.8621954321861267
244,1093,16262,100.2554931640625,849.8846435546875,249.4859619140625,242.474609375,0.7383536100387573
245,1093,19861,637.48388671875,277.6463623046875,221.5960693359375,169.61663818359375,0.5931854248046875
246,1095,34597,48.0496826171875,124.65972900390625,450.0634765625,416.04534912109375,0.874417781829834
247,1095,3483,601.5556640625,867.2347412109375,259.508056640625,229.355224609375,0.8499710559844971
248,1095,19861,126.543701171875,865.9122314453125,221.40597534179688,166.9532470703125,0.7742161750793457
249,1095,16262,637.4913330078125,176.66839599609375,246.326171875,232.62481689453125,0.6938529014587402
250,1096,27993,549.6876220703125,778.1143798828125,308.152587890625,240.5526123046875,0.9371401071548462
251,1096,6563,165.1221466064453,671.44287109375,219.41380310058594,366.38720703125,0.8391540050506592
252,1096,3544,91.96248626708984,197.18118286132812,204.69684600830078,197.91632080078125,0.7882594466209412
253,1096,16551,483.2586669921875,117.52301025390625,445.6278076171875,322.2236328125,0.7704741954803467
254,1097,27993,577.52685546875,816.78125,303.489990234375,230.204833984375,0.9248598217964172
255,1097,6563,197.2389678955078,714.5859375,217.66697692871094,359.822265625,0.8223473429679871
256,1097,16551,507.63140869140625,126.0223388671875,461.471923828125,329.914306640625,0.7678520679473877
257,1097,3544,107.4970474243164,205.16184997558594,208.84642791748047,200.63111877441406,0.7065949440002441
258,1098,16551,20.74749755859375,785.649169921875,473.675537109375,343.7579345703125,0.7813047170639038
259,1098,3544,677.1885986328125,860.3956298828125,217.0074462890625,213.398681640625,0.7595977783203125
260,1098,6563,580.7011108398438,231.49468994140625,215.9556884765625,337.4605712890625,0.740412712097168
261,1098,27993,126.72418212890625,252.81655883789062,292.4566650390625,234.06341552734375,0.5508730411529541
262,110,35206,582.9923095703125,94.87998962402344,287.12158203125,379.33924865722656,0.9020739197731018
263,110,3483,601.04541015625,866.4539794921875,260.17822265625,230.0299072265625,0.8513419032096863
264,110,25367,37.53277587890625,47.82646179199219,391.728271484375,483.95545959472656,0.8507216572761536
265,110,19861,126.58966064453125,865.53515625,221.54049682617188,167.501708984375,0.7884746193885803
266,1100,31885,53.1260986328125,97.71783447265625,421.5693359375,489.63555908203125,0.9027655124664307
267,1100,36637,635.6444091796875,177.66529846191406,181.69580078125,243.53514099121094,0.8988577723503113
268,1100,27777,143.3387451171875,774.015380859375,180.8453369140625,205.80712890625,0.8589318990707397
269,1100,3483,537.2935791015625,778.14208984375,265.56005859375,225.4490966796875,0.841458797454834
270,1101,36637,664.8753662109375,180.9754638671875,186.46240234375,247.27239990234375,0.8981509804725647
271,1101,31885,69.17047119140625,122.0675048828125,434.85345458984375,490.539794921875,0.8941890001296997
272,1101,27777,176.36077880859375,810.4818115234375,175.8634033203125,199.572509765625,0.8557441234588623
273,1101,3483,565.1238403320312,813.1807861328125,264.668701171875,219.367919921875,0.8273503184318542
274,1105,35206,598.8341064453125,126.144287109375,257.115234375,388.57611083984375,0.9158266186714172
275,1105,22347,111.19792938232422,211.83396911621094,207.09937286376953,196.92298889160156,0.8879406452178955
276,1105,27733,124.02203369140625,770.420654296875,315.20977783203125,274.145751953125,0.8317438364028931
277,1105,3483,609.1646118164062,789.9915771484375,274.3636474609375,209.92919921875,0.8235355615615845
278,1109,28763,139.79190063476562,226.32313537597656,213.35940551757812,200.97837829589844,0.8963358402252197
279,1109,3483,588.6763916015625,845.3939819335938,283.427734375,166.2493896484375,0.7964217066764832
280,1109,16262,622.9588623046875,181.11839294433594,243.05029296875,232.04676818847656,0.7798780202865601
281,1109,27653,95.62774658203125,852.83447265625,221.16192626953125,206.731201171875,0.7756368517875671
282,1111,28763,115.82245635986328,187.6843719482422,208.70348358154297,199.75758361816406,0.910642147064209
283,1111,29667,604.028564453125,175.46343994140625,218.92138671875,213.978759765625,0.8426642417907715
284,1111,27653,59.16168975830078,810.254638671875,224.48900604248047,210.42333984375,0.8222197890281677
285,1111,3483,560.6280517578125,811.5460205078125,285.1239013671875,174.844970703125,0.8197242021560669
286,1114,30308,559.0264892578125,696.8333740234375,400.5706787109375,421.6212158203125,0.8530316352844238
287,1114,27653,669.5194702148438,255.8921356201172,222.7894287109375,199.44776916503906,0.8317782282829285
288,1114,35206,108.59454345703125,684.9705810546875,200.18832397460938,420.9698486328125,0.8294083476066589
289,1114,3483,131.3314208984375,288.020751953125,277.1822509765625,175.0103759765625,0.8193433284759521
290,1115,35206,650.4298706054688,142.79339599609375,200.0697021484375,398.0552978515625,0.9119804501533508
291,1115,30308,39.022796630859375,125.00914001464844,383.5955505371094,403.79981994628906,0.9092828631401062
292,1115,27653,60.289886474609375,810.5140380859375,226.68212890625,210.911865234375,0.8301510810852051
293,1115,3483,560.2474365234375,811.6300048828125,285.729736328125,174.465576171875,0.8184694647789001
294,1116,30308,53.93772888183594,142.1549835205078,393.93080139160156,413.55259704589844,0.8900988101959229
295,1116,35206,678.2001342773438,149.6158905029297,204.542724609375,408.46510314941406,0.8800868988037109
296,1116,3483,589.3079833984375,845.0233154296875,282.4388427734375,167.66357421875,0.7924157381057739
297,1116,27653,95.01907348632812,852.99853515625,221.06585693359375,206.43359375,0.783302903175354
298,1118,29871,200.16363525390625,239.43212890625,167.59844970703125,235.9637451171875,0.9094277620315552
299,1118,6563,584.6298828125,236.9454345703125,214.191162109375,337.32861328125,0.7841851115226746
300,1118,3544,676.3550415039062,858.573486328125,216.6339111328125,213.7916259765625,0.7775523662567139
301,1118,16548,101.06310272216797,881.3607177734375,242.60346221923828,239.2364501953125,0.6319732666015625
302,1119,16548,643.6256103515625,145.97027587890625,237.874267578125,226.6151123046875,0.9499685764312744
303,1119,29871,632.56494140625,824.8182373046875,169.76123046875,243.03271484375,0.9105547070503235
304,1119,6563,192.2235565185547,707.1419677734375,217.69410705566406,361.5057373046875,0.8510337471961975
305,1119,3544,108.88192749023438,206.5425567626953,207.9228515625,202.59410095214844,0.728611946105957
306,112,16551,154.65020751953125,586.4661865234375,307.4620361328125,468.0736083984375,0.8251769542694092
307,112,33009,564.7052001953125,811.562255859375,368.245361328125,207.94287109375,0.7664855718612671
308,112,3544,126.07467651367188,236.14944458007812,208.33419799804688,199.31494140625,0.7207755446434021
309,112,10221,632.65234375,200.0338897705078,224.0260009765625,214.52952575683594,0.6943989992141724
310,1121,28763,619.8277587890625,860.791259765625,222.510986328125,212.286376953125,0.9389781355857849
311,1121,3483,124.9251708984375,271.08160400390625,273.3486328125,189.282958984375,0.8505990505218506
312,1121,29667,137.31576538085938,871.1944580078125,231.780029296875,228.1527099609375,0.8457033038139343
313,1121,25469,575.386474609375,190.19520568847656,329.501220703125,281.46287536621094,0.7780091166496277
314,1123,27733,566.0775756835938,262.9681396484375,296.9906005859375,265.994873046875,0.9290919899940491
315,1123,3483,124.17926025390625,306.410400390625,271.8695068359375,199.8262939453125,0.8725233674049377
316,1123,16262,152.0916748046875,803.9229736328125,250.62213134765625,241.294677734375,0.7980218529701233
317,1123,25367,492.43243408203125,667.71826171875,455.2340087890625,437.613525390625,0.7968876957893372
318,1125,25367,61.24037170410156,160.65049743652344,451.44664001464844,425.42030334472656,0.8888772130012512
319,1125,27733,123.17254638671875,770.06396484375,315.741943359375,273.5714111328125,0.8239051103591919
320,1125,3483,608.46875,790.5458984375,274.140380859375,209.15380859375,0.8187264204025269
321,1125,16262,590.2285766601562,225.61521911621094,244.133056640625,231.55677795410156,0.7535077333450317
322,1126,20877,544.35107421875,294.06109619140625,329.4375,233.22015380859375,0.8673527240753174
323,1126,3483,142.93954467773438,290.56878662109375,210.71746826171875,257.7802734375,0.8576852679252625
324,1126,31885,513.206787109375,732.82421875,462.793212890625,473.226318359375,0.8391178250312805
325,1126,16262,108.99169921875,834.805908203125,251.1966552734375,242.523681640625,0.7938843369483948
326,1129,27733,566.1279296875,262.64288330078125,297.077880859375,265.78619384765625,0.9289810657501221
327,1129,22347,681.4886474609375,827.102783203125,213.5203857421875,206.5469970703125,0.8846534490585327
328,1129,3483,124.35301208496094,305.6798095703125,271.70228576660156,199.8427734375,0.869778573513031
329,1129,20238,114.13449096679688,855.60400390625,229.68826293945312,225.8172607421875,0.7163527607917786
330,113,10221,125.36956787109375,843.9410400390625,230.96420288085938,227.3892822265625,0.8946404457092285
331,113,33009,77.33439636230469,269.97491455078125,361.15345764160156,219.038330078125,0.8338552713394165
332,113,3544,659.064208984375,832.9820556640625,214.343994140625,211.07177734375,0.7643037438392639
333,113,16551,532.2220458984375,231.7359619140625,304.834716796875,455.6123046875,0.6508201956748962
334,1135,1900,152.1641845703125,253.99392700195312,195.570068359375,163.131591796875,0.8232870697975159
335,1135,16551,606.4827880859375,54.58695983886719,287.152587890625,480.97303771972656,0.7859574556350708
336,1135,33009,549.7532958984375,836.2921142578125,373.7374267578125,198.2918701171875,0.7179032564163208
337,1135,18110,79.0777587890625,788.9710693359375,307.09478759765625,289.48828125,0.6947617530822754
338,1136,16551,90.53460693359375,702.0438232421875,294.5091552734375,499.48583984375,0.8364518284797668
339,1136,1900,643.619384765625,853.8385009765625,205.671142578125,175.084228515625,0.8006178736686707
340,1136,18110,611.240478515625,221.90504455566406,301.0552978515625,285.51438903808594,0.793396532535553
341,1136,33009,88.55084228515625,258.08038330078125,365.38140869140625,206.0645751953125,0.7881703972816467
342,1138,34597,31.453460693359375,88.9263916015625,371.7572326660156,474.3251953125,0.8305230140686035
343,1138,27653,62.042327880859375,810.8812255859375,226.07998657226562,210.96630859375,0.8305005431175232
344,1138,3483,563.0931396484375,811.4617919921875,284.465087890625,174.824951171875,0.8287637233734131
345,1138,20238,596.083984375,173.47027587890625,219.306396484375,213.11956787109375,0.7836187481880188
346,114,33009,534.0516357421875,764.248046875,377.7933349609375,223.73486328125,0.8601194024085999
347,114,16551,122.76577758789062,537.9921875,312.06561279296875,476.584228515625,0.8516911864280701
348,114,10221,604.5137939453125,193.87261962890625,218.31689453125,212.0791015625,0.8429660201072693
349,114,3544,110.41109466552734,225.3675079345703,202.96106719970703,197.82737731933594,0.726612389087677
350,1140,34597,44.126190185546875,115.62799072265625,383.4952697753906,475.36810302734375,0.8420544862747192
351,1140,3483,590.067138671875,845.5211791992188,283.0107421875,166.4163818359375,0.7915272116661072
352,1140,27653,96.68231201171875,853.554443359375,221.9132080078125,206.487548828125,0.7848095297813416
353,1140,20238,623.443603515625,175.51409912109375,225.97119140625,217.73272705078125,0.7715928554534912
354,1141,23223,573.1468505859375,573.0494384765625,295.750732421875,500.34033203125,0.8366084098815918
355,1141,25438,556.9569091796875,195.97463989257812,246.489501953125,251.19671630859375,0.7681577205657959
356,1141,2483,70.40814208984375,650.911376953125,299.36224365234375,452.3328857421875,0.7494238615036011
357,1141,12081,66.12329864501953,115.968017578125,228.19634246826172,427.197021484375,0.6779739260673523
358,1142,23223,65.04754638671875,137.82275390625,296.13250732421875,493.8145751953125,0.8513433933258057
359,1142,25438,121.0457763671875,820.8922119140625,256.0059814453125,255.611572265625,0.7830190062522888
360,1142,2483,580.23583984375,113.447509765625,292.689697265625,451.0830078125,0.7587497234344482
361,1142,12081,645.9800415039062,701.1392822265625,241.825927734375,449.5462646484375,0.743842601776123
362,1143,23223,66.95904541015625,176.81121826171875,295.5167541503906,486.8304443359375,0.874929666519165
363,1143,25438,123.53141784667969,834.1102294921875,261.69825744628906,265.5399169921875,0.7689145803451538
364,1143,2483,569.7488403320312,152.646484375,300.869873046875,435.01678466796875,0.7143897414207458
365,1143,12081,655.1536865234375,707.853271484375,250.6923828125,464.54150390625,0.6922693252563477
366,1144,31885,52.00001525878906,171.62953186035156,443.77806091308594,486.69651794433594,0.9010714888572693
367,1144,25469,48.932708740234375,855.460693359375,377.58819580078125,221.30810546875,0.8206265568733215
368,1144,3483,602.6966552734375,844.330322265625,278.477294921875,187.595458984375,0.8140220642089844
369,1144,16262,574.004150390625,195.28338623046875,243.7255859375,231.357666015625,0.715729296207428
370,1148,3351,385.05889892578125,158.38787841796875,183.553955078125,191.51226806640625,0.8272805213928223
371,1148,16232,147.05279541015625,731.5340576171875,194.03515625,192.8935546875,0.6581516861915588
372,1148,41768,554.567626953125,628.9459228515625,273.02783203125,310.2950439453125,0.6006244421005249
373,1149,3351,428.361083984375,219.3357696533203,183.7017822265625,184.04942321777344,0.8312277793884277
374,1149,16232,189.09176635742188,820.6614990234375,192.739990234375,190.123779296875,0.6530201435089111
375,1149,41768,594.642822265625,717.7529296875,269.344970703125,313.931396484375,0.506963312625885
376,115,27733,561.846435546875,259.46759033203125,295.4075927734375,262.2412109375,0.928238034248352
377,115,36637,101.49261474609375,880.855712890625,266.5101623535156,179.97900390625,0.8678691387176514
378,115,3483,123.77055358886719,306.7053527832031,271.93177795410156,198.86883544921875,0.8676631450653076
379,115,25367,493.29058837890625,643.012939453125,424.740478515625,465.68115234375,0.778822660446167
380,1150,34597,83.49981689453125,57.1875,404.375244140625,459.3780517578125,0.8721430897712708
381,1150,27777,175.54164123535156,810.2237548828125,176.12132263183594,200.0,0.851125180721283
382,1150,29667,630.642822265625,163.98590087890625,223.4822998046875,215.49615478515625,0.8359206318855286
383,1150,3483,563.5367431640625,814.1748046875,265.515380859375,218.2509765625,0.8271732330322266
384,1153,22347,143.89010620117188,209.47793579101562,207.57247924804688,196.9749755859375,0.8804268836975098
385,1153,3483,601.084228515625,866.383544921875,259.7342529296875,230.212646484375,0.8492153882980347
386,1153,19861,126.508544921875,865.9451904296875,221.64886474609375,167.239990234375,0.7754895687103271
387,1153,16232,645.5499267578125,174.82815551757812,192.4400634765625,186.8980712890625,0.7435306310653687
388,1154,3483,573.384033203125,837.5496826171875,262.555908203125,229.49560546875,0.8588594198226929
389,1154,22347,127.14483642578125,201.81317138671875,203.46853637695312,194.03948974609375,0.8351536393165588
390,1154,19861,91.98764038085938,826.5185546875,226.27239990234375,176.65185546875,0.8047385215759277
391,1154,16232,617.880859375,172.5182342529297,186.333251953125,181.29481506347656,0.6737722158432007
392,1155,3483,151.6890106201172,219.28182983398438,247.23072814941406,220.649658203125,0.8612537384033203
393,1155,22347,640.5540771484375,861.1168212890625,214.9384765625,206.5849609375,0.8567897081375122
394,1155,16232,143.83596801757812,900.4315185546875,195.9156494140625,190.912841796875,0.8330710530281067
395,1155,19861,637.7840576171875,277.3026123046875,221.511474609375,169.6278076171875,0.5949252843856812
396,1156,3351,393.15704345703125,856.5657958984375,190.0677490234375,190.5726318359375,0.8196660280227661
397,1156,16262,573.5201416015625,308.8408203125,243.820556640625,235.67791748046875,0.754186749458313
398,1156,13900,183.55662536621094,282.49810791015625,206.17176818847656,232.595703125,0.6894673705101013
399,1157,3351,354.936279296875,180.70950317382812,184.13897705078125,190.4410400390625,0.8350386023521423
400,1157,16262,110.55010986328125,674.8590087890625,248.82177734375,247.28662109375,0.7116478085517883
401,1157,13900,553.3338012695312,715.18701171875,213.5924072265625,242.7509765625,0.7079429030418396
402,1158,3351,398.11639404296875,241.60671997070312,183.9014892578125,183.19232177734375,0.8185782432556152
403,1158,13900,593.7662963867188,805.6871337890625,207.73828125,237.4295654296875,0.7544955015182495
404,1158,16262,152.74044799804688,766.75927734375,246.32318115234375,238.70068359375,0.7456475496292114
405,1159,3351,402.4725341796875,808.9493408203125,188.16485595703125,190.6983642578125,0.8267410397529602
406,1159,18357,151.9237060546875,299.12579345703125,242.81134033203125,357.418212890625,0.7746992707252502
407,1159,16232,648.261962890625,295.06842041015625,189.949951171875,193.41302490234375,0.330584317445755
408,1161,3351,386.2659912109375,279.97100830078125,183.4747314453125,180.7998046875,0.8296098113059998
409,1161,18357,580.94921875,613.0933837890625,245.19677734375,372.4820556640625,0.8254497051239014
410,1161,16232,131.5833740234375,815.4741821289062,189.9791259765625,189.068603515625,0.40486836433410645
411,1163,16551,40.2525634765625,602.8868408203125,306.39459228515625,470.6126708984375,0.838130533695221
412,1163,10221,657.3448486328125,197.8037109375,223.8756103515625,214.54266357421875,0.823401927947998
413,1163,29451,496.6824035644531,804.4779052734375,405.1359558105469,239.4923095703125,0.8177497982978821
414,1163,3544,118.4359130859375,184.6832275390625,209.35797119140625,202.1561279296875,0.7232056260108948
415,1164,10221,628.3665771484375,192.2736053466797,219.457275390625,214.86964416503906,0.8769233226776123
416,1164,16551,12.474945068359375,553.613037109375,302.9507141113281,480.125244140625,0.8681145310401917
417,1164,29451,467.9535217285156,765.3828125,412.8246765136719,249.93115234375,0.8130994439125061
418,1164,3544,102.18538665771484,179.3719482421875,204.81433868408203,199.158447265625,0.7075440287590027
419,1166,3483,124.93850708007812,270.283447265625,273.7799072265625,191.2039794921875,0.849808394908905
420,1166,25367,567.4354248046875,682.966552734375,397.013916015625,490.156005859375,0.7982284426689148
421,1166,25469,575.207763671875,188.246337890625,328.576416015625,284.35089111328125,0.7796834707260132
422,1166,36637,132.01675415039062,829.9114990234375,179.16168212890625,262.373046875,0.7466661334037781
423,1167,36637,674.73193359375,171.87049865722656,174.611572265625,255.12205505371094,0.8505703210830688
424,1167,25367,43.423583984375,89.80224609375,398.21173095703125,475.15771484375,0.8245665431022644
425,1167,25469,87.89971923828125,831.0606689453125,344.46527099609375,300.85693359375,0.8220710158348083
426,1167,3483,602.240966796875,844.905029296875,278.4656982421875,187.5889892578125,0.8130448460578918
427,1168,30308,42.3883056640625,15.287322998046875,350.86749267578125,425.8835754394531,0.9437440633773804
428,1168,29667,592.315185546875,169.26995849609375,218.88330078125,215.0623779296875,0.8423540592193604
429,1168,25469,50.072723388671875,788.807373046875,355.76806640625,298.3048095703125,0.8271558284759521
430,1168,3483,573.966552734375,811.640625,280.7255859375,192.6903076171875,0.802773118019104
431,1170,30308,52.792144775390625,19.6217041015625,369.4071350097656,444.8338623046875,0.9162296056747437
432,1170,29667,619.45703125,172.1244659423828,225.050048828125,216.71873474121094,0.8854098916053772
433,1170,25469,86.49371337890625,830.888671875,346.40496826171875,299.953369140625,0.821716845035553
434,1170,3483,602.0584716796875,844.596923828125,278.2734375,187.996826171875,0.8089003562927246
435,1171,16548,578.424072265625,745.88916015625,242.0731201171875,233.68115234375,0.9447680711746216
436,1171,4543,640.52294921875,151.49432373046875,203.3193359375,198.45416259765625,0.8760306239128113
437,1171,10221,91.9698257446289,788.838134765625,225.72679901123047,220.73193359375,0.8574923872947693
438,1171,3544,122.37353515625,181.16563415527344,204.614501953125,198.54591369628906,0.7241360545158386
439,1173,10221,643.6187744140625,262.5951232910156,218.74365234375,211.9696044921875,0.8600789308547974
440,1173,3544,645.8914184570312,876.339599609375,216.6650390625,212.63525390625,0.778431236743927
441,1173,16548,159.53330993652344,285.64300537109375,234.53016662597656,226.10028076171875,0.7495900392532349
442,1173,4543,104.37966918945312,906.9306640625,212.78460693359375,209.84423828125,0.7290824055671692
443,1174,30308,573.7091064453125,756.886474609375,398.96435546875,429.939208984375,0.8957461714744568
444,1174,27653,670.1205444335938,256.77813720703125,223.38623046875,198.80169677734375,0.8292759656906128
445,1174,29667,124.03158569335938,862.07666015625,232.67755126953125,229.365966796875,0.8227970004081726
446,1174,3483,132.27777099609375,287.72100830078125,276.72637939453125,175.5355224609375,0.8151851892471313
447,1176,30308,39.75799560546875,75.01936340332031,391.80120849609375,418.39048767089844,0.9007086753845215
448,1176,29667,633.2620239257812,179.30413818359375,223.5633544921875,215.57232666015625,0.8783875107765198
449,1176,3483,586.7301025390625,845.6837768554688,283.951904296875,165.9271240234375,0.8010349869728088
450,1176,27653,93.878662109375,852.3065185546875,221.654541015625,206.271728515625,0.7736097574234009
451,1178,31885,104.9117431640625,45.39485168457031,406.063232421875,499.22227478027344,0.8889777064323425
452,1178,27777,144.30828857421875,776.2447509765625,180.72772216796875,205.7255859375,0.8744491934776306
453,1178,3483,538.5576171875,779.9449462890625,267.32568359375,226.27294921875,0.8391246199607849
454,1178,20238,576.8422241210938,191.45953369140625,221.30908203125,213.820556640625,0.7085181474685669
455,118,3351,458.05316162109375,846.075439453125,189.8419189453125,191.0367431640625,0.8175791501998901
456,118,16688,418.68359375,76.19482421875,439.2628173828125,522.2193603515625,0.8114706873893738
457,118,13900,64.4921875,311.00787353515625,233.0146484375,210.982177734375,0.7465361952781677
458,1180,21325,188.33641052246094,308.4266357421875,169.14308166503906,224.0777587890625,0.9405501484870911
459,1180,19232,497.92755126953125,234.7342529296875,325.197021484375,255.48138427734375,0.9351599216461182
460,1180,3351,395.43994140625,915.98828125,189.81103515625,191.907958984375,0.8139244318008423
461,1184,21026,684.6820068359375,274.94989013671875,178.069091796875,171.569091796875,0.9041234254837036
462,1184,1900,187.53408813476562,272.86669921875,202.8206787109375,135.97802734375,0.7670974731445312
463,1184,16548,141.76004028320312,878.509521484375,244.82183837890625,238.82275390625,0.762292742729187
464,1184,24850,671.21728515625,826.1214599609375,191.045166015625,301.5068359375,0.35638564825057983
465,1185,16548,600.2501220703125,150.08349609375,240.44775390625,225.8282470703125,0.9424629211425781
466,1185,21026,126.07907104492188,866.0152587890625,178.4517822265625,174.9583740234375,0.8672091960906982
467,1185,1900,609.567626953125,898.672607421875,207.8890380859375,140.675048828125,0.6877647638320923
468,1185,24850,136.720947265625,141.79278564453125,185.51773071289062,294.59100341796875,0.34757450222969055
469,1186,19552,515.441162109375,560.3243408203125,315.235595703125,481.3917236328125,0.9167653918266296
470,1186,4378,141.99957275390625,109.19012451171875,210.19522094726562,435.301025390625,0.8505175113677979
471,1186,5094,551.91162109375,192.34519958496094,272.26025390625,268.06178283691406,0.8256635069847107
472,1186,2483,85.4324951171875,678.360107421875,241.32058715820312,480.5294189453125,0.6809844970703125
473,1187,19552,113.12908935546875,162.182373046875,315.27252197265625,483.12603759765625,0.9228387475013733
474,1187,5094,103.2049560546875,800.5943603515625,280.58197021484375,274.49658203125,0.8034628033638
475,1187,4378,592.3449096679688,696.385986328125,213.9627685546875,456.9521484375,0.8002790808677673
476,1187,2483,612.2075805664062,49.91607666015625,230.2015380859375,484.3709716796875,0.7839455008506775
477,1189,3743,117.66192626953125,783.6982421875,324.35369873046875,322.388427734375,0.7870700359344482
478,1189,2483,589.113037109375,72.40625,249.119140625,468.9058837890625,0.7846572995185852
479,1189,12081,603.060302734375,708.4752197265625,230.79833984375,452.9495849609375,0.6770766973495483
480,1189,22627,101.82232666015625,136.30743408203125,303.13623046875,481.51751708984375,0.6476165056228638
481,119,16688,76.94158935546875,576.7266845703125,456.44952392578125,573.3956298828125,0.8391233682632446
482,119,3351,293.58880615234375,191.03897094726562,185.14447021484375,190.13983154296875,0.8327364325523376
483,119,13900,654.1343994140625,706.225830078125,229.8154296875,222.145751953125,0.7851374745368958
484,1190,2483,585.305419921875,108.42333984375,235.2406005859375,465.940185546875,0.794100821018219
485,1190,3743,120.50393676757812,796.7427978515625,329.7847900390625,329.818115234375,0.7629511952400208
486,1190,22627,104.0386962890625,174.18145751953125,302.74151611328125,478.5748291015625,0.7042227387428284
487,1190,12081,611.3518676757812,715.1773681640625,242.746337890625,467.490234375,0.680860161781311
488,1191,3743,493.5150146484375,166.82223510742188,316.7769775390625,299.79766845703125,0.7565317153930664
489,1191,2483,92.61102294921875,663.99609375,255.20831298828125,477.533935546875,0.7517962455749512
490,1191,12081,110.12619018554688,110.97679138183594,228.271728515625,427.09620666503906,0.7206782102584839
491,1191,22627,533.9537353515625,589.3399658203125,302.3037109375,484.3837890625,0.670548677444458
492,1192,1900,644.3773193359375,853.2686767578125,205.658935546875,175.4951171875,0.8091904520988464
493,1192,33009,88.17245483398438,256.7850341796875,366.2310791015625,207.5323486328125,0.7780745029449463
494,1192,24850,646.5679931640625,204.7989501953125,175.249267578125,277.4073486328125,0.6915439367294312
495,1192,16551,83.59591674804688,690.56103515625,295.2914733886719,501.2198486328125,0.6192675828933716
496,1194,16551,612.136474609375,62.34112548828125,289.694091796875,478.85626220703125,0.8218131065368652
497,1194,1900,151.82421875,253.73709106445312,195.1124267578125,163.46539306640625,0.8121654987335205
498,1194,24850,164.513427734375,814.56591796875,181.16033935546875,296.324462890625,0.7357958555221558
499,1194,33009,549.3656005859375,836.24462890625,375.1005859375,198.7457275390625,0.7115336656570435
500,1196,35206,137.2156982421875,704.239013671875,242.80804443359375,413.483642578125,0.9437012076377869
501,1196,28763,615.9011840820312,887.265625,221.738525390625,213.127197265625,0.9209890961647034
502,1196,27777,637.884033203125,293.1286315917969,174.936279296875,195.26019287109375,0.8618574738502502
503,1196,3483,171.57122802734375,276.18231201171875,262.20660400390625,218.45068359375,0.8486775159835815
504,1197,35206,614.1290283203125,139.876953125,223.864013671875,402.51361083984375,0.953018307685852
505,1197,27777,178.29248046875,812.0977783203125,176.15234375,199.6549072265625,0.8562564849853516
506,1197,3483,567.9593505859375,811.8343505859375,264.389892578125,219.089599609375,0.824293851852417
507,1198,27777,177.25355529785156,813.148681640625,175.97129821777344,200.14599609375,0.8642824292182922
508,1198,3483,567.2791748046875,814.3720703125,264.23583984375,219.9246826171875,0.8260196447372437
509,1198,20238,604.462646484375,195.96853637695312,227.189453125,215.350830078125,0.742541491985321
510,1198,28763,130.456787109375,216.06109619140625,212.79592895507812,202.53192138671875,0.7075124382972717
511,1199,28763,648.8548583984375,850.806884765625,221.966064453125,213.560546875,0.910448431968689
512,1199,3483,172.01263427734375,272.4063720703125,262.66015625,219.585693359375,0.853684663772583
513,1199,27777,639.146484375,291.86456298828125,174.9862060546875,195.40771484375,0.8450280427932739
514,1199,20238,153.21780395507812,850.39990234375,231.23809814453125,226.1015625,0.7338674068450928
515,120,16688,119.42913818359375,673.8858642578125,452.37628173828125,589.5509033203125,0.9115914106369019
516,120,3351,333.7333984375,253.74832153320312,185.4019775390625,183.847900390625,0.8402035236358643
517,120,13900,692.2213134765625,795.685791015625,229.04736328125,217.2501220703125,0.6418486833572388
518,1201,12247,584.3531494140625,814.6317138671875,209.7705078125,154.93701171875,0.9780118465423584
519,1201,16548,584.8715209960938,212.3749237060547,232.880859375,224.80006408691406,0.938623309135437
520,1201,21026,102.56621551513672,822.1408081054688,180.19196319580078,180.0760498046875,0.864365816116333
521,1201,3544,144.44378662109375,188.66152954101562,202.9176025390625,195.8681640625,0.7115395665168762
522,1204,22074,687.5048217773438,264.66961669921875,184.2247314453125,184.89141845703125,0.8558431267738342
523,1204,3351,394.538330078125,860.1844482421875,190.031982421875,192.755615234375,0.8134570121765137
524,1206,22074,92.08739471435547,853.4051513671875,188.40595245361328,187.195556640625,0.9025344252586365
525,1206,3351,396.15802001953125,224.28646850585938,183.66082763671875,182.09564208984375,0.8447145819664001
526,1206,32310,568.5594482421875,813.248046875,356.63427734375,279.57373046875,0.7783669829368591
527,1207,27777,637.9993896484375,293.02606201171875,174.77880859375,195.26611328125,0.8587689399719238
528,1207,3483,171.28875732421875,275.89154052734375,262.71624755859375,217.7025146484375,0.8500322699546814
529,1207,22347,685.2501220703125,812.761474609375,213.3740234375,206.6865234375,0.8377489447593689
530,1207,16232,152.52554321289062,827.3148803710938,191.9178466796875,193.41650390625,0.8299412727355957
531,1209,27777,178.76144409179688,812.5816650390625,175.5084228515625,199.25537109375,0.8528342247009277
532,1209,3483,568.221435546875,812.2503662109375,264.018310546875,219.5379638671875,0.8264421820640564
533,1209,16232,643.5804443359375,250.4031982421875,187.87841796875,184.5374755859375,0.8201029300689697
534,1209,22347,100.07752227783203,260.6728515625,207.27385711669922,197.0789794921875,0.81697678565979
535,1210,35206,656.3501586914062,172.61505126953125,226.563232421875,405.89300537109375,0.9509029388427734
536,1210,20877,117.19461059570312,768.10986328125,331.07696533203125,230.243896484375,0.9281001091003418
537,1210,3483,651.0452880859375,747.9283447265625,210.5234375,270.4189453125,0.838661253452301
538,1210,34597,67.13641357421875,141.2208251953125,472.5618896484375,383.81011962890625,0.8172047734260559
539,1212,35206,97.43475341796875,668.3291015625,239.39312744140625,414.6806640625,0.9387887716293335
540,1212,34597,456.47210693359375,708.1378173828125,483.010009765625,402.04248046875,0.8616130948066711
541,1212,3483,141.5611572265625,292.37237548828125,210.77313232421875,257.3001708984375,0.8542707562446594
542,1212,20877,543.3553466796875,293.8726806640625,329.0184326171875,233.30322265625,0.8509034514427185
543,1213,5886,594.304443359375,677.161865234375,233.838623046875,495.223388671875,0.8076965808868408
544,1213,25438,127.305419921875,836.2728271484375,255.89178466796875,255.2659912109375,0.7652913331985474
545,1213,2483,656.4214477539062,63.92271423339844,208.0897216796875,479.71827697753906,0.752239465713501
546,1213,22627,105.44110107421875,5.781005859375,312.33795166015625,481.57391357421875,0.6793851852416992
547,1214,5886,601.48388671875,673.742431640625,248.8748779296875,513.648193359375,0.8322973847389221
548,1214,25438,128.4149169921875,847.964599609375,265.1033935546875,267.388671875,0.7726568579673767
549,1214,2483,651.7470703125,98.2340087890625,202.6536865234375,471.2235107421875,0.7716899514198303
550,1214,22627,111.215087890625,34.10932922363281,307.3590087890625,493.57566833496094,0.7478033900260925
551,1216,10221,129.39938354492188,845.9556884765625,231.19085693359375,225.670654296875,0.898008406162262
552,1216,27926,154.1922607421875,173.70130920410156,267.478759765625,455.50804138183594,0.8972223997116089
553,1216,16551,617.2052001953125,177.211669921875,284.3717041015625,463.9071044921875,0.8471611142158508
554,1216,3544,659.7548828125,865.587646484375,216.9765625,212.6640625,0.49063819646835327
555,1219,29345,577.0248413085938,666.161865234375,290.3994140625,450.8160400390625,0.8946292996406555
556,1219,10221,650.8214111328125,207.22027587890625,219.4453125,214.48809814453125,0.8723574876785278
557,1219,16551,66.07058715820312,582.180908203125,335.3634338378906,462.3067626953125,0.806851863861084
558,1219,3544,102.55419158935547,240.552978515625,205.90100860595703,200.60357666015625,0.6837419271469116
559,122,29667,592.212158203125,170.51925659179688,219.0440673828125,215.14501953125,0.8615879416465759
560,122,25367,52.90045166015625,89.18592834472656,372.9881591796875,477.46873474121094,0.8383276462554932
561,122,25469,49.4541015625,788.350341796875,356.14373779296875,297.07470703125,0.8275927305221558
562,122,3483,574.6488037109375,810.94287109375,279.6845703125,193.4599609375,0.8131407499313354
563,1220,29345,605.605224609375,701.3565673828125,285.834228515625,444.228759765625,0.905193567276001
564,1220,16551,94.95867919921875,626.81396484375,336.34686279296875,456.3651123046875,0.776401162147522
565,1220,10221,678.4708251953125,214.5011749267578,225.77978515625,214.54258728027344,0.744331955909729
566,1220,3544,120.2984619140625,251.38739013671875,209.25424194335938,202.13421630859375,0.7427381277084351
567,1222,36637,615.244140625,201.83389282226562,184.21533203125,244.0211181640625,0.901491641998291
568,1222,27653,60.510650634765625,810.610595703125,226.48611450195312,211.4306640625,0.828558087348938
569,1222,3483,562.8019409179688,811.5447998046875,284.5897216796875,174.793701171875,0.8243993520736694
570,1222,25367,95.13723754882812,108.22161865234375,317.50653076171875,489.95709228515625,0.7398152947425842
571,1224,36637,643.3795166015625,207.67254638671875,188.973876953125,248.398193359375,0.8986947536468506
572,1224,25367,119.228759765625,119.37025451660156,319.8753662109375,504.76756286621094,0.8111679553985596
573,1224,3483,589.419677734375,845.5140380859375,282.5262451171875,166.1231689453125,0.7981767654418945
574,1224,27653,95.39974975585938,853.1619873046875,220.73721313476562,206.42431640625,0.7761098146438599
575,1226,35206,582.415771484375,94.56631469726562,287.80126953125,379.65545654296875,0.9087393283843994
576,1226,31885,119.89607238769531,5.211181640625,319.97080993652344,542.981689453125,0.8665022850036621
577,1226,3483,601.446533203125,866.1888427734375,259.663818359375,230.3963623046875,0.8513308167457581
578,1226,19861,126.55206298828125,865.801513671875,221.61697387695312,167.147705078125,0.7822522521018982
579,1227,35206,109.33889770507812,772.9180908203125,301.74169921875,392.4974365234375,0.9002990126609802
580,1227,3483,151.26205444335938,218.83351135253906,247.41357421875,222.49327087402344,0.8596121668815613
581,1227,31885,546.2041015625,690.3447265625,334.33447265625,563.39794921875,0.8495808839797974
582,1227,19861,637.9354248046875,277.7357177734375,221.537841796875,169.7220458984375,0.5995396971702576
583,1232,20877,592.9658203125,259.8892822265625,324.201416015625,242.15277099609375,0.8880279660224915
584,1232,3483,144.919189453125,288.61163330078125,212.471435546875,256.07489013671875,0.8525426387786865
585,1232,29667,132.3295440673828,858.7779541015625,233.09873962402344,226.3125,0.850601077079773
586,1232,31885,544.7445068359375,659.1522216796875,403.4388427734375,521.2923583984375,0.8179734945297241
587,1235,16548,620.2989501953125,143.76382446289062,241.55517578125,227.72515869140625,0.9497079849243164
588,1235,1900,151.7332763671875,253.203125,195.13372802734375,163.73529052734375,0.8289161324501038
589,1235,21771,159.68109130859375,806.5641479492188,191.86529541015625,185.7890625,0.801659107208252
590,1235,33009,549.27734375,837.081787109375,375.10791015625,198.828857421875,0.7134730815887451
591,1237,16548,613.1748046875,188.1847381591797,238.0322265625,224.83448791503906,0.9496923685073853
592,1237,44199,633.1691284179688,802.2744140625,163.5128173828125,279.181396484375,0.9199954867362976
593,1237,31705,170.8775634765625,685.3883056640625,248.6927490234375,447.80224609375,0.7494688034057617
594,1237,1900,105.19754028320312,270.24554443359375,203.77914428710938,123.114501953125,0.7444977760314941
595,1238,44199,207.21803283691406,232.93594360351562,157.38035583496094,270.52081298828125,0.8907459378242493
596,1238,31705,570.533203125,173.9515380859375,249.603759765625,424.94830322265625,0.8061763644218445
597,1238,16548,131.50640869140625,843.4573974609375,243.14031982421875,237.7860107421875,0.7557610869407654
598,1238,1900,683.6962890625,878.629150390625,209.777099609375,133.01953125,0.7540838122367859
599,1239,16548,585.5408935546875,180.94688415527344,232.12646484375,225.71925354003906,0.928676426410675
600,1239,44199,605.165771484375,770.5401611328125,168.909423828125,284.9085693359375,0.8890003561973572
601,1239,31705,139.9397430419922,641.8988037109375,249.44447326660156,456.8594970703125,0.7847468256950378
602,1239,1900,88.6829833984375,258.41595458984375,199.8983154296875,126.67645263671875,0.7716081142425537
603,124,21026,672.8955078125,272.61395263671875,177.5262451171875,172.0145263671875,0.9078733325004578
604,124,21771,685.990478515625,882.3907470703125,198.761474609375,193.675537109375,0.9052218794822693
605,124,1900,174.6660919189453,280.84039306640625,201.98509216308594,137.4986572265625,0.7332651615142822
606,124,16551,0.0,765.7672119140625,374.9544677734375,456.4296875,0.6568744778633118
607,1242,29345,92.48092651367188,706.212890625,287.60968017578125,448.065673828125,0.9590092301368713
608,1242,44199,639.1744384765625,806.156005859375,161.51416015625,288.26953125,0.9210737347602844
609,1242,1900,159.35348510742188,258.3095703125,127.92691040039062,199.012939453125,0.7444238066673279
610,1242,16551,546.6702880859375,89.15452575683594,289.2403564453125,467.93592834472656,0.709266185760498
611,1243,35206,598.1714477539062,126.33709716796875,257.466064453125,389.04876708984375,0.916321873664856
612,1243,30308,64.69415283203125,137.6149139404297,382.00433349609375,427.46315002441406,0.8969906568527222
613,1243,3483,609.12109375,789.940673828125,274.023193359375,209.86572265625,0.8226783871650696
614,1243,27733,124.07635498046875,767.579833984375,313.80718994140625,276.183349609375,0.8217742443084717
615,1244,35206,122.35696411132812,731.749267578125,273.77197265625,402.5228271484375,0.9338873028755188
616,1244,27733,565.498779296875,262.7950439453125,296.534423828125,265.685791015625,0.9286729693412781
617,1244,30308,562.6319580078125,687.5947265625,383.1240234375,434.71044921875,0.9013259410858154
618,1244,3483,123.09396362304688,307.0665283203125,272.16448974609375,199.74237060546875,0.8670564293861389
619,1245,30308,52.4283447265625,120.01019287109375,369.8206787109375,418.48187255859375,0.9258541464805603
620,1245,35206,569.8519287109375,120.28485107421875,251.354736328125,378.00787353515625,0.915493369102478
621,1245,27733,88.24603271484375,727.103515625,318.77056884765625,279.318359375,0.858355700969696
622,1245,3483,580.770751953125,759.01025390625,274.3134765625,208.173828125,0.8406757116317749
623,1246,27777,143.84060668945312,775.5078125,180.9080810546875,206.520751953125,0.8687556982040405
624,1246,34597,56.73487854003906,80.85321044921875,397.17430114746094,460.4354248046875,0.8675777912139893
625,1246,3483,538.119384765625,780.117431640625,267.2862548828125,225.413818359375,0.8317492604255676
626,1246,16262,575.486572265625,187.33551025390625,238.831787109375,229.0596923828125,0.8060726523399353
627,1248,3483,172.96044921875,273.01214599609375,262.1834716796875,219.5980224609375,0.854091465473175
628,1248,27777,639.3365478515625,293.8487243652344,175.212158203125,194.3258056640625,0.8349075317382812
629,1248,16262,135.6963653564453,835.013671875,252.78819274902344,242.558837890625,0.8132360577583313
630,1248,34597,522.0810546875,664.306884765625,416.4410400390625,478.5106201171875,0.7947884202003479
631,125,21771,116.84130859375,203.48355102539062,190.77761840820312,185.42041015625,0.9071069955825806
632,125,21026,138.24542236328125,867.2037353515625,179.01809692382812,176.419921875,0.874480128288269
633,125,16551,623.2880859375,34.32855224609375,352.7119140625,439.9384765625,0.7859375476837158
634,125,1900,623.742919921875,886.954833984375,205.6719970703125,142.02685546875,0.7257816791534424
635,1250,12778,102.41827392578125,64.72967529296875,298.3629150390625,525.7214965820312,0.8956286311149597
636,1250,5094,105.0823974609375,812.0736083984375,286.13824462890625,285.2305908203125,0.8618035912513733
637,1250,4378,598.73876953125,700.8072509765625,224.849365234375,471.02587890625,0.832517683506012
638,1250,2483,610.7022094726562,81.94500732421875,211.9888916015625,478.11297607421875,0.8207905888557434
639,1251,4378,141.73385620117188,109.33876037597656,210.42514038085938,435.37254333496094,0.8501099944114685
640,1251,12778,546.874755859375,651.1229248046875,300.333251953125,524.0269775390625,0.8398521542549133
641,1251,5094,551.1795654296875,191.2514190673828,273.4296875,268.61570739746094,0.8253394961357117
642,1251,2483,81.93353271484375,678.9532470703125,242.098388671875,477.6339111328125,0.6992307305335999
643,1252,20877,71.319091796875,797.9661865234375,327.4369201660156,242.883544921875,0.9254859089851379
644,1252,30308,76.65655517578125,80.12744140625,399.90972900390625,410.34326171875,0.8896360397338867
645,1252,29667,625.043212890625,185.02264404296875,224.033447265625,216.67108154296875,0.8769387006759644
646,1252,3483,647.046630859375,752.216552734375,210.554443359375,270.85986328125,0.8273967504501343
647,1254,20877,39.0362548828125,754.6897583007812,327.70263671875,253.0765380859375,0.9101926684379578
648,1254,30308,63.697021484375,64.04486083984375,388.79901123046875,403.42364501953125,0.9088146090507507
649,1254,29667,596.6978759765625,179.64149475097656,219.25732421875,216.24717712402344,0.8594921231269836
650,1254,3483,622.052734375,721.0568237304688,209.6650390625,273.17919921875,0.8482216000556946
651,1256,1900,646.0003662109375,829.1815185546875,169.33154296875,200.252685546875,0.7945159077644348
652,1256,31705,132.87234497070312,126.588134765625,243.8134765625,424.580322265625,0.7404224276542664
653,1256,16551,90.81204223632812,660.883056640625,305.6388244628906,489.2567138671875,0.6874099373817444
654,1256,19607,656.7322998046875,273.2342529296875,155.7109375,147.9559326171875,0.5199757814407349
655,126,21771,101.1690673828125,195.956298828125,186.38153076171875,182.3375244140625,0.8896677494049072
656,126,21026,103.50430297851562,833.97412109375,182.60791015625,179.462890625,0.8806941509246826
657,126,16551,595.2276611328125,28.730133056640625,347.44775390625,430.6202392578125,0.7920757532119751
658,126,1900,596.259521484375,856.1570434570312,210.1494140625,145.1732177734375,0.7175139784812927
659,1261,22347,140.7161865234375,169.71319580078125,206.75970458984375,196.2811279296875,0.8218542337417603
660,1261,16232,648.1043090820312,230.89877319335938,193.478271484375,181.1361083984375,0.8176295161247253
661,1261,3483,587.300537109375,845.9227905273438,284.1710205078125,167.364013671875,0.7928598523139954
662,1261,27653,94.61038208007812,852.847412109375,221.05453491210938,206.82421875,0.7674160599708557
663,1262,27653,59.94647979736328,810.4971923828125,225.70873260498047,210.77099609375,0.8261867761611938
664,1262,16232,620.3111572265625,221.4517822265625,187.762451171875,182.955322265625,0.8261191248893738
665,1262,3483,560.717041015625,811.84619140625,285.3681640625,174.830078125,0.821732223033905
666,1262,22347,123.921142578125,165.07911682128906,203.30615234375,193.01268005371094,0.7289462089538574
667,1263,22347,644.7931518554688,901.7528076171875,215.6324462890625,208.8798828125,0.8489726781845093
668,1263,27653,670.6920166015625,255.9132843017578,221.931884765625,198.88548278808594,0.8296307325363159
669,1263,3483,131.50582885742188,286.6192626953125,277.0057373046875,176.2926025390625,0.8178911209106445
670,1263,16232,141.90509033203125,845.84033203125,196.322265625,192.701904296875,0.81252121925354
671,1264,31863,638.4862060546875,321.15484619140625,206.8271484375,205.33941650390625,0.9381266236305237
672,1264,3351,390.833984375,860.4071044921875,192.19091796875,192.3824462890625,0.8153430223464966
673,1264,29667,227.55731201171875,315.92291259765625,205.97930908203125,241.5494384765625,0.2722204327583313
674,1265,31863,81.39422607421875,704.0338134765625,209.2779541015625,212.7833251953125,0.9186955094337463
675,1265,3351,357.0748291015625,176.16448974609375,184.040771484375,189.36151123046875,0.8241608142852783
676,1265,36637,506.96832275390625,660.9481201171875,210.421142578125,253.607177734375,0.8159858584403992
677,1266,36637,547.1644897460938,751.8250732421875,205.398681640625,245.5810546875,0.8610597848892212
678,1266,3351,397.85205078125,237.563232421875,185.57708740234375,183.16680908203125,0.8310362696647644
679,1266,31863,123.96456909179688,790.7374267578125,207.15737915039062,205.555908203125,0.43301817774772644
680,1269,3351,362.25787353515625,233.1653594970703,183.85540771484375,181.19395446777344,0.8417551517486572
681,1269,13900,618.732666015625,760.6072998046875,176.0672607421875,263.0023193359375,0.7814632654190063
682,1269,36637,217.86424255371094,769.40185546875,214.34132385253906,240.9482421875,0.7557117938995361
683,127,22362,619.1431884765625,781.2366943359375,260.295654296875,421.8314208984375,0.8021732568740845
684,127,5094,136.12266540527344,856.53857421875,287.47840881347656,288.19091796875,0.8012882471084595
685,127,2483,642.321044921875,112.80230712890625,203.577880859375,475.43243408203125,0.7790583372116089
686,127,6192,136.7506103515625,167.55267333984375,291.46026611328125,518.12744140625,0.7285521626472473
687,1270,27926,144.574951171875,144.65777587890625,259.5609130859375,456.757080078125,0.8596459031105042
688,1270,16548,115.51229858398438,852.31298828125,243.62942504882812,238.7490234375,0.8152275681495667
689,1270,18110,638.4594116210938,269.41845703125,306.05517578125,289.51220703125,0.784521222114563
690,1270,1900,631.1405029296875,894.4776611328125,209.9580078125,132.3466796875,0.753203809261322
691,1272,16548,629.860107421875,176.68177795410156,239.3564453125,226.62229919433594,0.9355658292770386
692,1272,27926,597.437744140625,671.233642578125,257.843994140625,482.55078125,0.8572665452957153
693,1272,1900,157.453125,249.6803436279297,205.0277099609375,125.73646545410156,0.7845026254653931
694,1272,18110,48.25640869140625,738.2060546875,307.5273742675781,289.04931640625,0.7801960706710815
695,1273,13395,112.78179931640625,47.2674560546875,241.57171630859375,484.4093017578125,0.8290128707885742
696,1273,6192,549.57666015625,593.435791015625,288.639404296875,520.7783203125,0.7987414002418518
697,1273,25438,555.0250244140625,204.68930053710938,247.7039794921875,250.97210693359375,0.7540497183799744
698,1273,2483,106.83590698242188,679.1893310546875,233.21502685546875,493.06103515625,0.7360563278198242
699,1274,13395,587.1075439453125,706.799560546875,240.59765625,506.353271484375,0.818985641002655
700,1274,2483,600.571044921875,44.67254638671875,216.462646484375,487.54156494140625,0.816663384437561
701,1274,25438,123.32763671875,812.4473876953125,255.4169921875,255.151611328125,0.7788591384887695
702,1274,6192,107.78392028808594,84.2276611328125,291.96144104003906,519.4445190429688,0.7231338620185852
703,1278,3832,148.1282196044922,601.0499267578125,311.17079162597656,422.9373779296875,0.9847120046615601
704,1278,38162,624.076416015625,703.394775390625,188.8931884765625,297.9002685546875,0.9275132417678833
705,1278,3351,417.72418212890625,255.7981719970703,182.9525146484375,181.83860778808594,0.8208556771278381
706,1279,21771,674.5736083984375,285.7913818359375,187.57080078125,182.52423095703125,0.8813777565956116
707,1279,16551,90.25445556640625,764.61279296875,299.23779296875,499.534423828125,0.8188082575798035
708,1279,31705,124.25970458984375,132.59857177734375,247.43606567382812,423.274169921875,0.7701961994171143
709,1279,1900,646.6781005859375,856.3751220703125,213.425048828125,156.796875,0.7528324723243713
710,128,22362,607.6640625,779.8868408203125,254.522705078125,407.7275390625,0.8573054671287537
711,128,2483,647.9976806640625,80.15937805175781,202.7611083984375,485.86570739746094,0.797052800655365
712,128,6192,136.86456298828125,129.7760009765625,286.1195068359375,528.381103515625,0.6757173538208008
713,128,5094,134.47178649902344,847.0357666015625,279.81092834472656,275.282470703125,0.6638836860656738
714,1280,21771,91.6495590209961,809.872802734375,194.30695343017578,190.036865234375,0.8720171451568604
715,1280,1900,124.23501586914062,260.7322998046875,196.75741577148438,146.753662109375,0.8302786946296692
716,1280,16551,576.4650268554688,0.0,282.0628662109375,451.1486511230469,0.7448822259902954
717,1280,31705,605.3807373046875,688.750732421875,253.33154296875,455.9947509765625,0.735214114189148
718,1282,19552,511.3280029296875,593.5179443359375,304.5638427734375,493.3499755859375,0.9024440050125122
719,1282,3743,497.937255859375,126.39561462402344,315.180908203125,303.57777404785156,0.7747321724891663
720,1282,13395,82.66073608398438,82.7994384765625,232.18557739257812,481.59423828125,0.7583526372909546
721,1282,2483,61.08636474609375,643.5413818359375,206.30673217773438,491.645751953125,0.7504334449768066
722,1284,19552,126.67613220214844,121.7938232421875,306.22682189941406,493.90460205078125,0.9138961434364319
723,1284,3743,116.27676391601562,827.9013671875,325.4720458984375,318.943115234375,0.7863568663597107
724,1284,2483,674.5655517578125,81.71881103515625,204.9190673828125,481.50250244140625,0.7489857077598572
725,1284,13395,627.427490234375,673.8143310546875,232.8646240234375,499.4365234375,0.7279543280601501
726,129,22362,81.73406982421875,76.6727294921875,254.50128173828125,389.049072265625,0.8554127216339111
727,129,5094,522.8458251953125,151.12745666503906,269.147705078125,265.34495544433594,0.8260264992713928
728,129,6192,521.646484375,547.4158935546875,285.341796875,521.560791015625,0.762544572353363
729,129,2483,84.9949722290039,639.8487548828125,205.54607391357422,497.126220703125,0.7190337181091309
730,1290,29345,593.8045654296875,535.027099609375,270.688720703125,445.957275390625,0.9591514468193054
731,1290,16548,538.7852172851562,139.29171752929688,232.181884765625,225.69000244140625,0.9322137236595154
732,1290,18110,45.431488037109375,721.882080078125,309.2845764160156,300.41650390625,0.7923197746276855
733,1290,1900,162.85812377929688,256.42156982421875,127.92059326171875,199.20916748046875,0.7645556330680847
734,1293,30308,115.88145446777344,82.98431396484375,313.54786682128906,451.165771484375,0.9481123685836792
735,1293,27777,144.66061401367188,776.152587890625,180.69772338867188,206.320068359375,0.8689045906066895
736,1293,3483,538.7774658203125,779.9259033203125,267.781494140625,225.548828125,0.8350051641464233
737,1293,20238,576.59033203125,191.26193237304688,221.60693359375,213.84710693359375,0.7274283766746521
738,1294,35206,678.5562744140625,149.60218811035156,204.14794921875,408.49803161621094,0.881496012210846
739,1294,34597,13.3155517578125,47.13092041015625,418.9645080566406,450.73504638671875,0.8640537858009338
740,1294,3483,588.1668090820312,845.4657592773438,283.737060546875,166.203857421875,0.7961121797561646
741,1294,27653,95.12213134765625,852.483154296875,221.417724609375,206.830810546875,0.7782838344573975
742,1295,35206,650.0414428710938,142.78759765625,200.457763671875,397.99078369140625,0.9134905338287354
743,1295,34597,0.4183349609375,25.92083740234375,407.48736572265625,448.4530029296875,0.85563725233078
744,1295,3483,561.93994140625,811.8301391601562,284.4901123046875,174.2027587890625,0.825343906879425
745,1295,27653,60.01103973388672,810.4576416015625,225.88898468017578,210.892822265625,0.8211661577224731
746,1296,34597,567.4765625,733.9307861328125,408.5234375,475.0140380859375,0.8577954173088074
747,1296,27653,670.3529052734375,255.99571228027344,221.957275390625,199.25856018066406,0.8349682688713074
748,1296,35206,108.744140625,685.3707275390625,199.95831298828125,421.2158203125,0.8292611241340637
749,1296,3483,131.00140380859375,287.8179626464844,277.68157958984375,174.86920166015625,0.8191207051277161
750,1297,12420,690.2598266601562,272.1924133300781,181.6102294921875,174.6864013671875,0.8903313875198364
751,1297,4543,157.9755859375,890.6134033203125,212.1024169921875,212.127197265625,0.8061186671257019
752,1297,3544,644.0537109375,919.4144287109375,217.390869140625,215.31396484375,0.7766292095184326
753,1297,16548,152.41708374023438,245.987060546875,231.17730712890625,225.11907958984375,0.3636048436164856
754,1298,16548,616.8756103515625,826.88232421875,238.01806640625,229.3896484375,0.9528082013130188
755,1298,12420,117.78939819335938,860.902587890625,186.36978149414062,182.8953857421875,0.8797389268875122
756,1298,4543,615.8543701171875,169.3719940185547,209.3135986328125,200.58399963378906,0.8483303785324097
757,1298,3544,140.76922607421875,144.09344482421875,208.1376953125,202.7252197265625,0.7054704427719116
758,13,33880,476.9893493652344,244.22747802734375,441.6882629394531,277.37530517578125,0.8525345325469971
759,13,3351,429.9936828613281,853.599853515625,189.48117065429688,190.7823486328125,0.8335464596748352
760,13,16232,143.394287109375,330.4737548828125,192.70269775390625,189.2523193359375,0.6953653693199158
761,130,36637,129.34359741210938,828.4273681640625,190.94265747070312,256.431884765625,0.8748468160629272
762,130,27777,638.359130859375,293.400634765625,175.2939453125,195.21441650390625,0.8561519980430603
763,130,3483,172.78994750976562,275.5745849609375,262.18994140625,218.208251953125,0.8539209961891174
764,130,30308,505.40283203125,768.2783203125,470.59716796875,313.0604248046875,0.6739027500152588
765,1300,31885,75.344482421875,125.06036376953125,462.5284423828125,465.71697998046875,0.9073130488395691
766,1300,29667,633.3764038085938,179.4293212890625,223.0450439453125,215.570068359375,0.8745109438896179
767,1300,3483,586.0595703125,845.829345703125,284.87646484375,165.90576171875,0.8037562370300293
768,1300,27653,93.52444458007812,852.58984375,221.30776977539062,206.064697265625,0.7733014822006226
769,1302,31885,55.85699462890625,100.6915283203125,451.60284423828125,463.3272705078125,0.9101120829582214
770,1302,29667,603.9564208984375,176.24124145507812,219.465087890625,214.15264892578125,0.8323942422866821
771,1302,27653,59.05982208251953,810.0069580078125,224.96575164794922,210.407470703125,0.8232606649398804
772,1302,3483,559.8406982421875,811.7823486328125,285.84375,174.00634765625,0.81986004114151
773,1305,27926,601.087646484375,155.0800323486328,256.0640869140625,456.33982849121094,0.8845934867858887
774,1305,16551,83.39410400390625,669.453857421875,336.07794189453125,469.818115234375,0.8587474226951599
775,1305,1900,632.220703125,894.439453125,210.5654296875,133.168212890625,0.7406445145606995
776,1305,44199,137.9900360107422,293.9159851074219,283.91419982910156,146.3756103515625,0.3413592576980591
777,1309,27733,561.7833251953125,259.7708740234375,295.984130859375,261.57635498046875,0.928584098815918
778,1309,28763,584.135986328125,870.4537353515625,223.402587890625,213.3818359375,0.9189915060997009
779,1309,3483,123.64111328125,305.857421875,272.30828857421875,198.89886474609375,0.869181215763092
780,1309,29667,88.36087036132812,861.14404296875,231.97720336914062,228.9697265625,0.8210180401802063
781,1311,28763,176.4466552734375,187.5394744873047,208.03662109375,199.99208068847656,0.8885671496391296
782,1311,27733,92.9349365234375,732.79248046875,318.51251220703125,278.796875,0.8541154861450195
783,1311,29667,639.8375244140625,177.24456787109375,220.4588623046875,213.63720703125,0.8526462316513062
784,1311,3483,579.6802978515625,759.551025390625,275.426025390625,207.4541015625,0.8423068523406982
785,1312,5886,597.8153076171875,677.0086669921875,235.910400390625,499.2637939453125,0.8353100419044495
786,1312,2483,618.8380126953125,52.02906799316406,251.68017578125,466.01438903808594,0.7483093738555908
787,1312,22627,69.86138916015625,61.898681640625,321.91754150390625,475.81134033203125,0.7224224209785461
788,1312,5094,108.00006103515625,805.310546875,279.9356689453125,274.1856689453125,0.6780680418014526
789,1315,19232,544.9657592773438,208.9132537841797,295.34228515625,288.80470275878906,0.9486685991287231
790,1315,3351,422.95648193359375,877.8912353515625,190.7435302734375,190.7657470703125,0.8226649761199951
791,1315,16688,149.605712890625,92.4591064453125,268.69232177734375,611.975830078125,0.5573788285255432
792,1316,19232,82.30703735351562,694.314453125,306.3625793457031,304.3115234375,0.9666927456855774
793,1316,16688,518.7540283203125,475.221435546875,283.153564453125,671.64599609375,0.9355911016464233
794,1316,3351,326.7125244140625,161.26370239257812,185.108154296875,188.37591552734375,0.8387741446495056
795,132,36637,665.2891845703125,180.5418243408203,186.2138671875,246.55430603027344,0.9007148742675781
796,132,27777,178.01568603515625,811.9813232421875,175.67303466796875,199.49072265625,0.8566178679466248
797,132,3483,566.595703125,812.64013671875,264.439208984375,219.3939208984375,0.825451672077179
798,132,30308,26.551864624023438,180.2154083251953,467.19581604003906,309.11790466308594,0.7664141654968262
799,1322,4378,141.77255249023438,109.175048828125,210.365966796875,435.77044677734375,0.8587964773178101
800,1322,5094,552.0568237304688,191.9806365966797,272.041015625,268.11122131347656,0.8239477872848511
801,1322,6192,485.10137939453125,598.03271484375,340.7840576171875,496.720947265625,0.7186921834945679
802,1322,2483,85.67379760742188,678.141357421875,241.14324951171875,481.168701171875,0.6842131614685059
803,1323,5094,103.26739501953125,800.12353515625,280.4600830078125,274.68505859375,0.7970873713493347
804,1323,4378,592.3966064453125,696.8221435546875,213.933837890625,456.1715087890625,0.7881407737731934
805,1323,2483,611.9765625,50.36418151855469,229.8272705078125,484.57923889160156,0.7724644541740417
806,1323,6192,127.304931640625,105.82293701171875,340.7354736328125,497.7615966796875,0.4078580141067505
807,1326,3351,369.409423828125,245.6701202392578,183.2379150390625,182.22386169433594,0.8100172877311707
808,1326,20238,602.5338134765625,838.439453125,224.83251953125,223.9375,0.6876504421234131
809,1326,18357,158.97654724121094,671.942138671875,272.82752990722656,348.7060546875,0.5574728846549988
810,1327,29451,510.6029052734375,244.5123291015625,410.49267578125,219.03546142578125,0.9763222932815552
811,1327,44199,178.05322265625,234.39569091796875,195.8653564453125,260.7830810546875,0.8680449724197388
812,1327,16548,167.01748657226562,814.4744873046875,240.70086669921875,237.1810302734375,0.7159098982810974
813,1327,1900,643.6566162109375,844.309814453125,188.975341796875,190.486572265625,0.7071207761764526
814,1328,29451,70.5921630859375,843.6292724609375,416.41387939453125,217.4281005859375,0.9704721570014954
815,1328,16548,581.307373046875,216.40211486816406,236.51953125,227.35386657714844,0.9391446113586426
816,1328,44199,629.10693359375,811.0679931640625,208.9298095703125,268.5799560546875,0.9012385010719299
817,1328,1900,167.66578674316406,246.50164794921875,182.73789978027344,182.3941650390625,0.6774112582206726
818,1329,29451,32.412994384765625,799.929443359375,425.8772888183594,226.6046142578125,0.9642335176467896
819,1329,16548,553.1616821289062,207.9418182373047,232.5018310546875,225.88673400878906,0.9163430333137512
820,1329,44199,600.7510986328125,780.329833984375,209.03857421875,274.5240478515625,0.9036956429481506
821,1329,1900,148.25143432617188,240.40390014648438,182.72882080078125,180.51605224609375,0.7345548868179321
822,1330,35206,609.5538330078125,118.8472900390625,232.357177734375,401.0880126953125,0.9487805366516113
823,1330,25469,88.52362060546875,830.1700439453125,345.2374267578125,301.824462890625,0.8205709457397461
824,1330,3483,602.2626953125,844.7392578125,279.0531005859375,187.356689453125,0.8174798488616943
825,1330,34597,93.78179931640625,163.357421875,444.68603515625,423.11627197265625,0.7850817441940308
826,1331,35206,582.7117919921875,110.23745727539062,224.5322265625,392.35418701171875,0.9573923945426941
827,1331,25469,52.138671875,787.8818359375,354.4464111328125,300.23828125,0.8310865759849548
828,1331,3483,575.8433837890625,810.2177734375,280.207763671875,194.4951171875,0.8091377019882202
829,1331,34597,73.78749084472656,130.62890625,439.55601501464844,429.0718994140625,0.7816929221153259
830,1332,35206,136.13194274902344,723.932373046875,246.41664123535156,416.779052734375,0.9340458512306213
831,1332,34597,461.8609619140625,651.7529296875,455.1229248046875,436.882080078125,0.8624172210693359
832,1332,3483,123.75068664550781,271.265869140625,274.09471130371094,191.0020751953125,0.8489131331443787
833,1332,25469,574.6336669921875,188.07044982910156,328.3126220703125,284.05601501464844,0.7763925790786743
834,1333,20014,582.5419921875,280.698486328125,338.98388671875,322.03619384765625,0.8203144669532776
835,1333,3351,400.51129150390625,922.1488037109375,189.81103515625,192.0775146484375,0.8126722574234009
836,1333,36637,159.34193420410156,283.27239990234375,192.88011169433594,246.3988037109375,0.6857733726501465
837,1337,29451,498.07244873046875,822.8514404296875,398.418212890625,266.68115234375,0.9555914402008057
838,1337,16548,576.364013671875,186.83148193359375,238.51953125,225.1788330078125,0.9544147253036499
839,1337,18110,78.94012451171875,788.534423828125,304.896240234375,290.50048828125,0.7853299379348755
840,1337,1900,167.726318359375,246.01336669921875,183.46923828125,181.07879638671875,0.6629429459571838
841,134,35206,649.4090576171875,142.71507263183594,201.006591796875,398.04603576660156,0.9101423025131226
842,134,31885,39.38922119140625,5.2991943359375,357.34228515625,522.28759765625,0.8637576699256897
843,134,3483,562.0820922851562,811.9920654296875,284.9105224609375,174.522216796875,0.8246418237686157
844,134,27653,60.20525360107422,810.7924194335938,225.66162872314453,210.596435546875,0.8243545293807983
845,1340,16548,186.46929931640625,823.7579345703125,242.3682861328125,238.3653564453125,0.9093629717826843
846,1340,31705,134.83193969726562,123.9437255859375,243.5311279296875,424.853271484375,0.7464019060134888
847,1340,1900,643.337158203125,859.188720703125,211.4632568359375,159.622802734375,0.7128515839576721
848,1340,24850,582.049560546875,286.0208740234375,288.777587890625,170.0963134765625,0.702498197555542
849,1345,31885,167.1094207763672,129.57635498046875,425.14991760253906,494.67388916015625,0.9014378786087036
850,1345,29667,618.643310546875,173.06622314453125,225.3828125,216.0535888671875,0.8793069124221802
851,1345,25469,86.06829833984375,831.2171630859375,347.21929931640625,299.4466552734375,0.8240774869918823
852,1345,3483,601.8731689453125,844.9930419921875,278.1494140625,187.929931640625,0.8156136274337769
853,1347,3483,125.632080078125,271.4283447265625,272.85943603515625,190.20770263671875,0.8517850041389465
854,1347,31885,415.335205078125,615.61328125,423.9527587890625,512.4453125,0.8446271419525146
855,1347,29667,138.50770568847656,870.7652587890625,232.26695251464844,227.4970703125,0.8125634789466858
856,1347,25469,575.49755859375,190.50244140625,329.591796875,281.14306640625,0.7748077511787415
857,1348,31863,186.73196411132812,265.2621154785156,206.6895751953125,205.35223388671875,0.9488454461097717
858,1348,3351,361.6875,879.318359375,191.06591796875,191.1298828125,0.8198488354682922
859,1348,22074,674.9496459960938,309.1890869140625,186.2386474609375,187.3348388671875,0.7563266754150391
860,135,35206,677.9891357421875,149.806884765625,204.685791015625,408.37518310546875,0.8860710263252258
861,135,31885,51.781951904296875,21.671875,371.4158630371094,527.2615966796875,0.8491184711456299
862,135,3483,588.3148193359375,845.7689208984375,283.5516357421875,165.908203125,0.7954623699188232
863,135,27653,94.97400665283203,853.01953125,220.75029754638672,206.13037109375,0.7759432196617126
864,1350,22074,106.1982421875,814.2578125,186.482177734375,187.85888671875,0.8975598812103271
865,1350,3351,426.994873046875,219.18453979492188,184.3079833984375,183.316650390625,0.8424952626228333
866,1350,31863,587.7803955078125,856.326416015625,206.42578125,205.8214111328125,0.8024949431419373
867,1353,27777,638.171142578125,293.52203369140625,174.3739013671875,195.3779296875,0.8611639142036438
868,1353,3483,171.27658081054688,276.1119384765625,262.7088623046875,218.96380615234375,0.848517894744873
869,1353,16232,152.90130615234375,827.4526977539062,192.0269775390625,193.3017578125,0.8244985342025757
870,1353,34597,514.0372314453125,679.43408203125,443.9134521484375,458.3436279296875,0.8207787275314331
871,1354,30308,575.82666015625,734.362060546875,341.30029296875,468.40380859375,0.9169445037841797
872,1354,3483,141.590087890625,292.46856689453125,210.7471923828125,257.40863037109375,0.8574115037918091
873,1354,20877,542.4801025390625,294.019287109375,330.088623046875,233.2088623046875,0.8434144854545593
874,1354,36637,167.0223388671875,799.406494140625,188.56463623046875,257.0396728515625,0.8208143711090088
875,1355,30308,81.425048828125,43.04573059082031,324.60125732421875,446.93455505371094,0.9450605511665344
876,1355,20877,85.87409973144531,724.6837158203125,331.78025817871094,243.21533203125,0.907976508140564
877,1355,36637,604.04443359375,203.20242309570312,180.4971923828125,246.934814453125,0.8857977390289307
878,1355,3483,625.962890625,716.675537109375,208.880859375,273.1376953125,0.8536147475242615
879,1357,16548,576.3717041015625,168.52003479003906,235.575927734375,225.81822204589844,0.9407314658164978
880,1357,12420,626.6349487304688,814.2057495117188,191.1339111328125,186.4287109375,0.8526405692100525
881,1357,6563,164.04197692871094,671.66552734375,219.89137268066406,366.571044921875,0.8401734828948975
882,1357,3544,94.04754638671875,228.8843994140625,205.75314331054688,198.39813232421875,0.786673367023468
883,1358,16548,604.3963623046875,175.705322265625,240.055419921875,225.81524658203125,0.9354344010353088
884,1358,6563,196.3440704345703,714.903076171875,217.76426696777344,360.55712890625,0.818943202495575
885,1358,3544,111.28730010986328,239.25515747070312,208.75817108154297,201.109619140625,0.7205015420913696
886,1358,4543,653.5485229492188,848.093994140625,188.3197021484375,181.18896484375,0.539353609085083
887,1359,12420,165.9710693359375,276.88836669921875,181.85943603515625,179.5540771484375,0.916090726852417
888,1359,3544,673.2705078125,826.3253173828125,214.67724609375,212.2257080078125,0.7726899981498718
889,1359,6563,581.4028930664062,230.61639404296875,214.408203125,337.612060546875,0.7405148148536682
890,1359,16548,138.65185546875,853.1766357421875,244.29107666015625,239.077880859375,0.7007334232330322
891,136,44199,135.79049682617188,244.73069763183594,241.71728515625,229.98707580566406,0.9250438809394836
892,136,1900,651.24853515625,850.051025390625,210.316650390625,161.93408203125,0.8150162100791931
893,136,16551,78.9166259765625,652.6900634765625,314.59429931640625,487.9576416015625,0.807192325592041
894,136,33009,570.5968017578125,213.52911376953125,320.375,291.35198974609375,0.8071139454841614
895,1361,19232,167.3192138671875,648.3855590820312,242.14892578125,356.463623046875,0.8982508182525635
896,1361,29667,628.9575805664062,690.5025634765625,232.866943359375,230.24853515625,0.8644860982894897
897,1361,3351,357.51849365234375,148.59780883789062,184.78021240234375,187.87228393554688,0.8411650061607361
898,1363,33880,454.2099914550781,245.1317138671875,433.5104675292969,287.53302001953125,0.8919323682785034
899,1363,16262,119.28778839111328,291.883544921875,246.35863494873047,235.111328125,0.8379291892051697
900,1363,3351,434.0185241699219,886.3980712890625,187.35598754882812,191.9024658203125,0.8283202052116394
901,1366,27653,670.6895751953125,256.710205078125,222.591552734375,198.6387939453125,0.8290104866027832
902,1366,22347,661.98193359375,837.593994140625,214.883544921875,206.582763671875,0.8251250982284546
903,1366,29667,123.82366943359375,861.9046630859375,232.54638671875,229.0587158203125,0.8237537145614624
904,1366,3483,132.29071044921875,287.08984375,276.8585205078125,175.3809814453125,0.8188558220863342
905,1367,29667,604.2376708984375,175.8729248046875,219.246826171875,214.2943115234375,0.843017578125
906,1367,22347,106.8006591796875,226.41668701171875,201.26223754882812,192.2542724609375,0.8306218385696411
907,1367,27653,59.089805603027344,810.3560180664062,224.61273956298828,210.4150390625,0.8253813982009888
908,1367,3483,560.2403564453125,812.0516357421875,285.33447265625,174.369384765625,0.8216445446014404
909,1369,22347,119.46057891845703,213.84596252441406,206.95030975341797,197.33616638183594,0.8717708587646484
910,1369,3483,601.4569091796875,866.87744140625,259.5107421875,229.604736328125,0.8529036641120911
911,1369,19861,126.44375610351562,865.85009765625,221.56265258789062,167.388916015625,0.7743738293647766
912,1369,16262,637.2548828125,176.394775390625,246.896484375,232.67169189453125,0.7535844445228577
913,1371,22347,102.73798370361328,205.52337646484375,202.47173309326172,194.02520751953125,0.8663483262062073
914,1371,3483,574.0445556640625,837.248046875,261.459716796875,230.201416015625,0.8591225147247314
915,1371,19861,91.9788818359375,826.44189453125,226.29995727539062,176.70703125,0.8079044818878174
916,1371,16262,609.44482421875,171.80650329589844,239.844970703125,228.15419006347656,0.7826970219612122
917,1372,5886,611.4266357421875,687.6834716796875,240.4140625,521.794921875,0.8728969097137451
918,1372,22627,82.82135009765625,97.77581787109375,322.31689453125,482.26239013671875,0.7700705528259277
919,1372,2483,597.4425659179688,111.73614501953125,289.234375,447.3021240234375,0.7311956286430359
920,1372,3743,74.44052124023438,811.560302734375,331.9216003417969,330.859619140625,0.6764704585075378
921,1376,33208,153.6220245361328,296.2663269042969,204.88670349121094,195.92779541015625,0.895730197429657
922,1376,16551,89.763427734375,700.324951171875,295.11566162109375,500.035400390625,0.8317528963088989
923,1376,1900,641.2603759765625,857.5823974609375,209.243896484375,169.64794921875,0.7969019412994385
924,1376,33009,586.3973388671875,242.6830596923828,360.091796875,237.28526306152344,0.7632958292961121
925,1377,33208,642.816162109375,807.2078857421875,209.651123046875,198.0966796875,0.8295769095420837
926,1377,1900,151.0032958984375,255.70201110839844,198.40863037109375,155.96986389160156,0.8268007636070251
927,1377,33009,47.360321044921875,823.16357421875,363.0999755859375,232.50244140625,0.7647114992141724
928,1377,16551,607.1450805664062,56.080322265625,286.8212890625,481.06109619140625,0.7545045018196106
929,1378,35206,108.91006469726562,773.506591796875,302.01629638671875,393.2498779296875,0.9209381341934204
930,1378,3483,151.1815185546875,218.59754943847656,247.8223876953125,222.06199645996094,0.8601788878440857
931,1378,22347,623.779052734375,868.7674560546875,211.98486328125,207.9383544921875,0.8555933237075806
932,1378,19861,638.340576171875,276.510986328125,221.064208984375,170.3662109375,0.5774516463279724
933,1379,35206,583.3853759765625,94.74893188476562,286.3236083984375,379.19403076171875,0.9015933275222778
934,1379,3483,601.21826171875,866.3348388671875,259.7366943359375,230.474853515625,0.8491150736808777
935,1379,22347,160.46978759765625,201.6150360107422,207.64117431640625,197.07276916503906,0.8382452130317688
936,1379,19861,126.62942504882812,865.8680419921875,221.40301513671875,167.094482421875,0.7762930393218994
937,1381,21325,633.2555541992188,276.1465759277344,237.7301025390625,138.24713134765625,0.9868744015693665
938,1381,3351,407.6019287109375,844.401123046875,190.1240234375,191.555419921875,0.8521692156791687
939,1381,19232,35.66912841796875,236.3402862548828,367.4849853515625,233.63963317871094,0.27101537585258484
940,1384,27777,176.88229370117188,812.822998046875,175.67376708984375,199.951171875,0.8641520142555237
941,1384,3483,566.6085205078125,814.7489013671875,264.636962890625,219.1658935546875,0.8271546363830566
942,1384,25367,51.627227783203125,94.296142578125,420.69476318359375,452.0301513671875,0.8188949823379517
943,1384,20238,604.3499755859375,196.2330322265625,226.6583251953125,215.209228515625,0.7447243928909302
944,1385,27777,144.47750854492188,775.44921875,180.60507202148438,207.1185302734375,0.8702823519706726
945,1385,3483,538.7296142578125,779.8731689453125,267.59521484375,225.544189453125,0.835335373878479
946,1385,20238,576.6028442382812,191.4569549560547,221.8232421875,213.49598693847656,0.7302648425102234
947,1385,25367,38.770233154296875,81.80682373046875,406.64886474609375,443.56951904296875,0.6685050129890442
948,1386,25367,530.014892578125,699.01904296875,430.3846435546875,471.6927490234375,0.8570725917816162
949,1386,3483,172.64451599121094,272.986083984375,262.04225158691406,218.6678466796875,0.8541388511657715
950,1386,27777,639.478271484375,292.67291259765625,174.58544921875,195.392333984375,0.8494422435760498
951,1386,20238,153.3526611328125,850.5091552734375,231.8631591796875,226.2635498046875,0.7287814617156982
952,1387,20877,138.757568359375,832.5457763671875,277.56817626953125,308.599365234375,0.9565947651863098
953,1387,22347,111.05606842041016,241.0854034423828,207.87029266357422,197.11253356933594,0.8572429418563843
954,1387,3483,644.8360595703125,758.6314697265625,203.11083984375,274.334716796875,0.8435840010643005
955,1387,20238,602.69140625,181.8182373046875,226.25,215.69854736328125,0.7716743350028992
956,139,35206,584.119873046875,110.97557067871094,223.0452880859375,391.66810607910156,0.956319272518158
957,139,31885,8.90277099609375,46.42999267578125,397.7952880859375,500.82501220703125,0.8686641454696655
958,139,25469,51.1845703125,788.581787109375,354.2457275390625,299.755126953125,0.8278111815452576
959,139,3483,574.483642578125,811.5582275390625,280.243896484375,193.57275390625,0.8039846420288086
960,1390,22362,604.6224365234375,747.7197265625,268.18115234375,417.954345703125,0.8367213010787964
961,1390,22627,115.0986328125,169.28575134277344,358.2294921875,452.49720764160156,0.7958754301071167
962,1390,2483,602.21630859375,110.05934143066406,199.9111328125,473.51243591308594,0.779189944267273
963,1390,25438,156.921142578125,873.177734375,262.7303466796875,265.850830078125,0.7699143290519714
964,1392,2483,603.4935302734375,79.153076171875,220.515869140625,482.9217529296875,0.80527663230896
965,1392,25438,155.47943115234375,859.732177734375,255.68145751953125,256.03955078125,0.7814428806304932
966,1392,22627,112.81463623046875,136.103271484375,360.28131103515625,450.64959716796875,0.7807444334030151
967,1392,22362,596.8199462890625,742.435302734375,259.1866455078125,407.5093994140625,0.7746567726135254
968,1393,3483,173.08126831054688,273.09674072265625,262.6898193359375,218.7021484375,0.8534252047538757
969,1393,27777,639.0498046875,293.13287353515625,175.1141357421875,194.8275146484375,0.844819962978363
970,1393,22347,682.623046875,871.7440185546875,215.1468505859375,207.59130859375,0.8374057412147522
971,1393,16262,135.216552734375,836.9853515625,249.98883056640625,240.014892578125,0.8292316794395447
972,1395,27777,143.88674926757812,775.7015380859375,180.42214965820312,205.95849609375,0.864565372467041
973,1395,22347,87.33135986328125,194.31365966796875,202.86691284179688,193.7745361328125,0.8488656878471375
974,1395,3483,538.2135009765625,779.189453125,267.012451171875,226.39013671875,0.8354213833808899
975,1395,16262,575.1978759765625,186.884033203125,239.7088623046875,229.16961669921875,0.821897029876709
976,1396,19552,511.902099609375,597.5947265625,323.14697265625,481.7685546875,0.9086529612541199
977,1396,5094,524.1321411132812,162.66119384765625,269.79248046875,266.671875,0.8059703707695007
978,1396,13395,80.20028686523438,83.66253662109375,231.77301025390625,481.05645751953125,0.7712485790252686
979,1396,2483,82.69820404052734,658.3426513671875,218.99329376220703,490.3043212890625,0.5940483808517456
980,140,35206,610.8569946289062,119.49981689453125,231.05419921875,400.73583984375,0.9485417008399963
981,140,31885,19.055908203125,67.05902099609375,415.4820556640625,504.37384033203125,0.8871210813522339
982,140,3483,602.1351318359375,845.01171875,278.49072265625,187.66064453125,0.8184263110160828
983,140,25469,87.745361328125,830.9351806640625,345.22894287109375,300.955078125,0.8164036870002747
984,1401,22347,649.8264770507812,851.9296875,215.69482421875,207.3857421875,0.8552830219268799
985,1401,3483,125.086181640625,271.13995361328125,273.25909423828125,189.2708740234375,0.8508026599884033
986,1401,29667,137.2403106689453,870.8782958984375,231.79405212402344,228.13623046875,0.8480910062789917
987,1401,25469,575.470458984375,189.8427734375,329.7735595703125,281.54132080078125,0.7771872878074646
988,1402,33880,464.34552001953125,196.26145935058594,391.6298828125,361.88697814941406,0.9639401435852051
989,1402,3351,424.34320068359375,884.835693359375,191.308349609375,191.5738525390625,0.8443202376365662
990,1402,20238,85.2095718383789,332.9749755859375,226.25652313232422,222.29107666015625,0.565382182598114
991,1404,33880,121.685791015625,740.1383056640625,393.9307861328125,374.44677734375,0.9578850269317627
992,1404,3351,366.07745361328125,214.70001220703125,184.38983154296875,182.359375,0.8352022171020508
993,1404,20238,670.444580078125,761.5654296875,227.8192138671875,224.099609375,0.6890978813171387
994,1407,38162,603.7069091796875,791.6927490234375,247.8076171875,255.0255126953125,0.9449759125709534
995,1407,33880,100.39703369140625,683.193359375,314.29010009765625,432.71435546875,0.8947683572769165
996,1407,3351,379.71142578125,230.91366577148438,182.88336181640625,181.28753662109375,0.8452910780906677
997,1408,21026,684.74072265625,274.79681396484375,177.90673828125,171.59033203125,0.9019217491149902
998,1408,33208,657.97607421875,899.435302734375,218.632080078125,210.517822265625,0.8907417058944702
999,1408,16548,73.20071411132812,808.291259765625,243.02401733398438,235.858642578125,0.8703398704528809
1000,1408,1900,187.27957153320312,273.28570556640625,202.8046875,135.4359130859375,0.770527720451355
1001,1411,30308,66.90481567382812,126.2041015625,392.03790283203125,420.6436767578125,0.9007849097251892
1002,1411,36637,643.637939453125,207.26785278320312,188.8214111328125,248.2998046875,0.8985301852226257
1003,1411,3483,589.2723388671875,845.16259765625,283.5172119140625,165.9527587890625,0.7914847135543823
1004,1411,27653,95.9501953125,853.4053955078125,221.55084228515625,206.49658203125,0.7769548296928406
1005,1413,36637,150.277099609375,802.87548828125,194.90924072265625,255.0635986328125,0.882078230381012
1006,1413,30308,547.55810546875,704.2537841796875,395.345947265625,428.13720703125,0.8620247840881348
1007,1413,27653,669.3002319335938,255.29151916503906,222.2677001953125,199.85411071777344,0.8368501663208008
1008,1413,3483,129.5606689453125,288.6021423339844,278.1785888671875,174.51220703125,0.8119928240776062
1009,1414,16548,55.38751220703125,776.296630859375,243.05355834960938,232.388916015625,0.938391923904419
1010,1414,10221,600.92041015625,192.09683227539062,217.73681640625,213.548583984375,0.8991532325744629
1011,1414,27926,553.2485961914062,598.15283203125,278.57763671875,485.0087890625,0.8781271576881409
1012,1414,3544,110.67169189453125,194.77163696289062,201.796142578125,197.76483154296875,0.7357966303825378
1013,1418,16551,107.2452392578125,648.7265625,289.2457275390625,492.086181640625,0.8330367207527161
1014,1418,1900,128.25955200195312,255.7215576171875,197.260498046875,149.81640625,0.8017098903656006
1015,1418,31705,595.8228759765625,692.912109375,252.9576416015625,460.885498046875,0.8003409504890442
1016,142,44199,79.56478881835938,177.49920654296875,249.21209716796875,222.31884765625,0.978472113609314
1017,142,16548,593.3115234375,154.86936950683594,232.2044677734375,225.53480529785156,0.9366645812988281
1018,142,21026,91.31912231445312,831.9169921875,182.16146850585938,179.481689453125,0.8831574320793152
1019,142,1900,582.8235473632812,867.39501953125,210.28173828125,143.6845703125,0.7283608913421631
1020,1420,41768,98.82330322265625,238.2503662109375,294.26690673828125,268.64154052734375,0.9741020202636719
1021,1420,16688,547.7625732421875,62.84771728515625,272.129150390625,602.1058349609375,0.9398728609085083
1022,1420,3351,410.7543029785156,873.87451171875,190.06027221679688,191.10107421875,0.801156222820282
1023,1421,41768,551.2913818359375,718.524169921875,304.357177734375,286.689453125,0.9257983565330505
1024,1421,3351,338.941650390625,166.12771606445312,184.185302734375,187.90252685546875,0.8273301124572754
1025,1421,16688,109.72064208984375,505.813720703125,277.80609130859375,656.599853515625,0.8091662526130676
1026,1424,35206,580.97802734375,130.10601806640625,223.520263671875,395.213623046875,0.9483594298362732
1027,1424,27777,144.49749755859375,775.0680541992188,180.9488525390625,206.1038818359375,0.8665826916694641
1028,1424,31885,95.96893310546875,74.32537841796875,364.4237060546875,522.7293090820312,0.8532519340515137
1029,1424,3483,539.2623901367188,777.40234375,266.200439453125,225.7938232421875,0.8394075632095337
1030,1425,35206,613.2789306640625,141.06976318359375,224.124755859375,402.03143310546875,0.9526935815811157
1031,1425,31885,113.3983154296875,94.518310546875,374.05426025390625,528.9539184570312,0.8751189708709717
1032,1425,27777,176.77137756347656,811.9385986328125,176.13682556152344,199.5439453125,0.858222484588623
1033,1425,3483,566.785888671875,812.64453125,263.870361328125,219.065673828125,0.8267240524291992
1034,1429,16548,124.65118408203125,829.724365234375,239.71820068359375,228.1064453125,0.920711100101471
1035,1429,29345,605.0633544921875,702.48193359375,286.07666015625,445.16748046875,0.9051912426948547
1036,1429,3544,120.16314697265625,251.6251220703125,209.6163330078125,201.94744873046875,0.7433602213859558
1037,1429,10221,678.627685546875,214.6366424560547,225.261474609375,214.39076232910156,0.7377338409423828
1038,143,44199,93.9296875,185.4083709716797,255.97235107421875,226.64942932128906,0.9665259122848511
1039,143,16548,621.2659912109375,161.5774383544922,238.921875,225.94581604003906,0.9481505155563354
1040,143,21026,126.05654907226562,865.824462890625,178.50494384765625,175.251220703125,0.8690937161445618
1041,143,1900,609.0118408203125,899.0609130859375,208.216552734375,140.1488037109375,0.6762498617172241
1042,1431,16548,90.83154296875,790.0140380859375,242.94033813476562,233.179931640625,0.923768937587738
1043,1431,29345,578.411376953125,664.8817138671875,288.3848876953125,450.474609375,0.8948347568511963
1044,1431,10221,650.6288452148438,206.80886840820312,219.299560546875,214.79522705078125,0.8736058473587036
1045,1431,3544,102.50011444091797,240.60707092285156,205.92188262939453,200.72068786621094,0.6747350096702576
1046,1433,3351,368.76800537109375,173.04229736328125,180.53021240234375,185.23699951171875,0.8351713418960571
1047,1433,32310,0.0,661.5963134765625,305.68328857421875,328.30078125,0.6619738340377808
1048,1433,38162,609.7030639648438,753.49658203125,293.867431640625,208.9912109375,0.6577190160751343
1049,1435,3351,398.6689453125,853.031982421875,186.7139892578125,190.617919921875,0.8415815234184265
1050,1435,13900,170.23147583007812,340.83575439453125,174.002685546875,253.79693603515625,0.7902951240539551
1051,1435,20238,590.1832275390625,307.03253173828125,226.0238037109375,217.5775146484375,0.42367735505104065
1052,1436,3351,349.7415771484375,183.85360717773438,184.94091796875,189.97412109375,0.8342052102088928
1053,1436,13900,600.0363159179688,626.3914794921875,178.1776123046875,266.482666015625,0.8214600682258606
1054,1436,20238,111.0400390625,699.4638671875,228.88735961914062,227.7078857421875,0.5900409817695618
1055,1438,12247,175.03762817382812,303.68878173828125,204.74261474609375,124.9368896484375,0.982944905757904
1056,1438,16548,206.2916259765625,841.7113037109375,244.34759521484375,237.91357421875,0.8416668176651001
1057,1438,3544,698.72998046875,857.281005859375,213.056884765625,212.912353515625,0.775026798248291
1058,1438,6563,581.1976318359375,231.59771728515625,215.041259765625,336.2049560546875,0.7453147768974304
1059,1439,12247,592.0126953125,849.09619140625,212.8876953125,127.859375,0.9631497859954834
1060,1439,16548,512.8291015625,179.79969787597656,236.1263427734375,225.46885681152344,0.9358234405517578
1061,1439,6563,165.42225646972656,671.222412109375,219.36961364746094,366.512939453125,0.8341565132141113
1062,1439,3544,72.50860595703125,200.48849487304688,203.12844848632812,198.57867431640625,0.7830702066421509
1063,1441,27733,92.98674011230469,733.4497680664062,318.11048889160156,278.4139404296875,0.8654595613479614
1064,1441,3483,579.4146728515625,759.477294921875,275.4093017578125,207.7591552734375,0.844480037689209
1065,1441,36637,593.8592529296875,204.66465759277344,253.493408203125,168.05763244628906,0.830740213394165
1066,1441,22347,117.50674438476562,173.49102783203125,202.47201538085938,192.963134765625,0.8291298151016235
1067,1442,22347,132.61907958984375,177.71185302734375,208.54803466796875,197.8414306640625,0.8515980839729309
1068,1442,27733,129.16995239257812,776.622802734375,314.1112060546875,275.304931640625,0.8208666443824768
1069,1442,3483,608.443115234375,790.5186767578125,274.55712890625,210.8360595703125,0.8191282749176025
1070,1442,36637,621.6590576171875,208.0490264892578,260.1353759765625,171.54295349121094,0.7954472899436951
1071,1444,4378,137.77951049804688,109.41664123535156,217.55679321289062,434.30528259277344,0.8452691435813904
1072,1444,2483,94.95328521728516,688.984375,214.79839324951172,492.48046875,0.8018923401832581
1073,1444,3743,483.1280517578125,148.2418975830078,316.0299072265625,305.77964782714844,0.793396532535553
1074,1444,23223,522.857666015625,626.8182373046875,294.0523681640625,509.5791015625,0.7585106492042542
1075,1446,23223,120.16462707519531,74.77801513671875,291.01963806152344,499.0457763671875,0.8126461505889893
1076,1446,3743,128.7646026611328,802.9697265625,326.79698181152344,318.987060546875,0.8065181374549866
1077,1446,4378,588.3306884765625,700.746826171875,226.595458984375,451.60498046875,0.7910169363021851
1078,1446,2483,632.8109130859375,34.44441223144531,197.995361328125,479.36131286621094,0.7211030721664429
1079,1447,16548,44.50994873046875,790.438720703125,243.05035400390625,234.181396484375,0.8964953422546387
1080,1447,10221,628.33935546875,191.9091796875,219.536865234375,215.3673095703125,0.8706183433532715
1081,1447,29451,468.1378173828125,765.346435546875,412.41943359375,250.598388671875,0.8121320009231567
1082,1447,3544,102.26261138916016,179.5155029296875,205.12810516357422,199.220947265625,0.7081061601638794
1083,1449,16548,80.19256591796875,832.3447265625,238.91903686523438,226.989501953125,0.9239058494567871
1084,1449,29451,496.5257873535156,805.045166015625,405.1557312011719,238.9158935546875,0.8208039402961731
1085,1449,10221,657.3153076171875,198.02069091796875,223.94091796875,214.3714599609375,0.8056313991546631
1086,1449,3544,118.6279296875,184.67184448242188,209.21609497070312,201.95611572265625,0.7311888337135315
1087,1450,2483,602.632080078125,43.84419250488281,214.254150390625,487.86412048339844,0.8219518661499023
1088,1450,13395,586.1705932617188,706.8226318359375,241.275146484375,506.361572265625,0.8167678713798523
1089,1450,12778,116.45494079589844,71.5728759765625,287.99159240722656,514.7291259765625,0.7843688726425171
1090,1450,25438,123.57167053222656,812.90869140625,256.02061462402344,254.216552734375,0.779180109500885
1091,1452,12778,120.178466796875,110.0887451171875,285.067138671875,515.66357421875,0.8345317244529724
1092,1452,13395,601.9371948242188,704.328125,235.591796875,527.497314453125,0.8332286477088928
1093,1452,25438,125.98794555664062,824.366455078125,260.8470458984375,267.656982421875,0.7725517749786377
1094,1452,2483,595.0111083984375,80.42524719238281,207.467041015625,473.28831481933594,0.7528943419456482
1095,1453,16688,475.648681640625,118.00244140625,425.83056640625,531.7584228515625,0.8594682812690735
1096,1453,18357,50.930145263671875,308.415283203125,277.3232727050781,331.980224609375,0.8274417519569397
1097,1453,3351,459.4056701660156,906.8297119140625,189.03317260742188,191.5302734375,0.8171023726463318
1098,1455,16688,74.43115234375,620.9114990234375,434.94287109375,593.510986328125,0.9104468822479248
1099,1455,3351,334.55078125,192.44290161132812,183.18310546875,181.46514892578125,0.8444317579269409
1100,1455,18357,649.3720703125,649.2503662109375,285.9599609375,344.052490234375,0.7720072269439697
1101,1458,4378,638.717041015625,702.361572265625,227.141845703125,456.989013671875,0.8949939012527466
1102,1458,25438,110.39007568359375,830.017333984375,256.7065734863281,253.45068359375,0.7659949064254761
1103,1458,2483,613.9384765625,68.5653076171875,238.913330078125,467.02532958984375,0.7387530207633972
1104,1458,23223,74.88851928710938,171.0762939453125,298.24945068359375,497.80877685546875,0.7378320693969727
1105,1459,5094,107.15162658691406,811.341552734375,285.63499450683594,287.3985595703125,0.8519649505615234
1106,1459,2483,622.287353515625,75.32232666015625,228.063232421875,464.30767822265625,0.7444401383399963
1107,1459,12081,649.8328857421875,694.170654296875,244.30029296875,466.0771484375,0.7238568663597107
1108,1459,22627,73.94491577148438,196.0233154296875,311.05609130859375,465.5848388671875,0.6505695581436157
1109,146,27777,638.095458984375,293.24853515625,174.4482421875,195.42547607421875,0.8612248301506042
1110,146,3483,171.38055419921875,275.80438232421875,262.5081787109375,219.4453125,0.8505682945251465
1111,146,16232,152.523681640625,827.2540283203125,191.96258544921875,193.102783203125,0.8263301849365234
1112,146,31885,558.3673095703125,670.053466796875,399.587158203125,532.535888671875,0.8165682554244995
1113,1460,5094,550.8509521484375,191.888916015625,272.26416015625,268.12225341796875,0.8305111527442932
1114,1460,2483,57.21228790283203,700.403564453125,252.90532684326172,477.4498291015625,0.7595613598823547
1115,1460,12081,70.47460174560547,127.65484619140625,230.67816925048828,431.416259765625,0.6907047629356384
1116,1460,22627,545.6592407226562,578.9830322265625,316.121337890625,477.0008544921875,0.6114805340766907
1117,1461,5094,105.51495361328125,800.773681640625,279.150146484375,274.59716796875,0.8041473031044006
1118,1461,2483,625.892333984375,36.851531982421875,247.547607421875,468.62689208984375,0.75389564037323
1119,1461,12081,640.0551147460938,688.488037109375,240.8424072265625,450.4287109375,0.6210086345672607
1120,1461,22627,70.57693481445312,160.3453369140625,313.9296875,469.072021484375,0.5794673562049866
1121,1462,27653,668.3365478515625,255.6052703857422,223.26904296875,199.34523010253906,0.8327099084854126
1122,1462,3483,130.1112823486328,287.62518310546875,277.73741149902344,175.68060302734375,0.8161871433258057
1123,1462,25367,521.750244140625,673.114501953125,429.551513671875,466.49462890625,0.782191812992096
1124,1462,20238,133.19622802734375,868.8194580078125,232.1263427734375,226.606201171875,0.7588086724281311
1125,1463,25367,58.076019287109375,123.34046936035156,427.59063720703125,450.32298278808594,0.8690955638885498
1126,1463,3483,589.9334716796875,845.093505859375,282.25634765625,167.376953125,0.7895837426185608
1127,1463,27653,96.06802368164062,853.3692626953125,221.93084716796875,206.489013671875,0.7812783122062683
1128,1463,20238,623.9046630859375,176.4626007080078,225.75732421875,217.32029724121094,0.7794708609580994
1129,1464,3483,562.2144775390625,811.156494140625,284.822265625,175.4658203125,0.8288989067077637
1130,1464,27653,61.059242248535156,810.7432250976562,225.94939422607422,211.092529296875,0.8242065906524658
1131,1464,25367,44.47904968261719,107.0897216796875,411.74293518066406,445.31939697265625,0.8207443356513977
1132,1464,20238,596.1727294921875,173.76942443847656,219.3306884765625,213.89768981933594,0.7839755415916443
1133,1466,16262,595.1449584960938,176.1468505859375,236.4017333984375,228.32568359375,0.8302786946296692
1134,1466,3483,561.6612548828125,810.7536010742188,285.058349609375,176.2767333984375,0.82393878698349
1135,1466,27653,59.987632751464844,810.339599609375,226.33405303955078,210.8896484375,0.8229382634162903
1136,1466,22347,106.41363525390625,178.75843811035156,200.75701904296875,194.57518005371094,0.7468273043632507
1137,1473,19607,151.46792602539062,218.16148376464844,157.8817138671875,153.24903869628906,0.8711358904838562
1138,1473,21026,126.13827514648438,865.9697265625,178.5562744140625,174.993896484375,0.8676937222480774
1139,1473,16551,572.4271240234375,89.7286376953125,288.05029296875,481.87689208984375,0.8425362706184387
1140,1473,1900,615.0931396484375,859.83740234375,203.221923828125,158.0810546875,0.6816880702972412
1141,1474,34597,69.885498046875,103.34527587890625,438.302978515625,424.29937744140625,0.8505363464355469
1142,1474,27733,125.13308715820312,767.4990234375,313.11785888671875,276.2154541015625,0.8204429149627686
1143,1474,3483,609.7572021484375,789.49853515625,274.12060546875,209.0970458984375,0.817101776599884
1144,1474,36637,621.649169921875,207.333740234375,259.78564453125,171.29595947265625,0.8141961097717285
1145,1476,27733,89.59275817871094,727.1263427734375,318.16676330566406,279.988037109375,0.8851162791252136
1146,1476,36637,593.7388916015625,204.238037109375,252.98974609375,168.896484375,0.840922474861145
1147,1476,3483,581.732177734375,758.377685546875,274.00927734375,207.702880859375,0.8379582166671753
1148,1476,34597,54.63407897949219,73.35043334960938,429.11219787597656,431.19842529296875,0.8289323449134827
1149,1477,3351,652.8657836914062,287.9886779785156,180.2410888671875,183.5577392578125,0.8327721357345581
1150,1477,18357,356.498779296875,677.7589111328125,252.280029296875,372.4384765625,0.79726642370224
1151,1477,36637,88.7867431640625,231.11236572265625,241.359619140625,212.54168701171875,0.5342698693275452
1152,148,19232,505.10296630859375,238.51588439941406,326.0118408203125,255.19261169433594,0.928238570690155
1153,148,3351,402.50079345703125,849.3499755859375,188.67388916015625,192.0401611328125,0.82001793384552
1154,148,20238,121.03848266601562,298.322265625,226.34268188476562,220.50732421875,0.4667779207229614
1155,1480,16548,172.30841064453125,834.674560546875,242.860595703125,237.14990234375,0.8905780911445618
1156,1480,10221,158.1650390625,261.4067687988281,221.16351318359375,212.55133056640625,0.8745797872543335
1157,1480,6563,589.5909423828125,239.2442626953125,215.59912109375,336.4459228515625,0.7765403389930725
1158,1480,3544,642.136474609375,875.32275390625,215.419189453125,213.534912109375,0.7678355574607849
1159,1483,35206,108.68975830078125,773.66943359375,302.1661376953125,392.7822265625,0.919082760810852
1160,1483,28763,631.4193115234375,898.719970703125,221.88720703125,212.82373046875,0.8903151154518127
1161,1483,3483,151.51806640625,218.6043701171875,247.2607421875,222.2410888671875,0.8581601977348328
1162,1483,19861,637.858642578125,277.18408203125,221.2601318359375,170.0142822265625,0.5874488353729248
1163,1485,35206,583.4268798828125,94.540283203125,286.219482421875,379.2567138671875,0.900922954082489
1164,1485,28763,147.01397705078125,169.43011474609375,213.3099365234375,201.6630859375,0.8913137316703796
1165,1485,3483,601.2196044921875,866.456787109375,259.51025390625,230.22021484375,0.8508772253990173
1166,1485,19861,126.4942626953125,865.38916015625,221.54803466796875,167.594482421875,0.775917649269104
1167,1488,3351,392.8175048828125,205.55084228515625,183.2894287109375,183.92840576171875,0.8302060961723328
1168,1488,21325,209.84169006347656,826.135986328125,205.32115173339844,198.0098876953125,0.7546073198318481
1169,1488,31863,626.095703125,830.39306640625,206.62353515625,205.94384765625,0.4943309426307678
1170,1489,3351,402.55078125,850.292236328125,188.81317138671875,191.8076171875,0.8228751420974731
1171,1489,20014,538.9847412109375,289.53436279296875,344.108154296875,316.1866455078125,0.7693917155265808
1172,1489,3351,184.80413818359375,280.76873779296875,226.3363037109375,219.4921875,0.7047077417373657
1173,149,19232,94.54754638671875,696.8806762695312,341.22137451171875,269.146484375,0.9611956477165222
1174,149,3351,347.183349609375,187.65638732910156,183.0810546875,189.31297302246094,0.8217678666114807
1175,149,20238,595.519287109375,711.329833984375,229.10302734375,227.76953125,0.6721575260162354
1176,1492,21325,184.8472900390625,277.07568359375,161.865966796875,229.92724609375,0.91712486743927
1177,1492,3351,379.1728515625,904.1380615234375,190.84869384765625,190.41064453125,0.808330774307251
1178,1492,18147,531.8385009765625,298.15313720703125,337.989013671875,351.70660400390625,0.7750765681266785
1179,1493,18147,59.4786376953125,544.1875,351.728515625,376.8580322265625,0.9361680746078491
1180,1493,3351,367.63238525390625,136.47390747070312,185.322509765625,190.31576538085938,0.838367223739624
1181,1493,21325,598.2681884765625,720.4757080078125,160.870849609375,243.0419921875,0.5563840866088867
1182,1497,3483,565.6524047851562,841.2598876953125,262.0625,231.845947265625,0.8485020995140076
1183,1497,19861,84.58221435546875,825.8285522460938,227.40988159179688,176.6181640625,0.8180776834487915
1184,1497,29667,610.2094116210938,198.62612915039062,220.4775390625,214.7379150390625,0.7965906858444214
1185,1497,34597,60.848907470703125,55.72900390625,303.7582092285156,502.3919677734375,0.7876904606819153
1186,15,33880,49.54402160644531,781.7471923828125,447.13475036621094,283.957763671875,0.955864667892456
1187,15,3351,360.88720703125,247.222412109375,182.9569091796875,181.432373046875,0.8323083519935608
1188,15,16232,644.2335205078125,796.1021728515625,194.5791015625,190.26318359375,0.2739331126213074
1189,150,19232,138.01731872558594,802.424072265625,336.23451232910156,262.11279296875,0.941409707069397
1190,150,3351,388.716552734375,249.93096923828125,183.4227294921875,183.01470947265625,0.8248571157455444
1191,150,20238,634.9515380859375,800.9979248046875,226.229248046875,223.01708984375,0.6901132464408875
1192,1500,38162,198.4849090576172,733.9310302734375,185.47474670410156,298.4150390625,0.9266414642333984
1193,1500,3351,351.58984375,237.06353759765625,182.98590087890625,182.63104248046875,0.8452836275100708
1194,1500,41768,570.1085815429688,859.9124755859375,350.267578125,179.91650390625,0.573452353477478
1195,151,29451,509.909423828125,244.08062744140625,410.0966796875,219.34088134765625,0.9743635058403015
1196,151,16548,98.08477783203125,819.885498046875,241.772216796875,236.331787109375,0.7366114258766174
1197,151,1900,644.5087890625,843.93212890625,188.4244384765625,190.6448974609375,0.7083966135978699
1198,151,33208,184.71136474609375,266.6640625,205.280029296875,197.3892822265625,0.4555138945579529
1199,152,29451,34.232818603515625,800.0433349609375,424.6544494628906,226.7542724609375,0.9667316675186157
1200,152,16548,620.3426513671875,204.56900024414062,231.41357421875,225.0003662109375,0.9109131097793579
1201,152,33208,583.1109619140625,811.6664428710938,213.734619140625,203.9749755859375,0.8788765072822571
1202,152,1900,148.56143188476562,240.34219360351562,182.1842041015625,180.8433837890625,0.7442323565483093
1203,153,29451,71.07853698730469,843.7708740234375,416.35365295410156,217.6142578125,0.9696634411811829
1204,153,16548,648.440673828125,212.49615478515625,237.098388671875,226.476318359375,0.9393131136894226
1205,153,33208,611.1502685546875,844.0430908203125,210.615478515625,200.18798828125,0.8812626600265503
1206,153,1900,167.15065002441406,246.66421508789062,182.98338317871094,182.28961181640625,0.6767275929450989
1207,154,5886,598.036865234375,677.06396484375,235.991455078125,499.595703125,0.8297253847122192
1208,154,23223,90.46818542480469,135.66180419921875,316.93092346191406,492.5499267578125,0.7970736622810364
1209,154,2483,618.6522216796875,52.612060546875,251.619873046875,464.3363037109375,0.7397063970565796
1210,154,5094,107.8531494140625,805.1669921875,279.97161865234375,274.41845703125,0.6643679141998291
1211,155,5094,548.6433715820312,186.85525512695312,272.17431640625,267.78179931640625,0.8325059413909912
1212,155,5886,114.85265350341797,81.917724609375,234.21143341064453,478.1334228515625,0.8278365731239319
1213,155,23223,534.3001708984375,576.27880859375,321.119140625,494.76123046875,0.7630342245101929
1214,155,2483,71.41796875,691.8804931640625,253.9271240234375,469.34619140625,0.7494516372680664
1215,156,5886,604.593994140625,679.9573974609375,249.775390625,510.481689453125,0.8097657561302185
1216,156,23223,94.33990478515625,175.01043701171875,315.73638916015625,485.19818115234375,0.8001770973205566
1217,156,5094,108.96934509277344,815.6796875,285.91029357910156,286.264892578125,0.7780631184577942
1218,156,2483,608.1939697265625,85.17448425292969,259.1962890625,460.55030822753906,0.7438861727714539
1219,157,27777,144.03976440429688,775.30029296875,180.59942626953125,206.741455078125,0.8663554787635803
1220,157,3483,538.5643310546875,780.2166748046875,266.6015625,225.27197265625,0.8334364891052246
1221,157,16262,575.4903564453125,186.87371826171875,238.971435546875,229.59283447265625,0.8125215172767639
1222,157,25367,106.185546875,83.7801513671875,396.04144287109375,453.82177734375,0.7529022097587585
1223,159,27777,176.76356506347656,812.449462890625,175.70787048339844,199.70068359375,0.8576177358627319
1224,159,3483,566.5772705078125,814.1402587890625,264.56689453125,219.70361328125,0.8245203495025635
1225,159,25367,120.61106872558594,96.345458984375,410.27247619628906,464.8807373046875,0.8032815456390381
1226,159,16262,603.1895751953125,194.05804443359375,244.1666259765625,229.6868896484375,0.7546231746673584
1227,160,23203,210.05056762695312,316.5235290527344,135.85107421875,136.77105712890625,0.967965304851532
1228,160,4543,145.99044799804688,915.1243896484375,213.86474609375,211.1981201171875,0.8752759695053101
1229,160,16551,574.5733642578125,265.369873046875,290.223388671875,467.393798828125,0.8372637033462524
1230,160,3544,626.78662109375,887.70947265625,215.601318359375,212.95166015625,0.752808153629303
1231,162,23203,653.0911865234375,855.907470703125,137.628173828125,130.950439453125,0.8547929525375366
1232,162,4543,627.498779296875,144.10321044921875,210.2265625,204.052001953125,0.8172179460525513
1233,162,16551,127.36625671386719,536.90966796875,290.50697326660156,477.9510498046875,0.773729681968689
1234,162,3544,157.822998046875,177.53793334960938,208.4912109375,200.97845458984375,0.6791310906410217
1235,163,27777,178.3358917236328,812.1412353515625,175.95103454589844,199.5484619140625,0.8513643741607666
1236,163,3483,567.9859619140625,812.2408447265625,264.3275146484375,219.836181640625,0.8261145353317261
1237,163,16232,643.3837280273438,250.6259765625,188.2266845703125,184.66534423828125,0.8211137652397156
1238,163,28763,126.15924072265625,172.87355041503906,212.82733154296875,204.12376403808594,0.40924131870269775
1239,164,28763,652.479248046875,892.1630859375,223.3267822265625,214.86572265625,0.9050939679145813
1240,164,27777,637.9056396484375,292.6159362792969,174.993408203125,195.94476318359375,0.8628703355789185
1241,164,3483,171.52943420410156,275.5880126953125,262.67576599121094,218.8306884765625,0.8437501788139343
1242,164,16232,152.61233520507812,827.3633422851562,191.8734130859375,193.499755859375,0.8315654993057251
1243,165,27777,145.78488159179688,775.3012084960938,180.83883666992188,205.1229248046875,0.8620947003364563
1244,165,3483,539.7369384765625,777.3597412109375,267.432373046875,225.3250732421875,0.8375118970870972
1245,165,16232,615.2789306640625,238.8491973876953,184.46337890625,182.62364196777344,0.8282820582389832
1246,165,28763,111.20966339111328,169.3935546875,207.70452117919922,197.485595703125,0.36151814460754395
1247,17,3351,298.6773681640625,165.7078094482422,184.6036376953125,189.67018127441406,0.8331806659698486
1248,17,35206,116.75205993652344,583.675048828125,308.1255645751953,387.724365234375,0.7728703618049622
1249,17,41768,559.501953125,641.9364013671875,275.0238037109375,303.6119384765625,0.6575221419334412
1250,170,5094,107.32708740234375,811.03076171875,285.672119140625,287.603759765625,0.8528874516487122
1251,170,2483,618.6549072265625,75.92063903808594,235.0904541015625,463.56800842285156,0.7631143927574158
1252,170,12081,649.7174072265625,694.0421142578125,244.4752197265625,465.588623046875,0.7281531095504761
1253,170,6192,118.71514892578125,168.75140380859375,306.3756103515625,510.21514892578125,0.6770252585411072
1254,172,29667,633.311767578125,179.96450805664062,223.48291015625,215.044189453125,0.8769521117210388
1255,172,25367,117.60504150390625,65.7720947265625,337.73858642578125,500.149658203125,0.8184045553207397
1256,172,3483,587.0697021484375,845.601318359375,283.802490234375,166.3720703125,0.7923179864883423
1257,172,27653,93.72882080078125,852.412353515625,221.7354736328125,206.361083984375,0.7849673628807068
1258,173,29667,604.098388671875,176.4888916015625,219.4796142578125,213.642822265625,0.8389970660209656
1259,173,25367,98.90325927734375,49.44572448730469,332.099365234375,494.56593322753906,0.8174852728843689
1260,173,3483,559.812255859375,811.8367919921875,285.843994140625,174.551025390625,0.8151324391365051
1261,173,27653,59.22137451171875,810.0,225.501708984375,210.80615234375,0.8128979206085205
1262,174,25367,545.710205078125,683.7874755859375,346.373779296875,516.0369873046875,0.8699532151222229
1263,174,27653,670.7392578125,256.9022216796875,222.606689453125,198.77734375,0.8298840522766113
1264,174,3483,132.10179138183594,287.25811767578125,277.07337951660156,175.78717041015625,0.8145613670349121
1265,174,29667,124.04721069335938,861.8848876953125,232.5089111328125,229.1702880859375,0.814475417137146
1266,175,30308,122.51936340332031,95.4605712890625,281.09226989746094,478.033447265625,0.9551495909690857
1267,175,3483,594.6803588867188,871.3768310546875,257.8367919921875,230.4200439453125,0.8528322577476501
1268,175,29667,637.8101196289062,203.20538330078125,226.2083740234375,215.876953125,0.8269640207290649
1269,175,19861,119.64971923828125,864.696044921875,222.6087646484375,167.7960205078125,0.7752349376678467
1270,176,30308,595.4031982421875,674.4112548828125,286.36328125,485.953125,0.963211715221405
1271,176,3483,158.14637756347656,214.99307250976562,247.32969665527344,221.88128662109375,0.848565936088562
1272,176,29667,118.51380157470703,839.8857421875,231.04131317138672,225.5576171875,0.8147103190422058
1273,176,19861,643.878173828125,277.7025146484375,221.81201171875,169.9423828125,0.5877289175987244
1274,179,22347,643.316650390625,834.3507080078125,216.0009765625,207.2237548828125,0.855485200881958
1275,179,3483,172.29571533203125,272.7318115234375,262.52386474609375,218.66278076171875,0.854498565196991
1276,179,27777,639.0405883789062,292.45526123046875,174.6610107421875,194.8212890625,0.8454796075820923
1277,179,20238,153.17535400390625,850.4754638671875,231.5562744140625,226.541748046875,0.720353901386261
1278,180,27777,144.25418090820312,775.84033203125,181.093994140625,207.0845947265625,0.8681132793426514
1279,180,3483,538.8515625,780.28125,266.9149169921875,225.9111328125,0.840487003326416
1280,180,22347,122.50762939453125,229.72157287597656,204.72756958007812,194.33250427246094,0.8135169148445129
1281,180,20238,576.3857421875,190.95594787597656,222.5968017578125,213.58018493652344,0.7278415560722351
1282,183,10221,158.38311767578125,261.7841491699219,221.34600830078125,212.5245361328125,0.8555066585540771
1283,183,6563,590.129150390625,239.5191650390625,215.7125244140625,335.894775390625,0.7992013692855835
1284,183,3544,641.3524169921875,875.3453369140625,216.4189453125,213.568603515625,0.7613787651062012
1285,183,16551,22.6197509765625,692.91455078125,407.7110595703125,418.692626953125,0.748001754283905
1286,185,16548,132.33106994628906,738.6329345703125,242.41026306152344,233.087890625,0.9391206502914429
1287,185,23203,627.7453002929688,823.304443359375,140.039794921875,136.1390380859375,0.9185190200805664
1288,185,4543,599.691162109375,144.1553955078125,204.193359375,200.68914794921875,0.8214589953422546
1289,185,3544,142.88247680664062,172.77267456054688,202.03759765625,198.91839599609375,0.7490549683570862
1290,186,16548,164.91778564453125,781.1490478515625,238.777587890625,227.81103515625,0.9261266589164734
1291,186,4543,627.297119140625,143.97805786132812,211.09765625,204.17034912109375,0.8219987154006958
1292,186,3544,157.746337890625,178.5555419921875,208.6058349609375,201.0084228515625,0.6913752555847168
1293,186,23203,654.8652954101562,856.2313232421875,138.1746826171875,131.350830078125,0.6527108550071716
1294,189,12778,89.8931884765625,145.668212890625,289.295654296875,514.583251953125,0.8376865983009338
1295,189,22362,618.5958251953125,781.346435546875,260.76220703125,422.873046875,0.8141858577728271
1296,189,5094,136.19851684570312,856.4326171875,287.31170654296875,288.516845703125,0.798804759979248
1297,189,2483,643.5953979492188,114.94609069824219,202.3795166015625,473.48805236816406,0.7782420516014099
1298,19,28763,100.14002227783203,170.5975341796875,214.34087371826172,203.02032470703125,0.8423590064048767
1299,19,27733,126.07513427734375,769.883544921875,313.9815673828125,274.85009765625,0.8423096537590027
1300,19,3483,609.7354736328125,788.119384765625,275.302734375,209.411865234375,0.8181485533714294
1301,19,36637,620.843017578125,205.840087890625,260.254638671875,171.6820068359375,0.7842628955841064
1302,191,4543,640.4476318359375,151.9676513671875,203.138916015625,198.36212158203125,0.8790028095245361
1303,191,10221,92.3046875,788.800048828125,225.41488647460938,220.92041015625,0.86033695936203
1304,191,16551,579.845947265625,568.2645263671875,290.4488525390625,486.5927734375,0.7510566711425781
1305,191,3544,122.21823120117188,181.55726623535156,205.037841796875,198.62425231933594,0.7108566761016846
1306,196,22362,83.20114135742188,118.51068115234375,258.1309509277344,386.87103271484375,0.8408863544464111
1307,196,12778,537.306640625,519.122802734375,284.11474609375,519.392822265625,0.8106544613838196
1308,196,3743,490.86083984375,127.813232421875,314.927490234375,301.36407470703125,0.7799811363220215
1309,196,2483,91.03439331054688,657.6663818359375,214.17422485351562,498.027587890625,0.7272186279296875
1310,197,12778,122.17861938476562,175.33673095703125,287.09228515625,517.1194458007812,0.8284986019134521
1311,197,22362,601.479248046875,734.2890625,262.3251953125,404.8564453125,0.8226856589317322
1312,197,3743,120.97552490234375,828.2515869140625,326.24395751953125,318.86083984375,0.7863780856132507
1313,197,2483,631.8736572265625,64.285888671875,205.44873046875,482.615234375,0.7557998299598694
1314,198,12778,123.07460021972656,208.82330322265625,287.12168884277344,514.638671875,0.8571251034736633
1315,198,22362,609.1034545898438,735.6824951171875,273.347900390625,419.836669921875,0.774172842502594
1316,198,2483,626.8795166015625,98.444091796875,202.5511474609375,471.62567138671875,0.7705455422401428
1317,198,3743,122.55726623535156,837.4317626953125,332.35826110839844,333.3638916015625,0.7604271769523621
1318,199,30308,38.003753662109375,119.26019287109375,407.57159423828125,397.770263671875,0.8944929838180542
1319,199,27777,175.607666015625,810.0404663085938,176.1959228515625,200.2412109375,0.8515762686729431
1320,199,29667,630.5327758789062,164.4297637939453,223.6898193359375,214.93223571777344,0.8375463485717773
1321,199,3483,563.718017578125,813.9422607421875,265.46484375,218.802001953125,0.8253958821296692
1322,200,30308,562.05322265625,733.8294677734375,412.49658203125,409.93896484375,0.8722308874130249
1323,200,29667,124.896240234375,879.54541015625,234.4400634765625,229.681396484375,0.8625646829605103
1324,200,3483,175.45437622070312,274.5521545410156,261.89422607421875,218.693359375,0.8517228364944458
1325,200,27777,639.7686157226562,295.3123779296875,175.0001220703125,194.0867919921875,0.8374635577201843
1326,202,20877,544.5302734375,293.4644775390625,329.0767822265625,233.68890380859375,0.8607454299926758
1327,202,3483,142.63497924804688,290.3392333984375,211.12799072265625,257.7218017578125,0.8557512164115906
1328,202,16262,108.3508529663086,835.288818359375,250.60926055908203,242.482421875,0.8061498403549194
1329,202,22347,688.5740966796875,867.65771484375,214.249267578125,207.85107421875,0.7907282710075378
1330,203,20877,84.41842651367188,725.2818603515625,332.0948486328125,242.76123046875,0.9029605388641357
1331,203,3483,624.4268188476562,719.3801879882812,209.0380859375,272.8114013671875,0.8566390872001648
1332,203,16262,601.5316162109375,185.38909912109375,238.286865234375,228.2122802734375,0.7960700988769531
1333,203,22347,82.1239013671875,197.2972869873047,203.0140380859375,194.05848693847656,0.7337416410446167
1334,204,20877,115.402099609375,768.086181640625,331.07952880859375,231.736328125,0.9223456978797913
1335,204,3483,649.471923828125,750.80712890625,210.750244140625,269.87939453125,0.8521813154220581
1336,204,16262,629.824462890625,192.8480224609375,245.023681640625,231.0478515625,0.7448064684867859
1337,204,22347,97.47492218017578,203.8660430908203,208.53404998779297,197.30931091308594,0.7372909784317017
1338,205,23203,623.565673828125,849.9863891601562,138.001220703125,137.37451171875,0.9605438113212585
1339,205,16548,593.15283203125,121.06283569335938,229.8212890625,224.46853637695312,0.9510837197303772
1340,205,6563,165.12612915039062,671.6871337890625,219.661376953125,366.942626953125,0.8449741005897522
1341,205,3544,112.66680145263672,164.482421875,203.07715606689453,197.2413330078125,0.7587988972663879
1342,210,29667,161.7176055908203,749.473388671875,231.29234313964844,223.93505859375,0.8655086159706116
1343,210,3351,418.7361145019531,243.1654510498047,184.82394409179688,183.85853576660156,0.8077428936958313
1344,210,31863,595.8857421875,875.611572265625,206.4130859375,205.177734375,0.7899613976478577
1345,212,21026,138.3472900390625,867.022216796875,178.95703125,176.741943359375,0.8736994862556458
1346,212,16551,479.662353515625,142.0499267578125,445.9434814453125,351.16070556640625,0.8068087697029114
1347,212,18110,59.589111328125,122.48271179199219,308.8530578613281,290.14503479003906,0.7381056547164917
1348,212,1900,624.3250732421875,886.298828125,205.20751953125,142.501220703125,0.7273958325386047
1349,213,21026,104.11114501953125,833.6129760742188,181.9276123046875,180.0,0.8853580355644226
1350,213,16551,455.82525634765625,128.24966430664062,431.65771484375,344.80169677734375,0.7842265367507935
1351,213,18110,45.599609375,114.00398254394531,300.0118408203125,286.75315856933594,0.7606700658798218
1352,213,1900,596.0899658203125,856.0604248046875,210.6845703125,144.984130859375,0.7204262614250183
1353,214,33208,587.575439453125,800.638427734375,214.4822998046875,204.4873046875,0.8687196373939514
1354,214,1900,141.02566528320312,239.6840057373047,198.65902709960938,129.27467346191406,0.7733139991760254
1355,214,16551,566.801513671875,54.81370544433594,281.929443359375,464.17835998535156,0.75581955909729
1356,214,27926,91.92022705078125,614.1331787109375,270.80645751953125,483.86376953125,0.7260279655456543
1357,215,33208,616.1710205078125,835.3712158203125,210.8243408203125,199.63525390625,0.856950044631958
1358,215,27926,127.30560302734375,658.783935546875,265.367919921875,483.782470703125,0.7920570969581604
1359,215,1900,157.85304260253906,249.12820434570312,204.93711853027344,126.47747802734375,0.7799110412597656
1360,215,16551,594.0457153320312,60.68885803222656,290.2952880859375,481.41038513183594,0.7715868949890137
1361,217,6192,133.89797973632812,129.25115966796875,271.94677734375,533.9024658203125,0.794239342212677
1362,217,3743,116.99148559570312,783.7490234375,324.1629638671875,321.78515625,0.787988543510437
1363,217,2483,589.7955322265625,73.2122802734375,247.792236328125,469.36395263671875,0.7835994958877563
1364,217,12081,601.948974609375,708.7462158203125,231.50537109375,453.0399169921875,0.6827412843704224
1365,219,6192,541.4794921875,546.3497314453125,267.6719970703125,534.1661376953125,0.8191221952438354
1366,219,3743,495.1654357910156,167.09945678710938,316.2590026855469,299.58721923828125,0.7535151839256287
1367,219,2483,92.46688842773438,663.5833740234375,255.53793334960938,477.3387451171875,0.7389727234840393
1368,219,12081,110.4786376953125,111.099365234375,228.39794921875,426.6453857421875,0.7042739987373352
1369,222,3351,405.78021240234375,203.48849487304688,184.10174560546875,183.729248046875,0.8133522272109985
1370,222,41768,603.7540283203125,738.2008056640625,277.016357421875,303.9644775390625,0.7429317831993103
1371,222,16262,169.69635009765625,767.0892333984375,247.452392578125,240.16796875,0.622698187828064
1372,224,29667,619.6635131835938,172.75555419921875,225.0130615234375,216.24951171875,0.8884655833244324
1373,224,25469,85.64031982421875,830.3697509765625,345.7388916015625,299.25927734375,0.8280268311500549
1374,224,34597,105.28167724609375,80.96272277832031,367.06048583984375,486.65013122558594,0.815066397190094
1375,224,3483,602.2643432617188,844.4798583984375,278.2100830078125,187.640380859375,0.8105200529098511
1376,225,3483,125.51527404785156,271.6277770996094,272.57310485839844,190.14678955078125,0.8500282764434814
1377,225,29667,138.0540008544922,871.39697265625,231.56886291503906,227.45556640625,0.8270268440246582
1378,225,25469,576.4693603515625,190.72329711914062,329.8798828125,282.29010009765625,0.7798157930374146
1379,225,34597,529.5467529296875,662.9769287109375,372.431396484375,506.2393798828125,0.7570705413818359
1380,226,22347,108.70916748046875,230.621826171875,207.30282592773438,196.92144775390625,0.8844208717346191
1381,226,3483,601.3617553710938,867.080322265625,259.7269287109375,229.5999755859375,0.8507764935493469
1382,226,19861,126.60635375976562,866.0234375,221.562744140625,167.0888671875,0.7817951440811157
1383,226,20238,644.321044921875,189.00621032714844,227.664794921875,217.14698791503906,0.7620265483856201
1384,229,5886,96.4417953491211,72.2279052734375,245.77173614501953,473.35821533203125,0.880348265171051
1385,229,3743,537.6151123046875,150.2302703857422,314.55810546875,304.89686584472656,0.7454635500907898
1386,229,2483,54.780029296875,680.4329833984375,280.07501220703125,458.7952880859375,0.7441028952598572
1387,229,23223,499.1907653808594,659.5880126953125,402.6365051269531,448.7867431640625,0.5896503925323486
1388,23,25367,20.09979248046875,91.31022644042969,420.49847412109375,434.60939025878906,0.839455783367157
1389,23,3483,561.9727783203125,810.739013671875,284.490478515625,176.058349609375,0.820602297782898
1390,23,16262,595.1585693359375,177.00906372070312,236.084228515625,227.75390625,0.8205015659332275
1391,23,27653,59.93585205078125,810.1180419921875,225.5770263671875,210.80029296875,0.8180308938026428
1392,231,23223,56.15960693359375,144.26214599609375,393.10699462890625,433.55657958984375,0.9094905853271484
1393,231,5886,611.6571044921875,686.878173828125,240.265380859375,521.685546875,0.8706750273704529
1394,231,2483,597.616943359375,112.53741455078125,288.76806640625,446.28643798828125,0.7294110059738159
1395,231,3743,73.34109497070312,812.317138671875,333.0617980957031,330.599365234375,0.6804379224777222
1396,232,27733,116.71197509765625,775.1575927734375,320.24163818359375,266.0245361328125,0.8637778759002686
1397,232,22347,127.50985717773438,233.28518676757812,207.29693603515625,197.19451904296875,0.842438280582428
1398,232,3483,600.77734375,799.0923461914062,276.5654296875,205.6937255859375,0.8371070027351379
1399,232,29667,677.291259765625,189.40863037109375,227.03125,214.2344970703125,0.8226455450057983
1400,234,22347,110.87518310546875,224.09112548828125,202.07046508789062,193.42633056640625,0.9011220335960388
1401,234,27733,82.104736328125,733.442626953125,325.0308837890625,267.3837890625,0.8817096948623657
1402,234,29667,648.2060546875,185.126220703125,221.196533203125,213.0341796875,0.8462378978729248
1403,234,3483,572.191650390625,767.8718872070312,276.4873046875,204.30224609375,0.839301347732544
1404,236,28763,616.6355590820312,835.7806396484375,222.3150634765625,211.6988525390625,0.9120221138000488
1405,236,35206,108.43109893798828,685.4144287109375,199.62755584716797,421.1260986328125,0.8663273453712463
1406,236,27653,669.5626831054688,256.00091552734375,222.7686767578125,198.7174072265625,0.8345727920532227
1407,236,3483,131.02389526367188,287.603271484375,277.235107421875,174.9229736328125,0.8212302923202515
1408,237,28763,143.80050659179688,222.1551055908203,209.21832275390625,200.60093688964844,0.9320400357246399
1409,237,35206,649.8865966796875,142.66241455078125,200.893310546875,398.02001953125,0.9090105295181274
1410,237,3483,561.711669921875,811.8831787109375,284.910400390625,174.451171875,0.8256698846817017
1411,237,27653,60.285308837890625,810.7733154296875,225.48263549804688,210.503662109375,0.8225439786911011
1412,238,18357,68.22723388671875,259.24267578125,302.59466552734375,300.77301025390625,0.8775513172149658
1413,238,3351,402.5567626953125,834.6961669921875,187.225830078125,188.6083984375,0.8196537494659424
1414,238,16262,628.5275268554688,239.98602294921875,242.8651123046875,232.94091796875,0.7146062850952148
1415,24,25367,28.80657958984375,109.29949951171875,439.731689453125,437.77313232421875,0.865062415599823
1416,24,3483,588.7178955078125,845.151123046875,282.89599609375,167.46728515625,0.7924298644065857
1417,24,16262,622.1002807617188,181.61859130859375,243.124755859375,231.64410400390625,0.7728040814399719
1418,24,27653,94.50769805908203,852.56396484375,221.20903778076172,205.9591064453125,0.7697269320487976
1419,241,18147,515.9969482421875,255.83349609375,309.85498046875,381.4202880859375,0.9535793662071228
1420,241,3351,411.545654296875,912.4847412109375,190.1998291015625,191.93603515625,0.814976692199707
1421,241,3351,129.49920654296875,325.94793701171875,228.1331787109375,220.63037109375,0.6327381134033203
1422,243,18147,145.6219482421875,647.2254638671875,314.8392333984375,404.718994140625,0.8991034030914307
1423,243,3351,379.85986328125,184.09226989746094,181.93505859375,184.43568420410156,0.8106736540794373
1424,243,20238,623.4090576171875,768.8029174804688,228.0894775390625,225.305908203125,0.5988445281982422
1425,244,6563,197.2272186279297,715.4228515625,217.92640686035156,360.54296875,0.8305200338363647
1426,244,23203,650.9381103515625,881.2034912109375,136.3919677734375,133.169677734375,0.8279561400413513
1427,244,16551,579.4205932617188,4.97955322265625,286.705078125,479.72802734375,0.8162290453910828
1428,244,3544,126.7838134765625,169.9227752685547,208.61090087890625,199.24012756347656,0.7121464014053345
1429,247,22362,608.5687255859375,735.27685546875,273.32080078125,419.77294921875,0.792884886264801
1430,247,3743,121.74447631835938,837.4525146484375,332.78900146484375,333.6297607421875,0.7702356576919556
1431,247,2483,624.0562744140625,97.47764587402344,203.6715087890625,471.97157287597656,0.7483292818069458
1432,247,6192,58.652801513671875,142.08489990234375,337.83612060546875,492.63580322265625,0.539527952671051
1433,248,22362,601.246826171875,734.7562255859375,262.4254150390625,404.6387939453125,0.8289215564727783
1434,248,3743,120.375,828.3775634765625,326.564697265625,318.7364501953125,0.7880964875221252
1435,248,2483,629.318359375,65.330322265625,209.7532958984375,476.67254638671875,0.7686173915863037
1436,248,6192,57.97601318359375,110.68365478515625,332.6771545410156,494.14910888671875,0.6388540267944336
1437,249,22362,83.80465698242188,118.27490234375,257.9706726074219,386.72607421875,0.842353105545044
1438,249,3743,490.8656921386719,128.00042724609375,315.4863586425781,301.2464599609375,0.7629528045654297
1439,249,2483,88.51904296875,657.866455078125,218.43792724609375,496.0628662109375,0.741706371307373
1440,249,6192,558.638427734375,594.6363525390625,340.00341796875,497.9404296875,0.51050865650177
1441,250,29667,129.28729248046875,205.3544921875,227.35507202148438,223.8759765625,0.8829368352890015
1442,250,18357,540.7503662109375,232.66542053222656,247.0601806640625,352.05833435058594,0.8376902341842651
1443,250,3351,378.72930908203125,848.4736328125,189.91644287109375,192.091064453125,0.8220558166503906
1444,251,29667,588.02587890625,792.2421875,231.956298828125,235.2724609375,0.862282931804657
1445,251,3351,370.43011474609375,177.5446014404297,182.0511474609375,188.34571838378906,0.8166106939315796
1446,251,18357,139.29136657714844,593.0321044921875,251.23402404785156,374.977783203125,0.7960443496704102
1447,252,29667,625.6466674804688,885.596435546875,228.8768310546875,224.53173828125,0.8994776010513306
1448,252,3351,412.52764892578125,237.95281982421875,183.287841796875,183.81842041015625,0.8385578989982605
1449,252,18357,180.57418823242188,691.333740234375,251.701171875,370.404296875,0.7992781400680542
1450,253,35206,63.46992492675781,259.91339111328125,419.27012634277344,216.30352783203125,0.972230076789856
1451,253,33880,457.1191101074219,254.6064453125,433.9253234863281,289.5350341796875,0.8667134046554565
1452,253,3351,446.401611328125,848.4727783203125,189.0311279296875,191.3375244140625,0.8195662498474121
1453,256,19552,498.9397277832031,656.1663818359375,314.2572937011719,501.234375,0.8714510798454285
1454,256,5886,110.42353057861328,85.98454284667969,235.55571746826172,477.51600646972656,0.8340065479278564
1455,256,2483,64.062255859375,663.6351318359375,211.74285888671875,489.9744873046875,0.7780097126960754
1456,256,25438,544.9149169921875,178.64129638671875,247.4462890625,252.9317626953125,0.7686290740966797
1457,259,41768,111.20553588867188,282.909423828125,271.3873291015625,286.00909423828125,0.9689786434173584
1458,259,3351,383.8763427734375,893.6448974609375,190.719970703125,192.325927734375,0.8009005784988403
1459,259,3351,605.3480224609375,277.81378173828125,226.013671875,221.639892578125,0.5292835831642151
1460,262,29667,603.8824462890625,176.08041381835938,219.7591552734375,214.1064453125,0.8366503715515137
1461,262,27653,59.134254455566406,809.8035888671875,225.13616180419922,211.197265625,0.82867830991745
1462,262,3483,560.61376953125,811.7548828125,285.009521484375,174.7744140625,0.8146193623542786
1463,262,34597,77.79421997070312,36.714111328125,329.368408203125,488.034423828125,0.6791014075279236
1464,264,27653,671.330810546875,256.69781494140625,222.0927734375,199.0201416015625,0.8295095562934875
1465,264,29667,123.99758911132812,861.8653564453125,232.8172607421875,229.11376953125,0.8145920634269714
1466,264,3483,131.79718017578125,287.35833740234375,277.64794921875,175.9810791015625,0.813784122467041
1467,264,34597,564.3250732421875,676.8409423828125,354.302001953125,520.40185546875,0.7258659601211548
1468,265,27653,670.422119140625,256.441162109375,222.167236328125,198.846435546875,0.8339102864265442
1469,265,3483,131.56256103515625,287.72259521484375,277.29925537109375,175.1829833984375,0.815417468547821
1470,265,25367,598.369873046875,665.3458251953125,377.630126953125,491.0621337890625,0.8150701522827148
1471,265,16232,142.10214233398438,846.058837890625,196.58294677734375,193.3092041015625,0.8133555054664612
1472,266,25367,17.89093017578125,105.49812316894531,395.38189697265625,478.37168884277344,0.8576571941375732
1473,266,16232,648.072998046875,231.12347412109375,193.0126953125,181.12945556640625,0.8243593573570251
1474,266,3483,587.5641479492188,845.8555908203125,283.7227783203125,166.36572265625,0.7964279055595398
1475,266,27653,94.51580810546875,852.9271240234375,221.67333984375,206.3099365234375,0.7741816639900208
1476,27,13395,599.5242309570312,703.540771484375,235.608154296875,526.9971923828125,0.8373632431030273
1477,27,23223,75.39157104492188,114.04571533203125,292.1403503417969,498.3553466796875,0.8263745903968811
1478,27,25438,124.56005859375,822.3375244140625,260.21551513671875,268.037353515625,0.775331437587738
1479,27,2483,604.0528564453125,80.36094665527344,198.0657958984375,473.17640686035156,0.7524017095565796
1480,271,35206,629.9725341796875,161.55096435546875,218.6790771484375,395.833984375,0.9556663632392883
1481,271,20877,85.625244140625,725.7218627929688,331.94061279296875,241.491455078125,0.9061170816421509
1482,271,22347,104.30416870117188,188.45159912109375,202.15078735351562,192.88934326171875,0.8789078593254089
1483,271,3483,624.963623046875,717.2529296875,208.321533203125,271.805419921875,0.8468862175941467
1484,273,35206,95.63958740234375,668.733154296875,240.20098876953125,414.595703125,0.9388758540153503
1485,273,3483,141.42916870117188,292.1163330078125,211.2113037109375,256.7314453125,0.8548467755317688
1486,273,20877,543.26953125,294.0640869140625,329.51416015625,232.8787841796875,0.8512894511222839
1487,273,22347,665.7822265625,877.01416015625,214.76025390625,208.135986328125,0.8155856132507324
1488,274,3351,419.611083984375,888.5928955078125,192.0557861328125,192.889892578125,0.8227370977401733
1489,274,20014,580.3121337890625,255.48236083984375,341.19921875,316.94512939453125,0.8189268112182617
1490,274,21325,208.3597412109375,325.69659423828125,151.11260986328125,232.58709716796875,0.7417156100273132
1491,275,21325,583.2415771484375,663.444580078125,154.35205078125,242.83837890625,0.8965504169464111
1492,275,20014,3.35284423828125,647.320068359375,351.9259033203125,342.0494384765625,0.8518202900886536
1493,275,3351,329.07110595703125,148.70706176757812,183.5802001953125,190.36981201171875,0.8342219591140747
1494,277,36637,619.360595703125,199.41168212890625,265.24951171875,151.4732666015625,0.881680428981781
1495,277,30308,77.447021484375,95.31610107421875,401.78173828125,405.4176025390625,0.8734037280082703
1496,277,3483,601.129150390625,866.6707763671875,259.93408203125,229.697509765625,0.8506059050559998
1497,277,19861,126.40960693359375,865.7496337890625,221.535888671875,166.991943359375,0.779642641544342
1498,278,30308,520.0205078125,746.7108154296875,411.04052734375,415.408203125,0.8949207067489624
1499,278,3483,151.5672607421875,218.59645080566406,247.51763916015625,222.20091247558594,0.8616176843643188
1500,278,36637,94.8028564453125,907.538818359375,273.85357666015625,167.802978515625,0.8222082257270813
1501,278,19861,638.61572265625,277.00244140625,220.938720703125,170.078369140625,0.5872035622596741
1502,28,35206,614.1802978515625,141.09539794921875,223.7041015625,401.943115234375,0.9528706073760986
1503,28,27777,176.58929443359375,811.7891845703125,176.365966796875,199.501220703125,0.8576892018318176
1504,28,3483,566.65283203125,812.3360595703125,264.427978515625,218.77587890625,0.8262936472892761
1505,28,25367,18.85791015625,63.39892578125,418.6387939453125,454.0721435546875,0.7892630100250244
1506,280,3832,437.681884765625,275.111083984375,387.57470703125,348.644287109375,0.9873478412628174
1507,280,3351,410.1749572753906,866.6092529296875,189.47946166992188,192.620849609375,0.8050159811973572
1508,286,30308,27.623077392578125,115.4547119140625,381.6231994628906,407.9305419921875,0.928646445274353
1509,286,27777,144.17987060546875,775.6512451171875,180.41726684570312,206.14013671875,0.8704087734222412
1510,286,3483,538.7906494140625,780.049560546875,266.28564453125,225.72509765625,0.83631831407547
1511,286,16262,575.515869140625,187.23712158203125,238.87255859375,229.02838134765625,0.8173028230667114
1512,287,30308,572.6204833984375,702.57763671875,395.862060546875,426.1539306640625,0.8760957717895508
1513,287,3483,172.941162109375,273.262939453125,262.48388671875,218.75091552734375,0.8535115122795105
1514,287,27777,639.2969970703125,293.12908935546875,174.572998046875,195.0455322265625,0.8381286263465881
1515,287,16262,135.79600524902344,835.75146484375,251.23731994628906,241.65185546875,0.8225325345993042
1516,288,30308,40.998504638671875,129.16802978515625,393.58270263671875,420.864013671875,0.9064061045646667
1517,288,27777,176.59890747070312,812.4144287109375,175.706787109375,199.714599609375,0.8603419065475464
1518,288,3483,566.7365112304688,814.680419921875,264.2874755859375,219.169921875,0.8266862630844116
1519,288,16262,602.9414672851562,193.76519775390625,244.6239013671875,230.15570068359375,0.7454003691673279
1520,289,22362,586.1611328125,744.2762451171875,258.6885986328125,406.9278564453125,0.8245132565498352
1521,289,25438,142.963623046875,844.8870849609375,257.5274658203125,253.6087646484375,0.7848284244537354
1522,289,2483,601.0494995117188,81.18115234375,251.720947265625,474.7860107421875,0.7688145637512207
1523,289,6192,99.86163330078125,49.68157958984375,273.57061767578125,533.1272583007812,0.7306460738182068
1524,29,35206,582.6741943359375,129.89683532714844,221.47900390625,395.75563049316406,0.9477301836013794
1525,29,27777,144.46221923828125,774.864501953125,180.80361938476562,206.349853515625,0.8638296127319336
1526,29,3483,538.3004150390625,778.0206909179688,267.2764892578125,225.7161865234375,0.8369516134262085
1527,29,25367,8.055572509765625,52.5386962890625,402.9440002441406,444.64422607421875,0.6979236602783203
1528,291,22362,100.01953125,106.1048583984375,254.04083251953125,391.4276123046875,0.8482286334037781
1529,291,6192,576.7460327148438,616.974365234375,272.646484375,534.8037109375,0.8232824802398682
1530,291,25438,536.7125244140625,175.21734619140625,247.55908203125,252.65966796875,0.7839149236679077
1531,291,2483,77.52313232421875,655.5521240234375,262.564697265625,474.8231201171875,0.7728569507598877
1532,292,12778,541.15625,594.321044921875,327.3330078125,505.5384521484375,0.8674628734588623
1533,292,5886,116.89070892333984,79.7557373046875,227.03278350830078,481.239990234375,0.8378997445106506
1534,292,2483,69.81787109375,659.9317626953125,206.39630126953125,490.3316650390625,0.7811746597290039
1535,292,25438,548.589111328125,176.88629150390625,246.613037109375,252.76318359375,0.7563782930374146
1536,295,20014,126.83123779296875,193.30323791503906,341.482177734375,313.29185485839844,0.840057909488678
1537,295,3351,413.2922058105469,863.780517578125,188.81448364257812,190.311767578125,0.817903995513916
1538,295,16232,644.3082275390625,296.9969482421875,193.3017578125,189.5401611328125,0.7327569127082825
1539,298,33208,156.67201232910156,235.00469970703125,206.73277282714844,196.07861328125,0.8789671063423157
1540,298,16548,159.71197509765625,776.4029541015625,241.2764892578125,236.025390625,0.874099850654602
1541,298,31705,570.2705688476562,174.1678009033203,249.529541015625,424.33921813964844,0.80581134557724
1542,298,1900,683.6064453125,878.17724609375,209.8994140625,133.114990234375,0.728468656539917
1543,299,16548,561.3062744140625,244.777587890625,232.0330810546875,226.642578125,0.9344339370727539
1544,299,33208,611.7125244140625,846.1380615234375,214.682373046875,206.482177734375,0.8509739637374878
1545,299,31705,140.66793823242188,642.1312255859375,249.09918212890625,456.578369140625,0.7790151238441467
1546,299,1900,88.60610961914062,258.6754455566406,200.40399169921875,126.53173828125,0.7693849802017212
1547,3,27926,571.2734375,623.486328125,261.5784912109375,494.7801513671875,0.8199533224105835
1548,3,1900,141.3111572265625,241.24386596679688,198.088623046875,128.99822998046875,0.7701706886291504
1549,3,16551,529.111328125,65.4576416015625,389.839111328125,395.01885986328125,0.7101933360099792
1550,3,24850,138.44308471679688,701.97216796875,186.2957763671875,296.795166015625,0.6710772514343262
1551,302,19232,94.9482421875,634.853271484375,282.7261962890625,324.5556640625,0.9537362456321716
1552,302,3351,310.0895690917969,159.51931762695312,183.80010986328125,188.89825439453125,0.8273743391036987
1553,302,36637,570.0969848632812,711.85693359375,235.55810546875,228.64990234375,0.7385731339454651
1554,304,4378,595.580078125,703.361328125,236.00537109375,467.5487060546875,0.8204616904258728
1555,304,3743,130.42984008789062,812.6983642578125,334.418212890625,331.9410400390625,0.7469977140426636
1556,304,2483,622.3981323242188,75.761474609375,195.439208984375,464.06988525390625,0.738206148147583
1557,304,22627,106.63192749023438,154.48004150390625,303.84454345703125,475.2757568359375,0.7364879250526428
1558,308,41768,559.9595947265625,601.16943359375,278.951904296875,301.284423828125,0.9197243452072144
1559,308,3351,289.84307861328125,205.4197235107422,184.537841796875,188.90150451660156,0.8440937399864197
1560,308,36637,118.96676635742188,710.9925537109375,190.72885131835938,263.5849609375,0.6859145164489746
1561,31,6563,196.36500549316406,715.0965576171875,217.64817810058594,360.4708251953125,0.8199300765991211
1562,31,16551,590.352783203125,48.44500732421875,290.985595703125,480.83953857421875,0.7520065307617188
1563,31,3544,111.48432159423828,239.38548278808594,208.82579803466797,200.75331115722656,0.7032689452171326
1564,31,4543,653.4686279296875,847.9908447265625,188.4625244140625,181.3038330078125,0.510099470615387
1565,310,12247,618.1304931640625,321.5981140136719,175.702880859375,181.80816650390625,0.9868778586387634
1566,310,4543,139.81961059570312,865.9444580078125,212.7120361328125,212.3408203125,0.7657889127731323
1567,310,16551,104.7061767578125,148.04730224609375,315.7491455078125,448.830810546875,0.5867689251899719
1568,310,3544,653.931640625,890.861572265625,217.642578125,214.057373046875,0.4553452432155609
1569,313,20877,38.670928955078125,754.5086669921875,327.7079772949219,253.320556640625,0.9124212265014648
1570,313,29667,596.8515014648438,179.7413330078125,219.4144287109375,216.631591796875,0.8521590828895569
1571,313,3483,621.1500244140625,721.0407104492188,210.01513671875,271.2607421875,0.8457275032997131
1572,313,34597,16.01202392578125,22.74530029296875,450.657958984375,409.2825012207031,0.8306384086608887
1573,315,34597,509.078369140625,784.6563720703125,466.921630859375,423.7493896484375,0.8721275925636292
1574,315,20877,593.1455078125,258.5,324.07177734375,243.6063232421875,0.8717454671859741
1575,315,3483,144.00457763671875,288.600830078125,213.6187744140625,256.1036376953125,0.8537814021110535
1576,315,29667,132.4986572265625,858.83251953125,232.93505859375,226.627197265625,0.838299036026001
1577,316,16548,166.0489501953125,790.4788818359375,236.15240478515625,228.13330078125,0.923378050327301
1578,316,33009,564.9273681640625,813.106689453125,369.1201171875,207.21923828125,0.7755913138389587
1579,316,3544,125.854248046875,235.4730682373047,208.70086669921875,200.07337951660156,0.7255255579948425
1580,316,10221,632.876220703125,199.30360412597656,224.4842529296875,215.35496520996094,0.6902844905853271
1581,317,10221,125.24432373046875,843.544677734375,230.62582397460938,227.6558837890625,0.8934974670410156
1582,317,33009,76.37728881835938,268.3043212890625,363.16546630859375,218.947021484375,0.8244606852531433
1583,317,3544,659.1002197265625,832.2918701171875,214.9522705078125,211.2734375,0.764848530292511
1584,317,16548,591.8807983398438,281.97930908203125,230.7518310546875,224.6837158203125,0.5053966641426086
1585,32,16551,106.670166015625,707.8848876953125,296.70526123046875,494.2396240234375,0.8535837531089783
1586,32,12420,166.39642333984375,276.94378662109375,181.92095947265625,179.51239013671875,0.8478020429611206
1587,32,3544,673.1829833984375,826.341064453125,214.56640625,212.4927978515625,0.7675762176513672
1588,32,6563,581.3768310546875,230.5279998779297,214.4573974609375,337.26002502441406,0.7564800381660461
1589,320,35206,629.9334716796875,161.398681640625,218.67041015625,396.3775634765625,0.9561370015144348
1590,320,20877,85.69114685058594,725.4601440429688,331.95729064941406,242.0911865234375,0.9081459641456604
1591,320,28763,135.05856323242188,197.525146484375,208.83624267578125,197.33282470703125,0.8785743117332458
1592,320,3483,625.3048706054688,716.9937744140625,207.8438720703125,271.5152587890625,0.848199725151062
1593,323,36637,149.99639892578125,802.2947998046875,195.00262451171875,254.95068359375,0.8821811676025391
1594,323,22347,655.998779296875,876.076171875,214.2249755859375,208.6058349609375,0.8585848808288574
1595,323,27653,669.28515625,255.64413452148438,222.871826171875,198.86480712890625,0.8330075144767761
1596,323,3483,130.1942138671875,287.656005859375,277.78515625,174.5291748046875,0.8193364143371582
1597,324,36637,643.91015625,207.2787322998047,188.4716796875,248.24122619628906,0.8964229822158813
1598,324,22347,130.18017578125,195.7112579345703,207.33905029296875,196.53453063964844,0.7972490191459656
1599,324,3483,587.5615234375,845.6666870117188,284.4373779296875,166.1922607421875,0.7971022129058838
1600,324,27653,94.97256469726562,853.623779296875,221.68609619140625,206.535400390625,0.7840704917907715
1601,325,3483,173.47677612304688,272.76422119140625,261.848876953125,219.7669677734375,0.8565959334373474
1602,325,27777,639.337158203125,293.47821044921875,174.745361328125,194.951171875,0.8442073464393616
1603,325,31885,507.48748779296875,701.3336181640625,408.247314453125,529.4163818359375,0.8166106939315796
1604,325,16262,135.8302001953125,835.03759765625,252.16693115234375,242.33740234375,0.8147351741790771
1605,327,31885,91.65362548828125,25.59564208984375,409.66162109375,508.02313232421875,0.8750040531158447
1606,327,27777,176.2987823486328,812.522216796875,175.97825622558594,199.569580078125,0.8635855317115784
1607,327,3483,566.52392578125,814.4825439453125,264.16552734375,219.5135498046875,0.8298810720443726
1608,327,16262,603.38134765625,193.79444885253906,243.8594970703125,229.95347595214844,0.7393505573272705
1609,328,27733,561.6494140625,260.43658447265625,295.831298828125,262.0982666015625,0.9285892844200134
1610,328,36637,101.4652099609375,880.580322265625,266.68646240234375,180.440673828125,0.8718789219856262
1611,328,3483,123.73388671875,306.28021240234375,272.11279296875,199.1685791015625,0.8708354234695435
1612,328,31885,517.6199340820312,642.0318603515625,381.001953125,533.24560546875,0.8265137672424316
1613,332,12420,83.84091186523438,823.237060546875,188.23001098632812,184.2265625,0.9213675856590271
1614,332,16551,563.9432983398438,538.8115234375,289.3951416015625,486.7730712890625,0.8336409330368042
1615,332,4543,588.0685424804688,166.73727416992188,204.1888427734375,198.34381103515625,0.8317872881889343
1616,332,3544,125.76986694335938,141.63177490234375,203.80233764648438,198.0540771484375,0.7318917512893677
1617,334,20877,85.48289489746094,725.7764892578125,332.01148986816406,241.901123046875,0.9065909385681152
1618,334,3483,625.677490234375,717.1470947265625,208.86328125,272.98779296875,0.8506931066513062
1619,334,16232,627.1695556640625,221.44537353515625,187.76318359375,183.63653564453125,0.8294848203659058
1620,334,22347,145.763671875,222.97198486328125,202.94332885742188,194.26544189453125,0.7088866829872131
1621,335,20877,543.1361083984375,293.4742431640625,329.6934814453125,234.5938720703125,0.855339527130127
1622,335,3483,141.81454467773438,291.92022705078125,210.80526733398438,257.642578125,0.8552343249320984
1623,335,16232,135.46408081054688,847.0784912109375,195.94024658203125,192.03759765625,0.8130878806114197
1624,335,22347,620.97802734375,839.72216796875,212.7542724609375,206.9757080078125,0.6784540414810181
1625,336,20877,116.70941162109375,768.12060546875,331.1500244140625,231.1796875,0.9258930087089539
1626,336,3483,650.9483642578125,747.82958984375,211.008056640625,270.9267578125,0.8394758105278015
1627,336,16232,655.5400390625,232.05789184570312,191.8004150390625,179.85748291015625,0.8190468549728394
1628,336,22347,163.9167938232422,232.68310546875,206.06141662597656,196.22943115234375,0.6386411786079407
1629,337,22347,640.5216064453125,836.7601318359375,214.554931640625,206.8768310546875,0.8639189600944519
1630,337,3483,124.97848510742188,271.23419189453125,273.25225830078125,188.952392578125,0.8498175144195557
1631,337,25469,575.3753662109375,188.18743896484375,328.5821533203125,283.46728515625,0.7757837176322937
1632,337,36637,131.18728637695312,829.16064453125,180.41937255859375,263.8841552734375,0.7242444753646851
1633,338,25469,50.690673828125,789.2767333984375,354.25274658203125,298.435791015625,0.8251595497131348
1634,338,3483,574.3607177734375,812.02685546875,280.40771484375,192.51513671875,0.8048861026763916
1635,338,36637,646.0563354492188,169.27903747558594,169.991943359375,249.68165588378906,0.8021628260612488
1636,338,22347,126.05490112304688,225.72244262695312,204.53448486328125,195.6258544921875,0.745903730392456
1637,339,36637,675.1182250976562,171.42391967773438,174.8087158203125,255.37847900390625,0.8561728000640869
1638,339,25469,87.07783508300781,831.607177734375,346.22349548339844,300.343994140625,0.8231925368309021
1639,339,3483,602.5377197265625,844.9097900390625,278.258544921875,188.272705078125,0.8145569562911987
1640,339,22347,144.01010131835938,235.66018676757812,207.728759765625,197.10223388671875,0.8096377849578857
1641,340,27777,144.857177734375,775.940673828125,180.36239624023438,206.62890625,0.8686466813087463
1642,340,34597,37.58941650390625,87.896484375,390.03265380859375,462.8582763671875,0.8434756398200989
1643,340,3483,538.93017578125,780.0111694335938,267.4881591796875,225.71728515625,0.8404921889305115
1644,340,20238,577.0933837890625,191.06744384765625,222.15869140625,214.27496337890625,0.7372922897338867
1645,341,34597,51.7598876953125,116.95085144042969,401.4830322265625,458.93507385253906,0.8679659366607666
1646,341,27777,176.9785919189453,812.7044677734375,175.79844665527344,199.975830078125,0.8638589978218079
1647,341,3483,567.0860595703125,815.1490478515625,264.41943359375,219.2822265625,0.828037679195404
1648,341,20238,604.4623413085938,196.044921875,226.424560546875,215.30572509765625,0.7453410029411316
1649,344,27777,176.63323974609375,812.8831787109375,175.92498779296875,200.0986328125,0.8665390014648438
1650,344,3483,566.505615234375,814.16357421875,264.537109375,219.929443359375,0.8283403515815735
1651,344,16262,603.3294067382812,193.89215087890625,244.51025390625,230.009765625,0.7758626341819763
1652,345,27777,143.644287109375,775.848876953125,181.4385986328125,206.69677734375,0.8701372146606445
1653,345,3483,538.4117431640625,780.3677978515625,267.24951171875,224.69091796875,0.8329712152481079
1654,345,16262,575.2567138671875,186.60353088378906,239.39111328125,229.47776794433594,0.8210791945457458
1655,345,28763,137.8958740234375,185.863037109375,208.4395751953125,200.20208740234375,0.6187630891799927
1656,346,27777,178.55059814453125,812.3525390625,176.0716552734375,199.376220703125,0.8559306263923645
1657,346,25367,139.5032501220703,51.67726135253906,344.67198181152344,502.45396423339844,0.8319485783576965
1658,346,3483,567.7546997070312,812.57666015625,264.4373779296875,218.5203857421875,0.8221850991249084
1659,346,16232,643.2725830078125,250.02587890625,187.93115234375,185.47119140625,0.8163439035415649
1660,347,27777,145.8128662109375,775.048095703125,180.66058349609375,205.9818115234375,0.8616539835929871
1661,347,3483,539.05419921875,777.0840454101562,268.3564453125,225.5679931640625,0.8385279774665833
1662,347,16232,615.2900390625,239.11134338378906,183.836181640625,183.03123474121094,0.8212016820907593
1663,347,25367,123.3548583984375,41.85289001464844,334.22747802734375,492.18067932128906,0.8028803467750549
1664,349,35206,613.9596557617188,140.05641174316406,223.89697265625,402.32237243652344,0.9545612335205078
1665,349,34597,7.66363525390625,133.2396240234375,436.834228515625,424.33197021484375,0.8586341142654419
1666,349,27777,178.57618713378906,811.916259765625,175.73545837402344,199.885986328125,0.8528761267662048
1667,349,3483,567.8516845703125,811.969970703125,264.3404541015625,218.826416015625,0.8244232535362244
1668,352,19552,112.70367431640625,187.3001708984375,327.105224609375,473.0025634765625,0.9170162677764893
1669,352,22362,619.2676391601562,780.732421875,261.165771484375,422.2449951171875,0.8345138430595398
1670,352,5094,137.02003479003906,856.7708740234375,288.07713317871094,288.12548828125,0.7947395443916321
1671,352,2483,643.75341796875,113.38446044921875,203.005126953125,475.50274658203125,0.7856489419937134
1672,355,5094,551.0706176757812,191.57565307617188,272.163818359375,267.83282470703125,0.8245258331298828
1673,355,2483,59.079803466796875,699.3592529296875,250.10653686523438,479.068115234375,0.7731443047523499
1674,355,23223,542.2840576171875,591.8192138671875,302.794189453125,504.076171875,0.7599290013313293
1675,355,12081,70.64959716796875,127.17478942871094,230.52557373046875,431.67347717285156,0.6939328908920288
1676,356,23223,95.5013427734375,112.0062255859375,302.167724609375,499.26513671875,0.7973073720932007
1677,356,5094,105.64849853515625,800.6270751953125,278.902587890625,275.0654296875,0.7967549562454224
1678,356,2483,627.7348022460938,36.32318115234375,244.4627685546875,469.25408935546875,0.7638531923294067
1679,356,12081,640.1409912109375,688.1583251953125,240.690185546875,450.6971435546875,0.6250472664833069
1680,359,31885,81.58792114257812,42.7198486328125,368.6656494140625,526.7347412109375,0.8571073412895203
1681,359,27777,175.53814697265625,810.5103149414062,176.16888427734375,199.523681640625,0.848601758480072
1682,359,29667,630.433837890625,164.33978271484375,223.679931640625,215.0615234375,0.838137149810791
1683,359,3483,563.5941162109375,813.985595703125,265.4384765625,218.6041259765625,0.8302595019340515
1684,361,3351,429.93499755859375,880.7509765625,188.638427734375,191.7783203125,0.8084738254547119
1685,361,16262,645.742919921875,287.34808349609375,243.59228515625,235.20880126953125,0.7860402464866638
1686,361,18147,209.9468536376953,164.047119140625,213.29002380371094,416.4659423828125,0.7779827117919922
1687,364,35206,100.16644287109375,252.0960693359375,350.75567626953125,327.26458740234375,0.9481598138809204
1688,364,3351,408.62017822265625,854.20703125,188.94287109375,194.6220703125,0.8229735493659973
1689,372,25469,48.89794921875,855.3519287109375,377.855712890625,221.5762939453125,0.8236936330795288
1690,372,34597,14.739715576171875,143.02508544921875,453.73681640625,413.98687744140625,0.8197903633117676
1691,372,3483,602.4266357421875,844.74072265625,278.704833984375,187.61279296875,0.8188701868057251
1692,372,16262,573.978271484375,195.4000244140625,243.683349609375,231.573974609375,0.7411375641822815
1693,374,20877,71.36749267578125,797.7542724609375,327.4910888671875,242.8271484375,0.9280163645744324
1694,374,29667,625.2410888671875,184.85885620117188,224.213623046875,216.92266845703125,0.8783275485038757
1695,374,25367,97.46824645996094,33.5760498046875,414.11231994628906,465.35711669921875,0.8452618718147278
1696,374,3483,646.9610595703125,752.8922119140625,210.849609375,270.297119140625,0.8239580988883972
1697,379,31863,138.21139526367188,313.50274658203125,206.99288940429688,206.580810546875,0.8959408402442932
1698,379,16688,446.2413024902344,156.00860595703125,501.0637512207031,474.4219970703125,0.8333257436752319
1699,379,3351,465.36572265625,858.2183837890625,188.76611328125,190.8880615234375,0.8104063868522644
1700,38,35206,625.6162719726562,156.9879608154297,213.3914794921875,400.07411193847656,0.951044499874115
1701,38,20877,85.910400390625,725.29052734375,331.55804443359375,242.29296875,0.908980667591095
1702,38,31885,114.89361572265625,30.05108642578125,397.1978759765625,496.89739990234375,0.8874552845954895
1703,38,3483,625.8612670898438,716.7879638671875,208.8831787109375,272.9813232421875,0.8505178093910217
1704,380,16688,0.0,550.856689453125,496.64947509765625,516.0361328125,0.8963841795921326
1705,380,3351,285.979736328125,179.70556640625,186.5701904296875,189.618896484375,0.8243881464004517
1706,382,5886,611.6377563476562,687.2742919921875,240.108642578125,521.9232177734375,0.8735968470573425
1707,382,2483,597.8312377929688,111.44915771484375,288.5455322265625,447.552734375,0.7325766682624817
1708,382,3743,73.35601806640625,812.46533203125,333.2685546875,330.3216552734375,0.6932339072227478
1709,384,5886,599.546630859375,688.8865966796875,245.15478515625,502.312744140625,0.8948418498039246
1710,384,3743,73.32211303710938,800.7744140625,327.6300964355469,317.927734375,0.7596046924591064
1711,384,2483,611.2850341796875,77.0631103515625,280.919189453125,454.01190185546875,0.7175126075744629
1712,384,12778,92.29425048828125,93.54136657714844,383.4464111328125,452.46730041503906,0.3700615167617798
1713,387,31885,499.8100280761719,653.8779296875,419.1013488769531,515.74462890625,0.8354388475418091
1714,387,27653,669.4141845703125,255.72560119628906,222.11767578125,198.97459411621094,0.83425372838974
1715,387,3483,130.29393005371094,287.87640380859375,277.58387756347656,175.3487548828125,0.8161646723747253
1716,387,20238,133.39166259765625,868.6142578125,231.90740966796875,226.464111328125,0.765316367149353
1717,389,20877,85.5972900390625,725.12060546875,331.754638671875,242.723876953125,0.9096222519874573
1718,389,3483,625.0473022460938,718.4871826171875,208.9730224609375,272.64306640625,0.8567477464675903
1719,389,34597,26.714187622070312,126.21868896484375,444.96556091308594,422.391357421875,0.8142784833908081
1720,389,16262,602.3804931640625,184.89898681640625,237.845947265625,230.89605712890625,0.78733891248703
1721,390,20877,116.7628173828125,768.160888671875,330.820068359375,230.893798828125,0.9262908101081848
1722,390,3483,650.44189453125,749.4486083984375,210.664306640625,270.638427734375,0.8471821546554565
1723,390,34597,43.47096252441406,157.512939453125,453.20994567871094,416.4742431640625,0.8413786292076111
1724,390,16262,629.770751953125,191.32089233398438,244.3916015625,232.35784912109375,0.7393388152122498
1725,392,21026,684.788818359375,274.96319580078125,177.8701171875,171.4495849609375,0.9041222333908081
1726,392,33208,657.9432373046875,899.6114501953125,217.82958984375,210.404296875,0.882804811000824
1727,392,1900,187.4659881591797,273.2032470703125,203.00685119628906,136.6708984375,0.7655079364776611
1728,392,16551,112.16595458984375,699.26220703125,295.58489990234375,499.7802734375,0.7191655039787292
1729,393,21026,91.51681518554688,831.61669921875,182.01083374023438,179.843994140625,0.882236659526825
1730,393,33208,109.90463256835938,160.44998168945312,206.76849365234375,196.762939453125,0.8694334626197815
1731,393,16551,556.13720703125,47.619873046875,281.5653076171875,467.2308349609375,0.820148229598999
1732,393,1900,582.6705322265625,867.2030029296875,210.527099609375,143.304931640625,0.7302872538566589
1733,394,28763,606.0038452148438,856.976318359375,221.0028076171875,211.974365234375,0.8793382048606873
1734,394,3483,124.32003784179688,271.348876953125,273.167236328125,189.9205322265625,0.8505648970603943
1735,394,20238,139.21676635742188,848.995361328125,231.36175537109375,227.47998046875,0.7624478936195374
1736,394,25469,571.7735595703125,230.3674774169922,375.1156005859375,219.11537170410156,0.7133800983428955
1737,395,28763,172.06231689453125,208.39378356933594,212.93035888671875,203.12110900878906,0.8996099233627319
1738,395,25469,49.139373779296875,855.8216552734375,377.1509704589844,221.5537109375,0.8238940834999084
1739,395,3483,602.680419921875,845.0499267578125,278.276123046875,188.47412109375,0.8120733499526978
1740,395,20238,618.4384765625,195.9665069580078,226.985595703125,216.05796813964844,0.7591984272003174
1741,396,28763,154.0841827392578,200.97987365722656,209.69456481933594,197.99717712402344,0.9099500775337219
1742,396,25469,10.97723388671875,811.8155517578125,387.2479553222656,222.882080078125,0.8409026861190796
1743,396,3483,575.20849609375,810.62451171875,280.5791015625,194.47412109375,0.8021157383918762
1744,396,20238,590.5121459960938,190.78732299804688,222.2646484375,213.89532470703125,0.6768550276756287
1745,4,29345,118.08761596679688,153.039306640625,273.19439697265625,415.647705078125,0.9214613437652588
1746,4,24850,601.1039428710938,252.2566375732422,292.100830078125,165.80531311035156,0.8659304976463318
1747,4,16551,129.08966064453125,648.533935546875,295.41741943359375,494.25341796875,0.8227241635322571
1748,4,1900,684.5613403320312,806.8570556640625,130.337890625,208.37451171875,0.761282742023468
1749,40,3483,159.9260711669922,214.1129150390625,245.80201721191406,221.16070556640625,0.8496975898742676
1750,40,31885,612.3214111328125,609.59326171875,336.14306640625,562.0679931640625,0.8371250033378601
1751,40,29667,119.81582641601562,838.5645751953125,230.72930908203125,225.59619140625,0.824400782585144
1752,40,19861,644.572998046875,278.2295227050781,222.412109375,169.59857177734375,0.6101195812225342
1753,400,16548,602.9322509765625,123.00379180908203,233.5009765625,225.43456268310547,0.9380093216896057
1754,400,33208,614.359130859375,772.2261962890625,212.8203125,203.33935546875,0.8575778007507324
1755,400,33009,13.2261962890625,775.0428466796875,367.9952392578125,238.340087890625,0.8223917484283447
1756,400,1900,133.80548095703125,244.82772827148438,193.45135498046875,156.892822265625,0.8206615447998047
1757,401,33208,153.73526000976562,295.85736083984375,205.107666015625,195.529296875,0.8951302170753479
1758,401,16548,110.6656494140625,898.9345703125,244.88067626953125,239.0096435546875,0.8876992464065552
1759,401,1900,641.4510498046875,856.1787109375,210.216064453125,170.6533203125,0.7911548018455505
1760,401,33009,585.982666015625,242.69204711914062,360.56591796875,237.61285400390625,0.7452130317687988
1761,404,18147,10.161102294921875,585.0619506835938,295.5216064453125,423.3326416015625,0.9671657681465149
1762,404,35206,433.52685546875,698.1544189453125,418.173095703125,236.703125,0.9633246660232544
1763,404,3351,357.42999267578125,144.14056396484375,186.25390625,189.23956298828125,0.8257988691329956
1764,409,33009,518.9657592773438,791.4593505859375,383.4454345703125,208.8656005859375,0.8460763692855835
1765,409,1900,135.55731201171875,243.12579345703125,187.472900390625,165.7496337890625,0.8416590690612793
1766,409,16551,6.59661865234375,730.786376953125,470.570556640625,320.5072021484375,0.7726047039031982
1767,41,31885,51.1575927734375,89.81585693359375,324.53411865234375,542.4384155273438,0.8583171963691711
1768,41,3483,593.5625,872.1123046875,257.4019775390625,230.8734130859375,0.8541408777236938
1769,41,29667,636.89599609375,204.98806762695312,226.19189453125,214.86627197265625,0.8145723938941956
1770,41,19861,118.5888671875,865.041748046875,222.64736938476562,167.6070556640625,0.7813180685043335
1771,411,1900,646.054443359375,851.7562255859375,202.91796875,178.214111328125,0.8153927326202393
1772,411,33009,88.66622924804688,258.221435546875,365.65423583984375,205.9287109375,0.8032119274139404
1773,411,16551,500.12615966796875,200.265380859375,453.3868408203125,312.26385498046875,0.7653905153274536
1774,412,19552,115.57666015625,196.45550537109375,308.68072509765625,490.36749267578125,0.9172239899635315
1775,412,5094,107.43962097167969,811.338623046875,285.51161193847656,288.1337890625,0.8441731929779053
1776,412,2483,621.4429931640625,74.95948791503906,229.330810546875,464.63511657714844,0.7402347326278687
1777,412,12081,649.9482421875,694.496337890625,244.529052734375,463.9580078125,0.7214535474777222
1778,413,19552,117.59844970703125,162.28761291503906,303.88348388671875,494.14146423339844,0.9077539443969727
1779,413,5094,105.55075073242188,800.58056640625,279.2342224121094,275.114990234375,0.795433759689331
1780,413,2483,626.287353515625,36.73155212402344,248.03955078125,468.91188049316406,0.7536842823028564
1781,413,12081,639.6737060546875,688.1614990234375,241.4296875,450.7205810546875,0.6150839924812317
1782,414,19552,521.3953857421875,551.5556640625,305.78369140625,495.2996826171875,0.9056962132453918
1783,414,5094,550.7119140625,191.8817138671875,272.2646484375,267.96209716796875,0.8315472602844238
1784,414,2483,56.891845703125,700.0975341796875,254.22613525390625,477.0484619140625,0.7608985304832458
1785,414,12081,70.599609375,126.97296142578125,230.76754760742188,432.1297607421875,0.6898380517959595
1786,415,3483,601.3839111328125,867.3228759765625,259.548828125,228.798828125,0.8491411209106445
1787,415,31885,95.02880859375,90.71044921875,326.6343994140625,542.2994384765625,0.8352668881416321
1788,415,19861,126.58441162109375,866.19189453125,221.48333740234375,166.653564453125,0.7784324288368225
1789,415,16262,637.7022094726562,176.69287109375,246.0491943359375,232.316650390625,0.6560521125793457
1790,416,3483,573.5653076171875,836.80517578125,261.724853515625,230.5177001953125,0.8550530076026917
1791,416,31885,76.20196533203125,71.659423828125,319.9730224609375,534.1942138671875,0.8330829739570618
1792,416,19861,92.25487518310547,826.066162109375,226.23639678955078,177.03466796875,0.7994524240493774
1793,416,16262,609.1403198242188,172.313232421875,239.9561767578125,227.97625732421875,0.787921130657196
1794,417,3483,150.87063598632812,218.83270263671875,247.80279541015625,222.11993408203125,0.8600516319274902
1795,417,31885,565.9024658203125,609.4869384765625,335.80224609375,562.97998046875,0.8298583030700684
1796,417,16262,100.30477142333984,850.0904541015625,249.96625518798828,242.37158203125,0.7181293964385986
1797,417,19861,637.6741943359375,277.5847473144531,221.359619140625,169.25653076171875,0.6007631421089172
1798,419,27733,565.9867553710938,262.7320556640625,296.86181640625,266.36431884765625,0.9297462701797485
1799,419,3483,124.025390625,306.16400146484375,272.01873779296875,200.1351318359375,0.8680927157402039
1800,419,25367,540.25439453125,735.9984130859375,435.74560546875,439.6212158203125,0.809329092502594
1801,419,20238,114.41360473632812,855.178955078125,230.83447265625,226.228759765625,0.718567430973053
1802,42,3483,565.2124633789062,841.6195068359375,261.6920166015625,231.365234375,0.8484900593757629
1803,42,31885,30.887664794921875,70.2132568359375,320.0128479003906,533.6279907226562,0.8409678339958191
1804,42,19861,83.87735748291016,825.7161865234375,227.41448211669922,176.67529296875,0.8193120360374451
1805,42,29667,608.8963623046875,199.12298583984375,221.1435546875,215.4716796875,0.8025887608528137
1806,420,27733,87.45498657226562,727.3876953125,319.3896484375,279.7607421875,0.8732336163520813
1807,420,25367,7.09893798828125,78.510498046875,430.1029968261719,414.35101318359375,0.8497515320777893
1808,420,3483,579.9232177734375,759.0047607421875,274.484619140625,208.097412109375,0.845560610294342
1809,420,20238,614.2509765625,186.617431640625,222.2811279296875,213.78607177734375,0.7230901122093201
1810,422,3483,152.82962036132812,217.86819458007812,247.8197021484375,221.75946044921875,0.860484778881073
1811,422,36637,95.14016723632812,906.53515625,273.67474365234375,167.7691650390625,0.8471071124076843
1812,422,34597,563.04052734375,697.814453125,348.22216796875,513.707763671875,0.8158684968948364
1813,422,19861,640.525390625,276.8359375,220.816162109375,170.87835693359375,0.5709933042526245
1814,423,36637,591.096435546875,195.04708862304688,259.843505859375,154.00689697265625,0.8981708884239197
1815,423,3483,571.66650390625,838.400390625,261.540283203125,229.7890625,0.8605009317398071
1816,423,34597,82.46835327148438,16.414291381835938,329.4764099121094,492.89845275878906,0.8079628944396973
1817,423,19861,90.25308227539062,825.7423095703125,226.35598754882812,176.593017578125,0.8018109798431396
1818,429,29667,668.8731689453125,179.4132080078125,225.979736328125,214.09210205078125,0.8355717658996582
1819,429,3483,609.7294921875,789.526123046875,274.1717529296875,207.314453125,0.8229293823242188
1820,429,27733,130.85870361328125,775.390380859375,313.2711181640625,276.4537353515625,0.8111163377761841
1821,429,34597,70.8341064453125,160.00238037109375,490.0452880859375,350.23016357421875,0.810838520526886
1822,430,33878,617.4189453125,793.1243896484375,168.66015625,219.726318359375,0.9809730052947998
1823,430,16551,66.85382080078125,613.634033203125,410.95245361328125,405.07080078125,0.8154665231704712
1824,430,4543,612.495849609375,153.68142700195312,203.1781005859375,198.4202880859375,0.7750517725944519
1825,430,3544,182.041748046875,199.16622924804688,203.44415283203125,197.61187744140625,0.6463956832885742
1826,431,33878,645.9473876953125,832.726318359375,164.423828125,212.141357421875,0.9772676825523376
1827,431,16551,102.05403137207031,663.9854736328125,406.03111267089844,399.36083984375,0.768315851688385
1828,431,4543,640.0038452148438,153.92916870117188,209.2867431640625,202.12213134765625,0.7459623217582703
1829,431,3544,198.18002319335938,205.65127563476562,210.66229248046875,202.0262451171875,0.6858629584312439
1830,432,33878,192.2034912109375,258.90777587890625,163.09466552734375,211.56634521484375,0.9623691439628601
1831,432,4543,134.17379760742188,903.647705078125,212.595458984375,212.3416748046875,0.8319593667984009
1832,432,16551,492.99090576171875,229.274658203125,399.0950927734375,386.53704833984375,0.7941731810569763
1833,432,3544,583.5194091796875,859.2901611328125,215.2215576171875,212.509521484375,0.7629706859588623
1834,433,30308,91.706787109375,104.05047607421875,357.60736083984375,426.677978515625,0.8664852380752563
1835,433,27733,88.50314331054688,728.5614013671875,319.108642578125,278.3896484375,0.8577027916908264
1836,433,3483,579.7587890625,759.3566284179688,274.3626708984375,207.4862060546875,0.8443394899368286
1837,433,16232,619.1363525390625,178.5634307861328,188.2930908203125,182.53550720214844,0.780619204044342
1838,434,27733,566.2091064453125,262.995361328125,296.934814453125,266.2528076171875,0.9275520443916321
1839,434,30308,533.5108642578125,693.4925537109375,370.134521484375,447.991455078125,0.9247944355010986
1840,434,3483,123.911376953125,306.29669189453125,272.1287841796875,199.3717041015625,0.8687449097633362
1841,434,16232,141.49844360351562,892.4090576171875,197.2857666015625,193.8551025390625,0.8469274640083313
1842,435,3483,608.2821044921875,790.53173828125,274.5791015625,209.606689453125,0.823258101940155
1843,435,27733,123.11508178710938,767.839111328125,314.07049560546875,275.6533203125,0.8107325434684753
1844,435,16232,647.7440185546875,185.0213165283203,192.765380859375,179.51536560058594,0.7818484902381897
1845,435,30308,104.66590881347656,116.53814697265625,374.81370544433594,442.91876220703125,0.766514241695404
1846,436,31885,39.89874267578125,133.93035888671875,448.67425537109375,474.47613525390625,0.8933231234550476
1847,436,25469,48.965240478515625,855.5870361328125,377.7847595214844,221.1123046875,0.8263490200042725
1848,436,3483,602.3124389648438,844.6983642578125,278.924072265625,187.7100830078125,0.8151793479919434
1849,436,20238,618.557373046875,196.2720489501953,226.40966796875,216.08262634277344,0.7736344933509827
1850,44,29667,92.24111938476562,722.5341796875,234.69827270507812,233.1241455078125,0.8958324193954468
1851,44,3351,371.3004150390625,152.73690795898438,182.23394775390625,187.7265625,0.8313792943954468
1852,44,13900,579.1925048828125,671.818603515625,181.541015625,266.57763671875,0.7879893183708191
1853,443,4378,76.715576171875,99.58294677734375,228.32904052734375,439.31072998046875,0.9153614044189453
1854,443,25438,568.6116943359375,187.26016235351562,248.1680908203125,253.22467041015625,0.7927973866462708
1855,443,22627,535.6842041015625,681.9188232421875,338.070556640625,478.21240234375,0.7148561477661133
1856,443,2483,85.76412963867188,674.5166015625,239.77011108398438,470.744384765625,0.7040795087814331
1857,444,4378,649.7820434570312,706.9296875,225.4580078125,470.67529296875,0.8973423838615417
1858,444,25438,111.38534545898438,841.7596435546875,262.7661437988281,265.97509765625,0.7937895655632019
1859,444,2483,601.7088012695312,104.71870422363281,249.4630126953125,455.46739196777344,0.7869489789009094
1860,444,22627,78.20947265625,76.73907470703125,330.017333984375,474.87896728515625,0.7712169885635376
1861,449,34597,44.902923583984375,133.98779296875,383.17279052734375,473.068359375,0.8625099658966064
1862,449,3483,588.3445434570312,845.4906005859375,283.5836181640625,166.3857421875,0.7987260818481445
1863,449,27653,95.63231658935547,852.3135986328125,220.93634796142578,206.5445556640625,0.7707201838493347
1864,449,16262,622.7327880859375,181.47186279296875,242.6055908203125,231.98175048828125,0.7589388489723206
1865,452,29451,511.066162109375,244.37319946289062,409.76171875,219.338134765625,0.9748119711875916
1866,452,44199,178.12823486328125,234.53268432617188,196.12591552734375,260.3682861328125,0.8763781785964966
1867,452,1900,644.0574951171875,845.8792724609375,188.83642578125,188.9581298828125,0.7145082354545593
1868,452,16551,138.2418975830078,635.958984375,311.38389587402344,486.721923828125,0.6845386028289795
1869,454,6192,501.5927734375,593.162841796875,289.1060791015625,520.8809814453125,0.9434930682182312
1870,454,5094,563.8511962890625,196.318115234375,270.846435546875,266.81390380859375,0.8482187986373901
1871,454,5886,129.3946533203125,81.41697692871094,229.94815063476562,480.29566955566406,0.8297191262245178
1872,454,2483,103.626220703125,700.9964599609375,235.68032836914062,488.3245849609375,0.7235884070396423
1873,455,6192,145.1169891357422,97.17912292480469,292.90931701660156,510.47718811035156,0.9635737538337708
1874,455,5886,584.3468017578125,677.82373046875,235.554443359375,494.9443359375,0.7834629416465759
1875,455,2483,601.7413940429688,22.86810302734375,220.4637451171875,484.46990966796875,0.7637160420417786
1876,455,5094,93.4459228515625,794.2672119140625,279.8321838378906,276.112060546875,0.615833580493927
1877,456,6192,144.7783660888672,117.74603271484375,291.97145080566406,523.5123291015625,0.9646664261817932
1878,456,5886,592.4229736328125,676.340087890625,246.63037109375,511.6783447265625,0.8311938643455505
1879,456,2483,593.70947265625,57.94879150390625,211.814453125,477.91668701171875,0.77401202917099
1880,456,5094,94.36224365234375,804.7801513671875,284.68609619140625,286.2755126953125,0.7243716716766357
1881,457,6192,115.5687255859375,163.7210693359375,271.345458984375,526.7889404296875,0.9071686863899231
1882,457,2483,641.5986328125,69.38584899902344,214.006103515625,473.14759826660156,0.8025440573692322
1883,457,13395,630.1109619140625,673.0255126953125,234.8404541015625,500.21923828125,0.760291576385498
1884,457,5094,133.5874786376953,832.4490966796875,279.14353942871094,276.22412109375,0.7549747824668884
1885,458,6192,113.68594360351562,191.81817626953125,276.7391357421875,524.021484375,0.8660411834716797
1886,458,2483,627.1953125,102.72425842285156,224.9490966796875,466.17893981933594,0.7859837412834167
1887,458,5094,135.0291748046875,842.7734375,285.3984375,287.492431640625,0.756878137588501
1888,458,13395,638.864990234375,672.6087646484375,245.7373046875,516.863037109375,0.7249574065208435
1889,459,6192,554.3262939453125,520.0771484375,268.00244140625,528.52294921875,0.8023426532745361
1890,459,5094,524.020263671875,162.88912963867188,270.130126953125,266.5706787109375,0.798100471496582
1891,459,13395,77.91693115234375,81.37202453613281,234.25332641601562,484.50071716308594,0.7358446717262268
1892,459,2483,82.70645141601562,658.52001953125,219.08462524414062,489.7789306640625,0.6333529353141785
1893,46,23223,102.19122314453125,114.01434326171875,306.85186767578125,498.66961669921875,0.8118718266487122
1894,46,3743,117.8160400390625,784.9791259765625,326.6837158203125,319.904541015625,0.7866937518119812
1895,46,2483,589.4248046875,72.81207275390625,249.046142578125,468.64251708984375,0.7837347984313965
1896,46,12081,602.8492431640625,708.7830810546875,231.81591796875,451.726806640625,0.681090772151947
1897,460,22362,82.73583984375,118.24853515625,258.6959228515625,386.75286865234375,0.8405776619911194
1898,460,3743,490.7246398925781,127.93037414550781,315.0290222167969,301.07212829589844,0.7685768604278564
1899,460,23223,509.3758544921875,583.27880859375,290.5355224609375,507.21435546875,0.7234072089195251
1900,460,2483,93.76651763916016,657.7647705078125,209.26421356201172,495.9215087890625,0.7110195755958557
1901,462,23223,135.77001953125,158.40478515625,290.12518310546875,496.74102783203125,0.7774741649627686
1902,462,22362,608.7236328125,734.9503173828125,274.4398193359375,420.131103515625,0.7740502953529358
1903,462,3743,122.10272216796875,837.3890380859375,333.065185546875,333.4522705078125,0.7640377879142761
1904,462,2483,630.28466796875,99.743408203125,203.68798828125,470.9627685546875,0.743635892868042
1905,463,27653,667.4498291015625,255.12896728515625,223.03173828125,198.86993408203125,0.8365103602409363
1906,463,3483,129.73440551757812,288.01702880859375,277.571533203125,175.036865234375,0.8196308016777039
1907,463,20238,133.14300537109375,869.2347412109375,231.4378662109375,226.57666015625,0.7615958452224731
1908,463,28763,623.62939453125,873.8331298828125,222.796142578125,213.4500732421875,0.6017608642578125
1909,464,28763,137.39279174804688,184.78952026367188,208.3310546875,199.03204345703125,0.903476357460022
1910,464,3483,563.203857421875,810.8685302734375,284.55078125,174.921630859375,0.8330079913139343
1911,464,27653,62.04669952392578,811.171630859375,226.50768280029297,210.7972412109375,0.8302637338638306
1912,464,20238,596.2007446289062,173.1705780029297,219.259033203125,213.29090881347656,0.77048259973526
1913,465,28763,154.17172241210938,193.86717224121094,212.807861328125,200.16529846191406,0.8555211424827576
1914,465,27653,96.88470458984375,853.77880859375,221.8499755859375,206.741943359375,0.7922638654708862
1915,465,3483,590.688232421875,844.590087890625,282.349853515625,167.396240234375,0.7852382659912109
1916,465,20238,623.534423828125,175.44406127929688,226.499755859375,217.54046630859375,0.7701658010482788
1917,468,22362,603.682373046875,747.7264404296875,267.6380615234375,418.8023681640625,0.8331531286239624
1918,468,23223,112.234130859375,118.65629577636719,306.9537353515625,501.48768615722656,0.79923415184021
1919,468,25438,155.40396118164062,873.2391357421875,262.17791748046875,266.634521484375,0.7792158722877502
1920,468,2483,603.1358642578125,109.73231506347656,196.893798828125,474.74681091308594,0.7732294201850891
1921,469,35206,598.8887939453125,126.244140625,257.120361328125,388.9786376953125,0.9137446284294128
1922,469,28763,150.11668395996094,221.4234619140625,212.11817932128906,201.4443359375,0.8867002129554749
1923,469,27733,124.1181640625,768.15087890625,313.549560546875,276.021484375,0.8235227465629578
1924,469,3483,608.9630126953125,789.6557006835938,274.5927734375,210.1610107421875,0.8203456997871399
1925,47,23223,531.9227294921875,591.0408935546875,306.76220703125,499.95166015625,0.7721301913261414
1926,47,3743,493.5874938964844,166.91775512695312,317.1025695800781,299.40997314453125,0.7619131803512573
1927,47,2483,92.6351318359375,663.7579345703125,255.24981689453125,477.9736328125,0.7373737096786499
1928,47,12081,109.74622344970703,111.05174255371094,228.64318084716797,426.60072326660156,0.7313646674156189
1929,472,16548,627.8038330078125,147.1766815185547,237.49462890625,226.12391662597656,0.9402800798416138
1930,472,6563,188.45468139648438,707.920166015625,218.30157470703125,361.34716796875,0.8625839948654175
1931,472,3544,149.1951141357422,189.71856689453125,209.79872131347656,202.39349365234375,0.7502248287200928
1932,472,33878,628.6058349609375,853.2520751953125,224.085693359375,135.210205078125,0.6716893315315247
1933,474,33878,151.45091247558594,308.002685546875,220.30653381347656,147.29150390625,0.9118992686271667
1934,474,16548,117.97415161132812,880.0068359375,242.65469360351562,238.99755859375,0.8617251515388489
1935,474,6563,586.9518432617188,236.28070068359375,215.9434814453125,336.99951171875,0.7991615533828735
1936,474,3544,636.021484375,875.5513916015625,215.0296630859375,214.0545654296875,0.7673718333244324
1937,475,13395,601.6834716796875,704.1025390625,236.00830078125,526.8214111328125,0.8322449326515198
1938,475,25438,125.96585083007812,824.0421142578125,260.470703125,267.4580078125,0.7712874412536621
1939,475,2483,591.2332153320312,82.53717041015625,209.4095458984375,471.25909423828125,0.7286598682403564
1940,477,2483,602.9033203125,44.04376220703125,213.750732421875,488.097412109375,0.8183242678642273
1941,477,13395,586.2622680664062,706.914306640625,241.2020263671875,506.199462890625,0.8178009390830994
1942,477,25438,123.94097900390625,812.5899658203125,255.21453857421875,255.029541015625,0.7764771580696106
1943,477,19552,91.63735961914062,113.80218505859375,313.22222900390625,483.79620361328125,0.4965549111366272
1944,479,36637,635.8515625,176.8144073486328,181.57861328125,243.78916931152344,0.8992302417755127
1945,479,27777,145.03695678710938,774.9176025390625,180.96795654296875,206.0537109375,0.8662011623382568
1946,479,3483,538.1436767578125,777.20947265625,266.970458984375,226.1209716796875,0.8384743332862854
1947,479,25367,64.44183349609375,84.494384765625,376.591064453125,466.70526123046875,0.7949749827384949
1948,481,2483,626.6050415039062,101.65071105957031,225.379638671875,466.75389099121094,0.7866284251213074
1949,481,5094,134.900634765625,842.3294677734375,285.31060791015625,287.322021484375,0.7569543719291687
1950,481,22627,78.79824829101562,115.12091064453125,304.2111511230469,486.06463623046875,0.7465459108352661
1951,481,13395,639.6499633789062,672.8018798828125,244.3643798828125,516.802490234375,0.729698896408081
1952,482,5094,524.0858154296875,162.71652221679688,270.10888671875,266.69219970703125,0.8018914461135864
1953,482,13395,81.55416870117188,84.055419921875,230.13702392578125,480.6619873046875,0.7363918423652649
1954,482,22627,559.1639404296875,634.7340087890625,304.14404296875,490.1986083984375,0.6876600980758667
1955,482,2483,82.88477325439453,658.3775634765625,219.17107391357422,490.12109375,0.6302903294563293
1956,484,16688,477.31744384765625,116.4093017578125,421.2685546875,534.4957275390625,0.8638375997543335
1957,484,3351,420.5614013671875,893.83837890625,191.8887939453125,191.881103515625,0.8208199143409729
1958,485,16688,35.96586608886719,521.1759033203125,430.41065979003906,593.198486328125,0.8871665000915527
1959,485,3351,328.4339599609375,145.25848388671875,184.6759033203125,189.27633666992188,0.8266710638999939
1960,485,32310,626.5123291015625,533.8616943359375,291.540771484375,339.838623046875,0.5187252163887024
1961,486,16688,78.204833984375,619.134521484375,429.34588623046875,596.18701171875,0.9082452654838562
1962,486,3351,370.2022705078125,205.07797241210938,184.1558837890625,183.366943359375,0.8334739804267883
1963,486,32310,664.5162353515625,631.983154296875,294.6995849609375,343.4658203125,0.30011221766471863
1964,487,31885,93.74989318847656,47.12103271484375,412.10130310058594,508.6429443359375,0.8916138410568237
1965,487,3483,608.143310546875,790.6925659179688,274.57421875,210.4752197265625,0.8206043839454651
1966,487,27733,123.0296630859375,768.330078125,313.9869384765625,275.4560546875,0.8054459095001221
1967,487,16232,647.7635498046875,184.9999542236328,192.732177734375,179.05052185058594,0.756390392780304
1968,493,21026,684.730224609375,274.203369140625,177.836181640625,172.060302734375,0.9050657153129578
1969,493,16548,123.23577880859375,885.156494140625,244.51553344726562,240.23095703125,0.748511016368866
1970,493,1900,186.40574645996094,292.2066650390625,199.56617736816406,153.60791015625,0.7415845990180969
1971,493,19607,683.1409912109375,901.4317626953125,164.9180908203125,160.35205078125,0.7251943945884705
1972,494,16548,592.2452392578125,138.58447265625,231.3406982421875,224.8717041015625,0.9343256950378418
1973,494,19607,135.16409301757812,213.46502685546875,154.546630859375,149.22119140625,0.9304171800613403
1974,494,21026,91.4437026977539,831.6322631835938,182.10997772216797,179.874755859375,0.8827887177467346
1975,494,1900,587.5079345703125,828.5447998046875,206.322265625,162.73681640625,0.6965470314025879
1976,496,3832,499.1351013183594,181.7978057861328,373.9270324707031,361.16294860839844,0.9685108065605164
1977,496,3351,395.41668701171875,872.21240234375,188.225341796875,190.1453857421875,0.7986934185028076
1978,497,3832,51.196929931640625,654.5543212890625,390.51483154296875,377.802001953125,0.9795915484428406
1979,497,3351,356.37152099609375,159.43246459960938,178.48211669921875,184.84219360351562,0.810796856880188
1980,497,36637,587.8746337890625,667.8489990234375,195.7958984375,261.4200439453125,0.6801416873931885
1981,499,3483,124.45230102539062,271.64447021484375,273.33807373046875,190.3138427734375,0.8486025929450989
1982,499,16262,165.33131408691406,834.77294921875,252.17808532714844,241.794677734375,0.8206816911697388
1983,499,25367,521.7919921875,726.464599609375,445.265869140625,457.754638671875,0.7875530123710632
1984,499,25469,571.744873046875,231.14117431640625,375.432861328125,218.9261474609375,0.7221955060958862
1985,5,29345,611.3720092773438,715.448974609375,289.0684814453125,440.7784423828125,0.9065009355545044
1986,5,24850,96.1639404296875,894.8546142578125,297.7510986328125,164.414794921875,0.9034163951873779
1987,5,1900,180.68951416015625,266.84503173828125,131.24197387695312,199.72021484375,0.7722287178039551
1988,5,16551,569.2229614257812,111.4158935546875,285.74609375,481.6923828125,0.7523400187492371
1989,500,25367,32.301422119140625,63.9400634765625,423.4391174316406,436.38653564453125,0.8582714796066284
1990,500,25469,11.60546875,811.4775390625,386.8189697265625,223.004638671875,0.8434955477714539
1991,500,16262,546.6351318359375,187.17645263671875,238.560791015625,228.2806396484375,0.818878710269928
1992,500,3483,575.9613037109375,811.0411376953125,279.713134765625,193.84326171875,0.7988488674163818
1993,501,25367,44.052947998046875,77.90476989746094,437.846435546875,442.26087951660156,0.8711455464363098
1994,501,25469,48.9501953125,855.403076171875,377.625244140625,221.659912109375,0.8220183849334717
1995,501,3483,602.5538330078125,844.627685546875,278.20263671875,188.093505859375,0.8136244416236877
1996,501,16262,574.258544921875,195.31845092773438,243.7490234375,231.18658447265625,0.7522756457328796
1997,502,3483,124.08517456054688,271.70404052734375,273.37225341796875,190.4169921875,0.8477845191955566
1998,502,30308,548.2940673828125,730.4468994140625,413.75048828125,412.983154296875,0.8457980155944824
1999,502,20238,139.61416625976562,850.3226318359375,231.87237548828125,226.67626953125,0.7638502717018127
2000,502,25469,572.039306640625,231.2152862548828,374.668701171875,218.93821716308594,0.7316908836364746
2001,503,30308,38.532806396484375,100.26347351074219,394.2995910644531,395.99452209472656,0.8976499438285828
2002,503,25469,11.587738037109375,811.628662109375,387.8520202636719,222.8651123046875,0.843059241771698
2003,503,3483,575.0367431640625,811.2661743164062,281.84521484375,193.9415283203125,0.8069246411323547
2004,503,20238,590.1485595703125,191.340576171875,222.5625,213.83343505859375,0.7254531979560852
2005,506,38162,535.2963256835938,631.0370483398438,199.912109375,305.5635986328125,0.9213621616363525
2006,506,31863,83.25439453125,698.00439453125,210.10125732421875,212.96826171875,0.8493235111236572
2007,506,3351,352.0235595703125,140.10098266601562,184.0609130859375,189.03506469726562,0.8424147963523865
2008,507,38162,573.0660400390625,726.7271728515625,199.564453125,294.03076171875,0.913688600063324
2009,507,3351,392.88232421875,197.32618713378906,186.0299072265625,183.24302673339844,0.8383021354675293
2010,507,31863,125.23101806640625,784.3529052734375,207.0206298828125,205.8624267578125,0.7106839418411255
2011,508,18147,541.0030517578125,238.36083984375,339.101318359375,351.4061279296875,0.8430224657058716
2012,508,3351,419.556884765625,871.08544921875,191.31298828125,191.816650390625,0.813073992729187
2013,509,18147,47.445770263671875,605.8931274414062,351.55279541015625,380.0325927734375,0.9358420968055725
2014,509,22074,588.6686401367188,780.1968994140625,190.6053466796875,192.424560546875,0.8824129700660706
2015,509,3351,329.79559326171875,167.55123901367188,184.74017333984375,188.93206787109375,0.8388540148735046
2016,511,3483,152.86953735351562,217.9368438720703,248.18701171875,221.74400329589844,0.8560793995857239
2017,511,36637,94.845947265625,906.4921875,273.83355712890625,167.8720703125,0.8220532536506653
2018,511,25367,572.2176513671875,739.92041015625,396.3133544921875,498.93896484375,0.7819544076919556
2019,511,19861,640.417236328125,276.99658203125,220.853271484375,170.578857421875,0.5707736611366272
2020,515,35206,614.0234375,140.1564483642578,223.839599609375,402.26683044433594,0.9528442025184631
2021,515,27777,178.54608154296875,811.81005859375,175.70806884765625,199.864501953125,0.8523776531219482
2022,515,3483,567.8283081054688,811.7186279296875,264.1197509765625,218.927734375,0.8258575201034546
2023,515,30308,93.13232421875,187.68438720703125,428.64483642578125,365.65325927734375,0.8071017265319824
2024,516,35206,137.8656463623047,704.2672119140625,242.31874084472656,413.1812744140625,0.9451808929443359
2025,516,27777,638.239990234375,293.259765625,174.562255859375,195.3663330078125,0.8582800030708313
2026,516,3483,171.6368408203125,276.21746826171875,262.38580322265625,218.58984375,0.8502373099327087
2027,516,30308,479.7975769042969,702.93310546875,436.4675598144531,372.6473388671875,0.8498237133026123
2028,517,36637,643.7008056640625,207.7050018310547,188.4716796875,248.13136291503906,0.8977263569831848
2029,517,31885,26.684783935546875,15.18743896484375,385.9192199707031,521.033935546875,0.8583859801292419
2030,517,3483,588.4234008789062,845.6973876953125,283.3837890625,166.219482421875,0.7916048169136047
2031,517,27653,94.96014404296875,853.2322998046875,221.33432006835938,206.467529296875,0.7795137166976929
2032,518,36637,614.9837646484375,202.00999450683594,184.389404296875,244.40968322753906,0.9023597836494446
2033,518,31885,18.188934326171875,0.14581298828125,363.6062927246094,517.0391235351562,0.869179368019104
2034,518,27653,60.118621826171875,810.87353515625,226.00009155273438,210.8564453125,0.829609751701355
2035,518,3483,562.1608276367188,812.14794921875,284.9659423828125,174.464111328125,0.8229939937591553
2036,519,36637,149.9166259765625,802.5838623046875,195.69903564453125,254.904052734375,0.8823201656341553
2037,519,27653,670.150634765625,255.45181274414062,222.15869140625,199.3924560546875,0.8358016610145569
2038,519,31885,599.4771728515625,700.2977294921875,376.5228271484375,539.4923095703125,0.830328106880188
2039,519,3483,130.54010009765625,287.48333740234375,277.64501953125,175.52685546875,0.8167054057121277
2040,520,28763,614.215087890625,905.7454833984375,223.560302734375,213.74365234375,0.8764452934265137
2041,520,29667,124.74295043945312,879.69970703125,234.44070434570312,230.0712890625,0.8623619675636292
2042,520,3483,174.87149047851562,273.9693603515625,261.97869873046875,219.219482421875,0.8535507321357727
2043,520,27777,639.592529296875,295.3323974609375,175.136962890625,193.8319091796875,0.8404825925827026
2044,521,28763,147.50064086914062,155.20416259765625,207.2633056640625,198.691650390625,0.8905080556869507
2045,521,27777,143.11614990234375,774.19921875,180.90704345703125,205.63427734375,0.8586099743843079
2046,521,29667,601.784912109375,161.24928283691406,219.32861328125,213.83799743652344,0.855155348777771
2047,521,3483,536.382080078125,778.136962890625,266.66650390625,225.737548828125,0.8412644863128662
2048,522,28763,162.86631774902344,160.5121612548828,213.78297424316406,201.64915466308594,0.8997378945350647
2049,522,27777,175.99807739257812,810.5396728515625,176.11309814453125,200.236572265625,0.8585463166236877
2050,522,29667,630.5049438476562,163.61814880371094,223.950927734375,215.28822326660156,0.8454244136810303
2051,522,3483,564.26611328125,813.7183837890625,265.26513671875,219.289794921875,0.8289966583251953
2052,525,27733,566.0361328125,262.789306640625,297.40478515625,265.2396240234375,0.9303979277610779
2053,525,28763,634.8504638671875,865.4837646484375,223.1162109375,212.5621337890625,0.8752337694168091
2054,525,3483,124.1043701171875,305.79632568359375,271.6927490234375,198.9259033203125,0.8664663434028625
2055,525,16232,141.17657470703125,892.559814453125,196.71371459960938,194.070068359375,0.8530063629150391
2056,526,30308,547.223876953125,707.5247802734375,317.1505126953125,476.107666015625,0.947025716304779
2057,526,3483,151.2997283935547,218.7037353515625,247.63917541503906,222.0462646484375,0.8605865836143494
2058,526,16262,100.2962875366211,849.908203125,249.48749542236328,242.6339111328125,0.7142511010169983
2059,526,19861,638.19189453125,276.7498779296875,221.248291015625,170.37408447265625,0.5836520791053772
2060,527,30308,141.09124755859375,72.84228515625,312.23651123046875,466.7452392578125,0.9513481259346008
2061,527,3483,601.502197265625,866.49658203125,259.193359375,230.2333984375,0.8508051037788391
2062,527,19861,126.5076904296875,865.4666748046875,221.60150146484375,167.561767578125,0.7819353342056274
2063,527,16262,637.5946044921875,176.548583984375,245.3306884765625,230.801513671875,0.698901891708374
2064,528,30308,127.25811767578125,64.84417724609375,301.559326171875,447.81170654296875,0.9642711877822876
2065,528,3483,572.5439453125,837.573486328125,263.1959228515625,229.6494140625,0.8596436381340027
2066,528,19861,91.81220245361328,826.2755126953125,226.40795135498047,176.6270751953125,0.8032386302947998
2067,528,16262,609.5360107421875,172.11749267578125,239.69482421875,228.19854736328125,0.7965123057365417
2068,529,22347,106.15521240234375,240.44284057617188,206.9814453125,197.22271728515625,0.8581385612487793
2069,529,25469,49.11199951171875,855.73388671875,377.31854248046875,221.5562744140625,0.8272409439086914
2070,529,3483,602.78369140625,844.61962890625,278.36376953125,187.86572265625,0.813775897026062
2071,529,20238,618.4144287109375,195.90631103515625,226.9541015625,215.9061279296875,0.7654820680618286
2072,53,6192,104.03309631347656,127.00830078125,355.93016052246094,464.2979736328125,0.9730490446090698
2073,53,5886,608.6910400390625,674.4632568359375,242.994140625,515.354248046875,0.8370469808578491
2074,53,25438,132.604736328125,853.2301025390625,264.8709716796875,267.134033203125,0.783935010433197
2075,53,2483,651.8895263671875,103.91838073730469,212.3048095703125,466.28309631347656,0.7661832571029663
2076,530,3483,124.26376342773438,270.21697998046875,273.9774169921875,191.5655517578125,0.8487386107444763
2077,530,22347,680.141357421875,831.9749755859375,214.37548828125,206.039794921875,0.8410257697105408
2078,530,20238,139.3291015625,849.186279296875,231.2431640625,227.7799072265625,0.7626047730445862
2079,530,25469,571.08642578125,231.18206787109375,375.9375,218.40625,0.7149995565414429
2080,531,25469,11.073455810546875,811.7296142578125,387.55352783203125,223.260498046875,0.8423395156860352
2081,531,22347,88.41327667236328,230.81365966796875,204.08666229248047,194.1788330078125,0.8362321853637695
2082,531,3483,575.3838500976562,811.2140502929688,280.1129150390625,192.953857421875,0.8027783036231995
2083,531,20238,590.3150634765625,190.80499267578125,222.587646484375,213.78631591796875,0.695793628692627
2084,532,19552,116.99299621582031,115.68707275390625,383.40586853027344,427.77105712890625,0.8981723189353943
2085,532,5886,611.4920654296875,687.4326171875,240.3251953125,522.1431884765625,0.8632706999778748
2086,532,2483,597.6856689453125,112.276123046875,288.6322021484375,446.69964599609375,0.7343783378601074
2087,532,3743,73.43038940429688,812.65673828125,333.422119140625,329.9532470703125,0.6905978322029114
2088,533,19552,116.10441589355469,79.60400390625,384.76515197753906,425.7156982421875,0.9195349812507629
2089,533,5886,598.974853515625,689.4642333984375,246.123779296875,501.418212890625,0.8874086141586304
2090,533,3743,73.35403442382812,800.447509765625,327.4236145019531,318.8160400390625,0.756472110748291
2091,533,2483,614.2191162109375,78.55824279785156,274.5712890625,454.34080505371094,0.7156516909599304
2092,534,19552,444.43060302734375,699.8662109375,394.9339599609375,433.18603515625,0.9247550964355469
2093,534,5886,96.57727813720703,72.7369384765625,245.44225311279297,473.19158935546875,0.8817533254623413
2094,534,3743,538.4415283203125,148.91656494140625,315.667724609375,306.59161376953125,0.7528427243232727
2095,534,2483,54.306488037109375,681.02587890625,279.5841369628906,458.46630859375,0.7421703338623047
2096,535,31885,81.913818359375,141.7352294921875,412.01312255859375,507.205322265625,0.8761575222015381
2097,535,36637,674.3119506835938,172.01605224609375,174.977294921875,255.0086669921875,0.8614997267723083
2098,535,25469,87.17900085449219,831.394287109375,345.61903381347656,300.1214599609375,0.8243173956871033
2099,535,3483,601.7158203125,845.313720703125,278.6405029296875,187.2197265625,0.8182542324066162
2100,536,31885,67.900634765625,115.5584716796875,397.69598388671875,504.53857421875,0.8929939270019531
2101,536,36637,645.87255859375,170.29248046875,169.734130859375,249.75567626953125,0.8319067358970642
2102,536,25469,50.41705322265625,789.102294921875,354.2691345214844,298.140625,0.8289145827293396
2103,536,3483,574.3861083984375,811.5479736328125,280.38818359375,193.16552734375,0.8123658895492554
2104,537,3483,125.1912841796875,271.56915283203125,273.36578369140625,189.75457763671875,0.8498404622077942
2105,537,31885,514.796630859375,594.8538818359375,405.85693359375,519.0657958984375,0.827308177947998
2106,537,25469,575.4150390625,189.01014709472656,328.53369140625,283.14353942871094,0.774441659450531
2107,537,36637,131.88522338867188,829.9910888671875,179.82577514648438,262.4617919921875,0.7629719376564026
2108,539,38162,594.6717529296875,706.72705078125,198.7109375,307.79541015625,0.8958224654197693
2109,539,3351,322.2503662109375,133.89120483398438,183.95062255859375,187.9639892578125,0.8425930738449097
2110,539,20014,12.595947265625,669.8583984375,351.8125,342.485107421875,0.7919477224349976
2111,54,6192,476.9324951171875,642.8271484375,364.8370361328125,483.0186767578125,0.915457010269165
2112,54,5886,116.58379364013672,78.96063232421875,227.57825469970703,482.6044921875,0.8350652456283569
2113,54,2483,69.75473022460938,659.8582763671875,206.75271606445312,490.287109375,0.7936748266220093
2114,54,25438,548.2453002929688,176.7579345703125,246.97802734375,252.6221923828125,0.754061758518219
2115,540,38162,632.0133666992188,805.4468994140625,196.3826904296875,294.9676513671875,0.9005728960037231
2116,540,3351,363.48223876953125,189.22247314453125,184.4061279296875,183.55108642578125,0.8464016318321228
2117,540,20014,55.929229736328125,753.016845703125,348.5077819824219,340.9254150390625,0.7826172113418579
2118,541,3483,151.0965576171875,218.74542236328125,247.77947998046875,222.33514404296875,0.8613165020942688
2119,541,31885,582.442626953125,648.13037109375,335.1337890625,558.8441162109375,0.8379676938056946
2120,541,16232,144.1668701171875,900.435302734375,195.93673706054688,191.0262451171875,0.8217741250991821
2121,541,19861,637.9345703125,277.7548828125,221.28125,169.395263671875,0.5972791910171509
2122,542,3483,573.1832275390625,836.9501953125,262.29052734375,230.5958251953125,0.8596512079238892
2123,542,31885,68.76153564453125,33.6365966796875,313.59344482421875,534.739501953125,0.8267524838447571
2124,542,19861,91.81316375732422,825.9573974609375,226.63300323486328,176.8807373046875,0.7969745993614197
2125,542,16232,617.3861694335938,172.89576721191406,186.2357177734375,181.60520935058594,0.60072922706604
2126,543,3483,601.0782470703125,867.401611328125,260.06787109375,228.7796630859375,0.8518030047416687
2127,543,31885,84.24380493164062,48.096435546875,327.32501220703125,548.3463134765625,0.851250171661377
2128,543,19861,126.46694946289062,865.6168212890625,221.710205078125,167.448486328125,0.7769582867622375
2129,543,16232,645.4715576171875,175.2945098876953,191.9786376953125,186.34483337402344,0.7077900171279907
2130,545,22347,662.99560546875,863.7021484375,215.24462890625,207.677001953125,0.8756972551345825
2131,545,29667,124.65386962890625,879.27880859375,234.56268310546875,230.012939453125,0.8591886162757874
2132,545,3483,175.31991577148438,273.28619384765625,262.419921875,219.0506591796875,0.8526395559310913
2133,545,27777,639.8883056640625,294.9199523925781,175.09912109375,194.369384765625,0.8428235054016113
2134,546,27777,142.32040405273438,773.881591796875,180.09271240234375,205.6103515625,0.8660873174667358
2135,546,29667,602.0606689453125,162.457275390625,219.110107421875,213.104248046875,0.8561360239982605
2136,546,3483,535.82763671875,778.7960205078125,266.2996826171875,225.6229248046875,0.8424298167228699
2137,546,22347,106.524658203125,201.8333282470703,201.42123413085938,193.65330505371094,0.8163348436355591
2138,547,20877,115.7733154296875,768.553955078125,331.59417724609375,231.09716796875,0.9255232810974121
2139,547,36637,632.523681640625,211.12255859375,184.6134033203125,247.60321044921875,0.8867168426513672
2140,547,22347,121.25906372070312,241.95138549804688,207.83013916015625,197.4744873046875,0.8680958151817322
2141,547,3483,649.9655151367188,750.0592041015625,210.859130859375,270.4639892578125,0.8469192385673523
2142,548,20877,543.9837646484375,292.6978759765625,329.2427978515625,234.9764404296875,0.8619449734687805
2143,548,3483,142.14852905273438,291.763916015625,210.77291870117188,256.46990966796875,0.8575430512428284
2144,548,36637,166.951416015625,797.9586181640625,187.96783447265625,256.363525390625,0.8378499150276184
2145,548,22347,664.4944458007812,829.9202880859375,213.8475341796875,207.6827392578125,0.8191201686859131
2146,55,3351,423.1959228515625,846.4212646484375,190.30078125,190.5537109375,0.8090309500694275
2147,55,16688,436.8026123046875,161.7235107421875,514.4443359375,466.20892333984375,0.8080525994300842
2148,55,20014,54.692626953125,280.45086669921875,337.861328125,320.523193359375,0.7468467950820923
2149,551,30308,541.5858154296875,685.7215576171875,391.31787109375,431.021240234375,0.8912726044654846
2150,551,27653,668.16845703125,255.1061553955078,222.633544921875,199.59312438964844,0.8367602229118347
2151,551,3483,129.5807342529297,288.26312255859375,277.97425842285156,175.21624755859375,0.8127318024635315
2152,551,20238,133.34385681152344,869.477294921875,231.64161682128906,226.1448974609375,0.7563207745552063
2153,552,30308,77.00897216796875,143.33055114746094,387.14239501953125,423.75807189941406,0.8253219127655029
2154,552,3483,590.51123046875,845.182861328125,282.574462890625,166.447265625,0.7911328077316284
2155,552,27653,96.73067474365234,853.5546875,222.19226837158203,206.5885009765625,0.7877147197723389
2156,552,20238,623.74951171875,175.70091247558594,225.7344970703125,217.57362365722656,0.7819020748138428
2157,553,25469,11.449981689453125,811.2645263671875,387.3233947753906,223.4251708984375,0.8429067730903625
2158,553,34597,12.4974365234375,71.6461181640625,418.169921875,448.3360595703125,0.8142217993736267
2159,553,3483,575.637939453125,809.8878173828125,280.365966796875,194.403076171875,0.807953417301178
2160,553,16232,601.78173828125,213.33245849609375,186.023681640625,182.30621337890625,0.7491940259933472
2161,555,34597,22.6976318359375,100.60713195800781,431.96588134765625,440.14646911621094,0.825773298740387
2162,555,25469,48.782562255859375,855.498291015625,377.6634521484375,221.3232421875,0.8221484422683716
2163,555,3483,602.4385986328125,844.53759765625,278.718994140625,188.151123046875,0.8164154291152954
2164,555,16232,629.5679931640625,219.37771606445312,190.4775390625,187.755615234375,0.8035303950309753
2165,56,16688,0.0,557.610595703125,515.7655029296875,501.119384765625,0.9052738547325134
2166,56,20014,551.846923828125,620.26611328125,348.399169921875,341.71923828125,0.8507379293441772
2167,56,3351,326.07940673828125,190.35116577148438,184.96173095703125,190.8370361328125,0.8298044204711914
2168,560,30308,117.17510986328125,74.3087158203125,278.3875732421875,478.3682861328125,0.9658247232437134
2169,560,35206,582.9683837890625,95.04537963867188,287.1978759765625,379.00518798828125,0.9033572673797607
2170,560,3483,601.0435180664062,866.3662109375,259.8753662109375,229.839111328125,0.8499070405960083
2171,560,19861,126.41629028320312,865.7042236328125,221.54244995117188,167.2735595703125,0.7782116532325745
2172,564,1900,152.04847717285156,254.209228515625,195.27391052246094,162.76300048828125,0.8202836513519287
2173,564,21771,160.1009521484375,806.258056640625,191.3092041015625,185.71630859375,0.7976717948913574
2174,564,16551,591.3349609375,107.3582763671875,295.62548828125,477.5413818359375,0.7008452415466309
2175,564,33009,549.42529296875,836.1593017578125,375.0322265625,199.140625,0.6991535425186157
2176,565,5094,107.7080078125,811.0970458984375,285.53656005859375,287.697021484375,0.849543571472168
2177,565,2483,621.03271484375,74.35139465332031,229.9107666015625,464.48350524902344,0.7468341588973999
2178,565,12081,649.6895751953125,694.4478759765625,244.455078125,464.9603271484375,0.7255225777626038
2179,565,19552,24.8060302734375,168.43084716796875,409.8299560546875,424.44927978515625,0.27551424503326416
2180,569,12778,539.2039794921875,576.607421875,296.647705078125,517.5465087890625,0.8634856939315796
2181,569,3743,494.88543701171875,167.23748779296875,317.078369140625,299.83880615234375,0.7545969486236572
2182,569,2483,91.583984375,661.734130859375,258.50775146484375,479.98388671875,0.7358967661857605
2183,569,12081,110.87551879882812,110.918701171875,228.19107055664062,427.4951171875,0.7072278261184692
2184,571,21026,90.70775604248047,830.86767578125,181.84693145751953,179.80419921875,0.8833484649658203
2185,571,16551,538.6131591796875,56.3348388671875,303.6123046875,453.2149658203125,0.8211739659309387
2186,571,1900,581.5404052734375,867.46044921875,211.010498046875,142.904541015625,0.7294750213623047
2187,571,24850,119.5924072265625,138.22450256347656,182.99224853515625,282.08457946777344,0.41147735714912415
2188,572,21026,685.544189453125,275.6026611328125,177.6339111328125,171.7041015625,0.8969467282295227
2189,572,1900,188.5504150390625,273.1464538574219,202.4935302734375,136.4346923828125,0.7746871113777161
2190,572,16551,98.95578002929688,706.4913330078125,328.9110107421875,485.75341796875,0.6198792457580566
2191,572,24850,671.1612548828125,826.96533203125,190.9912109375,303.12548828125,0.3573782742023468
2192,573,21026,125.44149780273438,864.7896728515625,178.162109375,175.5155029296875,0.8639532923698425
2193,573,16551,565.1805419921875,62.01966857910156,316.02783203125,469.50303649902344,0.825086772441864
2194,573,1900,608.8409423828125,898.1370849609375,207.149658203125,139.561767578125,0.6599020957946777
2195,573,24850,135.71304321289062,140.59042358398438,184.78485107421875,294.364013671875,0.3447738587856293
2196,574,3743,116.30513000488281,828.2257080078125,324.92906188964844,318.8494873046875,0.7786757946014404
2197,574,2483,674.71923828125,81.48529052734375,205.1102294921875,481.73358154296875,0.7542562484741211
2198,574,13395,627.4402465820312,673.4891357421875,232.7410888671875,500.154296875,0.7368836998939514
2199,574,22627,95.02438354492188,177.47845458984375,308.62139892578125,480.31036376953125,0.7173739671707153
2200,575,3743,498.3273620605469,126.46127319335938,314.8493957519531,303.48541259765625,0.7906256914138794
2201,575,13395,81.98788452148438,82.7783203125,233.01483154296875,481.6719970703125,0.7524517774581909
2202,575,2483,60.059173583984375,646.8798828125,204.1468505859375,490.0760498046875,0.7485203742980957
2203,575,22627,537.4580078125,548.783203125,306.2740478515625,482.616943359375,0.6902657747268677
2204,576,2483,661.97119140625,112.23268127441406,211.727783203125,474.12998962402344,0.7819626927375793
2205,576,13395,636.9393920898438,671.58251953125,243.074462890625,518.89794921875,0.7806866765022278
2206,576,3743,117.49176025390625,838.903564453125,330.8243408203125,331.76513671875,0.7380031943321228
2207,576,22627,98.23812866210938,214.0753173828125,306.7774658203125,475.32513427734375,0.7209593653678894
2208,577,19607,139.76242065429688,787.5299072265625,159.68838500976562,156.576904296875,0.9341567158699036
2209,577,33009,518.5279541015625,790.5794067382812,382.859130859375,209.385986328125,0.8412162661552429
2210,577,1900,134.465576171875,245.26522827148438,193.0830078125,157.4136962890625,0.8238117098808289
2211,577,16551,538.3375854492188,73.5631103515625,355.829833984375,420.6793212890625,0.7037560939788818
2212,578,19607,661.0831298828125,333.27349853515625,157.33935546875,149.4779052734375,0.9027003049850464
2213,578,16551,47.49200439453125,728.141357421875,385.0774230957031,446.9072265625,0.8154734373092651
2214,578,1900,640.6053466796875,857.9990234375,208.5657958984375,169.36328125,0.7931267619132996
2215,578,33009,88.28683471679688,257.0074157714844,366.39019775390625,208.396728515625,0.7806885838508606
2216,579,19607,172.10302734375,823.012451171875,157.80560302734375,152.7791748046875,0.9182095527648926
2217,579,1900,151.30401611328125,255.49908447265625,198.0562744140625,156.34173583984375,0.8370232582092285
2218,579,16551,565.5379638671875,80.784912109375,363.431884765625,435.4390869140625,0.7449851632118225
2219,579,33009,549.1298828125,836.4095458984375,375.668212890625,198.8076171875,0.7115446329116821
2220,58,35206,555.510986328125,92.85482788085938,278.0906982421875,367.23248291015625,0.9095820784568787
2221,58,34597,38.9052734375,52.86964416503906,388.65484619140625,460.97471618652344,0.8830966353416443
2222,58,3483,573.384033203125,837.3182373046875,262.324462890625,229.793212890625,0.8587439060211182
2223,58,19861,92.05593872070312,826.026611328125,226.140380859375,176.953125,0.8049152493476868
2224,581,1900,644.4855346679688,852.3233642578125,206.386474609375,175.77197265625,0.8135170340538025
2225,581,33009,88.33489990234375,255.91278076171875,366.0408935546875,207.12396240234375,0.792590320110321
2226,581,16548,102.40087890625,905.3229370117188,245.09234619140625,239.42730712890625,0.7280759215354919
2227,581,24850,646.8698120117188,204.53369140625,174.2803955078125,276.40386962890625,0.6970392465591431
2228,583,19552,471.67095947265625,635.658203125,331.45458984375,484.76611328125,0.920617938041687
2229,583,5094,548.716796875,186.95265197753906,271.942138671875,267.67796325683594,0.8435647487640381
2230,583,5886,114.73696899414062,81.7044677734375,234.54083251953125,479.42913818359375,0.8307852149009705
2231,583,2483,71.02227020263672,691.418701171875,254.70905303955078,470.3800048828125,0.7327719330787659
2232,584,19552,148.47146606445312,117.1907958984375,326.52197265625,481.1314697265625,0.9244354963302612
2233,584,5886,604.27685546875,680.4454345703125,250.047607421875,510.5211181640625,0.8073247671127319
2234,584,5094,108.83294677734375,815.81396484375,286.171630859375,285.7608642578125,0.7782346606254578
2235,584,2483,609.4684448242188,88.14105224609375,259.529052734375,457.97711181640625,0.7337092757225037
2236,586,28763,146.37106323242188,198.87721252441406,208.3868408203125,197.11680603027344,0.8610195517539978
2237,586,25469,51.24566650390625,787.7947998046875,354.4054870605469,299.146240234375,0.8296939134597778
2238,586,36637,646.036865234375,169.32066345214844,170.1181640625,249.54786682128906,0.8277005553245544
2239,586,3483,574.7929077148438,811.6790771484375,280.944580078125,193.70263671875,0.8037499189376831
2240,587,28763,615.0338134765625,858.4815673828125,222.802001953125,213.4949951171875,0.9152467250823975
2241,587,3483,124.9090576171875,270.9600830078125,273.36602783203125,189.5648193359375,0.8519768118858337
2242,587,25469,575.2259521484375,188.70352172851562,328.130126953125,283.143310546875,0.7740508913993835
2243,587,36637,131.09613037109375,829.27880859375,180.30453491210938,263.6895751953125,0.7617977857589722
2244,588,36637,674.9305419921875,171.52423095703125,175.119873046875,255.258544921875,0.8574890494346619
2245,588,28763,162.78631591796875,205.7297821044922,213.991455078125,202.89308166503906,0.8310261368751526
2246,588,25469,87.66387939453125,830.9210205078125,344.8062744140625,301.451904296875,0.8260632753372192
2247,588,3483,602.468017578125,845.0435791015625,277.9443359375,188.363525390625,0.8114376664161682
2248,589,3483,601.5301513671875,867.269775390625,259.2642822265625,229.2689208984375,0.8514130115509033
2249,589,25367,25.2310791015625,110.97779846191406,356.38800048828125,496.51475524902344,0.8395969867706299
2250,589,19861,126.53582763671875,865.7935791015625,221.5487060546875,167.3046875,0.7853354811668396
2251,589,16262,636.931884765625,176.6204833984375,246.7586669921875,232.48809814453125,0.7236248254776001
2252,591,3483,151.43942260742188,219.062255859375,247.524658203125,221.9105224609375,0.8611587882041931
2253,591,25367,626.7955322265625,643.414306640625,349.2044677734375,508.7772216796875,0.8310979008674622
2254,591,16262,100.18318939208984,850.060546875,248.86798858642578,242.4925537109375,0.7352540493011475
2255,591,19861,637.6337890625,277.5710144042969,221.53076171875,169.78973388671875,0.5991013050079346
2256,592,28763,649.66552734375,901.708740234375,223.0316162109375,213.481689453125,0.9347009062767029
2257,592,3483,152.848876953125,217.6324005126953,248.1435546875,221.74375915527344,0.8574219346046448
2258,592,29667,117.9041976928711,842.8106689453125,232.27826690673828,227.465087890625,0.8057785034179688
2259,592,19861,639.733642578125,277.30120849609375,221.689453125,169.85870361328125,0.575355052947998
2260,593,28763,114.67024993896484,160.06658935546875,207.46381378173828,197.40179443359375,0.9302572011947632
2261,593,3483,571.7984619140625,838.736572265625,261.2122802734375,229.4775390625,0.8584517240524292
2262,593,19861,90.22964477539062,825.7177124023438,226.02679443359375,176.8438720703125,0.8018821477890015
2263,593,29667,610.4025268554688,193.8441925048828,220.71630859375,213.58653259277344,0.7582998275756836
2264,594,28763,129.03836059570312,165.87857055664062,213.01910400390625,201.08184814453125,0.9332894682884216
2265,594,3483,598.5859375,867.4072265625,260.4466552734375,230.546142578125,0.851210355758667
2266,594,29667,637.4570922851562,199.6317138671875,226.88134765625,215.0572509765625,0.8152457475662231
2267,594,19861,124.8671875,865.671630859375,221.40701293945312,167.367919921875,0.78707355260849
2268,595,3351,398.46527099609375,866.44384765625,190.4461669921875,193.1080322265625,0.8312658667564392
2269,595,16232,650.79638671875,289.92034912109375,190.896240234375,188.650634765625,0.7184491753578186
2270,595,32310,109.37725830078125,216.651123046875,253.6265869140625,341.71002197265625,0.39775311946868896
2271,596,3351,351.17413330078125,162.21014404296875,180.6416015625,185.46820068359375,0.831525981426239
2272,596,32310,575.197998046875,614.7491455078125,270.353271484375,371.7408447265625,0.6674718260765076
2273,596,16232,80.42298126220703,734.6549682617188,198.71880340576172,197.298095703125,0.5784270167350769
2274,598,33880,549.509521484375,193.6876220703125,307.005859375,419.562744140625,0.9387151002883911
2275,598,3351,402.90472412109375,874.754150390625,189.79486083984375,191.067138671875,0.8207665085792542
2276,598,36637,173.66229248046875,331.99212646484375,181.6875,253.54620361328125,0.7892215847969055
2277,60,35206,109.023193359375,773.4599609375,302.0858154296875,392.112060546875,0.9085652828216553
2278,60,3483,151.44830322265625,219.1015625,247.24322509765625,221.97637939453125,0.8579996228218079
2279,60,34597,548.19091796875,690.5445556640625,408.9296875,487.539306640625,0.8323665857315063
2280,60,19861,637.78564453125,277.58746337890625,221.6859130859375,169.66748046875,0.6056653261184692
2281,600,33880,112.1087646484375,684.429931640625,311.83465576171875,433.853759765625,0.8903523683547974
2282,600,3351,387.60406494140625,226.41705322265625,183.06854248046875,180.96209716796875,0.8452790975570679
2283,600,36637,624.752685546875,720.3876342773438,182.845458984375,259.16455078125,0.8227158188819885
2284,601,27733,566.47216796875,262.91815185546875,296.697021484375,265.7869873046875,0.9286425113677979
2285,601,3483,124.390380859375,306.18341064453125,271.74542236328125,199.4215087890625,0.8679288029670715
2286,601,31885,502.2091369628906,636.699462890625,455.2638854980469,479.8641357421875,0.8525708317756653
2287,601,16262,152.49034118652344,803.9442138671875,250.54432678222656,241.179443359375,0.8048285245895386
2288,602,31885,37.863037109375,109.94775390625,441.85845947265625,464.9871826171875,0.9017452597618103
2289,602,27733,88.2867431640625,728.9058837890625,319.132080078125,277.705078125,0.8658576607704163
2290,602,3483,579.6742553710938,759.01806640625,274.718994140625,208.170654296875,0.8414484858512878
2291,602,16262,563.1578979492188,216.80711364746094,238.0816650390625,229.05250549316406,0.8007975816726685
2292,603,31885,51.64039611816406,134.9128875732422,459.79026794433594,466.79530334472656,0.913048267364502
2293,603,3483,608.091552734375,790.35791015625,274.6512451171875,210.28759765625,0.8237326741218567
2294,603,27733,122.93635559082031,770.70458984375,315.79246520996094,272.595458984375,0.8079444169998169
2295,603,16262,590.3380126953125,225.5636749267578,243.654052734375,231.57884216308594,0.7552474141120911
2296,605,36637,643.8665771484375,206.88124084472656,188.85498046875,248.52732849121094,0.8912227153778076
2297,605,28763,146.94052124023438,248.96261596679688,212.4664306640625,203.19488525390625,0.8896653056144714
2298,605,3483,588.1057739257812,845.11328125,285.0322265625,166.245849609375,0.7959060668945312
2299,605,27653,95.8572769165039,853.710205078125,221.81133270263672,206.5806884765625,0.7831203937530518
2300,608,29667,589.762939453125,721.484619140625,232.878662109375,233.651611328125,0.899206280708313
2301,608,33880,49.354339599609375,608.7054443359375,315.8154602050781,444.73974609375,0.8877620100975037
2302,608,3351,339.76214599609375,191.171630859375,184.9705810546875,189.06280517578125,0.837146520614624
2303,610,34597,0.0,103.4925537109375,394.0357666015625,446.23602294921875,0.8574497103691101
2304,610,3483,561.1917724609375,811.8267822265625,284.718994140625,175.1187744140625,0.8232185244560242
2305,610,16232,620.0328369140625,222.02073669433594,187.979248046875,182.81202697753906,0.8186191320419312
2306,610,27653,60.130462646484375,810.204833984375,225.47720336914062,211.181640625,0.8177588582038879
2307,611,34597,582.7113037109375,655.8553466796875,393.2886962890625,461.41796875,0.8483595252037048
2308,611,27653,669.1041870117188,256.28631591796875,223.757080078125,199.44677734375,0.8332029581069946
2309,611,3483,131.6497802734375,287.303466796875,277.15533447265625,175.9197998046875,0.819216787815094
2310,611,16232,142.04708862304688,846.0770263671875,196.92758178710938,192.841552734375,0.813888430595398
2311,612,34597,0.0,139.68670654296875,417.5097351074219,437.32550048828125,0.8646814227104187
2312,612,16232,648.0658569335938,230.9676055908203,192.869140625,181.28782653808594,0.8166025876998901
2313,612,3483,587.9632568359375,845.5137939453125,283.3406982421875,166.459228515625,0.8039777874946594
2314,612,27653,94.67971801757812,852.352783203125,221.39920043945312,206.478515625,0.7673595547676086
2315,614,19232,164.67831420898438,651.2593994140625,241.91259765625,357.67822265625,0.8975834846496582
2316,614,22074,634.11669921875,726.2188720703125,188.345947265625,192.760498046875,0.8950488567352295
2317,614,3351,347.51617431640625,152.26934814453125,183.43914794921875,189.76123046875,0.8367936015129089
2318,615,19232,207.7187042236328,753.3048095703125,239.38914489746094,355.522705078125,0.912670373916626
2319,615,22074,672.4135131835938,820.4290771484375,186.5894775390625,185.82666015625,0.8858630061149597
2320,615,3351,389.4046630859375,213.16104125976562,183.4332275390625,181.0584716796875,0.8356502056121826
2321,616,3483,151.96307373046875,219.21070861816406,246.684814453125,220.80870056152344,0.859306275844574
2322,616,16232,143.80520629882812,900.362548828125,195.88555908203125,190.998046875,0.831335723400116
2323,616,28763,630.695556640625,887.6348876953125,221.730712890625,213.014892578125,0.816490113735199
2324,616,19861,637.7923583984375,277.31878662109375,221.1865234375,169.627197265625,0.5897254347801208
2325,617,28763,148.88009643554688,178.603759765625,212.5430908203125,201.5938720703125,0.892033576965332
2326,617,3483,601.274658203125,866.4537353515625,260.06494140625,230.6490478515625,0.8490034937858582
2327,617,19861,126.42181396484375,865.3377685546875,221.647216796875,167.7718505859375,0.7741483449935913
2328,617,16232,645.629150390625,174.6970977783203,192.45068359375,186.87779235839844,0.7389677166938782
2329,618,28763,130.76998901367188,172.396240234375,209.19583129882812,196.9842529296875,0.9130859971046448
2330,618,3483,573.217529296875,837.541748046875,261.9412841796875,229.7412109375,0.8584493398666382
2331,618,19861,91.77149200439453,826.4097900390625,226.51848602294922,176.56201171875,0.8070001006126404
2332,618,16232,617.739990234375,172.5692138671875,186.2357177734375,180.98724365234375,0.6947694420814514
2333,62,18147,89.15374755859375,546.7020263671875,290.5047912597656,421.228759765625,0.9596513509750366
2334,62,3351,326.22821044921875,155.14794921875,185.5274658203125,189.07537841796875,0.8348961472511292
2335,62,36637,542.853271484375,650.3321533203125,206.050048828125,254.0654296875,0.7328822016716003
2336,620,22362,81.38613891601562,77.19207763671875,254.11221313476562,388.55950927734375,0.8545712232589722
2337,620,5094,521.333740234375,150.86737060546875,269.874267578125,265.36761474609375,0.8320078253746033
2338,620,23223,547.2646484375,640.4649658203125,295.701904296875,506.711669921875,0.7578089237213135
2339,620,2483,82.53372192382812,642.0615234375,206.61270141601562,491.73974609375,0.6850550770759583
2340,621,22362,608.89599609375,778.978515625,253.6868896484375,408.14501953125,0.8467857837677002
2341,621,23223,91.39187622070312,67.428466796875,292.8179626464844,496.3125,0.8274454474449158
2342,621,2483,649.0357055664062,82.06282043457031,202.9053955078125,485.92491149902344,0.7725020051002502
2343,621,5094,135.85693359375,847.1268310546875,280.05682373046875,275.4327392578125,0.6992710828781128
2344,622,41768,129.88687133789062,294.09539794921875,261.0943603515625,291.99151611328125,0.9457105994224548
2345,622,22074,612.5423583984375,289.486083984375,187.3787841796875,188.67877197265625,0.8766785860061646
2346,622,3351,396.1815185546875,888.7711181640625,190.480712890625,192.711669921875,0.8120750188827515
2347,623,22074,125.56704711914062,746.4910888671875,191.432861328125,195.042236328125,0.8713598847389221
2348,623,3351,351.62060546875,147.29867553710938,185.3436279296875,190.73822021484375,0.8164243698120117
2349,623,41768,554.6451416015625,629.3087158203125,272.899169921875,309.57470703125,0.6287538409233093
2350,624,22074,169.90481567382812,839.69287109375,187.2965087890625,184.8662109375,0.8803744316101074
2351,624,3351,393.48028564453125,207.17076110839844,185.38409423828125,184.89881896972656,0.8308632373809814
2352,624,41768,595.8189697265625,718.3245849609375,265.915283203125,311.425048828125,0.4863449037075043
2353,625,27733,566.2423095703125,263.366943359375,296.77197265625,264.6571044921875,0.9303464889526367
2354,625,30308,501.123291015625,698.599365234375,421.1689453125,401.2266845703125,0.879465639591217
2355,625,3483,124.1702880859375,306.03515625,271.8353271484375,200.02154541015625,0.8687539100646973
2356,625,16262,152.15798950195312,804.025634765625,250.11029052734375,241.513916015625,0.7985092997550964
2357,627,27733,87.78421020507812,727.593505859375,318.67425537109375,279.73095703125,0.8648059368133545
2358,627,3483,579.0672607421875,759.5225830078125,275.257568359375,208.000244140625,0.8459928631782532
2359,627,30308,71.56117248535156,148.81297302246094,406.26573181152344,378.59303283691406,0.8454511165618896
2360,627,16262,562.5401611328125,216.3771514892578,239.0078125,229.11228942871094,0.8146949410438538
2361,628,27733,566.4913330078125,262.95843505859375,296.775390625,264.66943359375,0.9307626485824585
2362,628,22347,676.4666748046875,851.1365966796875,215.5751953125,208.64794921875,0.872279942035675
2363,628,3483,124.08041381835938,305.5411376953125,272.4659423828125,199.8438720703125,0.8703370690345764
2364,628,16232,141.40664672851562,892.3345947265625,196.46273803710938,193.6446533203125,0.8610106706619263
2365,632,5886,119.31446075439453,81.59857177734375,230.87541961669922,481.18695068359375,0.8414061665534973
2366,632,23223,503.3341064453125,610.79248046875,294.6939697265625,501.544921875,0.819677472114563
2367,632,2483,64.59027099609375,661.34228515625,215.1881103515625,491.1558837890625,0.8028340935707092
2368,632,25438,551.7178955078125,180.49070739746094,246.2899169921875,253.15541076660156,0.7631886601448059
2369,633,23223,136.51528930664062,140.9395751953125,292.55029296875,488.7086181640625,0.8487954139709473
2370,633,5886,601.5460815429688,674.126708984375,249.1630859375,512.50927734375,0.830496072769165
2371,633,25438,129.16683959960938,847.97119140625,264.54071044921875,267.425537109375,0.7738368511199951
2372,633,2483,651.37890625,97.20526123046875,203.214111328125,472.36260986328125,0.7482891082763672
2373,635,33878,617.874267578125,793.48681640625,167.419189453125,218.87060546875,0.9814327359199524
2374,635,16548,69.27802276611328,751.5935668945312,240.09642791748047,233.2579345703125,0.9205865263938904
2375,635,4543,612.5673828125,153.48886108398438,203.114501953125,198.2127685546875,0.768061101436615
2376,635,3544,181.99453735351562,198.24957275390625,203.3533935546875,197.75299072265625,0.6470537185668945
2377,636,33878,191.09120178222656,257.8985595703125,162.07188415527344,211.3941650390625,0.955116868019104
2378,636,4543,133.86209106445312,903.42431640625,212.6514892578125,212.21044921875,0.8368757367134094
2379,636,3544,583.17822265625,859.21533203125,215.4609375,212.2369384765625,0.7581759691238403
2380,636,16548,653.1337890625,278.92572021484375,230.566162109375,224.17431640625,0.4326363801956177
2381,637,5886,611.39453125,688.0244140625,240.359619140625,521.29052734375,0.8708667159080505
2382,637,2483,597.8711547851562,112.94952392578125,288.63232421875,445.4129638671875,0.7314394116401672
2383,637,3743,73.57147216796875,812.7232666015625,332.84075927734375,329.97216796875,0.6870337724685669
2384,638,5886,599.048583984375,689.1510009765625,246.721435546875,501.8270263671875,0.8912639021873474
2385,638,3743,73.39584350585938,800.4539794921875,327.8888854980469,318.889892578125,0.7554405927658081
2386,638,2483,613.7852172851562,77.9442138671875,275.1103515625,455.056884765625,0.7096055150032043
2387,64,29667,154.3720245361328,277.3304443359375,230.29344177246094,224.0870361328125,0.8839224576950073
2388,64,20014,595.8828125,266.8621826171875,337.189697265625,319.20257568359375,0.8409963250160217
2389,64,3351,397.07635498046875,886.4669189453125,190.0406494140625,192.261962890625,0.8230809569358826
2390,640,3832,489.5334167480469,285.6224365234375,399.9114074707031,335.77777099609375,0.9778019785881042
2391,640,3351,405.9029541015625,917.129150390625,189.7708740234375,193.22705078125,0.8300380110740662
2392,640,3351,96.47502899169922,298.284912109375,228.42975616455078,223.0712890625,0.6298292875289917
2393,641,3832,40.623016357421875,580.20654296875,408.39117431640625,346.388671875,0.8975209593772888
2394,641,3351,342.53509521484375,124.0017318725586,182.98687744140625,187.22620391845703,0.8297287225723267
2395,641,20238,618.823486328125,707.88037109375,232.065185546875,230.00146484375,0.650133490562439
2396,644,6192,509.24462890625,612.4326171875,269.056884765625,533.0858154296875,0.8668251037597656
2397,644,3743,485.12939453125,119.53375244140625,315.230712890625,306.25390625,0.7891440987586975
2398,644,13395,70.46720123291016,84.496337890625,237.68633270263672,482.306640625,0.7848034501075745
2399,644,2483,59.256622314453125,651.19921875,211.23297119140625,487.004150390625,0.7516082525253296
2400,646,36637,129.72628784179688,827.701171875,191.28546142578125,256.71826171875,0.8805415630340576
2401,646,3483,173.21275329589844,275.79412841796875,261.97999572753906,218.5098876953125,0.8528795838356018
2402,646,27777,638.6827392578125,293.72857666015625,175.117919921875,195.2135009765625,0.8509638905525208
2403,646,34597,401.4676513671875,630.28564453125,459.51708984375,435.34423828125,0.7873125076293945
2404,647,36637,664.871826171875,180.02044677734375,186.2513427734375,247.6961669921875,0.8979194760322571
2405,647,27777,177.77430725097656,811.6597900390625,175.69932556152344,199.5433349609375,0.8538132905960083
2406,647,3483,566.3978271484375,812.6285400390625,264.5107421875,219.283447265625,0.8285337090492249
2407,647,34597,147.57130432128906,192.9432830810547,449.57505798339844,411.17274475097656,0.805118978023529
2408,648,36637,635.5225830078125,176.34921264648438,181.98046875,244.92742919921875,0.8919597864151001
2409,648,27777,145.22564697265625,775.1285400390625,180.24752807617188,205.640869140625,0.8635072112083435
2410,648,3483,538.3189697265625,777.382568359375,266.67724609375,225.9766845703125,0.8429468870162964
2411,648,34597,127.39825439453125,158.484130859375,442.79693603515625,421.62701416015625,0.7604050636291504
2412,65,29667,558.9314575195312,727.6861572265625,233.7364501953125,233.370361328125,0.8664531111717224
2413,65,3351,350.88055419921875,152.45867919921875,184.638916015625,188.82745361328125,0.8305342793464661
2414,65,20014,0.0,632.013671875,341.9522705078125,344.367919921875,0.7938311100006104
2415,650,3351,368.66644287109375,175.474609375,181.63818359375,186.93017578125,0.8270055651664734
2416,650,36637,562.0767822265625,822.0598754882812,273.121826171875,167.612060546875,0.8197235465049744
2417,650,32310,0.0,707.2733154296875,313.163330078125,312.14599609375,0.36933019757270813
2418,652,24850,117.45442199707031,842.9374389648438,298.33018493652344,169.739013671875,0.8310160040855408
2419,652,1900,126.29522705078125,258.393310546875,195.99554443359375,149.154541015625,0.8150026798248291
2420,652,31705,599.8648681640625,693.438720703125,254.659423828125,457.014404296875,0.7564710974693298
2421,652,16551,565.4114990234375,66.390380859375,288.814208984375,460.89501953125,0.6871957182884216
2422,653,16551,92.10992431640625,691.77978515625,312.06890869140625,489.686279296875,0.8411691188812256
2423,653,24850,548.564208984375,266.53228759765625,289.2337646484375,164.4775390625,0.797614574432373
2424,653,31705,129.30514526367188,127.08306884765625,244.39166259765625,424.7127685546875,0.733730673789978
2425,653,1900,645.5289306640625,856.488525390625,211.403564453125,158.115234375,0.7212992906570435
2426,654,24850,152.0706787109375,880.40234375,294.297607421875,162.87548828125,0.8255146145820618
2427,654,1900,143.4442138671875,267.54302978515625,200.96539306640625,148.01092529296875,0.8224208354949951
2428,654,31705,628.285400390625,729.1778564453125,246.484375,452.18359375,0.7902554273605347
2429,654,16551,592.1812744140625,76.28936767578125,296.12060546875,475.85748291015625,0.7096458077430725
2430,656,6563,189.0053253173828,707.636962890625,217.74449157714844,361.6239013671875,0.8653016686439514
2431,656,16551,539.8360595703125,182.8507080078125,416.8985595703125,384.2340087890625,0.8011283278465271
2432,656,3544,149.2152557373047,189.70166015625,209.68568420410156,202.55609130859375,0.7511736154556274
2433,656,33878,628.83154296875,853.162841796875,223.959228515625,135.104736328125,0.6145819425582886
2434,658,29451,498.1221618652344,821.7132568359375,397.8594055175781,267.6455078125,0.9541177749633789
2435,658,16551,632.6474609375,9.469635009765625,286.98779296875,486.6501770019531,0.8444226980209351
2436,658,18110,78.800537109375,788.794677734375,305.0367431640625,290.2222900390625,0.7862902879714966
2437,658,1900,167.9729461669922,246.19546508789062,182.88697814941406,181.0452880859375,0.6577284336090088
2438,659,29451,462.6875915527344,785.1263427734375,408.3894348144531,272.072021484375,0.9722985625267029
2439,659,16551,603.9619140625,9.160552978515625,278.8585205078125,465.693115234375,0.8756216764450073
2440,659,18110,43.555419921875,747.5721435546875,310.0240478515625,299.5748291015625,0.7522724866867065
2441,659,1900,148.53948974609375,239.712646484375,183.05718994140625,180.18292236328125,0.7353097200393677
2442,66,29667,598.3850708007812,818.23828125,231.0755615234375,225.764404296875,0.8769898414611816
2443,66,3351,393.3892822265625,210.71299743652344,183.7763671875,184.26576232910156,0.8339501023292542
2444,66,20014,33.4990234375,718.08740234375,347.61224365234375,339.620849609375,0.826902449131012
2445,660,29451,117.1517333984375,217.2374725341797,388.58221435546875,260.34693908691406,0.9735901951789856
2446,660,18110,610.8778076171875,225.79986572265625,303.047607421875,288.64093017578125,0.8551766276359558
2447,660,1900,643.0955810546875,846.7613525390625,189.412353515625,188.6690673828125,0.7268571257591248
2448,660,16551,62.78997802734375,744.90380859375,294.9710693359375,501.7242431640625,0.6706912517547607
2449,661,31863,179.1107177734375,302.84344482421875,207.0574951171875,206.32550048828125,0.9422098994255066
2450,661,3351,377.3079833984375,877.916259765625,190.8778076171875,191.012451171875,0.8242683410644531
2451,661,16232,687.5758056640625,293.73162841796875,191.364990234375,188.4940185546875,0.4133550822734833
2452,662,3351,370.054443359375,160.57049560546875,185.1485595703125,188.4703369140625,0.8344430923461914
2453,662,31863,555.7373046875,725.0810546875,209.670654296875,211.953125,0.8219724893569946
2454,662,16232,42.90763854980469,746.5042724609375,196.39813232421875,190.9208984375,0.7292647361755371
2455,664,28763,630.698486328125,874.504638671875,222.535400390625,212.800048828125,0.8785592913627625
2456,664,3483,140.99533081054688,292.33367919921875,211.4703369140625,257.44000244140625,0.8560906648635864
2457,664,20877,542.640869140625,293.90771484375,329.84228515625,233.15618896484375,0.8548669219017029
2458,664,36637,166.9220733642578,799.3260498046875,187.92320251464844,257.200439453125,0.8093071579933167
2459,665,20877,86.07077026367188,725.2242431640625,331.55633544921875,242.1260986328125,0.9066172242164612
2460,665,28763,130.13003540039062,183.7913818359375,208.99545288085938,199.92559814453125,0.8951368927955627
2461,665,36637,604.184326171875,202.9070281982422,180.496826171875,246.81446838378906,0.8801871538162231
2462,665,3483,625.5021362304688,716.3177490234375,208.0640869140625,272.6044921875,0.8534587025642395
2463,667,25438,121.74308776855469,820.7061767578125,256.00807189941406,255.7972412109375,0.7857189178466797
2464,667,2483,580.2193603515625,114.0638427734375,293.77099609375,448.61126708984375,0.7769408226013184
2465,667,22627,24.577407836914062,151.4639892578125,481.85850524902344,272.54656982421875,0.7530032992362976
2466,667,12081,646.2369384765625,700.6492919921875,241.870361328125,449.5128173828125,0.7372470498085022
2467,668,25438,556.85400390625,196.80404663085938,247.244140625,250.4736328125,0.7705137133598328
2468,668,2483,70.08074951171875,651.48193359375,299.37762451171875,451.484375,0.7448537945747375
2469,668,12081,65.88998413085938,116.26202392578125,228.46688842773438,427.42578125,0.6810072660446167
2470,668,22627,436.23870849609375,781.529541015625,488.7247314453125,292.765380859375,0.6498658061027527
2471,670,35206,135.1142120361328,724.112060546875,245.87205505371094,416.5462646484375,0.9294394850730896
2472,670,22347,681.70263671875,847.856689453125,215.1708984375,207.302978515625,0.8787421584129333
2473,670,3483,124.09909057617188,270.81134033203125,273.79901123046875,190.60479736328125,0.8486908674240112
2474,670,25469,574.9512939453125,188.10565185546875,327.9361572265625,284.20880126953125,0.7782749533653259
2475,672,35206,611.6217651367188,119.040283203125,231.175048828125,400.53814697265625,0.9491859078407288
2476,672,22347,104.62863159179688,224.65769958496094,206.99755859375,197.66285705566406,0.8329317569732666
2477,672,25469,88.40185546875,830.5035400390625,345.0517578125,301.7386474609375,0.8293969035148621
2478,672,3483,602.520263671875,844.7119140625,278.626220703125,187.754638671875,0.8141914010047913
2479,674,27926,600.1341552734375,154.46546936035156,255.96435546875,456.24559020996094,0.8941256403923035
2480,674,16548,152.6328125,890.1981201171875,242.75238037109375,240.4534912109375,0.8466575741767883
2481,674,1900,632.08251953125,894.3055419921875,210.971435546875,132.895751953125,0.7357191443443298
2482,674,44199,137.25453186035156,294.16143798828125,283.24559020996094,146.2545166015625,0.40866246819496155
2483,675,44199,550.8212890625,833.1097412109375,292.5166015625,146.1556396484375,0.9614630341529846
2484,675,16548,565.8984375,134.51602172851562,230.9189453125,224.92221069335938,0.9149317145347595
2485,675,1900,139.64688110351562,240.042724609375,199.00033569335938,130.1279296875,0.785508394241333
2486,675,27926,97.36602783203125,614.067138671875,270.5316162109375,484.4931640625,0.7282534837722778
2487,677,27926,571.1298828125,626.0750732421875,259.974609375,491.601806640625,0.80671226978302
2488,677,18110,15.885467529296875,692.5692138671875,310.31195068359375,298.57275390625,0.7823141813278198
2489,677,1900,141.05648803710938,240.31027221679688,198.36663818359375,129.05853271484375,0.7753217220306396
2490,677,16551,615.2803955078125,15.554443359375,302.70068359375,451.8905029296875,0.6793525815010071
2491,679,5094,105.3837890625,811.88916015625,286.07244873046875,286.162353515625,0.8555467128753662
2492,679,4378,598.7705078125,700.4486083984375,224.796630859375,471.069580078125,0.853418231010437
2493,679,2483,610.3125,82.33970642089844,212.3319091796875,476.78004455566406,0.8210091590881348
2494,679,22627,132.47744750976562,162.1867218017578,337.405029296875,468.33103942871094,0.7805303335189819
2495,68,27777,638.386474609375,293.23175048828125,174.3436279296875,195.1170654296875,0.8623672723770142
2496,68,3483,171.72119140625,275.98358154296875,262.50701904296875,218.62744140625,0.8493471145629883
2497,68,30308,509.7344970703125,770.0269775390625,448.02099609375,370.6171875,0.845321536064148
2498,68,16232,152.62925720214844,827.59375,191.72901916503906,193.000732421875,0.8207477927207947
2499,680,4378,142.12445068359375,109.53715515136719,209.90509033203125,434.60096740722656,0.8509413599967957
2500,680,5094,551.955322265625,192.20126342773438,272.1417236328125,268.00311279296875,0.8239838480949402
2501,680,22627,475.0764465332031,607.0792236328125,335.9257507324219,467.0140380859375,0.7133251428604126
2502,680,2483,82.89266967773438,676.6353759765625,241.76882934570312,483.181884765625,0.6920008659362793
2503,681,5094,103.41641235351562,800.659912109375,280.53814697265625,274.511474609375,0.8048636317253113
2504,681,4378,592.44091796875,696.8167724609375,213.790771484375,455.968505859375,0.7935284376144409
2505,681,2483,612.6529541015625,50.3936767578125,228.86669921875,484.0919189453125,0.7806610465049744
2506,681,22627,130.54779052734375,133.4105224609375,338.72222900390625,463.9635009765625,0.7528109550476074
2507,684,29345,576.6514892578125,718.119873046875,327.101318359375,423.9447021484375,0.8268786668777466
2508,684,18110,79.09371948242188,763.5975341796875,305.9541931152344,289.16162109375,0.791188657283783
2509,684,1900,180.53482055664062,266.9180908203125,131.48544311523438,200.28045654296875,0.7770963907241821
2510,684,16551,528.0311279296875,86.60685729980469,367.25634765625,435.96961975097656,0.7007928490638733
2511,685,25438,118.63220977783203,819.4927978515625,255.84581756591797,255.111328125,0.7939728498458862
2512,685,2483,582.18994140625,116.63397216796875,291.4073486328125,448.37152099609375,0.7632525563240051
2513,685,12081,643.7554931640625,702.845947265625,241.57373046875,449.742919921875,0.6918766498565674
2514,685,6192,98.58816528320312,13.83123779296875,294.98272705078125,521.2743530273438,0.5909634232521057
2515,688,27733,87.940673828125,727.6439819335938,318.84112548828125,279.25341796875,0.8633204698562622
2516,688,3483,579.9173583984375,758.7041015625,274.33740234375,209.1268310546875,0.8459851145744324
2517,688,34597,101.46403503417969,186.82049560546875,458.45411682128906,399.509033203125,0.7921414375305176
2518,688,20238,614.9007568359375,186.22946166992188,221.22314453125,214.64862060546875,0.6901817321777344
2519,692,22347,658.0032958984375,837.401611328125,213.8583984375,207.6387939453125,0.8807381391525269
2520,692,35206,108.74874877929688,685.6160888671875,199.2320556640625,419.84375,0.8782448768615723
2521,692,27653,670.86865234375,255.95843505859375,221.5201416015625,198.88824462890625,0.832531213760376
2522,692,3483,130.70672607421875,287.6199951171875,277.88739013671875,174.984130859375,0.8187190890312195
2523,694,19232,504.41845703125,237.8988494873047,327.141845703125,256.82167053222656,0.936210572719574
2524,694,35206,158.37823486328125,274.070556640625,257.8134765625,389.96600341796875,0.8548827767372131
2525,694,3351,403.252685546875,850.4154052734375,188.150146484375,190.883544921875,0.8114727139472961
2526,697,38162,138.963623046875,261.0731201171875,226.55999755859375,263.6348876953125,0.9388272166252136
2527,697,3351,402.970947265625,854.53564453125,189.2913818359375,193.20703125,0.8245254158973694
2528,697,18357,600.0799560546875,203.37001037597656,245.436279296875,342.85032653808594,0.6866198778152466
2529,698,38162,572.3720703125,677.8770141601562,241.69287109375,282.5369873046875,0.88205486536026
2530,698,3351,347.04766845703125,173.67108154296875,180.09814453125,185.62933349609375,0.83155757188797
2531,698,18357,77.26824951171875,628.7816162109375,253.34112548828125,376.00537109375,0.49847841262817383
2532,70,29451,46.599365234375,231.91978454589844,402.9066162109375,229.26673889160156,0.9189490675926208
2533,70,1900,631.9867553710938,900.6529541015625,211.6273193359375,153.189697265625,0.7731486558914185
2534,70,24850,645.13671875,259.09722900390625,192.80126953125,266.97308349609375,0.7692991495132446
2535,70,16551,46.69085693359375,712.53173828125,300.22662353515625,495.39013671875,0.6655341386795044
2536,700,30308,72.17781066894531,131.24549865722656,384.77146911621094,395.01927185058594,0.9061890244483948
2537,700,3483,573.2364501953125,837.3084716796875,262.103271484375,229.9090576171875,0.8578307032585144
2538,700,19861,91.97323608398438,826.2913818359375,226.24746704101562,176.709716796875,0.8039729595184326
2539,700,16232,617.5014038085938,172.96731567382812,185.8770751953125,181.42327880859375,0.5918112397193909
2540,701,30308,87.39637756347656,147.21026611328125,398.89268493652344,406.600830078125,0.8852967619895935
2541,701,3483,601.0390625,866.72314453125,259.9959716796875,229.400146484375,0.8503261804580688
2542,701,19861,126.621826171875,865.046630859375,221.44528198242188,167.97900390625,0.7731006145477295
2543,701,16232,645.613037109375,175.289794921875,191.541015625,186.5452880859375,0.7083967924118042
2544,702,30308,515.4176025390625,695.1317138671875,404.7113037109375,416.7032470703125,0.8946100473403931
2545,702,3483,151.0616455078125,219.14073181152344,247.390380859375,221.40785217285156,0.8591496348381042
2546,702,16232,144.20257568359375,900.22314453125,195.837158203125,191.050048828125,0.8251457214355469
2547,702,19861,637.5140380859375,277.53875732421875,221.8115234375,169.66748046875,0.6046483516693115
2548,705,3483,593.2901611328125,871.7547607421875,257.9071044921875,231.42626953125,0.8530166745185852
2549,705,22347,120.56619262695312,200.54611206054688,207.8363037109375,197.48944091796875,0.8461045622825623
2550,705,29667,637.594482421875,204.40380859375,226.61865234375,215.38116455078125,0.8258729577064514
2551,705,19861,118.627197265625,864.525390625,222.53692626953125,167.965087890625,0.7798314690589905
2552,706,5886,604.1231689453125,680.23388671875,250.24755859375,510.0230712890625,0.8072420358657837
2553,706,5094,109.00320434570312,815.590576171875,285.95745849609375,286.103271484375,0.7801347374916077
2554,706,12778,70.26876831054688,112.32342529296875,348.6365661621094,494.99261474609375,0.7736586928367615
2555,706,2483,605.46630859375,88.2613525390625,265.19873046875,456.0201416015625,0.7575819492340088
2556,707,12778,534.1124877929688,630.46533203125,355.925048828125,490.360595703125,0.8933371305465698
2557,707,5094,548.6563720703125,186.9252471923828,271.852783203125,267.64756774902344,0.8425258994102478
2558,707,5886,114.88897705078125,82.013671875,234.39520263671875,479.4014892578125,0.8241083025932312
2559,707,2483,71.35071563720703,691.94482421875,253.82707977294922,468.068603515625,0.7381821870803833
2560,708,12778,65.75457763671875,85.37358093261719,348.6175537109375,484.71644592285156,0.8779184222221375
2561,708,5886,598.1070556640625,676.5732421875,235.517822265625,499.922119140625,0.8222454190254211
2562,708,2483,618.74951171875,52.78947448730469,252.25634765625,465.14332580566406,0.7429790496826172
2563,708,5094,107.71023559570312,805.1942138671875,280.25103759765625,274.448486328125,0.6984270811080933
2564,710,28763,157.76832580566406,234.22715759277344,208.88304138183594,199.53224182128906,0.8665552139282227
2565,710,27733,88.25779724121094,728.7789306640625,319.59608459472656,278.4041748046875,0.8643661737442017
2566,710,3483,579.4779052734375,759.242919921875,275.134765625,207.5185546875,0.8424896597862244
2567,710,16262,563.2214965820312,216.16629028320312,238.4493408203125,228.92828369140625,0.830093502998352
2568,712,12778,108.05670166015625,112.9300537109375,291.1318359375,533.232177734375,0.8871827125549316
2569,712,2483,626.79150390625,104.33357238769531,225.2235107421875,463.62413024902344,0.7824966311454773
2570,712,5094,135.09326171875,842.6346435546875,284.93902587890625,286.9287109375,0.746319591999054
2571,712,13395,639.560302734375,672.7930908203125,244.93994140625,515.4859619140625,0.7323573231697083
2572,713,12778,548.7479248046875,599.648681640625,283.586669921875,519.9215087890625,0.856532096862793
2573,713,5094,524.140625,162.84544372558594,269.837158203125,266.45558166503906,0.8003292679786682
2574,713,13395,77.82876586914062,81.02374267578125,234.20938110351562,484.94232177734375,0.7450319528579712
2575,713,2483,82.9775390625,658.876708984375,218.376708984375,489.2186279296875,0.6239711046218872
2576,714,12778,107.185546875,91.69635009765625,287.85888671875,516.036865234375,0.8510557413101196
2577,714,2483,640.710693359375,69.62901306152344,215.2962646484375,471.87696838378906,0.813161313533783
2578,714,5094,133.68145751953125,832.4254150390625,279.0283203125,276.4422607421875,0.7597887516021729
2579,714,13395,630.738037109375,673.078857421875,233.996337890625,499.7418212890625,0.7301767468452454
2580,716,19552,99.16595458984375,151.81494140625,320.2850341796875,476.7861328125,0.90867018699646
2581,716,2483,585.439208984375,108.40374755859375,234.4853515625,465.19085693359375,0.8052470684051514
2582,716,3743,119.836181640625,796.068359375,329.9825439453125,330.166015625,0.7453576326370239
2583,716,12081,611.0111083984375,715.3311767578125,242.5771484375,467.986572265625,0.6778621077537537
2584,717,19552,526.300537109375,609.70068359375,320.3912353515625,488.0185546875,0.9317057728767395
2585,717,3743,494.6938781738281,167.12149047851562,316.7502136230469,300.021728515625,0.7559084892272949
2586,717,2483,91.00106811523438,661.7371826171875,259.0086364746094,480.680908203125,0.7395736575126648
2587,717,12081,110.50591278076172,111.07366943359375,228.47272491455078,426.75860595703125,0.7080193758010864
2588,719,16548,554.0595703125,182.04312133789062,231.2054443359375,225.7530517578125,0.9477936625480652
2589,719,21771,91.71087646484375,809.6688232421875,193.947265625,190.229736328125,0.8711597323417664
2590,719,1900,124.173095703125,260.87335205078125,197.26849365234375,146.7088623046875,0.8211696147918701
2591,719,31705,605.5860595703125,689.7242431640625,253.907470703125,456.070068359375,0.7439184784889221
2592,72,29451,550.708740234375,840.7969970703125,411.8466796875,225.685546875,0.9363918900489807
2593,72,16551,643.1895751953125,45.79908752441406,290.43017578125,485.06968688964844,0.8409059047698975
2594,72,24850,150.7431182861328,773.20849609375,197.20518493652344,280.404052734375,0.7602933049201965
2595,72,1900,156.98875427246094,225.27841186523438,206.72877502441406,149.33941650390625,0.6839608550071716
2596,720,16548,165.61007690429688,840.6666259765625,242.45703125,239.8583984375,0.9022650122642517
2597,720,21771,674.6920776367188,285.9753112792969,187.471923828125,182.565673828125,0.8552365303039551
2598,720,31705,123.979736328125,132.81199645996094,247.72076416015625,423.16725158691406,0.7697271704673767
2599,720,1900,646.4923095703125,856.3839111328125,212.172119140625,156.9512939453125,0.7349262237548828
2600,721,35206,569.0294189453125,120.85711669921875,252.3690185546875,378.30035400390625,0.9210197329521179
2601,721,31885,66.70245361328125,162.82757568359375,450.3017578125,463.49603271484375,0.9039697647094727
2602,721,27733,89.05133056640625,728.4454345703125,319.13958740234375,278.32177734375,0.8587024807929993
2603,721,3483,580.05224609375,758.742431640625,274.8096923828125,207.309326171875,0.8405141830444336
2604,724,16548,106.43097686767578,735.5130615234375,238.32537078857422,233.164306640625,0.9453641176223755
2605,724,10221,578.4951171875,166.86065673828125,217.88671875,214.18463134765625,0.8038462400436401
2606,724,31705,573.529296875,673.294677734375,252.5135498046875,456.173095703125,0.7503000497817993
2607,724,3544,132.16653442382812,177.29368591308594,204.21914672851562,198.89344787597656,0.7334486842155457
2608,725,10221,152.82679748535156,873.6583251953125,228.26817321777344,227.7015380859375,0.8821135759353638
2609,725,3544,635.8023681640625,883.5618896484375,214.2747802734375,214.41259765625,0.7930980920791626
2610,725,31705,148.44415283203125,146.59747314453125,252.56744384765625,422.69561767578125,0.7537084221839905
2611,725,16548,618.7415161132812,301.21722412109375,230.4354248046875,226.00299072265625,0.7349815964698792
2612,726,16548,138.99935913085938,775.2669677734375,235.3145751953125,227.12890625,0.9468072652816772
2613,726,10221,605.358154296875,170.45225524902344,224.446533203125,216.37696838378906,0.7741371393203735
2614,726,31705,602.111083984375,711.9150390625,252.38818359375,448.78564453125,0.771083652973175
2615,726,3544,148.96200561523438,182.63621520996094,209.12530517578125,201.50892639160156,0.7621496915817261
2616,727,25469,11.60101318359375,811.70947265625,387.584716796875,223.0888671875,0.8401501178741455
2617,727,25367,35.47662353515625,154.411376953125,416.94927978515625,445.55426025390625,0.8383991122245789
2618,727,3483,575.1497802734375,811.1114501953125,280.530029296875,193.19384765625,0.807010293006897
2619,727,16232,601.7789916992188,213.66412353515625,185.868896484375,181.924072265625,0.750930905342102
2620,728,25367,51.61500549316406,176.24993896484375,426.30894470214844,449.14337158203125,0.8653096556663513
2621,728,25469,49.03155517578125,855.4661865234375,377.8926696777344,221.213134765625,0.8233017325401306
2622,728,16232,629.2772216796875,219.74530029296875,190.896728515625,187.66790771484375,0.8180161118507385
2623,728,3483,603.21044921875,844.6375732421875,277.99609375,187.5889892578125,0.8148546814918518
2624,73,12247,592.2989501953125,849.2083129882812,212.698974609375,127.8629150390625,0.9590335488319397
2625,73,6563,165.4000244140625,670.971435546875,219.35333251953125,366.94677734375,0.8305784463882446
2626,73,16551,524.4158935546875,74.8568115234375,351.927490234375,421.77783203125,0.7921322584152222
2627,73,3544,72.64190673828125,200.5670166015625,202.99798583984375,198.51116943359375,0.7829872369766235
2628,731,29871,603.5443115234375,772.411865234375,207.210693359375,223.1309814453125,0.9581425786018372
2629,731,16548,118.47787475585938,769.1023559570312,240.45074462890625,231.1650390625,0.8749114274978638
2630,731,4543,611.4776611328125,142.00332641601562,204.3614501953125,200.0223388671875,0.7854743003845215
2631,731,3544,101.52658081054688,160.2890167236328,203.82681274414062,199.00547790527344,0.6771129965782166
2632,732,29871,168.01829528808594,277.06378173828125,204.68568420410156,213.21685791015625,0.8813154101371765
2633,732,4543,133.6678466796875,916.47509765625,212.41864013671875,210.9521484375,0.8332469463348389
2634,732,3544,667.96484375,898.6922607421875,217.611083984375,214.3958740234375,0.7807967066764832
2635,732,16548,605.5533447265625,265.73773193359375,232.380126953125,221.71685791015625,0.47508639097213745
2636,738,44199,605.3203735351562,770.5557861328125,168.9339599609375,284.760986328125,0.8867899179458618
2637,738,31705,140.07977294921875,641.9010009765625,249.444580078125,456.977783203125,0.7792721390724182
2638,738,1900,89.05960845947266,258.3310546875,199.86583709716797,126.68701171875,0.7688672542572021
2639,738,16551,589.8797607421875,89.6973876953125,287.494140625,461.8685302734375,0.7078821659088135
2640,740,16548,120.91900634765625,805.107666015625,242.23858642578125,235.551025390625,0.8942707777023315
2641,740,1900,646.041259765625,829.3118896484375,169.299072265625,200.147705078125,0.7926712036132812
2642,740,31705,132.70150756835938,127.10784912109375,244.352294921875,424.8797607421875,0.7341505885124207
2643,740,19607,656.453125,273.0099182128906,156.007568359375,148.76202392578125,0.42647647857666016
2644,742,4378,77.95864868164062,99.645751953125,225.93450927734375,440.13055419921875,0.9057565331459045
2645,742,25438,569.234130859375,187.1546173095703,247.527099609375,254.14891052246094,0.7916719913482666
2646,742,6192,569.29296875,541.377197265625,279.8935546875,525.4051513671875,0.7106494903564453
2647,742,2483,85.4771728515625,674.6683349609375,241.2635498046875,470.379150390625,0.7014736533164978
2648,743,4378,641.1397705078125,701.55810546875,221.6871337890625,458.350341796875,0.88409423828125
2649,743,25438,110.39163208007812,829.8154296875,257.0538024902344,254.72216796875,0.7649305462837219
2650,743,2483,613.519287109375,69.19451904296875,239.66552734375,465.67041015625,0.7407234311103821
2651,743,6192,96.30667114257812,135.30078125,282.402587890625,528.8519287109375,0.6967796087265015
2652,745,3351,351.91033935546875,891.36767578125,191.864990234375,193.931640625,0.8284488320350647
2653,745,16262,663.2000732421875,270.09808349609375,240.19287109375,231.3414306640625,0.8272586464881897
2654,747,3351,436.8860778808594,192.85916137695312,184.12136840820312,182.93609619140625,0.8313866257667542
2655,747,16262,60.488006591796875,798.1380615234375,246.61404418945312,237.980712890625,0.8187925219535828
2656,747,32310,634.7536010742188,735.9898681640625,237.4315185546875,392.568115234375,0.6756011843681335
2657,75,12247,620.0067749023438,879.98291015625,209.181884765625,124.732666015625,0.9606714248657227
2658,75,16551,548.3076171875,80.66375732421875,369.875,437.13995361328125,0.8204594254493713
2659,75,6563,197.5673065185547,714.5064697265625,217.50111389160156,360.3472900390625,0.8177895545959473
2660,75,3544,88.05097198486328,208.92529296875,209.33525848388672,201.21856689453125,0.7185652852058411
2661,750,29345,587.15576171875,129.00611877441406,274.19677734375,413.09764099121094,0.9617793560028076
2662,750,44199,173.63677978515625,200.25360107421875,168.06365966796875,269.9373779296875,0.8405125141143799
2663,750,16548,147.68360900878906,789.5244140625,242.08836364746094,236.476318359375,0.7996286153793335
2664,750,1900,687.555908203125,805.63720703125,130.4110107421875,208.22412109375,0.7409757971763611
2665,752,16548,559.151123046875,136.8717041015625,230.084716796875,225.17636108398438,0.9469916224479675
2666,752,27993,549.0816650390625,776.93359375,309.649169921875,242.14404296875,0.9210166931152344
2667,752,6563,165.11659240722656,671.0919189453125,219.35862731933594,366.7032470703125,0.8334874510765076
2668,752,3544,91.7650146484375,197.05548095703125,204.7799072265625,198.13519287109375,0.7976841330528259
2669,754,3832,90.11993408203125,654.783203125,374.0372314453125,378.1141357421875,0.9688761234283447
2670,754,29667,626.7901611328125,760.67919921875,230.1708984375,222.8671875,0.8832308650016785
2671,754,3351,373.6011962890625,197.95159912109375,183.083984375,182.29351806640625,0.7959809303283691
2672,756,3832,515.7003173828125,255.40753173828125,370.773681640625,374.85015869140625,0.9836222529411316
2673,756,29667,125.6597900390625,318.46435546875,229.61480712890625,224.8563232421875,0.8601589202880859
2674,756,3351,417.4393310546875,889.388427734375,188.4044189453125,191.1678466796875,0.8202648162841797
2675,758,3483,154.2312469482422,218.1588897705078,246.46998596191406,222.06834411621094,0.867437481880188
2676,758,31885,561.4954223632812,656.6220703125,342.4744873046875,556.7813720703125,0.851632297039032
2677,758,36637,94.92864990234375,906.5941162109375,273.77911376953125,167.66796875,0.8235068321228027
2678,758,19861,639.540771484375,278.0457763671875,221.647216796875,169.8486328125,0.5598801970481873
2679,759,36637,590.9623413085938,195.26097106933594,259.8892822265625,153.74366760253906,0.8935767412185669
2680,759,31885,73.31884765625,30.31329345703125,332.24652099609375,531.7024536132812,0.8640838265419006
2681,759,3483,571.408447265625,837.5860595703125,261.678466796875,230.335693359375,0.8602437973022461
2682,759,19861,90.092041015625,825.4342041015625,226.16012573242188,177.136962890625,0.799869179725647
2683,760,29345,90.51779174804688,707.998291015625,291.5834045410156,445.697021484375,0.9596790075302124
2684,760,16548,581.0715942382812,202.07916259765625,233.5308837890625,226.5325927734375,0.9251588582992554
2685,760,33208,656.521240234375,805.269287109375,215.27880859375,203.396240234375,0.855160653591156
2686,760,1900,159.07034301757812,258.399658203125,128.46646118164062,198.98089599609375,0.7513774633407593
2687,761,29345,127.18746948242188,750.66357421875,283.96612548828125,437.70947265625,0.9598312973976135
2688,761,16548,608.70068359375,212.15606689453125,239.496826171875,224.95025634765625,0.9387373924255371
2689,761,33208,683.7689208984375,836.310302734375,210.641357421875,199.003662109375,0.8569772243499756
2690,761,1900,178.2911376953125,268.9320068359375,130.377685546875,199.7467041015625,0.7845224142074585
2691,763,27733,566.5355224609375,263.501953125,296.3515625,266.0675048828125,0.9300920367240906
2692,763,3483,124.36575317382812,306.62774658203125,271.73541259765625,199.1341552734375,0.8658586144447327
2693,763,31885,501.621337890625,640.4447021484375,455.17431640625,479.663818359375,0.8414232134819031
2694,763,20238,114.47500610351562,855.0909423828125,230.95382690429688,226.032470703125,0.7205438017845154
2695,764,31885,50.12518310546875,133.8480682373047,462.38824462890625,465.09388732910156,0.9101645350456238
2696,764,27733,123.13841247558594,770.982421875,315.48719787597656,272.7908935546875,0.8333244323730469
2697,764,3483,608.1197509765625,790.4580078125,274.568603515625,210.5391845703125,0.8213987946510315
2698,764,20238,642.9863891601562,190.58506774902344,228.0535888671875,217.24879455566406,0.7505850791931152
2699,766,34597,568.2657470703125,733.7955322265625,407.7342529296875,469.7613525390625,0.8762021660804749
2700,766,20877,543.80029296875,293.99554443359375,329.3763427734375,233.1063232421875,0.8585401773452759
2701,766,3483,142.32760620117188,291.16748046875,211.1717529296875,257.77099609375,0.8580430150032043
2702,766,36637,166.9246826171875,797.965576171875,188.69580078125,256.7210693359375,0.8413958549499512
2703,768,20877,84.55633544921875,725.0987548828125,332.437255859375,242.584716796875,0.9012051820755005
2704,768,36637,603.78271484375,204.28057861328125,180.869140625,246.74053955078125,0.8843703866004944
2705,768,34597,4.62701416015625,23.187103271484375,404.4913330078125,452.616455078125,0.8573002815246582
2706,768,3483,625.0867919921875,718.0855712890625,208.887451171875,273.6668701171875,0.8565282225608826
2707,772,33208,639.084228515625,879.0555419921875,210.541015625,200.463623046875,0.8586887121200562
2708,772,16551,555.3982543945312,76.89404296875,288.3394775390625,484.478271484375,0.7947927713394165
2709,772,31705,171.3831787109375,685.540283203125,248.4586181640625,447.45263671875,0.7507885694503784
2710,772,1900,104.917724609375,270.2455749511719,203.63494873046875,123.17626953125,0.7340554594993591
2711,773,33208,611.75830078125,845.7838134765625,214.5621337890625,206.984375,0.8538795113563538
2712,773,16551,528.2596435546875,72.68359375,281.295166015625,465.092529296875,0.8313014507293701
2713,773,1900,88.29080200195312,258.68316650390625,200.37161254882812,126.55859375,0.7778770923614502
2714,773,31705,140.7014923095703,641.7447509765625,248.96617126464844,457.0072021484375,0.7736685276031494
2715,778,30308,85.60092163085938,167.35662841796875,405.577880859375,401.62310791015625,0.87160724401474
2716,778,25469,49.035980224609375,855.6964111328125,377.85687255859375,220.9365234375,0.8231017589569092
2717,778,3483,602.7971801757812,844.3084716796875,278.4110107421875,187.63134765625,0.8157775402069092
2718,778,16232,629.3380126953125,219.74009704589844,190.817626953125,187.76527404785156,0.8058466911315918
2719,779,30308,511.3773193359375,684.562744140625,415.084716796875,407.235595703125,0.8577133417129517
2720,779,3483,124.27066040039062,271.5228271484375,273.5809326171875,190.667236328125,0.8485321998596191
2721,779,16232,164.266845703125,856.1591796875,194.6829833984375,192.44970703125,0.8355453610420227
2722,779,25469,571.468017578125,231.41943359375,375.697998046875,218.74566650390625,0.7204837203025818
2723,780,30308,69.78302001953125,148.76422119140625,397.9951171875,393.324462890625,0.9032415151596069
2724,780,25469,11.9122314453125,811.3773193359375,386.4078369140625,223.5277099609375,0.8377599120140076
2725,780,3483,575.3135986328125,810.976806640625,280.629150390625,193.469970703125,0.7995752692222595
2726,780,16232,601.8974609375,213.49508666992188,185.92822265625,181.93939208984375,0.7281818389892578
2727,782,22074,586.855712890625,728.3102416992188,188.64599609375,192.6705322265625,0.9116260409355164
2728,782,3351,339.72039794921875,182.12554931640625,184.325439453125,189.55859375,0.8328936100006104
2729,782,20014,8.591339111328125,624.099365234375,349.09698486328125,343.1165771484375,0.8040270805358887
2730,785,35206,108.64197540283203,685.02783203125,200.51659393310547,421.697998046875,0.8452984094619751
2731,785,25367,539.154296875,689.3475341796875,397.0589599609375,492.6015625,0.8390584588050842
2732,785,27653,669.2265625,256.0189208984375,223.061279296875,199.1390380859375,0.8357447385787964
2733,785,3483,130.75645446777344,287.3856201171875,277.20973205566406,175.4637451171875,0.816195547580719
2734,787,3483,151.514892578125,218.77362060546875,247.18670654296875,221.7373046875,0.8544450402259827
2735,787,20238,112.38158416748047,856.91552734375,230.08924102783203,225.2802734375,0.7162081599235535
2736,787,34597,534.7322387695312,652.16015625,356.3548583984375,515.57080078125,0.7153313755989075
2737,787,19861,637.6034545898438,277.72381591796875,221.5946044921875,169.84625244140625,0.5938593149185181
2738,788,3483,573.3165893554688,837.0853271484375,262.1119384765625,230.23095703125,0.8591974973678589
2739,788,19861,92.17654418945312,826.090576171875,226.33193969726562,176.9478759765625,0.8037824630737305
2740,788,20238,616.27490234375,185.78622436523438,221.10205078125,213.26263427734375,0.7506256103515625
2741,788,34597,101.4046630859375,64.5771484375,333.221435546875,489.8519287109375,0.6967512369155884
2742,79,19232,504.55126953125,238.61932373046875,326.74267578125,254.52691650390625,0.9309263229370117
2743,79,16262,128.53749084472656,296.01251220703125,244.36399841308594,236.53265380859375,0.8147952556610107
2744,79,3351,388.0191650390625,845.3502197265625,189.4705810546875,190.2188720703125,0.8116061687469482
2745,797,27993,496.0884094238281,856.1158447265625,333.8937683105469,160.494140625,0.9730610847473145
2746,797,4543,603.3692626953125,188.01947021484375,204.6337890625,198.584228515625,0.8565427660942078
2747,797,16551,40.64312744140625,526.1068115234375,311.4830627441406,475.645751953125,0.7365260720252991
2748,797,3544,147.13392639160156,191.57949829101562,202.84580993652344,195.71319580078125,0.7124541997909546
2749,798,27993,524.1705322265625,892.2279052734375,329.894287109375,154.9696044921875,0.9424530863761902
2750,798,4543,630.4380493164062,191.9280242919922,211.1187744140625,201.22645568847656,0.8318695425987244
2751,798,16551,69.78115844726562,576.8895263671875,312.5686340332031,467.6204833984375,0.790120542049408
2752,798,3544,162.59722900390625,198.30490112304688,208.8641357421875,200.03125,0.7570458054542542
2753,799,28763,169.7960968017578,180.37796020507812,211.89256286621094,200.36492919921875,0.91489177942276
2754,799,3483,601.2630615234375,867.2987060546875,259.7650146484375,229.499267578125,0.8506299257278442
2755,799,19861,126.63397216796875,866.4732666015625,221.4173583984375,166.8116455078125,0.7835742235183716
2756,799,20238,644.3289794921875,189.0375518798828,227.5596923828125,217.14878845214844,0.7597017288208008
2757,8,3483,589.82958984375,845.0888671875,282.574951171875,167.873046875,0.7916584610939026
2758,8,27653,95.86962890625,853.8992919921875,221.768310546875,206.271240234375,0.788885235786438
2759,8,20238,624.0061645507812,176.05618286132812,226.07080078125,217.3084716796875,0.7775648832321167
2760,8,22347,130.13497924804688,219.9232177734375,206.20611572265625,197.9739990234375,0.7731959819793701
2761,80,19232,94.52902221679688,696.7735595703125,341.063720703125,270.28271484375,0.9654512405395508
2762,80,3351,360.476806640625,193.5704345703125,184.44232177734375,188.31256103515625,0.8307009339332581
2763,80,16262,570.5192260742188,694.4803466796875,248.4183349609375,246.8468017578125,0.8274434208869934
2764,807,3483,158.37945556640625,214.69805908203125,246.69158935546875,221.7554931640625,0.844276487827301
2765,807,29667,118.91409301757812,839.5802001953125,230.96331787109375,225.3482666015625,0.8249582648277283
2766,807,25367,609.33984375,703.8927001953125,318.498779296875,528.980224609375,0.7968524694442749
2767,807,19861,644.069580078125,277.98162841796875,221.811767578125,170.03399658203125,0.6068241000175476
2768,808,29871,632.1922607421875,824.607421875,169.85302734375,242.881103515625,0.898382306098938
2769,808,6563,191.99473571777344,706.505126953125,217.84864807128906,361.95068359375,0.8401487469673157
2770,808,16551,614.3771362304688,50.82379150390625,338.3524169921875,453.182373046875,0.741770327091217
2771,808,3544,109.16938018798828,206.10646057128906,207.85271453857422,202.92869567871094,0.7294661402702332
2772,810,29871,604.5725708007812,788.471923828125,174.2794189453125,250.08837890625,0.934222400188446
2773,810,6563,159.59742736816406,666.7037353515625,220.92076110839844,364.5538330078125,0.7929708361625671
2774,810,3544,92.64330291748047,199.02471923828125,204.01746368408203,196.50982666015625,0.7715491652488708
2775,810,16551,586.4647216796875,40.75,331.306640625,444.49688720703125,0.7442321181297302
2776,815,3351,362.93865966796875,169.45924377441406,181.81597900390625,184.90660095214844,0.8434392213821411
2777,815,20238,100.59890747070312,711.5799560546875,230.59445190429688,229.53759765625,0.638551652431488
2778,815,32310,518.45361328125,613.211181640625,281.964111328125,359.875244140625,0.5607577562332153
2779,817,30308,94.5860595703125,153.7197265625,390.71380615234375,422.8631591796875,0.882876455783844
2780,817,16232,648.09228515625,231.2081298828125,192.8192138671875,180.84326171875,0.8245523571968079
2781,817,3483,588.1629638671875,845.699462890625,283.22265625,166.04638671875,0.7969568371772766
2782,817,27653,94.8634033203125,852.659912109375,220.7947998046875,206.296630859375,0.7727602124214172
2783,818,30308,524.431396484375,674.27001953125,390.244384765625,431.0743408203125,0.8990855813026428
2784,818,27653,670.286865234375,256.4683837890625,222.115478515625,198.8638916015625,0.8331863284111023
2785,818,3483,131.48788452148438,288.107177734375,277.12939453125,175.26123046875,0.8126342296600342
2786,818,16232,142.1094970703125,845.8739013671875,196.75335693359375,193.3035888671875,0.8099181056022644
2787,819,30308,80.82135009765625,135.1290283203125,374.50762939453125,413.6781005859375,0.9279522895812988
2788,819,3483,560.2614135742188,811.8040771484375,285.6298828125,174.446533203125,0.826346218585968
2789,819,27653,59.772491455078125,810.4384765625,225.85772705078125,210.9569091796875,0.8251639008522034
2790,819,16232,619.93994140625,221.66180419921875,188.363037109375,184.33917236328125,0.8150938153266907
2791,82,19552,120.82366943359375,156.01551818847656,319.44195556640625,481.60667419433594,0.927307665348053
2792,82,22362,608.9058837890625,734.9541015625,273.950927734375,419.3515625,0.7719770073890686
2793,82,3743,122.3175048828125,837.407958984375,332.88031005859375,333.522705078125,0.7698959112167358
2794,82,2483,629.6640625,100.72308349609375,203.0985107421875,469.27044677734375,0.7593867778778076
2795,820,19552,486.757568359375,644.7239990234375,336.0672607421875,481.913818359375,0.9181590676307678
2796,820,4378,137.44482421875,108.83685302734375,218.2374267578125,434.5950927734375,0.846421480178833
2797,820,3743,483.0157470703125,147.91578674316406,316.0267333984375,306.32408142089844,0.7987067699432373
2798,820,2483,94.94174194335938,689.6533203125,214.30148315429688,491.562255859375,0.7848196625709534
2799,822,19552,126.169921875,113.75457763671875,332.22186279296875,478.41107177734375,0.9132847189903259
2800,822,4378,595.3245849609375,703.38720703125,236.4501953125,467.751220703125,0.8078566193580627
2801,822,3743,130.20713806152344,812.69775390625,334.34205627441406,331.776611328125,0.77040034532547
2802,822,2483,622.601806640625,72.58551025390625,195.132080078125,467.52838134765625,0.7366129159927368
2803,826,18147,541.4478759765625,321.31976318359375,299.9990234375,381.2816162109375,0.9322576522827148
2804,826,3351,408.099609375,860.7122802734375,189.13818359375,192.3011474609375,0.8346485495567322
2805,826,38162,181.3445587158203,207.43148803710938,246.26780700683594,254.56805419921875,0.6727802753448486
2806,828,18147,128.45599365234375,573.6170043945312,311.4876708984375,410.0810546875,0.9661113023757935
2807,828,38162,552.3184814453125,863.6358642578125,250.9451904296875,251.212646484375,0.9254357814788818
2808,828,3351,382.56719970703125,237.20716857910156,184.1844482421875,182.26365661621094,0.8436318635940552
2809,829,36637,636.27783203125,176.05259704589844,181.60400390625,243.99256896972656,0.8926137089729309
2810,829,27777,145.1793212890625,775.151611328125,180.9002685546875,205.839111328125,0.8660497665405273
2811,829,28763,96.83028411865234,169.9244384765625,208.41083526611328,198.553955078125,0.8573354482650757
2812,829,3483,538.2310180664062,777.5447998046875,267.342041015625,225.697998046875,0.838595986366272
2813,83,19552,507.6981201171875,597.8809814453125,316.138671875,485.8197021484375,0.9215923547744751
2814,83,22362,82.9769287109375,118.5111083984375,258.42462158203125,386.946533203125,0.8390940427780151
2815,83,3743,490.68310546875,127.83628845214844,315.0933837890625,301.64234924316406,0.7814974188804626
2816,83,2483,93.34479522705078,657.63427734375,210.06957244873047,496.3214111328125,0.7118739485740662
2817,830,28763,667.1722412109375,891.06494140625,223.0283203125,213.8603515625,0.9003830552101135
2818,830,36637,129.03866577148438,827.7669677734375,190.97552490234375,257.35498046875,0.8737881183624268
2819,830,3483,172.8999786376953,275.10491943359375,261.85728454589844,218.10052490234375,0.8532314300537109
2820,830,27777,638.5869140625,293.21234130859375,175.46533203125,194.739013671875,0.8527376651763916
2821,831,36637,665.4443359375,180.04335021972656,186.38671875,246.58738708496094,0.8998174071311951
2822,831,27777,177.2711944580078,811.9700927734375,176.08335876464844,199.322998046875,0.8534950613975525
2823,831,28763,113.02147674560547,175.629150390625,212.27143096923828,200.65533447265625,0.8530935645103455
2824,831,3483,566.6627197265625,812.3402099609375,264.2132568359375,219.562744140625,0.8235010504722595
2825,832,16548,605.2845458984375,163.1229248046875,238.947265625,224.0240478515625,0.9465241432189941
2826,832,21026,138.40972900390625,867.289794921875,178.88381958007812,176.66357421875,0.8768481612205505
2827,832,18110,59.56036376953125,122.79444885253906,308.9036865234375,289.69065856933594,0.7532573938369751
2828,832,1900,624.0565185546875,886.586669921875,205.4765625,142.3126220703125,0.7255303263664246
2829,838,16548,593.0330810546875,162.64016723632812,230.8607177734375,225.2960205078125,0.9272875785827637
2830,838,33208,588.2861328125,800.88525390625,213.6644287109375,204.4468994140625,0.872422993183136
2831,838,1900,141.04083251953125,240.42172241210938,198.51593017578125,129.38104248046875,0.7727629542350769
2832,838,27926,92.34658813476562,614.734130859375,270.5576477050781,483.3377685546875,0.7267423272132874
2833,842,27733,566.361572265625,262.421875,296.717529296875,266.57598876953125,0.9288132786750793
2834,842,3483,124.21273803710938,306.47222900390625,271.744873046875,199.43267822265625,0.86541348695755
2835,842,34597,465.1023864746094,669.3399658203125,473.3855285644531,433.06640625,0.8263667821884155
2836,842,16262,152.31573486328125,803.8302001953125,252.49285888671875,241.390625,0.7890900373458862
2837,85,16548,569.4942626953125,249.9678955078125,235.048095703125,226.97503662109375,0.9171147346496582
2838,85,29345,584.0375366210938,676.7332763671875,293.2760009765625,449.224853515625,0.9056081771850586
2839,85,21771,149.04116821289062,849.2462158203125,195.24481201171875,191.51953125,0.8875285983085632
2840,85,1900,162.59786987304688,256.25994873046875,128.099365234375,199.24371337890625,0.7614659070968628
2841,851,22362,608.9217529296875,735.2176513671875,273.682373046875,420.38623046875,0.7848134636878967
2842,851,3743,122.11761474609375,837.4307861328125,332.79364013671875,333.9444580078125,0.7682046294212341
2843,851,2483,630.19873046875,101.33290100097656,203.880615234375,469.38352966308594,0.7411097288131714
2844,851,22627,111.31423950195312,163.91395568847656,308.59991455078125,480.17552185058594,0.7126746773719788
2845,855,12778,88.915283203125,143.658203125,304.78851318359375,515.451904296875,0.9153636693954468
2846,855,4378,595.1759033203125,703.4072265625,236.199951171875,466.764892578125,0.8138695359230042
2847,855,3743,130.52940368652344,812.8756103515625,334.21144104003906,331.35791015625,0.7706236243247986
2848,855,2483,622.8665771484375,75.36326599121094,194.7579345703125,464.99122619628906,0.738032877445221
2849,857,31863,574.376708984375,745.681884765625,209.843017578125,212.500732421875,0.9035291075706482
2850,857,3351,338.317138671875,134.01980590820312,183.8614501953125,186.76165771484375,0.8351330161094666
2851,857,16262,92.18872833251953,679.2386474609375,248.79534149169922,243.901123046875,0.8143807053565979
2852,858,16262,134.16522216796875,769.5162353515625,245.19146728515625,238.317138671875,0.8330265879631042
2853,858,3351,380.3857421875,188.37786865234375,184.1617431640625,184.84588623046875,0.8285543918609619
2854,858,31863,612.4481201171875,835.114501953125,206.5009765625,205.513427734375,0.5817837119102478
2855,86,29345,117.93368530273438,152.87335205078125,273.4786376953125,416.576171875,0.9218709468841553
2856,86,16548,151.98355102539062,769.7740478515625,239.897705078125,236.525146484375,0.775442898273468
2857,86,1900,684.1461181640625,807.568603515625,130.770751953125,207.544921875,0.7526435852050781
2858,86,21771,618.609130859375,249.4861297607422,187.804443359375,183.69923400878906,0.6267441511154175
2859,861,19552,67.739990234375,95.63397216796875,352.1698913574219,464.9434814453125,0.9179888963699341
2860,861,25438,123.29786682128906,834.633056640625,261.35496520996094,263.6700439453125,0.7686799168586731
2861,861,2483,570.6433715820312,148.09210205078125,301.3916015625,437.87957763671875,0.724471390247345
2862,861,12081,654.9391479492188,707.3726806640625,250.727294921875,464.5684814453125,0.7015320062637329
2863,862,36637,673.9392700195312,171.85443115234375,175.687744140625,255.1597900390625,0.8503758907318115
2864,862,34597,74.8961181640625,135.4781494140625,454.33087158203125,414.8748779296875,0.838323712348938
2865,862,25469,87.84075927734375,830.6363525390625,344.753173828125,301.2998046875,0.8284963369369507
2866,862,3483,601.8367919921875,845.0576171875,278.90576171875,188.357666015625,0.811687707901001
2867,864,25469,50.726898193359375,787.673095703125,354.9751281738281,299.131591796875,0.8272606134414673
2868,864,34597,62.12876892089844,103.77325439453125,441.23316955566406,424.79644775390625,0.8252645134925842
2869,864,36637,644.943603515625,169.639892578125,171.248046875,249.86431884765625,0.8179503679275513
2870,864,3483,575.182373046875,811.434814453125,280.21044921875,193.74658203125,0.8090085387229919
2871,866,16688,31.760116577148438,523.9951171875,436.39710998535156,581.080078125,0.9121586084365845
2872,866,3351,306.054443359375,172.74180603027344,185.7127685546875,189.00428771972656,0.8270442485809326
2873,867,16688,73.31504821777344,625.437744140625,435.54188537597656,582.6541748046875,0.9163667559623718
2874,867,3351,347.8916015625,232.95103454589844,183.6055908203125,182.39271545410156,0.828152596950531
2875,868,31885,28.319580078125,56.56964111328125,416.34979248046875,507.54498291015625,0.8731913566589355
2876,868,16232,648.1285400390625,231.11300659179688,192.76123046875,181.18695068359375,0.8217150568962097
2877,868,3483,587.7897338867188,845.760986328125,283.3663330078125,166.437255859375,0.7997643351554871
2878,868,27653,94.68487548828125,852.903564453125,220.61431884765625,206.239990234375,0.7749243974685669
2879,869,31885,17.695037841796875,36.95811462402344,399.0322265625,502.28602600097656,0.8833283185958862
2880,869,27653,59.8309326171875,810.6214599609375,225.21685791015625,210.5966796875,0.8292053937911987
2881,869,3483,560.2332763671875,811.8785400390625,286.0355224609375,174.53271484375,0.8281774520874023
2882,869,16232,619.98486328125,222.06277465820312,188.07080078125,182.88232421875,0.8143383264541626
2883,870,31885,568.0941162109375,671.696044921875,405.26611328125,526.65771484375,0.838242769241333
2884,870,27653,670.3360595703125,256.17144775390625,222.462158203125,199.3331298828125,0.8303003311157227
2885,870,3483,131.7049560546875,287.260009765625,277.10125732421875,175.55419921875,0.8175559639930725
2886,870,16232,142.23886108398438,845.7703857421875,196.60498046875,192.914794921875,0.804245114326477
2887,873,16688,73.09613037109375,623.5093994140625,436.35748291015625,585.0079345703125,0.9264217615127563
2888,873,3351,345.0040283203125,224.6163787841797,182.7501220703125,183.12794494628906,0.8292262554168701
2889,873,18147,623.9384765625,671.0325927734375,285.41015625,426.5894775390625,0.8028186559677124
2890,874,20877,86.27310180664062,724.814453125,330.70831298828125,242.5924072265625,0.9128516316413879
2891,874,31885,146.59326171875,149.6502685546875,434.5537109375,476.9266357421875,0.9118570685386658
2892,874,3483,625.4983520507812,717.419921875,208.882568359375,272.668212890625,0.8553759455680847
2893,874,16232,627.06103515625,221.51312255859375,187.526611328125,184.76123046875,0.7844829559326172
2894,875,20877,116.9205322265625,768.199951171875,330.96405029296875,229.737548828125,0.9314438104629517
2895,875,31885,164.17799377441406,179.45330810546875,447.62144470214844,477.9893798828125,0.9032205939292908
2896,875,3483,650.8381958007812,748.26953125,210.3546142578125,270.516357421875,0.8469064235687256
2897,875,16232,655.517578125,231.90464782714844,191.517822265625,180.43873596191406,0.7856298089027405
2898,878,36637,643.4354248046875,207.20098876953125,188.781982421875,248.5380859375,0.8986390829086304
2899,878,3483,589.3470458984375,845.5322265625,283.4296875,165.863525390625,0.7967291474342346
2900,878,27653,95.97980499267578,853.107421875,221.62450408935547,206.62255859375,0.7732394337654114
2901,878,34597,76.1268310546875,124.85772705078125,337.01507568359375,495.9071044921875,0.7569226622581482
2902,879,36637,615.3868408203125,201.6558837890625,183.927490234375,244.40576171875,0.9029784798622131
2903,879,3483,561.2479248046875,810.6197509765625,286.104248046875,175.4417724609375,0.8266490697860718
2904,879,27653,61.07946014404297,810.798095703125,225.10553741455078,210.718994140625,0.8241626024246216
2905,879,34597,60.021331787109375,98.38526916503906,326.4747009277344,491.45762634277344,0.682894766330719
2906,88,18110,79.38107299804688,799.1112060546875,305.95361328125,290.6456298828125,0.8005656599998474
2907,88,1900,130.69970703125,230.81040954589844,204.5692138671875,138.11317443847656,0.7997111082077026
2908,88,31705,623.51123046875,728.7991943359375,246.535400390625,452.95068359375,0.7731307744979858
2909,88,16551,609.6314697265625,48.6607666015625,286.172119140625,483.131591796875,0.7701801657676697
2910,880,5094,510.515869140625,161.397705078125,271.62939453125,266.2257080078125,0.8085623383522034
2911,880,13395,63.6138916015625,90.92303466796875,238.705322265625,478.51605224609375,0.7664109468460083
2912,880,23223,511.11688232421875,608.5667724609375,303.600341796875,501.5576171875,0.6695134043693542
2913,880,2483,77.16799926757812,667.640869140625,225.46200561523438,484.93994140625,0.6586636900901794
2914,882,2483,639.3465576171875,63.46343994140625,222.940673828125,473.61248779296875,0.7861319184303284
2915,882,23223,128.98828125,100.30455017089844,299.2926025390625,495.01246643066406,0.7687177658081055
2916,882,13395,641.606201171875,668.493896484375,240.544921875,497.9654541015625,0.7439897656440735
2917,882,5094,148.44952392578125,835.3533935546875,281.12469482421875,275.5615234375,0.6791396737098694
2918,883,28763,142.71658325195312,231.9404296875,213.32965087890625,203.05230712890625,0.9073015451431274
2919,883,16232,629.4998779296875,218.892578125,191.141845703125,187.82073974609375,0.8308835029602051
2920,883,25469,48.95819091796875,855.8994140625,377.58416748046875,221.27099609375,0.8304128646850586
2921,883,3483,602.7034912109375,844.5906982421875,278.821044921875,188.6126708984375,0.8189520835876465
2922,886,31863,164.90106201171875,284.0538330078125,204.2828369140625,206.05950927734375,0.92560213804245
2923,886,3351,409.8135070800781,890.6590576171875,189.56442260742188,192.26220703125,0.8105801343917847
2924,886,35206,545.682861328125,256.7852783203125,267.7039794921875,392.035888671875,0.8073230385780334
2925,888,3351,380.804931640625,205.36019897460938,184.8087158203125,183.58258056640625,0.8497946262359619
2926,888,35206,165.0876007080078,641.0301513671875,266.59959411621094,398.363525390625,0.7657098770141602
2927,888,31863,609.224853515625,835.1968994140625,207.5872802734375,205.5819091796875,0.4240546226501465
2928,889,28763,709.5001220703125,888.5477294921875,224.60400390625,213.489990234375,0.8619818091392517
2929,889,3483,141.67724609375,292.28717041015625,210.90545654296875,257.17388916015625,0.8566854000091553
2930,889,20877,543.109130859375,293.7708740234375,329.4271240234375,232.9619140625,0.8509498834609985
2931,889,16232,135.16439819335938,847.42333984375,196.26028442382812,191.9981689453125,0.8131635189056396
2932,89,18110,45.48699951171875,755.354248046875,308.17291259765625,301.478759765625,0.7983148694038391
2933,89,1900,115.37893676757812,224.26080322265625,198.94268798828125,138.27691650390625,0.7942001223564148
2934,89,31705,595.1326293945312,693.872802734375,255.485107421875,455.890869140625,0.7752223610877991
2935,89,16551,582.3418579101562,43.20265197753906,279.02978515625,465.75730895996094,0.7232018113136292
2936,891,20877,85.32794189453125,725.8814086914062,332.2696533203125,241.4678955078125,0.9009678363800049
2937,891,28763,56.054656982421875,171.67401123046875,208.311767578125,199.63824462890625,0.8610612750053406
2938,891,3483,626.058349609375,717.4249267578125,208.572265625,273.241455078125,0.8517836332321167
2939,891,16232,627.2813720703125,220.9327850341797,187.753662109375,184.14491271972656,0.8369314074516296
2940,894,20877,85.224365234375,724.888916015625,331.85101318359375,243.1300048828125,0.9030882716178894
2941,894,36637,603.787353515625,204.5242156982422,180.8848876953125,246.27394104003906,0.8878028988838196
2942,894,25367,23.88006591796875,25.7275390625,421.0731201171875,439.68707275390625,0.8698594570159912
2943,894,3483,624.92138671875,718.6427612304688,209.187744140625,273.16259765625,0.8564218878746033
2944,895,10221,584.087158203125,773.9276733398438,229.1390380859375,223.482177734375,0.8938765525817871
2945,895,21026,100.7634506225586,820.305419921875,180.36591339111328,180.979248046875,0.865156352519989
2946,895,16551,532.761474609375,41.627471923828125,295.702392578125,458.091552734375,0.8033404350280762
2947,895,3544,92.01746368408203,221.17486572265625,205.08403778076172,198.96087646484375,0.6369350552558899
2948,896,21026,134.25741577148438,855.87744140625,178.55670166015625,175.2314453125,0.8364880084991455
2949,896,16551,561.4852905273438,45.7825927734375,301.5709228515625,473.72344970703125,0.8244844079017639
2950,896,10221,612.137939453125,812.10302734375,224.158203125,216.3087158203125,0.808245837688446
2951,896,3544,108.3344955444336,233.1697998046875,209.10053253173828,200.432861328125,0.7441937327384949
2952,897,10221,169.0341033935547,275.3514404296875,219.53968811035156,212.8878173828125,0.9195492267608643
2953,897,21026,677.165771484375,285.3897705078125,176.5928955078125,171.6148681640625,0.8921315670013428
2954,897,3544,675.0609741210938,835.0050048828125,216.495361328125,212.388671875,0.7780945897102356
2955,897,16551,113.26531982421875,724.0213623046875,322.76910400390625,485.626953125,0.6174151301383972
2956,898,16548,72.10286712646484,779.0787353515625,240.34900665283203,231.797607421875,0.9374775290489197
2957,898,27926,569.9684448242188,584.3409423828125,259.0299072265625,486.0858154296875,0.9156520366668701
2958,898,12247,618.7947998046875,205.38343811035156,173.1278076171875,186.21336364746094,0.9029785990715027
2959,898,3544,119.75606536865234,172.65919494628906,203.44483184814453,197.98753356933594,0.7501470446586609
2960,9,27653,61.04468536376953,810.9370727539062,226.88579559326172,211.0382080078125,0.8304510116577148
2961,9,3483,562.28271484375,811.6903076171875,284.750732421875,174.917724609375,0.826525092124939
2962,9,22347,113.15502166748047,211.29049682617188,202.15296173095703,194.345703125,0.8085021376609802
2963,9,20238,596.1360473632812,173.5472869873047,219.6915283203125,213.19569396972656,0.7728390097618103
2964,90,18110,610.7335205078125,216.3693389892578,302.138916015625,288.60301208496094,0.8280147910118103
2965,90,16551,88.46774291992188,707.302978515625,296.15484619140625,497.834716796875,0.8233261704444885
2966,90,1900,655.581787109375,903.4002685546875,213.399658203125,148.4248046875,0.7477868795394897
2967,90,31705,133.7105712890625,126.30226135253906,243.62896728515625,425.06761169433594,0.7421785593032837
2968,900,12247,647.3646240234375,205.47222900390625,176.3392333984375,188.708251953125,0.9582812190055847
2969,900,16548,107.10521697998047,820.599609375,235.43848419189453,227.4603271484375,0.9432637691497803
2970,900,27926,598.8665771484375,623.322998046875,254.697021484375,484.845458984375,0.93777996301651
2971,900,3544,133.92355346679688,177.12112426757812,210.18246459960938,201.5980224609375,0.7176621556282043
2972,904,30308,160.17019653320312,51.895263671875,297.40478515625,477.01092529296875,0.8940083384513855
2973,904,3483,608.4132080078125,790.2536010742188,274.5845947265625,210.54345703125,0.8172860741615295
2974,904,27733,123.0531005859375,770.2562255859375,315.81646728515625,273.6322021484375,0.8112655878067017
2975,904,20238,642.6241455078125,190.3035888671875,228.4853515625,217.41357421875,0.7401848435401917
2976,906,27733,565.725341796875,262.967041015625,297.094482421875,265.10662841796875,0.9294213056564331
2977,906,30308,549.5892333984375,718.4935302734375,294.148193359375,489.873046875,0.8771871328353882
2978,906,3483,124.27008056640625,306.2447204589844,271.6314697265625,199.6796875,0.8672932982444763
2979,906,20238,114.59597778320312,855.130615234375,230.603759765625,226.2353515625,0.7085644602775574
2980,908,31863,574.5113525390625,745.8360595703125,209.8387451171875,212.298828125,0.8812611699104309
2981,908,3351,304.95343017578125,192.86468505859375,184.1944580078125,187.74322509765625,0.8294554352760315
2982,908,20238,115.202392578125,714.8438720703125,230.07614135742188,229.3740234375,0.3660210371017456
2983,91,27926,144.94873046875,144.48992919921875,259.3726806640625,456.20758056640625,0.857143759727478
2984,91,16548,122.72994995117188,865.8875732421875,243.83404541015625,238.358154296875,0.8479243516921997
2985,91,19607,688.7794189453125,299.6679382324219,157.6865234375,148.23614501953125,0.8238641023635864
2986,91,1900,630.6376953125,892.9727783203125,210.823486328125,134.07373046875,0.7295032143592834
2987,910,25367,503.9456787109375,701.6097412109375,463.734619140625,438.97607421875,0.8795064687728882
2988,910,29667,125.05245971679688,879.413818359375,234.31585693359375,229.561279296875,0.8607190251350403
2989,910,3483,175.33929443359375,274.2510986328125,262.1910400390625,218.84735107421875,0.8535818457603455
2990,910,27777,640.0655517578125,295.25726318359375,174.71044921875,194.416015625,0.8380467891693115
2991,912,27777,142.50796508789062,773.7637939453125,180.28656005859375,206.2479248046875,0.8558681607246399
2992,912,29667,602.1925048828125,162.12393188476562,218.7554931640625,214.10089111328125,0.8486129641532898
2993,912,3483,535.8599243164062,778.6767578125,266.4459228515625,225.9674072265625,0.8439169526100159
2994,912,25367,30.1171875,110.137939453125,434.984619140625,416.72674560546875,0.6155156493186951
2995,914,3351,368.92626953125,123.5177001953125,183.76983642578125,188.34576416015625,0.8259667754173279
2996,914,13900,554.7515869140625,709.4344482421875,205.961669921875,248.4781494140625,0.7298709750175476
2997,915,3351,412.068359375,179.2397003173828,183.87109375,183.41636657714844,0.8164674043655396
2998,915,13900,595.348876953125,796.58642578125,200.369873046875,246.1175537109375,0.7618725895881653
2999,916,27733,566.6604614257812,263.07647705078125,296.3980712890625,264.84564208984375,0.9302919507026672
3000,916,3483,123.85369873046875,306.54669189453125,272.33465576171875,199.10809326171875,0.866719126701355
3001,916,16232,141.25851440429688,892.418701171875,197.38055419921875,194.0489501953125,0.849615216255188
3002,916,25367,502.8651123046875,681.345703125,462.56396484375,426.2811279296875,0.8077294826507568
3003,919,27733,565.3375854492188,263.23779296875,298.317138671875,265.06689453125,0.9254210591316223
3004,919,30308,491.81634521484375,675.625244140625,374.35107421875,442.400146484375,0.9082924723625183
3005,919,3483,122.99464416503906,307.99005126953125,271.34751892089844,199.143798828125,0.8624446988105774
3006,919,36637,101.53329467773438,881.7117919921875,266.92608642578125,180.164306640625,0.8604631423950195
3007,920,30308,126.5462646484375,123.56410217285156,361.6265869140625,423.57847595214844,0.9239328503608704
3008,920,27733,89.32405090332031,726.4525146484375,318.44041442871094,281.136962890625,0.8674864768981934
3009,920,3483,581.5677490234375,758.4205322265625,274.28466796875,207.30322265625,0.8383499383926392
3010,920,36637,593.691162109375,204.0255889892578,253.04345703125,169.38352966308594,0.8258639574050903
3011,923,20877,544.38720703125,293.9166259765625,329.300048828125,233.0262451171875,0.8661690950393677
3012,923,3483,142.63587951660156,291.109130859375,211.23448181152344,257.6021728515625,0.8594458103179932
3013,923,16262,108.93798828125,835.25634765625,250.73626708984375,242.2802734375,0.7970446348190308
3014,923,25367,537.7359619140625,707.20166015625,438.2640380859375,452.116455078125,0.7592856884002686
3015,925,3483,151.04544067382812,218.9112548828125,247.81500244140625,222.34344482421875,0.8601380586624146
3016,925,34597,487.01904296875,624.7335205078125,443.46826171875,458.412109375,0.8541178107261658
3017,925,16232,143.80892944335938,900.35302734375,196.87728881835938,191.0511474609375,0.8235518932342529
3018,925,19861,638.6468505859375,276.934814453125,220.70654296875,170.235595703125,0.5948634147644043
3019,927,34597,64.95230102539062,141.6038818359375,422.18988037109375,439.1771240234375,0.8666937947273254
3020,927,3483,573.2489013671875,836.8065185546875,262.387939453125,230.546142578125,0.8592002391815186
3021,927,19861,92.01798248291016,825.9135131835938,226.32476043701172,176.838134765625,0.805757999420166
3022,927,16232,617.4994506835938,172.82015991210938,186.0855712890625,181.916259765625,0.5399870872497559
3023,929,31885,26.8316650390625,39.28846740722656,413.4107666015625,488.21043395996094,0.8756165504455566
3024,929,25469,12.076446533203125,811.59228515625,386.1739196777344,222.9246826171875,0.8418563604354858
3025,929,3483,575.8456420898438,810.48828125,280.0882568359375,194.523681640625,0.8081889152526855
3026,929,16232,602.0244750976562,213.49517822265625,185.6229248046875,182.11822509765625,0.7146015763282776
3027,930,3483,124.49769592285156,271.62481689453125,273.16233825683594,190.1409912109375,0.8473182916641235
3028,930,16232,164.1885986328125,856.1817626953125,194.708251953125,192.37353515625,0.840691089630127
3029,930,31885,538.9804077148438,686.8360595703125,429.8834228515625,513.76904296875,0.8330591320991516
3030,930,25469,571.4710693359375,231.72235107421875,375.9013671875,218.67987060546875,0.7186676859855652
3031,931,19607,166.39297485351562,917.685791015625,159.0382080078125,154.54150390625,0.9158933162689209
3032,931,29345,575.2979125976562,717.1800537109375,329.0869140625,424.4061279296875,0.8199216723442078
3033,931,16551,478.6706848144531,242.74591064453125,490.6296081542969,265.81573486328125,0.8062379360198975
3034,931,1900,178.33541870117188,268.68719482421875,130.224365234375,199.71234130859375,0.7777566313743591
3035,932,19607,132.0986328125,885.37158203125,162.02008056640625,158.460205078125,0.9083824753761292
3036,932,29345,546.6129150390625,679.8486328125,335.1328125,430.779296875,0.8260510563850403
3037,932,16551,449.2529296875,222.625244140625,485.3541259765625,267.09332275390625,0.7836878895759583
3038,932,1900,159.1884765625,258.81787109375,128.06549072265625,198.59527587890625,0.747007429599762
3039,933,19607,667.9410400390625,251.4564666748047,154.323974609375,152.33973693847656,0.9197074770927429
3040,933,29345,118.944091796875,164.7640380859375,309.67828369140625,403.35577392578125,0.8392493724822998
3041,933,16551,18.371994018554688,735.174072265625,499.71070861816406,282.66015625,0.818983256816864
3042,933,1900,687.5889892578125,805.728759765625,130.41748046875,208.4775390625,0.7470716238021851
3043,936,19552,117.0113525390625,204.57958984375,315.32049560546875,482.68048095703125,0.9173962473869324
3044,936,4378,650.5523681640625,706.74267578125,223.6312255859375,470.82373046875,0.8984352350234985
3045,936,25438,110.68191528320312,842.371826171875,263.79742431640625,265.60400390625,0.789741039276123
3046,936,2483,601.5811767578125,102.41636657714844,250.3304443359375,457.14051818847656,0.7818483114242554
3047,937,4378,595.6087036132812,703.26123046875,235.9412841796875,467.15771484375,0.8248724341392517
3048,937,3743,130.34747314453125,812.712890625,334.76861572265625,331.63330078125,0.7489317655563354
3049,937,2483,621.6926879882812,75.44866943359375,196.088134765625,464.45953369140625,0.7463048100471497
3050,937,6192,128.3797607421875,102.2080078125,294.0950927734375,530.871826171875,0.7008566856384277
3051,938,3743,129.01727294921875,803.1075439453125,327.15618896484375,318.43701171875,0.8106518387794495
3052,938,4378,588.89306640625,700.855712890625,226.0361328125,451.4521484375,0.795478343963623
3053,938,2483,632.9429931640625,36.12872314453125,196.431884765625,476.19049072265625,0.7409827709197998
3054,938,6192,127.287841796875,73.56304931640625,291.844482421875,527.3245239257812,0.6564008593559265
3055,940,18147,202.72467041015625,222.53460693359375,219.69537353515625,417.34796142578125,0.8263440728187561
3056,940,3351,422.7093811035156,898.6375732421875,190.14913940429688,191.1651611328125,0.8103423118591309
3057,940,16232,645.462890625,322.189697265625,190.053466796875,189.2977294921875,0.7723908424377441
3058,941,3351,326.9281005859375,141.72900390625,185.13153076171875,189.3280029296875,0.8369982838630676
3059,941,18147,515.2060546875,547.5089721679688,215.008056640625,450.384521484375,0.7883765697479248
3060,941,16232,91.10528564453125,712.8895263671875,193.57369995117188,191.62646484375,0.6862598061561584
3061,942,3351,368.266845703125,199.7202606201172,184.2889404296875,182.89796447753906,0.8354939818382263
3062,942,18147,550.460205078125,637.44482421875,222.9085693359375,453.2645263671875,0.7818455696105957
3063,942,16232,133.84158325195312,800.8106689453125,191.50515747070312,188.060791015625,0.7206722497940063
3064,945,25367,623.67431640625,639.5125732421875,329.48828125,522.060546875,0.8878907561302185
3065,945,3483,151.22775268554688,218.5476837158203,247.66680908203125,222.55137634277344,0.8591171503067017
3066,945,20238,112.50833129882812,856.619384765625,229.77279663085938,225.747314453125,0.7135370969772339
3067,945,19861,637.5169067382812,277.75836181640625,221.8583984375,169.903076171875,0.6118144392967224
3068,947,28763,593.3790283203125,888.028564453125,224.219482421875,212.7738037109375,0.9420250654220581
3069,947,27653,670.09521484375,255.95968627929688,222.344970703125,198.51983642578125,0.8323681354522705
3070,947,3483,131.45416259765625,287.06365966796875,277.04730224609375,175.48565673828125,0.8177749514579773
3071,947,16232,141.91970825195312,845.960205078125,196.38497924804688,192.95849609375,0.80921471118927
3072,948,28763,185.05174255371094,177.7943115234375,212.07350158691406,202.936279296875,0.8814317584037781
3073,948,16232,648.1717529296875,230.88978576660156,193.2626953125,180.98423767089844,0.8213503360748291
3074,948,3483,588.2330322265625,845.4381713867188,283.375244140625,166.6378173828125,0.7920371294021606
3075,948,27653,94.7371826171875,853.017333984375,221.5260009765625,206.4244384765625,0.7743748426437378
3076,949,30308,502.238037109375,725.5758056640625,421.9144287109375,396.614013671875,0.871709942817688
3077,949,3483,141.994873046875,291.63409423828125,211.42071533203125,257.76171875,0.858987033367157
3078,949,20877,543.1448364257812,293.9122314453125,329.7470703125,232.8612060546875,0.8484953045845032
3079,949,16262,108.89865112304688,835.60009765625,250.71286010742188,242.4658203125,0.799117922782898
3080,95,29667,60.3079833984375,742.640380859375,232.12069702148438,232.9400634765625,0.8553794026374817
3081,95,3351,339.55859375,182.306396484375,180.17364501953125,186.58294677734375,0.8224271535873413
3082,95,32310,500.0229797363281,716.6148071289062,386.9289245605469,243.3861083984375,0.33658379316329956
3083,950,20877,85.65664672851562,724.955322265625,331.30535888671875,243.322509765625,0.9067356586456299
3084,950,30308,72.0120849609375,117.14404296875,404.442138671875,386.67498779296875,0.9002978205680847
3085,950,3483,625.3753662109375,718.4127197265625,208.671875,272.787841796875,0.8531033396720886
3086,950,16262,602.2941284179688,185.5138702392578,237.9110107421875,230.13035583496094,0.7905331254005432
3087,951,20877,116.83709716796875,768.396484375,331.095458984375,230.7476806640625,0.9263759851455688
3088,951,30308,87.65478515625,133.22032165527344,413.88787841796875,394.25062561035156,0.8674718141555786
3089,951,3483,650.1884155273438,749.7098388671875,211.0565185546875,270.0421142578125,0.846482515335083
3090,951,16262,629.7552490234375,191.250732421875,244.5196533203125,232.3466796875,0.7293921709060669
3091,952,30308,562.4088134765625,647.7501220703125,387.87744140625,430.839599609375,0.8874348402023315
3092,952,3483,124.12664794921875,270.70843505859375,273.953369140625,191.50927734375,0.8476555943489075
3093,952,16262,165.42227172851562,835.2169189453125,251.365966796875,241.322509765625,0.8246725797653198
3094,952,25469,571.2853393554688,231.25308227539062,375.4974365234375,218.751953125,0.7267418503761292
3095,953,30308,46.390625,157.5968780517578,376.30657958984375,418.59141540527344,0.9225107431411743
3096,953,25469,11.6123046875,811.6295166015625,386.78350830078125,222.5609130859375,0.8427391648292542
3097,953,16262,546.41748046875,187.25225830078125,238.837890625,228.6981201171875,0.8137913942337036
3098,953,3483,575.6995849609375,810.7010498046875,279.497314453125,193.60986328125,0.8062953948974609
3099,954,30308,60.1866455078125,178.5400390625,387.01947021484375,425.45025634765625,0.9038934111595154
3100,954,25469,48.86669921875,855.686279296875,377.95306396484375,221.053466796875,0.8266778588294983
3101,954,3483,602.6207275390625,844.7073974609375,278.372314453125,187.6417236328125,0.8142295479774475
3102,954,16262,573.5018920898438,195.04324340820312,244.209716796875,231.44329833984375,0.7419461607933044
3103,956,19607,142.19198608398438,861.8427734375,158.2279052734375,155.56201171875,0.9205245971679688
3104,956,27926,597.5753173828125,670.407958984375,257.80322265625,484.4033203125,0.8573784828186035
3105,956,1900,158.06948852539062,249.4359588623047,204.83734130859375,126.37294006347656,0.7883496880531311
3106,956,16551,595.9605102539062,0.0,310.9066162109375,443.92822265625,0.7734970450401306
3107,957,19607,689.0255126953125,299.70050048828125,157.35302734375,148.051513671875,0.8496462106704712
3108,957,27926,144.73863220214844,144.5543212890625,259.73280334472656,455.88128662109375,0.8487614393234253
3109,957,16551,80.61398315429688,785.1087646484375,312.4400329589844,490.423828125,0.8359598517417908
3110,957,1900,629.971923828125,894.055419921875,210.770751953125,132.69482421875,0.7318356037139893
3111,962,29451,471.95965576171875,779.4532470703125,406.084228515625,275.20654296875,0.974462628364563
3112,962,19607,143.56658935546875,847.0803833007812,159.65899658203125,159.101806640625,0.9357922077178955
3113,962,16551,625.294677734375,109.6734619140625,281.866455078125,468.85888671875,0.8710660338401794
3114,962,1900,148.73355102539062,240.87583923339844,181.3118896484375,180.09156799316406,0.7242762446403503
3115,966,16548,125.51910400390625,852.8189697265625,245.361572265625,237.69091796875,0.9066770672798157
3116,966,18110,610.519775390625,216.40196228027344,302.49609375,288.51124572753906,0.8246666193008423
3117,966,31705,133.5730438232422,126.28887939453125,243.92127990722656,425.7867431640625,0.7433509230613708
3118,966,1900,655.5233154296875,903.3740234375,213.7947998046875,148.3856201171875,0.7341772317886353
3119,967,41768,128.29498291015625,299.45672607421875,259.59783935546875,297.516845703125,0.9426856637001038
3120,967,29667,588.6096801757812,304.78106689453125,228.1785888671875,222.9327392578125,0.8839643001556396
3121,967,3351,407.58892822265625,886.497314453125,187.71771240234375,191.8062744140625,0.8178617358207703
3122,968,29667,110.34335327148438,697.3338012695312,235.05062866210938,231.5233154296875,0.8621405959129333
3123,968,3351,341.79119873046875,153.65399169921875,183.646240234375,191.023681640625,0.8233757615089417
3124,968,41768,557.669189453125,618.7156982421875,269.746826171875,311.92138671875,0.5443028211593628
3125,97,19607,667.393310546875,252.02734375,155.02587890625,152.4351806640625,0.9181026220321655
3126,97,16548,100.24658203125,820.9483642578125,241.91607666015625,238.3021240234375,0.8424599766731262
3127,97,29345,118.94537353515625,164.53208923339844,309.6385498046875,404.14100646972656,0.8400086760520935
3128,97,1900,686.6578369140625,806.7254028320312,131.41943359375,205.896484375,0.7314304113388062
3129,972,21771,125.28683471679688,774.0926513671875,195.25897216796875,189.656982421875,0.9196982383728027
3130,972,27926,571.5272216796875,624.1025390625,261.697509765625,493.956298828125,0.8246029019355774
3131,972,1900,141.25302124023438,241.14620971679688,197.52792358398438,129.0953369140625,0.7727760672569275
3132,972,16551,571.502197265625,16.655670166015625,332.410888671875,434.4512634277344,0.6894291639328003
3133,973,29345,611.5406494140625,715.6656494140625,288.90185546875,440.4776611328125,0.9137548804283142
3134,973,21771,182.96141052246094,884.9573974609375,191.33827209472656,184.533935546875,0.8410021662712097
3135,973,1900,180.6796875,267.09039306640625,131.40216064453125,199.73193359375,0.7722182869911194
3136,973,16551,571.0438232421875,81.68708801269531,306.96875,470.65599060058594,0.6537920832633972
3137,974,29345,584.159423828125,677.054443359375,293.043212890625,448.785400390625,0.9060498476028442
3138,974,21771,148.72283935546875,849.24658203125,195.42559814453125,191.6754150390625,0.8796426057815552
3139,974,1900,162.77316284179688,256.31683349609375,127.63241577148438,199.1800537109375,0.7610111236572266
3140,974,16551,545.2293701171875,72.32536315917969,295.5650634765625,458.22804260253906,0.6800705790519714
3141,975,29345,118.06022644042969,152.58251953125,273.25733947753906,416.28009033203125,0.9214120507240295
3142,975,16551,104.19229125976562,686.837158203125,319.63232421875,487.94580078125,0.8054035902023315
3143,975,1900,684.86865234375,806.33203125,130.0498046875,209.346435546875,0.7591596841812134
3144,975,21771,618.5111083984375,249.13217163085938,187.05126953125,183.682861328125,0.688582181930542
3145,979,22074,584.1448974609375,710.1009521484375,190.46630859375,192.689208984375,0.9001544713973999
3146,979,3351,393.8494873046875,156.49688720703125,181.88861083984375,188.54705810546875,0.8336828947067261
3147,979,18357,69.39419555664062,547.6163330078125,293.23577880859375,339.2908935546875,0.35953256487846375
3148,980,22074,170.3782501220703,311.8916015625,189.13719177246094,189.47265625,0.9022145867347717
3149,980,3351,353.7657470703125,873.2935791015625,190.83270263671875,190.587158203125,0.8256861567497253
3150,980,18357,575.5406494140625,305.81549072265625,282.2867431640625,320.9300537109375,0.298570454120636
3151,982,2483,661.7529907226562,112.54808044433594,211.1817626953125,473.82386779785156,0.7865538001060486
3152,982,13395,637.1177978515625,671.64404296875,242.49951171875,517.24951171875,0.7685192823410034
3153,982,23223,105.57769775390625,119.91328430175781,294.28961181640625,501.48838806152344,0.7511470317840576
3154,982,3743,117.54896545410156,838.452392578125,330.46153259277344,332.927001953125,0.7363296747207642
3155,983,3743,116.36212158203125,828.2744140625,324.43048095703125,318.480224609375,0.7790275812149048
3156,983,2483,674.180419921875,81.3642578125,205.141357421875,482.0484619140625,0.7521859407424927
3157,983,23223,103.63372802734375,86.95654296875,296.83038330078125,502.08233642578125,0.7395405173301697
3158,983,13395,628.0599365234375,673.927978515625,231.84033203125,499.247314453125,0.7199108004570007
3159,984,3743,498.0423889160156,126.57464599609375,315.2953796386719,303.88922119140625,0.7917683720588684
3160,984,2483,59.93885040283203,646.6378173828125,204.42375946044922,491.9833984375,0.7530483603477478
3161,984,13395,81.18643188476562,80.2935791015625,233.77407836914062,485.77996826171875,0.7324498295783997
3162,984,23223,540.2560424804688,614.2412109375,295.6768798828125,510.677001953125,0.6647490859031677
3163,985,29451,521.3717041015625,804.3271484375,421.009765625,233.275634765625,0.9264333844184875
3164,985,16548,574.6917724609375,186.84205627441406,233.596435546875,224.05357360839844,0.8444817662239075
3165,985,24850,116.14443969726562,737.559814453125,201.11807250976562,283.76416015625,0.7904796600341797
3166,985,1900,140.088134765625,218.5104522705078,200.6041259765625,149.66563415527344,0.69273841381073
3167,986,29451,46.73052978515625,231.94070434570312,402.74951171875,229.24176025390625,0.9291117191314697
3168,986,24850,645.59423828125,259.43243408203125,192.365234375,266.95379638671875,0.7742152214050293
3169,986,1900,633.0735473632812,899.7431640625,210.7972412109375,153.5714111328125,0.7728949785232544
3170,986,16548,142.91610717773438,837.480712890625,241.24322509765625,238.3338623046875,0.6805334687232971
3171,988,36637,619.3551025390625,200.0977783203125,265.825927734375,151.5850830078125,0.8799449801445007
3172,988,3483,598.9718627929688,867.7523193359375,259.62890625,230.4451904296875,0.8507729172706604
3173,988,22347,158.2838134765625,183.5380401611328,207.71527099609375,197.73191833496094,0.810931921005249
3174,988,19861,124.88064575195312,865.6304931640625,221.49462890625,167.362060546875,0.7831066846847534
3175,989,36637,590.68115234375,194.7982635498047,260.051025390625,152.87562561035156,0.8906485438346863
3176,989,22347,141.8919677734375,177.1415252685547,203.151611328125,194.94508361816406,0.866145670413971
3177,989,3483,571.85107421875,838.3779296875,261.44140625,230.146240234375,0.8600690960884094
3178,989,19861,90.25588989257812,825.936767578125,226.15353393554688,176.8076171875,0.8010120391845703
3179,990,22347,627.210693359375,887.3858642578125,214.5810546875,207.590576171875,0.8687084317207336
3180,990,3483,152.97650146484375,217.63787841796875,247.70660400390625,221.4815673828125,0.8557474613189697
3181,990,36637,94.74835205078125,906.173828125,273.5155334472656,167.720458984375,0.8344424366950989
3182,990,19861,640.5438232421875,276.6240234375,220.692138671875,170.60009765625,0.5757088661193848
3183,991,16548,571.68310546875,220.49497985839844,234.1739501953125,225.17970275878906,0.9367275834083557
3184,991,10221,584.14013671875,773.9965209960938,229.1197509765625,223.65625,0.8918592929840088
3185,991,21026,100.4541244506836,821.2926025390625,180.60584259033203,179.12890625,0.8637830018997192
3186,991,3544,91.92703247070312,220.9803466796875,204.96173095703125,198.9022216796875,0.6394014358520508
3187,993,16548,600.449951171875,232.884033203125,238.32958984375,225.61016845703125,0.9438301920890808
3188,993,21026,134.20742797851562,855.7559814453125,178.5233154296875,175.2452392578125,0.8426842093467712
3189,993,10221,611.8930053710938,811.9813232421875,224.8365478515625,216.45947265625,0.8074343800544739
3190,993,3544,108.35420989990234,233.22103881835938,209.22876739501953,200.4615478515625,0.7374891638755798
3191,994,30308,507.31451416015625,753.2845458984375,393.3460693359375,431.86474609375,0.9006507396697998
3192,994,27653,669.7408447265625,256.533935546875,222.82763671875,198.728271484375,0.8333816528320312
3193,994,16262,117.32247924804688,845.5615234375,251.01425170898438,241.1435546875,0.8277940154075623
3194,994,3483,130.91470336914062,287.5651550292969,277.6126708984375,175.50726318359375,0.8159810304641724
3195,996,30308,110.409912109375,74.569580078125,388.4674072265625,421.41497802734375,0.9112755656242371
3196,996,3483,588.05419921875,845.5364379882812,283.7745361328125,166.2518310546875,0.7958353757858276
3197,996,27653,95.00021362304688,852.4466552734375,221.12692260742188,206.8953857421875,0.7715272903442383
3198,996,16262,622.8089599609375,182.01565551757812,242.933837890625,232.0379638671875,0.7632110118865967
3199,997,29451,456.92083740234375,808.119140625,423.6248779296875,226.012939453125,0.9596997499465942
3200,997,21771,122.63092041015625,806.4116821289062,195.16845703125,187.441650390625,0.8213641047477722
3201,997,16551,590.6981201171875,60.35888671875,279.150634765625,471.31005859375,0.8143752217292786
3202,997,1900,148.6044921875,240.5506591796875,182.28445434570312,179.9703369140625,0.7327790260314941
3203,998,29451,487.7391052246094,847.4830322265625,416.6738586425781,218.05859375,0.9622657895088196
3204,998,16551,618.544921875,67.923828125,284.931396484375,483.837158203125,0.8083985447883606
3205,998,21771,156.5003662109375,841.059326171875,191.60101318359375,183.797607421875,0.7150858640670776
3206,998,1900,167.46337890625,246.7422332763672,183.361572265625,181.74952697753906,0.6552595496177673
3207,999,29451,103.94384765625,235.31121826171875,409.067138671875,220.6466064453125,0.9611536860466003
3208,999,21771,643.4215087890625,290.1051025390625,187.8853759765625,183.743408203125,0.9125745296478271
3209,999,1900,643.7608642578125,846.002685546875,189.15087890625,188.4117431640625,0.7452731132507324
3210,999,16551,79.54486083984375,685.0552978515625,295.82080078125,500.0579833984375,0.6300829648971558
