annotation_id,image_id,category_id,bbox_x,bbox_y,bbox_w,bbox_h,score
1,1,1900,157.36862182617188,250.63125610351562,201.32406616210938,126.02813720703125,0.9085162878036499
2,1,16551,557.603271484375,67.75177001953125,394.3017578125,408.3755187988281,0.895682156085968
3,1,27926,595.8187866210938,670.3419189453125,261.79962158203125,485.102294921875,0.6808371543884277
4,1,24850,174.78057861328125,740.665771484375,177.50808715820312,289.7921142578125,0.46392589807510376
5,10,21771,641.2177734375,290.5856018066406,190.3668212890625,180.14547729492188,0.9747187495231628
6,10,1900,643.29833984375,844.30615234375,189.07318115234375,188.1693115234375,0.9405364394187927
7,10,29451,104.3044662475586,234.34402465820312,409.4749526977539,220.4638671875,0.9334806203842163
8,10,16548,102.92552947998047,806.5233154296875,241.25739288330078,237.47705078125,0.8741535544395447
9,100,33009,520.371826171875,789.9083251953125,383.993896484375,210.53143310546875,0.9816178679466248
10,100,1900,135.65737915039062,244.287841796875,189.50912475585938,160.65170288085938,0.9528031945228577
11,100,16548,585.2471313476562,130.80960083007812,233.24566650390625,225.32266235351562,0.9156619310379028
12,100,18110,45.63506317138672,745.9791259765625,309.5164566040039,298.7857666015625,0.43045008182525635
13,1003,3483,608.287353515625,790.8056640625,273.92364501953125,209.55657958984375,0.9346088767051697
14,1003,34597,41.02897644042969,161.47171020507812,440.7416534423828,412.3136291503906,0.9303808808326721
15,1003,27733,123.03024291992188,769.8548583984375,313.6013488769531,272.2054443359375,0.9284793734550476
16,1003,16232,646.8115234375,185.27053833007812,194.141845703125,178.38473510742188,0.9055411219596863
17,1004,34597,507.56036376953125,661.9927978515625,459.1883544921875,432.8365478515625,0.9549056887626648
18,1004,27733,564.9921875,260.6517028808594,301.9847412109375,266.8854064941406,0.9178657531738281
19,1004,16232,139.7496795654297,891.1627197265625,199.66770935058594,194.3355712890625,0.9032801389694214
20,1004,3483,123.53804779052734,308.72003173828125,272.0134048461914,198.56060791015625,0.8913819789886475
21,1005,27733,88.79867553710938,727.0458984375,318.3336181640625,277.7440185546875,0.9282262325286865
22,1005,16232,618.4100341796875,182.64541625976562,189.281005859375,177.4317626953125,0.9142004251480103
23,1005,3483,580.4197998046875,759.6441040039062,275.34466552734375,210.6904296875,0.9102580547332764
24,1005,34597,24.136924743652344,128.89999389648438,433.24491119384766,418.3335876464844,0.8912016749382019
25,1006,25367,41.85691833496094,176.82228088378906,447.4369659423828,424.9592742919922,0.9546579718589783
26,1006,20238,619.352294921875,195.1197509765625,224.129638671875,218.14105224609375,0.8874012231826782
27,1006,3483,603.6871948242188,846.1834716796875,276.36285400390625,185.8419189453125,0.8713266253471375
28,1006,25469,47.71446228027344,857.0242919921875,377.6648712158203,217.62646484375,0.8327165246009827
29,1007,25367,27.410812377929688,153.67156982421875,432.70948791503906,424.9661865234375,0.9531443119049072
30,1007,20238,590.397216796875,190.49392700195312,219.1943359375,214.01885986328125,0.9371076226234436
31,1007,3483,574.7653198242188,811.6281127929688,280.6671142578125,192.11395263671875,0.8656079173088074
32,1007,25469,12.581787109375,813.7936401367188,380.3810119628906,219.11956787109375,0.8204526901245117
33,1009,22347,78.26492309570312,198.8982391357422,202.47848510742188,194.41285705566406,0.9129337668418884
34,1009,3483,575.5072631835938,811.8079833984375,280.31097412109375,191.3052978515625,0.8727585673332214
35,1009,16262,546.0172119140625,189.31109619140625,239.2572021484375,226.75347900390625,0.8270294666290283
36,1009,25469,12.721710205078125,813.90087890625,380.3563232421875,218.7601318359375,0.8076184988021851
37,1010,22347,93.27072143554688,204.937744140625,208.17507934570312,198.14068603515625,0.9179849624633789
38,1010,3483,604.198974609375,846.6126708984375,276.00152587890625,186.7034912109375,0.8677258491516113
39,1010,25469,47.37964630126953,858.1534423828125,378.5582809448242,216.5057373046875,0.8349074125289917
40,1010,16262,572.95751953125,194.60708618164062,245.0570068359375,230.166015625,0.8262859582901001
41,1012,16548,611.34814453125,159.02455139160156,231.40771484375,223.65196228027344,0.9120349287986755
42,1012,27926,573.278564453125,631.170166015625,255.8944091796875,484.381103515625,0.888229489326477
43,1012,1900,140.46902465820312,242.01068115234375,199.03338623046875,127.99774169921875,0.8861663341522217
44,1012,24850,137.66128540039062,704.7988891601562,189.27609252929688,292.720947265625,0.6945974826812744
45,1013,16548,104.39193725585938,865.736572265625,243.33453369140625,237.095458984375,0.8867602348327637
46,1013,27926,145.35458374023438,147.63748168945312,254.01028442382812,451.5296325683594,0.8738506436347961
47,1013,1900,631.3174438476562,893.7574462890625,211.37237548828125,131.733154296875,0.8152240514755249
48,1013,24850,637.1239013671875,275.95880126953125,182.9705810546875,275.9901123046875,0.7685549259185791
49,1014,1900,157.37429809570312,251.00436401367188,201.13015747070312,125.560546875,0.9328678250312805
50,1014,16548,639.40966796875,164.7430419921875,237.476806640625,224.198974609375,0.927030086517334
51,1014,27926,599.047119140625,673.3399658203125,255.20306396484375,484.2724609375,0.8473286032676697
52,1014,24850,174.31857299804688,741.2108154296875,178.59201049804688,290.0262451171875,0.5132713317871094
53,1015,20877,117.3175048828125,768.362548828125,330.43280029296875,231.7852783203125,0.9305158853530884
54,1015,3483,653.05712890625,749.631591796875,208.9083251953125,269.44580078125,0.9253074526786804
55,1015,30308,67.78083801269531,124.86747741699219,394.6479034423828,402.99391174316406,0.8724868893623352
56,1015,35206,661.0354614257812,171.09832763671875,219.6759033203125,406.8670654296875,0.8672791719436646
57,1016,35206,98.09989929199219,671.929931640625,230.2452850341797,409.09326171875,0.8723745346069336
58,1016,20877,546.61279296875,294.77655029296875,329.90545654296875,233.64324951171875,0.8561179041862488
59,1016,30308,538.35693359375,720.7202758789062,409.5159912109375,413.34783935546875,0.8396224975585938
60,1016,3483,141.673095703125,293.57037353515625,210.635009765625,254.93505859375,0.7856728434562683
61,1018,29667,88.11206817626953,861.1241455078125,231.52062225341797,228.7786865234375,0.9238225221633911
62,1018,27733,561.2010498046875,257.4062805175781,301.7078857421875,263.1995544433594,0.9213669300079346
63,1018,3483,123.57054901123047,308.34521484375,272.2222366333008,198.92514038085938,0.8887724876403809
64,1018,30308,437.9388427734375,740.7989501953125,476.529541015625,307.3802490234375,0.4189555048942566
65,1019,3483,608.126953125,790.8665771484375,273.45172119140625,208.1710205078125,0.9402732253074646
66,1019,27733,129.700927734375,776.2491455078125,312.5201416015625,274.098388671875,0.9342076182365417
67,1019,29667,667.5054931640625,179.8387908935547,225.49896240234375,215.6366729736328,0.873341977596283
68,1019,30308,90.59894561767578,214.54811096191406,461.2140426635742,292.32481384277344,0.694171130657196
69,102,1900,151.64138793945312,254.89671325683594,194.54345703125,161.49122619628906,0.9722431302070618
70,102,33009,550.8631591796875,836.9378662109375,370.9661865234375,198.7274169921875,0.9564691185951233
71,102,16548,613.5748291015625,135.47183227539062,238.96209716796875,227.733154296875,0.9184132218360901
72,102,18110,78.9804916381836,795.5364379882812,309.48416900634766,286.31402587890625,0.5393102169036865
73,1020,29667,639.0550537109375,176.98611450195312,219.3856201171875,213.57147216796875,0.9245765209197998
74,1020,27733,93.47869873046875,733.1292724609375,319.304443359375,277.9912109375,0.9229027032852173
75,1020,3483,579.8721313476562,759.588134765625,275.9716796875,209.642333984375,0.901065468788147
76,1020,30308,77.56883239746094,190.09278869628906,447.4654083251953,293.45945739746094,0.7935803532600403
77,1022,29451,33.7353515625,805.1333618164062,421.054931640625,219.17327880859375,0.9040285348892212
78,1022,33208,582.0499267578125,811.0350341796875,213.9315185546875,205.3792724609375,0.9009299874305725
79,1022,16551,623.841064453125,22.545127868652344,285.4669189453125,472.0724868774414,0.8833912014961243
80,1022,1900,148.39328002929688,240.50750732421875,179.40914916992188,181.21484375,0.8197948336601257
81,1023,29451,69.664306640625,844.971435546875,419.5001220703125,216.663818359375,0.9260550737380981
82,1023,33208,610.2698974609375,843.005859375,211.95166015625,201.003662109375,0.8854110836982727
83,1023,16551,656.6748046875,25.81066131591797,287.227783203125,482.20584869384766,0.8665513396263123
84,1023,1900,167.35333251953125,247.63238525390625,182.80206298828125,183.40972900390625,0.8362319469451904
85,1025,28763,644.0235595703125,862.3253173828125,224.62646484375,210.3553466796875,0.9454758763313293
86,1025,16262,108.53351593017578,835.7847900390625,251.28856658935547,242.69921875,0.8659675121307373
87,1025,20877,545.4923095703125,292.39306640625,331.25244140625,235.449951171875,0.8494675159454346
88,1025,3483,144.0533447265625,292.6441955566406,208.72830200195312,254.04653930664062,0.7829112410545349
89,1026,20877,115.33077239990234,768.470458984375,331.6261672973633,232.32421875,0.9388361573219299
90,1026,3483,650.84716796875,751.2757568359375,211.16912841796875,267.9986572265625,0.9307337999343872
91,1026,28763,135.25759887695312,204.87632751464844,215.97650146484375,202.3472442626953,0.9263107180595398
92,1026,16262,630.5908203125,192.1636962890625,242.85308837890625,229.611572265625,0.7885020971298218
93,1027,13900,190.65345764160156,285.3943176269531,199.0670623779297,235.40719604492188,0.92271888256073
94,1027,3351,353.66888427734375,883.712890625,190.94879150390625,188.085205078125,0.6412146091461182
95,1027,16232,599.9989013671875,263.0908203125,185.9464111328125,186.45147705078125,0.4216862618923187
96,1028,3351,391.05438232421875,157.736328125,186.29351806640625,185.27301025390625,0.8984583020210266
97,1028,13900,553.5155029296875,707.0941772460938,204.741943359375,248.75732421875,0.8917509317398071
98,1028,16232,134.79153442382812,780.07861328125,193.5338134765625,189.36669921875,0.8286154866218567
99,1029,13900,592.9388427734375,798.2630004882812,200.437744140625,242.67950439453125,0.9437633156776428
100,1029,3351,434.29541015625,215.31082153320312,185.043212890625,183.541259765625,0.8538364768028259
101,1029,16232,178.52500915527344,865.3872680664062,188.7680206298828,191.94818115234375,0.5432856678962708
102,1030,27733,89.60193634033203,726.71142578125,318.9756393432617,279.51812744140625,0.9301297068595886
103,1030,3483,581.1709594726562,759.4855346679688,275.87554931640625,209.6392822265625,0.9214720726013184
104,1030,34597,42.54707336425781,142.0221710205078,447.1295928955078,412.9464569091797,0.890725314617157
105,1030,35206,569.671142578125,117.86148071289062,253.76422119140625,381.5370178222656,0.8434242606163025
106,1034,28763,650.03271484375,882.7731323242188,223.8487548828125,214.71954345703125,0.9583346843719482
107,1034,3483,150.27499389648438,220.00732421875,246.92333984375,218.76654052734375,0.8915684819221497
108,1034,36637,94.08565521240234,907.26611328125,277.1434097290039,166.380859375,0.7722700834274292
109,1034,19861,637.8206787109375,277.1168212890625,220.03887939453125,170.03070068359375,0.6037927269935608
110,1039,28763,127.076416015625,214.31236267089844,213.2489013671875,201.1087188720703,0.9654945731163025
111,1039,3483,603.9779663085938,846.593017578125,276.08306884765625,185.9637451171875,0.8659831285476685
112,1039,25469,46.97223663330078,858.5322265625,378.18651580810547,216.7899169921875,0.8334771394729614
113,1039,16262,572.9661865234375,194.01812744140625,244.77825927734375,230.73544311523438,0.7999072670936584
114,104,21325,615.085693359375,760.1583251953125,176.25701904296875,231.1932373046875,0.9168980121612549
115,104,3351,324.920654296875,204.87258911132812,181.39190673828125,185.204345703125,0.8120225667953491
116,104,18357,107.58552551269531,609.2421875,248.5780487060547,372.25958251953125,0.8029000163078308
117,1041,28763,654.6014404296875,852.0250244140625,221.74072265625,214.7384033203125,0.9348757266998291
118,1041,3483,124.81380462646484,270.63348388671875,273.08216094970703,190.1746826171875,0.9015964269638062
119,1041,16262,165.78506469726562,834.2701416015625,252.42178344726562,242.0855712890625,0.8799227476119995
120,1041,25469,572.661865234375,231.93077087402344,372.2867431640625,217.9479217529297,0.8495078682899475
121,1043,3351,312.8118591308594,170.6372833251953,183.02496337890625,185.26588439941406,0.8781155347824097
122,1043,18357,50.05268096923828,627.8237915039062,270.17382049560547,353.21368408203125,0.8431150913238525
123,1043,35206,510.9042663574219,605.1859130859375,250.07656860351562,414.776611328125,0.8099424242973328
124,1044,3351,354.3341369628906,228.8017578125,184.70968627929688,180.74322509765625,0.8569532036781311
125,1044,18357,93.36624908447266,725.0279541015625,267.89962005615234,348.94921875,0.8194484710693359
126,1044,35206,552.8363037109375,703.054931640625,240.2705078125,407.42431640625,0.69688880443573
127,1045,28763,133.51707458496094,211.5978240966797,212.0841522216797,200.5103302001953,0.9615709185600281
128,1045,29667,593.657470703125,179.22500610351562,221.905029296875,214.12582397460938,0.929919958114624
129,1045,20877,45.300445556640625,756.7046508789062,323.5611267089844,247.561767578125,0.916190505027771
130,1045,3483,623.999755859375,718.802978515625,210.3466796875,271.27099609375,0.9139166474342346
131,1046,20877,74.68097686767578,799.2921142578125,324.4255905151367,242.3822021484375,0.9471835494041443
132,1046,28763,152.21054077148438,223.38912963867188,213.58328247070312,201.35476684570312,0.9421269297599792
133,1046,3483,650.2412109375,752.1160888671875,211.3934326171875,267.7471923828125,0.9154568910598755
134,1046,29667,623.2584228515625,183.13011169433594,222.7220458984375,217.2260284423828,0.8952993154525757
135,1047,28763,626.895263671875,845.2340087890625,221.3101806640625,211.288330078125,0.9210996031761169
136,1047,29667,134.5659637451172,861.4840698242188,231.07447814941406,227.71417236328125,0.9094172120094299
137,1047,20877,589.6053466796875,259.636474609375,326.20098876953125,241.35763549804688,0.9052938222885132
138,1047,3483,143.33233642578125,292.42449951171875,208.8817138671875,253.87579345703125,0.7950258851051331
139,1050,22627,88.3807373046875,177.69851684570312,342.15911865234375,464.9513244628906,0.8702129125595093
140,1050,2483,648.3873291015625,82.02224731445312,199.8809814453125,481.1584167480469,0.8372958302497864
141,1050,22362,605.6458129882812,781.1514282226562,258.314208984375,401.98358154296875,0.8119359612464905
142,1050,5094,138.0634307861328,848.8455200195312,275.4656219482422,272.53485107421875,0.7471465468406677
143,1051,23223,490.47314453125,655.9273681640625,379.9564208984375,468.670166015625,0.8723189234733582
144,1051,5094,549.8329467773438,191.73104858398438,268.76190185546875,267.3952941894531,0.8571385145187378
145,1051,4378,136.82449340820312,109.84130859375,211.5418701171875,433.0552978515625,0.849489688873291
146,1051,2483,88.24440002441406,677.5759887695312,235.08726501464844,475.27581787109375,0.8438379168510437
147,1053,23223,73.0654525756836,74.16645050048828,382.37305450439453,466.93187713623047,0.8867522478103638
148,1053,2483,620.3570556640625,47.89772033691406,215.18951416015625,485.63475036621094,0.8448348641395569
149,1053,4378,587.4916381835938,703.3411865234375,221.79229736328125,446.8206787109375,0.8371376395225525
150,1053,5094,106.4285659790039,798.8438720703125,276.6727828979492,277.019287109375,0.8363319635391235
151,1055,27733,82.8573989868164,733.47216796875,323.1426315307617,267.15478515625,0.9312731027603149
152,1055,3483,571.1718139648438,768.0142822265625,277.4334716796875,205.95703125,0.9297133088111877
153,1055,29667,647.4815673828125,185.35133361816406,218.7049560546875,213.3663787841797,0.9210556149482727
154,1055,31885,58.80653381347656,34.484291076660156,417.21214294433594,486.08699798583984,0.9046909213066101
155,1056,27733,117.11421966552734,774.4957885742188,320.25479888916016,265.62176513671875,0.933793842792511
156,1056,31885,71.81398010253906,50.38219451904297,436.6483917236328,489.83472442626953,0.9304810762405396
157,1056,3483,600.0820922851562,799.71484375,276.48638916015625,203.6263427734375,0.930429995059967
158,1056,29667,677.933349609375,188.73532104492188,223.1353759765625,215.20404052734375,0.8278892636299133
159,1057,12778,82.07508087158203,75.0485610961914,332.09923553466797,500.80171966552734,0.9265711307525635
160,1057,4378,641.8509521484375,707.050048828125,221.019287109375,449.3212890625,0.9059106111526489
161,1057,2483,612.3595581054688,66.48979187011719,239.4610595703125,470.7436065673828,0.8889229893684387
162,1057,25438,109.03812408447266,828.9552001953125,255.0122299194336,253.96337890625,0.8834333419799805
163,1058,2483,599.5076293945312,101.54840087890625,249.59075927734375,459.81475830078125,0.9433713555335999
164,1058,12778,86.10210418701172,117.90327453613281,324.6019973754883,491.54832458496094,0.9080776572227478
165,1058,4378,655.5535888671875,709.5390625,213.11248779296875,465.3658447265625,0.8971413373947144
166,1058,25438,109.93270111083984,840.8922119140625,258.9958267211914,263.4072265625,0.8754679560661316
167,1060,13395,111.79130554199219,50.59303283691406,237.21180725097656,477.79820251464844,0.8950167298316956
168,1060,25438,556.0971069335938,205.62442016601562,245.99749755859375,249.12210083007812,0.8822136521339417
169,1060,22627,530.2926635742188,640.98681640625,355.01495361328125,468.9189453125,0.8586251735687256
170,1060,2483,116.39563751220703,680.7200927734375,214.17864227294922,479.62353515625,0.8433223962783813
171,1064,34597,59.700355529785156,133.67323303222656,448.90535736083984,411.1415252685547,0.9139627814292908
172,1064,20238,617.0214233398438,194.1563720703125,227.1087646484375,218.300537109375,0.875427782535553
173,1064,3483,603.845703125,846.1051025390625,276.6949462890625,186.6796875,0.8745056390762329
174,1064,25469,48.063201904296875,858.2733154296875,377.5785827636719,216.007568359375,0.8335991501808167
175,1065,34597,487.52362060546875,685.3197021484375,459.98358154296875,432.491455078125,0.9563189744949341
176,1065,3483,124.56829071044922,271.0325622558594,274.0309829711914,190.13900756835938,0.9061835408210754
177,1065,25469,572.98779296875,231.94479370117188,371.947998046875,218.63406372070312,0.8567908406257629
178,1065,20238,141.25442504882812,849.4979858398438,228.99734497070312,226.46771240234375,0.8555070161819458
179,1067,31885,554.9280395507812,673.9976806640625,399.2681884765625,526.46875,0.9379734396934509
180,1067,3483,132.0556640625,289.060302734375,277.048583984375,173.8551025390625,0.918352484703064
181,1067,27653,672.6611328125,257.265380859375,220.85400390625,194.79388427734375,0.8839455842971802
182,1067,16262,116.35517120361328,845.075439453125,251.38964080810547,242.83251953125,0.8763360977172852
183,1069,21771,116.24042510986328,203.88458251953125,190.26219940185547,185.676513671875,0.9787507057189941
184,1069,1900,622.451416015625,888.4760131835938,206.282958984375,140.71417236328125,0.9352352023124695
185,1069,16548,643.1181640625,164.9437713623047,236.6571044921875,226.69407653808594,0.9269919395446777
186,1069,21026,137.05543518066406,867.7685546875,180.21336364746094,177.2900390625,0.6522678136825562
187,1070,21771,686.9046020507812,882.9443359375,196.7608642578125,193.767333984375,0.953594446182251
188,1070,21026,671.84375,272.1089172363281,179.291015625,172.90725708007812,0.8767089247703552
189,1070,16548,101.60308837890625,863.6024169921875,243.17431640625,238.71826171875,0.8750287890434265
190,1070,1900,175.5335235595703,281.2191162109375,201.6230926513672,137.632568359375,0.8161178827285767
191,1073,22347,115.4822998046875,199.14248657226562,202.5604248046875,194.35775756835938,0.8827657103538513
192,1073,3483,538.0560302734375,778.23583984375,264.835693359375,226.03167724609375,0.8543066382408142
193,1073,36637,636.5977783203125,178.31234741210938,181.8697509765625,239.09909057617188,0.8501470685005188
194,1073,27777,144.57313537597656,774.257080078125,178.5091094970703,204.136474609375,0.7961985468864441
195,1075,29871,600.803466796875,772.3886108398438,207.529052734375,221.83837890625,0.9360323548316956
196,1075,16551,91.35292053222656,590.8184204101562,337.69041442871094,466.41925048828125,0.927512526512146
197,1075,3544,102.28595733642578,161.86195373535156,204.1946029663086,198.13563537597656,0.9210540056228638
198,1075,4543,610.9323120117188,140.35629272460938,203.46405029296875,199.79312133789062,0.8856695890426636
199,1076,4543,131.29714965820312,917.8756713867188,216.28482055664062,210.45623779296875,0.9771968722343445
200,1076,3544,669.2158203125,899.0255737304688,217.5579833984375,211.91619873046875,0.9271412491798401
201,1076,16551,535.9873046875,190.48980712890625,329.8275146484375,436.26861572265625,0.9126311540603638
202,1076,29871,167.4244384765625,278.55157470703125,203.98910522460938,210.64892578125,0.45242416858673096
203,1077,3544,116.40907287597656,167.09251403808594,210.4969940185547,200.0590362548828,0.9376823902130127
204,1077,16551,130.0703125,645.947998046875,333.46343994140625,454.24072265625,0.9225466847419739
205,1077,4543,639.5578002929688,140.2623291015625,210.67352294921875,203.3389892578125,0.8998294472694397
206,1077,29871,629.971435546875,806.4059448242188,205.8172607421875,218.64752197265625,0.46397292613983154
207,1079,20877,71.0134506225586,797.7247314453125,323.8399429321289,244.229736328125,0.9466326832771301
208,1079,3483,648.9691162109375,754.1641845703125,211.59515380859375,268.2469482421875,0.9145396947860718
209,1079,29667,623.8551025390625,186.71871948242188,225.289306640625,215.25714111328125,0.9090898036956787
210,1079,22347,119.09827423095703,219.03424072265625,206.94466400146484,196.4371337890625,0.8559169173240662
211,108,12778,98.61434173583984,49.12208557128906,295.6124954223633,518.1747894287109,0.9245663285255432
212,108,2483,599.0607299804688,83.26461791992188,249.9041748046875,471.8080749511719,0.8969878554344177
213,108,25438,143.5784912109375,844.056884765625,254.7176513671875,253.1123046875,0.8731790781021118
214,108,22362,584.0706787109375,744.2333984375,262.51904296875,404.9151611328125,0.8493566513061523
215,1080,29667,596.0467529296875,182.1910400390625,220.5133056640625,214.14129638671875,0.9364230632781982
216,1080,20877,41.20758056640625,753.4736328125,322.84210205078125,253.1707763671875,0.9250900149345398
217,1080,3483,620.3843994140625,722.4766845703125,211.2447509765625,270.1666259765625,0.918516993522644
218,1080,22347,103.44661712646484,210.2978515625,200.68634796142578,196.15228271484375,0.8727908134460449
219,1081,44199,93.20744323730469,183.836669921875,254.04335021972656,227.95211791992188,0.9871930480003357
220,1081,1900,609.60693359375,900.1034545898438,206.4979248046875,136.11749267578125,0.9270815253257751
221,1081,16551,481.43621826171875,203.39309692382812,462.420654296875,321.6941223144531,0.9241293668746948
222,1081,21026,124.86011505126953,865.873779296875,180.81670379638672,176.4453125,0.7135800123214722
223,1085,3483,625.392578125,718.0099487304688,209.0118408203125,269.96246337890625,0.9169702529907227
224,1085,20877,87.72266387939453,725.9561157226562,328.39669036865234,240.08331298828125,0.9148741960525513
225,1085,16232,627.9814453125,220.96832275390625,186.68701171875,183.833251953125,0.9023001790046692
226,1085,25367,29.999160766601562,127.61688232421875,440.50230407714844,410.75469970703125,0.8595640659332275
227,1087,3544,133.59423828125,176.27545166015625,204.01544189453125,199.06607055664062,0.9164267182350159
228,1087,16551,87.78202056884766,587.922119140625,292.9187240600586,483.4197998046875,0.8893880248069763
229,1087,31705,570.7857666015625,675.1807861328125,256.54461669921875,455.0784912109375,0.8887342810630798
230,1087,10221,623.0181884765625,204.60574340820312,218.50830078125,214.45584106445312,0.8328455090522766
231,1089,3544,634.379150390625,888.126220703125,216.4119873046875,210.350341796875,0.9360651969909668
232,1089,16551,581.94140625,182.3181915283203,292.27197265625,459.5686492919922,0.8852110505104065
233,1089,31705,150.2470703125,145.07736206054688,256.42437744140625,423.8039855957031,0.8710130453109741
234,1089,10221,105.47272491455078,834.5789794921875,231.94371795654297,224.12646484375,0.7783197164535522
235,109,25367,580.3124389648438,720.2342529296875,387.4189453125,493.71728515625,0.9284635782241821
236,109,3483,149.9842071533203,220.2012481689453,247.12001037597656,218.74803161621094,0.8883594870567322
237,109,35206,109.74189758300781,776.016357421875,301.92478942871094,388.052978515625,0.8727009296417236
238,109,19861,639.4637451171875,278.89178466796875,217.49432373046875,167.19696044921875,0.5527844429016113
239,1092,44199,134.77989196777344,242.097412109375,246.23133850097656,231.778076171875,0.9894905686378479
240,1092,33009,565.2474365234375,212.05345153808594,325.5059814453125,291.46995544433594,0.9317479729652405
241,1092,1900,652.54931640625,849.8828125,210.2178955078125,158.5858154296875,0.8995407819747925
242,1092,16548,82.03388214111328,913.4119873046875,246.07958221435547,238.7239990234375,0.8394978046417236
243,1093,34597,500.9014587402344,692.0907592773438,459.1751403808594,437.93853759765625,0.9577836394309998
244,1093,3483,150.2672576904297,220.5590057373047,246.59986877441406,218.42994689941406,0.8835686445236206
245,1093,16262,100.40596008300781,849.5339965820312,249.59983825683594,242.45843505859375,0.843483567237854
246,1093,19861,639.591796875,278.61676025390625,216.77734375,167.88088989257812,0.5316097736358643
247,1095,34597,48.062591552734375,125.12107849121094,442.0278015136719,413.5128936767578,0.9289836287498474
248,1095,3483,601.62451171875,867.0386962890625,257.6434326171875,227.8031005859375,0.8673306703567505
249,1095,16262,638.533935546875,177.68008422851562,243.30169677734375,229.73541259765625,0.8083488345146179
250,1095,19861,127.3337173461914,865.3884887695312,219.28234100341797,166.11114501953125,0.6755651831626892
251,1096,27993,548.6400146484375,778.7884521484375,308.73779296875,239.2822265625,0.9917178153991699
252,1096,16551,479.483642578125,114.96665954589844,452.20672607421875,323.2355499267578,0.9189988970756531
253,1096,3544,91.44812774658203,196.8462371826172,203.8834457397461,199.2670440673828,0.9162536263465881
254,1096,6563,165.85037231445312,671.8020629882812,220.72561645507812,364.52215576171875,0.7962019443511963
255,1097,27993,575.47265625,815.8143310546875,306.14776611328125,230.0902099609375,0.9879741668701172
256,1097,3544,108.31446838378906,206.01992797851562,208.39881896972656,200.00857543945312,0.9280219078063965
257,1097,16551,506.36810302734375,127.53097534179688,458.3355712890625,324.3336486816406,0.9060531854629517
258,1097,6563,199.58535766601562,715.601806640625,213.74099731445312,360.262451171875,0.8432676196098328
259,1098,27993,127.63805389404297,255.35079956054688,293.6603469848633,229.21798706054688,0.9896196722984314
260,1098,3544,676.1510009765625,860.7996826171875,217.4483642578125,212.74169921875,0.9177355766296387
261,1098,16551,17.614822387695312,786.7747802734375,479.6844940185547,343.096923828125,0.8958958387374878
262,1098,6563,580.2722778320312,234.22808837890625,216.48345947265625,335.59234619140625,0.89310622215271
263,110,25367,42.153778076171875,52.65724182128906,381.0364990234375,475.9347381591797,0.9571405053138733
264,110,3483,601.2252197265625,866.8933715820312,257.490966796875,228.56646728515625,0.872045636177063
265,110,35206,581.0638427734375,94.98615264892578,289.422119140625,378.3225631713867,0.8480411171913147
266,110,19861,127.1396255493164,865.26171875,219.2850570678711,165.830078125,0.6909905672073364
267,1100,36637,636.7147827148438,178.82118225097656,179.49920654296875,241.39707946777344,0.8797505497932434
268,1100,31885,54.79412078857422,100.75122833251953,414.10327911376953,485.9729537963867,0.8103430271148682
269,1100,3483,537.5499877929688,778.094482421875,264.71044921875,225.78125,0.8094096183776855
270,1100,27777,145.4283905029297,775.1425170898438,177.0817108154297,204.144287109375,0.8006685972213745
271,1101,36637,666.2227783203125,181.65374755859375,183.870849609375,247.3067626953125,0.8719907999038696
272,1101,3483,563.9033203125,813.1439208984375,264.525146484375,219.4564208984375,0.8174648284912109
273,1101,27777,177.34725952148438,811.3992919921875,174.71878051757812,199.31243896484375,0.8161535859107971
274,1101,31885,69.18693542480469,120.97118377685547,437.28782653808594,493.7418899536133,0.8135257363319397
275,1105,3483,608.4677124023438,790.162109375,274.92919921875,210.4071044921875,0.9426578879356384
276,1105,27733,123.99730682373047,770.2860107421875,313.79895782470703,272.4754638671875,0.9311937093734741
277,1105,22347,111.65138244628906,211.29718017578125,206.90025329589844,197.05368041992188,0.8845102190971375
278,1105,35206,602.5513916015625,124.25960540771484,256.8675537109375,391.27994537353516,0.8212143182754517
279,1109,28763,140.30902099609375,226.11947631835938,214.14227294921875,201.61666870117188,0.9326090812683105
280,1109,3483,588.211669921875,845.9276733398438,284.9034423828125,165.5364990234375,0.8837035298347473
281,1109,27653,96.54533386230469,854.2467041015625,221.37794494628906,204.9522705078125,0.8822636008262634
282,1109,16262,622.764404296875,180.60569763183594,243.03271484375,233.13816833496094,0.782146155834198
283,1111,28763,116.01958465576172,188.36341857910156,207.76300811767578,199.95603942871094,0.9545037746429443
284,1111,3483,560.0467529296875,812.7623291015625,287.06134033203125,172.77935791015625,0.8872997164726257
285,1111,29667,603.8440551757812,176.46102905273438,217.5518798828125,213.52923583984375,0.885789692401886
286,1111,27653,61.28349304199219,810.344970703125,225.32398986816406,210.4583740234375,0.8852189183235168
287,1114,3483,131.29544067382812,288.57110595703125,277.6905212402344,173.93280029296875,0.9228578209877014
288,1114,27653,673.2361450195312,257.29681396484375,219.93499755859375,193.85491943359375,0.8948474526405334
289,1114,35206,105.69442749023438,686.039306640625,204.81536865234375,417.1087646484375,0.8758313655853271
290,1114,30308,558.861572265625,697.960205078125,398.9263916015625,419.4833984375,0.8308960795402527
291,1115,30308,42.844505310058594,124.40971374511719,374.9618606567383,402.90467834472656,0.8917641043663025
292,1115,3483,560.4190673828125,812.6353759765625,286.2935791015625,172.8187255859375,0.8893299102783203
293,1115,27653,62.92567443847656,810.7955932617188,223.89259338378906,210.76629638671875,0.8770532011985779
294,1115,35206,650.3648681640625,143.31253051757812,198.2049560546875,397.5363464355469,0.8396158814430237
295,1116,27653,95.94436645507812,852.9452514648438,221.58447265625,206.15631103515625,0.8862960934638977
296,1116,3483,588.0714721679688,846.4547729492188,283.46466064453125,165.31768798828125,0.8751224875450134
297,1116,30308,52.79460906982422,139.67495727539062,391.2259292602539,416.7728576660156,0.8533070087432861
298,1116,35206,678.31103515625,150.5584716796875,205.8343505859375,408.2857666015625,0.8274838924407959
299,1118,29871,198.04751586914062,240.47218322753906,170.44717407226562,232.1876678466797,0.959711492061615
300,1118,3544,676.1434936523438,858.7353515625,216.10980224609375,213.90478515625,0.9360190033912659
301,1118,6563,584.5817260742188,238.95480346679688,217.25799560546875,335.2423400878906,0.9027062058448792
302,1118,16548,99.39094543457031,880.2728271484375,243.52406311035156,240.9757080078125,0.8417076468467712
303,1119,3544,108.4487075805664,207.57850646972656,208.7719955444336,201.4690399169922,0.9358117580413818
304,1119,16548,643.8035888671875,146.7918701171875,236.438232421875,226.68411254882812,0.9139516353607178
305,1119,6563,194.9556884765625,710.6134643554688,212.35089111328125,357.05352783203125,0.887953519821167
306,1119,29871,632.50244140625,826.600830078125,169.67559814453125,238.197021484375,0.7502435445785522
307,112,33009,563.5049438476562,809.97998046875,366.94732666015625,208.10302734375,0.9620988368988037
308,112,3544,126.73808288574219,235.28305053710938,207.5946807861328,201.4813232421875,0.9055511951446533
309,112,16551,157.3069610595703,585.4486694335938,305.2662811279297,473.30718994140625,0.9028871655464172
310,112,10221,632.8119506835938,199.3516845703125,224.02728271484375,215.30908203125,0.7877864837646484
311,1121,28763,620.0745239257812,859.4506225585938,224.3927001953125,212.42181396484375,0.9419111609458923
312,1121,3483,124.54841613769531,270.400634765625,273.22181701660156,190.19491577148438,0.9076518416404724
313,1121,29667,137.66842651367188,870.5712280273438,230.96829223632812,227.77178955078125,0.873867392539978
314,1121,25469,573.3941040039062,186.52084350585938,330.43890380859375,285.0001525878906,0.7960850596427917
315,1123,25367,495.7505798339844,670.621826171875,446.2543029785156,433.666015625,0.936809778213501
316,1123,27733,564.6552734375,261.2188720703125,302.22430419921875,265.4725341796875,0.9260919690132141
317,1123,3483,123.99066925048828,308.0748596191406,271.1720504760742,199.33169555664062,0.881283700466156
318,1123,16262,150.9777069091797,801.0748291015625,250.8477325439453,243.52783203125,0.8585390448570251
319,1125,3483,608.0581665039062,791.4724731445312,273.54949951171875,209.2047119140625,0.9365735054016113
320,1125,27733,123.54788970947266,769.7946166992188,313.51107025146484,272.10162353515625,0.9250394105911255
321,1125,25367,63.2989501953125,159.95750427246094,441.39007568359375,424.2405548095703,0.9018996953964233
322,1125,16262,589.093505859375,225.01205444335938,243.3880615234375,232.59445190429688,0.8789438009262085
323,1126,31885,510.8352355957031,728.83837890625,458.6160583496094,475.1522216796875,0.9646013975143433
324,1126,16262,109.2844009399414,833.7470703125,251.02449798583984,243.226318359375,0.8779411315917969
325,1126,20877,546.2425537109375,294.663330078125,326.4510498046875,231.981689453125,0.8774072527885437
326,1126,3483,145.27859497070312,292.0461730957031,207.85324096679688,253.85098266601562,0.7817819714546204
327,1129,27733,565.1701049804688,260.875,301.71966552734375,264.3287353515625,0.9312973618507385
328,1129,22347,681.1773071289062,827.11962890625,213.16192626953125,207.943115234375,0.9045996069908142
329,1129,20238,113.31405639648438,853.9828491210938,231.90261840820312,226.49298095703125,0.881675660610199
330,1129,3483,121.19034576416016,307.1102600097656,272.1499557495117,199.00057983398438,0.8754454255104065
331,113,33009,78.7625503540039,268.8427429199219,357.8106002807617,219.78057861328125,0.9782193899154663
332,113,3544,657.9241333007812,832.3272705078125,215.89935302734375,212.2576904296875,0.9193710684776306
333,113,16551,533.932861328125,227.55714416503906,303.09112548828125,461.2740936279297,0.9096167683601379
334,113,10221,123.59244537353516,844.7066650390625,232.2544174194336,226.8890380859375,0.8538029789924622
335,1135,1900,151.99383544921875,255.2820587158203,194.75296020507812,160.8975067138672,0.9653636813163757
336,1135,16551,607.5880126953125,53.41705322265625,284.7471923828125,483.56732177734375,0.8420491218566895
337,1135,33009,549.1527709960938,835.3372802734375,368.233642578125,198.5894775390625,0.835254430770874
338,1135,18110,78.93898010253906,795.7830810546875,309.1137237548828,286.1617431640625,0.5523548126220703
339,1136,33009,88.95008087158203,256.3616638183594,361.43480682373047,207.90029907226562,0.9767019748687744
340,1136,1900,643.220458984375,855.1624755859375,203.61602783203125,172.095947265625,0.8737652897834778
341,1136,16551,90.62149810791016,701.1730346679688,294.6549301147461,498.24908447265625,0.872942328453064
342,1136,18110,612.0081787109375,219.20730590820312,300.6829833984375,287.02392578125,0.7905593514442444
343,1138,34597,33.01475524902344,82.922119140625,368.83314514160156,481.10980224609375,0.9264426827430725
344,1138,3483,562.4910888671875,812.22900390625,286.55096435546875,172.4395751953125,0.8799232244491577
345,1138,27653,65.4018325805664,810.933349609375,223.9731674194336,210.8416748046875,0.8776973485946655
346,1138,20238,595.140625,174.45594787597656,218.54736328125,212.0374298095703,0.8618531227111816
347,114,33009,532.391845703125,764.4723510742188,376.9990234375,222.60345458984375,0.9753767848014832
348,114,16551,123.64444732666016,536.662353515625,309.19002532958984,477.57708740234375,0.9190887212753296
349,114,3544,110.1028060913086,224.93655395507812,204.0080337524414,200.0899658203125,0.9112122654914856
350,114,10221,604.757568359375,191.64138793945312,219.8848876953125,214.79595947265625,0.8142126798629761
351,1140,34597,47.61375427246094,117.851806640625,377.00523376464844,471.63604736328125,0.9224550724029541
352,1140,27653,97.53463745117188,854.9138793945312,221.3787841796875,204.61468505859375,0.8842632174491882
353,1140,3483,589.0029296875,846.70703125,285.269287109375,164.571533203125,0.8797500729560852
354,1140,20238,623.7991333007812,177.66085815429688,224.61456298828125,215.47210693359375,0.8387786149978638
355,1141,23223,572.3472900390625,569.4695434570312,298.98193359375,507.64410400390625,0.9379720687866211
356,1141,25438,556.727783203125,194.1405029296875,246.43353271484375,252.17691040039062,0.8603922724723816
357,1141,12081,65.07164001464844,119.66190338134766,229.35276794433594,423.64669036865234,0.8339650630950928
358,1141,2483,63.58600616455078,651.5396118164062,300.6671676635742,445.80267333984375,0.784760594367981
359,1142,23223,68.79971313476562,133.80450439453125,295.5098571777344,495.73431396484375,0.9473828673362732
360,1142,2483,572.7147827148438,116.80181884765625,305.9281005859375,451.451416015625,0.8649375438690186
361,1142,25438,121.93336486816406,821.298828125,253.14610290527344,253.7103271484375,0.8393371105194092
362,1142,12081,647.449951171875,703.0191650390625,240.9002685546875,448.384765625,0.8025280237197876
363,1143,23223,68.80581665039062,164.29869079589844,296.17376708984375,500.62940979003906,0.9375763535499573
364,1143,2483,567.79150390625,153.23760986328125,309.30072021484375,434.45953369140625,0.8480830192565918
365,1143,25438,123.01810455322266,830.3067016601562,259.71041107177734,266.27801513671875,0.8253359198570251
366,1143,12081,655.41455078125,707.3287353515625,251.68212890625,464.1798095703125,0.8162781596183777
367,1144,31885,56.323089599609375,170.9783935546875,435.0672302246094,487.443359375,0.8959051370620728
368,1144,16262,574.4678955078125,194.47853088378906,241.9761962890625,230.24522399902344,0.861260175704956
369,1144,3483,604.578125,845.8499145507812,275.4244384765625,187.25091552734375,0.8576603531837463
370,1144,25469,47.826995849609375,858.182861328125,377.3127746582031,216.477294921875,0.8419304490089417
371,1148,3351,383.64678955078125,161.0088348388672,185.29248046875,186.4813995361328,0.8746715188026428
372,1148,16232,145.06991577148438,731.163330078125,196.1201171875,192.56317138671875,0.8740159869194031
373,1148,41768,552.890869140625,632.2138061523438,274.06292724609375,304.14385986328125,0.8245531320571899
374,1149,3351,426.89398193359375,221.71981811523438,182.97967529296875,180.71090698242188,0.8629612326622009
375,1149,16232,188.18206787109375,821.162109375,192.63946533203125,189.0106201171875,0.817721962928772
376,1149,41768,595.117431640625,720.799072265625,267.40545654296875,309.8673095703125,0.7998871207237244
377,115,25367,494.5271301269531,647.6473999023438,422.9709167480469,463.50518798828125,0.9267115592956543
378,115,27733,559.74755859375,256.5694580078125,301.797607421875,264.015869140625,0.9177568554878235
379,115,3483,122.53528594970703,308.4054260253906,271.73091888427734,199.67178344726562,0.8879220485687256
380,115,36637,100.93013763427734,882.1671142578125,268.69181060791016,177.8538818359375,0.8752294778823853
381,1150,34597,86.48857116699219,54.22111511230469,397.9898223876953,463.49806213378906,0.9168892502784729
382,1150,29667,630.4208374023438,164.97073364257812,222.6190185546875,213.31820678710938,0.9094851613044739
383,1150,3483,563.1399536132812,813.505859375,264.63177490234375,219.55126953125,0.821038544178009
384,1150,27777,176.55612182617188,811.5650024414062,175.41107177734375,199.53155517578125,0.8171907067298889
385,1153,16232,645.2259521484375,176.21585083007812,191.4508056640625,186.71014404296875,0.9128917455673218
386,1153,3483,601.193115234375,867.4378662109375,258.12542724609375,228.7119140625,0.8685144782066345
387,1153,22347,144.196044921875,208.92422485351562,207.38336181640625,198.18682861328125,0.8670864701271057
388,1153,19861,127.03926849365234,866.090576171875,219.65958404541016,165.4256591796875,0.6953206658363342
389,1154,16232,615.8421630859375,173.56808471679688,186.942138671875,180.31082153320312,0.8883808255195618
390,1154,3483,572.2489624023438,837.9344482421875,262.71490478515625,227.9075927734375,0.8612574338912964
391,1154,22347,125.89134216308594,201.37820434570312,203.9049835205078,194.20242309570312,0.8514998555183411
392,1154,19861,90.48656463623047,827.017822265625,227.6822280883789,176.91131591796875,0.8183947205543518
393,1155,22347,640.6348876953125,860.47802734375,214.16357421875,210.543212890625,0.9013518691062927
394,1155,3483,150.47119140625,220.39749145507812,246.29278564453125,217.69277954101562,0.8911810517311096
395,1155,16232,145.09991455078125,900.092041015625,194.28543090820312,190.8614501953125,0.8308005332946777
396,1155,19861,637.9281616210938,277.5497741699219,219.5953369140625,169.54025268554688,0.6003638505935669
397,1156,13900,183.26220703125,283.7376708984375,205.28216552734375,228.5426025390625,0.9037964940071106
398,1156,16262,570.8193969726562,310.73333740234375,242.5885009765625,233.08905029296875,0.8252199292182922
399,1156,3351,391.19598388671875,858.50537109375,193.3074951171875,189.9188232421875,0.635869026184082
400,1157,3351,354.44549560546875,182.15560913085938,184.01507568359375,188.78683471679688,0.8564819097518921
401,1157,16262,110.16132354736328,675.76953125,247.58208465576172,246.5047607421875,0.8545024394989014
402,1157,13900,553.8104248046875,714.1259155273438,211.8902587890625,243.6378173828125,0.8288798332214355
403,1158,13900,593.6253662109375,805.6568603515625,208.074951171875,236.7041015625,0.8824512362480164
404,1158,3351,397.0448303222656,243.99530029296875,183.32565307617188,180.67901611328125,0.8799068927764893
405,1158,16262,153.15269470214844,768.0693969726562,244.20887756347656,236.3336181640625,0.8559297323226929
406,1159,18357,152.75611877441406,302.0555114746094,240.1893768310547,354.3147888183594,0.8706003427505493
407,1159,16232,644.7410888671875,294.5868225097656,190.061279296875,194.30520629882812,0.8592482805252075
408,1159,3351,402.876953125,810.7864990234375,187.158447265625,187.67901611328125,0.7766371965408325
409,1161,3351,387.8941345214844,281.6685791015625,182.01956176757812,179.70040893554688,0.850610613822937
410,1161,18357,584.1689453125,616.1812744140625,241.2518310546875,370.230712890625,0.8171314001083374
411,1161,16232,131.0405731201172,816.304443359375,190.5780792236328,187.0609130859375,0.7872859835624695
412,1163,29451,489.07745361328125,810.0344848632812,413.77398681640625,234.02984619140625,0.9400795698165894
413,1163,3544,118.37669372558594,184.6265869140625,209.0935821533203,201.634033203125,0.9162119030952454
414,1163,16551,41.60484313964844,601.8903198242188,305.57081604003906,470.58013916015625,0.8530721068382263
415,1163,10221,657.471435546875,198.47251892089844,224.647216796875,213.18312072753906,0.7744616866111755
416,1164,29451,465.6010437011719,771.7344970703125,415.6476135253906,242.3175048828125,0.954673171043396
417,1164,3544,102.85613250732422,179.11715698242188,203.93061065673828,200.64328002929688,0.9187371730804443
418,1164,16551,13.433237075805664,556.06640625,302.7787685394287,476.7301025390625,0.9008420705795288
419,1164,10221,626.964111328125,191.11618041992188,220.6011962890625,216.62985229492188,0.7621991038322449
420,1166,25367,567.2258911132812,686.4102172851562,397.9224853515625,483.77313232421875,0.938598096370697
421,1166,3483,125.8828353881836,272.1181640625,270.28125762939453,187.83184814453125,0.9105673432350159
422,1166,25469,572.8895874023438,186.01510620117188,329.02215576171875,286.3323669433594,0.7761760950088501
423,1166,36637,132.37185668945312,827.411376953125,181.59768676757812,263.8729248046875,0.7463729977607727
424,1167,25367,47.57427215576172,93.29460144042969,387.44385528564453,470.48561096191406,0.9630138874053955
425,1167,3483,603.5729370117188,847.296875,276.458740234375,185.76171875,0.8784244060516357
426,1167,36637,674.6350708007812,172.5385284423828,174.1429443359375,254.30271911621094,0.8309887051582336
427,1167,25469,87.68058776855469,831.1615600585938,341.67115783691406,302.25115966796875,0.805411159992218
428,1168,29667,591.9532470703125,170.19009399414062,217.973388671875,213.98757934570312,0.946760892868042
429,1168,3483,574.4517822265625,812.1583251953125,280.50537109375,190.3302001953125,0.8700371980667114
430,1168,30308,42.84351348876953,16.119461059570312,346.59236907958984,425.84754943847656,0.8584040999412537
431,1168,25469,46.88026428222656,789.0533447265625,351.52024841308594,300.8052978515625,0.8022163510322571
432,1170,29667,619.35009765625,173.94142150878906,221.1497802734375,215.92564392089844,0.9285333752632141
433,1170,3483,603.28955078125,846.92529296875,276.5361328125,185.921630859375,0.8757181167602539
434,1170,30308,53.85387420654297,22.25627899169922,360.7461929321289,440.6945266723633,0.8653680682182312
435,1170,25469,86.19781494140625,831.3873291015625,343.1058349609375,300.58349609375,0.806127667427063
436,1171,4543,636.4459228515625,149.37814331054688,207.237548828125,202.11538696289062,0.9663792848587036
437,1171,3544,121.23149871826172,181.29885864257812,205.9013442993164,198.79251098632812,0.9243287444114685
438,1171,16548,580.2764282226562,746.0765991210938,238.62127685546875,233.49224853515625,0.9129123091697693
439,1171,10221,95.58715057373047,790.0047607421875,221.95459747314453,219.1455078125,0.8167397379875183
440,1173,10221,643.8603515625,262.41448974609375,223.0709228515625,210.19140625,0.9349531531333923
441,1173,3544,644.2404174804688,877.700927734375,219.89837646484375,210.8988037109375,0.9250854253768921
442,1173,4543,105.1974105834961,906.4344482421875,212.77881622314453,211.120361328125,0.9034655690193176
443,1173,16548,158.83018493652344,286.0841369628906,234.3280792236328,225.26937866210938,0.8702386617660522
444,1174,29667,125.89900970458984,864.645263671875,230.93567657470703,226.224609375,0.9437735080718994
445,1174,3483,132.20619201660156,288.8039855957031,276.99989318847656,173.9212646484375,0.919130802154541
446,1174,27653,674.1190185546875,257.49090576171875,219.5672607421875,194.4332275390625,0.8879767656326294
447,1174,30308,575.5040283203125,756.5078735351562,392.92724609375,428.04193115234375,0.8298508524894714
448,1176,29667,631.2320556640625,179.14218139648438,225.1732177734375,216.09555053710938,0.8848286867141724
449,1176,27653,94.92839050292969,853.5198974609375,221.45362854003906,204.5628662109375,0.8835282921791077
450,1176,3483,588.00927734375,847.2059326171875,282.26507568359375,164.1063232421875,0.8775045275688171
451,1176,30308,43.36395263671875,76.24824523925781,385.08782958984375,417.5935516357422,0.8755673766136169
452,1178,31885,104.868408203125,45.50762176513672,396.1236572265625,502.6842727661133,0.9180344939231873
453,1178,20238,577.8858642578125,190.5205535888672,217.98663330078125,214.8422393798828,0.9010032415390015
454,1178,27777,146.61102294921875,776.7711181640625,176.31524658203125,205.249755859375,0.8094512224197388
455,1178,3483,538.3106689453125,780.5679321289062,266.9188232421875,225.67657470703125,0.7875934839248657
456,118,16688,422.6600646972656,83.91056060791016,424.3943786621094,516.5622787475586,0.8556462526321411
457,118,3351,457.16436767578125,846.8582153320312,189.37054443359375,191.22235107421875,0.7322026491165161
458,118,13900,62.067710876464844,311.56195068359375,229.49539947509766,212.063232421875,0.6886340975761414
459,1180,21325,187.677490234375,307.359375,166.2529296875,225.4622802734375,0.9408195614814758
460,1180,19232,494.1270446777344,230.8053436279297,325.5860900878906,258.5048065185547,0.9232010245323181
461,1180,3351,394.24957275390625,917.2613525390625,189.88995361328125,190.040283203125,0.6896259784698486
462,1184,21026,683.7576293945312,273.95562744140625,179.013671875,173.30389404296875,0.8871275186538696
463,1184,1900,189.97454833984375,273.386474609375,200.30258178710938,136.5400390625,0.8619522452354431
464,1184,16548,142.08229064941406,879.3861083984375,244.90171813964844,237.4888916015625,0.8342291712760925
465,1184,24850,674.318115234375,827.6231689453125,191.8380126953125,300.19677734375,0.7414348125457764
466,1185,1900,609.9942626953125,900.3343505859375,205.4449462890625,136.2374267578125,0.9298051595687866
467,1185,16548,602.041748046875,149.50572204589844,237.491943359375,225.9951934814453,0.9173778891563416
468,1185,21026,124.91302490234375,865.9725952148438,181.14007568359375,175.98638916015625,0.6885662078857422
469,1186,19552,511.50543212890625,555.0443725585938,317.35687255859375,491.79205322265625,0.9627974629402161
470,1186,4378,137.4736785888672,109.37767028808594,210.9405059814453,432.56922912597656,0.8559632301330566
471,1186,2483,88.37956237792969,678.4374389648438,231.28150939941406,479.28302001953125,0.8444702625274658
472,1186,5094,550.611083984375,189.55233764648438,274.374755859375,268.096923828125,0.7870717644691467
473,1187,19552,108.85372161865234,157.90679931640625,319.2951431274414,484.90374755859375,0.9470558762550354
474,1187,4378,587.8296508789062,703.223388671875,220.38818359375,446.4765625,0.8499443531036377
475,1187,2483,617.5489501953125,48.716888427734375,220.2532958984375,484.2399597167969,0.8482549786567688
476,1187,5094,106.23892974853516,798.8359985351562,276.9446029663086,277.34100341796875,0.8444115519523621
477,1189,22627,98.89405059814453,127.71499633789062,311.9741744995117,492.2783508300781,0.9202296137809753
478,1189,3743,117.58548736572266,784.649658203125,326.24532318115234,320.17822265625,0.911029040813446
479,1189,2483,591.729248046875,70.05073547363281,243.5501708984375,476.0798797607422,0.8681917786598206
480,1189,12081,598.178955078125,707.49755859375,237.16009521484375,452.313232421875,0.6416046023368835
481,119,3351,293.7983703613281,194.28688049316406,185.15960693359375,185.12718200683594,0.8553674817085266
482,119,13900,649.1976928710938,706.571044921875,227.9833984375,224.66522216796875,0.7758697867393494
483,119,16688,81.60736083984375,578.2471923828125,448.55047607421875,572.8477783203125,0.7442668080329895
484,1190,3743,119.99996185302734,795.489013671875,334.9345474243164,328.4793701171875,0.910155177116394
485,1190,22627,102.27013397216797,165.9515380859375,308.34937286376953,486.810791015625,0.8970012664794922
486,1190,2483,583.0821533203125,99.09486389160156,235.2987060546875,474.55381774902344,0.8594470620155334
487,1190,12081,609.8837280273438,711.5969848632812,243.36529541015625,473.18572998046875,0.6615309715270996
488,1191,3743,493.58062744140625,166.72396850585938,317.17266845703125,298.4149169921875,0.9112105369567871
489,1191,2483,88.79562377929688,669.654541015625,258.5951843261719,467.6361083984375,0.8467371463775635
490,1191,22627,529.08984375,587.1777954101562,313.8226318359375,480.16290283203125,0.798362135887146
491,1191,12081,109.2812728881836,108.81446838378906,229.00504302978516,429.26268005371094,0.7078543901443481
492,1192,33009,88.65547180175781,255.13978576660156,362.49916076660156,208.46083068847656,0.9763913750648499
493,1192,1900,643.953369140625,854.955322265625,203.18701171875,172.0626220703125,0.8764971494674683
494,1192,16551,87.17200469970703,693.927001953125,289.43468475341797,490.190185546875,0.865084707736969
495,1192,24850,647.07080078125,207.5615692138672,177.4359130859375,274.04396057128906,0.6703870296478271
496,1194,1900,151.33804321289062,255.09249877929688,194.48617553710938,161.94955444335938,0.9656271934509277
497,1194,16551,611.9937744140625,63.432464599609375,288.43157958984375,478.5389099121094,0.8829184174537659
498,1194,33009,549.1433715820312,835.4077758789062,367.85614013671875,198.51959228515625,0.8394371867179871
499,1194,24850,169.11331176757812,817.71728515625,175.86953735351562,291.184326171875,0.6609066724777222
500,1196,28763,615.4267578125,888.2398681640625,222.0230712890625,212.099365234375,0.8970059156417847
501,1196,35206,139.40609741210938,706.2252197265625,239.87496948242188,410.598876953125,0.8924654126167297
502,1196,3483,171.17495727539062,275.4898681640625,261.9526672363281,220.658203125,0.8750823140144348
503,1196,27777,636.8724365234375,294.490966796875,173.9632568359375,193.8260498046875,0.8168365359306335
504,1197,28763,163.7097930908203,178.55648803710938,214.07579040527344,202.99124145507812,0.8888838291168213
505,1197,35206,617.2601318359375,139.79354858398438,223.948486328125,401.5193176269531,0.8422297835350037
506,1197,3483,566.7255859375,812.7906494140625,264.673828125,218.233642578125,0.8312052488327026
507,1197,27777,179.80445861816406,813.267578125,174.49974060058594,199.43084716796875,0.8215920329093933
508,1198,28763,131.52691650390625,213.65969848632812,210.8907470703125,204.8006591796875,0.9223927855491638
509,1198,3483,566.762939453125,815.0940551757812,262.74810791015625,219.77252197265625,0.8220676779747009
510,1198,27777,178.9305419921875,813.551513671875,174.21734619140625,200.0447998046875,0.8194714784622192
511,1198,20238,605.173095703125,195.90869140625,225.11614990234375,214.1259765625,0.7971431612968445
512,1199,28763,648.8770141601562,850.2373046875,223.8218994140625,213.133056640625,0.9476847648620605
513,1199,20238,152.29141235351562,850.7117919921875,231.246337890625,224.390869140625,0.8678533434867859
514,1199,3483,172.3506317138672,273.55615234375,260.92237854003906,218.95437622070312,0.8609222769737244
515,1199,27777,636.424072265625,293.115234375,176.5732421875,193.87518310546875,0.7991718649864197
516,120,3351,333.85626220703125,254.94400024414062,184.10479736328125,181.13381958007812,0.8575254678726196
517,120,16688,118.84857177734375,678.7730712890625,444.0743408203125,578.7801513671875,0.801502525806427
518,120,13900,686.741943359375,796.4407348632812,228.92181396484375,219.55218505859375,0.7941538095474243
519,1201,12247,585.0639038085938,815.8409423828125,209.47088623046875,154.378662109375,0.9881008863449097
520,1201,3544,144.3511199951172,187.11753845214844,204.3565216064453,199.86329650878906,0.9053585529327393
521,1201,16548,583.568115234375,211.55239868164062,234.47216796875,225.25885009765625,0.8959040641784668
522,1201,21026,100.9286117553711,821.605224609375,182.3743667602539,179.39910888671875,0.7997173070907593
523,1204,22074,685.5661010742188,264.0006103515625,183.94378662109375,186.2054443359375,0.9547711610794067
524,1204,3351,392.24237060546875,861.6113891601562,191.1640625,190.59820556640625,0.8198897242546082
525,1204,32310,66.79725646972656,218.39697265625,342.1595916748047,248.929931640625,0.8115819692611694
526,1206,22074,91.5245361328125,853.1143188476562,186.37734985351562,187.49359130859375,0.9639370441436768
527,1206,32310,568.5834350585938,816.1951904296875,355.52239990234375,269.2437744140625,0.9160209894180298
528,1206,3351,396.5130920410156,224.82952880859375,182.30154418945312,181.64111328125,0.854949951171875
529,1207,3483,171.7103271484375,275.6933898925781,262.4212646484375,218.92620849609375,0.871738612651825
530,1207,16232,154.46514892578125,829.4976806640625,189.810302734375,190.2686767578125,0.8495827317237854
531,1207,27777,637.1251220703125,294.6198425292969,173.612060546875,193.35659790039062,0.8057163953781128
532,1209,16232,644.114990234375,250.78152465820312,185.94775390625,184.98251342773438,0.8980082869529724
533,1209,27777,180.2587890625,812.5924682617188,173.57760620117188,200.21881103515625,0.8245149254798889
534,1209,3483,567.3707275390625,813.2437133789062,264.0362548828125,218.58428955078125,0.8231827616691589
535,1209,22347,100.26130676269531,260.05914306640625,209.06285095214844,197.2686767578125,0.7297172546386719
536,1210,34597,72.17927551269531,143.11190795898438,467.1522674560547,380.8703918457031,0.9452565312385559
537,1210,20877,117.67074584960938,768.4503173828125,329.38812255859375,231.47186279296875,0.9296554923057556
538,1210,3483,652.694580078125,748.9358520507812,209.1866455078125,270.081787109375,0.9275163412094116
539,1210,35206,659.167236328125,172.03421020507812,220.9630126953125,405.3468322753906,0.8651999235153198
540,1212,34597,455.3569030761719,712.3251342773438,479.6682434082031,396.89349365234375,0.9617265462875366
541,1212,35206,98.30371856689453,672.6502685546875,231.13750457763672,408.079833984375,0.8788449168205261
542,1212,20877,546.85009765625,293.8672790527344,328.37725830078125,235.11837768554688,0.8577794432640076
543,1212,3483,141.23110961914062,293.2066345214844,209.56527709960938,255.42135620117188,0.8181238174438477
544,1213,22627,108.71761322021484,0.0,309.33475494384766,484.95849609375,0.919353187084198
545,1213,2483,662.3524169921875,63.42842102050781,198.96441650390625,482.2567596435547,0.8751014471054077
546,1213,5886,593.48583984375,682.255859375,231.356201171875,487.07177734375,0.8361121416091919
547,1213,25438,127.44213104248047,834.910888671875,255.81171417236328,256.1815185546875,0.8096923828125
548,1214,22627,110.35201263427734,23.46771240234375,306.55106353759766,506.11724853515625,0.9148562550544739
549,1214,25438,129.13662719726562,849.5535278320312,260.2281494140625,262.59185791015625,0.8384619355201721
550,1214,2483,652.5116577148438,101.4776611328125,196.99188232421875,464.0174560546875,0.8291693925857544
551,1214,5886,599.9805908203125,683.67919921875,242.71240234375,502.708251953125,0.8190950751304626
552,1216,27926,152.25933837890625,173.2163848876953,264.9821472167969,456.3415985107422,0.9417768716812134
553,1216,3544,659.910400390625,864.6676635742188,217.4979248046875,212.83099365234375,0.9163857698440552
554,1216,10221,130.6574249267578,844.2098999023438,228.3724822998047,227.04888916015625,0.9006698727607727
555,1216,16551,614.4835205078125,180.12222290039062,284.1497802734375,458.0423278808594,0.8998368978500366
556,1219,29345,577.4548950195312,669.0462646484375,283.23809814453125,444.6788330078125,0.9768713116645813
557,1219,3544,105.86611938476562,242.06887817382812,203.35418701171875,200.45590209960938,0.9203054308891296
558,1219,16551,62.95066833496094,581.4132690429688,338.93760681152344,461.98699951171875,0.901046633720398
559,1219,10221,648.0650634765625,208.15780639648438,220.224609375,213.32052612304688,0.8218629360198975
560,122,29667,591.9171752929688,170.62237548828125,217.16082763671875,214.5634765625,0.9445332884788513
561,122,3483,574.161376953125,812.0220947265625,280.2703857421875,191.95953369140625,0.8714600205421448
562,122,25367,49.27947998046875,90.65170288085938,368.76312255859375,473.2915344238281,0.8587962985038757
563,122,25469,47.281951904296875,789.0009765625,351.4616394042969,300.2794189453125,0.7991609573364258
564,1220,29345,603.1256713867188,703.8402099609375,285.4573974609375,441.858642578125,0.9391369819641113
565,1220,3544,120.0112533569336,251.84036254882812,209.3215103149414,201.1224365234375,0.9379344582557678
566,1220,16551,93.80123138427734,630.137451171875,339.6705093383789,456.757080078125,0.9205079078674316
567,1220,10221,678.7387084960938,214.99879455566406,224.80059814453125,214.0981903076172,0.8461053967475891
568,1222,3483,561.5332641601562,813.188720703125,285.81939697265625,171.94244384765625,0.8874070048332214
569,1222,27653,63.67145538330078,810.6195068359375,223.90337371826172,210.57373046875,0.8822017908096313
570,1222,25367,95.9377212524414,107.33450317382812,319.05867767333984,489.8492736816406,0.8815211057662964
571,1222,36637,615.7249755859375,204.25857543945312,182.8804931640625,242.40884399414062,0.8620821833610535
572,1224,25367,120.26139068603516,124.90904235839844,315.73714447021484,494.7962188720703,0.9202126860618591
573,1224,27653,96.40079498291016,854.820556640625,221.3119125366211,204.175048828125,0.8882161974906921
574,1224,3483,588.1929931640625,846.483642578125,283.87451171875,164.6187744140625,0.8845800757408142
575,1224,36637,642.948486328125,208.79232788085938,190.67529296875,248.34353637695312,0.8256926536560059
576,1226,3483,600.2562255859375,867.1015014648438,258.656005859375,229.26922607421875,0.8658747673034668
577,1226,35206,578.6746215820312,95.40664672851562,291.12078857421875,377.1014404296875,0.8524414896965027
578,1226,31885,122.77493286132812,5.809173583984375,319.8573303222656,541.7106628417969,0.8041985034942627
579,1226,19861,127.01569366455078,866.0596313476562,219.50804901123047,165.34002685546875,0.6880845427513123
580,1227,31885,548.6912841796875,695.044677734375,325.5433349609375,552.216552734375,0.9602579474449158
581,1227,3483,150.60467529296875,220.1790008544922,246.47137451171875,219.2196502685547,0.8974555134773254
582,1227,35206,109.9853515625,775.7101440429688,301.157470703125,387.71026611328125,0.8571799993515015
583,1227,19861,638.18115234375,277.4915466308594,218.81011962890625,169.52133178710938,0.5366920828819275
584,1232,31885,545.8419189453125,658.633544921875,400.2420654296875,521.9146728515625,0.9353886842727661
585,1232,20877,592.4852905273438,260.4936218261719,325.4862060546875,242.28347778320312,0.926355242729187
586,1232,29667,133.5069580078125,856.6563720703125,231.70343017578125,229.0516357421875,0.8896816372871399
587,1232,3483,146.53846740722656,289.19683837890625,208.81956481933594,253.78192138671875,0.8374041318893433
588,1235,1900,151.1132049560547,254.12132263183594,194.4231414794922,161.9058380126953,0.9727733731269836
589,1235,33009,549.58154296875,836.9923095703125,371.5118408203125,199.360107421875,0.9452093243598938
590,1235,16548,620.4267578125,146.09356689453125,238.9700927734375,227.09259033203125,0.919730007648468
591,1235,21771,161.9066162109375,805.9136962890625,190.00323486328125,185.16552734375,0.5702278017997742
592,1237,16548,613.56005859375,189.20944213867188,237.51220703125,224.38986206054688,0.9318981766700745
593,1237,31705,168.61656188964844,684.6319580078125,254.2188262939453,450.4930419921875,0.8928895592689514
594,1237,1900,107.66571044921875,269.3785095214844,199.842041015625,123.34640502929688,0.884339451789856
595,1237,44199,633.5625,800.9158325195312,162.4154052734375,279.05218505859375,0.8610423803329468
596,1238,44199,207.3918914794922,231.52218627929688,156.76856994628906,269.66064453125,0.9780220985412598
597,1238,31705,570.9231567382812,176.2401580810547,251.58782958984375,423.60658264160156,0.8921270966529846
598,1238,16548,129.1547393798828,844.9752807617188,243.6349334716797,235.02484130859375,0.8341030478477478
599,1238,1900,681.5767822265625,879.1882934570312,213.948486328125,130.466796875,0.7929396629333496
600,1239,44199,606.1421508789062,769.6593017578125,164.99176025390625,284.2877197265625,0.891940176486969
601,1239,31705,139.71142578125,644.76611328125,250.96969604492188,454.0093994140625,0.8910067677497864
602,1239,16548,585.3922119140625,180.79669189453125,232.549072265625,225.24176025390625,0.8869335055351257
603,1239,1900,88.48487854003906,260.84002685546875,200.50526428222656,124.93984985351562,0.8444415330886841
604,124,21771,686.7599487304688,883.548828125,196.59381103515625,193.5908203125,0.9551840424537659
605,124,21026,671.5762939453125,272.3023681640625,179.421875,172.53207397460938,0.8956058621406555
606,124,16551,4.392433166503906,761.2279663085938,362.98690032958984,459.02813720703125,0.8893024921417236
607,124,1900,175.3290557861328,280.9030456542969,202.0021209716797,137.80029296875,0.832743227481842
608,1242,29345,88.95530700683594,705.08837890625,290.1859893798828,444.9212646484375,0.982570230960846
609,1242,44199,639.02783203125,806.7137451171875,159.4769287109375,285.5245361328125,0.9569323658943176
610,1242,16551,545.0518798828125,89.49205017089844,291.41998291015625,463.23548889160156,0.8726685047149658
611,1242,1900,159.07135009765625,257.7809143066406,127.7127685546875,199.04501342773438,0.8648363947868347
612,1243,3483,609.0338134765625,790.357177734375,273.75640869140625,209.3511962890625,0.9414339065551758
613,1243,27733,124.55635070800781,769.247802734375,312.66319274902344,273.0643310546875,0.9282482266426086
614,1243,30308,67.24174499511719,135.7677001953125,374.14878845214844,427.11663818359375,0.8759976625442505
615,1243,35206,600.351318359375,122.96134948730469,259.37957763671875,392.95960998535156,0.8388165235519409
616,1244,27733,564.9967041015625,260.63653564453125,301.8636474609375,266.17584228515625,0.9216262698173523
617,1244,3483,122.56591033935547,308.11444091796875,271.92826080322266,199.96099853515625,0.8901529908180237
618,1244,35206,122.78980255126953,731.9970092773438,271.9661178588867,401.00079345703125,0.8687034845352173
619,1244,30308,563.6292724609375,687.3812255859375,383.3648681640625,432.0809326171875,0.8578863143920898
620,1245,27733,89.47364807128906,726.06884765625,317.8942413330078,279.738525390625,0.9307857751846313
621,1245,3483,580.9884643554688,758.7657470703125,275.35687255859375,210.1446533203125,0.9113194346427917
622,1245,30308,54.844932556152344,121.00471496582031,361.5706253051758,417.42735290527344,0.8870280981063843
623,1245,35206,572.6878662109375,117.61249542236328,252.1107177734375,382.19579315185547,0.84716796875
624,1246,34597,58.447113037109375,79.305419921875,389.6183776855469,462.9935302734375,0.9129000902175903
625,1246,3483,538.7289428710938,779.2186279296875,265.08148193359375,226.53057861328125,0.834675669670105
626,1246,16262,575.0604858398438,188.64788818359375,238.07391357421875,226.75619506835938,0.829552412033081
627,1246,27777,145.15545654296875,774.97802734375,179.88711547851562,205.93597412109375,0.7968327403068542
628,1248,34597,519.272216796875,663.68701171875,421.58966064453125,476.8096923828125,0.8971325159072876
629,1248,16262,136.73789978027344,833.5687866210938,250.72657775878906,243.61785888671875,0.8735345005989075
630,1248,3483,172.57171630859375,273.81005859375,263.312744140625,219.86663818359375,0.8587130308151245
631,1248,27777,637.030517578125,293.76513671875,176.8165283203125,194.32122802734375,0.8050193190574646
632,125,21771,116.67290496826172,203.92257690429688,189.89005279541016,185.21163940429688,0.9749201536178589
633,125,1900,622.4261474609375,887.6209716796875,205.74798583984375,141.190185546875,0.9303261041641235
634,125,16551,622.920654296875,26.541671752929688,349.9454345703125,448.98805236816406,0.9047214388847351
635,125,21026,137.65606689453125,868.6932373046875,179.30316162109375,175.8719482421875,0.6590896248817444
636,1250,12778,97.96287536621094,73.57093811035156,301.23207092285156,513.0379486083984,0.8962365388870239
637,1250,2483,607.516845703125,87.09342956542969,214.34466552734375,472.9677276611328,0.8560276627540588
638,1250,5094,107.32318878173828,810.59521484375,282.9762191772461,285.27001953125,0.8528833389282227
639,1250,4378,592.7102661132812,706.9869995117188,230.7666015625,456.24176025390625,0.852103054523468
640,1251,12778,548.1907958984375,646.7598876953125,294.3682861328125,531.8480224609375,0.9248407483100891
641,1251,5094,550.412109375,190.70350646972656,268.1768798828125,268.5924530029297,0.8566346168518066
642,1251,4378,137.0824432373047,109.62980651855469,211.5125274658203,432.7438507080078,0.847500205039978
643,1251,2483,86.57925415039062,679.7518920898438,238.3941650390625,472.76690673828125,0.8448262810707092
644,1252,20877,70.95466613769531,798.34033203125,324.9557342529297,243.4029541015625,0.9405162930488586
645,1252,3483,649.3017578125,753.9669799804688,211.00189208984375,268.11553955078125,0.9176111221313477
646,1252,29667,624.053466796875,185.37254333496094,225.6839599609375,216.38319396972656,0.8987085819244385
647,1252,30308,77.86685943603516,80.1632308959961,392.81893157958984,407.99173736572266,0.8685165643692017
648,1254,29667,596.1004028320312,181.3441162109375,219.79681396484375,215.18771362304688,0.922544538974762
649,1254,3483,620.4735107421875,721.8972778320312,211.096923828125,270.40203857421875,0.9195325970649719
650,1254,20877,42.71923065185547,755.5941162109375,324.05899810791016,248.85955810546875,0.9172559976577759
651,1254,30308,65.66947937011719,66.978759765625,379.1262969970703,401.21270751953125,0.8743469715118408
652,1256,31705,134.50146484375,129.23550415039062,245.79605102539062,419.3415832519531,0.8941134214401245
653,1256,1900,643.9195556640625,830.1480102539062,170.184326171875,198.96209716796875,0.8905342221260071
654,1256,16551,89.88758850097656,663.8482666015625,301.5133514404297,481.3778076171875,0.8404785394668579
655,1256,19607,656.4208984375,272.8378601074219,156.002685546875,148.04986572265625,0.8316540122032166
656,126,21771,100.54954528808594,194.70187377929688,185.73658752441406,183.48471069335938,0.9736507534980774
657,126,16551,594.4930419921875,23.336944580078125,346.61199951171875,433.7904968261719,0.9377689957618713
658,126,1900,595.33251953125,857.1546020507812,209.466796875,144.07684326171875,0.9147469997406006
659,126,21026,103.02681732177734,833.5626220703125,182.75565338134766,179.5831298828125,0.8817716240882874
660,1261,16232,648.0738525390625,230.2168426513672,194.0836181640625,180.73545837402344,0.9273784160614014
661,1261,3483,587.5761108398438,847.1679077148438,283.74664306640625,164.77947998046875,0.8860234022140503
662,1261,27653,95.44540405273438,854.08642578125,221.50665283203125,204.86181640625,0.8804156184196472
663,1261,22347,141.10862731933594,169.37252807617188,206.31626892089844,196.6302490234375,0.6887078881263733
664,1262,16232,618.927001953125,222.09536743164062,188.24432373046875,181.926513671875,0.9195249080657959
665,1262,3483,561.0068969726562,812.8892822265625,285.75079345703125,172.7626953125,0.8954793810844421
666,1262,27653,62.31029510498047,810.546875,224.58731842041016,210.66436767578125,0.881249725818634
667,1262,22347,125.6246566772461,164.335205078125,200.70850372314453,191.93048095703125,0.7534351348876953
668,1263,3483,131.39305114746094,288.1590881347656,277.9074249267578,174.35043334960938,0.9174748063087463
669,1263,16232,143.0821533203125,847.2259521484375,194.87362670898438,190.7943115234375,0.9166659116744995
670,1263,27653,672.4326171875,256.7520446777344,221.29779052734375,194.34600830078125,0.8909793496131897
671,1263,22347,645.5843505859375,900.87158203125,213.67779541015625,207.7667236328125,0.8779416084289551
672,1264,31863,634.392333984375,321.56103515625,207.19146728515625,205.8941650390625,0.9803270101547241
673,1264,36637,229.865234375,315.9326171875,199.45297241210938,240.32763671875,0.7774137258529663
674,1264,3351,389.83465576171875,860.777587890625,191.48614501953125,193.216796875,0.7496845722198486
675,1265,31863,77.96092987060547,703.9364624023438,211.14368438720703,212.19085693359375,0.7974898219108582
676,1265,3351,355.74310302734375,179.3212127685547,185.67596435546875,185.0159454345703,0.7602243423461914
677,1265,36637,506.478515625,660.6341552734375,208.72723388671875,253.58551025390625,0.7586864829063416
678,1266,3351,397.63397216796875,238.4871063232422,184.59454345703125,181.8662872314453,0.8162529468536377
679,1266,36637,547.4667358398438,750.9475708007812,204.14764404296875,246.385498046875,0.7796226739883423
680,1266,31863,124.45053100585938,791.2774658203125,204.468994140625,204.65484619140625,0.5438050627708435
681,1269,13900,618.9593505859375,762.285888671875,175.97198486328125,259.2486572265625,0.8980197310447693
682,1269,3351,362.0475769042969,233.5416259765625,182.95425415039062,181.00360107421875,0.8110975027084351
683,1269,36637,216.75540161132812,770.4498291015625,211.50772094726562,238.8331298828125,0.558699905872345
684,127,2483,641.0263061523438,117.51907348632812,200.7159423828125,466.7943420410156,0.871207594871521
685,127,6192,133.03749084472656,159.8395538330078,290.12132263183594,525.6116180419922,0.8424602746963501
686,127,5094,137.52957153320312,857.6473999023438,284.3984680175781,285.86212158203125,0.836510181427002
687,127,22362,617.87646484375,783.0784912109375,259.4482421875,415.7623291015625,0.8358729481697083
688,1270,18110,639.79296875,269.21343994140625,304.741455078125,287.5804443359375,0.9366543292999268
689,1270,27926,146.45083618164062,149.43618774414062,256.9149475097656,449.7741394042969,0.9219256639480591
690,1270,16548,113.82892608642578,851.8350219726562,246.01634979248047,240.01434326171875,0.8818923830986023
691,1270,1900,631.0059814453125,895.2453002929688,210.6094970703125,133.11737060546875,0.8078565001487732
692,1272,1900,157.3692626953125,250.0879669189453,200.72412109375,125.87541198730469,0.9293174743652344
693,1272,16548,629.5453491210938,177.19454956054688,238.236572265625,226.01165771484375,0.9178316593170166
694,1272,27926,599.7583618164062,673.14013671875,250.9979248046875,483.786865234375,0.8817414045333862
695,1272,18110,46.09919738769531,738.4203491210938,307.6857147216797,288.86199951171875,0.5399972796440125
696,1273,13395,109.56798553466797,50.9906005859375,238.37653350830078,476.170166015625,0.9080445170402527
697,1273,25438,555.2096557617188,203.92051696777344,245.27911376953125,249.59754943847656,0.8787713646888733
698,1273,2483,105.9307861328125,680.9678955078125,230.86358642578125,478.4642333984375,0.850780725479126
699,1273,6192,538.2178955078125,592.9283447265625,301.5843505859375,527.6239013671875,0.8007304668426514
700,1274,2483,600.0209350585938,43.685951232910156,217.65655517578125,484.40804290771484,0.9052391648292542
701,1274,6192,103.21765899658203,79.68009948730469,295.8680953979492,530.2224884033203,0.8852324485778809
702,1274,13395,584.8818969726562,707.29541015625,244.62322998046875,504.6258544921875,0.8556395769119263
703,1274,25438,124.00070190429688,812.449951171875,254.93304443359375,251.166015625,0.8140000700950623
704,1278,38162,619.3490600585938,706.0108642578125,190.94952392578125,295.1187744140625,0.964214563369751
705,1278,3832,151.98692321777344,601.8990478515625,303.49610900878906,419.6380615234375,0.9433731436729431
706,1278,3351,417.1606750488281,257.69744873046875,182.59298706054688,180.09994506835938,0.8159980773925781
707,1279,21771,672.8209228515625,287.6815490722656,188.4771728515625,179.63897705078125,0.9036291241645813
708,1279,31705,120.93251037597656,133.59703063964844,249.54566955566406,423.06080627441406,0.8906635642051697
709,1279,1900,647.513916015625,857.2943115234375,210.25189208984375,153.12957763671875,0.8235272169113159
710,1279,16551,88.48151397705078,767.8179931640625,296.98180389404297,493.4989013671875,0.8118060827255249
711,128,2483,649.8504638671875,81.91295623779297,197.391357421875,481.0034866333008,0.8411039113998413
712,128,22362,607.6806030273438,779.2239379882812,251.00933837890625,402.76812744140625,0.8122832775115967
713,128,6192,126.87721252441406,133.4624481201172,296.1892547607422,527.0910186767578,0.7926074266433716
714,128,5094,136.46487426757812,848.2755126953125,275.9717102050781,272.5677490234375,0.7684887647628784
715,1280,1900,122.97897338867188,262.0401916503906,198.64898681640625,145.48294067382812,0.9270141124725342
716,1280,21771,89.775390625,811.307373046875,194.1937255859375,186.7322998046875,0.8882263898849487
717,1280,31705,601.9478759765625,690.734130859375,257.63275146484375,450.9896240234375,0.8808380365371704
718,1280,16551,572.0091552734375,0.0,284.7467041015625,457.3749084472656,0.8463352918624878
719,1282,19552,504.31494140625,591.1561279296875,316.03076171875,488.939208984375,0.9631332159042358
720,1282,13395,85.16864013671875,84.53506469726562,232.01715087890625,478.1530456542969,0.9189338684082031
721,1282,3743,495.77142333984375,127.38903045654297,318.01910400390625,300.51905059814453,0.9026399850845337
722,1282,2483,58.966827392578125,649.7329711914062,200.43069458007812,480.65887451171875,0.7884387969970703
723,1284,3743,114.36206817626953,826.865234375,324.9652633666992,320.411376953125,0.9288032054901123
724,1284,13395,626.5009765625,673.5399169921875,237.264404296875,495.6483154296875,0.9203881621360779
725,1284,19552,120.99597930908203,118.90350341796875,311.1947250366211,488.54522705078125,0.9120888710021973
726,1284,2483,673.511962890625,79.2977523803711,200.3143310546875,484.3804702758789,0.8771963119506836
727,129,22362,81.27815246582031,74.39002990722656,253.2563018798828,393.6003875732422,0.8666042685508728
728,129,6192,523.2994384765625,549.846923828125,280.82470703125,517.4981689453125,0.8255784511566162
729,129,5094,522.7520141601562,150.98541259765625,269.96282958984375,264.2233581542969,0.8241048455238342
730,129,2483,81.96366119384766,643.780029296875,204.5835189819336,485.1593017578125,0.8199820518493652
731,1290,29345,588.4525146484375,534.1494750976562,273.36639404296875,442.6763916015625,0.9848196506500244
732,1290,16548,538.2742309570312,139.7012176513672,231.64105224609375,224.7938690185547,0.9119871258735657
733,1290,1900,162.04953002929688,257.53277587890625,127.69949340820312,197.967529296875,0.8866109848022461
734,1290,18110,42.35375213623047,723.8275146484375,310.5379409790039,295.4473876953125,0.881230354309082
735,1293,30308,116.23092651367188,84.86526489257812,307.84820556640625,447.5071716308594,0.8831334114074707
736,1293,20238,575.478759765625,190.1471710205078,222.01141357421875,214.34104919433594,0.8443261981010437
737,1293,27777,145.51861572265625,776.017578125,178.093505859375,204.481201171875,0.8118886947631836
738,1293,3483,539.2703247070312,780.6259155273438,265.98834228515625,225.19378662109375,0.8033275604248047
739,1294,34597,15.508193969726562,48.727378845214844,414.49851989746094,448.58142852783203,0.9476065039634705
740,1294,3483,587.7867431640625,846.1915283203125,284.123046875,165.97216796875,0.8939005732536316
741,1294,27653,96.00482940673828,854.107177734375,221.95113372802734,205.0670166015625,0.891661524772644
742,1294,35206,679.2022705078125,155.61622619628906,200.5048828125,403.9034881591797,0.8331086039543152
743,1295,34597,6.0597991943359375,21.427955627441406,403.85655212402344,455.08922576904297,0.9409822225570679
744,1295,3483,561.2218627929688,813.1629638671875,286.63519287109375,171.8927001953125,0.8954718112945557
745,1295,27653,62.661712646484375,810.4113159179688,224.77645874023438,210.84423828125,0.8869374990463257
746,1295,35206,649.4041748046875,142.59521484375,200.4107666015625,398.95654296875,0.8409523367881775
747,1296,34597,565.9599609375,730.7528686523438,410.0400390625,475.33343505859375,0.9415562748908997
748,1296,3483,131.03546142578125,288.9189453125,277.9263916015625,173.70401000976562,0.9226945042610168
749,1296,27653,672.7489013671875,257.02398681640625,220.818115234375,195.143310546875,0.8948588371276855
750,1296,35206,106.07154846191406,685.6018676757812,204.99119567871094,417.54620361328125,0.8719084858894348
751,1297,4543,158.29266357421875,889.9795532226562,211.53506469726562,211.70196533203125,0.9654476046562195
752,1297,3544,642.1470947265625,920.739013671875,219.1829833984375,212.449951171875,0.9272666573524475
753,1297,16548,151.1689453125,246.07565307617188,232.25057983398438,224.25277709960938,0.8853907585144043
754,1297,12420,687.71142578125,272.0805358886719,182.8338623046875,174.40994262695312,0.8836538195610046
755,1298,4543,616.9005126953125,167.84019470214844,209.870849609375,201.6612091064453,0.9369912147521973
756,1298,16548,617.6099853515625,828.2789306640625,236.182861328125,229.256591796875,0.9338545203208923
757,1298,3544,140.5089569091797,144.1453857421875,208.4569549560547,201.7100830078125,0.8989797830581665
758,1298,12420,118.08216094970703,860.560302734375,184.71797943115234,180.509033203125,0.7278483510017395
759,13,33880,476.35675048828125,246.3262176513672,438.0579833984375,272.1350860595703,0.9148938059806824
760,13,16232,142.18365478515625,329.85113525390625,195.23699951171875,192.14019775390625,0.8387990593910217
761,13,3351,428.406005859375,853.4869384765625,191.017578125,190.614013671875,0.7711159586906433
762,130,3483,172.82937622070312,275.8248291015625,261.8890075683594,219.217529296875,0.8649219274520874
763,130,36637,130.94688415527344,829.2144775390625,191.96498107910156,256.0909423828125,0.7965393662452698
764,130,27777,635.9757080078125,294.4685974121094,176.229248046875,193.83181762695312,0.7945393323898315
765,130,30308,508.7543029785156,765.1492309570312,467.2456970214844,311.97601318359375,0.3488273024559021
766,1300,31885,75.49880981445312,121.53804779052734,459.1762390136719,470.7942886352539,0.9419106245040894
767,1300,27653,94.5779037475586,853.6821899414062,222.07682037353516,204.64288330078125,0.8831215500831604
768,1300,3483,587.5693359375,846.9823608398438,282.78289794921875,164.75494384765625,0.8787857294082642
769,1300,29667,632.2420654296875,178.5643768310547,222.0880126953125,216.70423889160156,0.8677195906639099
770,1302,31885,62.22675323486328,98.6856460571289,441.45577239990234,468.45137786865234,0.964709460735321
771,1302,29667,603.7356567382812,176.15597534179688,216.05511474609375,214.1875,0.895050048828125
772,1302,3483,560.0477905273438,812.867919921875,286.18072509765625,172.3138427734375,0.8892403841018677
773,1302,27653,60.823402404785156,810.17822265625,225.21202850341797,210.8135986328125,0.887089729309082
774,1305,16551,80.61592102050781,669.822265625,334.9203338623047,470.73388671875,0.906031608581543
775,1305,27926,601.4866943359375,164.2103271484375,253.0738525390625,444.81500244140625,0.9042547941207886
776,1305,1900,631.7457275390625,895.8590698242188,211.4207763671875,133.22418212890625,0.7833572626113892
777,1309,29667,86.97624206542969,860.9752197265625,232.5822296142578,229.1033935546875,0.9452416896820068
778,1309,28763,582.264404296875,870.697021484375,225.477294921875,212.602294921875,0.9368069767951965
779,1309,27733,560.7684936523438,257.37371826171875,301.66156005859375,261.97137451171875,0.9211612343788147
780,1309,3483,122.97478485107422,308.29132080078125,270.40381622314453,198.69918823242188,0.89040207862854
781,1311,28763,175.89053344726562,187.224609375,208.43826293945312,199.58840942382812,0.9403274059295654
782,1311,27733,93.80500793457031,733.731201171875,317.1591033935547,277.90283203125,0.9217158555984497
783,1311,29667,638.9627075195312,177.27496337890625,219.92095947265625,213.087890625,0.9120728969573975
784,1311,3483,579.9176635742188,760.0115966796875,276.3717041015625,209.6673583984375,0.9073199033737183
785,1312,22627,72.14607238769531,54.389991760253906,322.41615295410156,485.93904876708984,0.8774975538253784
786,1312,2483,620.0204467773438,48.009071350097656,248.49578857421875,474.87007904052734,0.864798903465271
787,1312,5886,595.5443115234375,683.786865234375,236.69720458984375,489.657470703125,0.8554134964942932
788,1312,5094,107.55512237548828,802.4282836914062,279.4540023803711,275.90606689453125,0.6551869511604309
789,1315,19232,545.287353515625,205.30381774902344,295.44189453125,289.9015655517578,0.9022742509841919
790,1315,3351,422.6930236816406,879.3234252929688,189.32211303710938,189.94024658203125,0.6070759296417236
791,1315,16688,149.4316864013672,85.58372497558594,269.0872344970703,605.9391632080078,0.5432276725769043
792,1316,19232,83.94257354736328,693.6196899414062,307.7910690307617,306.24542236328125,0.9147310853004456
793,1316,3351,325.5259704589844,162.06829833984375,184.56307983398438,188.34967041015625,0.8586443066596985
794,1316,16688,518.8746948242188,478.6629943847656,280.44671630859375,655.9933776855469,0.8489731550216675
795,132,36637,664.8275146484375,181.41543579101562,186.614501953125,247.32537841796875,0.8440082669258118
796,132,30308,29.325904846191406,179.92486572265625,457.8062057495117,307.50732421875,0.8360373973846436
797,132,27777,179.41134643554688,812.3675537109375,174.27291870117188,199.75677490234375,0.8210236430168152
798,132,3483,566.104736328125,812.9595947265625,263.51959228515625,219.34130859375,0.8106479048728943
799,1322,4378,136.48956298828125,109.40876007080078,212.04345703125,434.1128463745117,0.8685092926025391
800,1322,6192,485.84893798828125,594.935302734375,336.40228271484375,499.8084716796875,0.8516796827316284
801,1322,2483,87.11066436767578,678.5963134765625,234.88579559326172,474.4036865234375,0.831270694732666
802,1322,5094,549.9478149414062,190.96861267089844,268.44866943359375,267.59706115722656,0.797556459903717
803,1323,2483,615.1708374023438,49.25285339355469,224.2139892578125,481.8451690673828,0.861375629901886
804,1323,4378,587.89453125,702.7023315429688,220.98114013671875,447.93975830078125,0.8338428735733032
805,1323,5094,106.03221893310547,799.365966796875,276.0171585083008,276.5396728515625,0.8146079778671265
806,1323,6192,126.59736633300781,109.14852142333984,337.6026153564453,498.4661636352539,0.7950639128684998
807,1326,20238,599.2266845703125,840.3511962890625,227.04193115234375,221.609130859375,0.9383765459060669
808,1326,3351,369.4856262207031,246.8647918701172,181.83505249023438,181.09007263183594,0.8538436889648438
809,1326,18357,159.27955627441406,673.2899169921875,265.3761444091797,345.9989013671875,0.7117906808853149
810,1327,44199,174.708251953125,233.17994689941406,202.576171875,260.7577362060547,0.9649613499641418
811,1327,29451,510.0736999511719,243.0743408203125,412.7967834472656,220.67047119140625,0.9603761434555054
812,1327,1900,643.929443359375,845.0538330078125,189.482421875,188.4556884765625,0.9285017251968384
813,1327,16548,165.8880615234375,814.2120971679688,242.76080322265625,237.36859130859375,0.881747305393219
814,1328,29451,68.64707946777344,844.506591796875,419.2288360595703,217.3685302734375,0.931288480758667
815,1328,16548,581.9837036132812,217.0348358154297,238.37677001953125,225.8993682861328,0.9198498129844666
816,1328,1900,168.16017150878906,247.33950805664062,182.5288543701172,183.34442138671875,0.8385097980499268
817,1329,16548,553.4044799804688,208.55953979492188,232.99383544921875,225.281982421875,0.9066992998123169
818,1329,29451,33.788299560546875,805.75439453125,417.4916076660156,218.65966796875,0.9057614207267761
819,1329,1900,147.9351043701172,240.79779052734375,180.50514221191406,180.65948486328125,0.8295007944107056
820,1329,44199,599.7763061523438,777.56396484375,211.88275146484375,277.431396484375,0.42647695541381836
821,1330,34597,95.1009750366211,163.320068359375,440.31937408447266,419.896240234375,0.9296748042106628
822,1330,35206,610.4200439453125,118.47888946533203,230.59814453125,402.51732635498047,0.8635642528533936
823,1330,3483,603.789306640625,846.2801513671875,276.71307373046875,185.90478515625,0.8628080487251282
824,1330,25469,88.12862396240234,830.7435302734375,341.7886734008789,302.5372314453125,0.8100395798683167
825,1331,34597,75.51284790039062,134.13534545898438,434.0736389160156,426.0272521972656,0.933074951171875
826,1331,3483,575.9603271484375,811.4743041992188,279.64947509765625,191.24835205078125,0.8746377825737
827,1331,35206,581.5245361328125,111.32606506347656,228.5963134765625,390.8008575439453,0.8601866364479065
828,1331,25469,49.595909118652344,785.4141235351562,350.32337188720703,304.85418701171875,0.8043562769889832
829,1332,34597,460.2577209472656,649.0838623046875,453.3114929199219,439.3985595703125,0.9456453323364258
830,1332,3483,125.60916900634766,272.7618103027344,270.3836898803711,188.114990234375,0.9146151542663574
831,1332,35206,136.93820190429688,726.2529907226562,248.9527587890625,411.91766357421875,0.8644214868545532
832,1332,25469,571.9968872070312,185.2224578857422,329.74212646484375,287.6107940673828,0.7944793701171875
833,1333,20014,579.5755615234375,283.05426025390625,335.9759521484375,317.25775146484375,0.9074370861053467
834,1333,36637,157.75924682617188,284.4278259277344,193.07577514648438,243.58474731445312,0.8399608731269836
835,1333,3351,400.2679443359375,924.0332641601562,189.8480224609375,190.17303466796875,0.7157073616981506
836,1337,29451,489.023193359375,820.84033203125,404.527587890625,267.946044921875,0.9418436884880066
837,1337,16548,577.9398193359375,187.33990478515625,237.97882080078125,225.59912109375,0.9214228987693787
838,1337,1900,168.05870056152344,246.527587890625,183.15553283691406,182.60772705078125,0.8255884647369385
839,1337,18110,79.59415435791016,789.2208862304688,304.90511322021484,290.12799072265625,0.68256014585495
840,134,3483,561.0247192382812,812.7314453125,286.0843505859375,172.8173828125,0.8970741629600525
841,134,31885,42.740020751953125,6.1858367919921875,348.23211669921875,521.6967926025391,0.891751766204834
842,134,27653,62.671470642089844,810.8428344726562,224.80323028564453,210.27557373046875,0.8842682242393494
843,134,35206,649.4349365234375,143.57296752929688,198.91455078125,397.4391784667969,0.8318326473236084
844,1340,24850,580.9496459960938,286.4450378417969,291.06719970703125,169.09405517578125,0.9440885186195374
845,1340,31705,136.20785522460938,126.29638671875,245.88931274414062,419.793701171875,0.8973094820976257
846,1340,16548,186.83921813964844,825.1303100585938,240.9678497314453,236.14923095703125,0.8744785785675049
847,1340,1900,643.4083251953125,860.841796875,209.26123046875,155.159912109375,0.8459323048591614
848,1345,29667,619.224365234375,174.90577697753906,220.1383056640625,214.9488067626953,0.8932240009307861
849,1345,31885,166.96304321289062,128.47189331054688,420.3477478027344,498.1538391113281,0.8827269673347473
850,1345,3483,603.4395751953125,846.865966796875,275.76177978515625,186.8011474609375,0.8676122426986694
851,1345,25469,85.56472778320312,830.8643798828125,343.70361328125,301.240234375,0.8001835346221924
852,1347,3483,125.79288482666016,272.13897705078125,271.8297348022461,188.41058349609375,0.9147823452949524
853,1347,31885,418.8635559082031,617.8699340820312,421.7007141113281,505.47601318359375,0.8387349843978882
854,1347,29667,139.16400146484375,869.280517578125,228.2447509765625,228.81298828125,0.8078270554542542
855,1347,25469,574.1031494140625,186.26914978027344,329.36212158203125,285.1138458251953,0.7959204912185669
856,1348,31863,185.56393432617188,265.8725280761719,203.99795532226562,205.656982421875,0.9836539626121521
857,1348,3351,361.7337646484375,880.6234741210938,189.94952392578125,190.74395751953125,0.7799023389816284
858,1348,22074,674.6812744140625,308.2376708984375,186.5985107421875,189.58941650390625,0.5518105030059814
859,1348,3351,185.5238037109375,265.54876708984375,204.68939208984375,204.721923828125,0.3708917796611786
860,135,3483,587.9854736328125,846.5723876953125,284.77813720703125,164.25146484375,0.8887811303138733
861,135,27653,96.0538558959961,854.0380249023438,221.48368072509766,205.25128173828125,0.8854842185974121
862,135,35206,678.7545776367188,156.0004425048828,200.572509765625,403.14683532714844,0.8284422159194946
863,135,31885,54.16969299316406,20.961952209472656,363.73704528808594,528.9962997436523,0.7768384218215942
864,1350,22074,107.59796142578125,813.4176025390625,184.48196411132812,187.64141845703125,0.965970516204834
865,1350,3351,426.7611083984375,220.63682556152344,182.390380859375,180.87779235839844,0.8261433839797974
866,1350,31863,587.51611328125,857.9204711914062,206.33428955078125,204.33514404296875,0.512908935546875
867,1353,34597,512.8590698242188,681.9664306640625,442.58697509765625,452.6812744140625,0.9518555998802185
868,1353,16232,153.531982421875,828.1240234375,189.74609375,191.7945556640625,0.8822190165519714
869,1353,3483,170.50025939941406,275.86273193359375,263.00865173339844,220.62118530273438,0.8795740604400635
870,1353,27777,636.2342529296875,294.12298583984375,175.6024169921875,193.94378662109375,0.8267002105712891
871,1354,30308,579.665771484375,736.1083984375,341.14471435546875,466.030029296875,0.9221799373626709
872,1354,20877,545.6051635742188,295.1588134765625,331.90997314453125,233.26513671875,0.8702118992805481
873,1354,36637,166.7682647705078,799.645263671875,190.32334899902344,252.468994140625,0.8349465727806091
874,1354,3483,143.40328979492188,294.01507568359375,208.45144653320312,253.73309326171875,0.7828653454780579
875,1355,3483,625.0350952148438,717.586669921875,209.75067138671875,270.5242919921875,0.9166199564933777
876,1355,20877,85.46966552734375,726.2237548828125,332.60797119140625,239.0247802734375,0.9096540808677673
877,1355,30308,81.7896957397461,45.928955078125,319.39554595947266,440.60845947265625,0.8717527985572815
878,1355,36637,603.7893676757812,204.1374053955078,182.58026123046875,243.3448944091797,0.8380664587020874
879,1357,3544,94.56981658935547,227.29248046875,205.26593780517578,202.35589599609375,0.9081722497940063
880,1357,16548,577.31689453125,168.93939208984375,232.5328369140625,224.50067138671875,0.8977614045143127
881,1357,12420,626.80419921875,814.1430053710938,188.3563232421875,186.52294921875,0.8552146553993225
882,1357,6563,166.2653350830078,673.9842529296875,216.64231872558594,363.0977783203125,0.802232563495636
883,1358,16548,604.8738403320312,176.5882568359375,239.15948486328125,225.14056396484375,0.9303150773048401
884,1358,3544,111.6678237915039,240.75714111328125,210.39849090576172,200.53298950195312,0.9255607724189758
885,1358,6563,198.69586181640625,717.3974609375,214.54132080078125,358.602294921875,0.8918009400367737
886,1359,12420,163.89068603515625,277.2630615234375,184.21624755859375,179.16946411132812,0.9425454139709473
887,1359,3544,673.9317626953125,826.8222045898438,215.8441162109375,212.07794189453125,0.9237748384475708
888,1359,6563,580.40576171875,234.19430541992188,217.61944580078125,334.7560119628906,0.8916822075843811
889,1359,16548,138.104248046875,853.1460571289062,244.50741577148438,239.30487060546875,0.8386622071266174
890,136,44199,134.75192260742188,242.08274841308594,245.58584594726562,232.9478302001953,0.9881440997123718
891,136,33009,565.09228515625,212.17684936523438,325.8856201171875,291.3791809082031,0.9344749450683594
892,136,16551,79.45484924316406,650.9881591796875,314.04310607910156,486.7117919921875,0.8958925008773804
893,136,1900,653.1480712890625,850.4265747070312,210.3692626953125,158.740234375,0.8621415495872498
894,1361,29667,625.5404663085938,689.8863525390625,231.6650390625,229.2822265625,0.9395276308059692
895,1361,19232,169.29095458984375,650.804443359375,238.4859619140625,352.69317626953125,0.8465831875801086
896,1361,3351,356.49652099609375,148.55712890625,183.69415283203125,189.55718994140625,0.8456107974052429
897,1363,33880,450.92730712890625,244.3020782470703,437.73797607421875,290.4806365966797,0.9752224683761597
898,1363,16262,119.58161163330078,292.55975341796875,242.71691131591797,235.37750244140625,0.9206131100654602
899,1363,3351,432.02117919921875,887.4883422851562,190.42108154296875,190.60589599609375,0.6870946288108826
900,1366,29667,124.86045837402344,864.285888671875,230.45787048339844,225.0107421875,0.9461231827735901
901,1366,3483,132.335693359375,288.30548095703125,277.0225830078125,174.02685546875,0.9131765961647034
902,1366,27653,673.8723754882812,257.1789245605469,220.3057861328125,194.90432739257812,0.8966617584228516
903,1366,22347,666.3558959960938,837.791259765625,211.17462158203125,205.7000732421875,0.30020156502723694
904,1367,29667,603.1419677734375,176.47056579589844,218.42388916015625,213.85108947753906,0.9008654952049255
905,1367,3483,559.7354736328125,812.6502685546875,286.6746826171875,172.9801025390625,0.8983233571052551
906,1367,27653,60.550498962402344,810.2733154296875,224.53433990478516,209.9434814453125,0.8807510733604431
907,1367,22347,107.61192321777344,225.80880737304688,201.2151336669922,193.28262329101562,0.7669234275817871
908,1369,22347,118.91524505615234,213.59230041503906,208.0849380493164,197.1449432373047,0.892363429069519
909,1369,3483,601.3501586914062,867.1361083984375,257.8477783203125,228.2366943359375,0.8655351996421814
910,1369,16262,636.086669921875,176.59095764160156,247.59185791015625,231.27552795410156,0.8148756623268127
911,1369,19861,127.0220947265625,865.9988403320312,219.53955078125,165.21844482421875,0.6819614171981812
912,1371,22347,102.84202575683594,205.49163818359375,202.02049255371094,193.18902587890625,0.8701432943344116
913,1371,3483,572.4081420898438,836.7644653320312,262.86761474609375,229.83416748046875,0.8563450574874878
914,1371,16262,610.0021362304688,171.9744110107422,238.1298828125,228.5401153564453,0.8550032377243042
915,1371,19861,90.81878662109375,827.3408203125,227.29156494140625,176.001953125,0.8170702457427979
916,1372,3743,74.8482894897461,812.274658203125,330.7508010864258,326.7724609375,0.9297546148300171
917,1372,22627,78.7612533569336,96.85385131835938,327.41214752197266,482.5610656738281,0.8894021511077881
918,1372,2483,600.7727661132812,112.02337646484375,282.6072998046875,446.87103271484375,0.8574113249778748
919,1372,5886,612.7222900390625,695.2945556640625,234.538330078125,513.4874267578125,0.8330572247505188
920,1376,33208,154.9151611328125,297.93475341796875,202.21755981445312,192.85198974609375,0.9582039713859558
921,1376,33009,585.1770629882812,242.73892211914062,362.38397216796875,235.98944091796875,0.9281607270240784
922,1376,16551,90.9466552734375,699.9899291992188,293.9469909667969,493.09967041015625,0.8758866190910339
923,1376,1900,641.3197021484375,859.0731811523438,206.58984375,164.87322998046875,0.8706367015838623
924,1377,1900,150.75592041015625,256.4178771972656,198.2376708984375,154.82769775390625,0.9650099873542786
925,1377,33009,48.566322326660156,822.1886596679688,357.49922943115234,234.68133544921875,0.9426445364952087
926,1377,33208,641.3748168945312,805.9258422851562,211.39068603515625,200.3216552734375,0.8623024821281433
927,1377,16551,610.130126953125,54.55909729003906,282.321533203125,483.03038024902344,0.8413047790527344
928,1378,22347,622.7456665039062,868.9405517578125,214.20196533203125,211.4151611328125,0.9433780312538147
929,1378,3483,150.17478942871094,220.5280303955078,246.43482971191406,218.9492645263672,0.898714005947113
930,1378,35206,110.06027221679688,775.930419921875,299.82666015625,387.961669921875,0.8738095164299011
931,1378,19861,637.9528198242188,277.1341857910156,219.9781494140625,170.03170776367188,0.6350452303886414
932,1379,22347,160.94680786132812,201.46926879882812,206.75491333007812,198.72964477539062,0.887165367603302
933,1379,3483,601.2869873046875,867.108642578125,258.400146484375,228.763427734375,0.8705237507820129
934,1379,35206,584.6593017578125,95.760498046875,286.1773681640625,375.9300537109375,0.8225332498550415
935,1379,19861,126.70162200927734,865.8187255859375,220.23392486572266,165.636474609375,0.6857452392578125
936,1381,21325,632.5088500976562,280.28472900390625,232.27557373046875,132.270751953125,0.9773658514022827
937,1381,3351,406.4200439453125,844.6429443359375,191.07513427734375,191.4693603515625,0.7643293142318726
938,1381,32310,31.684226989746094,237.83380126953125,367.95691680908203,228.6268310546875,0.6488377451896667
939,1384,25367,53.08063507080078,97.08741760253906,416.17015838623047,450.00547790527344,0.924938976764679
940,1384,20238,604.4375,196.73423767089844,225.4371337890625,215.2617645263672,0.8493822813034058
941,1384,3483,567.2655029296875,815.1707763671875,263.17730712890625,219.564208984375,0.8330587148666382
942,1384,27777,178.33045959472656,813.551513671875,174.0320281982422,199.9810791015625,0.8201947808265686
943,1385,25367,39.67266082763672,83.7692642211914,404.94202423095703,442.7551498413086,0.8937737345695496
944,1385,20238,577.6500244140625,190.91110229492188,219.07470703125,213.81033325195312,0.8881279230117798
945,1385,3483,540.1665649414062,780.1121826171875,264.4248046875,226.1810302734375,0.8437349796295166
946,1385,27777,145.27320861816406,775.948974609375,178.5338592529297,204.7933349609375,0.8023764491081238
947,1386,25367,534.0165405273438,705.2548217773438,424.99786376953125,461.82672119140625,0.9620367288589478
948,1386,3483,171.90765380859375,272.8110046386719,263.40118408203125,222.30328369140625,0.8680412173271179
949,1386,20238,153.14117431640625,850.56689453125,233.16351318359375,225.4400634765625,0.8508867025375366
950,1386,27777,637.947998046875,293.90679931640625,174.058837890625,193.55657958984375,0.810375452041626
951,1387,20877,137.59091186523438,836.08056640625,276.6563720703125,308.1160888671875,0.9248991012573242
952,1387,3483,642.7705078125,758.790771484375,202.21923828125,272.801025390625,0.9169839024543762
953,1387,20238,601.685302734375,180.6114501953125,226.947021484375,216.16900634765625,0.8382496237754822
954,1387,22347,111.28719329833984,241.67364501953125,208.8921890258789,197.7501220703125,0.8289996981620789
955,139,31885,11.128730773925781,43.766212463378906,388.01924896240234,508.0938949584961,0.9608902931213379
956,139,3483,574.6658935546875,812.353759765625,280.25592041015625,191.27777099609375,0.8766109943389893
957,139,35206,585.516357421875,111.30229949951172,226.69281005859375,392.4348831176758,0.8446462750434875
958,139,25469,48.018798828125,788.3082275390625,349.82879638671875,302.83544921875,0.7973166108131409
959,1390,22627,113.68541717529297,164.58758544921875,360.5770034790039,452.8521728515625,0.9219673275947571
960,1390,25438,157.51174926757812,868.365478515625,258.1636047363281,268.669189453125,0.860377311706543
961,1390,2483,602.4766845703125,109.88150024414062,206.5833740234375,471.2275695800781,0.831849217414856
962,1390,22362,605.8558959960938,745.032470703125,263.72308349609375,419.318603515625,0.8028234839439392
963,1392,22627,108.84573364257812,127.11463928222656,367.0007629394531,457.99388122558594,0.9109192490577698
964,1392,25438,156.54945373535156,860.6634521484375,253.1188507080078,251.592529296875,0.8953039050102234
965,1392,2483,602.8602294921875,77.77061462402344,219.70355224609375,481.81971740722656,0.8861319422721863
966,1392,22362,593.309326171875,745.2066040039062,264.2579345703125,402.61444091796875,0.8060119152069092
967,1393,22347,680.4930419921875,869.8806762695312,216.89923095703125,208.97259521484375,0.9144135117530823
968,1393,16262,136.87893676757812,835.247314453125,249.86761474609375,242.2147216796875,0.884870171546936
969,1393,3483,173.06283569335938,274.4580078125,261.2162780761719,217.60687255859375,0.8662333488464355
970,1393,27777,637.0869140625,293.35870361328125,177.31787109375,194.33575439453125,0.7983289957046509
971,1395,22347,88.30924987792969,192.85850524902344,203.26002502441406,196.71607971191406,0.9054955840110779
972,1395,3483,539.0431518554688,778.93310546875,264.62371826171875,227.09197998046875,0.8294506669044495
973,1395,16262,575.1610717773438,189.04888916015625,238.7088623046875,226.28558349609375,0.8173248767852783
974,1395,27777,145.12417602539062,775.8761596679688,178.2860107421875,205.7275390625,0.7917054891586304
975,1396,19552,510.72705078125,595.8908081054688,320.1798095703125,483.75177001953125,0.9682464003562927
976,1396,13395,79.37690734863281,83.00735473632812,234.81544494628906,481.5520324707031,0.9370469450950623
977,1396,5094,523.8613891601562,161.82159423828125,271.11065673828125,265.3678894042969,0.8484939336776733
978,1396,2483,77.32513427734375,660.5038452148438,218.72760009765625,486.07806396484375,0.8066871166229248
979,140,31885,26.68689727783203,70.10181427001953,402.38390350341797,505.77965545654297,0.9114475846290588
980,140,3483,603.229248046875,847.0625,276.6378173828125,186.6021728515625,0.8847758173942566
981,140,35206,613.80224609375,118.33782196044922,228.10211181640625,402.9948196411133,0.8406599760055542
982,140,25469,88.23486328125,830.3701171875,341.0599365234375,303.547607421875,0.7998061180114746
983,1401,29667,138.14376831054688,870.2916259765625,230.44464111328125,228.174072265625,0.9127209186553955
984,1401,3483,126.36145782470703,271.8243408203125,270.33043670654297,187.93267822265625,0.9021703600883484
985,1401,22347,649.480712890625,851.4874267578125,214.3603515625,207.376220703125,0.8893322944641113
986,1401,25469,574.14111328125,186.81716918945312,330.08648681640625,284.5021667480469,0.7864627242088318
987,1402,33880,457.943359375,197.04544067382812,392.658203125,363.9226989746094,0.9761657118797302
988,1402,20238,85.59203338623047,336.3331604003906,224.93506622314453,219.63150024414062,0.8484541177749634
989,1402,3351,424.38232421875,884.92236328125,190.50506591796875,191.57373046875,0.6916291117668152
990,1404,33880,117.47756958007812,739.5565795898438,394.7419128417969,375.31036376953125,0.961410641670227
991,1404,20238,668.3700561523438,763.88427734375,227.22064208984375,220.81817626953125,0.9188847541809082
992,1404,3351,366.38616943359375,215.7166748046875,183.03167724609375,180.72042846679688,0.8701061606407166
993,1407,38162,602.7247314453125,796.0711669921875,245.48114013671875,249.2486572265625,0.9840467572212219
994,1407,33880,100.79823303222656,688.3282470703125,311.3214874267578,425.7149658203125,0.8145911693572998
995,1407,3351,378.65576171875,231.12013244628906,184.03521728515625,180.5909881591797,0.8143032789230347
996,1408,33208,657.9715576171875,899.7476196289062,216.524658203125,209.82330322265625,0.9044569134712219
997,1408,21026,683.4925537109375,274.0301208496094,179.5145263671875,173.29635620117188,0.8787609338760376
998,1408,16548,72.61951446533203,806.069580078125,245.5794906616211,238.201416015625,0.8717411160469055
999,1408,1900,190.0128173828125,273.5013122558594,200.09567260742188,135.75454711914062,0.8282941579818726
1000,1411,27653,96.75125122070312,854.5362548828125,221.60137939453125,204.6488037109375,0.8818210959434509
1001,1411,30308,70.101318359375,126.18315124511719,383.88006591796875,420.2537384033203,0.862680971622467
1002,1411,3483,588.8833618164062,846.5908813476562,284.50213623046875,164.41424560546875,0.8625339269638062
1003,1411,36637,643.804931640625,208.81256103515625,190.468017578125,247.03271484375,0.8043037056922913
1004,1413,3483,130.01116943359375,289.5654296875,278.32830810546875,173.29269409179688,0.9193738698959351
1005,1413,27653,671.2197875976562,256.50115966796875,220.8612060546875,194.97177124023438,0.8995012044906616
1006,1413,36637,150.07774353027344,804.4774169921875,197.5961456298828,250.34619140625,0.8862439393997192
1007,1413,30308,549.6884765625,706.2537841796875,396.259033203125,422.90771484375,0.8261003494262695
1008,1414,3544,109.75109100341797,195.45433044433594,203.00894927978516,198.82640075683594,0.9182270169258118
1009,1414,10221,599.2518920898438,191.1254119873047,218.60284423828125,213.3903350830078,0.8869993090629578
1010,1414,27926,553.7962646484375,600.296875,274.8543701171875,481.812744140625,0.8681067228317261
1011,1414,16548,53.48595428466797,777.0411376953125,241.82852935791016,233.13525390625,0.8405396342277527
1012,1418,1900,127.57987976074219,257.4303894042969,197.8728485107422,147.44003295898438,0.9437381625175476
1013,1418,16551,102.85343170166016,650.5546875,295.62532806396484,487.2039794921875,0.9143550992012024
1014,1418,31705,591.8104248046875,700.2279663085938,256.3089599609375,450.73052978515625,0.8898178935050964
1015,142,44199,79.51347351074219,177.2454833984375,247.24278259277344,222.0728759765625,0.9867044687271118
1016,142,1900,579.3983154296875,866.66796875,213.0673828125,143.16064453125,0.9197765588760376
1017,142,16548,593.1266479492188,155.14207458496094,232.68621826171875,225.40602111816406,0.9101380705833435
1018,142,21026,90.561279296875,831.0485229492188,182.6026611328125,179.85943603515625,0.8374736309051514
1019,1420,41768,95.8707046508789,239.76425170898438,298.40282440185547,267.9766845703125,0.9826244711875916
1020,1420,16688,547.8200073242188,69.05738830566406,259.60931396484375,589.5973968505859,0.7660356163978577
1021,1420,3351,409.9205017089844,875.5389404296875,191.82785034179688,188.6160888671875,0.6913770437240601
1022,1421,41768,549.4107666015625,718.882568359375,305.54656982421875,284.82623291015625,0.9668666124343872
1023,1421,3351,337.5439453125,166.0296630859375,184.13970947265625,188.33529663085938,0.8470156788825989
1024,1421,16688,117.27059173583984,509.69683837890625,266.76529693603516,656.2539672851562,0.6173909902572632
1025,1424,3483,538.0272827148438,779.07763671875,267.612060546875,224.9862060546875,0.8338024616241455
1026,1424,27777,145.8397674560547,775.83740234375,177.6221160888672,204.666259765625,0.8327347040176392
1027,1424,35206,583.2237548828125,132.8318634033203,220.0909423828125,394.29100036621094,0.8191624283790588
1028,1424,31885,96.28952026367188,79.1739273071289,359.442138671875,513.3714828491211,0.7890728116035461
1029,1425,35206,610.9759521484375,140.07354736328125,228.66790771484375,402.41217041015625,0.8404221534729004
1030,1425,3483,566.0146484375,812.87109375,263.68780517578125,219.38720703125,0.831025242805481
1031,1425,31885,115.5377197265625,100.86250305175781,365.23736572265625,523.2393035888672,0.8217152953147888
1032,1425,27777,178.90670776367188,812.4854736328125,174.03811645507812,199.47467041015625,0.817913293838501
1033,1429,29345,605.45751953125,705.4144287109375,282.798095703125,442.1109619140625,0.9624231457710266
1034,1429,16548,125.1896743774414,830.2890014648438,238.2356185913086,229.82598876953125,0.9400853514671326
1035,1429,3544,119.85550689697266,252.20640563964844,209.4184799194336,200.88380432128906,0.9353320598602295
1036,1429,10221,678.824462890625,215.3117218017578,224.490966796875,213.5493621826172,0.844903290271759
1037,143,44199,92.54752349853516,183.9672088623047,254.65950775146484,227.1255645751953,0.9848802089691162
1038,143,1900,609.5672607421875,900.531494140625,205.7274169921875,135.9423828125,0.9324774146080017
1039,143,16548,622.0612182617188,159.7466278076172,238.35205078125,227.6962432861328,0.9265494346618652
1040,143,21026,124.53482818603516,865.498046875,181.45653533935547,176.78369140625,0.7006112337112427
1041,1431,29345,579.3164672851562,669.7637939453125,282.00946044921875,444.04296875,0.9861029386520386
1042,1431,3544,105.76548767089844,241.8563232421875,202.91566467285156,200.701416015625,0.9216369986534119
1043,1431,16548,89.47318267822266,790.810302734375,241.3020248413086,233.171875,0.8284579515457153
1044,1431,10221,648.1832885742188,207.57110595703125,220.3533935546875,213.6466064453125,0.8141463398933411
1045,1433,38162,606.7791137695312,754.9783325195312,294.114990234375,207.9742431640625,0.9943575263023376
1046,1433,3351,367.43560791015625,173.8220977783203,183.30609130859375,183.03627014160156,0.8380881547927856
1047,1433,32310,0.0,663.0862426757812,303.791259765625,328.9215087890625,0.7406795024871826
1048,1435,13900,170.47653198242188,340.6558837890625,173.89767456054688,252.540771484375,0.9692535996437073
1049,1435,3351,398.44390869140625,854.307861328125,189.45355224609375,188.79296875,0.6020721197128296
1050,1435,20238,590.8397827148438,307.248779296875,222.65087890625,216.86492919921875,0.38962069153785706
1051,1436,13900,600.1619262695312,625.887939453125,179.46893310546875,266.7757568359375,0.9756519794464111
1052,1436,3351,349.62615966796875,188.05636596679688,185.71722412109375,183.04666137695312,0.8517502546310425
1053,1436,20238,110.22736358642578,699.1409301757812,228.82750701904297,228.45733642578125,0.6453338265419006
1054,1438,12247,175.78976440429688,303.749755859375,204.08816528320312,125.82061767578125,0.9631214737892151
1055,1438,3544,697.9067993164062,857.3825073242188,215.1605224609375,212.11712646484375,0.9068650007247925
1056,1438,6563,580.0950317382812,234.03379821777344,217.06390380859375,335.37672424316406,0.8856095671653748
1057,1438,16548,204.1100311279297,842.279052734375,246.38002014160156,237.44970703125,0.837399959564209
1058,1439,12247,592.1421508789062,849.5238037109375,211.64886474609375,126.521240234375,0.9523391723632812
1059,1439,3544,71.9819564819336,200.94515991210938,205.29740142822266,199.52285766601562,0.9202980399131775
1060,1439,16548,512.2464599609375,179.15306091308594,234.58941650390625,226.73228454589844,0.9019853472709656
1061,1439,6563,166.35418701171875,672.4339599609375,220.38330078125,365.08447265625,0.8118504285812378
1062,1441,27733,93.39533996582031,734.288330078125,318.76869201660156,276.54998779296875,0.9213791489601135
1063,1441,3483,580.1942138671875,759.52880859375,276.0418701171875,210.4771728515625,0.9161922931671143
1064,1441,22347,117.94746398925781,174.51580810546875,202.7864532470703,191.73159790039062,0.835218071937561
1065,1441,36637,593.4931640625,204.61761474609375,252.70751953125,168.33251953125,0.8328873515129089
1066,1442,3483,607.9745483398438,791.6461181640625,273.88580322265625,209.25323486328125,0.9359695315361023
1067,1442,27733,129.47125244140625,776.7469482421875,312.22613525390625,274.2191162109375,0.9356686472892761
1068,1442,22347,135.25286865234375,178.87820434570312,206.3433837890625,195.61868286132812,0.6927781701087952
1069,1442,36637,622.295166015625,208.57688903808594,260.30975341796875,168.8620147705078,0.6896747946739197
1070,1444,23223,525.791015625,625.9973754882812,293.3983154296875,505.08843994140625,0.9163904786109924
1071,1444,3743,482.21246337890625,149.4488525390625,314.56390380859375,303.9208984375,0.9056282639503479
1072,1444,4378,134.67303466796875,109.76518249511719,218.5269775390625,431.92701721191406,0.8791095018386841
1073,1444,2483,95.35659790039062,691.971435546875,211.49697875976562,488.283447265625,0.8561975955963135
1074,1446,23223,123.42418670654297,70.66635131835938,291.48719024658203,503.3592834472656,0.9444002509117126
1075,1446,3743,128.986572265625,801.24951171875,329.26300048828125,319.631103515625,0.8931376934051514
1076,1446,4378,588.6741333007812,700.7882690429688,220.91070556640625,447.36212158203125,0.888861358165741
1077,1446,2483,629.1260986328125,31.19415283203125,201.2493896484375,480.15777587890625,0.8561387062072754
1078,1447,29451,465.4443664550781,770.9727783203125,416.0503845214844,243.1177978515625,0.9549246430397034
1079,1447,3544,102.95494842529297,179.38072204589844,203.95209503173828,199.7426300048828,0.9140751957893372
1080,1447,16548,46.22560501098633,791.3831787109375,239.56046676635742,234.2366943359375,0.8420217633247375
1081,1447,10221,627.14990234375,191.1542510986328,220.56927490234375,214.3395538330078,0.7603235840797424
1082,1449,29451,488.8127136230469,808.1712646484375,412.2492980957031,235.6268310546875,0.9333587884902954
1083,1449,3544,117.98194122314453,185.2520751953125,209.98796844482422,201.11328125,0.9184278845787048
1084,1449,16548,80.71155548095703,832.11181640625,237.61641693115234,227.6329345703125,0.9159409999847412
1085,1449,10221,657.5786743164062,198.42018127441406,224.71783447265625,213.0825653076172,0.7756751775741577
1086,1450,2483,603.4429321289062,45.624961853027344,212.539794921875,483.01541900634766,0.9072389602661133
1087,1450,12778,116.9818115234375,66.10725402832031,282.0716552734375,520.6934051513672,0.8962414264678955
1088,1450,13395,584.7486572265625,708.829345703125,244.419921875,502.10791015625,0.8614359498023987
1089,1450,25438,123.98185729980469,812.0469970703125,254.28135681152344,251.5081787109375,0.8151696920394897
1090,1452,12778,107.78072357177734,100.78681945800781,295.0221633911133,516.0730438232422,0.8972448110580444
1091,1452,13395,601.500244140625,706.5321044921875,235.5400390625,524.201416015625,0.894760012626648
1092,1452,2483,594.2554931640625,82.76512145996094,208.019287109375,471.90895080566406,0.8349221348762512
1093,1452,25438,125.51128387451172,821.27197265625,259.27054595947266,265.8177490234375,0.8058388829231262
1094,1453,18357,47.67344665527344,310.00738525390625,280.7003936767578,329.86602783203125,0.8608528971672058
1095,1453,16688,475.7442626953125,124.07386779785156,426.25531005859375,525.5058441162109,0.7723409533500671
1096,1453,3351,457.15203857421875,906.8975219726562,190.4534912109375,191.37384033203125,0.6987983584403992
1097,1455,3351,333.3038330078125,191.9896697998047,183.7257080078125,182.14906311035156,0.8579060435295105
1098,1455,18357,651.483642578125,650.525634765625,279.063720703125,341.58056640625,0.7176838517189026
1099,1455,16688,76.70831298828125,625.3235473632812,428.6285400390625,581.1830444335938,0.7159576416015625
1100,1458,23223,77.8084487915039,167.8325653076172,298.4535140991211,498.07716369628906,0.9483005404472351
1101,1458,4378,638.8245239257812,706.778076171875,227.373046875,449.951171875,0.9158371686935425
1102,1458,25438,109.44263458251953,828.8129272460938,254.5136947631836,254.66229248046875,0.8804802298545837
1103,1458,2483,610.908203125,61.59618377685547,241.03271484375,477.88501739501953,0.8475906252861023
1104,1459,5094,108.73767852783203,808.5255126953125,283.89940643310547,287.327880859375,0.8458726406097412
1105,1459,2483,626.6124267578125,70.11329650878906,224.377685546875,461.42356872558594,0.813411295413971
1106,1459,22627,77.22736358642578,185.1123809814453,316.07466888427734,473.9136199951172,0.8065254092216492
1107,1459,12081,651.55810546875,691.8096923828125,242.65283203125,469.4390869140625,0.7400789856910706
1108,146,31885,555.0027465820312,672.425537109375,399.25323486328125,526.5623779296875,0.8966265916824341
1109,146,3483,171.2726593017578,275.9979248046875,261.8824005126953,219.1851806640625,0.8712449669837952
1110,146,16232,153.80215454101562,827.9739379882812,188.48788452148438,191.4154052734375,0.8330636024475098
1111,146,27777,636.249267578125,294.1331787109375,175.658203125,193.441162109375,0.7997510433197021
1112,1460,22627,544.9942016601562,574.23828125,319.09197998046875,481.7469482421875,0.873193085193634
1113,1460,2483,53.48045349121094,696.9489135742188,256.77613830566406,478.42242431640625,0.8233270049095154
1114,1460,12081,71.01741790771484,128.0553436279297,227.1882095336914,429.0482940673828,0.794791042804718
1115,1460,5094,549.2714233398438,190.90736389160156,267.63702392578125,268.1074676513672,0.748312771320343
1116,1461,2483,629.039306640625,30.126190185546875,240.21026611328125,481.5135192871094,0.8743495941162109
1117,1461,22627,73.82678985595703,152.6488037109375,317.82543182373047,474.42828369140625,0.8069925904273987
1118,1461,5094,107.53681182861328,797.9814453125,276.6232223510742,279.078369140625,0.7909258008003235
1119,1461,12081,641.7998046875,687.1287841796875,235.1038818359375,452.5179443359375,0.7130584716796875
1120,1462,25367,520.0277709960938,673.1846923828125,429.67669677734375,467.763916015625,0.9270961284637451
1121,1462,3483,130.39874267578125,288.70660400390625,277.7784729003906,173.784912109375,0.918106198310852
1122,1462,27653,671.9723510742188,256.6399841308594,219.85076904296875,195.32156372070312,0.8934019207954407
1123,1462,20238,134.2579345703125,868.9275512695312,230.52755737304688,224.54937744140625,0.8567240238189697
1124,1463,25367,56.71577453613281,121.71585083007812,422.38536071777344,454.2565002441406,0.941413402557373
1125,1463,27653,97.03114318847656,854.6856689453125,221.2578582763672,204.6697998046875,0.8869249224662781
1126,1463,3483,588.622802734375,846.4827880859375,283.43011474609375,165.333984375,0.8861432671546936
1127,1463,20238,623.9382934570312,177.63851928710938,224.76580810546875,215.64993286132812,0.853304922580719
1128,1464,25367,41.22322082519531,100.31248474121094,408.2344207763672,454.09559631347656,0.9394158720970154
1129,1464,20238,595.67578125,174.58941650390625,218.0814208984375,213.23226928710938,0.9381616711616516
1130,1464,3483,561.3192138671875,812.2691650390625,287.28436279296875,173.2110595703125,0.8869456052780151
1131,1464,27653,64.4662857055664,810.76123046875,223.08776092529297,211.017822265625,0.8815441131591797
1132,1466,22347,107.05535888671875,179.48944091796875,200.5657958984375,193.94027709960938,0.90833979845047
1133,1466,3483,560.55029296875,812.825439453125,286.70806884765625,172.2635498046875,0.8918349146842957
1134,1466,27653,62.291831970214844,810.2517700195312,225.28479766845703,210.711669921875,0.8790041208267212
1135,1466,16262,594.1177978515625,177.66075134277344,236.2872314453125,226.9287872314453,0.8244802951812744
1136,1473,19607,151.27774047851562,218.2178497314453,158.12533569335938,153.6817169189453,0.9379793405532837
1137,1473,1900,615.6738891601562,859.7766723632812,201.82586669921875,158.705322265625,0.8643924593925476
1138,1473,16551,571.6248779296875,91.19556427001953,289.8935546875,485.3326950073242,0.8598937392234802
1139,1473,21026,124.60689544677734,865.60498046875,181.4727554321289,176.796875,0.7079817652702332
1140,1474,3483,609.6021728515625,790.2182006835938,273.27593994140625,208.44097900390625,0.9391636848449707
1141,1474,27733,125.73673248291016,769.517578125,311.6933822631836,272.42431640625,0.9312326312065125
1142,1474,34597,68.53984832763672,100.59715270996094,436.98792266845703,426.1063995361328,0.9145808815956116
1143,1474,36637,619.8861694335938,209.09507751464844,255.27508544921875,165.4619598388672,0.8062991499900818
1144,1476,27733,90.44670867919922,727.120849609375,317.7521438598633,279.1993408203125,0.9320492148399353
1145,1476,3483,581.4037475585938,758.8536376953125,275.6781005859375,210.107666015625,0.9061620831489563
1146,1476,36637,593.49560546875,203.30947875976562,250.5902099609375,169.35623168945312,0.9009047746658325
1147,1476,34597,52.46665954589844,73.9105224609375,428.26268005371094,430.50482177734375,0.8982658386230469
1148,1477,18357,359.17205810546875,679.00537109375,248.11334228515625,372.83935546875,0.9084698557853699
1149,1477,36637,87.23335266113281,230.65711975097656,239.52565002441406,211.30845642089844,0.678642749786377
1150,1477,3351,652.1652221679688,289.8338623046875,181.63897705078125,180.15350341796875,0.6424425840377808
1151,148,19232,498.6225891113281,237.65579223632812,331.0133361816406,256.9364929199219,0.9222506284713745
1152,148,20238,119.76905822753906,299.8304748535156,226.6285858154297,218.57809448242188,0.8888113498687744
1153,148,3351,400.7294921875,850.598876953125,190.614013671875,190.115234375,0.6567952036857605
1154,1480,10221,158.1372833251953,259.4888916015625,218.5371551513672,213.241455078125,0.9215978980064392
1155,1480,3544,639.6871948242188,876.897705078125,217.96844482421875,211.3104248046875,0.9201887249946594
1156,1480,6563,592.7559814453125,241.0564422607422,209.6380615234375,334.0971221923828,0.9092756509780884
1157,1480,16548,172.99073791503906,833.5303955078125,240.96189880371094,237.8154296875,0.877683162689209
1158,1483,28763,631.8338623046875,898.773193359375,224.3768310546875,211.490234375,0.9440510272979736
1159,1483,3483,150.43418884277344,220.4666290283203,246.11585998535156,218.59999084472656,0.9062412977218628
1160,1483,35206,109.81685638427734,775.7479248046875,300.73319244384766,387.9083251953125,0.8828808069229126
1161,1483,19861,637.9769897460938,277.4651184082031,219.51812744140625,169.89749145507812,0.6302432417869568
1162,1485,28763,149.5819854736328,167.22119140625,211.15220642089844,202.45849609375,0.929833710193634
1163,1485,3483,600.862060546875,867.4301147460938,258.1304931640625,228.24749755859375,0.8703643083572388
1164,1485,35206,584.4581298828125,95.18798828125,287.0250244140625,376.5240478515625,0.8260254263877869
1165,1485,19861,127.14214324951172,866.1776123046875,219.59009552001953,165.037353515625,0.6919863820075989
1166,1488,3351,392.89825439453125,207.82188415527344,181.44830322265625,180.78749084472656,0.8916276097297668
1167,1488,21325,209.37881469726562,827.52392578125,203.11721801757812,198.957275390625,0.7812129855155945
1168,1488,31863,624.9970703125,830.8018798828125,207.2625732421875,205.0869140625,0.7473317384719849
1169,1489,20014,532.7867431640625,287.3868408203125,342.9285888671875,318.15936279296875,0.9033908247947693
1170,1489,3351,401.8019104003906,851.0989379882812,191.20986938476562,189.48321533203125,0.7178658246994019
1171,1489,20238,185.52737426757812,281.5903015136719,223.9923095703125,216.93890380859375,0.6458351016044617
1172,149,19232,96.05880737304688,697.902099609375,336.3109130859375,266.80859375,0.8984495401382446
1173,149,20238,594.3214111328125,712.2207641601562,229.5086669921875,226.52801513671875,0.8591600060462952
1174,149,3351,348.0335998535156,190.1171112060547,183.03683471679688,186.31105041503906,0.8411341309547424
1175,1492,3351,378.79949951171875,903.7057495117188,189.42767333984375,191.39862060546875,0.7879584431648254
1176,1492,21325,182.93505859375,276.70111083984375,160.66455078125,232.3555908203125,0.6981809735298157
1177,1493,18147,57.62275695800781,544.5910034179688,350.3948211669922,375.89483642578125,0.935657262802124
1178,1493,3351,368.58306884765625,138.68202209472656,183.13006591796875,184.55311584472656,0.8593282699584961
1179,1493,21325,596.9017333984375,717.7210083007812,161.39385986328125,244.99481201171875,0.8210044503211975
1180,1497,34597,63.571617126464844,63.05511474609375,293.9136734008789,494.22998046875,0.9048033356666565
1181,1497,29667,609.6234130859375,197.7861328125,218.709716796875,216.3145751953125,0.8780520558357239
1182,1497,19861,83.92433166503906,826.625244140625,226.75718688964844,176.4132080078125,0.8531790971755981
1183,1497,3483,566.2681884765625,840.236328125,260.50030517578125,232.6407470703125,0.8486350178718567
1184,15,33880,46.4501953125,779.8715209960938,445.262451171875,280.37139892578125,0.9703602194786072
1185,15,3351,360.548095703125,248.56179809570312,182.723876953125,181.25717163085938,0.8729143142700195
1186,15,16232,641.33544921875,796.774169921875,196.5162353515625,189.83746337890625,0.7716348767280579
1187,150,20238,633.45751953125,803.6779174804688,226.68865966796875,218.970947265625,0.9135106801986694
1188,150,19232,140.58279418945312,804.0343017578125,331.4200134277344,261.6109619140625,0.906218409538269
1189,150,3351,388.94403076171875,251.20559692382812,183.2147216796875,181.45223999023438,0.8438742756843567
1190,1500,41768,575.5501098632812,858.74951171875,343.48931884765625,180.09619140625,0.9780125021934509
1191,1500,38162,194.26812744140625,733.9320068359375,191.8568115234375,298.0191650390625,0.9577571749687195
1192,1500,3351,350.883544921875,238.4307861328125,184.4013671875,180.67510986328125,0.8555597066879272
1193,151,33208,183.68621826171875,269.3903503417969,207.10968017578125,194.71798706054688,0.9368650317192078
1194,151,1900,645.0946655273438,844.271484375,188.41571044921875,189.1968994140625,0.9333812594413757
1195,151,29451,512.1084594726562,242.75587463378906,409.26922607421875,220.4672393798828,0.914300262928009
1196,151,16548,97.71865844726562,819.646484375,241.49566650390625,236.4105224609375,0.8560895919799805
1197,152,33208,582.0318603515625,811.84765625,213.7249755859375,204.6661376953125,0.9105314612388611
1198,152,29451,33.89396667480469,805.4220581054688,420.8374786376953,218.86138916015625,0.8999189734458923
1199,152,16548,619.955322265625,206.02587890625,231.7230224609375,222.10858154296875,0.8348677158355713
1200,152,1900,148.08021545410156,241.00274658203125,179.72471618652344,180.72064208984375,0.833367645740509
1201,153,29451,69.28787231445312,844.8388671875,420.0093078613281,217.4609375,0.9283894896507263
1202,153,33208,610.6613159179688,844.5692138671875,211.07830810546875,199.5596923828125,0.9122809171676636
1203,153,16548,648.728515625,212.69393920898438,237.0009765625,226.031494140625,0.9057897925376892
1204,153,1900,167.5127410888672,248.17909240722656,182.6414337158203,182.7770233154297,0.8395870327949524
1205,154,23223,89.78252410888672,138.16085815429688,319.5917434692383,487.2301330566406,0.9406740069389343
1206,154,2483,620.3935546875,46.507415771484375,249.94488525390625,475.5173645019531,0.8637601733207703
1207,154,5886,595.9894409179688,683.1981201171875,234.98077392578125,490.9051513671875,0.8491566777229309
1208,154,5094,107.56050109863281,802.6618041992188,279.6268768310547,275.34991455078125,0.6135506629943848
1209,155,23223,534.9111328125,576.389404296875,318.5992431640625,493.7896728515625,0.9306968450546265
1210,155,5886,112.22782135009766,81.3772964477539,236.51787567138672,475.62422943115234,0.9027894139289856
1211,155,2483,66.42108917236328,690.728271484375,256.28609466552734,465.960693359375,0.8237084150314331
1212,155,5094,547.38623046875,186.49131774902344,271.31256103515625,266.87745666503906,0.6674371361732483
1213,156,23223,94.48426055908203,166.33209228515625,316.9189987182617,492.85540771484375,0.9284501075744629
1214,156,2483,607.6898193359375,84.24026489257812,255.672119140625,463.8859558105469,0.8618984818458557
1215,156,5886,602.266845703125,678.5531616210938,246.4471435546875,507.92364501953125,0.7833810448646545
1216,156,5094,108.11543273925781,815.1060791015625,285.0723114013672,282.9019775390625,0.6450175642967224
1217,157,16262,576.3922729492188,189.0856170654297,236.4449462890625,226.13587951660156,0.9029095768928528
1218,157,3483,539.0181884765625,779.7021484375,265.24884033203125,225.5120849609375,0.8175836801528931
1219,157,27777,144.89459228515625,776.1693115234375,178.2384033203125,204.4013671875,0.7997754812240601
1220,157,25367,101.38435363769531,81.41899108886719,389.9925994873047,461.44752502441406,0.6176182627677917
1221,159,16262,601.0823974609375,192.28253173828125,245.4483642578125,231.63916015625,0.8569454550743103
1222,159,27777,178.45489501953125,813.1305541992188,173.98681640625,199.9957275390625,0.8137088418006897
1223,159,3483,566.1866455078125,814.8745727539062,262.99456787109375,220.15411376953125,0.8064634203910828
1224,159,25367,125.12271881103516,95.7568359375,392.5450668334961,469.70001220703125,0.7507564425468445
1225,160,4543,146.52320861816406,915.512451171875,211.45115661621094,209.8052978515625,0.9770654439926147
1226,160,23203,211.08001708984375,318.0211181640625,134.559326171875,135.16488647460938,0.9595479369163513
1227,160,3544,625.7186279296875,887.9266967773438,218.56793212890625,211.81549072265625,0.933558464050293
1228,160,16551,578.703369140625,260.1880187988281,285.61944580078125,471.1170349121094,0.8523398041725159
1229,162,4543,625.6885986328125,141.69021606445312,212.0450439453125,204.06399536132812,0.9293465614318848
1230,162,3544,157.76165771484375,177.9859161376953,209.42550659179688,200.8428497314453,0.9278680086135864
1231,162,23203,654.4378662109375,855.31005859375,137.04315185546875,133.00750732421875,0.9108388423919678
1232,162,16551,128.70541381835938,537.1114501953125,289.698486328125,477.8714599609375,0.871538519859314
1233,163,16232,645.28759765625,250.72698974609375,185.240478515625,185.33770751953125,0.8853659629821777
1234,163,27777,179.6588897705078,813.1802368164062,174.67832946777344,199.58099365234375,0.821419358253479
1235,163,3483,566.8623046875,813.2479858398438,264.20916748046875,218.51300048828125,0.8187734484672546
1236,163,28763,126.63875579833984,172.3436737060547,213.28406524658203,204.72019958496094,0.6294559240341187
1237,164,28763,649.5279541015625,891.5618896484375,226.99664306640625,212.33349609375,0.8946816921234131
1238,164,3483,170.52000427246094,275.15740966796875,262.7353057861328,220.02081298828125,0.8687403202056885
1239,164,16232,154.573974609375,828.8121337890625,189.77984619140625,190.4052734375,0.8301699161529541
1240,164,27777,635.728271484375,293.8887939453125,176.2479248046875,193.843994140625,0.8151056170463562
1241,165,16232,614.6310424804688,238.9069366455078,183.424072265625,183.27613830566406,0.8922275900840759
1242,165,3483,540.3038940429688,777.4688720703125,265.23199462890625,225.7171630859375,0.8534366488456726
1243,165,27777,146.93051147460938,775.7687377929688,177.95999145507812,205.24798583984375,0.7940347790718079
1244,165,28763,110.79059600830078,168.96682739257812,208.21440887451172,196.7762451171875,0.34610408544540405
1245,17,3351,295.9383544921875,166.016845703125,185.66802978515625,189.93057250976562,0.8627911806106567
1246,17,41768,557.230224609375,644.9978637695312,280.06927490234375,297.5775146484375,0.8616472482681274
1247,17,35206,113.89281463623047,585.9734497070312,308.76136016845703,385.43548583984375,0.7695338129997253
1248,170,6192,116.40789031982422,159.9954376220703,306.92569732666016,519.9484100341797,0.8960140347480774
1249,170,5094,108.21403503417969,809.386474609375,283.7256622314453,286.826416015625,0.8585496544837952
1250,170,2483,621.8800048828125,71.3045883178711,233.21551513671875,459.83683013916016,0.7962718605995178
1251,170,12081,651.4596557617188,691.7743530273438,242.96856689453125,469.79888916015625,0.7496880888938904
1252,172,3483,587.5358276367188,846.9818115234375,283.33013916015625,163.8470458984375,0.8816776871681213
1253,172,29667,631.4588623046875,179.02294921875,224.744873046875,216.2989501953125,0.8797100186347961
1254,172,27653,94.97135162353516,853.1300048828125,221.2308578491211,205.3173828125,0.8765990734100342
1255,172,25367,122.11406707763672,68.29872131347656,326.34781646728516,494.0046844482422,0.8729860782623291
1256,173,29667,603.4589233398438,176.10191345214844,217.5372314453125,214.55567932128906,0.9001333117485046
1257,173,3483,559.915283203125,813.2164306640625,287.26416015625,172.446533203125,0.891427755355835
1258,173,27653,61.19802474975586,810.2923583984375,225.06283950805664,210.1990966796875,0.8845115900039673
1259,173,25367,104.18869018554688,57.71476745605469,317.1318664550781,483.9665069580078,0.7539865970611572
1260,174,25367,549.3140869140625,688.8245849609375,339.16064453125,509.95849609375,0.9484167695045471
1261,174,29667,125.97000122070312,864.6383666992188,230.843994140625,226.31927490234375,0.9326013922691345
1262,174,3483,131.65634155273438,288.4028625488281,278.22113037109375,174.16543579101562,0.9236751198768616
1263,174,27653,673.5697021484375,257.0523681640625,220.48114013671875,195.6383056640625,0.8913689255714417
1264,175,29667,638.028564453125,203.08670043945312,224.2579345703125,216.73779296875,0.8824412822723389
1265,175,3483,592.8968505859375,871.64892578125,258.5936279296875,229.62353515625,0.8773557543754578
1266,175,30308,125.38207244873047,96.60968780517578,267.6519241333008,472.8124313354492,0.8582607507705688
1267,175,19861,120.14579772949219,864.4256591796875,220.7630157470703,167.2607421875,0.6895949244499207
1268,176,29667,118.18859100341797,840.2554931640625,229.38162994384766,228.1365966796875,0.9589591026306152
1269,176,30308,592.1316528320312,679.3826293945312,287.74127197265625,481.92449951171875,0.9496245384216309
1270,176,3483,159.10641479492188,215.3456268310547,245.20098876953125,220.3622283935547,0.8797768354415894
1271,176,19861,644.9908447265625,277.5796203613281,218.8555908203125,170.22833251953125,0.5296475887298584
1272,179,22347,641.8890991210938,832.980224609375,216.15069580078125,208.3465576171875,0.9083544611930847
1273,179,20238,153.6109619140625,851.0671997070312,229.8853759765625,224.74456787109375,0.895334780216217
1274,179,3483,172.43734741210938,273.1156921386719,263.0134582519531,220.05441284179688,0.8647789359092712
1275,179,27777,636.4767456054688,293.46710205078125,177.19329833984375,194.3082275390625,0.8026860952377319
1276,180,22347,124.83501434326172,228.3727264404297,202.72516632080078,194.66920471191406,0.9027941823005676
1277,180,20238,577.2399291992188,190.58326721191406,220.75146484375,213.6286163330078,0.8531031012535095
1278,180,3483,539.849853515625,780.431396484375,264.767578125,225.9481201171875,0.8435361981391907
1279,180,27777,145.8568115234375,776.536865234375,177.64208984375,205.52001953125,0.796612024307251
1280,183,3544,639.6527099609375,877.0336303710938,218.0615234375,211.48516845703125,0.922173261642456
1281,183,10221,157.794921875,260.1513671875,218.76846313476562,213.06610107421875,0.9196612238883972
1282,183,6563,591.81640625,241.20765686035156,211.1241455078125,333.15916442871094,0.8996083736419678
1283,183,16551,19.515724182128906,698.911865234375,407.88777923583984,410.5108642578125,0.8850417733192444
1284,185,23203,626.1434936523438,822.4864501953125,141.75872802734375,137.755126953125,0.9428853988647461
1285,185,4543,597.4506225585938,142.58428955078125,206.6817626953125,199.5345458984375,0.9339581727981567
1286,185,3544,140.78636169433594,172.7088165283203,204.80482482910156,200.1228485107422,0.9125926494598389
1287,185,16548,131.26910400390625,738.8638305664062,242.33071899414062,233.5888671875,0.8823409080505371
1288,186,23203,655.5974731445312,855.0361328125,139.52880859375,133.954833984375,0.941961407661438
1289,186,16548,166.34259033203125,781.664306640625,236.83538818359375,228.48919677734375,0.9410526156425476
1290,186,4543,626.858642578125,142.39071655273438,210.9381103515625,203.61270141601562,0.9248529672622681
1291,186,3544,158.32806396484375,178.41876220703125,207.97894287109375,200.44012451171875,0.9244346022605896
1292,189,12778,86.06090545654297,135.0988006591797,293.36328887939453,522.7307891845703,0.884276807308197
1293,189,2483,641.1448974609375,122.28990173339844,202.3861083984375,464.73719787597656,0.8798536062240601
1294,189,5094,137.17709350585938,857.3980102539062,284.68878173828125,285.55084228515625,0.8421568274497986
1295,189,22362,617.1690673828125,782.3748779296875,260.7720947265625,417.2545166015625,0.827427327632904
1296,19,3483,610.137939453125,787.8508911132812,274.8126220703125,209.3023681640625,0.9482479095458984
1297,19,27733,126.79969024658203,770.35791015625,311.9461898803711,272.2034912109375,0.9326280355453491
1298,19,28763,102.9549789428711,169.17507934570312,211.2103042602539,203.28009033203125,0.9318552017211914
1299,19,36637,621.0174560546875,205.23556518554688,261.1260986328125,170.04714965820312,0.6984586119651794
1300,191,4543,635.8853149414062,150.12754821777344,207.7197265625,202.2635040283203,0.9703356623649597
1301,191,3544,121.40987396240234,181.43460083007812,205.82935333251953,199.70315551757812,0.9226059317588806
1302,191,10221,95.7318115234375,789.66796875,221.72573852539062,219.47296142578125,0.8513124585151672
1303,191,16551,579.4406127929688,567.2431640625,289.82269287109375,487.5205078125,0.8509745001792908
1304,196,3743,491.0725402832031,128.20883178710938,316.7734069824219,301.9309387207031,0.8810611367225647
1305,196,12778,531.0030517578125,520.5374145507812,289.46575927734375,514.7640991210938,0.8598203063011169
1306,196,22362,82.89958953857422,118.81950378417969,260.17044830322266,389.9741973876953,0.8530470728874207
1307,196,2483,90.0943374633789,662.498046875,213.77605438232422,486.6036376953125,0.7767834067344666
1308,197,3743,121.59202575683594,827.1160888671875,326.97731018066406,320.3463134765625,0.9106429815292358
1309,197,12778,106.3374252319336,172.02308654785156,300.09806060791016,516.4790496826172,0.9016847610473633
1310,197,2483,633.2907104492188,63.07910919189453,202.13348388671875,482.33666229248047,0.8790377378463745
1311,197,22362,601.0591430664062,732.1554565429688,261.70343017578125,406.24969482421875,0.8535990118980408
1312,198,3743,122.83523559570312,836.380126953125,337.8999938964844,331.36572265625,0.8989802598953247
1313,198,12778,113.53805541992188,201.0089111328125,294.0728759765625,522.7078247070312,0.8569316267967224
1314,198,22362,605.1989135742188,738.287841796875,278.70306396484375,412.361083984375,0.8453425765037537
1315,198,2483,627.94482421875,101.52395629882812,199.84661865234375,462.3840637207031,0.8370571136474609
1316,199,29667,630.4254150390625,163.82125854492188,222.65411376953125,215.53787231445312,0.8973690867424011
1317,199,30308,38.673095703125,118.09284210205078,404.02105712890625,401.54576873779297,0.8635907769203186
1318,199,3483,563.518310546875,813.8865966796875,263.4967041015625,219.402587890625,0.8112861514091492
1319,199,27777,176.85382080078125,810.87890625,174.82476806640625,200.009765625,0.81053626537323
1320,200,29667,126.75880432128906,880.0820922851562,230.5994415283203,228.40179443359375,0.9375051856040955
1321,200,30308,557.8868408203125,733.5728759765625,414.2431640625,406.7333984375,0.8637166619300842
1322,200,3483,174.8665008544922,274.89959716796875,261.90565490722656,219.59619140625,0.8332546353340149
1323,200,27777,639.5455932617188,295.232421875,173.73260498046875,194.69552612304688,0.7802203297615051
1324,202,22347,689.044677734375,867.1041870117188,215.3033447265625,207.79302978515625,0.9015981554985046
1325,202,16262,108.549072265625,834.5806884765625,250.6307373046875,243.3782958984375,0.8692954182624817
1326,202,20877,547.602783203125,292.6134033203125,328.997314453125,235.57269287109375,0.8652642369270325
1327,202,3483,145.03268432617188,292.07525634765625,208.44921875,254.0556640625,0.7916034460067749
1328,203,20877,86.6176986694336,725.4290771484375,327.5399856567383,241.2371826171875,0.9233786463737488
1329,203,3483,623.54248046875,719.266357421875,210.24322509765625,270.59417724609375,0.9094433188438416
1330,203,16262,599.994384765625,190.25387573242188,239.6734619140625,224.24560546875,0.827530562877655
1331,203,22347,83.14334869384766,197.953369140625,201.20555877685547,193.37350463867188,0.6497817635536194
1332,204,20877,113.52622985839844,768.0072021484375,331.8832550048828,232.77374267578125,0.9423434138298035
1333,204,3483,649.52880859375,751.804931640625,211.41162109375,268.2481689453125,0.9207459688186646
1334,204,16262,630.4075927734375,192.6049041748047,242.8438720703125,229.9095001220703,0.8000591993331909
1335,204,22347,97.32891082763672,204.41622924804688,207.91007232666016,197.0931396484375,0.703243613243103
1336,205,3544,112.44758605957031,164.2481689453125,203.8705291748047,198.558837890625,0.926781415939331
1337,205,16548,591.6962280273438,122.4271011352539,232.4156494140625,223.0331039428711,0.9017919898033142
1338,205,23203,623.8369750976562,851.6173095703125,137.97576904296875,135.0079345703125,0.8876765966415405
1339,205,6563,166.35040283203125,673.8756103515625,219.32693481445312,364.773193359375,0.8093149662017822
1340,210,29667,160.06988525390625,749.784423828125,230.02151489257812,223.0758056640625,0.9618099331855774
1341,210,3351,418.04144287109375,245.23526000976562,185.70611572265625,179.76568603515625,0.8096359968185425
1342,210,31863,593.7808227539062,875.3583984375,205.73028564453125,205.7376708984375,0.7118440270423889
1343,212,1900,623.2144165039062,888.1887817382812,206.11602783203125,140.43914794921875,0.9322307705879211
1344,212,16551,481.0240173339844,137.75070190429688,442.7090148925781,354.9853515625,0.908412516117096
1345,212,21026,137.5659942626953,867.5961303710938,180.1119842529297,177.08624267578125,0.6762633919715881
1346,212,18110,52.38105773925781,128.7228240966797,316.26048278808594,283.16737365722656,0.4508877694606781
1347,213,1900,595.54296875,856.6742553710938,209.821044921875,144.37274169921875,0.9192432165145874
1348,213,16551,452.50091552734375,123.32862854003906,433.26690673828125,350.35447692871094,0.8927049040794373
1349,213,21026,103.1778335571289,833.6646728515625,182.9204330444336,179.7940673828125,0.8893488645553589
1350,213,18110,46.841766357421875,120.45475006103516,301.1237487792969,277.34081268310547,0.3592245280742645
1351,214,33208,588.2708129882812,799.9020385742188,213.31341552734375,205.50628662109375,0.8927426338195801
1352,214,16551,568.89697265625,56.098365783691406,278.687744140625,463.6317367553711,0.8552179336547852
1353,214,27926,90.98683166503906,616.7191162109375,272.09181213378906,480.0615234375,0.8443774580955505
1354,214,1900,140.7061004638672,239.83505249023438,199.32472229003906,129.07363891601562,0.8410528302192688
1355,215,1900,157.26470947265625,249.63238525390625,201.735107421875,126.06204223632812,0.9146514534950256
1356,215,33208,614.1244506835938,834.7366943359375,213.34515380859375,201.5411376953125,0.875916600227356
1357,215,27926,127.35126495361328,663.459228515625,267.1156539916992,480.48291015625,0.868882417678833
1358,215,16551,596.976806640625,61.61033630371094,283.363037109375,479.6753692626953,0.8542627096176147
1359,217,3743,116.53743743896484,783.7344970703125,325.8346939086914,321.3818359375,0.9126244783401489
1360,217,2483,589.3818359375,70.55427551269531,247.3411865234375,475.9207000732422,0.8987392783164978
1361,217,6192,122.62725067138672,122.64276123046875,284.01648712158203,537.1014404296875,0.8362463712692261
1362,217,12081,598.10986328125,707.5,237.0343017578125,452.007080078125,0.6522368788719177
1363,219,3743,494.06329345703125,167.17074584960938,317.47772216796875,297.956787109375,0.9129481911659241
1364,219,2483,89.10392761230469,668.172607421875,260.35279846191406,467.5147705078125,0.8489540219306946
1365,219,6192,530.1612548828125,548.50732421875,280.522216796875,527.9434814453125,0.8109510540962219
1366,219,12081,109.47162628173828,107.91183471679688,229.68480682373047,431.0016174316406,0.6866108179092407
1367,222,16262,169.12124633789062,767.5296020507812,247.44589233398438,239.91302490234375,0.9078481793403625
1368,222,41768,603.8804931640625,740.9628295898438,273.58544921875,300.16363525390625,0.8803879022598267
1369,222,3351,405.90118408203125,205.85693359375,183.18414306640625,181.13848876953125,0.8582501411437988
1370,224,29667,619.432373046875,174.50717163085938,220.91552734375,215.27041625976562,0.9416669011116028
1371,224,34597,111.69012451171875,80.02943420410156,355.2764892578125,486.11058044433594,0.9013038277626038
1372,224,3483,602.8720092773438,845.804931640625,276.90899658203125,187.5447998046875,0.868046760559082
1373,224,25469,85.25299072265625,829.805908203125,343.78076171875,300.7159423828125,0.7987662553787231
1374,225,3483,126.0394287109375,272.9785461425781,270.38018798828125,187.47891235351562,0.9141177535057068
1375,225,34597,531.410400390625,664.0035400390625,367.51416015625,505.2327880859375,0.8930720686912537
1376,225,29667,138.5203857421875,870.7640991210938,230.04736328125,228.51580810546875,0.8073136210441589
1377,225,25469,576.6278076171875,191.46759033203125,329.302978515625,282.87933349609375,0.7659310102462769
1378,226,22347,108.0574722290039,228.9429473876953,208.1974105834961,198.9631805419922,0.9047374725341797
1379,226,20238,645.5418701171875,187.8961181640625,224.5076904296875,215.6138916015625,0.8926265239715576
1380,226,3483,601.80908203125,867.2034912109375,257.81097412109375,228.333740234375,0.8676031231880188
1381,226,19861,126.73477172851562,866.036376953125,219.88308715820312,165.540283203125,0.6750938892364502
1382,229,3743,535.5162963867188,150.97872924804688,320.80718994140625,302.4167785644531,0.9138116240501404
1383,229,5886,100.03093719482422,63.50990295410156,238.0844497680664,481.25718688964844,0.8779740333557129
1384,229,2483,51.7633056640625,676.7739868164062,279.0513610839844,459.13604736328125,0.8085871338844299
1385,229,23223,496.2385559082031,655.4979248046875,406.4936828613281,452.505126953125,0.7525123357772827
1386,23,3483,560.439208984375,812.484619140625,286.33233642578125,172.48638916015625,0.8906652927398682
1387,23,27653,62.801055908203125,810.3551025390625,224.34451293945312,210.28424072265625,0.8856371641159058
1388,23,16262,593.253173828125,177.65777587890625,236.58905029296875,227.39688110351562,0.8198937177658081
1389,23,25367,19.018630981445312,90.16822814941406,411.8746795654297,437.8300018310547,0.7905599474906921
1390,231,3743,75.26031494140625,812.4132080078125,331.07208251953125,326.6256103515625,0.9302566647529602
1391,231,2483,600.8978271484375,112.23184204101562,283.06121826171875,446.6578674316406,0.8559536933898926
1392,231,5886,612.639892578125,697.8607177734375,234.1580810546875,510.16845703125,0.8198332190513611
1393,231,23223,48.014678955078125,134.105224609375,400.2643737792969,444.26507568359375,0.7393880486488342
1394,232,27733,115.83324432373047,775.2841796875,320.34168243408203,264.4383544921875,0.9307254552841187
1395,232,3483,599.5360717773438,799.7554931640625,276.4383544921875,204.208984375,0.9200823307037354
1396,232,22347,128.037841796875,233.157958984375,207.50765991210938,197.73748779296875,0.8631359934806824
1397,232,29667,677.0352172851562,188.45977783203125,226.06732177734375,215.7393798828125,0.8584483861923218
1398,234,27733,82.35099792480469,733.0260009765625,323.57728576660156,266.6705322265625,0.9459266662597656
1399,234,3483,570.4727783203125,768.1927490234375,277.77154541015625,204.8961181640625,0.9340353608131409
1400,234,29667,647.491943359375,184.03155517578125,221.25897216796875,215.08477783203125,0.9162135720252991
1401,234,22347,111.72286987304688,223.77877807617188,202.37258911132812,193.89706420898438,0.8804097175598145
1402,236,28763,612.818115234375,834.11181640625,225.060302734375,212.1461181640625,0.9549102783203125
1403,236,3483,130.80670166015625,288.3936462402344,278.4770812988281,173.91891479492188,0.9302377700805664
1404,236,27653,672.7509765625,256.58978271484375,220.83740234375,194.7733154296875,0.8961950540542603
1405,236,35206,105.77537536621094,686.4020385742188,203.0444793701172,416.35028076171875,0.8708875179290771
1406,237,28763,144.32411193847656,223.5596923828125,209.2683563232422,197.0023193359375,0.9621598720550537
1407,237,3483,560.8693237304688,812.8309326171875,287.41851806640625,172.155517578125,0.9032381176948547
1408,237,27653,63.10565948486328,810.5421142578125,224.12902069091797,210.62353515625,0.8777273297309875
1409,237,35206,651.1697998046875,144.10659790039062,198.08245849609375,395.6239318847656,0.8456140160560608
1410,238,18357,65.73727416992188,260.9272766113281,304.8892822265625,296.7906799316406,0.8375038504600525
1411,238,3351,401.9541015625,835.4100952148438,186.947509765625,187.46746826171875,0.8054077625274658
1412,238,16262,624.857177734375,242.13473510742188,242.26654052734375,231.175537109375,0.7369357943534851
1413,24,25367,31.097450256347656,101.5047836303711,426.53731536865234,447.06900787353516,0.898880124092102
1414,24,27653,95.92506408691406,853.3692626953125,221.2184600830078,205.00732421875,0.8835881352424622
1415,24,3483,588.06005859375,846.3350830078125,283.4539794921875,165.9881591796875,0.8810885548591614
1416,24,16262,621.6445922851562,180.37884521484375,243.30963134765625,234.159912109375,0.8228198289871216
1417,241,18147,515.9406127929688,257.8935546875,305.19830322265625,380.8370361328125,0.9359514713287354
1418,241,3351,409.4294738769531,913.3116455078125,192.06137084960938,191.4053955078125,0.7689242362976074
1419,241,20238,129.53201293945312,325.858154296875,227.4346923828125,219.61273193359375,0.5335040092468262
1420,243,3351,378.5871887207031,185.9192657470703,183.45773315429688,181.6790313720703,0.8564799427986145
1421,243,18147,141.13882446289062,647.9946899414062,319.2424011230469,403.14361572265625,0.8331539630889893
1422,243,20238,622.2633056640625,770.4615478515625,228.4556884765625,223.2391357421875,0.7263814210891724
1423,244,3544,127.0310287475586,169.610107421875,208.2790298461914,201.63641357421875,0.9284771084785461
1424,244,6563,199.348876953125,718.4774780273438,214.142822265625,358.00933837890625,0.8781527876853943
1425,244,23203,651.492431640625,883.0062866210938,135.3375244140625,132.78564453125,0.8779596090316772
1426,244,16551,579.2739868164062,5.8533477783203125,289.16412353515625,478.34693908691406,0.8638341426849365
1427,247,3743,122.79403686523438,835.4261474609375,337.7091979980469,332.8818359375,0.8922927975654602
1428,247,22362,604.164306640625,738.1405639648438,278.796630859375,412.10345458984375,0.8361549973487854
1429,247,2483,626.7298583984375,99.59632873535156,200.8709716796875,464.90415954589844,0.8334760665893555
1430,247,6192,54.74109649658203,127.9608154296875,341.3323287963867,512.0570068359375,0.7650304436683655
1431,248,3743,120.65940856933594,826.607666015625,326.92457580566406,320.3701171875,0.9155319333076477
1432,248,2483,631.7652587890625,62.47650146484375,204.70458984375,484.24688720703125,0.8956467509269714
1433,248,22362,599.8871459960938,733.1106567382812,262.77520751953125,405.23992919921875,0.8335405588150024
1434,248,6192,50.618019104003906,106.74335479736328,342.3283004760742,502.76781463623047,0.779552161693573
1435,249,3743,489.99700927734375,128.47030639648438,318.55010986328125,301.4219665527344,0.8862303495407104
1436,249,22362,83.31989288330078,119.7512435913086,261.12682342529297,389.1524124145508,0.8645292520523071
1437,249,6192,554.4583740234375,594.1644897460938,344.861083984375,498.84368896484375,0.832979142665863
1438,249,2483,88.5267333984375,661.7802734375,219.36224365234375,486.510009765625,0.7790451645851135
1439,250,18357,544.952880859375,231.04637145996094,242.7227783203125,350.53480529785156,0.8828397393226624
1440,250,29667,128.37783813476562,207.8697967529297,228.76461791992188,221.84727478027344,0.8334096074104309
1441,250,3351,377.8953552246094,850.1498413085938,189.75588989257812,187.28717041015625,0.6135531663894653
1442,251,3351,370.67486572265625,180.38558959960938,182.64520263671875,183.04544067382812,0.8725789785385132
1443,251,29667,587.4356079101562,796.2061767578125,231.42425537109375,228.019287109375,0.8628004193305969
1444,251,18357,143.1519317626953,594.5487670898438,244.7016143798828,372.01568603515625,0.8001120090484619
1445,252,18357,185.7215118408203,691.1705322265625,243.1874237060547,368.341796875,0.8833516240119934
1446,252,3351,411.67254638671875,239.2333984375,181.89599609375,181.05239868164062,0.8693545460700989
1447,252,29667,623.108642578125,886.441650390625,229.0390625,221.5648193359375,0.8135733008384705
1448,253,35206,58.689918518066406,258.75860595703125,420.26876068115234,217.77557373046875,0.9668311476707458
1449,253,33880,452.4919128417969,255.3893280029297,435.7992248535156,284.3333282470703,0.8774062395095825
1450,253,3351,443.8169860839844,849.6652221679688,191.98989868164062,190.20318603515625,0.6872926950454712
1451,253,20877,453.13134765625,253.89035034179688,439.20745849609375,290.9499206542969,0.4787006080150604
1452,256,19552,495.8680419921875,652.7954711914062,315.086669921875,502.90789794921875,0.9698403477668762
1453,256,5886,109.44793701171875,83.82015228271484,235.14022827148438,477.8035659790039,0.9002949595451355
1454,256,25438,544.8133544921875,180.59100341796875,244.81036376953125,249.03787231445312,0.8707032203674316
1455,256,2483,65.21560668945312,666.8512573242188,204.27755737304688,481.76666259765625,0.8177408576011658
1456,259,41768,109.73175811767578,284.1091613769531,271.8311080932617,285.7126770019531,0.9908660054206848
1457,259,20238,604.692626953125,280.1202087402344,224.3524169921875,218.95620727539062,0.8718696236610413
1458,259,3351,384.06341552734375,895.518310546875,189.48895263671875,190.7684326171875,0.7769326567649841
1459,262,29667,603.5157470703125,175.98782348632812,217.4229736328125,214.37612915039062,0.8918913006782532
1460,262,3483,559.8720092773438,812.6498413085938,286.78765869140625,172.94281005859375,0.8886871933937073
1461,262,27653,60.76271057128906,810.0467529296875,224.3099822998047,210.504638671875,0.8812158107757568
1462,262,34597,77.86922454833984,33.73115539550781,331.4535598754883,495.71958923339844,0.8720213174819946
1463,264,29667,125.83287048339844,864.7490234375,230.6348419189453,226.1104736328125,0.9372265934944153
1464,264,3483,131.81640625,288.61871337890625,277.9449462890625,174.17959594726562,0.9140148758888245
1465,264,27653,673.2858276367188,257.216064453125,220.32196044921875,196.06289672851562,0.890605628490448
1466,264,34597,569.1478271484375,680.5869140625,345.4146728515625,512.138671875,0.8135932683944702
1467,265,16232,143.14236450195312,848.7613525390625,196.84576416015625,190.9921875,0.9185366034507751
1468,265,25367,596.6063232421875,668.5777587890625,379.3936767578125,489.3612060546875,0.9134340286254883
1469,265,3483,131.63223266601562,288.50262451171875,277.6161193847656,174.1015625,0.9112576842308044
1470,265,27653,673.0245971679688,257.34759521484375,220.77850341796875,194.29043579101562,0.8928173184394836
1471,266,25367,21.84539794921875,109.16061401367188,385.9091796875,471.5955505371094,0.9270493388175964
1472,266,16232,647.3910522460938,230.20016479492188,193.83624267578125,180.45904541015625,0.910531759262085
1473,266,3483,587.9461669921875,846.6502685546875,283.0675048828125,164.5789794921875,0.8914457559585571
1474,266,27653,95.68161010742188,853.7509155273438,221.45855712890625,205.02777099609375,0.8827219009399414
1475,27,23223,73.5447769165039,107.60488891601562,295.3756637573242,506.6873474121094,0.9140772819519043
1476,27,13395,597.5971069335938,705.75439453125,237.23260498046875,524.332275390625,0.8978703618049622
1477,27,25438,124.6308822631836,821.0037231445312,257.80863189697266,264.78582763671875,0.802765965461731
1478,27,2483,601.5750732421875,85.72822570800781,203.13623046875,462.0784149169922,0.7959377765655518
1479,271,3483,624.2955322265625,717.93505859375,210.2144775390625,270.4525146484375,0.93217933177948
1480,271,20877,88.04302215576172,726.4285278320312,327.9970474243164,239.27398681640625,0.9183667302131653
1481,271,22347,104.48490142822266,188.42636108398438,201.88335418701172,192.62359619140625,0.8975569605827332
1482,271,35206,632.0840454101562,162.32879638671875,215.63446044921875,395.8126220703125,0.8516781330108643
1483,273,35206,98.34152221679688,672.38525390625,232.47683715820312,408.14794921875,0.8724681735038757
1484,273,22347,665.251953125,876.6697998046875,214.9879150390625,208.1278076171875,0.8626558780670166
1485,273,20877,545.179931640625,293.0622253417969,331.230712890625,235.27786254882812,0.8594868779182434
1486,273,3483,141.51156616210938,293.3433837890625,210.6502685546875,255.2279052734375,0.79915851354599
1487,274,21325,205.7305908203125,326.1824951171875,149.75616455078125,232.79461669921875,0.9337994456291199
1488,274,20014,575.6739501953125,260.314697265625,339.08587646484375,312.9998779296875,0.9293787479400635
1489,274,3351,419.1865539550781,890.99365234375,189.73165893554688,189.5986328125,0.7296486496925354
1490,275,20014,5.067481994628906,645.108642578125,347.24642181396484,342.05718994140625,0.9371048212051392
1491,275,3351,330.04119873046875,150.9425506591797,182.94525146484375,186.21595764160156,0.8686109185218811
1492,275,21325,580.9515991210938,662.9102783203125,152.4144287109375,244.47509765625,0.8528531193733215
1493,277,36637,619.3128662109375,199.11346435546875,263.7650146484375,150.54641723632812,0.8955949544906616
1494,277,3483,600.9738159179688,866.99072265625,259.5977783203125,228.7432861328125,0.8778340220451355
1495,277,30308,80.22151947021484,97.89676666259766,394.0994644165039,402.8182601928711,0.8717344999313354
1496,277,19861,127.59712219238281,865.814208984375,218.28843688964844,165.2977294921875,0.6725314855575562
1497,278,3483,151.39370727539062,220.12905883789062,245.7913818359375,218.75067138671875,0.8848865628242493
1498,278,36637,95.11829376220703,907.9254150390625,274.3403854370117,165.0850830078125,0.7943456768989563
1499,278,19861,640.2786254882812,278.8687438964844,216.31011962890625,167.5948486328125,0.5482507348060608
1500,28,25367,18.34545135498047,64.37103271484375,414.55225372314453,456.36529541015625,0.9283480644226074
1501,28,35206,613.7850952148438,139.8419952392578,228.12896728515625,403.01109313964844,0.834530770778656
1502,28,3483,566.1286010742188,812.8817749023438,264.19482421875,219.16754150390625,0.83450847864151
1503,28,27777,179.127197265625,812.11376953125,173.77874755859375,200.263427734375,0.8183736205101013
1504,280,3832,432.88250732421875,274.8552551269531,397.75335693359375,351.3206481933594,0.9789597392082214
1505,280,3351,408.9068603515625,868.4246826171875,190.10797119140625,191.50390625,0.8094081878662109
1506,280,16232,133.91116333007812,291.1224670410156,188.80105590820312,190.78170776367188,0.789149284362793
1507,286,30308,30.525131225585938,116.6714859008789,375.37083435058594,405.8938217163086,0.8816716074943542
1508,286,16262,575.8963623046875,188.44485473632812,236.4644775390625,227.5489501953125,0.8172895908355713
1509,286,27777,145.05267333984375,776.2181396484375,178.40167236328125,204.2403564453125,0.8122984170913696
1510,286,3483,539.1622314453125,779.2894287109375,264.74554443359375,226.4913330078125,0.7904812097549438
1511,287,30308,573.8836669921875,701.7352294921875,396.267822265625,424.6732177734375,0.8796240091323853
1512,287,3483,173.34654235839844,273.8685302734375,260.8192596435547,219.18289184570312,0.8479821085929871
1513,287,16262,137.24746704101562,834.8114013671875,249.16482543945312,242.5509033203125,0.8294674158096313
1514,287,27777,638.240966796875,293.8971252441406,173.9427490234375,194.38995361328125,0.8126471638679504
1515,288,30308,43.86314392089844,130.142822265625,386.4477081298828,419.331298828125,0.8754652142524719
1516,288,27777,178.13247680664062,812.97265625,174.07022094726562,200.130615234375,0.8218544125556946
1517,288,3483,564.367919921875,815.9925537109375,265.916259765625,218.0224609375,0.7893378734588623
1518,288,16262,603.9282836914062,192.501708984375,241.3131103515625,230.2672119140625,0.7810799479484558
1519,289,2483,596.853515625,82.738037109375,252.88494873046875,472.431884765625,0.8868226408958435
1520,289,25438,143.52572631835938,843.6227416992188,254.74465942382812,253.77886962890625,0.8770163655281067
1521,289,6192,87.87232208251953,50.54607391357422,278.14659881591797,536.4690628051758,0.8588074445724487
1522,289,22362,584.6630249023438,744.2449340820312,262.5538330078125,403.51226806640625,0.8428406715393066
1523,29,3483,539.1907348632812,777.674072265625,265.4974365234375,227.1182861328125,0.849615216255188
1524,29,35206,585.1901245117188,133.62002563476562,217.48431396484375,393.0766906738281,0.8322715163230896
1525,29,25367,8.876533508300781,51.13189697265625,398.2682113647461,447.02081298828125,0.8315377831459045
1526,29,27777,145.18142700195312,774.970703125,178.68215942382812,204.6807861328125,0.791695773601532
1527,291,6192,566.2567749023438,617.068115234375,285.64471435546875,532.2557373046875,0.8747302293777466
1528,291,22362,101.89582061767578,107.47238159179688,252.84798431396484,390.6864318847656,0.8537782430648804
1529,291,25438,534.62548828125,177.73236083984375,246.95648193359375,247.53402709960938,0.843842089176178
1530,291,2483,76.12992095947266,655.7061767578125,257.51097869873047,472.300537109375,0.8373975157737732
1531,292,12778,543.7147216796875,589.1209716796875,322.66925048828125,510.7747802734375,0.9205524921417236
1532,292,5886,114.33100891113281,81.08917236328125,228.4297332763672,479.319091796875,0.9172148704528809
1533,292,25438,547.9005737304688,179.01919555664062,245.27740478515625,247.91912841796875,0.8901674747467041
1534,292,2483,67.4387435913086,662.4496459960938,204.79163360595703,482.30682373046875,0.822485625743866
1535,295,16232,640.189208984375,296.9674377441406,194.97039794921875,192.40982055664062,0.9532431364059448
1536,295,20014,125.13229370117188,194.5684814453125,337.0201110839844,313.63555908203125,0.9171324372291565
1537,295,3351,411.47052001953125,863.956298828125,191.41754150390625,190.5999755859375,0.7764338254928589
1538,298,33208,156.201904296875,235.76254272460938,202.46371459960938,194.43362426757812,0.9313293099403381
1539,298,31705,569.7999877929688,175.06719970703125,249.74786376953125,422.4444580078125,0.8932110667228699
1540,298,16548,160.03143310546875,777.3394775390625,239.18359375,233.2855224609375,0.8768078088760376
1541,298,1900,682.0203857421875,879.0701293945312,213.410400390625,130.45794677734375,0.794054388999939
1542,299,33208,612.5294189453125,848.4905395507812,211.646484375,204.59283447265625,0.9195157289505005
1543,299,31705,140.2392578125,645.5853271484375,252.3763427734375,453.1722412109375,0.8863067626953125
1544,299,16548,560.3243408203125,246.08670043945312,233.2861328125,226.64627075195312,0.8859984874725342
1545,299,1900,88.76892852783203,260.939697265625,200.24498748779297,125.08523559570312,0.8248644471168518
1546,3,16551,531.4662475585938,63.19938659667969,385.27984619140625,395.83213806152344,0.9039615988731384
1547,3,1900,140.6932830810547,241.85498046875,198.7621307373047,127.74530029296875,0.8785014152526855
1548,3,27926,571.499755859375,631.002685546875,257.363037109375,485.771484375,0.8358114957809448
1549,3,24850,138.20025634765625,702.36083984375,188.83135986328125,294.4537353515625,0.6247732043266296
1550,302,19232,97.02125549316406,636.8019409179688,278.49864196777344,323.80487060546875,0.9128854274749756
1551,302,3351,309.77301025390625,160.98736572265625,185.651123046875,185.56600952148438,0.8476697206497192
1552,302,36637,570.63330078125,710.7198486328125,235.4857177734375,231.5020751953125,0.5904757380485535
1553,304,22627,108.09395599365234,141.64451599121094,303.8036880493164,489.82191467285156,0.9153891801834106
1554,304,3743,130.90492248535156,813.180908203125,333.6250457763672,327.0262451171875,0.8939814567565918
1555,304,4378,595.6777954101562,704.5093994140625,231.94122314453125,463.026123046875,0.8923965692520142
1556,304,2483,619.7947998046875,69.02751922607422,193.7490234375,465.9820022583008,0.8170818090438843
1557,308,3351,287.5859069824219,205.61737060546875,187.88009643554688,189.07293701171875,0.8688823580741882
1558,308,41768,558.9498901367188,604.535400390625,281.11163330078125,295.771484375,0.8507216572761536
1559,308,36637,117.45674133300781,709.9969482421875,190.8784942626953,263.57452392578125,0.6828689575195312
1560,31,3544,111.48494720458984,240.48281860351562,210.9112319946289,200.96221923828125,0.9270637035369873
1561,31,6563,198.56256103515625,716.2742919921875,214.1077880859375,359.7100830078125,0.8740507960319519
1562,31,16551,589.240478515625,48.66081237792969,289.14208984375,482.7204132080078,0.8726615905761719
1563,310,12247,618.3297729492188,322.4882507324219,172.0684814453125,182.99163818359375,0.9902889728546143
1564,310,44199,615.8306884765625,320.52093505859375,175.50140380859375,184.86862182617188,0.9609655141830444
1565,310,4543,140.26638793945312,865.550537109375,213.40145874023438,211.73828125,0.954595685005188
1566,310,3544,652.8231811523438,891.2155151367188,217.666015625,212.64129638671875,0.9056989550590515
1567,313,34597,13.809432983398438,24.794921875,446.71424865722656,406.98095703125,0.9562716484069824
1568,313,29667,595.9625854492188,181.21109008789062,219.83184814453125,215.17233276367188,0.9354397058486938
1569,313,20877,40.88737487792969,753.8906860351562,323.44581604003906,253.16650390625,0.9198405146598816
1570,313,3483,620.5418701171875,722.2486572265625,211.3173828125,270.23944091796875,0.9141011238098145
1571,315,34597,505.9359436035156,783.629150390625,469.7214050292969,423.8388671875,0.9540396332740784
1572,315,20877,590.8344116210938,259.9737548828125,328.12646484375,243.74496459960938,0.9112776517868042
1573,315,29667,133.8066864013672,856.2803955078125,231.32215881347656,228.9656982421875,0.8865821361541748
1574,315,3483,145.2967071533203,288.7475891113281,210.4127655029297,254.72232055664062,0.8332996964454651
1575,316,33009,564.3779907226562,810.7504272460938,365.87994384765625,207.87506103515625,0.982463002204895
1576,316,16548,167.33612060546875,791.6860961914062,236.1181640625,226.93695068359375,0.9316685199737549
1577,316,3544,126.0886001586914,234.77349853515625,208.48104095458984,201.7010498046875,0.9046987891197205
1578,316,10221,633.1318359375,199.19639587402344,224.17010498046875,214.4560089111328,0.7868229746818542
1579,317,33009,77.2452163696289,267.666259765625,360.95003509521484,219.27603149414062,0.9740575551986694
1580,317,3544,658.2545166015625,831.3196411132812,215.7713623046875,212.09576416015625,0.9181092381477356
1581,317,10221,124.09431457519531,843.5759887695312,232.37159729003906,227.56341552734375,0.8833269476890564
1582,317,16548,591.40380859375,283.38177490234375,233.575439453125,222.966796875,0.7649223208427429
1583,32,12420,164.21287536621094,276.9703063964844,184.0142364501953,179.88449096679688,0.9354263544082642
1584,32,3544,673.6878662109375,826.8099975585938,215.9503173828125,212.25518798828125,0.9240820407867432
1585,32,16551,105.3591537475586,707.5206298828125,295.00855255126953,492.9483642578125,0.906766951084137
1586,32,6563,580.4317626953125,233.77647399902344,216.83074951171875,335.35218811035156,0.8927151560783386
1587,320,28763,135.76815795898438,198.01223754882812,211.05419921875,196.06338500976562,0.9548084139823914
1588,320,3483,625.28857421875,718.0806884765625,209.592529296875,269.5924072265625,0.9357442259788513
1589,320,20877,88.18130493164062,726.74365234375,328.062744140625,238.9898681640625,0.9178107976913452
1590,320,35206,632.6219482421875,162.20950317382812,213.209228515625,397.1382751464844,0.8591296672821045
1591,323,3483,130.57388305664062,288.39483642578125,277.7113342285156,174.00909423828125,0.9152913093566895
1592,323,22347,654.6025390625,875.1296997070312,215.3546142578125,209.14935302734375,0.9042766094207764
1593,323,27653,671.9871826171875,256.3562316894531,221.05224609375,194.97097778320312,0.8939233422279358
1594,323,36637,149.41815185546875,803.2125854492188,198.3668212890625,252.27215576171875,0.8631666302680969
1595,324,3483,588.342529296875,846.6506958007812,284.27191162109375,164.676513671875,0.8858930468559265
1596,324,27653,95.70838928222656,854.5570068359375,222.3291778564453,204.8758544921875,0.8828698992729187
1597,324,22347,129.634521484375,194.16165161132812,208.40231323242188,196.89376831054688,0.8558502793312073
1598,324,36637,644.13818359375,209.63523864746094,189.92645263671875,246.0254669189453,0.8249527812004089
1599,325,31885,509.14849853515625,702.484619140625,401.37359619140625,525.92919921875,0.8963260650634766
1600,325,16262,138.09368896484375,834.5468139648438,249.26303100585938,242.51934814453125,0.8768481612205505
1601,325,3483,172.95626831054688,274.23370361328125,261.6526184082031,219.73974609375,0.8629708290100098
1602,325,27777,638.6134033203125,293.8740234375,173.6077880859375,194.11746215820312,0.8083645701408386
1603,327,16262,602.15283203125,191.82029724121094,243.36444091796875,231.96800231933594,0.8477008938789368
1604,327,31885,94.15931701660156,25.524215698242188,405.3909149169922,513.3020172119141,0.825260579586029
1605,327,27777,177.80093383789062,812.8268432617188,174.23291015625,200.0115966796875,0.8169235587120056
1606,327,3483,566.0997314453125,814.5999145507812,263.2281494140625,219.56024169921875,0.8071326017379761
1607,328,27733,561.12646484375,257.71844482421875,301.1419677734375,262.49066162109375,0.927412748336792
1608,328,31885,516.3483276367188,641.7723388671875,384.31817626953125,535.9884033203125,0.9100263118743896
1609,328,3483,123.02135467529297,308.72296142578125,272.0402297973633,198.25442504882812,0.8915529847145081
1610,328,36637,99.69139862060547,880.9356689453125,269.10391998291016,176.4044189453125,0.8687875866889954
1611,332,4543,587.4654541015625,166.0070037841797,203.896484375,200.55616760253906,0.9530419111251831
1612,332,3544,125.70812225341797,141.233642578125,202.70429229736328,197.46490478515625,0.9227502346038818
1613,332,16551,563.5247802734375,537.8988037109375,288.7860107421875,488.0880126953125,0.8694607615470886
1614,332,12420,81.33615112304688,822.527587890625,191.419921875,184.0689697265625,0.8542278409004211
1615,334,20877,87.89131164550781,726.371337890625,327.6648712158203,239.17236328125,0.9239334464073181
1616,334,3483,625.1467895507812,717.8544921875,209.06341552734375,270.1324462890625,0.9195629358291626
1617,334,16232,626.27392578125,221.45077514648438,189.0362548828125,182.5552978515625,0.9075945019721985
1618,334,22347,145.8098602294922,222.4425048828125,201.90684509277344,193.84017944335938,0.528473973274231
1619,335,16232,134.87106323242188,847.855224609375,195.25576782226562,190.5345458984375,0.9201093912124634
1620,335,20877,545.9885864257812,293.772705078125,330.07452392578125,234.8653564453125,0.8566249012947083
1621,335,3483,142.10861206054688,292.990234375,209.9827880859375,255.15338134765625,0.7951997518539429
1622,335,22347,622.2646484375,839.014892578125,214.397705078125,206.3507080078125,0.5255026817321777
1623,336,20877,115.82290649414062,768.19384765625,331.2836608886719,232.0635986328125,0.9428889751434326
1624,336,3483,651.099853515625,750.440185546875,211.49383544921875,268.779296875,0.9340469837188721
1625,336,16232,655.9674682617188,230.77835083007812,192.731201171875,179.29879760742188,0.901086688041687
1626,336,22347,164.21450805664062,232.19085693359375,207.19802856445312,197.23785400390625,0.34029120206832886
1627,337,22347,639.6563720703125,835.009033203125,215.06439208984375,208.1866455078125,0.909367024898529
1628,337,3483,125.75550079345703,272.57659912109375,270.2158432006836,186.96221923828125,0.9043064713478088
1629,337,25469,572.9354248046875,185.76675415039062,330.13836669921875,285.89996337890625,0.7998665571212769
1630,337,36637,132.05535888671875,827.8421020507812,180.27633666992188,262.28497314453125,0.7317044138908386
1631,338,3483,574.37939453125,812.3826904296875,280.7724609375,191.75439453125,0.8848878145217896
1632,338,22347,127.12898254394531,224.31399536132812,203.1675262451172,196.20889282226562,0.8778994083404541
1633,338,36637,644.5745849609375,170.28594970703125,171.52557373046875,246.02633666992188,0.8548880815505981
1634,338,25469,47.21214294433594,788.9068603515625,349.97959899902344,301.6632080078125,0.8062732219696045
1635,339,3483,602.8319702148438,846.5090942382812,277.410400390625,186.31292724609375,0.8697935342788696
1636,339,22347,144.64927673339844,235.32147216796875,207.47267150878906,196.7877197265625,0.8252475261688232
1637,339,25469,87.65220642089844,831.4207763671875,341.52540588378906,302.2711181640625,0.8016555905342102
1638,339,36637,675.2564697265625,172.44590759277344,174.14794921875,255.37672424316406,0.7887510657310486
1639,340,34597,40.66814422607422,83.68904113769531,387.0326919555664,466.83714294433594,0.9023482203483582
1640,340,20238,575.88818359375,190.0067138671875,222.109375,214.35482788085938,0.8698793649673462
1641,340,3483,539.745361328125,780.003662109375,265.08984375,225.78948974609375,0.8375716805458069
1642,340,27777,145.7300567626953,775.5391845703125,179.7230682373047,205.6402587890625,0.794390857219696
1643,341,34597,53.10314178466797,115.33486938476562,396.5164260864258,461.7912292480469,0.9053165316581726
1644,341,20238,604.916015625,195.06614685058594,224.663818359375,215.55943298339844,0.8310121297836304
1645,341,27777,178.65966796875,814.06005859375,174.25796508789062,199.5106201171875,0.8237858414649963
1646,341,3483,566.9105224609375,815.4269409179688,262.61962890625,219.68853759765625,0.8219152688980103
1647,344,27777,178.240478515625,813.6298828125,173.92205810546875,199.749755859375,0.8132895231246948
1648,344,3483,566.5006103515625,814.9322509765625,263.18695068359375,220.294189453125,0.8117016553878784
1649,344,16262,600.524169921875,192.86148071289062,245.8172607421875,231.03530883789062,0.7767458558082581
1650,344,28763,156.19747924804688,194.21145629882812,211.77389526367188,201.39108276367188,0.7508603930473328
1651,345,28763,138.1141357421875,186.52508544921875,209.70748901367188,198.7283935546875,0.8859951496124268
1652,345,3483,539.2800903320312,779.279541015625,265.43902587890625,226.65423583984375,0.8198218941688538
1653,345,27777,145.06980895996094,775.880615234375,178.2584991455078,204.7821044921875,0.8112272620201111
1654,345,16262,574.8836059570312,188.83938598632812,238.71246337890625,226.40628051757812,0.7987847924232483
1655,346,25367,145.78453063964844,58.01837921142578,334.3097686767578,495.32213592529297,0.9358716607093811
1656,346,16232,643.6001586914062,250.98599243164062,185.47576904296875,186.61138916015625,0.8837560415267944
1657,346,27777,180.3063201904297,812.84716796875,173.8546905517578,199.888916015625,0.8253080248832703
1658,346,3483,567.2315673828125,812.940673828125,263.75341796875,219.8590087890625,0.822618842124939
1659,347,16232,614.8941040039062,240.93675231933594,183.54656982421875,181.95249938964844,0.8651963472366333
1660,347,3483,540.380615234375,777.164794921875,265.33538818359375,225.2596435546875,0.8578991889953613
1661,347,27777,146.83441162109375,775.219482421875,178.06854248046875,205.5291748046875,0.7923600673675537
1662,347,25367,129.23452758789062,48.04771423339844,320.1322937011719,483.15248107910156,0.7883617281913757
1663,349,34597,8.974838256835938,129.84664916992188,434.15382385253906,425.9950256347656,0.9577293992042542
1664,349,3483,566.7061767578125,812.6763305664062,264.56097412109375,218.93975830078125,0.8351659178733826
1665,349,35206,613.3594970703125,139.14794921875,228.83056640625,403.2567138671875,0.8274006247520447
1666,349,27777,179.41116333007812,812.7017822265625,175.00772094726562,200.07110595703125,0.82085782289505
1667,352,19552,111.83761596679688,177.87704467773438,323.92303466796875,480.8545227050781,0.9461468458175659
1668,352,2483,641.7984008789062,122.60618591308594,201.62213134765625,463.50343322753906,0.8698501586914062
1669,352,22362,618.2823486328125,782.90771484375,260.28076171875,415.7008056640625,0.8356214165687561
1670,352,5094,139.56085205078125,857.24853515625,284.17132568359375,286.1248779296875,0.8347585201263428
1671,355,23223,542.7326049804688,593.2286376953125,300.502197265625,504.761474609375,0.9319429993629456
1672,355,2483,55.53443145751953,697.5782470703125,249.58403778076172,477.41064453125,0.8363969326019287
1673,355,5094,549.6351928710938,191.0810546875,268.45733642578125,268.17626953125,0.8185858726501465
1674,355,12081,71.25663757324219,127.63298034667969,226.80686950683594,429.47218322753906,0.7918605208396912
1675,356,23223,98.90013885498047,114.98741149902344,296.2008743286133,495.95448303222656,0.9589308500289917
1676,356,2483,630.6182861328125,28.842620849609375,238.035400390625,484.1240539550781,0.8602462410926819
1677,356,5094,107.25890350341797,800.125244140625,274.8045425415039,275.4739990234375,0.8151719570159912
1678,356,12081,641.8699951171875,687.94189453125,235.0008544921875,452.1669921875,0.7312666177749634
1679,359,29667,630.8576049804688,163.9124755859375,221.18499755859375,215.4774169921875,0.8984183669090271
1680,359,27777,176.72116088867188,811.33056640625,174.70193481445312,199.17999267578125,0.8227018117904663
1681,359,3483,563.4788818359375,813.857666015625,263.894287109375,220.36669921875,0.8114774823188782
1682,359,31885,85.09315490722656,48.486480712890625,357.80747985839844,525.9183044433594,0.797028124332428
1683,361,18147,211.11654663085938,168.71420288085938,212.61245727539062,412.8549499511719,0.867588222026825
1684,361,16262,643.4963989257812,287.7079772949219,242.23175048828125,235.07284545898438,0.810379683971405
1685,361,3351,428.7004089355469,881.8802490234375,189.58670043945312,190.433837890625,0.7566778063774109
1686,364,35206,100.43571472167969,255.89120483398438,355.2184295654297,324.7402648925781,0.9218215346336365
1687,364,3351,406.5679931640625,855.5054931640625,192.14959716796875,192.035888671875,0.799422562122345
1688,364,32310,584.5494995117188,169.39617919921875,246.29302978515625,341.4174499511719,0.7911792993545532
1689,372,34597,16.591567993164062,144.96014404296875,447.06520080566406,408.8106689453125,0.9662243127822876
1690,372,3483,604.1309814453125,846.61181640625,275.9427490234375,185.93359375,0.8488808274269104
1691,372,25469,48.564910888671875,858.1454467773438,376.2690734863281,216.19598388671875,0.8397963047027588
1692,372,16262,573.0480346679688,194.25888061523438,244.1741943359375,230.38558959960938,0.8153520822525024
1693,374,20877,71.06685638427734,798.02001953125,324.8043899536133,243.722900390625,0.9447645545005798
1694,374,25367,99.71046447753906,29.56439971923828,404.95347595214844,470.4723434448242,0.9284166097640991
1695,374,3483,648.9417114257812,753.8119506835938,211.366455078125,267.90130615234375,0.9230250120162964
1696,374,29667,624.598388671875,185.74398803710938,224.39483642578125,216.03408813476562,0.9173884391784668
1697,379,31863,134.373046875,314.6553649902344,209.75839233398438,207.91995239257812,0.99024498462677
1698,379,16688,449.861083984375,157.55706787109375,493.60565185546875,465.7462158203125,0.8203988671302795
1699,379,3351,463.7493896484375,859.2685546875,191.096923828125,191.08447265625,0.6539180874824524
1700,38,3483,625.1097412109375,717.8427734375,209.6669921875,270.52734375,0.9248808026313782
1701,38,20877,88.46290588378906,726.0009765625,327.1216583251953,240.09979248046875,0.913203239440918
1702,38,31885,115.33399963378906,30.952301025390625,390.32920837402344,498.5953063964844,0.8571057319641113
1703,38,35206,625.261962890625,158.07960510253906,211.842529296875,400.05711364746094,0.8375297784805298
1704,380,31863,595.7213134765625,714.59228515625,210.7698974609375,214.649658203125,0.9590175747871399
1705,380,3351,285.3885192871094,181.31710815429688,187.5115966796875,185.86837768554688,0.8432285785675049
1706,380,16688,0.0,548.9793090820312,498.119140625,518.2343139648438,0.7394976019859314
1707,382,3743,74.99759674072266,812.4071044921875,330.96529388427734,326.328125,0.9264049530029297
1708,382,2483,596.1373291015625,106.61553955078125,291.6224365234375,452.308349609375,0.8817922472953796
1709,382,5886,613.1162109375,694.5762939453125,232.63812255859375,508.4779052734375,0.8236497044563293
1710,382,12778,88.41583251953125,133.10714721679688,394.952392578125,453.2771301269531,0.7000031471252441
1711,384,3743,73.76171112060547,797.5232543945312,323.0241165161133,321.82220458984375,0.9116253852844238
1712,384,2483,612.5047607421875,76.33102416992188,274.486083984375,458.2767639160156,0.853853702545166
1713,384,5886,600.3739624023438,696.1279296875,240.27496337890625,491.5887451171875,0.8534207344055176
1714,384,12778,87.523193359375,91.61640167236328,394.25177001953125,454.25890350341797,0.799105703830719
1715,387,31885,499.9537353515625,654.3406982421875,414.8394775390625,511.3831787109375,0.9710596799850464
1716,387,3483,130.58773803710938,289.0875549316406,277.7844543457031,173.602294921875,0.914351761341095
1717,387,27653,671.9853515625,256.65203857421875,220.0751953125,194.3345947265625,0.8947678804397583
1718,387,20238,133.99436950683594,868.768798828125,230.40245056152344,224.8800048828125,0.8294079303741455
1719,389,3483,624.2298583984375,718.509521484375,210.4617919921875,270.60394287109375,0.9226404428482056
1720,389,34597,29.06269073486328,126.87004089355469,439.3441696166992,420.33143615722656,0.9205429553985596
1721,389,20877,87.62592315673828,725.9548950195312,327.2898178100586,240.8612060546875,0.9050940275192261
1722,389,16262,599.8701782226562,187.79827880859375,239.77471923828125,226.81387329101562,0.8013758063316345
1723,390,34597,45.92216491699219,159.67881774902344,446.07749938964844,413.67189025878906,0.9449477195739746
1724,390,20877,117.00077056884766,768.3585205078125,329.88118743896484,231.85198974609375,0.9258597493171692
1725,390,3483,650.5263671875,749.84423828125,211.28570556640625,269.51318359375,0.9245247840881348
1726,390,16262,628.3238525390625,191.52325439453125,244.4515380859375,231.13558959960938,0.7993228435516357
1727,392,33208,657.180908203125,899.8235473632812,217.1600341796875,210.30194091796875,0.9040948748588562
1728,392,21026,683.9309692382812,274.32830810546875,178.50323486328125,172.780517578125,0.8849096298217773
1729,392,16551,110.43842315673828,702.3993530273438,295.5336227416992,492.53631591796875,0.8725884556770325
1730,392,1900,189.58517456054688,273.9496154785156,200.37216186523438,135.87612915039062,0.8196707367897034
1731,393,16551,557.3500366210938,46.88385009765625,279.99908447265625,472.36163330078125,0.9175695776939392
1732,393,1900,578.9647216796875,866.4434814453125,213.49835205078125,143.13690185546875,0.9137963056564331
1733,393,33208,109.8733901977539,160.33981323242188,205.1176986694336,196.89932250976562,0.8823436498641968
1734,393,21026,90.62214660644531,831.6612548828125,182.4016571044922,179.248046875,0.8515470623970032
1735,394,28763,608.4027099609375,856.471435546875,219.2127685546875,214.252197265625,0.9329794049263
1736,394,20238,141.44000244140625,849.9083251953125,228.19314575195312,225.697265625,0.9023233652114868
1737,394,3483,125.70720672607422,272.9580383300781,271.0008010864258,186.85781860351562,0.9004703760147095
1738,394,25469,572.5526123046875,232.20700073242188,373.18115234375,217.93707275390625,0.8542416095733643
1739,395,28763,173.16342163085938,208.97506713867188,214.30386352539062,201.40347290039062,0.9599481821060181
1740,395,20238,617.9592895507812,194.32334899902344,226.75323486328125,218.0078887939453,0.8782232999801636
1741,395,3483,604.6574096679688,846.7111206054688,275.54107666015625,186.74127197265625,0.8724738955497742
1742,395,25469,47.07862854003906,858.2628173828125,378.5695037841797,216.5206298828125,0.8337691426277161
1743,396,28763,154.2688751220703,200.5858612060547,211.65061950683594,199.0605926513672,0.9703136682510376
1744,396,20238,589.6367797851562,190.46897888183594,220.771484375,213.64137268066406,0.8788993954658508
1745,396,3483,575.4559936523438,811.7786254882812,280.0081787109375,191.2237548828125,0.8713483214378357
1746,396,25469,13.968658447265625,813.1434326171875,380.1213684082031,220.21533203125,0.812991201877594
1747,4,24850,598.1229248046875,251.665283203125,295.57281494140625,166.92791748046875,0.988926887512207
1748,4,29345,117.97134399414062,157.04200744628906,276.3353576660156,410.33897399902344,0.9771941900253296
1749,4,1900,683.4888305664062,808.0316772460938,132.50079345703125,205.85693359375,0.8514754772186279
1750,4,16551,130.26832580566406,645.6798095703125,294.0428924560547,497.4501953125,0.829628050327301
1751,40,29667,118.98716735839844,838.7176513671875,230.22886657714844,228.6739501953125,0.9602665305137634
1752,40,31885,614.3167114257812,613.2384643554688,333.0157470703125,553.4248657226562,0.9299054145812988
1753,40,3483,160.4570770263672,213.62669372558594,244.26170349121094,221.85533142089844,0.8954485654830933
1754,40,19861,646.837158203125,278.4657287597656,217.21923828125,168.99795532226562,0.5383092164993286
1755,400,33009,12.3431396484375,772.204345703125,369.91583251953125,242.16796875,0.9796755313873291
1756,400,1900,134.28829956054688,245.4186248779297,193.09100341796875,155.4088592529297,0.9537206292152405
1757,400,33208,613.3880615234375,771.0425415039062,213.80157470703125,206.6759033203125,0.9171807765960693
1758,400,16548,602.7578125,125.03936767578125,232.69818115234375,224.06378173828125,0.9003942012786865
1759,401,33208,155.155517578125,296.34954833984375,201.89813232421875,193.805419921875,0.9652682542800903
1760,401,33009,585.1693725585938,242.30535888671875,363.13250732421875,236.08154296875,0.9038921594619751
1761,401,16548,110.7925033569336,898.70458984375,243.7322769165039,239.718017578125,0.8757984042167664
1762,401,1900,641.83203125,858.3987426757812,206.45477294921875,165.2081298828125,0.8711371421813965
1763,404,18147,14.980459213256836,587.7745971679688,287.27952003479004,416.8265380859375,0.9616740942001343
1764,404,3351,357.6400146484375,146.15335083007812,184.00128173828125,186.23257446289062,0.8573741912841797
1765,404,35206,438.18524169921875,698.9043579101562,416.74652099609375,235.74078369140625,0.8361175060272217
1766,409,33009,516.6655883789062,790.3673706054688,384.6427001953125,209.21661376953125,0.9818907380104065
1767,409,1900,135.4942626953125,243.844970703125,187.8944091796875,164.56866455078125,0.952025294303894
1768,409,16551,6.3138580322265625,729.7899169921875,468.35679626464844,320.139404296875,0.9143196940422058
1769,409,20877,533.155029296875,129.02264404296875,386.42626953125,281.1674499511719,0.41573530435562134
1770,41,3483,592.0324096679688,873.1749267578125,258.2855224609375,229.5445556640625,0.8815529346466064
1771,41,29667,637.1786499023438,204.61959838867188,223.3319091796875,216.59768676757812,0.865620493888855
1772,41,31885,56.20208740234375,89.90119934082031,317.7171325683594,542.4188079833984,0.8309988975524902
1773,41,19861,120.30162811279297,864.4434814453125,219.39392852783203,166.9947509765625,0.7018677592277527
1774,411,33009,88.79390716552734,255.99876403808594,361.1108169555664,207.5208282470703,0.9765763282775879
1775,411,1900,645.4853515625,853.130615234375,201.793212890625,175.886962890625,0.88597172498703
1776,411,16551,495.1202392578125,199.22889709472656,456.8548583984375,311.0897674560547,0.7958444356918335
1777,412,19552,112.50088500976562,192.17086791992188,313.62890625,489.9461364746094,0.934087336063385
1778,412,5094,108.46088409423828,809.2877197265625,283.80904388427734,286.9710693359375,0.8500019311904907
1779,412,2483,625.8679809570312,70.83076477050781,225.39794921875,460.0167694091797,0.8078877329826355
1780,412,12081,651.32666015625,692.6185302734375,243.2958984375,468.98291015625,0.7504066824913025
1781,413,19552,109.42237854003906,159.0509796142578,316.3903350830078,493.8171844482422,0.9484940767288208
1782,413,2483,626.287841796875,31.59198760986328,247.98980712890625,476.8259506225586,0.8648213744163513
1783,413,5094,107.91191101074219,798.76513671875,275.6393585205078,277.6943359375,0.8201215267181396
1784,413,12081,642.7607421875,688.0540771484375,234.46429443359375,451.5301513671875,0.7016032934188843
1785,414,19552,516.6080322265625,552.6656494140625,306.45648193359375,494.7890625,0.9641880989074707
1786,414,2483,53.42437744140625,696.3203125,255.4991455078125,478.3389892578125,0.8263558745384216
1787,414,12081,71.5958023071289,126.96235656738281,225.96385955810547,430.2418670654297,0.7761703133583069
1788,414,5094,549.0472412109375,191.16346740722656,268.960693359375,267.92237854003906,0.767342209815979
1789,415,31885,99.32292938232422,90.70945739746094,321.61438751220703,545.3764801025391,0.9348045587539673
1790,415,3483,601.2055053710938,867.7941284179688,257.746826171875,227.45880126953125,0.8632605075836182
1791,415,16262,636.3854370117188,175.5987548828125,246.3836669921875,232.27902221679688,0.8099437952041626
1792,415,19861,127.06314086914062,865.1964111328125,220.21441650390625,166.4937744140625,0.6911088228225708
1793,416,31885,81.61711883544922,72.73696899414062,313.9251174926758,533.1044006347656,0.9295759797096252
1794,416,3483,572.2653198242188,836.4696655273438,262.9339599609375,229.28155517578125,0.8480333685874939
1795,416,16262,609.2847900390625,172.78427124023438,237.78173828125,228.12225341796875,0.8329892158508301
1796,416,19861,90.73921203613281,826.773681640625,227.0787811279297,176.951171875,0.8293588161468506
1797,417,3483,150.02276611328125,220.43612670898438,246.7205810546875,219.09951782226562,0.8902177214622498
1798,417,31885,564.598876953125,613.6448364257812,335.635009765625,549.7879028320312,0.8812925815582275
1799,417,16262,99.09842681884766,850.99169921875,249.2669906616211,240.0091552734375,0.8458489775657654
1800,417,19861,638.939208984375,278.42901611328125,217.65625,168.14239501953125,0.5330966711044312
1801,419,25367,541.3072509765625,736.8897094726562,434.6927490234375,440.87738037109375,0.9403891563415527
1802,419,27733,565.599853515625,260.37347412109375,301.2867431640625,265.66845703125,0.9240673780441284
1803,419,3483,122.8276138305664,307.3265380859375,271.9636459350586,200.8321533203125,0.8868083953857422
1804,419,20238,114.14291381835938,853.6365356445312,231.6412353515625,226.78021240234375,0.8580986261367798
1805,42,29667,608.884765625,197.99423217773438,219.8590087890625,216.40280151367188,0.8989343047142029
1806,42,3483,566.01513671875,840.851318359375,259.5855712890625,232.72900390625,0.8522217869758606
1807,42,19861,82.37102508544922,826.4613037109375,227.54215240478516,176.71630859375,0.8494325876235962
1808,42,31885,36.92615509033203,74.05380249023438,313.1199264526367,532.0340881347656,0.7890818119049072
1809,420,25367,5.3217315673828125,71.34536743164062,428.4611053466797,423.56658935546875,0.9421754479408264
1810,420,27733,88.98029327392578,727.5173950195312,319.3339157104492,278.101806640625,0.9312710165977478
1811,420,3483,580.190185546875,758.9915771484375,275.49853515625,211.0811767578125,0.9133347272872925
1812,420,20238,614.267333984375,186.57656860351562,220.47821044921875,213.37783813476562,0.9099633097648621
1813,422,3483,152.43988037109375,219.2874298095703,246.29135131835938,218.9980926513672,0.9006834626197815
1814,422,34597,561.7957763671875,698.517333984375,348.1158447265625,512.1285400390625,0.8611374497413635
1815,422,36637,94.4466781616211,906.8771362304688,274.8161392211914,165.98443603515625,0.7786493301391602
1816,422,19861,639.81689453125,277.7523498535156,218.82720947265625,168.88128662109375,0.5295521020889282
1817,423,36637,592.4096069335938,194.51156616210938,259.5426025390625,152.57611083984375,0.9246640801429749
1818,423,34597,77.2365951538086,18.63872528076172,337.61185455322266,487.1591262817383,0.8852854371070862
1819,423,3483,570.4219360351562,838.3448486328125,262.90496826171875,228.5958251953125,0.8554360866546631
1820,423,19861,88.93310546875,826.5684814453125,227.27813720703125,176.91064453125,0.8402126431465149
1821,429,27733,131.49447631835938,774.4583129882812,309.7873840332031,276.52825927734375,0.9395455121994019
1822,429,3483,609.615234375,789.5115966796875,273.3306884765625,207.67724609375,0.934887170791626
1823,429,34597,77.06439971923828,158.77810668945312,479.89049530029297,347.7994689941406,0.924356997013092
1824,429,29667,666.9869384765625,178.494384765625,225.94708251953125,215.39321899414062,0.8636784553527832
1825,430,16551,69.64118957519531,612.1179809570312,407.5198211669922,406.0064697265625,0.9074578285217285
1826,430,3544,181.29737854003906,199.48951721191406,205.5026092529297,199.3878936767578,0.9033210873603821
1827,430,33878,617.206298828125,792.9124755859375,165.65594482421875,217.9290771484375,0.8857927322387695
1828,430,4543,610.3458251953125,153.16632080078125,204.32086181640625,198.82705688476562,0.8205446600914001
1829,431,3544,199.5769500732422,206.72573852539062,210.03211975097656,202.32662963867188,0.9332137703895569
1830,431,16551,102.50167846679688,661.5179443359375,404.644775390625,402.5384521484375,0.9260998964309692
1831,431,33878,646.6690673828125,833.9114379882812,162.55419921875,207.80169677734375,0.8945015668869019
1832,431,4543,638.9519653320312,152.97650146484375,210.73883056640625,201.617919921875,0.8709511756896973
1833,432,4543,132.88861083984375,905.4729614257812,214.57199096679688,211.33770751953125,0.9848542213439941
1834,432,3544,584.6892700195312,858.897216796875,216.29833984375,210.754150390625,0.9316262006759644
1835,432,33878,193.4437255859375,257.890869140625,163.10507202148438,213.53118896484375,0.8724424242973328
1836,432,16551,492.2062683105469,228.93844604492188,400.1846008300781,386.6221008300781,0.8655788898468018
1837,433,27733,88.52455139160156,726.7150268554688,318.8060760498047,278.88275146484375,0.9298447370529175
1838,433,16232,618.561279296875,178.71304321289062,187.7449951171875,182.18460083007812,0.9272623658180237
1839,433,3483,580.432373046875,759.929931640625,274.82391357421875,209.931640625,0.9105760455131531
1840,433,30308,96.4590835571289,104.2974853515625,348.2947006225586,423.0904541015625,0.8118663430213928
1841,434,27733,565.832763671875,260.5110168457031,301.16162109375,266.4950866699219,0.9280659556388855
1842,434,16232,139.659423828125,892.3504638671875,201.3271484375,192.9940185546875,0.8858569264411926
1843,434,3483,123.9107894897461,307.6065673828125,271.3123245239258,199.70294189453125,0.8759408593177795
1844,434,30308,539.8273315429688,695.1295166015625,367.9537353515625,443.80908203125,0.8118520379066467
1845,435,3483,608.4222412109375,791.6268920898438,272.83843994140625,209.031982421875,0.932931125164032
1846,435,27733,122.90950775146484,769.9324951171875,314.2747573852539,271.785888671875,0.9276717305183411
1847,435,16232,646.98974609375,185.10475158691406,194.1925048828125,178.4594268798828,0.9105858206748962
1848,435,30308,111.14950561523438,119.8837661743164,357.2770690917969,437.52486419677734,0.7771264910697937
1849,436,31885,42.77587890625,133.03672790527344,442.1406555175781,482.93885803222656,0.9734217524528503
1850,436,20238,617.986572265625,195.75009155273438,224.8392333984375,217.46347045898438,0.9010977149009705
1851,436,3483,604.0173950195312,846.4959716796875,275.92584228515625,185.927734375,0.870070219039917
1852,436,25469,48.43597412109375,858.3411865234375,376.6270446777344,216.2833251953125,0.8314074873924255
1853,44,29667,92.47947692871094,723.36279296875,231.73045349121094,230.8795166015625,0.9655840396881104
1854,44,13900,578.9752807617188,673.0992431640625,181.3206787109375,263.1353759765625,0.8546868562698364
1855,44,3351,372.03289794921875,155.73379516601562,183.206787109375,183.61190795898438,0.7922505736351013
1856,443,4378,77.25536346435547,101.8069839477539,222.95902252197266,436.5600814819336,0.8870019316673279
1857,443,2483,85.50323486328125,674.3035888671875,240.14468383789062,467.8970947265625,0.8643418550491333
1858,443,25438,568.7948608398438,186.50680541992188,246.19915771484375,253.69229125976562,0.8427408337593079
1859,443,22627,533.4424438476562,681.7780151367188,339.57720947265625,474.26470947265625,0.8162122368812561
1860,444,2483,600.955322265625,102.78358459472656,247.6944580078125,459.3151092529297,0.9199946522712708
1861,444,22627,74.15672302246094,70.23735046386719,338.22779846191406,482.71034240722656,0.9016892313957214
1862,444,4378,653.6066284179688,709.64599609375,215.36224365234375,463.86083984375,0.8953853845596313
1863,444,25438,109.33456420898438,841.2080078125,259.5153503417969,263.616943359375,0.8726252913475037
1864,449,27653,96.3753890991211,853.4229736328125,220.9251480102539,204.8575439453125,0.8839242458343506
1865,449,34597,48.93684387207031,132.7469024658203,374.9469451904297,473.3473358154297,0.8802619576454163
1866,449,3483,588.3958129882812,846.2391357421875,283.46563720703125,165.30810546875,0.8717586398124695
1867,449,16262,622.87158203125,181.20602416992188,242.37774658203125,232.40191650390625,0.7780217528343201
1868,452,44199,174.73785400390625,233.22006225585938,203.16217041015625,261.3529357910156,0.9732022285461426
1869,452,29451,509.58099365234375,243.26876831054688,412.8302001953125,220.8681640625,0.9611574411392212
1870,452,16551,137.3790740966797,637.8372192382812,310.80055236816406,479.00408935546875,0.8965426683425903
1871,452,1900,644.1915893554688,845.018310546875,189.0203857421875,189.02685546875,0.8749704957008362
1872,454,5886,125.58456420898438,80.27206420898438,235.30227661132812,479.6684265136719,0.9014094471931458
1873,454,2483,100.49156951904297,702.2708129882812,233.19037628173828,479.15985107421875,0.8544278144836426
1874,454,6192,493.72320556640625,588.860595703125,298.0491943359375,526.251220703125,0.8480251431465149
1875,454,5094,559.687255859375,194.81195068359375,274.61822509765625,267.16046142578125,0.7345485687255859
1876,455,2483,600.6597290039062,21.334381103515625,221.1915283203125,483.812255859375,0.8993992805480957
1877,455,5886,586.2296752929688,679.1818237304688,231.81610107421875,492.33892822265625,0.8500202894210815
1878,455,6192,134.4029541015625,83.75118255615234,303.9670715332031,527.2707290649414,0.818945050239563
1879,455,5094,93.7678451538086,793.4359741210938,278.7004165649414,274.39385986328125,0.7080087661743164
1880,456,5886,592.5330810546875,683.1739501953125,241.735107421875,505.3387451171875,0.8561155796051025
1881,456,6192,143.01174926757812,111.17034912109375,295.2357482910156,529.1622924804688,0.8109559416770935
1882,456,2483,600.1529541015625,62.15911865234375,207.83380126953125,463.8382568359375,0.8074285984039307
1883,456,5094,95.06118774414062,806.3742065429688,283.8279724121094,283.72686767578125,0.7531121969223022
1884,457,13395,629.3743896484375,672.69091796875,241.86859130859375,492.8321533203125,0.9160404205322266
1885,457,2483,637.6602172851562,66.8869400024414,216.8048095703125,482.3298568725586,0.8941848278045654
1886,457,6192,97.05158233642578,152.2919464111328,298.56102752685547,534.5393524169922,0.8591374158859253
1887,457,5094,133.45974731445312,833.5623168945312,279.99224853515625,272.50970458984375,0.7845922112464905
1888,458,2483,624.4739990234375,99.95136260986328,231.32177734375,472.7157516479492,0.9260962009429932
1889,458,13395,637.3580932617188,670.7310791015625,248.85986328125,517.1492919921875,0.9234031438827515
1890,458,6192,116.56184387207031,182.16627502441406,275.95863342285156,530.8769378662109,0.8212378621101379
1891,458,5094,134.49859619140625,842.22607421875,285.91583251953125,287.484619140625,0.820932924747467
1892,459,13395,79.5328598022461,83.66466522216797,235.1708755493164,482.0017776489258,0.9351564049720764
1893,459,5094,521.9046630859375,161.60433959960938,273.10418701171875,265.8546142578125,0.8373416662216187
1894,459,6192,551.9961547851562,518.4840087890625,270.906982421875,524.769287109375,0.830211341381073
1895,459,2483,76.0929183959961,660.1941528320312,218.11673736572266,485.82415771484375,0.804559051990509
1896,46,23223,103.81649017333984,115.79618835449219,308.0333023071289,496.6823272705078,0.9485250115394592
1897,46,3743,117.04124450683594,784.8849487304688,325.65248107910156,319.73712158203125,0.9112087488174438
1898,46,2483,590.587646484375,71.90715789794922,245.7625732421875,470.92615509033203,0.8481565117835999
1899,46,12081,598.3932495117188,707.5970458984375,237.52178955078125,452.4014892578125,0.6796246767044067
1900,460,23223,509.3153076171875,586.2822875976562,293.9019775390625,501.64727783203125,0.9157286882400513
1901,460,3743,490.0584716796875,128.29185485839844,318.5836181640625,301.3532257080078,0.88509601354599
1902,460,22362,85.8827133178711,118.36669921875,257.2585220336914,387.1791076660156,0.8486847281455994
1903,460,2483,92.79468536376953,661.171875,205.19359588623047,486.465087890625,0.770348072052002
1904,462,23223,136.32652282714844,149.77157592773438,292.58973693847656,506.0968933105469,0.9307536482810974
1905,462,3743,122.79499053955078,836.8069458007812,334.2472152709961,331.10223388671875,0.8998568654060364
1906,462,2483,628.37744140625,102.87889099121094,202.574462890625,461.03334045410156,0.8444215655326843
1907,462,22362,604.7440185546875,738.59375,279.5040283203125,411.194580078125,0.8429389595985413
1908,463,3483,129.5153045654297,288.67462158203125,278.4634552001953,173.69573974609375,0.9227129817008972
1909,463,20238,134.08287048339844,869.1558837890625,230.23536682128906,225.3155517578125,0.8967036604881287
1910,463,28763,626.9006958007812,875.52587890625,218.0499267578125,210.0135498046875,0.8773341774940491
1911,463,27653,670.9005737304688,255.56495666503906,220.26104736328125,195.45396423339844,0.8761400580406189
1912,464,28763,136.31492614746094,184.53494262695312,210.2366485595703,199.5306396484375,0.9574632048606873
1913,464,3483,562.2185668945312,812.3517456054688,286.9158935546875,173.052978515625,0.8877679109573364
1914,464,27653,64.10663604736328,811.7232666015625,225.46660614013672,210.20843505859375,0.8803015351295471
1915,464,20238,594.4407348632812,174.49252319335938,219.61700439453125,209.97280883789062,0.7976667284965515
1916,465,28763,155.26611328125,193.699951171875,214.53070068359375,200.49346923828125,0.9441529512405396
1917,465,27653,97.3917007446289,855.2468872070312,221.9565658569336,204.11004638671875,0.8832263946533203
1918,465,3483,588.9392700195312,846.1798706054688,285.072509765625,164.7027587890625,0.8782159686088562
1919,465,20238,624.4432373046875,177.28012084960938,224.4964599609375,215.08950805664062,0.8391460180282593
1920,468,23223,114.55207061767578,115.92269897460938,302.9420700073242,504.3706359863281,0.9191388487815857
1921,468,25438,155.7391357421875,868.260498046875,258.01568603515625,269.20556640625,0.8620258569717407
1922,468,2483,603.433349609375,111.32879638671875,204.21038818359375,471.801025390625,0.8362800478935242
1923,468,22362,604.7308349609375,747.9464721679688,263.126708984375,417.26043701171875,0.8165112733840942
1924,469,28763,150.65223693847656,222.17758178710938,211.1524200439453,200.47463989257812,0.9426798224449158
1925,469,3483,608.900146484375,790.6517944335938,275.001953125,209.25689697265625,0.939448356628418
1926,469,27733,124.57195281982422,770.087890625,312.8822708129883,272.069091796875,0.9291818141937256
1927,469,35206,602.6494140625,123.74279022216797,256.535888671875,392.05506134033203,0.8323413133621216
1928,47,23223,531.6864624023438,591.3038330078125,306.13671875,497.895263671875,0.917597770690918
1929,47,3743,493.6418151855469,167.19631958007812,317.2642517089844,297.66424560546875,0.913233757019043
1930,47,2483,88.84735870361328,668.9083862304688,258.80272674560547,467.83599853515625,0.8496391773223877
1931,47,12081,109.27029418945312,109.0335693359375,228.9697265625,428.8768310546875,0.7100011110305786
1932,472,3544,149.8670196533203,189.37950134277344,209.3079376220703,202.0238494873047,0.9195559024810791
1933,472,16548,628.3726806640625,148.4613037109375,236.091552734375,225.75225830078125,0.9070075154304504
1934,472,6563,192.30770874023438,711.3671875,212.3355712890625,356.9163818359375,0.885233461856842
1935,474,3544,634.7498779296875,875.8056640625,216.412353515625,212.47314453125,0.9305900931358337
1936,474,6563,588.6465454101562,237.97723388671875,215.65582275390625,335.3681640625,0.903091549873352
1937,474,16548,117.67913818359375,880.3679809570312,241.83181762695312,238.66168212890625,0.8519015312194824
1938,474,33878,152.62265014648438,309.2164611816406,219.83786010742188,143.36618041992188,0.5740018486976624
1939,475,13395,600.9094848632812,706.8081665039062,236.34674072265625,523.6904907226562,0.8982172608375549
1940,475,19552,89.52098083496094,142.94296264648438,315.5464324951172,483.8683166503906,0.8921491503715515
1941,475,25438,125.86922454833984,821.1239624023438,258.5939712524414,266.29278564453125,0.803941547870636
1942,475,2483,595.985107421875,87.14839935302734,210.88775634765625,464.4717788696289,0.7969098091125488
1943,477,19552,87.59674072265625,109.0023193359375,315.744873046875,482.0533447265625,0.9136313796043396
1944,477,2483,601.8787231445312,42.574501037597656,215.3414306640625,485.80770111083984,0.9110659956932068
1945,477,13395,584.9451293945312,708.0135498046875,244.61334228515625,502.8814697265625,0.8663917183876038
1946,477,25438,124.06098175048828,812.41259765625,254.29045867919922,250.72509765625,0.8177078366279602
1947,479,25367,66.61338806152344,87.15196228027344,368.9737091064453,466.47230529785156,0.8775542974472046
1948,479,36637,636.9561767578125,178.39561462402344,179.08416748046875,240.95411682128906,0.8718873858451843
1949,479,3483,538.620361328125,777.0526733398438,265.35394287109375,226.32586669921875,0.8554935455322266
1950,479,27777,145.60211181640625,774.7756958007812,178.67160034179688,204.34173583984375,0.8009324669837952
1951,481,13395,636.6749267578125,669.9490356445312,248.30078125,517.7230834960938,0.9273372888565063
1952,481,2483,628.1121215820312,101.20368957519531,226.06414794921875,471.7065887451172,0.9101114273071289
1953,481,22627,77.01122283935547,106.71446228027344,306.0069046020508,503.11097717285156,0.8825228214263916
1954,481,5094,134.30264282226562,842.496337890625,285.6348571777344,286.206787109375,0.8163934946060181
1955,482,13395,79.21077728271484,83.60870361328125,234.35486602783203,481.25164794921875,0.9372711777687073
1956,482,22627,556.7679443359375,632.0074462890625,306.79962158203125,494.6729736328125,0.8770585656166077
1957,482,5094,523.4974975585938,161.26632690429688,271.34027099609375,265.5970764160156,0.8519954085350037
1958,482,2483,77.96192169189453,661.1404418945312,217.4563217163086,484.72601318359375,0.8094568252563477
1959,484,16688,479.11529541015625,123.88099670410156,417.31243896484375,527.9996185302734,0.7916578650474548
1960,484,3351,419.55926513671875,894.8013305664062,190.26214599609375,190.77423095703125,0.7484952807426453
1961,484,32310,20.962600708007812,328.674072265625,297.9847869873047,324.7745361328125,0.6487997770309448
1962,485,3351,330.1387023925781,147.63760375976562,182.84494018554688,186.38369750976562,0.8523396849632263
1963,485,16688,40.07911682128906,526.0157470703125,430.6862335205078,584.841796875,0.7031061053276062
1964,485,32310,621.790771484375,532.2484130859375,291.74591064453125,346.9415283203125,0.6089106798171997
1965,486,3351,370.2386474609375,206.22958374023438,182.4908447265625,180.86532592773438,0.8532559871673584
1966,486,16688,82.67958068847656,619.141845703125,424.1885528564453,602.8748779296875,0.7400815486907959
1967,486,32310,660.6674194335938,630.7115478515625,293.15765380859375,347.7315673828125,0.7323883175849915
1968,487,3483,608.2662963867188,791.6082153320312,273.31207275390625,208.95062255859375,0.9399586915969849
1969,487,27733,122.78679656982422,769.6766357421875,313.31311798095703,272.664794921875,0.9303768277168274
1970,487,16232,646.6424560546875,185.80746459960938,195.13458251953125,177.970458984375,0.9093217849731445
1971,487,31885,95.23773193359375,47.74986267089844,410.99310302734375,509.51637268066406,0.8374133110046387
1972,493,1900,186.55494689941406,291.0660095214844,198.63014221191406,154.6258544921875,0.9111145734786987
1973,493,21026,683.675048828125,273.83514404296875,179.124755859375,173.06451416015625,0.8965524435043335
1974,493,16548,122.52849578857422,885.341064453125,245.01068878173828,239.2340087890625,0.8787311315536499
1975,493,19607,682.1417236328125,901.49462890625,165.4388427734375,159.017333984375,0.7329376935958862
1976,494,19607,135.9852294921875,213.23306274414062,153.70291137695312,150.85369873046875,0.9811904430389404
1977,494,1900,587.023681640625,829.30859375,204.84039306640625,161.522216796875,0.9169743657112122
1978,494,16548,592.0172729492188,138.51583862304688,232.2445068359375,224.66781616210938,0.8916946649551392
1979,494,21026,90.39009094238281,831.53466796875,182.93983459472656,179.08050537109375,0.8452213406562805
1980,496,3832,497.534423828125,180.8808135986328,378.14678955078125,363.2540740966797,0.9850714206695557
1981,496,3351,393.453369140625,871.2634887695312,189.56939697265625,192.13995361328125,0.7753233313560486
1982,496,36637,163.28921508789062,294.26947021484375,187.25082397460938,246.87994384765625,0.7741230130195618
1983,497,3832,53.133583068847656,654.080810546875,381.90621185302734,376.7059326171875,0.9487793445587158
1984,497,3351,353.36065673828125,161.25653076171875,182.5322265625,183.4482421875,0.8834664225578308
1985,497,36637,587.18505859375,667.6053466796875,193.946044921875,259.50836181640625,0.6986066699028015
1986,499,25367,524.937744140625,729.4019775390625,437.879150390625,458.8836669921875,0.9356054067611694
1987,499,3483,124.98310089111328,273.1043701171875,271.78539276123047,187.91015625,0.9038772583007812
1988,499,16262,164.9322509765625,833.2103271484375,254.27017211914062,243.5205078125,0.8952533602714539
1989,499,25469,573.080810546875,232.0500946044922,372.24078369140625,218.22669982910156,0.8533768057823181
1990,5,24850,97.7225112915039,894.5700073242188,294.03511810302734,163.91143798828125,0.988895058631897
1991,5,29345,612.40185546875,713.7066650390625,286.634521484375,444.9063720703125,0.9623966217041016
1992,5,1900,181.11614990234375,266.7311096191406,130.9337158203125,200.47872924804688,0.8429660201072693
1993,5,16551,571.3812866210938,110.43140411376953,283.97119140625,477.59142303466797,0.8326624631881714
1994,500,16262,547.5491333007812,189.76473999023438,237.30316162109375,226.333740234375,0.8924804925918579
1995,500,3483,575.3326416015625,811.8179931640625,280.0001220703125,191.91058349609375,0.8627309203147888
1996,500,25469,14.248161315917969,812.919189453125,378.32645416259766,220.342041015625,0.8118841052055359
1997,500,25367,32.46551513671875,60.99315643310547,413.64581298828125,441.15616607666016,0.7736111283302307
1998,501,25367,48.80573272705078,80.12626647949219,424.1149215698242,440.9187774658203,0.9119126796722412
1999,501,3483,603.6539306640625,845.5516357421875,276.7791748046875,187.2652587890625,0.8622136116027832
2000,501,16262,572.7431640625,193.2349395751953,244.50592041015625,231.77915954589844,0.8582854270935059
2001,501,25469,47.40730285644531,858.123046875,378.79661560058594,216.338623046875,0.8345403075218201
2002,502,3483,125.30616760253906,272.9288024902344,271.4026641845703,187.61685180664062,0.8976530432701111
2003,502,25469,573.1546020507812,232.24424743652344,371.5631103515625,217.2812042236328,0.8557526469230652
2004,502,30308,548.93017578125,729.0623779296875,415.1610107421875,411.4620361328125,0.835331916809082
2005,502,20238,139.58193969726562,849.0368041992188,229.93951416015625,226.59747314453125,0.8327733874320984
2006,503,20238,589.8450927734375,190.70823669433594,220.006591796875,213.7357940673828,0.889391303062439
2007,503,30308,39.97295379638672,101.61865234375,386.27222442626953,395.9207763671875,0.8766892552375793
2008,503,3483,575.2440795898438,811.5931396484375,279.81060791015625,191.7462158203125,0.8572191596031189
2009,503,25469,12.617073059082031,813.7249755859375,379.37633514404297,219.2904052734375,0.8076490163803101
2010,506,38162,532.6925659179688,633.900390625,202.38934326171875,300.26251220703125,0.9496201276779175
2011,506,3351,351.37200927734375,141.66629028320312,185.07904052734375,185.17010498046875,0.8415510654449463
2012,506,31863,80.16619873046875,699.6790771484375,210.44229125976562,211.7557373046875,0.392947256565094
2013,507,38162,571.461669921875,729.3167724609375,200.7833251953125,292.3095703125,0.9664134383201599
2014,507,3351,393.158935546875,197.51632690429688,185.244140625,182.7674560546875,0.8711339831352234
2015,507,31863,124.49577331542969,785.320556640625,205.93629455566406,204.682373046875,0.5068908333778381
2016,508,3351,417.76739501953125,871.4503173828125,191.01544189453125,190.820068359375,0.6881086826324463
2017,508,22074,166.82510375976562,260.0494384765625,188.81735229492188,189.92294311523438,0.6788066029548645
2018,509,22074,586.8987426757812,779.1881103515625,191.5616455078125,194.3018798828125,0.9633827209472656
2019,509,18147,46.463584899902344,605.9239501953125,347.5179214477539,378.37933349609375,0.8814650774002075
2020,509,3351,330.9690856933594,167.43324279785156,183.68057250976562,187.9853057861328,0.8766366243362427
2021,511,25367,573.3872680664062,745.626708984375,394.38604736328125,496.170166015625,0.9169707298278809
2022,511,3483,152.13168334960938,218.52716064453125,246.88262939453125,219.58282470703125,0.8895621299743652
2023,511,36637,94.22008514404297,905.931884765625,276.43262481689453,164.34814453125,0.7989139556884766
2024,511,19861,639.1049194335938,277.59283447265625,219.727783203125,170.2376708984375,0.5636463165283203
2025,515,30308,91.90616607666016,184.86656188964844,425.82405853271484,367.7206573486328,0.8852341175079346
2026,515,35206,612.7194213867188,138.84437561035156,228.12786865234375,402.8234100341797,0.8436450362205505
2027,515,27777,179.91046142578125,812.7188110351562,174.54830932617188,199.38629150390625,0.8311890959739685
2028,515,3483,567.0738525390625,812.6077270507812,263.56976318359375,218.65386962890625,0.8169741630554199
2029,516,35206,138.89437866210938,706.5379638671875,244.79583740234375,409.6881103515625,0.8916417956352234
2030,516,30308,479.0345764160156,701.3720703125,442.9417419433594,372.021484375,0.8834223747253418
2031,516,3483,171.3667449951172,276.3011169433594,262.71421813964844,219.38424682617188,0.8488571047782898
2032,516,27777,637.2232055664062,294.8279724121094,173.59271240234375,193.72372436523438,0.8039124011993408
2033,517,27653,96.02718353271484,854.6756591796875,221.74591827392578,204.65087890625,0.8850788474082947
2034,517,3483,587.8960571289062,847.0208129882812,283.982666015625,164.18438720703125,0.8783090114593506
2035,517,31885,32.094688415527344,20.091285705566406,371.0182571411133,520.3991928100586,0.8459226489067078
2036,517,36637,644.2783203125,210.27401733398438,190.31451416015625,244.02853393554688,0.8109005689620972
2037,518,31885,17.840805053710938,3.5091400146484375,361.08543395996094,516.0641632080078,0.9473792314529419
2038,518,3483,560.8112182617188,813.373291015625,286.89300537109375,171.78857421875,0.8867433667182922
2039,518,27653,62.93266296386719,810.7313232421875,224.8189239501953,210.885009765625,0.8836176991462708
2040,518,36637,615.4505615234375,204.87586975097656,183.56201171875,240.91041564941406,0.8325672745704651
2041,519,3483,131.21234130859375,288.9705810546875,277.9573974609375,173.321044921875,0.9280915856361389
2042,519,27653,671.9166259765625,256.7631530761719,221.1142578125,194.48455810546875,0.8935410380363464
2043,519,36637,149.4775390625,803.9580688476562,198.72283935546875,250.16656494140625,0.8842113018035889
2044,519,31885,603.6019287109375,701.3267822265625,372.19549560546875,530.58984375,0.6935286521911621
2045,520,29667,126.39148712158203,880.7279052734375,230.94017791748047,228.04931640625,0.9418190717697144
2046,520,28763,615.022705078125,906.451904296875,224.5172119140625,213.610595703125,0.8997097015380859
2047,520,3483,174.64886474609375,274.48553466796875,262.6790466308594,219.59625244140625,0.865878164768219
2048,520,27777,637.697021484375,295.1663513183594,177.585693359375,194.03594970703125,0.8007834553718567
2049,521,28763,149.60659790039062,155.32249450683594,206.7606201171875,198.82337951660156,0.971068799495697
2050,521,29667,601.8359375,161.60926818847656,216.466796875,213.7458038330078,0.9065350890159607
2051,521,3483,537.6744384765625,778.3974609375,265.24560546875,226.4373779296875,0.8232364058494568
2052,521,27777,144.44114685058594,775.0005493164062,178.2904815673828,204.859619140625,0.8032585382461548
2053,522,28763,164.23016357421875,159.97068786621094,214.59414672851562,201.88392639160156,0.9339052438735962
2054,522,29667,629.9951171875,163.9508056640625,223.18634033203125,214.72427368164062,0.8945995569229126
2055,522,3483,563.9952392578125,813.583251953125,263.680419921875,220.190673828125,0.811020016670227
2056,522,27777,177.23907470703125,811.5460205078125,174.54330444335938,199.5367431640625,0.8107295632362366
2057,525,27733,564.971435546875,260.2677001953125,301.8670654296875,264.5069580078125,0.9259436726570129
2058,525,28763,636.6181640625,865.6114501953125,222.87005615234375,211.2816162109375,0.9070071578025818
2059,525,16232,140.57998657226562,892.1279907226562,197.33590698242188,192.73101806640625,0.8920028805732727
2060,525,3483,123.30501556396484,308.3179016113281,271.99942779541016,198.51312255859375,0.8846181035041809
2061,526,30308,549.5166015625,713.1140747070312,313.44329833984375,468.44244384765625,0.9523834586143494
2062,526,3483,150.22842407226562,219.96194458007812,247.09799194335938,219.47525024414062,0.8801329731941223
2063,526,16262,99.34940338134766,850.6480712890625,248.93172454833984,240.396728515625,0.8298338055610657
2064,526,19861,637.7381591796875,277.29656982421875,219.4683837890625,170.48171997070312,0.5361765027046204
2065,527,30308,145.06674194335938,77.52422332763672,302.1451110839844,461.8402786254883,0.8772514462471008
2066,527,3483,600.9730224609375,867.1815185546875,258.5064697265625,228.517822265625,0.8607760071754456
2067,527,16262,636.050537109375,175.81588745117188,247.41455078125,232.0445556640625,0.8118113875389099
2068,527,19861,127.1811294555664,865.094970703125,219.7155990600586,166.769775390625,0.6888889670372009
2069,528,30308,127.93037414550781,64.08588409423828,294.3779754638672,449.0121383666992,0.8974015116691589
2070,528,3483,572.5826416015625,837.2338256835938,262.63885498046875,228.76190185546875,0.8643566370010376
2071,528,16262,610.0177001953125,172.42294311523438,236.654052734375,228.60931396484375,0.8336969017982483
2072,528,19861,90.89583587646484,826.859619140625,227.13928985595703,176.7579345703125,0.8202247023582458
2073,529,20238,618.014404296875,193.93325805664062,225.85003662109375,218.74755859375,0.8923565745353699
2074,529,3483,604.717041015625,846.41796875,275.68731689453125,186.8167724609375,0.8722618222236633
2075,529,25469,46.78474426269531,858.326904296875,379.2180633544922,216.2728271484375,0.8339211344718933
2076,529,22347,106.51351928710938,241.369873046875,208.7371826171875,195.60498046875,0.8335856199264526
2077,53,2483,649.494140625,99.50576782226562,216.5439453125,476.5721740722656,0.9081265330314636
2078,53,25438,131.7949676513672,853.9593505859375,260.2489471435547,263.00244140625,0.8233610391616821
2079,53,6192,95.048828125,103.25393676757812,360.076904296875,488.1178283691406,0.8211259841918945
2080,53,5886,607.3316650390625,680.8383178710938,239.5025634765625,507.31341552734375,0.8101924657821655
2081,530,22347,678.92919921875,830.5230102539062,214.8834228515625,207.06756591796875,0.9337939620018005
2082,530,3483,124.364013671875,270.98529052734375,273.88372802734375,189.74725341796875,0.9028934836387634
2083,530,20238,141.24977111816406,849.5758666992188,228.5634002685547,226.40594482421875,0.8998013734817505
2084,530,25469,572.7001342773438,231.51641845703125,372.61639404296875,218.5479736328125,0.851693868637085
2085,531,20238,589.0489501953125,190.4002685546875,220.9490966796875,213.82717895507812,0.9120500683784485
2086,531,3483,575.7803955078125,811.565673828125,278.7462158203125,192.8428955078125,0.8652036786079407
2087,531,25469,11.250724792480469,813.34521484375,382.4965286254883,219.357421875,0.8353742957115173
2088,531,22347,89.40418243408203,230.07928466796875,202.06090545654297,193.7200927734375,0.8153749108314514
2089,532,19552,115.99617004394531,109.02538299560547,383.6642303466797,432.69080352783203,0.9555329084396362
2090,532,3743,74.8763656616211,812.6965942382812,331.30667877197266,326.37921142578125,0.9283912181854248
2091,532,2483,594.9390258789062,103.88351440429688,291.42657470703125,456.0028991699219,0.8788521885871887
2092,532,5886,609.647216796875,696.5880126953125,238.85223388671875,512.4044189453125,0.8418549299240112
2093,533,19552,114.17543029785156,79.4256591796875,387.98912048339844,422.9023742675781,0.9444148540496826
2094,533,3743,73.80210876464844,797.2903442382812,322.33815002441406,321.90325927734375,0.9087826013565063
2095,533,5886,600.18017578125,696.0870361328125,241.034912109375,491.3446044921875,0.8507696390151978
2096,533,2483,612.3153686523438,77.19253540039062,274.5599365234375,457.0024719238281,0.8405523896217346
2097,534,19552,443.21405029296875,698.640625,396.2183837890625,432.17919921875,0.9695112705230713
2098,534,3743,535.6456909179688,152.2784423828125,319.60028076171875,301.0382080078125,0.9118710160255432
2099,534,5886,100.25028228759766,66.28570556640625,236.70037078857422,479.54998779296875,0.8931488990783691
2100,534,2483,54.18498992919922,679.7637329101562,278.4416275024414,455.81817626953125,0.8261582851409912
2101,535,3483,604.0423583984375,847.3363647460938,275.40069580078125,186.28521728515625,0.876757025718689
2102,535,36637,673.7725830078125,172.93917846679688,174.1363525390625,255.58560180664062,0.8333449959754944
2103,535,31885,83.08887481689453,139.24758911132812,407.72154998779297,509.8499450683594,0.8196941614151001
2104,535,25469,87.20077514648438,831.1231689453125,341.8366394042969,302.0263671875,0.8048345446586609
2105,536,31885,69.64569091796875,115.36186218261719,393.034912109375,505.0315704345703,0.9217538237571716
2106,536,3483,574.5687255859375,812.3741455078125,279.6610107421875,191.2188720703125,0.8746240139007568
2107,536,36637,645.8200073242188,170.59307861328125,169.60052490234375,247.19656372070312,0.8405176401138306
2108,536,25469,47.460594177246094,788.6513671875,349.0820999145508,301.1617431640625,0.7997069954872131
2109,537,3483,126.10791015625,272.264892578125,270.4624938964844,187.66366577148438,0.9177584648132324
2110,537,25469,573.5111083984375,185.99090576171875,328.53936767578125,285.4483642578125,0.7760798335075378
2111,537,36637,131.81594848632812,828.1851196289062,182.48617553710938,263.61883544921875,0.7571884393692017
2112,537,31885,518.935791015625,596.85400390625,407.1607666015625,511.14892578125,0.7367501854896545
2113,539,38162,591.0556640625,709.812744140625,204.81536865234375,303.45703125,0.9505673050880432
2114,539,20014,11.701812744140625,669.4432373046875,350.2708435058594,340.03076171875,0.9173188209533691
2115,539,3351,321.3984680175781,134.12387084960938,186.54367065429688,186.42498779296875,0.8622820973396301
2116,54,6192,465.3971862792969,641.3896484375,372.0191955566406,484.737548828125,0.9258202314376831
2117,54,5886,114.93937683105469,80.99861145019531,228.9955291748047,480.04576110839844,0.9147555828094482
2118,54,25438,547.5000610351562,178.85775756835938,245.81353759765625,247.945068359375,0.8895074725151062
2119,54,2483,66.57840728759766,663.9613037109375,204.7815170288086,481.4493408203125,0.817298173904419
2120,540,38162,629.1951904296875,805.4114990234375,199.6180419921875,295.3153076171875,0.9266339540481567
2121,540,20014,50.87501525878906,753.7967529296875,348.4662322998047,335.25341796875,0.9018634557723999
2122,540,3351,363.06707763671875,189.89425659179688,184.09228515625,180.89065551757812,0.8289051651954651
2123,541,31885,580.8123168945312,651.4340209960938,332.50494384765625,552.3042602539062,0.9314685463905334
2124,541,3483,150.93223571777344,220.11024475097656,246.0703887939453,218.7805938720703,0.8902697563171387
2125,541,16232,143.97323608398438,898.9342041015625,198.12722778320312,193.5384521484375,0.8171398043632507
2126,541,19861,639.1146850585938,278.341064453125,217.43194580078125,168.17169189453125,0.524933397769928
2127,542,3483,572.4948120117188,836.5684814453125,261.6796875,228.8494873046875,0.8426719307899475
2128,542,19861,90.56316375732422,826.6860961914062,227.23639678955078,177.1661376953125,0.838549792766571
2129,542,16232,617.6797485351562,171.50428771972656,186.16455078125,183.63694763183594,0.8166502714157104
2130,542,31885,70.9651107788086,38.238372802734375,311.00882720947266,528.9282531738281,0.7174731492996216
2131,543,16232,644.6829223632812,176.0724639892578,191.522216796875,187.0279998779297,0.9113297462463379
2132,543,31885,85.92788696289062,52.425804138183594,320.2907409667969,541.3063735961914,0.8727803826332092
2133,543,3483,600.8362426757812,867.0346069335938,259.3892822265625,228.17901611328125,0.8725460767745972
2134,543,19861,127.1096420288086,866.07958984375,219.61185455322266,165.427490234375,0.6996588110923767
2135,545,29667,126.48735046386719,880.1233520507812,230.81044006347656,228.17510986328125,0.9559135437011719
2136,545,22347,661.510498046875,862.07373046875,217.1588134765625,209.7645263671875,0.8767361640930176
2137,545,3483,175.3122100830078,274.31927490234375,263.6808624267578,219.252685546875,0.8680541515350342
2138,545,27777,638.2424926757812,294.8293762207031,177.67730712890625,194.66464233398438,0.7981662154197693
2139,546,29667,601.5250854492188,162.4293212890625,217.47161865234375,213.68716430664062,0.9200304746627808
2140,546,22347,107.21126556396484,201.331787109375,202.67432403564453,194.34600830078125,0.8705668449401855
2141,546,3483,536.7490234375,778.5922241210938,265.97802734375,226.57244873046875,0.8335873484611511
2142,546,27777,143.5619354248047,774.0997314453125,178.5445098876953,204.36309814453125,0.8041278719902039
2143,547,20877,114.1650390625,768.6437377929688,331.94482421875,232.44354248046875,0.9442827701568604
2144,547,3483,650.3750610351562,751.7599487304688,210.96954345703125,267.67303466796875,0.9205065965652466
2145,547,36637,633.06103515625,211.0060272216797,184.667724609375,247.25782775878906,0.8483682870864868
2146,547,22347,120.58384704589844,242.78524780273438,207.74900817871094,197.34408569335938,0.8373000025749207
2147,548,22347,663.461181640625,829.7313232421875,213.69549560546875,210.85693359375,0.915293276309967
2148,548,20877,546.87158203125,293.552734375,331.51104736328125,234.39483642578125,0.8669983744621277
2149,548,36637,166.43597412109375,798.4410400390625,190.59530639648438,253.5546875,0.8337542414665222
2150,548,3483,143.96038818359375,292.70556640625,208.58770751953125,253.8052978515625,0.7938475012779236
2151,55,20014,50.346031188964844,284.0394592285156,338.8234634399414,316.7850646972656,0.8597257137298584
2152,55,16688,434.0753173828125,164.33547973632812,504.763671875,454.0141296386719,0.6995158195495605
2153,55,3351,422.21954345703125,849.0780639648438,189.00787353515625,188.36346435546875,0.6850121021270752
2154,551,3483,129.62905883789062,289.6236572265625,277.9005432128906,173.2962646484375,0.9129905104637146
2155,551,30308,544.82763671875,684.61865234375,385.2401123046875,430.9862060546875,0.8964040279388428
2156,551,27653,670.9020385742188,256.57147216796875,220.01995849609375,194.9852294921875,0.8881741762161255
2157,551,20238,134.0966796875,869.4485473632812,230.42828369140625,225.25335693359375,0.8371884226799011
2158,552,27653,97.8934097290039,855.0185546875,220.9813461303711,204.1722412109375,0.8904259204864502
2159,552,3483,589.2556762695312,846.7950439453125,284.48687744140625,164.04815673828125,0.8748049736022949
2160,552,30308,80.9945297241211,143.6341552734375,379.9507522583008,422.2945556640625,0.8520013689994812
2161,552,20238,623.7411499023438,177.3113250732422,225.46966552734375,215.58692932128906,0.8299067616462708
2162,553,34597,11.837005615234375,72.4374008178711,417.4041442871094,448.25394439697266,0.9535057544708252
2163,553,3483,575.2984008789062,811.3878784179688,280.208740234375,191.7169189453125,0.8789410591125488
2164,553,25469,14.03717041015625,813.035888671875,379.69989013671875,220.157470703125,0.8272953629493713
2165,553,16232,600.8526611328125,214.82818603515625,186.77276611328125,181.32379150390625,0.816051721572876
2166,555,34597,25.48809051513672,100.986328125,420.70825958251953,441.62054443359375,0.951167106628418
2167,555,16232,630.1270751953125,220.26028442382812,188.779052734375,186.73114013671875,0.8794171214103699
2168,555,3483,604.224365234375,845.5970458984375,276.032470703125,187.5009765625,0.8673420548439026
2169,555,25469,47.407798767089844,857.9568481445312,377.90015411376953,215.92010498046875,0.8293026685714722
2170,56,20014,545.80126953125,618.8262329101562,351.707275390625,342.96844482421875,0.9116678833961487
2171,56,3351,325.8912658691406,194.55604553222656,184.54611206054688,184.6728973388672,0.8835111856460571
2172,56,16688,0.0,552.3695068359375,510.5867919921875,505.9945068359375,0.7242335677146912
2173,560,3483,600.9154663085938,867.130615234375,258.5782470703125,228.5296630859375,0.8651554584503174
2174,560,30308,118.33137512207031,78.1854248046875,272.9256134033203,470.681884765625,0.84783935546875
2175,560,35206,580.8369140625,95.26939392089844,289.98553466796875,377.77894592285156,0.8396180272102356
2176,560,19861,127.20252990722656,865.32275390625,219.55918884277344,166.31298828125,0.6830440163612366
2177,564,1900,151.71615600585938,254.97653198242188,194.57608032226562,161.72622680664062,0.9628287553787231
2178,564,16551,593.4373168945312,104.90213012695312,292.28424072265625,477.8518371582031,0.8866786956787109
2179,564,33009,549.5848999023438,835.3541259765625,368.0545654296875,198.5943603515625,0.8095248937606812
2180,564,21771,161.83377075195312,805.6842651367188,190.19140625,185.22235107421875,0.6294822096824646
2181,565,5094,109.2569351196289,809.0745849609375,282.21736907958984,287.4346923828125,0.8511098027229309
2182,565,2483,625.4375610351562,70.66593170166016,226.83197021484375,460.38240814208984,0.8056199550628662
2183,565,12081,651.5015869140625,692.90087890625,242.9837646484375,468.24462890625,0.7619104385375977
2184,565,12778,21.512603759765625,168.1552734375,413.0608825683594,425.5023193359375,0.6733160614967346
2185,569,3743,494.5169677734375,167.271240234375,317.32757568359375,297.8524169921875,0.9134781956672668
2186,569,12778,533.0267944335938,576.3878173828125,299.6104736328125,515.2728271484375,0.8951442241668701
2187,569,2483,88.93768310546875,667.5692749023438,258.94598388671875,469.64642333984375,0.84482741355896
2188,569,12081,109.70272827148438,109.02366638183594,229.02777099609375,429.6031036376953,0.7016252279281616
2189,571,16551,539.5723876953125,53.26263427734375,306.83270263671875,453.01446533203125,0.9211503863334656
2190,571,1900,578.396240234375,866.3050537109375,213.06494140625,143.33984375,0.9032449126243591
2191,571,21026,90.43201446533203,830.8226928710938,182.02324676513672,179.161376953125,0.8434010148048401
2192,571,24850,122.61436462402344,137.80194091796875,178.8022918701172,282.4505920410156,0.3577840030193329
2193,572,16551,100.13946533203125,710.7301025390625,327.06890869140625,477.12255859375,0.8941121697425842
2194,572,21026,685.0257568359375,275.1447448730469,178.3133544921875,172.88223266601562,0.8717015385627747
2195,572,1900,190.01852416992188,273.99847412109375,201.24087524414062,135.869384765625,0.840358555316925
2196,572,24850,673.875244140625,828.26318359375,191.1588134765625,301.1357421875,0.6987549662590027
2197,573,1900,609.8280029296875,899.307861328125,204.9700927734375,136.036865234375,0.9323052763938904
2198,573,16551,566.2877197265625,59.488182067871094,312.3311767578125,472.06876373291016,0.9243196249008179
2199,573,21026,123.89977264404297,865.31640625,181.15103912353516,176.0577392578125,0.7169097065925598
2200,574,3743,115.24482727050781,826.84765625,324.40904235839844,320.6298828125,0.9252240061759949
2201,574,13395,625.74267578125,672.749755859375,237.9913330078125,496.699951171875,0.9130494594573975
2202,574,2483,673.0963134765625,80.15838623046875,201.4453125,483.12164306640625,0.8736075758934021
2203,574,22627,89.23442840576172,176.73660278320312,318.2709426879883,483.4484558105469,0.8278297781944275
2204,575,13395,84.17365264892578,84.01176452636719,232.89513397216797,479.7088165283203,0.917004406452179
2205,575,3743,495.851318359375,128.1248779296875,318.275390625,299.62652587890625,0.9037650227546692
2206,575,2483,59.05975341796875,648.6873779296875,202.04971313476562,482.5592041015625,0.8001502752304077
2207,575,22627,536.096435546875,548.3692016601562,319.0140380859375,478.43646240234375,0.7945097088813782
2208,576,3743,115.79402923583984,837.8256225585938,335.7105484008789,330.60699462890625,0.934395432472229
2209,576,13395,631.1065673828125,672.3394775390625,250.96710205078125,515.3302001953125,0.931325376033783
2210,576,22627,92.34680938720703,195.5327606201172,313.7164840698242,497.6186065673828,0.8929225206375122
2211,576,2483,659.5545654296875,111.76199340820312,216.3408203125,477.1690368652344,0.8846222162246704
2212,577,33009,517.28271484375,788.9044189453125,383.848876953125,211.5509033203125,0.9741297364234924
2213,577,19607,139.474609375,786.5556640625,159.7108154296875,156.4686279296875,0.9598139524459839
2214,577,1900,134.88800048828125,245.93370056152344,193.425537109375,155.46141052246094,0.9525153040885925
2215,577,16551,539.7705078125,72.36766815185547,351.4892578125,422.9365921020508,0.9053325653076172
2216,578,33009,88.82392883300781,256.0088806152344,362.60520935058594,207.65399169921875,0.9768037796020508
2217,578,19607,660.354248046875,332.93017578125,157.596435546875,148.97256469726562,0.9515596032142639
2218,578,16551,49.32811737060547,723.5673828125,379.4981460571289,448.42333984375,0.8795135021209717
2219,578,1900,641.6110229492188,858.5106201171875,205.64849853515625,165.6488037109375,0.8531253337860107
2220,579,1900,150.72006225585938,256.247802734375,198.31961059570312,155.20965576171875,0.9684675335884094
2221,579,19607,173.74526977539062,822.36376953125,156.99606323242188,153.5662841796875,0.8990339636802673
2222,579,16551,567.72802734375,76.77230834960938,362.96807861328125,438.1690979003906,0.8850057721138
2223,579,33009,548.82373046875,836.4049072265625,368.6409912109375,197.8768310546875,0.8106359243392944
2224,58,34597,41.03565216064453,53.09234619140625,382.7290267944336,462.85699462890625,0.9213478565216064
2225,58,3483,572.3842163085938,836.895263671875,262.07366943359375,228.952880859375,0.8581952452659607
2226,58,35206,553.7140502929688,93.78189086914062,279.61541748046875,366.2557067871094,0.8479308485984802
2227,58,19861,90.69160461425781,826.6370849609375,227.3765106201172,177.038330078125,0.8427078723907471
2228,581,33009,88.58589172363281,253.95095825195312,362.8248748779297,208.90084838867188,0.9743496775627136
2229,581,1900,644.551513671875,853.9979248046875,202.9544677734375,171.2742919921875,0.893750786781311
2230,581,16548,103.16275787353516,904.631591796875,244.7279281616211,238.6241455078125,0.8651329874992371
2231,581,24850,647.7035522460938,207.73483276367188,176.21258544921875,273.1593933105469,0.7177450656890869
2232,583,19552,469.251708984375,634.0172729492188,329.75006103515625,487.96002197265625,0.9676979780197144
2233,583,5886,111.54155731201172,80.8834457397461,236.89484405517578,477.01419830322266,0.903634786605835
2234,583,2483,72.04635620117188,693.2418823242188,248.78338623046875,466.40069580078125,0.8180667161941528
2235,583,5094,547.2730102539062,187.1605682373047,272.5897216796875,267.05360412597656,0.7803038358688354
2236,584,19552,144.32557678222656,126.79328918457031,326.1424102783203,466.9106903076172,0.9432010054588318
2237,584,2483,606.4384765625,80.8819580078125,264.28570556640625,467.8236083984375,0.9077509045600891
2238,584,5886,603.2801513671875,685.8682861328125,245.89599609375,499.318115234375,0.8096153140068054
2239,584,5094,109.7323226928711,815.738525390625,282.85160064697266,284.9468994140625,0.7468900680541992
2240,586,28763,146.25938415527344,198.7670135498047,209.77745056152344,198.25148010253906,0.9503121972084045
2241,586,3483,574.0972290039062,811.499755859375,280.7779541015625,192.833251953125,0.8720389008522034
2242,586,36637,645.73486328125,171.01409912109375,170.4095458984375,244.82879638671875,0.8359729051589966
2243,586,25469,47.76897430419922,788.8807373046875,349.43933868408203,302.44140625,0.7851117253303528
2244,587,28763,615.4442749023438,858.9486694335938,223.2520751953125,211.36566162109375,0.9541876316070557
2245,587,3483,125.97118377685547,271.8048095703125,270.19373321533203,187.88690185546875,0.9038041234016418
2246,587,25469,573.2052001953125,185.27716064453125,329.02557373046875,286.11968994140625,0.801501452922821
2247,587,36637,131.36257934570312,828.1339111328125,181.25213623046875,263.3519287109375,0.7385637760162354
2248,588,28763,163.7145233154297,206.08135986328125,214.4120635986328,203.1405029296875,0.9356527924537659
2249,588,3483,603.7076416015625,847.1802368164062,275.9520263671875,186.75811767578125,0.8787399530410767
2250,588,25469,87.38105773925781,831.2588500976562,342.3964080810547,302.86529541015625,0.8093880414962769
2251,588,36637,675.3646850585938,172.69009399414062,174.1412353515625,254.88339233398438,0.7732065320014954
2252,589,25367,28.587989807128906,113.89686584472656,343.31990814208984,492.3927459716797,0.9119166135787964
2253,589,3483,600.862060546875,867.2926025390625,258.02276611328125,228.0106201171875,0.8667704463005066
2254,589,16262,635.230712890625,176.043701171875,247.6763916015625,232.32861328125,0.8265189528465271
2255,589,19861,126.73835754394531,864.3541259765625,220.63792419433594,167.3248291015625,0.7406892776489258
2256,591,25367,623.6710205078125,647.4095458984375,351.7216796875,509.3184814453125,0.9284937977790833
2257,591,3483,150.3497314453125,220.5198516845703,246.419921875,218.62535095214844,0.8893167972564697
2258,591,16262,100.56293487548828,850.606201171875,249.50994110107422,241.9638671875,0.8587281703948975
2259,591,19861,638.680908203125,278.1618347167969,218.399169921875,169.68673706054688,0.5294926762580872
2260,592,28763,649.392822265625,901.2113037109375,222.71990966796875,212.78271484375,0.9666587114334106
2261,592,29667,117.76569366455078,844.8734130859375,232.1169662475586,226.6129150390625,0.9571364521980286
2262,592,3483,153.11805725097656,218.42120361328125,246.1358184814453,218.7587890625,0.889906644821167
2263,592,19861,639.0042114257812,277.7596130371094,219.91912841796875,169.71908569335938,0.6536979675292969
2264,593,28763,112.40494537353516,159.2245330810547,209.9983139038086,197.7851104736328,0.9694185256958008
2265,593,29667,609.618408203125,193.67764282226562,218.6676025390625,215.42056274414062,0.8875879645347595
2266,593,3483,570.41845703125,838.2860107421875,261.87457275390625,228.6300048828125,0.854170024394989
2267,593,19861,88.94180297851562,826.7645874023438,226.93951416015625,176.32293701171875,0.8219645619392395
2268,594,28763,129.694091796875,163.78883361816406,211.8543701171875,202.70701599121094,0.9740986227989197
2269,594,29667,637.7073974609375,199.94509887695312,224.68505859375,214.8463134765625,0.8930920362472534
2270,594,3483,599.1686401367188,868.82275390625,258.5302734375,227.97119140625,0.8709405064582825
2271,594,19861,125.8420181274414,865.5182495117188,219.39067840576172,165.45391845703125,0.6582555174827576
2272,595,16232,650.0772705078125,290.1666564941406,190.02215576171875,189.78619384765625,0.8543206453323364
2273,595,32310,109.400146484375,218.5893096923828,250.08642578125,337.65184020996094,0.8312262892723083
2274,595,3351,397.8861999511719,866.6303100585938,190.79129028320312,193.50689697265625,0.7668142914772034
2275,596,16232,78.70765686035156,734.9254150390625,199.7429962158203,196.64501953125,0.8470488786697388
2276,596,3351,349.992919921875,163.70022583007812,180.89306640625,183.35372924804688,0.8460589647293091
2277,596,32310,578.403564453125,620.2657470703125,262.663330078125,366.77496337890625,0.6482802629470825
2278,598,33880,549.02734375,190.13870239257812,307.43017578125,421.1291198730469,0.8971138000488281
2279,598,36637,173.04928588867188,334.05487060546875,181.57992553710938,252.31036376953125,0.8012804985046387
2280,598,3351,402.06024169921875,874.9833984375,189.521484375,189.96826171875,0.7290971279144287
2281,60,34597,544.0698852539062,692.955810546875,415.755615234375,481.3388671875,0.92582768201828
2282,60,3483,150.6065673828125,220.55203247070312,246.02212524414062,218.22219848632812,0.8990013599395752
2283,60,35206,109.66197967529297,775.5471801757812,301.2632827758789,388.34613037109375,0.8721646070480347
2284,60,19861,639.2428588867188,278.37725830078125,216.84002685546875,167.88665771484375,0.5099214315414429
2285,600,3351,387.43316650390625,227.98602294921875,182.813720703125,180.14111328125,0.8348207473754883
2286,600,33880,113.23558044433594,689.6124267578125,309.5478057861328,426.7816162109375,0.7971212863922119
2287,600,36637,624.85302734375,722.1007690429688,181.35986328125,257.5819091796875,0.7480162978172302
2288,601,31885,503.1375732421875,635.960205078125,450.504638671875,480.5107421875,0.9530936479568481
2289,601,27733,566.0883178710938,261.1709289550781,301.11376953125,265.6779479980469,0.9161083102226257
2290,601,3483,123.78814697265625,307.84332275390625,270.8285827636719,200.00244140625,0.8845827579498291
2291,601,16262,152.55767822265625,802.03466796875,247.94589233398438,241.53271484375,0.8462233543395996
2292,602,31885,39.52842712402344,110.8151626586914,437.1929168701172,471.10115814208984,0.9375263452529907
2293,602,27733,88.87393951416016,726.8865966796875,317.7256088256836,278.4693603515625,0.9297342300415039
2294,602,3483,580.4215698242188,758.6862182617188,274.34332275390625,210.59783935546875,0.9053913950920105
2295,602,16262,563.6318969726562,218.612060546875,236.8829345703125,227.65478515625,0.8692334890365601
2296,603,3483,608.2424926757812,791.1156616210938,273.0987548828125,209.8280029296875,0.928594708442688
2297,603,27733,122.8475112915039,769.4384765625,313.69515228271484,272.4329833984375,0.9283551573753357
2298,603,31885,51.78062438964844,137.0563507080078,455.72959899902344,470.1669158935547,0.9103372097015381
2299,603,16262,591.014404296875,225.89779663085938,240.8729248046875,231.16561889648438,0.8855727910995483
2300,605,28763,146.96517944335938,249.25636291503906,210.86257934570312,202.49253845214844,0.939399242401123
2301,605,27653,97.20436096191406,854.761962890625,220.8050994873047,204.6201171875,0.8934046626091003
2302,605,3483,589.0179443359375,846.1318969726562,283.7852783203125,164.93133544921875,0.8771007061004639
2303,605,36637,644.5899658203125,208.8188934326172,189.7421875,246.43556213378906,0.8250880837440491
2304,608,29667,588.8037719726562,722.4493408203125,234.147216796875,232.8284912109375,0.9632608294487
2305,608,33880,47.14202880859375,605.0693359375,314.9421691894531,446.998779296875,0.9504172801971436
2306,608,3351,339.053466796875,192.94654846191406,186.37799072265625,186.2397003173828,0.7639398574829102
2307,610,34597,0.0,106.34002685546875,393.8515930175781,444.958251953125,0.9538027048110962
2308,610,16232,619.3836669921875,221.8999481201172,187.8922119140625,182.94203186035156,0.9314172267913818
2309,610,3483,560.75244140625,812.7566528320312,286.32305908203125,172.6373291015625,0.8894986510276794
2310,610,27653,62.641334533691406,810.1795654296875,223.60100555419922,211.341552734375,0.8816564679145813
2311,611,34597,579.17822265625,656.9013671875,396.82177734375,456.22412109375,0.9617005586624146
2312,611,3483,131.02035522460938,288.999267578125,278.362548828125,173.73089599609375,0.9167870879173279
2313,611,16232,143.47866821289062,847.4864501953125,194.53897094726562,191.1043701171875,0.9132989645004272
2314,611,27653,672.6356201171875,256.91058349609375,220.57940673828125,195.44232177734375,0.8921194672584534
2315,612,34597,0.0,137.506103515625,415.43035888671875,438.54833984375,0.9512346386909485
2316,612,16232,647.261962890625,230.15704345703125,193.6724853515625,180.6536865234375,0.9169537425041199
2317,612,27653,96.06026458740234,853.378173828125,221.6862564086914,204.81396484375,0.8922643661499023
2318,612,3483,588.3991088867188,846.8154907226562,282.1434326171875,165.15289306640625,0.8748440146446228
2319,614,22074,633.057373046875,726.899658203125,188.3878173828125,192.313232421875,0.8937785625457764
2320,614,3351,347.60589599609375,155.1499786376953,183.32366943359375,184.6415252685547,0.8562949895858765
2321,614,19232,168.26950073242188,651.58203125,236.282470703125,353.69903564453125,0.8446781635284424
2322,615,19232,211.76446533203125,752.9989624023438,229.84051513671875,354.03411865234375,0.9000645875930786
2323,615,3351,388.8557434082031,214.23764038085938,183.27413940429688,180.76934814453125,0.8686369061470032
2324,615,22074,671.31884765625,820.54833984375,186.0177001953125,185.58544921875,0.8354408144950867
2325,616,28763,631.1119995117188,887.6524658203125,223.22235107421875,213.2113037109375,0.9283226132392883
2326,616,3483,150.29220581054688,220.19346618652344,246.70773315429688,218.3271942138672,0.8853675723075867
2327,616,16232,145.10723876953125,900.131103515625,194.0684814453125,191.5484619140625,0.8480495810508728
2328,616,19861,638.184814453125,277.3946533203125,219.2987060546875,169.7938232421875,0.6278101801872253
2329,617,28763,148.14163208007812,179.19369506835938,212.78744506835938,200.87619018554688,0.9556232690811157
2330,617,16232,645.0985717773438,175.6427001953125,192.11749267578125,186.58209228515625,0.8824142217636108
2331,617,3483,601.5750732421875,866.671630859375,257.5250244140625,228.933837890625,0.8669917583465576
2332,617,19861,126.84585571289062,866.1581420898438,219.97048950195312,165.68206787109375,0.6868752241134644
2333,618,28763,131.4838409423828,170.53607177734375,209.5089569091797,198.16986083984375,0.9550411701202393
2334,618,16232,616.0635986328125,173.16485595703125,187.70355224609375,180.97238159179688,0.8815678954124451
2335,618,3483,571.961181640625,836.996337890625,263.095703125,229.58642578125,0.8553877472877502
2336,618,19861,90.36937713623047,827.0665283203125,227.33036041259766,176.784912109375,0.8200764656066895
2337,62,18147,90.12397766113281,550.215576171875,287.27830505371094,415.64794921875,0.963926374912262
2338,62,3351,326.30133056640625,158.1993865966797,184.18283081054688,183.7646942138672,0.8711632490158081
2339,62,36637,541.7638549804688,651.1168212890625,206.1622314453125,252.445068359375,0.6151142120361328
2340,620,23223,548.1697998046875,640.8737182617188,295.79473876953125,508.62847900390625,0.9407950043678284
2341,620,22362,82.96694946289062,77.9532241821289,248.80014038085938,387.3110885620117,0.8660233020782471
2342,620,5094,520.921142578125,151.51132202148438,271.3109130859375,263.9684143066406,0.8619223833084106
2343,620,2483,81.83807373046875,642.284423828125,202.27359008789062,482.7337646484375,0.8264049887657166
2344,621,23223,91.91504669189453,55.3521728515625,295.31563568115234,506.84375,0.9447997808456421
2345,621,2483,647.5969848632812,83.6136245727539,200.4681396484375,480.1310043334961,0.8394349813461304
2346,621,22362,605.968994140625,781.1895751953125,258.06610107421875,402.0916748046875,0.8113605976104736
2347,621,5094,137.43934631347656,849.0362548828125,277.01942443847656,272.3406982421875,0.748543918132782
2348,622,41768,128.57269287109375,292.9513244628906,261.0043640136719,295.9718933105469,0.979318380355835
2349,622,22074,609.2696533203125,290.10858154296875,189.0045166015625,190.75286865234375,0.9596841931343079
2350,622,3351,395.35797119140625,891.210205078125,188.96942138671875,189.156982421875,0.747965931892395
2351,623,3351,350.9586181640625,148.5895538330078,186.08660888671875,186.9458770751953,0.8374708294868469
2352,623,41768,552.0459594726562,632.1996459960938,274.13055419921875,304.24346923828125,0.8261795043945312
2353,623,16232,124.55635070800781,745.972900390625,191.9909210205078,194.99664306640625,0.3519274592399597
2354,624,3351,392.6572265625,209.09609985351562,184.79345703125,183.19515991210938,0.8907256126403809
2355,624,41768,592.904296875,720.7257080078125,267.24981689453125,305.7091064453125,0.7615835070610046
2356,625,27733,565.8961181640625,260.4672546386719,300.72955322265625,266.4256286621094,0.9167256355285645
2357,625,3483,122.72525787353516,307.22406005859375,272.35301971435547,201.21185302734375,0.8766201734542847
2358,625,30308,503.4713439941406,697.796630859375,420.4913635253906,397.693603515625,0.8585585951805115
2359,625,16262,152.84115600585938,804.5614013671875,247.59915161132812,237.68701171875,0.8334419131278992
2360,627,27733,88.8968276977539,726.5125122070312,318.3069076538086,278.98345947265625,0.9305806159973145
2361,627,3483,580.5989379882812,759.8096923828125,275.15374755859375,210.9964599609375,0.8973346948623657
2362,627,30308,73.45088958740234,146.17807006835938,396.71985626220703,378.9662170410156,0.8672430515289307
2363,627,16262,562.1031494140625,218.0056610107422,238.68603515625,227.40113830566406,0.8263620734214783
2364,628,27733,565.5491943359375,260.42529296875,301.187744140625,265.4462890625,0.9250219464302063
2365,628,16232,141.58653259277344,891.9719848632812,196.3057403564453,192.94610595703125,0.9146206378936768
2366,628,3483,123.8531494140625,307.691162109375,271.95513916015625,198.64154052734375,0.8809469938278198
2367,628,22347,676.9100952148438,850.45361328125,214.39068603515625,210.048828125,0.87679523229599
2368,632,23223,503.07257080078125,603.3604125976562,297.220458984375,512.4506225585938,0.9467734694480896
2369,632,5886,117.51285552978516,83.91249084472656,233.5428695678711,476.86888122558594,0.9015163779258728
2370,632,25438,549.9482421875,181.5758514404297,246.22760009765625,249.2661895751953,0.8874891996383667
2371,632,2483,65.29300689697266,667.03369140625,206.39815521240234,479.311767578125,0.8181925415992737
2372,633,23223,139.89361572265625,131.1630859375,292.4513244628906,499.9517822265625,0.9313265085220337
2373,633,25438,129.73568725585938,849.3261108398438,259.9403991699219,261.90582275390625,0.8387899994850159
2374,633,2483,653.5138549804688,100.09428405761719,195.51849365234375,462.3930206298828,0.8233385682106018
2375,633,5886,600.1614990234375,683.3922729492188,243.83746337890625,503.35162353515625,0.8071470260620117
2376,635,3544,181.57015991210938,198.67092895507812,205.1324462890625,199.43588256835938,0.9006667137145996
2377,635,16548,69.88162994384766,751.6824340820312,240.8137435913086,232.833251953125,0.8584001064300537
2378,635,4543,611.2425537109375,152.41180419921875,204.6044921875,198.90579223632812,0.8531934022903442
2379,635,33878,618.2252197265625,792.6861572265625,165.9512939453125,218.48724365234375,0.6664281487464905
2380,636,4543,132.43736267089844,905.1205444335938,214.8338165283203,210.85992431640625,0.986166775226593
2381,636,3544,584.1470336914062,858.4447021484375,217.52484130859375,211.440673828125,0.9324226975440979
2382,636,33878,195.97171020507812,256.6681213378906,161.11322021484375,214.65484619140625,0.8319005966186523
2383,636,16548,650.0098876953125,280.2891540527344,237.155517578125,222.08932495117188,0.7750018835067749
2384,637,3743,74.84066009521484,812.3168334960938,332.32694244384766,326.59710693359375,0.9267776012420654
2385,637,2483,595.90576171875,105.95100402832031,290.71044921875,453.52708435058594,0.8924615979194641
2386,637,5886,610.1555786132812,696.0157470703125,238.66436767578125,511.5521240234375,0.8350182175636292
2387,637,6192,52.24212646484375,198.81600952148438,475.22528076171875,340.9624938964844,0.360923171043396
2388,638,3743,73.61640930175781,797.283447265625,323.23509216308594,321.90380859375,0.9138279557228088
2389,638,2483,613.8412475585938,75.35438537597656,272.81982421875,459.43614196777344,0.8611515164375305
2390,638,5886,600.7588500976562,696.686279296875,239.78997802734375,490.469970703125,0.8428342342376709
2391,638,6192,46.990623474121094,160.0328826904297,479.98014068603516,347.5364532470703,0.44623592495918274
2392,64,29667,152.33380126953125,276.0312194824219,229.07794189453125,225.968017578125,0.9654296040534973
2393,64,20014,593.6039428710938,268.8597412109375,337.84454345703125,317.1712646484375,0.8896826505661011
2394,64,3351,396.2065124511719,888.0963745117188,188.74594116210938,189.61688232421875,0.6286741495132446
2395,640,3832,486.3203430175781,286.22174072265625,402.2288513183594,335.4814453125,0.9687560796737671
2396,640,3351,404.66644287109375,918.7053833007812,191.69903564453125,192.04498291015625,0.7689098715782166
2397,640,20238,94.94220733642578,299.1041564941406,228.55883026123047,221.47836303710938,0.39478981494903564
2398,641,3832,41.52305603027344,580.541015625,403.55995178222656,345.92529296875,0.9512869119644165
2399,641,20238,615.7020263671875,709.7247314453125,235.3594970703125,228.32489013671875,0.8899481892585754
2400,641,3351,341.5521240234375,125.06484985351562,184.07379150390625,186.19952392578125,0.8248087763786316
2401,644,13395,70.27782440185547,88.89995574951172,241.88404083251953,479.7476272583008,0.9289354681968689
2402,644,3743,484.6644592285156,121.03241729736328,315.6040954589844,302.28987884521484,0.9194143414497375
2403,644,6192,493.5238342285156,611.3424682617188,297.1979064941406,530.1228637695312,0.837983250617981
2404,644,2483,56.392269134521484,652.5100708007812,210.66937637329102,483.85833740234375,0.8090823888778687
2405,646,34597,401.71142578125,633.013671875,459.5411376953125,427.5126953125,0.9095091223716736
2406,646,36637,131.8382568359375,828.696533203125,191.08529663085938,255.391357421875,0.879056453704834
2407,646,3483,172.1126708984375,275.33404541015625,263.0048828125,220.57110595703125,0.8764860033988953
2408,646,27777,636.31298828125,294.7453918457031,176.318359375,193.14498901367188,0.8218658566474915
2409,647,36637,664.2291870117188,183.8848876953125,186.76025390625,245.41580200195312,0.8985564708709717
2410,647,34597,145.72769165039062,191.56112670898438,448.7762145996094,411.6976013183594,0.8465487957000732
2411,647,3483,566.3721313476562,813.0523681640625,263.6888427734375,218.978759765625,0.8169899582862854
2412,647,27777,178.66030883789062,812.8575439453125,175.02505493164062,199.544677734375,0.7974454760551453
2413,648,34597,125.57769775390625,159.8664093017578,439.57952880859375,419.0958709716797,0.8707284331321716
2414,648,36637,635.841552734375,175.76718139648438,182.3341064453125,243.77105712890625,0.8675326704978943
2415,648,3483,539.4364013671875,778.2327270507812,264.72772216796875,225.73223876953125,0.8615777492523193
2416,648,27777,146.36807250976562,775.6460571289062,177.85833740234375,204.713134765625,0.7795664072036743
2417,65,29667,556.7171630859375,727.8802490234375,235.86431884765625,231.39208984375,0.9576228857040405
2418,65,3351,351.3155517578125,153.68588256835938,184.67437744140625,186.01986694335938,0.9146499037742615
2419,65,20014,0.0,628.8497314453125,340.27838134765625,348.54864501953125,0.8310670256614685
2420,650,3351,370.02105712890625,178.60511779785156,179.19903564453125,181.31895446777344,0.8617148399353027
2421,650,32310,0.0,701.9442749023438,311.51934814453125,317.31842041015625,0.7705474495887756
2422,650,36637,557.9778442382812,823.61767578125,278.00579833984375,166.3665771484375,0.571350634098053
2423,652,24850,113.73390197753906,842.86376953125,300.95741271972656,168.47808837890625,0.986746609210968
2424,652,1900,124.95430755615234,260.3639831542969,198.71741485595703,146.16122436523438,0.9422323703765869
2425,652,31705,596.4075927734375,694.2469482421875,255.988525390625,452.777587890625,0.8707083463668823
2426,652,16551,563.0565795898438,64.27291870117188,290.197509765625,466.3721618652344,0.8579179644584656
2427,653,24850,546.9674072265625,266.2185974121094,294.45379638671875,163.12326049804688,0.9588579535484314
2428,653,31705,130.99301147460938,130.7390594482422,246.96481323242188,418.77272033691406,0.8719191551208496
2429,653,16551,93.0166244506836,688.704833984375,308.1587600708008,489.9444580078125,0.8654116988182068
2430,653,1900,645.9649658203125,858.139404296875,210.287353515625,154.5050048828125,0.8337530493736267
2431,654,24850,149.10797119140625,881.298095703125,297.4412536621094,160.2545166015625,0.9789255857467651
2432,654,1900,141.63174438476562,267.9516296386719,202.82589721679688,146.83212280273438,0.9466599822044373
2433,654,31705,624.6983642578125,734.1363525390625,252.3031005859375,445.2071533203125,0.9035994410514832
2434,654,16551,589.9940185546875,72.95700073242188,296.3970947265625,472.6875915527344,0.903033435344696
2435,656,3544,150.0135040283203,189.40524291992188,209.3087615966797,201.70834350585938,0.9181457161903381
2436,656,16551,539.7183227539062,179.64447021484375,414.5513916015625,388.27630615234375,0.9150757193565369
2437,656,6563,192.22694396972656,711.0980224609375,212.3230743408203,357.5731201171875,0.8506819605827332
2438,658,29451,489.0860595703125,820.91845703125,403.91815185546875,268.533935546875,0.9400723576545715
2439,658,16551,630.6668090820312,12.613983154296875,285.06622314453125,482.47698974609375,0.8462866544723511
2440,658,1900,168.01986694335938,246.4484405517578,183.18643188476562,183.0652618408203,0.8267000317573547
2441,658,18110,79.32056427001953,789.0185546875,305.5686569213867,290.3399658203125,0.776526689529419
2442,659,29451,465.21142578125,784.0203857421875,404.102783203125,269.918701171875,0.9475457072257996
2443,659,18110,41.31889343261719,748.369384765625,311.32408142089844,295.69384765625,0.8729895353317261
2444,659,16551,602.5804443359375,10.520133972167969,277.0556640625,465.03040313720703,0.8657234311103821
2445,659,1900,148.52928161621094,240.07997131347656,180.1328887939453,180.30775451660156,0.8252163529396057
2446,66,29667,597.2454223632812,818.9920043945312,230.41107177734375,223.89996337890625,0.9707950353622437
2447,66,3351,392.68829345703125,212.98439025878906,183.7125244140625,181.08287048339844,0.8726313710212708
2448,66,20014,33.84880065917969,716.7418212890625,343.32054138183594,341.3399658203125,0.8223108053207397
2449,660,29451,115.11199951171875,213.31298828125,388.34326171875,263.6128234863281,0.9520811438560486
2450,660,1900,642.877197265625,846.7633056640625,189.42596435546875,187.5155029296875,0.9176291823387146
2451,660,18110,613.8258056640625,223.6466064453125,298.697265625,288.402099609375,0.9171985387802124
2452,660,16551,62.00183868408203,743.7216186523438,294.2710494995117,494.75860595703125,0.8041762113571167
2453,661,31863,177.20248413085938,304.1300964355469,206.23678588867188,206.09518432617188,0.9680638313293457
2454,661,3351,376.31011962890625,878.7128295898438,190.6937255859375,191.03240966796875,0.7689909934997559
2455,661,16232,686.6376953125,291.34674072265625,191.834716796875,189.07913208007812,0.7337929010391235
2456,662,16232,41.82302474975586,745.912841796875,196.85593032836914,187.82562255859375,0.9447782635688782
2457,662,3351,369.76806640625,162.98812866210938,185.5611572265625,185.17971801757812,0.8159463405609131
2458,662,31863,554.3798828125,726.0440063476562,209.42901611328125,210.87554931640625,0.6557106971740723
2459,664,28763,631.0960693359375,875.9561157226562,223.9002685546875,211.60272216796875,0.9330132007598877
2460,664,20877,544.7432861328125,292.7486877441406,331.19268798828125,235.72451782226562,0.8708412051200867
2461,664,36637,166.4508056640625,799.048828125,189.900634765625,253.6048583984375,0.8161134123802185
2462,664,3483,142.90484619140625,294.0497131347656,209.05191040039062,253.30239868164062,0.7873928546905518
2463,665,28763,130.70816040039062,184.0711212158203,208.28591918945312,199.8314666748047,0.9537783265113831
2464,665,20877,88.09791564941406,726.3469848632812,327.7387237548828,239.1572265625,0.9233492016792297
2465,665,3483,625.5760498046875,717.2833862304688,209.021240234375,270.99444580078125,0.920341968536377
2466,665,36637,604.948974609375,205.09564208984375,181.603515625,240.86456298828125,0.8515961766242981
2467,667,22627,18.020362854003906,147.53236389160156,481.15450286865234,271.49534606933594,0.9363094568252563
2468,667,2483,570.8910522460938,117.53433227539062,307.60101318359375,449.1947326660156,0.8575363755226135
2469,667,25438,121.58817291259766,821.3259887695312,252.5499496459961,253.02947998046875,0.8328518867492676
2470,667,12081,648.4503173828125,702.3922729492188,240.18829345703125,449.58502197265625,0.7984517812728882
2471,668,25438,556.3785400390625,194.85794067382812,246.885009765625,251.55526733398438,0.8639978766441345
2472,668,12081,65.2947998046875,119.786376953125,229.2379150390625,422.38653564453125,0.8372102975845337
2473,668,2483,71.24858856201172,649.6439208984375,293.86466217041016,450.1817626953125,0.7839080691337585
2474,668,22627,432.0260314941406,779.9222412109375,488.9850158691406,287.9093017578125,0.7522016167640686
2475,670,3483,125.44296264648438,272.8503112792969,270.5650329589844,187.29605102539062,0.9105086326599121
2476,670,22347,680.2325439453125,846.7831420898438,216.6737060546875,209.36676025390625,0.9043922424316406
2477,670,35206,136.3813018798828,726.514404296875,244.2022247314453,411.5994873046875,0.876598060131073
2478,670,25469,572.6041259765625,185.1054229736328,329.75799560546875,287.14234924316406,0.8079416155815125
2479,672,22347,104.48455047607422,224.6869659423828,207.9539566040039,196.3337860107422,0.9072441458702087
2480,672,3483,603.8060302734375,846.4561767578125,276.5673828125,186.678466796875,0.879360556602478
2481,672,35206,616.872802734375,120.70846557617188,227.28619384765625,399.8342590332031,0.8383952975273132
2482,672,25469,88.0093765258789,830.8421630859375,341.53649139404297,303.027587890625,0.8036081790924072
2483,674,27926,601.0426025390625,163.17735290527344,253.2525634765625,445.31129455566406,0.9101961255073547
2484,674,16548,152.8984375,889.7655639648438,241.4935302734375,238.57037353515625,0.8709403276443481
2485,674,1900,633.1571044921875,895.2080078125,209.5782470703125,133.5238037109375,0.7957368493080139
2486,675,44199,550.2138671875,832.9356689453125,293.75897216796875,147.130126953125,0.981858491897583
2487,675,16548,565.1990356445312,134.93019104003906,231.147705078125,224.2482147216797,0.9208989143371582
2488,675,1900,138.73660278320312,240.1384735107422,199.3604736328125,128.75575256347656,0.9005506038665771
2489,675,27926,97.90280151367188,616.5128173828125,269.24078369140625,481.4757080078125,0.8271777629852295
2490,677,27926,570.33642578125,629.882080078125,258.5460205078125,484.808349609375,0.9180216193199158
2491,677,1900,140.5657958984375,240.92587280273438,198.95574951171875,128.03384399414062,0.9024706482887268
2492,677,16551,615.2330322265625,8.472518920898438,300.129638671875,459.50086975097656,0.8760457634925842
2493,677,18110,12.548494338989258,691.9662475585938,311.18041801452637,300.79925537109375,0.8589996099472046
2494,679,22627,134.7412109375,160.20065307617188,336.79571533203125,469.7892761230469,0.8865323066711426
2495,679,4378,593.1310424804688,707.3359375,229.6124267578125,456.430419921875,0.8576803803443909
2496,679,5094,107.62115478515625,810.1490478515625,282.8189697265625,286.076416015625,0.8492048978805542
2497,679,2483,607.8215942382812,84.38606262207031,213.33526611328125,476.66380310058594,0.8272870779037476
2498,68,3483,171.23817443847656,276.3125305175781,262.4972381591797,218.36886596679688,0.8572313785552979
2499,68,16232,153.3905792236328,828.24169921875,188.8727569580078,191.7484130859375,0.845445990562439
2500,68,30308,514.0180053710938,767.5623779296875,443.44879150390625,371.8480224609375,0.8397011160850525
2501,68,27777,637.539306640625,294.30255126953125,173.29498291015625,194.05465698242188,0.7971782684326172
2502,680,4378,137.13681030273438,109.95132446289062,211.41836547851562,433.0317077636719,0.8673908710479736
2503,680,2483,87.20513153076172,678.189208984375,234.3398208618164,481.5631103515625,0.8473297953605652
2504,680,5094,549.2105712890625,190.41336059570312,269.00225830078125,267.3213195800781,0.7766230702400208
2505,680,22627,472.486328125,608.6151733398438,338.30047607421875,466.70904541015625,0.7283635139465332
2506,681,22627,131.75323486328125,123.88059997558594,339.96514892578125,475.90577697753906,0.8841090798377991
2507,681,2483,616.4649658203125,48.227081298828125,222.5909423828125,480.6947326660156,0.8502668142318726
2508,681,4378,587.5821533203125,702.2691650390625,220.8641357421875,448.1954345703125,0.8414065837860107
2509,681,5094,106.59576416015625,799.090087890625,275.986328125,276.775146484375,0.8345295190811157
2510,684,29345,573.4254760742188,715.774658203125,328.78204345703125,425.324951171875,0.9355481266975403
2511,684,16551,522.0632934570312,87.5164794921875,373.2305908203125,435.73907470703125,0.8926719427108765
2512,684,18110,79.12966918945312,764.5794677734375,306.16265869140625,289.9478759765625,0.8527641892433167
2513,684,1900,181.0460205078125,267.085205078125,131.40704345703125,199.42617797851562,0.8240477442741394
2514,685,25438,118.68637084960938,819.6187744140625,252.97454833984375,251.9964599609375,0.8609858751296997
2515,685,2483,572.0452270507812,118.57414245605469,306.5177001953125,450.8147735595703,0.8600079417228699
2516,685,6192,96.54266357421875,7.2187042236328125,293.5924072265625,530.3782806396484,0.8350257873535156
2517,685,12081,646.1827392578125,703.707763671875,237.7938232421875,450.1400146484375,0.7931458353996277
2518,688,27733,88.58402252197266,727.0250244140625,319.2925033569336,279.08734130859375,0.9310853481292725
2519,688,20238,613.0975341796875,184.7095489501953,222.7587890625,215.1967010498047,0.9218633770942688
2520,688,3483,580.5614624023438,758.9775390625,275.26739501953125,210.3853759765625,0.9080650806427002
2521,688,34597,100.77434539794922,186.06787109375,454.56507110595703,397.87628173828125,0.8619414567947388
2522,692,3483,131.31198120117188,288.1585693359375,277.37481689453125,174.199462890625,0.9177552461624146
2523,692,22347,656.503173828125,835.78564453125,215.3280029296875,208.2598876953125,0.9074952006340027
2524,692,27653,672.4896240234375,256.9924621582031,220.85357666015625,194.8221435546875,0.8924638628959656
2525,692,35206,105.33767700195312,686.041748046875,203.97421264648438,416.9757080078125,0.8686395883560181
2526,694,19232,501.18963623046875,237.3412322998047,327.4132080078125,255.3654327392578,0.8725365400314331
2527,694,3351,400.7357482910156,850.5667114257812,190.19912719726562,191.10089111328125,0.7354149222373962
2528,694,35206,153.98712158203125,278.08843994140625,257.81134033203125,386.00994873046875,0.5904605388641357
2529,697,38162,139.7589111328125,261.95697021484375,228.128173828125,264.67767333984375,0.9860856533050537
2530,697,3351,402.02978515625,855.77392578125,191.510498046875,191.552001953125,0.7865341305732727
2531,697,18357,601.42236328125,203.39324951171875,241.26318359375,341.70074462890625,0.5440014004707336
2532,698,38162,571.0234985351562,682.3471069335938,241.6873779296875,276.71112060546875,0.975274920463562
2533,698,3351,346.9682312011719,174.89437866210938,179.54513549804688,182.67977905273438,0.8771719932556152
2534,698,18357,77.0106201171875,632.76416015625,249.28045654296875,371.95477294921875,0.6679345965385437
2535,70,24850,644.1917724609375,259.68682861328125,193.31201171875,266.30401611328125,0.9414209723472595
2536,70,29451,44.918670654296875,231.45738220214844,406.2370300292969,227.6176300048828,0.9366203546524048
2537,70,1900,632.675048828125,899.708740234375,210.023193359375,153.8519287109375,0.9275838136672974
2538,70,16551,47.63408660888672,709.998046875,300.77579498291016,493.6458740234375,0.8324342370033264
2539,700,30308,76.68251037597656,130.99594116210938,377.6111297607422,391.8175354003906,0.8656675815582275
2540,700,16232,617.16162109375,174.1759490966797,184.80316162109375,179.7587432861328,0.8502449989318848
2541,700,3483,572.5643920898438,837.369873046875,261.9317626953125,227.8939208984375,0.8489994406700134
2542,700,19861,90.74966430664062,826.9114990234375,227.08810424804688,177.10595703125,0.8213170766830444
2543,701,16232,645.617431640625,176.06414794921875,190.38348388671875,186.4884033203125,0.9124974012374878
2544,701,30308,88.93047332763672,150.3321990966797,395.96289825439453,402.4856719970703,0.8696233630180359
2545,701,3483,600.173095703125,867.2640991210938,259.80499267578125,228.05841064453125,0.8691940307617188
2546,701,19861,127.24693298339844,865.4779663085938,219.3918914794922,165.95648193359375,0.6757994890213013
2547,702,3483,149.79888916015625,220.26968383789062,247.3065185546875,218.71902465820312,0.8916112780570984
2548,702,16232,145.8079833984375,900.6611328125,194.03204345703125,190.387939453125,0.8185179829597473
2549,702,19861,638.2518310546875,278.53363037109375,218.340087890625,167.88345336914062,0.5466710329055786
2550,702,30308,512.87744140625,696.1195068359375,405.2020263671875,413.0625,0.44548219442367554
2551,705,3483,592.8115234375,873.41357421875,258.5135498046875,229.473876953125,0.8883109092712402
2552,705,29667,637.8092041015625,204.56153869628906,224.53582763671875,216.0942840576172,0.8784106373786926
2553,705,22347,119.84916687011719,200.41546630859375,207.60643005371094,197.99124145507812,0.8732197284698486
2554,705,19861,120.07148742675781,864.6767578125,219.79148864746094,167.1641845703125,0.7040075063705444
2555,706,2483,605.3432006835938,80.95230102539062,264.20220947265625,467.6560363769531,0.9118565320968628
2556,706,12778,68.19908142089844,128.49327087402344,346.28675842285156,479.4003448486328,0.823535144329071
2557,706,5886,602.445556640625,678.0270385742188,246.48193359375,507.44415283203125,0.8067036271095276
2558,706,5094,109.68585968017578,816.2686157226562,283.7107467651367,284.16290283203125,0.7560853958129883
2559,707,12778,532.1565551757812,627.0771484375,358.92572021484375,497.3367919921875,0.9486817121505737
2560,707,5886,112.75821685791016,82.77763366699219,236.15962982177734,473.91053771972656,0.9054666757583618
2561,707,2483,71.87393188476562,692.60302734375,248.98458862304688,467.1466064453125,0.8238711357116699
2562,707,5094,547.784912109375,186.6228485107422,271.072021484375,267.77381896972656,0.7782771587371826
2563,708,12778,67.3714828491211,81.36432647705078,350.93384552001953,489.71483612060547,0.912822425365448
2564,708,2483,619.4491577148438,46.912498474121094,249.80560302734375,475.83597564697266,0.8662800192832947
2565,708,5886,595.6339111328125,684.0302734375,235.66949462890625,489.264404296875,0.860365629196167
2566,708,5094,107.2743148803711,802.8773193359375,281.14786529541016,275.175537109375,0.6579644083976746
2567,710,28763,158.26434326171875,232.79269409179688,209.47341918945312,200.75912475585938,0.9472852945327759
2568,710,27733,88.75434875488281,727.8595581054688,318.9211883544922,277.5341796875,0.9302644729614258
2569,710,3483,580.2516479492188,759.158447265625,275.49346923828125,211.3651123046875,0.9116984605789185
2570,710,16262,563.5328369140625,217.58404541015625,237.41595458984375,227.91900634765625,0.7932909727096558
2571,712,13395,637.20263671875,670.8624267578125,248.4267578125,516.19140625,0.9321061968803406
2572,712,2483,625.130615234375,100.83236694335938,228.68115234375,471.3762512207031,0.9228572249412537
2573,712,12778,101.53167724609375,120.21148681640625,294.69976806640625,521.38671875,0.8742995858192444
2574,712,5094,134.8560333251953,843.099853515625,285.4763641357422,285.3524169921875,0.817476749420166
2575,713,13395,79.5235824584961,83.55154418945312,234.7742691040039,481.0472106933594,0.9389318823814392
2576,713,12778,538.6466064453125,602.1537475585938,292.56927490234375,519.2896118164062,0.9175700545310974
2577,713,5094,523.3204956054688,161.83438110351562,271.75653076171875,265.4853820800781,0.8534330129623413
2578,713,2483,78.94950103759766,660.861083984375,216.94344329833984,485.42138671875,0.8063070178031921
2579,714,13395,630.24169921875,673.4332275390625,240.5302734375,492.3861083984375,0.9175500869750977
2580,714,12778,99.24239349365234,90.55404663085938,296.41825103759766,513.6228942871094,0.9117932319641113
2581,714,2483,637.8482055664062,66.40701293945312,216.65069580078125,482.5884704589844,0.9117651581764221
2582,714,5094,133.685791015625,833.9722290039062,279.4630126953125,272.55230712890625,0.7656662464141846
2583,716,19552,101.43509674072266,138.81362915039062,317.92525482177734,491.5417175292969,0.9434449672698975
2584,716,3743,119.46464538574219,794.9195556640625,334.0653839111328,328.49462890625,0.9036458134651184
2585,716,2483,583.0321044921875,101.0146713256836,234.9163818359375,472.61954498291016,0.8962900638580322
2586,716,12081,609.1378784179688,712.2801513671875,243.734130859375,472.513671875,0.6681109666824341
2587,717,19552,524.3524780273438,606.6243896484375,322.62652587890625,492.281005859375,0.9644650220870972
2588,717,3743,494.100341796875,167.032470703125,317.2271728515625,297.9482421875,0.9141402244567871
2589,717,2483,88.61888885498047,668.6068725585938,259.3093948364258,467.55035400390625,0.8456773161888123
2590,717,12081,109.53514862060547,108.14014434814453,228.92127227783203,429.5077438354492,0.6937643885612488
2591,719,1900,122.82344818115234,261.6119079589844,198.73462677001953,146.03469848632812,0.9407454133033752
2592,719,16548,553.4085083007812,182.7979278564453,232.49554443359375,225.6195831298828,0.8952473998069763
2593,719,31705,602.26806640625,690.9603271484375,257.8748779296875,450.7432861328125,0.8846300840377808
2594,719,21771,90.2464370727539,810.9571533203125,193.5038070678711,188.97705078125,0.8764225840568542
2595,72,29451,548.7802124023438,844.1567993164062,415.93353271484375,223.67401123046875,0.9400115013122559
2596,72,24850,151.73983764648438,773.8265991210938,196.81985473632812,280.87091064453125,0.8911556005477905
2597,72,1900,156.739990234375,223.8318634033203,204.71664428710938,150.33546447753906,0.847270131111145
2598,72,16551,643.1265258789062,45.86814880371094,291.56329345703125,479.16554260253906,0.8221825957298279
2599,720,31705,120.728759765625,132.3596954345703,250.2852783203125,424.6327362060547,0.8847205638885498
2600,720,21771,673.072509765625,287.58563232421875,188.385009765625,179.34335327148438,0.8841460347175598
2601,720,16548,162.56072998046875,842.7279663085938,245.21368408203125,235.54119873046875,0.8646798133850098
2602,720,1900,647.5623779296875,857.2909545898438,210.051025390625,152.8680419921875,0.8552449941635132
2603,721,31885,68.83628845214844,161.06112670898438,441.6422882080078,468.2405700683594,0.9585102796554565
2604,721,27733,89.6359634399414,726.2388916015625,318.33773040771484,279.2733154296875,0.9306963086128235
2605,721,3483,581.5045166015625,759.4873046875,275.38177490234375,209.055908203125,0.915720522403717
2606,721,35206,569.0465087890625,118.11164855957031,255.029296875,381.41917419433594,0.8366390466690063
2607,724,3544,131.19285583496094,177.84774780273438,204.93067932128906,199.02633666992188,0.9179297089576721
2608,724,10221,577.9984130859375,168.25759887695312,217.5828857421875,212.61618041992188,0.8896333575248718
2609,724,31705,574.5077514648438,674.8654174804688,255.567626953125,454.18487548828125,0.8834402561187744
2610,724,16548,107.6557846069336,736.4764404296875,237.30582427978516,233.5345458984375,0.868789553642273
2611,725,3544,635.5885009765625,886.345947265625,216.265625,210.453857421875,0.9320831894874573
2612,725,31705,147.29861450195312,146.53445434570312,254.78631591796875,422.9582824707031,0.8806896209716797
2613,725,10221,152.3046875,874.510498046875,229.59597778320312,225.6455078125,0.8408870697021484
2614,725,16548,617.1282348632812,301.42877197265625,234.011962890625,224.85198974609375,0.8355211615562439
2615,726,3544,149.46728515625,182.31887817382812,208.13360595703125,201.34634399414062,0.9188666939735413
2616,726,16548,140.4783935546875,773.6660766601562,235.51580810546875,228.094482421875,0.9152007102966309
2617,726,31705,602.6074829101562,713.7943115234375,252.677001953125,446.744140625,0.8739360570907593
2618,726,10221,606.05126953125,169.88311767578125,225.1331787109375,216.16827392578125,0.8093259930610657
2619,727,25367,34.19029235839844,151.91693115234375,408.3240509033203,448.85003662109375,0.8876152038574219
2620,727,3483,575.3683471679688,811.8565673828125,280.23663330078125,190.955322265625,0.870290994644165
2621,727,25469,12.663993835449219,813.65771484375,379.23038482666016,218.9337158203125,0.8123009204864502
2622,727,16232,602.3126220703125,213.33041381835938,187.0604248046875,185.12802124023438,0.7927919626235962
2623,728,25367,46.131629943847656,173.41085815429688,426.25023651123047,452.0246887207031,0.9457102417945862
2624,728,3483,604.3436279296875,846.2030029296875,275.619384765625,186.1495361328125,0.8646863698959351
2625,728,16232,630.5406494140625,220.316162109375,188.042236328125,187.51458740234375,0.8637756109237671
2626,728,25469,47.36610412597656,857.940185546875,377.9823455810547,216.4493408203125,0.8359485864639282
2627,73,12247,592.0709838867188,849.6701049804688,212.469482421875,126.25164794921875,0.946009635925293
2628,73,16551,523.0689697265625,70.22560119628906,352.060546875,426.31639099121094,0.9242863059043884
2629,73,3544,72.2962875366211,200.9437255859375,205.55033111572266,199.38827514648438,0.9218286871910095
2630,73,6563,166.24346923828125,671.407470703125,220.43212890625,366.3046875,0.8157179951667786
2631,731,29871,602.17333984375,772.7393798828125,206.0615234375,221.4813232421875,0.9491879343986511
2632,731,3544,102.03938293457031,161.18649291992188,204.4721221923828,198.1717529296875,0.9063242077827454
2633,731,16548,118.341064453125,768.4599609375,241.38168334960938,231.9342041015625,0.89103102684021
2634,731,4543,611.5205078125,140.20343017578125,203.30340576171875,199.60430908203125,0.8905922770500183
2635,732,4543,131.44732666015625,917.5670166015625,215.90890502929688,211.21484375,0.9784682393074036
2636,732,3544,669.360595703125,898.9466552734375,217.607421875,211.7813720703125,0.9241491556167603
2637,732,16548,605.5285034179688,266.12396240234375,234.14959716796875,221.27813720703125,0.8574918508529663
2638,732,29871,166.35403442382812,277.8758850097656,205.877685546875,211.86965942382812,0.5329405069351196
2639,738,44199,605.8624877929688,769.6763916015625,166.9716796875,284.8067626953125,0.9520232081413269
2640,738,31705,139.04904174804688,644.758544921875,252.84860229492188,452.40234375,0.8935909867286682
2641,738,16551,584.3890380859375,86.43482208251953,289.1326904296875,463.3199996948242,0.8775704503059387
2642,738,1900,88.3999252319336,260.53289794921875,200.62171173095703,125.212890625,0.8201074004173279
2643,740,16548,119.65774536132812,804.8455810546875,241.06564331054688,234.8253173828125,0.9249170422554016
2644,740,1900,643.89697265625,830.565673828125,170.0374755859375,198.65380859375,0.9088780283927917
2645,740,31705,135.08251953125,129.5740509033203,244.03829956054688,419.01365661621094,0.8897185325622559
2646,740,19607,656.5997314453125,273.3023681640625,155.8043212890625,147.41748046875,0.8627554178237915
2647,742,2483,84.79259490966797,673.7177124023438,242.99201202392578,470.08428955078125,0.8567003607749939
2648,742,4378,79.39960479736328,101.3180923461914,219.3386459350586,437.7707748413086,0.8514552116394043
2649,742,25438,568.5851440429688,185.93605041503906,247.1173095703125,255.7363739013672,0.8382339477539062
2650,742,6192,563.432373046875,541.184326171875,288.75390625,525.2109375,0.8199741840362549
2651,743,4378,641.229736328125,706.25244140625,221.74072265625,449.985595703125,0.9011269807815552
2652,743,25438,109.0945053100586,829.2147827148438,254.9006118774414,253.70513916015625,0.8779812455177307
2653,743,2483,612.2801513671875,64.89578247070312,240.2510986328125,472.8083190917969,0.8774832487106323
2654,743,6192,86.18487548828125,133.69834899902344,295.3919982910156,528.4998931884766,0.8142501711845398
2655,745,16262,660.3760375976562,271.4034423828125,239.498779296875,229.8377685546875,0.9034901857376099
2656,745,3351,351.05499267578125,892.38525390625,192.16387939453125,193.3184814453125,0.7727261781692505
2657,745,32310,114.79473114013672,179.36212158203125,227.6785659790039,360.45654296875,0.7318034172058105
2658,747,32310,636.504638671875,735.530517578125,233.623046875,392.0877685546875,0.92828768491745
2659,747,16262,62.96882629394531,797.8768920898438,242.44517517089844,239.80621337890625,0.9029473066329956
2660,747,3351,437.35284423828125,193.31112670898438,182.58544921875,182.00247192382812,0.8424475193023682
2661,75,12247,620.0100708007812,880.4185791015625,208.14801025390625,122.9229736328125,0.9498195648193359
2662,75,3544,88.09135437011719,209.74880981445312,208.0258331298828,202.40682983398438,0.917730450630188
2663,75,16551,553.3905639648438,74.27181243896484,358.21649169921875,441.2879409790039,0.9090573191642761
2664,75,6563,199.96011352539062,717.0462036132812,213.09475708007812,358.19158935546875,0.8621988892555237
2665,750,29345,585.938232421875,130.90003967285156,276.89227294921875,407.86912536621094,0.9788559079170227
2666,750,44199,174.58859252929688,198.58609008789062,166.41226196289062,269.79864501953125,0.9755697250366211
2667,750,16548,147.24887084960938,789.4915771484375,240.95269775390625,234.6507568359375,0.8924175500869751
2668,750,1900,685.994140625,806.9322509765625,133.0953369140625,205.7900390625,0.8622083067893982
2669,752,27993,548.3274536132812,778.877197265625,309.08819580078125,239.173583984375,0.9961296319961548
2670,752,3544,91.3613052368164,195.96580505371094,203.85225677490234,199.9425506591797,0.9136704206466675
2671,752,16548,557.7918090820312,137.69039916992188,232.97027587890625,224.70877075195312,0.8649740219116211
2672,752,6563,166.1016082763672,672.993896484375,219.33985900878906,363.338623046875,0.7849155068397522
2673,754,29667,629.3356323242188,761.4492797851562,224.3463134765625,220.31463623046875,0.9815769791603088
2674,754,3832,629.4927978515625,761.8604125976562,222.74139404296875,220.5841064453125,0.9463850855827332
2675,754,3832,92.05291748046875,654.433349609375,370.09271240234375,377.962646484375,0.9235401153564453
2676,754,3351,373.5824279785156,199.04696655273438,183.32437133789062,180.07913208007812,0.8889992237091064
2677,756,3832,514.8106689453125,256.947509765625,374.7213134765625,374.10443115234375,0.9797585010528564
2678,756,29667,125.77151489257812,317.5133056640625,225.72891235351562,225.735595703125,0.97160404920578
2679,756,3351,417.3201904296875,889.899169921875,188.3758544921875,189.72802734375,0.7527032494544983
2680,756,3832,125.47767639160156,318.53619384765625,224.64671325683594,224.81597900390625,0.32241782546043396
2681,758,31885,558.4078369140625,658.9019775390625,343.05157470703125,551.0330810546875,0.9528673887252808
2682,758,3483,152.4120330810547,218.9495849609375,246.38771057128906,219.25796508789062,0.8973129987716675
2683,758,36637,94.776611328125,906.9111328125,273.3367614746094,165.1719970703125,0.8100242614746094
2684,758,19861,640.416259765625,277.7500915527344,217.89947509765625,169.04037475585938,0.5145982503890991
2685,759,36637,592.5655517578125,194.81356811523438,260.434326171875,151.52047729492188,0.927832305431366
2686,759,31885,79.98908996582031,33.146705627441406,321.2560272216797,526.9664535522461,0.8805156350135803
2687,759,3483,570.6031494140625,838.4794921875,261.75634765625,228.6529541015625,0.8572452664375305
2688,759,19861,88.69773864746094,826.1375732421875,227.32069396972656,177.273193359375,0.8422284722328186
2689,760,29345,87.58587646484375,706.1105346679688,293.268798828125,443.38751220703125,0.9844784736633301
2690,760,33208,656.7630615234375,806.3585205078125,213.27532958984375,202.0614013671875,0.9247069954872131
2691,760,16548,580.6499633789062,203.4039306640625,233.548583984375,223.91738891601562,0.8963736295700073
2692,760,1900,159.26651000976562,259.76129150390625,127.185546875,197.6025390625,0.8831127882003784
2693,761,29345,127.1609878540039,752.337158203125,284.81884002685547,436.838134765625,0.9747743606567383
2694,761,16548,608.5765380859375,212.36856079101562,238.4332275390625,225.94528198242188,0.9367147088050842
2695,761,1900,177.7344512939453,268.9368896484375,130.06858825683594,199.11581420898438,0.8908798098564148
2696,761,33208,681.8060302734375,836.5863037109375,213.84918212890625,200.1236572265625,0.8832659125328064
2697,763,31885,500.71539306640625,640.3050537109375,454.0806884765625,479.59619140625,0.966906726360321
2698,763,27733,566.077880859375,260.95428466796875,301.29833984375,264.78851318359375,0.9217789769172668
2699,763,3483,124.1001968383789,308.24652099609375,270.6554183959961,199.1307373046875,0.8830375075340271
2700,763,20238,113.94981384277344,853.2443237304688,231.3780975341797,226.98651123046875,0.8346881866455078
2701,764,31885,50.02128601074219,133.7867431640625,456.8546905517578,469.0279541015625,0.9612159132957458
2702,764,3483,608.5037231445312,791.2593994140625,273.6187744140625,209.4202880859375,0.9357162117958069
2703,764,27733,123.5434341430664,769.442626953125,313.4011459350586,272.5299072265625,0.9309613704681396
2704,764,20238,644.2169189453125,189.89662170410156,224.3670654296875,217.9176483154297,0.8787866234779358
2705,766,34597,565.6466064453125,729.976806640625,409.80010986328125,474.54931640625,0.9456124901771545
2706,766,20877,546.9124145507812,293.88958740234375,331.00274658203125,234.7205810546875,0.8597121834754944
2707,766,36637,165.88035583496094,797.468994140625,190.92247009277344,254.119873046875,0.8423411846160889
2708,766,3483,144.35211181640625,292.8035888671875,208.05575561523438,253.76263427734375,0.7787115573883057
2709,768,34597,9.759330749511719,21.263771057128906,397.5595169067383,457.3905563354492,0.9411382675170898
2710,768,20877,87.27851867675781,725.6063842773438,328.1830596923828,241.11663818359375,0.9209715127944946
2711,768,3483,624.232177734375,718.5045776367188,209.7960205078125,270.66357421875,0.9167781472206116
2712,768,36637,604.5769653320312,207.18666076660156,181.5655517578125,242.22816467285156,0.8482440710067749
2713,772,33208,638.9057006835938,878.3096313476562,210.692138671875,201.85382080078125,0.882997989654541
2714,772,31705,168.64891052246094,685.466796875,255.83143615722656,449.1773681640625,0.877004086971283
2715,772,16551,553.848388671875,77.55409240722656,292.9326171875,479.17771911621094,0.8714258074760437
2716,772,1900,106.50077819824219,269.529052734375,202.8267364501953,123.65301513671875,0.8304846286773682
2717,773,33208,612.3348999023438,848.2262573242188,211.51885986328125,204.61968994140625,0.9148812294006348
2718,773,31705,139.8590087890625,644.7897338867188,252.91165161132812,453.67230224609375,0.8830470442771912
2719,773,16551,526.6094360351562,68.81332397460938,287.50189208984375,469.0614929199219,0.8546398282051086
2720,773,1900,87.98194885253906,260.6993408203125,201.2175750732422,125.09991455078125,0.7886705994606018
2721,778,3483,604.8059692382812,846.1239624023438,275.35455322265625,187.43499755859375,0.8555194139480591
2722,778,30308,84.21653747558594,168.66168212890625,401.62071228027344,400.47503662109375,0.8371805548667908
2723,778,25469,47.481956481933594,857.803466796875,378.2975845336914,216.82275390625,0.8367871642112732
2724,778,16232,630.370361328125,220.11215209960938,189.4488525390625,186.83212280273438,0.8263251185417175
2725,779,3483,125.31608581542969,272.52783203125,271.7447967529297,188.12518310546875,0.8986051082611084
2726,779,16232,162.6367950439453,855.355224609375,195.94737243652344,191.7698974609375,0.8929927945137024
2727,779,30308,512.94580078125,685.0604248046875,416.806640625,404.010009765625,0.8804792165756226
2728,779,25469,572.9228515625,232.14720153808594,371.5595703125,217.6840362548828,0.8581573367118835
2729,780,30308,70.19947052001953,153.34490966796875,390.5385971069336,387.777587890625,0.8818265795707703
2730,780,3483,575.8171997070312,811.467529296875,279.870361328125,192.72869873046875,0.8479130268096924
2731,780,25469,14.504776000976562,812.7711181640625,379.3189239501953,220.364990234375,0.8133506178855896
2732,780,16232,602.054931640625,213.83740234375,187.630615234375,184.43606567382812,0.7584917545318604
2733,782,22074,586.1895141601562,727.4229736328125,187.08197021484375,195.82666015625,0.9812870621681213
2734,782,20014,9.759559631347656,623.5888061523438,345.0058822631836,340.5872802734375,0.9188634753227234
2735,782,3351,339.0330505371094,184.59457397460938,185.97366333007812,185.72537231445312,0.8783798813819885
2736,785,25367,537.8851318359375,693.2565307617188,396.4964599609375,488.17535400390625,0.9377946853637695
2737,785,3483,130.85365295410156,288.8236083984375,278.9167022705078,173.33657836914062,0.9253115653991699
2738,785,27653,672.4927978515625,257.0760498046875,221.37548828125,194.74591064453125,0.8936601281166077
2739,785,35206,106.17118072509766,686.0108642578125,205.7740707397461,417.379150390625,0.8718031644821167
2740,787,31885,539.5692749023438,651.666748046875,347.24029541015625,514.3367919921875,0.9125192761421204
2741,787,3483,150.214111328125,220.448486328125,246.40496826171875,217.89627075195312,0.8901944160461426
2742,787,20238,113.26213836669922,857.6727905273438,228.07376861572266,223.20404052734375,0.875937819480896
2743,787,34597,539.0624389648438,653.0062866210938,357.3841552734375,507.64117431640625,0.7262735962867737
2744,788,31885,100.14087677001953,61.752891540527344,328.74254608154297,492.1674575805664,0.9398044347763062
2745,788,20238,615.040283203125,184.27810668945312,221.22222900390625,213.28384399414062,0.9201565384864807
2746,788,3483,572.413818359375,836.6673583984375,262.3988037109375,228.685302734375,0.8543195128440857
2747,788,34597,95.4256820678711,64.47601318359375,339.38175201416016,485.84954833984375,0.8364156484603882
2748,79,19232,500.27093505859375,237.4180450439453,327.1888427734375,255.23377990722656,0.9165288209915161
2749,79,16262,126.8619155883789,296.27239990234375,244.28438568115234,237.185546875,0.8890103101730347
2750,79,3351,387.0335693359375,846.701171875,188.83294677734375,189.6353759765625,0.6742308735847473
2751,797,27993,495.4437561035156,851.4498291015625,333.0630187988281,166.74114990234375,0.9865314364433289
2752,797,4543,601.1854248046875,185.7019805908203,206.7352294921875,201.11109924316406,0.9438464641571045
2753,797,3544,148.1090087890625,191.48529052734375,202.33029174804688,199.91299438476562,0.9110965132713318
2754,797,16551,42.10441589355469,527.54443359375,310.06788635253906,470.72900390625,0.8862506747245789
2755,798,27993,524.895751953125,888.51171875,332.7879638671875,160.0296630859375,0.9604360461235046
2756,798,4543,629.8544311523438,188.94020080566406,211.3787841796875,204.72776794433594,0.9252700805664062
2757,798,3544,162.19375610351562,199.34669494628906,209.12655639648438,200.6946563720703,0.9198587536811829
2758,798,16551,68.09410095214844,578.83935546875,316.41197204589844,467.788818359375,0.8935354948043823
2759,799,28763,169.40322875976562,179.56317138671875,212.2802734375,201.6802978515625,0.9524930119514465
2760,799,20238,645.3726196289062,187.4388427734375,224.50482177734375,215.93450927734375,0.9030198454856873
2761,799,3483,601.2251586914062,867.4512939453125,257.48077392578125,227.896728515625,0.8675240278244019
2762,799,19861,126.88297271728516,866.59619140625,220.01201629638672,165.8572998046875,0.6721125245094299
2763,8,3483,588.6441650390625,847.3236083984375,284.18756103515625,164.8297119140625,0.8945512771606445
2764,8,22347,130.000732421875,220.30978393554688,206.01348876953125,196.78173828125,0.8895469903945923
2765,8,27653,96.97708129882812,855.3982543945312,221.20315551757812,203.85174560546875,0.878157913684845
2766,8,20238,624.2064208984375,178.06846618652344,225.0245361328125,214.51588439941406,0.8525741100311279
2767,80,16262,567.42138671875,693.2459716796875,251.469482421875,245.97509765625,0.9143496155738831
2768,80,19232,96.97669982910156,698.2799072265625,336.3661346435547,266.1239013671875,0.8918479681015015
2769,80,3351,359.5991516113281,194.21424865722656,183.29208374023438,188.29405212402344,0.8311880230903625
2770,807,29667,118.26000213623047,839.8992919921875,230.83057403564453,228.0418701171875,0.9564610123634338
2771,807,25367,616.094482421875,710.2630004882812,310.2359619140625,520.6454467773438,0.9402674436569214
2772,807,3483,160.31292724609375,215.09747314453125,243.82705688476562,220.61111450195312,0.880388617515564
2773,807,19861,644.720458984375,277.87249755859375,219.60174560546875,170.5889892578125,0.5844038724899292
2774,808,3544,108.4408187866211,207.19680786132812,209.86652374267578,201.2786865234375,0.9360831379890442
2775,808,16551,610.4625854492188,46.96735382080078,339.07269287109375,458.71959686279297,0.894964873790741
2776,808,6563,194.68727111816406,709.8011474609375,211.48963928222656,357.2708740234375,0.8685919046401978
2777,808,29871,632.5545654296875,825.5285034179688,169.603271484375,239.02630615234375,0.8290952444076538
2778,810,29871,604.8723754882812,789.2841796875,172.39080810546875,246.4786376953125,0.9426709413528442
2779,810,3544,92.58609771728516,199.48097229003906,204.0869369506836,197.7552032470703,0.9135311841964722
2780,810,16551,582.5092163085938,40.811614990234375,330.46630859375,449.4439697265625,0.9093260169029236
2781,810,6563,162.7696990966797,667.4317626953125,215.57078552246094,361.5714111328125,0.8052707314491272
2782,815,20238,100.3414535522461,711.8604736328125,229.8428726196289,227.3636474609375,0.9311726093292236
2783,815,3351,362.74969482421875,170.34652709960938,180.3599853515625,183.30929565429688,0.8523811101913452
2784,815,32310,518.6473999023438,610.9483032226562,280.09283447265625,363.44610595703125,0.82935631275177
2785,817,16232,647.0147094726562,230.39268493652344,194.29046630859375,180.50331115722656,0.9186458587646484
2786,817,27653,95.71231842041016,853.3448486328125,220.80025482177734,205.519775390625,0.8825732469558716
2787,817,3483,588.0693969726562,846.8939819335938,282.5382080078125,163.93463134765625,0.8638910055160522
2788,817,30308,95.83438873291016,157.08575439453125,381.73775482177734,419.2099609375,0.8281667828559875
2789,818,3483,131.98361206054688,288.74700927734375,277.4723815917969,173.91488647460938,0.9144057035446167
2790,818,16232,143.10223388671875,847.2824096679688,195.18414306640625,191.52349853515625,0.9033926725387573
2791,818,27653,673.1515502929688,257.4478454589844,219.93499755859375,194.3232421875,0.8956554532051086
2792,818,30308,526.9525146484375,678.812255859375,385.04345703125,422.82177734375,0.845450758934021
2793,819,16232,619.345703125,221.56954956054688,187.679443359375,183.70071411132812,0.9053915143013
2794,819,3483,560.61474609375,812.7411499023438,286.3450927734375,173.2550048828125,0.8754208087921143
2795,819,27653,62.471458435058594,810.5335083007812,223.88956451416016,210.44036865234375,0.8740678429603577
2796,819,30308,82.59941101074219,137.64993286132812,367.04103088378906,410.6333923339844,0.8445172309875488
2797,82,19552,119.30782318115234,148.8911590576172,320.72513580322266,491.8725128173828,0.9179851412773132
2798,82,3743,122.86210632324219,836.2305908203125,337.8428497314453,331.2955322265625,0.8977338075637817
2799,82,22362,603.743896484375,738.3270263671875,279.552490234375,412.1429443359375,0.8547360897064209
2800,82,2483,628.671142578125,102.17231750488281,201.41766357421875,461.62132263183594,0.8412787914276123
2801,820,19552,486.0025329589844,642.9013061523438,333.9611511230469,484.78057861328125,0.9567407369613647
2802,820,3743,482.0220947265625,149.45721435546875,315.882080078125,304.2004699707031,0.907737672328949
2803,820,2483,95.62969207763672,691.5441284179688,210.29496002197266,489.99786376953125,0.8873229026794434
2804,820,4378,134.2998046875,108.86184692382812,219.32785034179688,433.6466979980469,0.8856369853019714
2805,822,19552,126.57928466796875,115.68940734863281,331.32781982421875,470.13609313964844,0.9299436807632446
2806,822,4378,596.2371826171875,704.6336669921875,231.7198486328125,462.3641357421875,0.8860282301902771
2807,822,3743,130.2532958984375,813.15966796875,334.28131103515625,326.7952880859375,0.8851513862609863
2808,822,2483,620.4969482421875,69.51801300048828,193.167724609375,465.5647506713867,0.816103994846344
2809,826,38162,179.33631896972656,208.01925659179688,248.1519317626953,252.3065185546875,0.9900822043418884
2810,826,18147,539.0589599609375,317.37481689453125,306.2347412109375,388.99066162109375,0.8867883682250977
2811,826,3351,407.16375732421875,861.9841918945312,190.984375,191.23382568359375,0.7840113639831543
2812,828,38162,550.76953125,864.7174682617188,253.1453857421875,249.08673095703125,0.9818044900894165
2813,828,18147,127.98057556152344,575.19580078125,306.70057678222656,406.36865234375,0.9733783602714539
2814,828,3351,381.7112731933594,237.7517852783203,183.20339965820312,181.3047637939453,0.8390598893165588
2815,829,28763,97.16663360595703,168.47323608398438,207.82170867919922,200.15121459960938,0.947422206401825
2816,829,3483,539.0516967773438,777.9554443359375,265.27435302734375,226.473388671875,0.8568522930145264
2817,829,36637,636.9573974609375,177.03945922851562,181.35528564453125,240.3922119140625,0.8459168672561646
2818,829,27777,145.75584411621094,775.1516723632812,178.33399963378906,203.98577880859375,0.811642050743103
2819,83,19552,504.0316467285156,598.41015625,318.5998840332031,486.4085693359375,0.9617608785629272
2820,83,3743,490.1864318847656,128.291748046875,317.9580993652344,301.48480224609375,0.8843240737915039
2821,83,22362,82.87300109863281,119.16336059570312,260.5790252685547,389.21234130859375,0.8577059507369995
2822,83,2483,93.04462432861328,661.353759765625,207.48918914794922,488.0975341796875,0.7693849802017212
2823,830,28763,664.116943359375,891.6632080078125,227.08087158203125,213.3011474609375,0.933657169342041
2824,830,3483,173.0614013671875,275.0658874511719,262.3069763183594,219.5592041015625,0.8621982932090759
2825,830,27777,636.2364501953125,294.28839111328125,176.4703369140625,193.16851806640625,0.8071159720420837
2826,830,36637,130.17825317382812,829.3175659179688,192.52597045898438,254.59613037109375,0.7810344099998474
2827,831,28763,115.3194808959961,175.62591552734375,209.98657989501953,202.62527465820312,0.9464329481124878
2828,831,36637,668.09033203125,180.53939819335938,182.7647705078125,247.78225708007812,0.8699283003807068
2829,831,3483,566.5654907226562,813.0475463867188,262.2083740234375,218.65667724609375,0.8260120749473572
2830,831,27777,179.23797607421875,813.0923461914062,173.88076782226562,199.261474609375,0.8197277784347534
2831,832,1900,622.6522827148438,888.0078735351562,206.56463623046875,140.74749755859375,0.934141993522644
2832,832,16548,606.119873046875,163.1572265625,237.315673828125,223.79168701171875,0.9265304803848267
2833,832,21026,138.11550903320312,868.4971923828125,179.33511352539062,176.5662841796875,0.6684669852256775
2834,832,18110,51.77326202392578,128.72882080078125,316.61730194091797,284.0577392578125,0.5285436511039734
2835,838,33208,589.0771484375,801.0696411132812,212.672607421875,204.61090087890625,0.9052731990814209
2836,838,16548,592.849365234375,163.576171875,230.49530029296875,223.93701171875,0.9037031531333923
2837,838,1900,140.33912658691406,241.01463317871094,199.44740295410156,128.69850158691406,0.8605636954307556
2838,838,27926,91.91387176513672,617.199951171875,270.02344512939453,481.123291015625,0.826798141002655
2839,842,27733,565.6990356445312,261.1225891113281,301.42303466796875,265.4820251464844,0.9207465648651123
2840,842,34597,469.6440124511719,668.083984375,464.9432678222656,427.1856689453125,0.9036853909492493
2841,842,3483,120.02113342285156,307.27532958984375,273.4594268798828,199.95709228515625,0.8798988461494446
2842,842,16262,150.855712890625,801.746826171875,251.0675048828125,241.86865234375,0.8282505869865417
2843,85,29345,583.6258544921875,675.8751220703125,289.05975341796875,452.0772705078125,0.9803932309150696
2844,85,16548,570.0842895507812,250.38893127441406,234.1563720703125,226.2564239501953,0.9162653088569641
2845,85,21771,149.346435546875,850.2769775390625,192.75411987304688,190.3365478515625,0.8807956576347351
2846,85,1900,162.0177001953125,257.13702392578125,127.760498046875,198.60943603515625,0.8660610914230347
2847,851,22627,111.9405746459961,157.61795043945312,305.12821197509766,488.2660827636719,0.9115355014801025
2848,851,3743,122.14437866210938,835.8958740234375,337.6603698730469,332.6259765625,0.8976541757583618
2849,851,2483,628.6715698242188,103.05671691894531,201.64947509765625,461.0876922607422,0.8402261734008789
2850,851,22362,604.11572265625,738.1011962890625,279.3106689453125,412.5069580078125,0.8376293778419495
2851,855,12778,89.46444702148438,140.02410888671875,302.31439208984375,515.9905395507812,0.9179433584213257
2852,855,3743,130.88531494140625,812.808349609375,333.41455078125,327.027587890625,0.8947569727897644
2853,855,4378,595.751953125,703.4679565429688,231.8077392578125,464.14947509765625,0.8786247372627258
2854,855,2483,619.2900390625,69.01741027832031,194.490966796875,466.03440856933594,0.8190743923187256
2855,857,31863,573.4971923828125,745.016357421875,209.32415771484375,213.3211669921875,0.980333149433136
2856,857,16262,90.46710968017578,679.2718505859375,250.50438690185547,243.98712158203125,0.869894802570343
2857,857,3351,337.464599609375,132.539794921875,182.947265625,189.25225830078125,0.7981055378913879
2858,858,31863,611.502197265625,834.1696166992188,206.4410400390625,206.83685302734375,0.8929979205131531
2859,858,16262,135.09811401367188,767.8576049804688,244.09637451171875,239.6656494140625,0.8728665709495544
2860,858,3351,379.56573486328125,190.41415405273438,183.19915771484375,181.41824340820312,0.8167758584022522
2861,86,29345,117.12775421142578,157.2239990234375,275.77339935302734,411.47308349609375,0.9794819951057434
2862,86,16548,150.97999572753906,769.1260986328125,240.0186004638672,237.2562255859375,0.888134241104126
2863,86,21771,618.130859375,252.31521606445312,186.920166015625,179.15451049804688,0.8821717500686646
2864,86,1900,682.9332275390625,807.7545166015625,133.20233154296875,206.492919921875,0.8534866571426392
2865,861,19552,69.10736083984375,96.54586791992188,345.474853515625,463.4056091308594,0.9529600143432617
2866,861,2483,567.888427734375,154.47547912597656,306.1453857421875,432.59910583496094,0.845084011554718
2867,861,25438,123.25912475585938,830.0088500976562,258.5316467285156,265.72210693359375,0.8236168622970581
2868,861,12081,655.5665283203125,707.5657958984375,250.526611328125,463.010498046875,0.8007360100746155
2869,862,34597,78.11866760253906,135.68966674804688,445.15623474121094,415.1226501464844,0.9292721152305603
2870,862,3483,603.0543212890625,847.0040893554688,277.319091796875,185.92584228515625,0.8692116737365723
2871,862,36637,673.3314208984375,172.7110595703125,175.37432861328125,255.34918212890625,0.8354688882827759
2872,862,25469,88.18073272705078,830.9951782226562,340.50267791748047,302.64276123046875,0.8021879196166992
2873,864,34597,61.96617126464844,106.71737670898438,443.2517852783203,421.4634704589844,0.899588406085968
2874,864,3483,574.8887939453125,812.509765625,279.4976806640625,192.25146484375,0.8663531541824341
2875,864,36637,644.268798828125,170.37025451660156,171.4044189453125,247.29185485839844,0.8649507164955139
2876,864,25469,47.96867370605469,788.6373901367188,349.8108673095703,301.88116455078125,0.7856886386871338
2877,866,3351,306.64544677734375,173.78878784179688,184.89654541015625,185.1246337890625,0.870378851890564
2878,866,16688,33.643798828125,526.4020385742188,432.1757507324219,571.8035278320312,0.7307602763175964
2879,867,3351,347.38427734375,234.29049682617188,184.153564453125,180.50674438476562,0.8548822402954102
2880,867,16688,79.64469909667969,621.6307983398438,425.83824157714844,598.4387817382812,0.7610650658607483
2881,868,16232,646.83544921875,230.34347534179688,194.885009765625,180.56344604492188,0.9142732620239258
2882,868,27653,95.72280883789062,854.1983032226562,221.37527465820312,204.66619873046875,0.8871268033981323
2883,868,3483,587.7623291015625,846.6110229492188,283.7208251953125,166.2664794921875,0.875519871711731
2884,868,31885,32.837181091308594,57.58777618408203,407.63712310791016,509.83312225341797,0.8268446922302246
2885,869,31885,20.442161560058594,37.08850860595703,389.97046661376953,505.4943161010742,0.9409616589546204
2886,869,3483,560.79150390625,813.4841918945312,285.6185302734375,172.49053955078125,0.8957129716873169
2887,869,16232,619.392578125,221.5498046875,187.7742919921875,183.27142333984375,0.8919979929924011
2888,869,27653,62.36692428588867,810.3958129882812,223.75239944458008,210.98907470703125,0.8865476846694946
2889,870,31885,567.2030639648438,677.0838623046875,400.36578369140625,520.38427734375,0.9488822817802429
2890,870,16232,142.94705200195312,847.8585815429688,195.40390014648438,190.98931884765625,0.9173789024353027
2891,870,3483,131.76348876953125,288.4721374511719,277.2233581542969,173.95111083984375,0.915814995765686
2892,870,27653,672.862548828125,257.1835632324219,220.7012939453125,194.927978515625,0.8919839859008789
2893,873,3351,343.06939697265625,226.1400146484375,183.989013671875,181.07568359375,0.8606688380241394
2894,873,18147,617.464599609375,672.1162109375,282.7821044921875,420.8050537109375,0.7908661365509033
2895,873,16688,74.51921081542969,625.880615234375,432.02833557128906,579.613525390625,0.7649999856948853
2896,874,31885,147.00277709960938,153.43182373046875,423.7115783691406,475.01959228515625,0.9599295258522034
2897,874,3483,624.9191284179688,717.7438354492188,208.90350341796875,270.595703125,0.919564962387085
2898,874,20877,85.57636260986328,726.0648193359375,331.75597381591797,237.884521484375,0.9157844185829163
2899,874,16232,625.6787719726562,221.20445251464844,189.88128662109375,183.77174377441406,0.8716173768043518
2900,875,31885,163.27964782714844,180.06341552734375,443.1464385986328,477.71331787109375,0.9484038352966309
2901,875,20877,116.24038696289062,768.5330200195312,330.2186584472656,231.13446044921875,0.9366997480392456
2902,875,3483,650.186767578125,748.8111572265625,211.057861328125,268.949951171875,0.9249863624572754
2903,875,16232,655.1898193359375,230.537109375,193.076171875,180.054931640625,0.8893598914146423
2904,878,3483,588.501953125,846.9033813476562,284.864990234375,163.34381103515625,0.8785384297370911
2905,878,27653,97.24990844726562,854.093017578125,220.94125366210938,204.973876953125,0.8781848549842834
2906,878,34597,73.64944458007812,124.55718994140625,341.0991516113281,495.9464111328125,0.8501067161560059
2907,878,36637,643.3215942382812,208.81491088867188,190.58367919921875,245.35037231445312,0.8372414112091064
2908,879,34597,61.479949951171875,91.4376220703125,322.5068664550781,500.1824951171875,0.9007906913757324
2909,879,3483,561.259765625,812.3834838867188,287.78228759765625,172.83660888671875,0.8879921436309814
2910,879,36637,615.5560302734375,204.2359161376953,182.61138916015625,241.81602478027344,0.8788174390792847
2911,879,27653,63.97968292236328,810.7803344726562,223.29705047607422,210.85540771484375,0.8701539635658264
2912,88,1900,130.43716430664062,230.16354370117188,203.63882446289062,138.45794677734375,0.9205644130706787
2913,88,18110,80.95588684082031,800.1439208984375,304.9551239013672,289.6981201171875,0.9007048010826111
2914,88,31705,620.757568359375,733.2928466796875,252.0377197265625,446.3631591796875,0.899992823600769
2915,88,16551,609.28173828125,48.14453125,285.6976318359375,483.3970947265625,0.8161183595657349
2916,880,23223,508.2844543457031,605.929443359375,305.4460144042969,506.2744140625,0.9280381202697754
2917,880,13395,67.44735717773438,90.9912109375,235.481689453125,482.052490234375,0.9193864464759827
2918,880,2483,71.63745880126953,668.1358642578125,226.3729476928711,479.8529052734375,0.8301910161972046
2919,880,5094,509.62371826171875,160.1416778564453,269.50091552734375,264.31236267089844,0.8069618344306946
2920,882,23223,128.16326904296875,94.51225280761719,300.4142761230469,501.93128967285156,0.944564163684845
2921,882,13395,642.158447265625,667.676513671875,240.73028564453125,494.0556640625,0.9105010032653809
2922,882,2483,637.8728637695312,60.04535675048828,223.2806396484375,482.2484664916992,0.884578287601471
2923,882,5094,149.4022979736328,837.1685791015625,276.7750701904297,274.5391845703125,0.7669627666473389
2924,883,28763,143.60626220703125,231.15789794921875,213.80853271484375,202.23956298828125,0.946056604385376
2925,883,3483,604.2941284179688,846.2616577148438,275.69915771484375,186.80084228515625,0.8673038482666016
2926,883,16232,630.5799560546875,220.0585174560547,189.52532958984375,186.82762145996094,0.8629446625709534
2927,883,25469,48.084983825683594,858.4437255859375,377.16223907470703,216.4522705078125,0.8369411826133728
2928,886,31863,159.5319366455078,285.76177978515625,211.38710021972656,205.60067749023438,0.9920620918273926
2929,886,35206,541.5791015625,264.0257263183594,270.4080810546875,384.1532897949219,0.8100104331970215
2930,886,3351,409.9000244140625,891.6534423828125,189.86181640625,192.3021240234375,0.725123941898346
2931,888,31863,610.1090087890625,835.848876953125,206.005126953125,204.5821533203125,0.8692353367805481
2932,888,3351,380.0020751953125,205.36312866210938,184.5408935546875,183.04522705078125,0.8566198348999023
2933,888,35206,159.9732666015625,646.1937866210938,268.994140625,393.46551513671875,0.7389532327651978
2934,889,16232,134.19354248046875,847.3106689453125,195.80123901367188,190.833984375,0.9177100658416748
2935,889,28763,710.9478759765625,888.3255615234375,221.69769287109375,212.343017578125,0.9171275496482849
2936,889,20877,545.4442138671875,293.17889404296875,330.901123046875,235.14501953125,0.8487411737442017
2937,889,3483,143.51651000976562,293.6240234375,208.28903198242188,253.218994140625,0.782861590385437
2938,89,31705,591.4717407226562,695.2392578125,257.66204833984375,452.2589111328125,0.8897717595100403
2939,89,1900,113.87394714355469,224.20230102539062,201.71730041503906,138.70169067382812,0.8888869881629944
2940,89,18110,42.817344665527344,757.3753662109375,308.4107437133789,298.6119384765625,0.8557842969894409
2941,89,16551,581.4462890625,41.362342834472656,279.40423583984375,467.92382049560547,0.833170473575592
2942,891,28763,55.88642120361328,170.86376953125,212.65166473388672,199.72296142578125,0.9658514261245728
2943,891,20877,87.96695709228516,726.4849853515625,327.14415740966797,239.92767333984375,0.9202706217765808
2944,891,3483,625.5770874023438,717.1007690429688,210.2490234375,271.197021484375,0.9176412224769592
2945,891,16232,627.8368530273438,220.73626708984375,186.84674072265625,183.21575927734375,0.9012117385864258
2946,894,20877,87.24517822265625,726.3522338867188,327.3917236328125,240.054931640625,0.9181239008903503
2947,894,3483,624.0269775390625,718.3443603515625,210.747314453125,271.03851318359375,0.9095187783241272
2948,894,25367,31.668777465820312,29.539031982421875,405.3589630126953,438.9201354980469,0.867499828338623
2949,894,36637,604.3184814453125,206.60955810546875,181.5848388671875,242.2113037109375,0.8640723824501038
2950,895,10221,583.6480102539062,771.76953125,228.3255615234375,223.612060546875,0.9092459678649902
2951,895,3544,92.7547378540039,221.42440795898438,204.81743621826172,200.4449462890625,0.9068829417228699
2952,895,16551,533.536865234375,38.63777160644531,297.84423828125,461.52952575683594,0.9055877923965454
2953,895,21026,99.73761749267578,820.455078125,182.03905487060547,178.983642578125,0.8118577599525452
2954,896,3544,108.91048431396484,231.33071899414062,210.62369537353516,202.00173950195312,0.9219624400138855
2955,896,16551,563.6435546875,45.69190979003906,304.37164306640625,469.5126190185547,0.8971191644668579
2956,896,10221,611.341552734375,810.853515625,224.306640625,217.79541015625,0.8834458589553833
2957,896,21026,133.70944213867188,855.357177734375,179.14041137695312,175.8599853515625,0.7458581924438477
2958,897,3544,675.5264282226562,834.91552734375,216.08673095703125,211.2952880859375,0.9333088397979736
2959,897,10221,167.80484008789062,275.809814453125,220.42190551757812,212.6021728515625,0.8968295454978943
2960,897,16551,116.00517272949219,720.4722900390625,314.14698791503906,483.1793212890625,0.8779082894325256
2961,897,21026,675.8424072265625,285.3805847167969,180.3006591796875,171.65463256835938,0.7936185598373413
2962,898,12247,617.0740356445312,205.82736206054688,173.9000244140625,184.88656616210938,0.9700208306312561
2963,898,3544,118.16390991210938,173.33885192871094,206.71762084960938,197.63136291503906,0.9458515644073486
2964,898,27926,568.895263671875,584.7219848632812,255.6019287109375,482.13226318359375,0.8880733847618103
2965,898,16548,73.70673370361328,778.6322021484375,240.72747039794922,233.37493896484375,0.8657488822937012
2966,9,20238,594.8493041992188,174.98486328125,219.84954833984375,211.86996459960938,0.8986419439315796
2967,9,3483,561.0842895507812,812.60888671875,287.42572021484375,172.75909423828125,0.8874765634536743
2968,9,27653,64.31224822998047,811.2193603515625,223.87036895751953,210.24072265625,0.8804750442504883
2969,9,22347,112.66621398925781,210.684814453125,202.88710021972656,195.06829833984375,0.8762045502662659
2970,90,31705,135.4773712158203,129.0888214111328,245.68675231933594,419.7161102294922,0.9011456370353699
2971,90,18110,607.637451171875,217.63442993164062,301.04736328125,286.7350769042969,0.8837154507637024
2972,90,16551,87.6437759399414,710.281982421875,291.87593841552734,491.3946533203125,0.838162362575531
2973,90,1900,656.9342041015625,902.53173828125,213.5228271484375,147.08837890625,0.8127195835113525
2974,900,12247,646.5660400390625,203.97906494140625,176.12548828125,188.98431396484375,0.9722537398338318
2975,900,27926,598.6569213867188,631.7161254882812,251.41925048828125,474.09271240234375,0.929773211479187
2976,900,3544,135.2300262451172,177.49636840820312,208.2634735107422,201.11080932617188,0.9114594459533691
2977,900,16548,107.87590026855469,821.1114501953125,236.3065948486328,227.0135498046875,0.9089504480361938
2978,904,3483,608.2581787109375,790.6700439453125,274.005126953125,209.982421875,0.9378836750984192
2979,904,27733,123.76487731933594,770.1885986328125,313.82896423339844,272.1016845703125,0.9297681450843811
2980,904,20238,643.7584838867188,188.2086181640625,226.27227783203125,218.11599731445312,0.8386904001235962
2981,904,30308,162.04750061035156,57.54615783691406,287.4147186279297,468.2718963623047,0.81170254945755
2982,906,27733,565.606201171875,261.5061950683594,301.6630859375,265.1289367675781,0.9224354028701782
2983,906,3483,120.8347396850586,307.1623229980469,274.0354995727539,199.09140014648438,0.8743783831596375
2984,906,20238,113.99887084960938,854.5264892578125,230.58920288085938,226.3590087890625,0.8523786067962646
2985,906,30308,545.9299926757812,722.173828125,297.99749755859375,483.697509765625,0.811420202255249
2986,908,31863,573.3997802734375,745.2440185546875,209.78125,213.2794189453125,0.9831604361534119
2987,908,3351,305.8624267578125,194.94387817382812,182.62954711914062,184.47259521484375,0.8547338843345642
2988,908,20238,116.33140563964844,715.9364013671875,227.14112854003906,227.04791259765625,0.7071881294250488
2989,91,19607,688.878173828125,300.3030090332031,156.41082763671875,147.90866088867188,0.9166674613952637
2990,91,27926,145.35662841796875,150.2513427734375,254.53973388671875,448.56390380859375,0.9080983996391296
2991,91,16548,121.19125366210938,865.1417236328125,246.36749267578125,237.739013671875,0.8636852502822876
2992,91,1900,630.4578857421875,894.0919189453125,212.07275390625,132.2034912109375,0.7992414236068726
2993,910,25367,511.4248046875,703.01025390625,452.310302734375,437.2889404296875,0.9382508397102356
2994,910,29667,127.12275695800781,879.9127807617188,230.5227813720703,228.40435791015625,0.9307484030723572
2995,910,3483,175.1256103515625,275.1068420410156,263.3882141113281,219.9383544921875,0.8642946481704712
2996,910,27777,637.8792724609375,295.6413269042969,177.73876953125,193.834228515625,0.8049803972244263
2997,912,29667,602.5416259765625,162.6940155029297,215.67950439453125,213.6540069580078,0.9225983023643494
2998,912,3483,536.2260131835938,778.33740234375,266.11822509765625,226.976318359375,0.8269699811935425
2999,912,27777,143.95321655273438,773.7186279296875,178.17095947265625,203.98974609375,0.8034839034080505
3000,912,25367,33.688812255859375,109.30503845214844,431.8443908691406,420.3571319580078,0.7630364298820496
3001,914,13900,555.193603515625,708.2562255859375,204.3389892578125,249.1307373046875,0.8756035566329956
3002,914,3351,368.81195068359375,124.87930297851562,185.08746337890625,185.18661499023438,0.8664121031761169
3003,914,35206,41.79393768310547,614.2892456054688,342.73682403564453,353.1146240234375,0.7013111114501953
3004,915,13900,594.6541748046875,798.8232421875,199.5509033203125,243.2879638671875,0.9119409322738647
3005,915,3351,412.4327087402344,180.822265625,183.59768676757812,180.720947265625,0.8643960356712341
3006,915,35206,84.49394226074219,709.6900634765625,340.3550567626953,349.43115234375,0.6983014941215515
3007,916,27733,565.5692138671875,260.91357421875,301.34576416015625,266.48162841796875,0.9254156947135925
3008,916,25367,502.087646484375,683.215576171875,462.27874755859375,422.6593017578125,0.9095073342323303
3009,916,16232,139.68753051757812,892.2813720703125,200.04318237304688,193.5396728515625,0.8936285376548767
3010,916,3483,123.63093566894531,307.8291015625,271.7382049560547,199.52853393554688,0.8918087482452393
3011,919,27733,564.2688598632812,261.2464599609375,301.14984130859375,264.9737548828125,0.921017587184906
3012,919,3483,121.70879364013672,309.1462707519531,270.2401809692383,199.71771240234375,0.8748040199279785
3013,919,30308,494.57208251953125,678.6339111328125,373.3021240234375,439.3131103515625,0.8579898476600647
3014,919,36637,98.89114379882812,881.8651733398438,271.6958923339844,177.79803466796875,0.8389513492584229
3015,920,27733,90.1230697631836,725.4212646484375,318.33817291259766,281.3865966796875,0.9317317008972168
3016,920,3483,581.3472900390625,758.294921875,276.8363037109375,209.7816162109375,0.9222173690795898
3017,920,36637,593.62548828125,203.22158813476562,250.3675537109375,169.49502563476562,0.8798801302909851
3018,920,30308,130.270263671875,125.29869079589844,353.4315490722656,421.8374786376953,0.8613317608833313
3019,923,25367,538.8846435546875,715.2761840820312,435.44512939453125,445.46453857421875,0.9599618315696716
3020,923,16262,108.68904113769531,833.773193359375,251.8236541748047,243.9324951171875,0.8702592253684998
3021,923,20877,546.3878784179688,295.8935241699219,326.86260986328125,231.40628051757812,0.8558645248413086
3022,923,3483,145.30850219726562,292.21588134765625,208.03500366210938,254.14410400390625,0.7848724126815796
3023,925,34597,487.4859619140625,626.8311157226562,437.900390625,453.60198974609375,0.9125251173973083
3024,925,3483,150.6812744140625,220.43533325195312,246.20703125,218.96432495117188,0.8940231800079346
3025,925,16232,144.2565155029297,899.0841064453125,198.1467742919922,192.726318359375,0.8133088946342468
3026,925,19861,639.1696166992188,278.5265197753906,216.97021484375,167.53939819335938,0.5131712555885315
3027,927,34597,62.77580261230469,143.59193420410156,421.78062438964844,438.19224548339844,0.8910305500030518
3028,927,3483,572.1529541015625,836.7626342773438,262.7484130859375,228.96539306640625,0.8566758632659912
3029,927,16232,616.421630859375,174.2877197265625,185.2445068359375,180.3526611328125,0.8229594230651855
3030,927,19861,91.30546569824219,827.504638671875,226.41554260253906,175.45550537109375,0.8133227825164795
3031,929,31885,32.99964904785156,37.85285949707031,403.73704528808594,492.6790008544922,0.9653109312057495
3032,929,3483,576.0234375,811.802734375,279.192138671875,192.27496337890625,0.8613927960395813
3033,929,25469,14.34173583984375,812.9578857421875,379.28619384765625,220.3712158203125,0.8096132874488831
3034,929,16232,602.5093994140625,214.05245971679688,187.05487060546875,183.73971557617188,0.7982839941978455
3035,930,16232,163.38241577148438,855.82470703125,194.99176025390625,191.3592529296875,0.9195995330810547
3036,930,3483,125.29605865478516,272.370849609375,271.22005462646484,187.84536743164062,0.898888885974884
3037,930,25469,572.9141235351562,232.0872802734375,372.04241943359375,217.77276611328125,0.8607897758483887
3038,930,31885,541.544921875,689.45361328125,432.3258056640625,505.24755859375,0.7973668575286865
3039,931,29345,572.4939575195312,716.4144897460938,330.092041015625,424.09307861328125,0.943638026714325
3040,931,19607,166.53302001953125,918.3173828125,157.77166748046875,154.5889892578125,0.9377070069313049
3041,931,1900,178.25820922851562,268.778564453125,130.242919921875,199.5601806640625,0.8936601281166077
3042,931,16551,481.2293701171875,242.69224548339844,484.3729248046875,262.3636016845703,0.474802166223526
3043,932,29345,549.9144287109375,679.6725463867188,323.125,427.02911376953125,0.9734164476394653
3044,932,19607,131.7987060546875,887.0379028320312,161.03363037109375,156.14764404296875,0.9724103808403015
3045,932,1900,159.00927734375,258.086181640625,127.7125244140625,199.27001953125,0.8655428290367126
3046,932,16551,452.1507263183594,220.13925170898438,481.0445861816406,266.9279479980469,0.6905356645584106
3047,933,29345,118.21701049804688,170.07119750976562,308.8922119140625,394.4381408691406,0.9721002578735352
3048,933,19607,664.7828369140625,253.226318359375,157.0086669921875,148.6368408203125,0.9459843635559082
3049,933,1900,686.19677734375,806.9405517578125,132.56103515625,205.04620361328125,0.8537017107009888
3050,933,16551,16.484642028808594,736.7408447265625,500.35086822509766,276.6131591796875,0.8125103712081909
3051,936,19552,119.03046417236328,192.33045959472656,308.5468063354492,492.41123962402344,0.9291415810585022
3052,936,2483,600.8173828125,101.41532897949219,248.2315673828125,459.5177764892578,0.9234991073608398
3053,936,4378,654.3944091796875,709.51220703125,214.709716796875,465.45068359375,0.8997799754142761
3054,936,25438,109.45537567138672,841.00048828125,259.40064239501953,264.04248046875,0.871076762676239
3055,937,4378,596.1907348632812,704.4671630859375,231.65447998046875,463.7548828125,0.8935157060623169
3056,937,3743,131.00103759765625,813.2989501953125,333.07879638671875,326.9112548828125,0.890334963798523
3057,937,6192,126.10449981689453,98.01634216308594,293.7690963745117,530.5334625244141,0.8679733872413635
3058,937,2483,619.4049072265625,69.59602355957031,194.6820068359375,465.64830017089844,0.8149680495262146
3059,938,3743,129.7974395751953,800.645751953125,328.16514587402344,320.40380859375,0.8954145312309265
3060,938,4378,588.3788452148438,699.117919921875,221.8900146484375,449.4219970703125,0.8777811527252197
3061,938,6192,126.0031509399414,70.72317504882812,292.1773910522461,527.6072692871094,0.8731077313423157
3062,938,2483,629.1259765625,30.606689453125,201.3677978515625,481.75469970703125,0.8534400463104248
3063,940,16232,641.7689208984375,322.828369140625,191.6099853515625,189.0655517578125,0.8988282084465027
3064,940,3351,421.52191162109375,898.9389038085938,188.95330810546875,190.38262939453125,0.7868123054504395
3065,940,18147,205.50262451171875,225.53436279296875,218.868408203125,414.12078857421875,0.751226007938385
3066,941,16232,90.26861572265625,711.419677734375,193.92575073242188,193.71978759765625,0.9261572360992432
3067,941,3351,325.767822265625,143.68472290039062,185.91262817382812,185.36572265625,0.8704391121864319
3068,941,18147,517.9913330078125,551.80517578125,214.54498291015625,445.67254638671875,0.7711067199707031
3069,942,16232,131.77523803710938,799.5933837890625,193.7603759765625,191.30859375,0.8827129006385803
3070,942,3351,367.4271240234375,200.8490753173828,185.0238037109375,180.5770721435547,0.8584651350975037
3071,942,18147,556.26953125,643.3330078125,215.021240234375,443.5,0.8352119326591492
3072,945,25367,628.453369140625,644.2030029296875,317.5810546875,517.9300537109375,0.9368934035301208
3073,945,20238,112.84716796875,857.9763793945312,229.14834594726562,222.77252197265625,0.9004847407341003
3074,945,3483,150.35397338867188,220.59475708007812,246.4935302734375,218.5308837890625,0.883729875087738
3075,945,19861,638.052734375,277.81072998046875,219.02880859375,169.92059326171875,0.5180690288543701
3076,947,28763,593.9813842773438,887.649658203125,223.08734130859375,212.4320068359375,0.9345927238464355
3077,947,16232,142.72625732421875,848.5494995117188,196.7564697265625,190.15997314453125,0.9322478175163269
3078,947,3483,131.43048095703125,288.5310363769531,277.47149658203125,173.95477294921875,0.920551061630249
3079,947,27653,672.698486328125,256.853759765625,220.963134765625,194.65487670898438,0.8907328248023987
3080,948,16232,648.2119750976562,230.1178741455078,192.7630615234375,180.43251037597656,0.9121795296669006
3081,948,28763,185.0617218017578,178.27903747558594,211.72044372558594,202.4130401611328,0.9100786447525024
3082,948,3483,587.8884887695312,846.5328979492188,283.3331298828125,165.84564208984375,0.8847527503967285
3083,948,27653,96.04938507080078,854.017578125,221.46053314208984,204.6025390625,0.8773213624954224
3084,949,20877,545.902099609375,293.481201171875,329.68658447265625,234.4671630859375,0.8583110570907593
3085,949,30308,504.2318420410156,723.3861083984375,425.2402038574219,399.1014404296875,0.854896068572998
3086,949,16262,108.84990692138672,834.4985961914062,250.23987579345703,243.08380126953125,0.8440722823143005
3087,949,3483,144.07958984375,292.8816223144531,207.7799072265625,253.45132446289062,0.7777726650238037
3088,95,29667,59.66697692871094,743.084228515625,232.2850799560547,233.6749267578125,0.9548686742782593
3089,95,3351,338.0849609375,183.09710693359375,183.2159423828125,184.87127685546875,0.8450850248336792
3090,95,32310,498.4991149902344,719.8101806640625,385.3482360839844,241.43707275390625,0.7675349712371826
3091,950,3483,624.51220703125,718.5655517578125,209.486328125,270.373779296875,0.9231579303741455
3092,950,20877,87.70404815673828,725.8767700195312,327.79784393310547,240.99224853515625,0.907346785068512
3093,950,30308,73.86432647705078,118.71757507324219,397.3290328979492,384.5585174560547,0.8785896301269531
3094,950,16262,601.0742797851562,189.2591094970703,237.728515625,224.99375915527344,0.830163836479187
3095,951,20877,116.85928344726562,768.0,330.1686096191406,232.294189453125,0.9355753660202026
3096,951,3483,650.3994750976562,751.0074462890625,211.256103515625,268.0828857421875,0.9167147278785706
3097,951,30308,86.88462829589844,134.95347595214844,408.7301483154297,392.58009338378906,0.8862713575363159
3098,951,16262,628.9901733398438,190.5902862548828,243.9166259765625,232.2002410888672,0.8059181571006775
3099,952,3483,124.24999237060547,273.09527587890625,273.99390411376953,188.22921752929688,0.8959013819694519
3100,952,25469,573.6801147460938,231.8910369873047,370.87725830078125,217.7238311767578,0.8620240688323975
3101,952,30308,558.73046875,647.9251098632812,395.91259765625,429.80548095703125,0.8458378911018372
3102,952,16262,166.4238739013672,833.1632080078125,250.14137268066406,242.858154296875,0.8238829970359802
3103,953,30308,49.56573486328125,161.7760467529297,367.1888732910156,414.4876251220703,0.901484489440918
3104,953,3483,575.470458984375,811.6608276367188,279.89727783203125,191.2103271484375,0.8563734889030457
3105,953,16262,547.642822265625,190.27175903320312,236.54876708984375,225.96456909179688,0.841170072555542
3106,953,25469,14.62799072265625,813.04248046875,378.2982177734375,220.1226806640625,0.8192359805107117
3107,954,30308,62.22785949707031,179.9246063232422,383.6621856689453,422.8297882080078,0.8851643800735474
3108,954,3483,604.4910888671875,846.4361572265625,275.3466796875,187.2542724609375,0.8577872514724731
3109,954,25469,48.19488525390625,857.9279174804688,376.88177490234375,216.69769287109375,0.838466227054596
3110,954,16262,573.4119262695312,194.2591094970703,243.59039306640625,230.31309509277344,0.805803120136261
3111,956,19607,141.1847686767578,861.847412109375,159.09288024902344,155.2816162109375,0.93105149269104
3112,956,1900,157.36941528320312,249.76177978515625,202.58743286132812,126.51837158203125,0.9280912280082703
3113,956,16551,594.5966796875,0.0,312.4564208984375,446.21087646484375,0.8697934150695801
3114,956,27926,596.841064453125,669.595947265625,254.9625244140625,488.564453125,0.7416864633560181
3115,957,19607,688.5955200195312,300.4007873535156,157.85198974609375,146.91940307617188,0.9035660624504089
3116,957,16551,80.66585540771484,787.6856079101562,312.3765640258789,484.03082275390625,0.8982207179069519
3117,957,27926,145.68820190429688,150.53106689453125,254.89419555664062,447.908935546875,0.8914719820022583
3118,957,1900,630.6265258789062,894.391845703125,211.822509765625,131.8448486328125,0.8092219233512878
3119,962,19607,142.19287109375,849.5590209960938,161.04898071289062,154.83612060546875,0.978114902973175
3120,962,29451,473.8960266113281,779.04541015625,403.3007507324219,272.8814697265625,0.951678454875946
3121,962,16551,625.7984619140625,111.96327209472656,285.864013671875,467.2969207763672,0.8635068535804749
3122,962,1900,148.4398193359375,240.78756713867188,180.72882080078125,182.21957397460938,0.823785126209259
3123,966,16548,125.90851593017578,851.5505981445312,244.18737030029297,239.04827880859375,0.908700704574585
3124,966,31705,135.46173095703125,130.2326202392578,245.41229248046875,418.30101013183594,0.9002353549003601
3125,966,18110,610.835693359375,216.66458129882812,300.40771484375,285.7017517089844,0.8806373476982117
3126,966,1900,657.234375,902.5360107421875,212.89794921875,146.9852294921875,0.8137206435203552
3127,967,41768,127.55237579345703,299.8083190917969,257.3754196166992,297.1177673339844,0.9836784601211548
3128,967,29667,587.8968505859375,305.52606201171875,226.1265869140625,222.98095703125,0.7845651507377625
3129,967,3351,407.5579833984375,887.90185546875,187.99591064453125,190.59521484375,0.7484226822853088
3130,968,29667,107.8615951538086,696.5820922851562,238.27701568603516,231.9244384765625,0.9676689505577087
3131,968,3351,342.6058349609375,157.3181915283203,182.62646484375,184.2440643310547,0.8760986924171448
3132,968,41768,559.83984375,621.6925048828125,265.259033203125,307.5665283203125,0.7205603718757629
3133,97,29345,117.77957916259766,170.2277374267578,309.61507415771484,394.8126678466797,0.9715235829353333
3134,97,19607,665.1360473632812,253.4365234375,156.16375732421875,148.5328369140625,0.9191772937774658
3135,97,16548,101.01016998291016,820.2003173828125,241.0327377319336,239.8321533203125,0.886593759059906
3136,97,1900,686.2704467773438,806.4016723632812,132.68280029296875,206.2518310546875,0.8561568856239319
3137,972,21771,126.27220153808594,775.404541015625,191.6275177001953,185.906005859375,0.9845996499061584
3138,972,27926,572.1948852539062,631.6033935546875,258.180419921875,482.8524169921875,0.9247646927833557
3139,972,16551,573.447021484375,14.542236328125,329.80712890625,437.53399658203125,0.9072943925857544
3140,972,1900,140.42633056640625,241.76605224609375,198.96185302734375,127.9385986328125,0.8869132399559021
3141,973,29345,612.4927368164062,714.3234252929688,285.80841064453125,444.12445068359375,0.9562808275222778
3142,973,21771,183.89724731445312,884.55419921875,189.5673828125,186.1041259765625,0.9362100958824158
3143,973,16551,570.3285522460938,78.69876861572266,304.26666259765625,473.70345306396484,0.8427152037620544
3144,973,1900,180.9547119140625,267.2012939453125,131.2974853515625,199.59808349609375,0.8424612283706665
3145,974,29345,583.9052734375,674.54833984375,289.2884521484375,452.43017578125,0.9797186851501465
3146,974,16551,542.7969360351562,70.23365020751953,298.11553955078125,461.54564666748047,0.871375322341919
3147,974,1900,162.23915100097656,256.32379150390625,128.1063690185547,198.9423828125,0.8587607145309448
3148,974,21771,149.37774658203125,850.1380004882812,192.20126342773438,189.86248779296875,0.8290475010871887
3149,975,29345,117.58312225341797,157.02745056152344,275.7039260864258,410.50392150878906,0.9770688414573669
3150,975,21771,618.4168701171875,252.3715362548828,186.7523193359375,178.64149475097656,0.8751802444458008
3151,975,16551,103.834228515625,686.3571166992188,321.2803649902344,482.77471923828125,0.8562818765640259
3152,975,1900,683.31787109375,808.043212890625,132.8924560546875,206.35833740234375,0.8540709614753723
3153,979,22074,583.7356567382812,708.215576171875,187.19012451171875,194.7137451171875,0.9671662449836731
3154,979,3351,392.0774841308594,158.68817138671875,184.55349731445312,183.37820434570312,0.8176440000534058
3155,979,18357,68.5919189453125,548.8377685546875,291.0717468261719,338.6962890625,0.6936097741127014
3156,980,22074,169.77688598632812,311.206787109375,186.69357299804688,191.55517578125,0.9764373898506165
3157,980,18357,570.9912109375,306.27960205078125,288.2310791015625,319.962158203125,0.809198796749115
3158,980,3351,353.8706970214844,873.4232177734375,188.10684204101562,189.5146484375,0.7038111090660095
3159,982,3743,116.41777038574219,837.69482421875,333.9379119873047,331.0498046875,0.9286968111991882
3160,982,13395,630.460693359375,670.8907470703125,251.5303955078125,517.12353515625,0.9221204519271851
3161,982,23223,103.53926849365234,115.43590545654297,296.95130157470703,510.0631790161133,0.9109258055686951
3162,982,2483,660.2752685546875,112.61827087402344,215.25604248046875,476.4927520751953,0.8973701596260071
3163,983,23223,102.01937866210938,83.36204528808594,297.2159729003906,506.7289581298828,0.9496578574180603
3164,983,3743,114.63050842285156,826.7556762695312,324.51292419433594,320.67108154296875,0.9308304786682129
3165,983,13395,625.7099609375,673.1807861328125,238.21630859375,496.537353515625,0.9154333472251892
3166,983,2483,672.8884887695312,80.05760192871094,201.35040283203125,484.14479064941406,0.8656907081604004
3167,984,23223,539.0537109375,617.17822265625,297.834716796875,500.2728271484375,0.9231783747673035
3168,984,13395,85.41941833496094,83.83255004882812,231.29701232910156,478.9283142089844,0.9168215394020081
3169,984,3743,495.7366943359375,128.2514190673828,317.89642333984375,300.09947204589844,0.900915801525116
3170,984,2483,58.78862380981445,649.939453125,200.48496627807617,481.350341796875,0.7879416942596436
3171,985,29451,521.765625,807.7667846679688,417.112060546875,226.16156005859375,0.9083724617958069
3172,985,24850,117.2353286743164,738.564453125,200.30815887451172,283.11126708984375,0.8978683352470398
3173,985,1900,138.48660278320312,219.86431884765625,201.08551025390625,147.26016235351562,0.8942263126373291
3174,985,16548,576.0364379882812,188.31520080566406,230.372314453125,222.20787048339844,0.8894315958023071
3175,986,29451,44.51129913330078,231.05169677734375,406.82738494873047,227.6939697265625,0.9439273476600647
3176,986,1900,632.362548828125,899.7279052734375,209.9696044921875,153.8258056640625,0.9415133595466614
3177,986,24850,643.1259155273438,259.2193908691406,194.37542724609375,266.7618713378906,0.9315820932388306
3178,986,16548,142.99659729003906,838.4075927734375,241.15391540527344,235.2423095703125,0.8492627143859863
3179,988,22347,158.7036895751953,182.8351593017578,206.68617248535156,196.72279357910156,0.9074952006340027
3180,988,3483,599.3724365234375,868.900146484375,257.8865966796875,227.768310546875,0.8654146790504456
3181,988,36637,618.9114379882812,199.41806030273438,266.05194091796875,151.15145874023438,0.8359500169754028
3182,988,19861,125.49514770507812,865.2133178710938,219.83041381835938,165.19183349609375,0.668663501739502
3183,989,36637,590.5848999023438,194.89865112304688,259.41192626953125,153.00564575195312,0.8885422945022583
3184,989,22347,142.93978881835938,176.25125122070312,202.19967651367188,194.73583984375,0.8816448450088501
3185,989,3483,570.5363159179688,837.8167724609375,262.09930419921875,229.3206787109375,0.8560181260108948
3186,989,19861,88.82572174072266,826.5493774414062,227.2495346069336,177.0562744140625,0.8145036101341248
3187,990,22347,625.0167846679688,886.7138671875,215.477294921875,209.0859375,0.9146860837936401
3188,990,3483,152.20550537109375,218.50762939453125,247.38360595703125,219.71954345703125,0.8822921514511108
3189,990,36637,94.2075424194336,906.8506469726562,275.5579299926758,165.12432861328125,0.7640818357467651
3190,990,19861,639.5244750976562,277.3947448730469,219.28204345703125,169.85061645507812,0.604964017868042
3191,991,3544,91.62555694580078,220.9732208251953,205.72017669677734,201.22877502441406,0.9046686887741089
3192,991,10221,583.940185546875,771.5328979492188,227.9503173828125,224.12017822265625,0.903203010559082
3193,991,16548,572.3516235351562,220.79489135742188,233.07501220703125,226.20101928710938,0.8622750043869019
3194,991,21026,99.87533569335938,820.4116821289062,181.99459838867188,179.13348388671875,0.8039824366569519
3195,993,3544,108.61419677734375,231.9761962890625,209.83950805664062,201.3973388671875,0.9177960157394409
3196,993,16548,600.1583862304688,233.26904296875,239.85107421875,224.60159301757812,0.9042988419532776
3197,993,10221,611.5859375,810.9705810546875,224.1021728515625,217.6151123046875,0.8717130422592163
3198,993,21026,133.83450317382812,855.527099609375,179.20059204101562,175.5885009765625,0.7335129976272583
3199,994,3483,131.06826782226562,288.40380859375,278.5475769042969,174.54498291015625,0.9209555387496948
3200,994,27653,672.351318359375,257.60565185546875,220.87506103515625,193.72833251953125,0.8913674354553223
3201,994,30308,508.4631042480469,753.38671875,392.7307434082031,429.6319580078125,0.8706833124160767
3202,994,16262,116.290283203125,845.380859375,250.716552734375,242.4713134765625,0.8442492485046387
3203,996,27653,95.9227066040039,853.9696655273438,221.53487396240234,205.14276123046875,0.8884103894233704
3204,996,3483,588.2046508789062,846.2889404296875,283.26324462890625,165.2535400390625,0.8869605660438538
3205,996,30308,110.50459289550781,75.60482025146484,384.6713409423828,421.4422378540039,0.8733950257301331
3206,996,16262,623.3916015625,181.43460083007812,242.078857421875,231.7581787109375,0.7845873832702637
3207,997,29451,458.04400634765625,811.7657470703125,421.26031494140625,218.1942138671875,0.9111710786819458
3208,997,16551,589.204833984375,61.141700744628906,281.5074462890625,467.59615325927734,0.857003927230835
3209,997,1900,148.69967651367188,240.7257843017578,179.75216674804688,180.72679138183594,0.8161209225654602
3210,997,21771,124.35562133789062,806.0723876953125,192.42294311523438,188.84185791015625,0.7744011878967285
3211,998,29451,490.52703857421875,845.8026123046875,411.76654052734375,219.529541015625,0.9277026057243347
3212,998,16551,619.796875,68.13743591308594,283.522216796875,480.19618225097656,0.8507767915725708
3213,998,1900,167.8783416748047,248.14193725585938,182.9275665283203,182.15072631835938,0.8258094787597656
3214,998,21771,158.70761108398438,837.7572631835938,188.39227294921875,186.21600341796875,0.7621942758560181
3215,999,21771,641.9593505859375,291.5780944824219,190.205078125,180.05380249023438,0.9727124571800232
3216,999,1900,643.4036254882812,845.4161376953125,189.34478759765625,187.7801513671875,0.9179046750068665
3217,999,29451,104.80819702148438,233.8703155517578,408.5840148925781,220.59593200683594,0.9165213108062744
3218,999,16551,81.82327270507812,685.9274291992188,289.3534240722656,495.09991455078125,0.7884902954101562
