annotation_id,image_id,category_id,bbox_x,bbox_y,bbox_w,bbox_h,score
1,1,27926,598.9019775390625,669.0933227539062,256.6488037109375,489.21771240234375,0.9814223051071168
2,1,1900,157.73402404785156,250.5615081787109,203.5229339599609,127.43156433105467,0.9770969748497008
3,1,16551,553.1395874023438,72.8651351928711,400.6594848632813,402.77191162109375,0.9713603854179382
4,1,24850,170.07618713378906,740.3504638671875,183.05653381347656,295.7056884765625,0.944175124168396
5,10,16548,100.35997009277344,807.6514892578125,242.41575622558597,235.132080078125,0.9819349050521852
6,10,1900,642.6463623046875,843.9706420898438,188.834716796875,188.56024169921875,0.9774507284164428
7,10,29451,114.63333129882812,238.1580810546875,395.614990234375,218.91293334960935,0.9694445729255676
8,10,21771,643.4826049804688,288.3375549316406,187.437744140625,184.9130859375,0.94514000415802
9,100,1900,133.52536010742188,245.29542541503903,191.09524536132807,160.5248565673828,0.9845116138458252
10,100,16548,585.8147583007812,131.83377075195312,231.30126953125,225.2894287109375,0.976004123687744
11,100,33009,516.6503295898438,793.1753540039062,380.5782470703125,207.2403564453125,0.9644602537155152
12,100,18110,41.68061447143555,744.82763671875,311.2103576660156,302.163818359375,0.9196341037750244
13,1003,16232,647.5865478515625,184.5211181640625,192.49835205078125,181.38461303710935,0.980683982372284
14,1003,3483,609.4111938476562,790.1023559570312,271.66229248046875,211.8427734375,0.972675323486328
15,1003,27733,121.48982238769533,768.35546875,316.5908203125,274.659423828125,0.969845414161682
16,1003,34597,38.37765502929688,159.7494659423828,442.9938659667969,418.4221801757813,0.9682241678237916
17,1004,34597,512.4857788085938,661.6832885742188,452.4386596679688,436.51019287109375,0.9798755645751952
18,1004,16232,141.9868621826172,892.4500122070312,196.5119781494141,193.48333740234372,0.9788451790809632
19,1004,3483,121.97506713867188,305.9847106933594,272.9660949707031,201.78579711914065,0.9773892164230348
20,1004,27733,564.1387329101562,261.7974853515625,303.1830444335937,267.41851806640625,0.9721800088882446
21,1005,16232,619.7353515625,178.36810302734375,186.66387939453125,182.85202026367188,0.9792267680168152
22,1005,3483,576.842041015625,759.7147827148438,277.6510009765625,208.8306884765625,0.9745137095451356
23,1005,34597,24.864238739013672,118.90330505371094,438.1808776855469,431.0474243164063,0.9702226519584656
24,1005,27733,84.97906494140625,724.66845703125,323.249755859375,284.9454345703125,0.9638358950614928
25,1006,25367,44.75661087036133,172.61569213867188,446.9076232910156,435.3123474121094,0.980132818222046
26,1006,25469,46.942264556884766,855.1694946289062,374.6987915039063,222.51922607421875,0.9779927730560304
27,1006,20238,614.5330810546875,194.33883666992188,231.165771484375,217.3907165527344,0.9736868143081664
28,1006,3483,602.5796508789062,842.7784423828125,277.6541748046875,190.603515625,0.9724814891815186
29,1007,25367,33.24846267700195,154.0072021484375,426.2016906738281,425.8170166015625,0.97771418094635
30,1007,25469,12.440552711486816,812.3697509765625,382.1766357421875,221.3519287109375,0.9759313464164734
31,1007,3483,575.1052856445312,810.5289916992188,280.00787353515625,195.5067138671875,0.9724689722061156
32,1007,20238,587.1607055664062,191.111328125,223.2945556640625,213.56838989257807,0.967723786830902
33,1009,25469,11.673994064331056,812.7730102539062,382.2128601074219,221.35333251953125,0.9767886400222778
34,1009,3483,575.9960327148438,811.2034301757812,278.56866455078125,192.79571533203125,0.9738762974739076
35,1009,16262,547.0655517578125,188.2325439453125,236.66656494140625,228.2069091796875,0.970876157283783
36,1009,22347,76.7739486694336,196.2833251953125,203.65768432617188,198.38101196289065,0.9648627042770386
37,1010,25469,51.50756454467773,855.4813842773438,371.8001098632813,222.59161376953125,0.9769163727760316
38,1010,16262,572.309814453125,195.9151611328125,244.7657470703125,227.93450927734372,0.9768269658088684
39,1010,3483,603.2312622070312,842.9586181640625,276.92901611328125,190.83349609375,0.9728386998176576
40,1010,22347,92.8328857421875,204.72938537597656,206.54486083984372,199.5005645751953,0.9638847708702089
41,1012,1900,142.85931396484375,243.89036560058597,198.58078002929688,124.5186004638672,0.9789658784866332
42,1012,27926,571.6842041015625,626.8510131835938,258.08251953125,496.6793823242188,0.978592574596405
43,1012,16548,610.6927490234375,159.66050720214844,231.8463134765625,221.56092834472656,0.9750168323516846
44,1012,24850,139.60128784179688,701.3790893554688,186.09262084960935,299.31451416015625,0.9588791131973268
45,1013,16548,102.8520278930664,868.1879272460938,243.2713928222656,234.81695556640625,0.9785246253013612
46,1013,27926,144.88560485839844,143.9021759033203,260.60845947265625,457.321533203125,0.9780328273773192
47,1013,1900,629.416015625,893.0767822265625,211.97662353515625,133.111572265625,0.9678788781166076
48,1013,24850,634.105224609375,270.7004699707031,182.29986572265625,280.2185363769531,0.9458481669425964
49,1014,27926,599.1812133789062,669.363525390625,256.3702392578125,489.0435791015625,0.9813637733459472
50,1014,16548,640.822021484375,164.07371520996094,237.52618408203125,225.0059356689453,0.9795772433280944
51,1014,1900,157.9130859375,250.76901245117188,203.06878662109372,127.66842651367188,0.9771082401275636
52,1014,24850,172.72682189941406,739.5032348632812,179.1123504638672,301.88153076171875,0.9445008635520936
53,1015,3483,651.8715209960938,748.784912109375,209.85296630859372,265.51641845703125,0.9815766215324402
54,1015,20877,116.62220001220705,768.5134887695312,331.6619873046875,229.2796630859375,0.9777992367744446
55,1015,35206,659.3109130859375,177.59344482421875,222.3157958984375,401.590087890625,0.9777236580848694
56,1015,30308,67.21411895751953,126.95453643798828,400.4586181640625,408.85784912109375,0.974480152130127
57,1016,20877,540.3624267578125,291.45660400390625,334.844482421875,237.28326416015625,0.9813886880874634
58,1016,3483,141.30422973632812,292.175048828125,211.49737548828125,257.4647827148437,0.9764755964279176
59,1016,30308,526.2930908203125,720.9127197265625,410.5711059570313,414.0208740234375,0.9761005640029908
60,1016,35206,93.77644348144533,675.126220703125,240.04747009277344,408.824462890625,0.975690484046936
61,1018,3483,120.53014373779295,307.1971130371094,275.0199279785156,199.38430786132807,0.9768930673599244
62,1018,30308,440.3174743652344,736.8294067382812,469.8356628417969,311.95294189453125,0.9750303030014038
63,1018,29667,86.68280029296875,859.357421875,229.57766723632807,228.92333984375,0.9709954261779784
64,1018,27733,561.1696166992188,256.4986877441406,300.78973388671875,263.4219055175781,0.9640865921974182
65,1019,27733,130.64683532714844,776.5253295898438,309.8531494140625,273.76397705078125,0.972765564918518
66,1019,3483,609.584228515625,788.94482421875,271.8988647460937,213.16552734375,0.9725492596626282
67,1019,30308,96.85057067871094,210.81430053710935,449.6725463867188,300.9801940917969,0.9686739444732666
68,1019,29667,669.2543334960938,181.53103637695312,225.0635986328125,214.6466064453125,0.9490649104118348
69,102,1900,153.45899963378906,255.02682495117188,195.4055328369141,161.29824829101562,0.9830262064933776
70,102,16548,613.3055419921875,136.14181518554688,238.426513671875,227.72454833984372,0.9795722365379332
71,102,33009,552.1923217773438,835.819091796875,366.8421630859375,200.4705810546875,0.9474014639854432
72,102,18110,75.5036392211914,789.9110107421875,306.5207214355469,295.70166015625,0.9215458631515504
73,1020,3483,579.493896484375,759.1620483398438,275.3487548828125,208.85577392578125,0.9720744490623474
74,1020,27733,93.9877700805664,735.47216796875,315.7193298339844,276.4766845703125,0.9711107611656188
75,1020,30308,84.3865966796875,186.39210510253903,438.4596557617188,303.458251953125,0.9659031629562378
76,1020,29667,641.336669921875,177.1177520751953,216.85113525390625,214.7463836669922,0.9583309292793274
77,1022,29451,38.26510238647461,800.303466796875,417.8108520507813,227.0845947265625,0.9818376898765564
78,1022,1900,148.35452270507812,240.83746337890625,178.91329956054688,181.29931640625,0.9761486053466796
79,1022,16551,621.754150390625,26.515430450439453,285.20330810546875,458.51507568359375,0.9730541110038756
80,1022,33208,584.7112426757812,810.8789672851562,212.46881103515625,207.2679443359375,0.9716297388076782
81,1023,29451,71.0113296508789,845.869140625,416.33349609375,214.621337890625,0.9841837882995604
82,1023,1900,166.78060913085938,246.78245544433597,183.156982421875,183.45790100097656,0.9814056754112244
83,1023,16551,653.9030151367188,28.98765182495117,290.63165283203125,485.9449768066406,0.974521815776825
84,1023,33208,610.3648681640625,847.6909790039062,208.7945556640625,194.33831787109372,0.9613185524940492
85,1025,3483,143.43971252441406,289.27398681640625,209.2556304931641,257.9581298828125,0.9822600483894348
86,1025,20877,544.0396728515625,292.64727783203125,327.6654663085937,237.205810546875,0.9809747934341432
87,1025,28763,642.5340576171875,858.83740234375,222.66339111328125,216.00439453125,0.9775469303131104
88,1025,16262,109.7479248046875,835.38623046875,249.20480346679688,241.899169921875,0.9769260287284852
89,1026,3483,650.849365234375,749.5983276367188,210.03167724609372,266.52764892578125,0.9813259840011596
90,1026,20877,116.64038848876952,769.4457397460938,330.19219970703125,229.44219970703125,0.978927195072174
91,1026,16262,628.6900024414062,190.74447631835935,246.493896484375,234.12332153320312,0.9772518873214722
92,1026,28763,135.10018920898438,204.98394775390625,211.9810791015625,201.8765563964844,0.9720102548599244
93,1027,13900,187.3513946533203,282.7224426269531,201.4687042236328,232.39974975585935,0.9723265171051024
94,1027,3351,353.1674194335937,882.547607421875,189.6064453125,193.4432373046875,0.951288104057312
95,1027,22074,593.857177734375,261.82879638671875,197.353515625,183.32891845703125,0.5963781476020813
96,1027,16232,601.26806640625,264.09112548828125,189.27496337890625,183.452392578125,0.5864937901496887
97,1028,13900,554.0804443359375,704.0135498046875,203.94061279296875,249.92718505859372,0.9710956811904908
98,1028,3351,390.58782958984375,157.745849609375,185.8782958984375,188.6011962890625,0.968100607395172
99,1028,16232,133.7168426513672,777.4283447265625,194.01451110839844,194.361328125,0.9664053320884703
100,1029,13900,592.2496337890625,797.6641235351562,201.2493896484375,243.38763427734372,0.970739245414734
101,1029,3351,434.6433410644531,217.091796875,185.58273315429688,181.59542846679688,0.968834400177002
102,1029,16232,177.86221313476562,865.13427734375,188.5384826660156,196.89794921875,0.9475075006484984
103,1030,34597,43.0407600402832,142.5061798095703,450.5980224609375,412.1519165039063,0.9779505133628844
104,1030,3483,578.8117065429688,758.3590087890625,276.662109375,209.33685302734372,0.9737499952316284
105,1030,27733,85.25597381591797,724.889892578125,323.4971923828125,284.68963623046875,0.963995397090912
106,1030,35206,568.0904541015625,115.94092559814452,251.95989990234372,382.7137451171875,0.9525306820869446
107,1034,28763,649.3801879882812,881.6119995117188,223.72357177734372,214.93170166015625,0.9843875169754028
108,1034,3483,150.99880981445312,218.65562438964844,246.89938354492188,221.1460418701172,0.972942054271698
109,1034,36637,92.52838134765624,909.1402587890624,280.2572326660156,162.7191162109375,0.9658498764038086
110,1034,19861,638.7469482421875,277.8583984375,221.04010009765625,171.08529663085938,0.9535223245620728
111,1039,16262,575.5185546875,195.01370239257807,243.20477294921875,234.32989501953125,0.984716773033142
112,1039,28763,126.92034149169922,212.6441650390625,210.59603881835935,203.78741455078125,0.9796297550201416
113,1039,25469,48.0745849609375,855.8780517578125,373.0155029296875,222.2430419921875,0.9787196516990662
114,1039,3483,603.2034912109375,843.0689697265625,277.22222900390625,190.485595703125,0.9724268317222596
115,104,3351,325.33233642578125,203.97320556640625,182.0318298339844,189.15921020507807,0.9768624305725098
116,104,21325,616.4635620117188,755.951171875,174.455810546875,237.54681396484372,0.9748247861862184
117,104,18357,110.32147216796876,610.8239135742188,248.20169067382807,374.262939453125,0.9385067820549012
118,1041,16262,165.64210510253906,833.7361450195312,250.4274139404297,241.25897216796875,0.9838866591453552
119,1041,28763,651.8594970703125,850.2241821289062,221.89776611328125,216.49847412109372,0.981477439403534
120,1041,25469,571.0151977539062,231.8827972412109,374.5574340820313,218.4799652099609,0.973854124546051
121,1041,3483,124.53712463378906,271.2382202148437,271.04266357421875,190.69552612304688,0.9737006425857544
122,1043,35206,509.3031311035156,602.8978271484375,245.5389709472656,418.6429443359375,0.9653545618057252
123,1043,3351,314.7250366210937,169.5684814453125,181.2510986328125,187.60052490234372,0.961187481880188
124,1043,18357,53.68647003173828,624.9864501953125,270.7505798339844,359.7823486328125,0.94912189245224
125,1044,3351,354.1913757324219,228.65858459472656,184.55514526367188,182.2939300537109,0.9809534549713136
126,1044,35206,550.8670043945312,700.7418212890625,237.85064697265625,415.250244140625,0.9602652192115784
127,1044,18357,94.7060546875,722.6167602539062,262.6059265136719,349.5829467773437,0.9547129273414612
128,1045,20877,38.9334831237793,758.799072265625,331.73406982421875,247.77557373046875,0.9869931936264038
129,1045,3483,626.9789428710938,717.01513671875,205.90289306640625,273.66827392578125,0.9782946705818176
130,1045,28763,134.77981567382812,213.11105346679688,207.84503173828125,201.1483459472656,0.9716663956642152
131,1045,29667,594.7689819335938,179.5741424560547,220.39471435546875,213.87391662597656,0.9506770372390748
132,1046,3483,650.22998046875,750.2443237304688,210.79791259765625,266.370361328125,0.9818018078804016
133,1046,20877,72.95787048339844,800.8898315429688,326.94976806640625,241.29449462890625,0.9796060919761658
134,1046,28763,152.63726806640625,221.71815490722656,211.94439697265625,202.8311920166016,0.973812997341156
135,1046,29667,622.0249633789062,184.74313354492188,225.9400634765625,213.76348876953125,0.9563819766044616
136,1047,28763,626.0446166992188,845.7339477539062,221.77294921875,209.57501220703125,0.983936071395874
137,1047,20877,585.810546875,256.325927734375,332.20068359375,244.01715087890625,0.982203245162964
138,1047,3483,143.19998168945312,288.9637451171875,209.867919921875,257.43756103515625,0.9818967580795288
139,1047,29667,131.7241668701172,859.6948852539062,231.9625701904297,227.99542236328125,0.9651378989219666
140,1050,22627,86.10477447509766,178.22525024414062,347.41217041015625,468.6219787597656,0.971265435218811
141,1050,2483,649.4605712890625,88.20364379882812,199.00103759765625,481.2184753417969,0.9655928015708924
142,1050,5094,133.15016174316406,847.0879516601562,281.51824951171875,275.71319580078125,0.950390875339508
143,1050,22362,603.245361328125,775.3009033203125,263.68365478515625,423.961181640625,0.9464519619941713
144,1051,2483,90.34117889404295,671.126953125,224.87960815429688,495.025634765625,0.9634014368057252
145,1051,5094,550.271484375,194.3269805908203,269.66229248046875,262.71826171875,0.9577860236167908
146,1051,4378,135.5608673095703,109.58448028564452,214.44444274902344,438.0978393554688,0.9554890394210817
147,1051,23223,482.0719604492188,656.9635009765625,396.20452880859375,478.5303955078125,0.8941819667816162
148,1053,2483,622.421142578125,55.62825775146485,215.2774658203125,478.5028381347656,0.9672840237617492
149,1053,23223,73.38951110839844,79.11632537841797,381.8484497070313,466.3048095703125,0.9569697380065918
150,1053,5094,102.25045776367188,800.1073608398438,281.7646179199219,276.70904541015625,0.9546738266944884
151,1053,4378,585.3358764648438,698.4654541015625,219.15020751953125,464.8243408203125,0.9475142359733582
152,1055,31885,58.37203979492188,35.546817779541016,422.6360473632813,481.7640380859375,0.981692671775818
153,1055,3483,573.2581176757812,767.5550537109375,273.8031616210937,203.2366943359375,0.9739468097686768
154,1055,27733,82.34381866455078,732.8910522460938,323.9359436035156,269.1944580078125,0.9680845141410828
155,1055,29667,645.4096069335938,185.26907348632807,222.30047607421875,214.58023071289065,0.9645240902900696
156,1056,31885,70.56438446044922,53.97940444946289,434.2095336914063,488.0961608886719,0.9764032959938048
157,1056,3483,598.1650390625,800.872314453125,274.66558837890625,203.448974609375,0.9756351709365844
158,1056,27733,114.84368896484376,775.3855590820312,323.8156433105469,263.16754150390625,0.9704990983009338
159,1056,29667,678.3241577148438,188.5280914306641,226.27069091796875,214.16050720214844,0.9601033329963684
160,1057,25438,109.9317626953125,829.7098999023438,256.2450866699219,253.21026611328125,0.9702340960502625
161,1057,2483,612.3388671875,71.66261291503906,240.359375,464.0637817382813,0.9666906595230104
162,1057,4378,646.7902221679688,711.5255737304688,215.87237548828125,457.6978149414063,0.9655431509017944
163,1057,12778,81.35990905761719,77.47404479980469,327.41131591796875,506.9436645507813,0.9621734023094176
164,1058,25438,108.18543243408205,840.7017211914062,259.9639892578125,264.9535522460937,0.97080260515213
165,1058,2483,599.900634765625,95.70938110351562,249.3748779296875,465.3973693847656,0.9701740741729736
166,1058,12778,83.16536712646484,117.95011138916016,330.3312072753906,498.0618591308594,0.964336633682251
167,1058,4378,659.7632446289062,706.6104736328125,211.47625732421875,468.9400634765625,0.960525929927826
168,1060,25438,555.1689453125,204.43197631835935,246.36181640625,252.98065185546875,0.9673587083816528
169,1060,22627,525.1925048828125,640.2055053710938,362.0685424804688,471.67913818359375,0.9649137854576112
170,1060,2483,113.08363342285156,679.1460571289062,217.1267852783203,494.0437622070313,0.9617776274681092
171,1060,13395,115.47040557861328,56.590576171875,237.83139038085935,481.22845458984375,0.9570534825325012
172,1064,34597,59.43817901611328,134.3799285888672,448.5196533203125,414.49560546875,0.9826549887657166
173,1064,25469,48.03361129760742,854.9737548828125,373.3687438964844,222.7681884765625,0.9789495468139648
174,1064,20238,614.7675170898438,194.1678009033203,230.59393310546875,217.6846160888672,0.9736132621765136
175,1064,3483,603.0048828125,843.3360595703125,276.3717041015625,189.5338134765625,0.9728500843048096
176,1065,34597,479.6230163574219,684.28369140625,471.7120056152344,435.9996337890625,0.9797196984291076
177,1065,20238,139.42115783691406,848.9451904296875,231.3824005126953,228.5782470703125,0.9752022624015808
178,1065,3483,126.8502960205078,271.3950500488281,268.3382568359375,190.13323974609372,0.9725239276885986
179,1065,25469,571.240966796875,230.66302490234372,379.7208251953125,219.01467895507807,0.9670729041099548
180,1067,16262,118.4822235107422,847.0921630859375,246.9308013916016,239.766357421875,0.9804036617279052
181,1067,3483,131.6920623779297,288.6896057128906,277.05279541015625,174.79861450195312,0.9749479293823242
182,1067,31885,552.8429565429688,676.4537353515625,401.22796630859375,521.4034423828125,0.9732986688613892
183,1067,27653,671.4100952148438,253.70274353027344,219.7015380859375,201.9616851806641,0.9558367729187012
184,1069,16548,644.5723266601562,165.4214324951172,236.44305419921875,224.9228057861328,0.9812694787979126
185,1069,1900,621.9966430664062,888.7286987304688,209.31646728515625,143.33795166015625,0.9754484295845032
186,1069,21771,115.33385467529295,200.97369384765625,191.63812255859372,186.8104248046875,0.9675776362419128
187,1069,21026,137.032958984375,868.2503662109375,181.44207763671875,176.1920166015625,0.9646110534667968
188,1070,16548,100.03449249267578,865.4547729492188,243.2193298339844,238.10565185546875,0.977690041065216
189,1070,21026,676.5181884765625,274.2987976074219,173.02984619140625,170.68063354492188,0.974294662475586
190,1070,1900,172.51548767089844,280.5143737792969,204.5315704345703,141.4161376953125,0.9722676873207092
191,1070,21771,687.3850708007812,880.685546875,196.51904296875,193.2889404296875,0.9560914635658264
192,1073,36637,635.5985107421875,179.07769775390625,182.7393798828125,238.001953125,0.9834624528884888
193,1073,3483,535.7177124023438,777.35888671875,267.06689453125,227.9290771484375,0.9761242866516112
194,1073,22347,113.2193832397461,197.41195678710935,203.53305053710935,198.42752075195312,0.9716752171516418
195,1073,27777,143.45892333984375,773.4114379882812,180.97320556640625,205.527587890625,0.9690247774124146
196,1075,16551,90.32683563232422,596.8927001953125,343.24298095703125,459.9005126953125,0.9750746488571168
197,1075,3544,100.91041564941406,161.03416442871094,204.94337463378903,199.3263702392578,0.9644694328308104
198,1075,4543,607.5391845703125,141.7774658203125,207.61456298828125,195.4583740234375,0.9359620809555054
199,1075,29871,604.8411865234375,772.3771362304688,201.00164794921875,233.850341796875,0.7124308347702026
200,1076,16551,534.5274047851562,191.63233947753903,331.02313232421875,440.3346557617188,0.9753400087356568
201,1076,3544,667.8387451171875,898.1876220703125,214.86016845703125,215.405029296875,0.9745030403137208
202,1076,4543,127.97117614746094,913.1342163085938,218.5421295166016,215.24114990234372,0.9552138447761536
203,1076,29871,165.53480529785156,276.2186584472656,207.85557556152344,209.8838806152344,0.7232775092124939
204,1077,3544,116.21562957763672,168.17344665527344,207.99334716796875,199.24339294433597,0.9764602780342102
205,1077,16551,126.03820037841795,648.8765869140625,331.7852783203125,456.9912109375,0.9741480350494384
206,1077,4543,638.8319702148438,143.16026306152344,211.8631591796875,199.5313262939453,0.951909065246582
207,1077,29871,626.0858764648438,807.70166015625,210.946533203125,214.133544921875,0.7196111083030701
208,1079,20877,72.84961700439453,800.8851928710938,321.2086486816406,244.04107666015625,0.985905647277832
209,1079,3483,647.94287109375,753.7420043945312,210.69976806640625,269.861328125,0.978129506111145
210,1079,22347,117.1035614013672,217.2384796142578,209.28614807128903,200.7693328857422,0.9737344980239868
211,1079,29667,623.6436157226562,185.31231689453125,224.2021484375,214.5789794921875,0.966665506362915
212,108,12778,109.50413513183594,45.60617446899414,289.312744140625,530.7505493164062,0.9732932448387146
213,108,25438,142.82766723632812,843.32666015625,252.67984008789065,254.4500732421875,0.9712762236595154
214,108,2483,602.3770141601562,82.80752563476562,248.90936279296875,478.7068786621094,0.9706620573997498
215,108,22362,584.7166137695312,743.1719970703125,259.13885498046875,416.5538330078125,0.9295265674591064
216,1080,20877,37.68267440795898,756.8605346679688,329.3026123046875,250.2733154296875,0.986944854259491
217,1080,3483,620.7605590820312,721.4285278320312,209.7991943359375,271.30328369140625,0.9784474968910216
218,1080,22347,102.27417755126952,208.7113342285156,203.5941467285156,199.3125915527344,0.9669688940048218
219,1080,29667,594.9815063476562,182.76361083984372,221.774169921875,212.25604248046875,0.95627760887146
220,1081,44199,92.89301300048828,183.83331298828125,260.1475524902344,231.9688720703125,0.9830753803253174
221,1081,1900,608.73974609375,900.3182983398438,208.57293701171875,136.47833251953125,0.9754828214645386
222,1081,21026,123.4533233642578,865.810791015625,183.7852935791016,176.5869140625,0.9632869362831116
223,1081,16551,479.93939208984375,207.7947540283203,455.3618774414063,318.404541015625,0.9630738496780396
224,1085,20877,85.98485565185547,725.8353271484375,330.4993591308594,241.422607421875,0.9830626249313354
225,1085,16232,628.2278442382812,222.3724365234375,183.95123291015625,182.606201171875,0.9808958768844604
226,1085,25367,32.547542572021484,128.75636291503906,443.4568786621094,419.07818603515625,0.9783802628517152
227,1085,3483,627.5081176757812,716.3280639648438,206.00799560546875,272.15399169921875,0.9782950282096864
228,1087,31705,570.8844604492188,675.2752685546875,254.14947509765625,454.2862548828125,0.9853378534317015
229,1087,3544,135.40103149414062,174.96998596191406,201.04928588867188,198.8330535888672,0.972868800163269
230,1087,16551,87.6512680053711,589.08544921875,291.78228759765625,486.93994140625,0.9710217118263244
231,1087,10221,625.3942260742188,203.4686737060547,215.326904296875,216.0232086181641,0.9510377049446106
232,1089,31705,148.3626251220703,148.38458251953125,256.2769775390625,414.76068115234375,0.9806843400001526
233,1089,16551,580.5114135742188,183.1492919921875,291.59967041015625,459.6949462890625,0.9704354405403136
234,1089,3544,635.5645141601562,887.6630859375,214.5828857421875,211.423828125,0.964428722858429
235,1089,10221,103.13375854492188,833.5770874023438,232.6474609375,223.47308349609372,0.9456730484962464
236,109,25367,571.64501953125,721.2742309570312,391.10693359375,490.2593383789063,0.9843248128890992
237,109,3483,150.697021484375,218.604736328125,246.93341064453125,222.3397216796875,0.9729096293449402
238,109,19861,638.8152465820312,277.46942138671875,220.72528076171875,172.20828247070312,0.9539102911949158
239,109,35206,106.50885772705078,772.0366821289062,300.50811767578125,395.9588012695313,0.9526453018188475
240,1092,44199,129.79429626464844,242.5013732910156,246.6376190185547,231.28680419921875,0.977875828742981
241,1092,1900,649.6343994140625,849.716064453125,212.91558837890625,159.50787353515625,0.9759654998779296
242,1092,16548,82.58322143554688,912.8973999023438,242.86395263671875,239.09307861328125,0.9725465774536132
243,1092,33009,563.8103637695312,219.56727600097656,313.0792236328125,287.20623779296875,0.9261006712913512
244,1093,34597,502.52142333984375,696.6661376953125,453.4781494140625,434.5115966796875,0.9775585532188416
245,1093,16262,101.8329849243164,849.7792358398438,248.05682373046875,243.24700927734372,0.9768580198287964
246,1093,3483,151.2947540283203,218.85337829589844,246.0143585205078,222.3117828369141,0.9731850624084472
247,1093,19861,638.4922485351562,278.16796875,220.96014404296875,171.30712890625,0.9540260434150696
248,1095,16262,637.3184204101562,178.99085998535156,246.85491943359372,227.6146697998047,0.978529453277588
249,1095,34597,43.67632293701172,119.6268539428711,445.0892333984375,425.4236755371094,0.9748448133468628
250,1095,3483,599.4014282226562,868.2373657226562,260.9164428710937,228.27203369140625,0.9727929830551147
251,1095,19861,126.14452362060548,865.9453735351562,221.572021484375,167.27032470703125,0.963533341884613
252,1096,6563,164.0521240234375,673.1455688476562,222.33404541015625,364.6061401367188,0.9816205501556396
253,1096,3544,92.98319244384766,196.0802764892578,200.91079711914065,197.7082977294922,0.9651721119880676
254,1096,16551,478.4958801269531,115.9420394897461,443.0890197753906,322.2323608398437,0.9646779298782348
255,1096,27993,545.7864379882812,775.8865356445312,315.42388916015625,240.7425537109375,0.8753424286842346
256,1097,6563,196.23719787597656,713.6508178710938,219.6593170166016,361.3976440429688,0.9836392402648926
257,1097,3544,110.22402954101562,207.3274078369141,206.8045654296875,197.7374725341797,0.9612597227096558
258,1097,16551,505.3204040527344,131.22161865234375,458.5079040527344,322.2398986816406,0.9597764015197754
259,1097,27993,576.0929565429688,813.787109375,306.2930908203125,233.635986328125,0.9167855381965636
260,1098,6563,581.53857421875,235.04324340820312,212.58551025390625,332.8205871582031,0.9744701981544496
261,1098,3544,676.978515625,862.8456420898438,215.60699462890625,210.16131591796875,0.9727845191955566
262,1098,16551,12.20800495147705,788.3479614257812,475.4612731933594,336.22467041015625,0.96297025680542
263,1098,27993,122.17963409423828,257.0387268066406,298.6321105957031,234.34390258789065,0.8635016083717346
264,110,25367,35.268680572509766,49.20700073242188,385.59674072265625,482.1927795410156,0.9874666333198548
265,110,3483,599.8866577148438,867.790771484375,260.45709228515625,228.8367919921875,0.9729599952697754
266,110,19861,126.45083618164062,866.115966796875,221.49224853515625,166.85595703125,0.9634815454483032
267,110,35206,580.1586303710938,96.68270111083984,291.45672607421875,377.9744262695313,0.9450500011444092
268,1100,36637,635.3878173828125,178.92755126953125,183.2685546875,238.93707275390625,0.984103798866272
269,1100,3483,535.6926879882812,776.8788452148438,266.88824462890625,228.595703125,0.9766840934753418
270,1100,27777,143.2543487548828,773.6929321289062,180.8011932373047,205.44732666015625,0.9710885882377625
271,1100,31885,57.781585693359375,95.37520599365234,414.5083312988281,497.8476257324219,0.9693806171417236
272,1101,36637,666.4458618164062,183.74327087402344,184.654296875,245.9861602783203,0.975906789302826
273,1101,3483,565.9940185546875,813.5733642578125,263.274658203125,220.3343505859375,0.9746379256248474
274,1101,31885,70.31971740722656,121.15599060058594,422.5955810546875,496.7159423828125,0.9730803966522216
275,1101,27777,176.9641571044922,810.228271484375,174.91734313964844,202.046142578125,0.9659189581871032
276,1105,3483,610.2846069335938,788.5430908203125,271.99420166015625,213.73480224609372,0.9731930494308472
277,1105,35206,598.1001586914062,127.9083480834961,257.96258544921875,393.1777648925781,0.9721390008926392
278,1105,27733,123.47762298583984,767.79736328125,315.0599670410156,276.2342529296875,0.9707504510879515
279,1105,22347,110.4350814819336,211.31832885742188,208.1966857910156,197.82415771484372,0.9584482312202454
280,1109,16262,620.1914672851562,181.89886474609372,245.17852783203125,233.2098388671875,0.9746389389038086
281,1109,28763,138.437255859375,223.942138671875,215.2835998535156,203.628173828125,0.9734925627708436
282,1109,3483,586.6240234375,845.9616088867188,284.31109619140625,165.45269775390625,0.968835949897766
283,1109,27653,95.1423797607422,851.6430053710938,221.83497619628903,207.51263427734372,0.9548459649086
284,1111,3483,557.3074951171875,811.7553100585938,289.4843139648437,174.4102783203125,0.9725916385650636
285,1111,28763,116.7226333618164,189.40509033203125,207.63363647460935,197.28350830078125,0.9714396595954896
286,1111,29667,604.9398193359375,174.89260864257812,218.04296875,215.0860290527344,0.9612941145896912
287,1111,27653,60.45402908325195,810.0338134765625,225.1840362548828,211.5543212890625,0.95016211271286
288,1114,3483,131.41278076171875,288.74224853515625,276.864501953125,174.96322631835938,0.9759835600852966
289,1114,30308,550.814453125,695.5380859375,398.955078125,422.5169677734375,0.9716414213180542
290,1114,35206,103.62796020507812,693.2767944335938,203.73269653320312,412.5220336914063,0.9716074466705322
291,1114,27653,671.2081909179688,253.0886383056641,219.73077392578125,202.2126922607422,0.956322431564331
292,1115,35206,648.2965087890625,142.39340209960938,201.58819580078125,399.5249328613281,0.9746461510658264
293,1115,3483,558.00146484375,812.6142578125,289.2426147460937,173.231201171875,0.9711389541625975
294,1115,30308,40.2950553894043,120.73448181152344,381.1472778320313,408.05078125,0.9682266116142272
295,1115,27653,60.06840515136719,810.2962036132812,227.3825836181641,208.41082763671875,0.9566958546638488
296,1116,35206,678.04931640625,159.41683959960938,207.31024169921875,399.6974182128906,0.9776801466941832
297,1116,30308,53.75716400146485,141.2197265625,388.3962707519531,413.554931640625,0.9720136523246764
298,1116,3483,586.4749755859375,845.8624877929688,284.13232421875,165.69830322265625,0.9684202075004578
299,1116,27653,95.0804443359375,850.497802734375,222.29519653320312,208.88134765625,0.9561583995819092
300,1118,16548,97.34017181396484,875.0670166015625,246.93121337890625,247.2830810546875,0.982646644115448
301,1118,3544,674.1945190429688,859.6875,218.4232177734375,211.7391357421875,0.974002718925476
302,1118,6563,585.8648681640625,233.3177032470703,214.45758056640625,343.92626953125,0.9727762937545776
303,1118,29871,197.8820037841797,243.84881591796875,169.8474884033203,229.09371948242188,0.7910422682762146
304,1119,6563,192.8134307861328,707.5445556640625,216.3751983642578,365.0260009765625,0.98466819524765
305,1119,16548,645.3621215820312,145.76809692382812,236.77447509765625,229.0511779785156,0.9823274612426758
306,1119,3544,107.6756591796875,207.9574279785156,208.71420288085935,199.6279296875,0.9687619805336
307,1119,29871,635.633056640625,823.841064453125,168.38995361328125,242.3533935546875,0.8068394660949707
308,112,16551,155.54702758789062,590.5963134765625,306.9271545410156,470.9302978515625,0.9725754261016846
309,112,3544,126.84648895263672,232.50315856933597,207.69290161132807,206.08497619628903,0.9690335988998412
310,112,10221,633.4223022460938,200.19387817382807,225.6510009765625,218.47747802734372,0.9657418131828308
311,112,33009,565.031005859375,807.9583129882812,363.4280395507813,211.23126220703125,0.9528831839561462
312,1121,28763,619.7396240234375,860.9696655273438,221.3580322265625,212.50994873046875,0.9838603734970092
313,1121,3483,125.4748306274414,270.7903137207031,270.6080322265625,189.70458984375,0.973428189754486
314,1121,25469,574.4295654296875,187.11029052734372,332.44000244140625,287.0391845703125,0.9664224982261658
315,1121,29667,136.420654296875,870.3935546875,231.98681640625,224.7652587890625,0.9615817070007324
316,1123,16262,152.15411376953125,803.6875,248.0684814453125,239.491943359375,0.9827889800071716
317,1123,25367,487.0118103027344,668.9985961914062,453.3732604980469,436.98150634765625,0.9827623963356018
318,1123,3483,121.64463806152344,306.2652893066406,273.2647705078125,201.17755126953125,0.9777451157569884
319,1123,27733,564.1575317382812,262.8822937011719,304.5302734375,267.4830017089844,0.9714061617851256
320,1125,25367,64.91045379638672,158.65733337402344,439.7744140625,429.27392578125,0.9808777570724488
321,1125,16262,588.9420776367188,228.0127868652344,244.317626953125,228.41973876953125,0.9733701348304749
322,1125,3483,609.719482421875,789.125,271.32672119140625,213.4036865234375,0.9727184176445008
323,1125,27733,122.04943084716795,768.5010986328125,316.06109619140625,274.3656005859375,0.9707011580467224
324,1126,31885,502.7196960449219,734.81005859375,471.9419250488281,474.99853515625,0.9858403205871582
325,1126,3483,144.59922790527344,289.6482238769531,209.1304168701172,256.6781921386719,0.9822795987129213
326,1126,20877,545.3715209960938,293.6408996582031,328.1932373046875,235.52835083007807,0.9807487726211548
327,1126,16262,110.94727325439452,834.6959228515625,247.7650451660156,242.302001953125,0.976704478263855
328,1129,3483,121.76891326904295,306.22198486328125,272.9673156738281,200.585693359375,0.9767382740974426
329,1129,27733,562.4042358398438,259.6452941894531,303.4535522460937,268.7973327636719,0.971233069896698
330,1129,20238,109.50140380859376,853.3138427734375,234.9803466796875,228.1748046875,0.97120463848114
331,1129,22347,680.6539916992188,825.154296875,213.03131103515625,207.5849609375,0.9669363498687744
332,113,16551,534.967041015625,230.1357269287109,302.0987548828125,454.21142578125,0.97325199842453
333,113,3544,660.5799560546875,833.437744140625,213.5433349609375,210.0345458984375,0.972248077392578
334,113,33009,76.88394165039062,267.9567565917969,364.0613708496094,219.875244140625,0.9568095803260804
335,113,10221,126.9496078491211,843.8363037109375,229.27423095703125,227.800537109375,0.9326125979423524
336,1135,1900,153.8940887451172,254.6084442138672,195.8632659912109,161.96958923339844,0.9847456216812134
337,1135,16551,605.8143920898438,56.925418853759766,285.97381591796875,483.1690673828125,0.9717375636100768
338,1135,33009,551.656005859375,835.7332763671875,366.6452026367188,199.407958984375,0.947985827922821
339,1135,18110,75.76768493652344,789.9271850585938,306.3614501953125,295.58306884765625,0.9235944151878356
340,1136,1900,642.7032470703125,855.0963745117188,205.19769287109372,171.75823974609375,0.9812429547309875
341,1136,16551,91.01980590820312,700.537841796875,292.7707214355469,499.4842529296875,0.9717699885368348
342,1136,33009,88.1362533569336,252.08128356933597,365.8962707519531,212.96556091308597,0.9440720677375792
343,1136,18110,614.5247802734375,222.3679962158203,299.0186767578125,284.77008056640625,0.9064388275146484
344,1138,3483,560.1334228515625,811.7838134765625,289.03961181640625,173.714599609375,0.9729983806610109
345,1138,20238,594.8819580078125,172.85755920410156,218.843017578125,215.1352081298828,0.9710530638694764
346,1138,34597,30.76212882995605,80.39350891113281,372.9514770507813,485.4485473632813,0.9571019411087036
347,1138,27653,61.8477897644043,811.5682373046875,227.0332794189453,208.16448974609372,0.9556376338005066
348,114,16551,121.57508087158205,535.2635498046875,314.6708068847656,481.027099609375,0.976974070072174
349,114,10221,601.0553588867188,196.9391632080078,224.61627197265625,212.1334686279297,0.968512773513794
350,114,3544,109.07844543457033,224.9451141357422,206.3011932373047,201.0597076416016,0.9652023315429688
351,114,33009,530.2827758789062,764.4527587890625,374.6009521484375,225.16949462890625,0.9517614245414734
352,1140,3483,588.6116333007812,846.04443359375,283.56671142578125,165.08416748046875,0.9697810411453248
353,1140,20238,620.7528076171875,176.5186004638672,224.68756103515625,214.7866973876953,0.967915177345276
354,1140,27653,97.06390380859376,851.30712890625,221.87518310546875,208.3988037109375,0.9562214016914368
355,1140,34597,42.490631103515625,113.95484161376952,383.9237365722656,480.3630981445313,0.9503255486488342
356,1141,23223,569.51806640625,574.779296875,302.31396484375,499.5008544921875,0.9710212349891664
357,1141,25438,555.337158203125,195.4884490966797,247.99676513671875,252.50477600097656,0.9693580865859984
358,1141,2483,61.67716598510742,644.1664428710938,301.5853271484375,457.8003540039063,0.9600781798362732
359,1141,12081,60.6744499206543,120.32657623291016,234.9287872314453,425.9129943847656,0.9556771516799928
360,1142,23223,64.98297119140625,127.88330841064452,298.9257202148437,501.466064453125,0.9810780882835388
361,1142,25438,121.58103942871094,819.2903442382812,256.68170166015625,255.71942138671875,0.9732080698013306
362,1142,2483,583.0045776367188,115.05039978027344,287.2962646484375,445.443603515625,0.9535470604896544
363,1142,12081,646.73193359375,712.9268798828125,242.7596435546875,444.0618896484375,0.9480236172676086
364,1143,23223,66.94496154785156,164.31460571289062,300.7198486328125,493.1448669433594,0.9790721535682678
365,1143,25438,122.95153045654295,832.5987548828125,260.0090026855469,266.4488525390625,0.9755305647850036
366,1143,2483,568.3396606445312,144.0970916748047,300.48590087890625,436.6989135742188,0.9643704295158386
367,1143,12081,653.4099731445312,712.1029052734375,250.548095703125,465.184814453125,0.9435588717460632
368,1144,25469,46.80543899536133,855.26708984375,374.8356018066406,222.4974365234375,0.9797499179840088
369,1144,16262,571.7415771484375,196.11329650878903,245.20513916015625,230.3122711181641,0.978980839252472
370,1144,31885,56.73968124389648,173.645263671875,434.624755859375,484.3452758789063,0.976585865020752
371,1144,3483,603.25634765625,842.6311645507812,277.03271484375,190.41314697265625,0.9729853868484496
372,1148,3351,383.5895690917969,160.8350372314453,184.42166137695312,187.0332489013672,0.9739006757736206
373,1148,16232,148.98117065429688,730.864501953125,190.1561279296875,195.968505859375,0.9699299335479736
374,1148,41768,559.6277465820312,630.6461181640625,262.53662109375,302.60028076171875,0.9491866827011108
375,1149,3351,427.4126586914063,220.24436950683597,184.48046875,183.1584930419922,0.9654104709625244
376,1149,16232,188.7687530517578,820.2557983398438,191.58937072753903,191.43951416015625,0.9601073861122132
377,1149,41768,597.2259521484375,717.1087646484375,260.96240234375,311.71923828125,0.9558629989624025
378,115,25367,489.9485473632813,635.5485229492188,422.1447143554688,481.1018676757813,0.9798718094825744
379,115,3483,121.46647644042967,306.6990051269531,273.45947265625,200.54324340820312,0.9770400524139404
380,115,36637,104.40007781982422,881.7761840820312,265.9615783691406,176.62652587890625,0.9718880653381348
381,115,27733,560.6220092773438,256.4263610839844,300.68341064453125,262.7931213378906,0.9620424509048462
382,1150,3483,564.1945190429688,814.062744140625,264.6666259765625,220.3011474609375,0.9749253988265992
383,1150,34597,78.71907806396484,53.61540222167969,403.9860229492188,461.7102661132813,0.9647409915924072
384,1150,27777,175.86473083496094,811.2115478515625,177.3054656982422,199.62823486328125,0.9630510210990906
385,1150,29667,630.1728515625,164.4259033203125,224.058349609375,214.8095703125,0.9618939757347108
386,1153,16232,645.8474731445312,175.04354858398438,190.24615478515625,187.1338806152344,0.9766794443130492
387,1153,3483,599.2714233398438,867.144775390625,260.8509521484375,229.6939697265625,0.9724819660186768
388,1153,22347,143.6143035888672,208.7525177001953,208.77964782714844,200.3735809326172,0.9675564765930176
389,1153,19861,126.23997497558594,865.8809204101562,221.6680145263672,167.72186279296875,0.9623883366584778
390,1154,16232,617.0753784179688,173.8841094970703,185.28485107421875,177.9817352294922,0.9829515814781188
391,1154,3483,573.378662109375,835.8548583984375,260.9906616210937,233.388916015625,0.9748424291610718
392,1154,22347,126.70759582519533,201.25636291503903,204.30247497558597,196.1688995361328,0.9737523794174194
393,1154,19861,92.19237518310548,827.5829467773438,225.85934448242188,175.708740234375,0.9634034037590028
394,1155,16232,144.19630432128906,900.7938232421876,195.62892150878903,191.2010498046875,0.974148154258728
395,1155,3483,150.86512756347656,218.89134216308597,247.0567169189453,221.76866149902344,0.9730126857757568
396,1155,22347,641.6902465820312,861.0737915039062,216.4940185546875,207.29388427734372,0.9594627618789672
397,1155,19861,638.6695556640625,277.4591979980469,220.90313720703125,171.822021484375,0.9541743993759156
398,1156,16262,569.745849609375,307.5987854003906,245.82550048828125,239.82351684570312,0.9675459861755372
399,1156,3351,392.61669921875,856.4263305664062,189.765869140625,191.46990966796875,0.9594894647598268
400,1156,13900,182.7587890625,283.0820007324219,206.6036071777344,227.51730346679688,0.9503146409988404
401,1157,16262,107.17927551269533,672.7841186523438,252.6233673095703,248.642578125,0.9715486168861388
402,1157,13900,555.3942260742188,714.163330078125,210.55560302734372,243.26861572265625,0.967442274093628
403,1157,3351,354.0924377441406,182.5445098876953,185.70095825195312,188.0539093017578,0.9674254655838012
404,1158,3351,396.8836364746094,242.60958862304688,185.1996154785156,182.11154174804688,0.9751997590065002
405,1158,16262,154.31410217285156,764.5015258789062,240.31077575683597,242.058837890625,0.9722092151641846
406,1158,13900,594.4564819335938,806.1201171875,205.97686767578125,235.4176025390625,0.9655346870422364
407,1159,3351,402.42138671875,807.543701171875,188.8564453125,192.913330078125,0.9642881751060486
408,1159,18357,149.01260375976562,300.5661315917969,251.09878540039065,353.0547790527344,0.9403542876243592
409,1159,16232,642.69189453125,292.0902099609375,192.586669921875,198.87115478515625,0.9350911378860474
410,1161,3351,387.2000427246094,280.987060546875,185.3876037597656,182.3095703125,0.979066014289856
411,1161,16232,130.23924255371094,815.2185668945312,189.63124084472656,187.9931640625,0.968432068824768
412,1161,18357,581.61328125,615.679931640625,245.09100341796875,377.829833984375,0.9477387070655824
413,1163,29451,490.5876770019531,803.9658813476562,409.0491027832031,243.55950927734372,0.9796938300132751
414,1163,16551,41.81184387207031,609.1312866210938,305.6771850585937,471.53900146484375,0.9754339456558228
415,1163,10221,659.4512939453125,199.96139526367188,218.56732177734372,213.597412109375,0.9744004011154176
416,1163,3544,117.81120300292967,182.6047821044922,208.2277069091797,203.2176971435547,0.9643253087997437
417,1164,29451,464.05517578125,766.9947509765625,414.8521118164063,245.35870361328125,0.981502115726471
418,1164,16551,13.296856880187988,553.420654296875,302.0797119140625,485.4837646484375,0.9719340205192566
419,1164,3544,102.92272186279295,178.9712677001953,205.99615478515625,199.36497497558597,0.9665219187736512
420,1164,10221,628.744140625,192.6598663330078,216.88238525390625,213.90858459472656,0.9490227103233336
421,1166,25367,562.3995971679688,684.1466674804688,396.4727783203125,488.1294555664063,0.987051010131836
422,1166,36637,130.95004272460938,830.2850952148438,181.626708984375,260.97149658203125,0.9821579456329346
423,1166,3483,125.26900482177734,270.7851257324219,270.93896484375,190.76544189453125,0.9743994474411012
424,1166,25469,571.7810668945312,187.2520751953125,336.1259155273437,288.05670166015625,0.9664887189865112
425,1167,25367,44.74560928344727,86.90840148925781,390.5880432128906,480.2225341796875,0.9850585460662842
426,1167,36637,674.1956176757812,174.80352783203125,174.8626708984375,252.11257934570312,0.9783510565757751
427,1167,3483,602.3153686523438,843.690185546875,276.99139404296875,190.0682373046875,0.9731595516204834
428,1167,25469,83.18867492675781,829.2979125976562,345.955078125,300.02276611328125,0.9674944281578064
429,1168,30308,39.14776611328125,19.978178024291992,355.8843688964844,425.4381408691406,0.975849151611328
430,1168,3483,575.5098266601562,811.4932250976562,278.73590087890625,192.3382568359375,0.9724646210670472
431,1168,25469,49.76721954345703,790.1397705078125,348.97882080078125,299.0703125,0.9621593952178956
432,1168,29667,591.9061889648438,168.03636169433594,216.7305908203125,217.5553436279297,0.9543229937553406
433,1170,3483,601.5626831054688,843.6052856445312,277.7401733398437,190.68743896484372,0.97350013256073
434,1170,30308,48.50836563110352,21.591880798339844,368.7320251464844,445.3616943359375,0.9731513261795044
435,1170,25469,82.08342742919922,830.0568237304688,347.1925354003906,297.81512451171875,0.9687360525131226
436,1170,29667,619.2635498046875,170.94436645507812,223.06475830078125,218.0684509277344,0.9601324200630188
437,1171,10221,94.50727081298828,789.9784545898438,223.49252319335935,218.33428955078125,0.9809343218803406
438,1171,16548,577.6395263671875,744.3255615234375,242.48406982421875,237.0400390625,0.9781785607337952
439,1171,3544,122.50033569335938,182.85476684570312,203.08880615234372,198.2557678222656,0.966060757637024
440,1171,4543,636.9526977539062,150.50997924804688,205.83807373046875,198.2564392089844,0.944766879081726
441,1173,16548,159.7240753173828,287.60888671875,230.4238128662109,222.72042846679688,0.980556845664978
442,1173,3544,644.9691162109375,875.9920654296875,217.2684326171875,214.8336181640625,0.9749261736869812
443,1173,4543,96.84840393066406,910.3226318359376,217.7588653564453,206.533203125,0.9603075385093688
444,1173,10221,643.6795043945312,260.8734130859375,221.45013427734372,209.93356323242188,0.9374956488609314
445,1174,3483,132.4586181640625,288.7323608398437,277.29638671875,174.76010131835938,0.9748032689094543
446,1174,30308,565.9257202148438,755.9923095703125,396.2721557617188,427.3399658203125,0.970834255218506
447,1174,29667,127.57286071777344,864.605224609375,224.91993713378903,226.3050537109375,0.9675988554954528
448,1174,27653,672.5388793945312,253.6485290527344,219.43841552734372,202.20648193359372,0.9559367895126344
449,1176,30308,38.110984802246094,79.50411987304688,394.7782897949219,418.3121032714844,0.9766600131988524
450,1176,3483,585.2487182617188,845.5885009765625,284.4666748046875,166.2181396484375,0.9663580060005188
451,1176,29667,631.2523193359375,178.69798278808594,226.1005859375,217.24595642089844,0.9641935229301452
452,1176,27653,93.86468505859376,850.9476318359375,221.77853393554688,207.0869140625,0.9557778835296632
453,1178,31885,104.7574462890625,52.64457702636719,407.5066528320313,495.11029052734375,0.9772453904151917
454,1178,3483,536.9315795898438,778.267333984375,268.4525756835937,228.69873046875,0.9761508703231812
455,1178,20238,576.4544067382812,192.00308227539065,220.6016845703125,213.66354370117188,0.9721892476081848
456,1178,27777,144.29010009765625,776.0660400390625,180.8291015625,205.269287109375,0.9696657061576844
457,118,3351,456.6187438964844,844.939453125,189.92678833007807,193.735107421875,0.9569209218025208
458,118,13900,63.07448196411133,313.549072265625,230.6374664306641,211.3057861328125,0.9516497850418092
459,118,16688,410.1728820800781,79.17635345458984,453.0344543457031,520.0413208007812,0.917407214641571
460,1180,21325,185.16732788085935,309.6624450683594,167.13485717773438,223.27053833007807,0.9727139472961426
461,1180,3351,395.5445251464844,914.6138305664062,189.86886596679688,192.30609130859372,0.9564165472984314
462,1180,19232,494.3548889160156,238.40185546875,326.8044128417969,251.68875122070312,0.9434057474136353
463,1184,21026,685.6107788085938,275.1356201171875,177.6705322265625,172.33273315429688,0.9790987968444824
464,1184,16548,141.54043579101562,880.7611083984375,245.45196533203125,233.6715087890625,0.977794885635376
465,1184,1900,188.68756103515625,272.85107421875,202.2684326171875,137.34979248046875,0.9712672829627992
466,1184,24850,671.3404541015625,827.2847900390625,190.3114013671875,296.1007080078125,0.9569154381752014
467,1185,16548,605.5827026367188,148.48439025878906,234.645263671875,229.0290069580078,0.9822210669517516
468,1185,1900,609.2935791015625,900.6217041015625,208.41107177734372,136.0721435546875,0.9756389260292052
469,1185,21026,123.50367736816406,865.86962890625,183.54405212402344,176.609619140625,0.9633018970489502
470,1185,24850,138.6208038330078,141.9339141845703,183.4182586669922,296.86962890625,0.9563668370246888
471,1186,19552,510.3703308105469,557.3139038085938,319.5063781738281,493.32659912109375,0.9712831377983092
472,1186,2483,83.13996124267578,677.1888427734375,237.97418212890625,475.8299560546875,0.9627179503440856
473,1186,5094,550.7020874023438,193.8728485107422,269.1534423828125,263.25518798828125,0.957545042037964
474,1186,4378,135.32553100585938,111.5901336669922,214.6695251464844,435.7640380859375,0.9552123546600342
475,1187,19552,107.45611572265624,160.346923828125,325.4655456542969,495.7677001953125,0.9738213419914246
476,1187,2483,620.728759765625,54.870391845703125,220.4202880859375,480.3644104003906,0.9665964245796204
477,1187,5094,102.4384765625,800.5459594726562,281.6192932128906,276.94219970703125,0.9558722972869872
478,1187,4378,585.8450927734375,698.0143432617188,218.992431640625,465.18939208984375,0.9454708695411682
479,1189,22627,97.97058868408205,134.88998413085938,312.0736389160156,484.5090637207031,0.98251211643219
480,1189,2483,592.200927734375,67.10260009765625,245.5562744140625,482.66607666015625,0.9712557792663574
481,1189,3743,115.86817169189452,786.7017822265625,323.2562561035156,323.7733154296875,0.9626348614692688
482,1189,12081,600.9703369140625,711.692138671875,234.420654296875,458.4049072265625,0.9530133008956908
483,119,3351,291.15093994140625,191.134521484375,184.71713256835935,187.72561645507807,0.9713323712348938
484,119,13900,654.0524291992188,706.0198364257812,227.31597900390625,220.5938720703125,0.9648587107658386
485,119,16688,69.91544342041016,576.5201416015625,451.9633483886719,561.2890625,0.8956639766693115
486,1190,22627,102.63140106201172,173.19085693359375,300.32958984375,475.0261840820313,0.9788790941238404
487,1190,2483,587.73583984375,98.4254379272461,232.67779541015625,476.4217834472656,0.9659546613693236
488,1190,3743,116.77981567382812,796.6820068359375,331.0100402832031,329.1910400390625,0.9636856317520142
489,1190,12081,609.5135498046875,712.911376953125,242.2623291015625,471.443603515625,0.9507717490196228
490,1191,22627,530.771484375,588.5581665039062,305.9342041015625,480.34417724609375,0.9797707200050354
491,1191,2483,88.21287536621094,667.0325927734375,256.95428466796875,478.731689453125,0.9796549677848816
492,1191,12081,109.44608306884766,110.80882263183594,224.537353515625,427.72467041015625,0.9610076546669006
493,1191,3743,491.1788635253906,162.88772583007812,319.8011169433594,305.1787414550781,0.9482089281082152
494,1192,1900,643.9031982421875,854.6354370117188,204.696533203125,172.34246826171875,0.981888234615326
495,1192,16551,82.96304321289062,695.79296875,291.2200622558594,497.440673828125,0.972049593925476
496,1192,24850,643.4859619140625,205.6207427978516,182.04766845703125,277.041259765625,0.9458577632904052
497,1192,33009,87.47684478759766,251.5821228027344,366.6905212402344,212.9954833984375,0.942173421382904
498,1194,1900,154.03338623046875,254.06961059570312,194.63650512695312,162.63314819335938,0.9839773774147034
499,1194,16551,613.7695922851562,65.43238830566406,287.21875,480.3182373046875,0.9751978516578674
500,1194,24850,165.317138671875,819.9175415039062,183.62982177734372,295.18817138671875,0.9569886922836304
501,1194,33009,552.0433959960938,839.1126708984375,366.8468017578125,198.296875,0.9481803178787231
502,1196,3483,172.0101318359375,275.7987976074219,260.4082946777344,219.966552734375,0.977788746356964
503,1196,35206,138.1851043701172,706.0411376953125,238.6606903076172,413.0491943359375,0.9771476984024048
504,1196,28763,613.0362548828125,886.6094970703125,225.666015625,214.9605712890625,0.9767937660217284
505,1196,27777,637.3805541992188,293.219482421875,177.2847900390625,196.11636352539065,0.9611449837684632
506,1197,3483,568.710693359375,812.146240234375,262.8634033203125,217.40576171875,0.9738523960113524
507,1197,35206,614.342041015625,143.14561462402344,225.05963134765625,402.56744384765625,0.972107708454132
508,1197,28763,162.35870361328125,179.0111541748047,214.67697143554688,202.69667053222656,0.9713961482048036
509,1197,27777,178.8033447265625,812.9656372070312,176.617919921875,199.74676513671875,0.9627904295921326
510,1198,3483,568.4425048828125,816.0305786132812,263.66815185546875,219.13031005859372,0.9726826548576356
511,1198,20238,603.3621826171875,196.77040100097656,227.54315185546875,212.3651580810547,0.96812504529953
512,1198,28763,129.0072784423828,214.25128173828125,212.97093200683597,203.13113403320312,0.9670029878616332
513,1198,27777,179.2331085205078,812.7603759765625,173.2864227294922,202.5101318359375,0.9634674787521362
514,1199,3483,172.684326171875,273.2891845703125,261.06744384765625,221.20687866210935,0.9767614603042604
515,1199,28763,648.7084350585938,847.8814086914062,220.3031005859375,217.35723876953125,0.9765862226486206
516,1199,20238,152.15478515625,852.7732543945312,231.70556640625,223.64007568359372,0.9677991271018982
517,1199,27777,638.77587890625,290.7015380859375,176.2718505859375,198.59771728515625,0.9646991491317748
518,120,3351,333.84844970703125,255.7716827392578,184.2335205078125,181.4615936279297,0.9686713814735411
519,120,13900,689.5185546875,796.2726440429688,229.501220703125,215.8646240234375,0.960176944732666
520,120,16688,106.901611328125,673.8865356445312,446.515380859375,580.5935668945312,0.9093905091285706
521,1201,16548,584.0810546875,211.6376037597656,233.15008544921875,227.32073974609372,0.9792068004608154
522,1201,12247,582.8966064453125,812.388671875,209.6859130859375,159.29425048828125,0.96271151304245
523,1201,3544,142.17611694335938,190.49778747558597,203.46826171875,195.6782073974609,0.9619776010513306
524,1201,21026,102.94133758544922,821.47802734375,179.92636108398438,179.4127197265625,0.9405179023742676
525,1204,22074,686.31396484375,261.7952880859375,183.5050048828125,188.13253784179688,0.9808760285377502
526,1204,3351,394.0514526367188,859.8828735351562,190.03717041015625,192.50921630859372,0.9627512693405152
527,1204,32310,63.4498291015625,218.0590362548828,353.7025146484375,253.5929718017578,0.9010202288627625
528,1206,22074,93.41839599609376,852.890869140625,183.55389404296875,189.9715576171875,0.98039448261261
529,1206,3351,394.8946533203125,224.9895782470703,186.1890869140625,181.5719451904297,0.9711195230484008
530,1206,32310,568.326904296875,815.7194213867188,355.55224609375,271.53228759765625,0.940048336982727
531,1207,16232,153.16355895996094,829.4348754882812,191.3230133056641,192.16455078125,0.9786962270736694
532,1207,3483,171.84237670898438,275.351806640625,260.67852783203125,219.78640747070312,0.977780282497406
533,1207,27777,637.0801391601562,291.7948608398437,176.62109375,196.658203125,0.9668872952461244
534,1207,22347,684.9984741210938,813.6572265625,217.66943359375,204.8587646484375,0.9653723835945128
535,1209,16232,641.6080932617188,250.5977478027344,190.0908203125,179.12042236328125,0.983860731124878
536,1209,3483,568.6196899414062,812.5439453125,262.80352783203125,217.3736572265625,0.9737539887428284
537,1209,27777,179.19642639160156,811.4470825195312,173.25938415527344,201.85113525390625,0.9663717150688172
538,1209,22347,100.49695587158205,257.73223876953125,207.2435302734375,198.86566162109372,0.9604845643043518
539,1210,34597,68.59378051757812,141.64857482910156,465.7151794433594,383.7033081054688,0.9835999011993408
540,1210,20877,120.0261001586914,767.7669067382812,327.30487060546875,231.3236083984375,0.982256293296814
541,1210,3483,651.1140747070312,748.342529296875,210.21142578125,266.65338134765625,0.9813329577445984
542,1210,35206,658.7435913085938,177.65777587890625,223.2586669921875,401.7041015625,0.9776195287704468
543,1212,34597,450.33795166015625,705.3541870117188,489.9163818359375,406.3869018554688,0.9838237762451172
544,1212,20877,540.4505615234375,291.5785522460937,334.4183349609375,237.37432861328125,0.981496036052704
545,1212,3483,141.61801147460938,291.9868469238281,211.47528076171875,257.5556335449219,0.97587913274765
546,1212,35206,93.95240783691406,674.5238647460938,240.0995941162109,409.1170043945313,0.9751460552215576
547,1213,22627,101.59579467773438,2.052717685699463,315.18023681640625,481.693115234375,0.9831593036651612
548,1213,25438,126.28494262695312,834.7410888671875,257.02984619140625,256.972900390625,0.9703960418701172
549,1213,2483,667.3414916992188,70.3056869506836,194.65924072265625,475.2666320800781,0.9686813354492188
550,1213,5886,588.2100830078125,683.5734252929688,236.6822509765625,499.15533447265625,0.950905442237854
551,1214,22627,108.606689453125,34.82559585571289,310.7010498046875,497.0139465332031,0.9778001308441162
552,1214,25438,129.5603790283203,846.8743896484375,258.75439453125,267.188720703125,0.976099729537964
553,1214,2483,659.3702392578125,94.78107452392578,196.3172607421875,471.3201904296875,0.9670899510383606
554,1214,5886,595.2744750976562,677.4925537109375,244.69122314453125,506.9073486328125,0.9246227741241456
555,1216,27926,151.1073760986328,178.15670776367188,266.516357421875,457.6555480957031,0.9773088097572328
556,1216,16551,620.8170776367188,179.53497314453125,276.60107421875,460.736572265625,0.9734242558479308
557,1216,3544,661.8472900390625,866.3152465820312,213.4954833984375,209.48687744140625,0.973036527633667
558,1216,10221,128.21429443359375,845.698974609375,231.2218017578125,224.1654052734375,0.9647778272628784
559,1219,29345,574.218505859375,665.6272583007812,286.7667236328125,455.1614379882813,0.9873260855674744
560,1219,16551,65.73031616210938,582.5574340820312,330.2635803222656,466.2942504882813,0.9748388528823853
561,1219,3544,103.68400573730467,243.3716278076172,201.6081695556641,197.0934295654297,0.967191755771637
562,1219,10221,647.8138427734375,207.7618865966797,225.0126953125,214.8281097412109,0.9563981294631958
563,122,25367,51.79197692871094,91.91240692138672,370.77490234375,474.5979614257813,0.9820111393928528
564,122,3483,574.775146484375,810.5531005859375,279.06182861328125,193.84222412109372,0.9722928404808044
565,122,29667,588.9197998046875,170.34783935546875,216.83111572265625,212.5447998046875,0.9627541899681092
566,122,25469,49.81359100341797,790.8946533203125,348.0977478027344,297.746826171875,0.9609699249267578
567,1220,29345,607.3428344726562,705.6246337890625,279.3500366210937,445.7412109375,0.9891487956047058
568,1220,16551,93.06236267089844,637.0062255859375,333.593017578125,451.0557861328125,0.9738948345184326
569,1220,3544,121.38582611083984,249.62994384765625,208.75262451171875,203.01736450195312,0.9709219336509703
570,1220,10221,676.6742553710938,213.98703002929688,225.7451171875,212.69827270507807,0.9673755764961244
571,1222,36637,613.2800903320312,203.7816162109375,186.66925048828125,240.26223754882807,0.9792768359184264
572,1222,25367,91.91146850585938,112.6737289428711,329.0088806152344,490.8888244628906,0.9763128757476808
573,1222,3483,558.7359008789062,812.0838012695312,288.890380859375,173.55224609375,0.971609115600586
574,1222,27653,60.50378036499024,810.5917358398438,226.39877319335935,209.163330078125,0.9559664130210876
575,1224,25367,116.51956939697266,128.8013458251953,327.450927734375,499.66998291015625,0.9845572710037231
576,1224,36637,642.1456909179688,208.0667266845703,192.29193115234372,246.6193084716797,0.9836233258247375
577,1224,3483,586.9425048828125,846.0350341796875,283.94024658203125,165.40966796875,0.9684352278709412
578,1224,27653,94.9157943725586,852.1588745117188,221.65011596679688,207.30755615234372,0.9559562802314758
579,1226,31885,119.77808380126952,6.8642754554748535,330.3428955078125,544.2949829101562,0.9747742414474488
580,1226,3483,599.7423706054688,867.2941284179688,260.213134765625,229.20709228515625,0.9731125831604004
581,1226,19861,126.19120025634766,866.1360473632812,221.667724609375,166.93170166015625,0.9630360007286072
582,1226,35206,580.9188842773438,96.59906768798828,289.26495361328125,379.353515625,0.9464708566665648
583,1227,31885,547.5472412109375,698.0916137695312,330.48223876953125,550.2158813476562,0.9779637455940248
584,1227,3483,151.35581970214844,218.9379425048828,246.18663024902344,222.27598571777344,0.972915530204773
585,1227,19861,638.3053588867188,277.4311828613281,221.21453857421875,172.2030029296875,0.9542260766029358
586,1227,35206,107.05335235595705,771.4949951171875,299.689208984375,396.2396240234375,0.9535992741584778
587,1232,20877,589.2933959960938,256.60498046875,331.2041015625,245.36087036132807,0.9838285446166992
588,1232,3483,146.4144744873047,288.6965637207031,208.1740264892578,255.44992065429688,0.9823037981987
589,1232,31885,536.6658325195312,659.1744995117188,405.83795166015625,528.8998413085938,0.9791610836982728
590,1232,29667,131.29197692871094,857.0682373046875,231.20497131347656,226.28125,0.9671216607093812
591,1235,1900,153.10585021972656,254.4470977783203,194.95909118652344,162.1404266357422,0.982988178730011
592,1235,16548,619.9547729492188,143.58889770507812,240.3804931640625,228.4073181152344,0.9791162610054016
593,1235,21771,159.77297973632812,804.472412109375,190.91940307617188,185.99139404296875,0.9662370085716248
594,1235,33009,551.2321166992188,839.4280395507812,368.2581787109375,198.45220947265625,0.9485040903091432
595,1237,31705,171.7428741455078,687.6515502929688,250.2698211669922,451.15277099609375,0.9818609952926636
596,1237,44199,634.1509399414062,803.0620727539062,163.244384765625,278.89764404296875,0.9740758538246156
597,1237,1900,105.48861694335938,270.0522155761719,203.557373046875,124.77947998046876,0.9727434515953064
598,1237,16548,614.1015014648438,189.88992309570312,239.19580078125,224.731689453125,0.9706076979637146
599,1238,44199,203.5783843994141,238.64683532714844,160.0395965576172,265.62908935546875,0.9775371551513672
600,1238,31705,572.8463134765625,176.92529296875,247.324462890625,419.90380859375,0.9764428734779358
601,1238,16548,130.57041931152344,844.1156616210938,243.4320831298828,235.81927490234372,0.975588321685791
602,1238,1900,682.8001708984375,878.2572021484375,212.293212890625,134.2930908203125,0.9694439172744752
603,1239,31705,140.3953857421875,642.8432006835938,251.97189331054688,456.7599487304688,0.9808167815208436
604,1239,1900,89.845947265625,258.0200500488281,198.474609375,129.45782470703125,0.978146195411682
605,1239,44199,605.742919921875,769.1807861328125,169.60223388671875,287.81591796875,0.976984977722168
606,1239,16548,584.5842895507812,180.59999084472656,234.70147705078125,224.7816925048828,0.9754489064216614
607,124,21026,675.8619995117188,274.1592102050781,173.14764404296875,172.02871704101562,0.9766045212745668
608,124,1900,174.5409393310547,282.00592041015625,205.2356414794922,140.56341552734375,0.9747036695480348
609,124,16551,0.0,760.8848266601562,373.9212341308594,457.02874755859375,0.9746832251548768
610,124,21771,687.4950561523438,881.4799194335938,196.08563232421875,192.89898681640625,0.9584581851959229
611,1242,29345,88.71038055419922,699.7886352539062,286.27081298828125,450.0827026367188,0.984420895576477
612,1242,16551,545.8850708007812,90.3416976928711,288.6654663085937,465.7582092285156,0.9786091446876526
613,1242,1900,157.8248748779297,258.4316711425781,130.1883087158203,200.79623413085935,0.9763122797012328
614,1242,44199,635.6273803710938,805.7025146484375,163.67864990234375,289.122802734375,0.973184049129486
615,1243,30308,60.49735641479492,140.7244415283203,383.269775390625,424.6888427734375,0.9776862859725952
616,1243,3483,609.9967041015625,788.6928100585938,272.27606201171875,213.18829345703125,0.9734073877334596
617,1243,27733,123.20401000976562,767.307861328125,315.2731018066406,276.826416015625,0.970995843410492
618,1243,35206,596.5643920898438,128.87977600097656,259.087646484375,391.94970703125,0.9645400643348694
619,1244,3483,120.58097076416016,306.28643798828125,273.7032775878906,201.13217163085935,0.977715253829956
620,1244,35206,123.62942504882812,734.6015625,267.4037170410156,400.152099609375,0.974040150642395
621,1244,27733,564.084228515625,261.50604248046875,302.54736328125,266.9207763671875,0.972265124320984
622,1244,30308,553.3857421875,685.1188354492188,384.1536254882813,435.48931884765625,0.9707311391830444
623,1245,3483,577.7822265625,759.5166015625,277.17205810546875,209.3427734375,0.97530996799469
624,1245,30308,54.18791198730469,117.90475463867188,370.247314453125,421.4905700683594,0.9673865437507628
625,1245,27733,85.775146484375,724.82763671875,322.9947509765625,285.3134155273437,0.9638786315917968
626,1245,35206,569.6232299804688,116.3546371459961,250.24163818359372,382.7739562988281,0.9523770213127136
627,1246,3483,536.6132202148438,778.1980590820312,267.84881591796875,228.38519287109372,0.976225972175598
628,1246,16262,576.7862548828125,190.3869781494141,236.47259521484372,226.0506134033203,0.9758901000022888
629,1246,27777,144.0196075439453,775.5670776367188,180.7484588623047,205.42462158203125,0.9689908623695374
630,1246,34597,58.35182189941406,76.23780059814453,388.0983276367188,465.6189575195313,0.9626356363296508
631,1248,16262,136.34561157226562,835.8048095703125,246.88137817382807,240.4986572265625,0.9820207953453064
632,1248,3483,173.9123992919922,273.8432006835937,260.19390869140625,220.410888671875,0.976664662361145
633,1248,27777,639.5269165039062,292.1526184082031,176.099853515625,196.46478271484372,0.9695289731025696
634,1248,34597,516.4046020507812,669.4109497070312,415.59381103515625,476.22564697265625,0.9676761031150818
635,125,1900,621.8284301757812,887.8719482421875,207.90118408203125,141.466796875,0.9732759594917296
636,125,16551,626.0108642578125,36.3799057006836,349.9891357421875,440.69482421875,0.970066785812378
637,125,21771,115.61150360107422,201.5222320556641,191.93777465820312,185.7277374267578,0.9663512110710144
638,125,21026,137.18780517578125,868.5830688476562,181.48806762695312,175.82183837890625,0.9641331434249878
639,1250,12778,106.70008087158205,74.61797332763672,292.97662353515625,512.0000610351562,0.97723788022995
640,1250,2483,613.2342529296875,88.26978302001953,214.236328125,473.290283203125,0.9735575318336488
641,1250,4378,597.9671630859375,702.3839111328125,221.60272216796875,468.12841796875,0.9531209468841552
642,1250,5094,108.33413696289062,808.7440185546875,279.76336669921875,289.151123046875,0.9503912925720216
643,1251,12778,541.3623657226562,655.8638916015625,301.4210205078125,519.1334228515625,0.9616013169288636
644,1251,2483,82.6589584350586,677.70703125,237.49752807617188,477.5958251953125,0.9610506892204284
645,1251,5094,550.6123657226562,194.00146484375,269.46258544921875,263.0812072753906,0.9578258395195008
646,1251,4378,135.25473022460938,110.03068542480467,214.8817443847656,437.24945068359375,0.9554728269577026
647,1252,20877,74.50576782226562,800.3978271484375,319.5844116210937,244.206298828125,0.9858697652816772
648,1252,3483,647.9570922851562,753.85888671875,211.53271484375,269.3681640625,0.9784085750579834
649,1252,30308,75.91564178466797,75.27384948730469,393.3138427734375,412.8137817382813,0.977897584438324
650,1252,29667,623.1766357421875,187.04763793945312,226.95684814453125,215.0741271972656,0.9660611152648926
651,1254,20877,40.2810173034668,755.8569946289062,323.6744689941406,253.7493896484375,0.9866167306900024
652,1254,3483,620.9028930664062,721.8485107421875,210.27423095703125,271.0992431640625,0.977490246295929
653,1254,30308,63.39862060546875,68.54421997070312,385.696533203125,396.2181701660156,0.9727785587310792
654,1254,29667,594.8627319335938,182.39476013183597,221.140869140625,213.7984161376953,0.9585891366004944
655,1256,19607,653.3528442382812,273.1001281738281,164.2657470703125,151.5872802734375,0.9828308820724488
656,1256,1900,644.85205078125,826.9990234375,168.761962890625,201.8897705078125,0.9816255569458008
657,1256,31705,133.49037170410156,127.6961669921875,242.2870635986328,419.87884521484375,0.9785900712013244
658,1256,16551,89.69669342041016,659.5281982421875,300.859619140625,491.03955078125,0.9749011397361756
659,126,16551,593.0355834960938,28.552919387817383,342.762939453125,430.93646240234375,0.9738744497299194
660,126,1900,596.9476318359375,855.6895141601562,208.85369873046875,145.225341796875,0.9649443626403807
661,126,21771,97.4330596923828,199.25274658203125,191.3402862548828,178.69644165039062,0.9533488154411316
662,126,21026,103.69578552246094,833.6171264648438,183.5095367431641,180.54949951171875,0.9489084482192992
663,1261,16232,648.2755737304688,229.3903350830078,192.5306396484375,182.96437072753903,0.9763628840446472
664,1261,3483,586.2801513671875,845.053466796875,284.759521484375,167.84881591796875,0.9684417843818665
665,1261,27653,94.2789077758789,852.1098022460938,221.62649536132807,207.53009033203125,0.9542335271835328
666,1261,22347,140.09339904785156,167.8714141845703,209.0559844970703,196.16001892089844,0.9387999773025512
667,1262,16232,622.0820922851562,220.9272918701172,183.90130615234372,183.29368591308597,0.9801571369171144
668,1262,3483,557.9295654296875,811.9033203125,288.7479248046875,174.4217529296875,0.9719560742378236
669,1262,27653,59.71554565429688,810.315185546875,226.4180603027344,208.92962646484372,0.9544737339019777
670,1262,22347,123.41447448730467,163.89608764648438,204.6776580810547,194.45132446289065,0.9504944682121276
671,1263,16232,141.3527069091797,845.9849243164062,196.2377777099609,191.22772216796875,0.979800581932068
672,1263,3483,132.39523315429688,287.3772888183594,275.9669494628906,175.853515625,0.9755061864852904
673,1263,27653,671.93115234375,253.48031616210935,219.44781494140625,201.30160522460935,0.9566940069198608
674,1263,22347,645.3155517578125,902.7973022460938,216.66497802734372,206.95135498046875,0.955207884311676
675,1264,36637,227.47959899902344,321.8865661621094,200.2380828857422,238.20462036132807,0.9751818776130676
676,1264,3351,391.06060791015625,860.5111694335938,189.5447998046875,190.90277099609372,0.9579223990440368
677,1264,31863,637.3265380859375,316.6058654785156,206.5018310546875,212.72781372070312,0.9500022530555724
678,1265,36637,507.1763916015625,661.15869140625,209.847412109375,250.8345947265625,0.9748661518096924
679,1265,31863,80.38939666748047,702.20849609375,211.42095947265625,216.12261962890625,0.9647327661514282
680,1265,3351,355.4351501464844,176.64285278320312,185.01724243164065,189.5809326171875,0.962447226047516
681,1266,3351,398.03021240234375,237.462646484375,184.6796875,183.0987243652344,0.9769003391265868
682,1266,36637,546.3734130859375,751.5128173828125,203.0345458984375,244.91839599609372,0.9726685881614684
683,1266,31863,122.9703598022461,789.2747802734375,208.14227294921875,207.28997802734372,0.9495757222175598
684,1269,13900,616.5276489257812,764.0546264648438,175.3824462890625,259.71697998046875,0.9743923544883728
685,1269,36637,216.82745361328125,768.1526489257812,212.3524475097656,241.18115234375,0.9670574069023132
686,1269,3351,361.7398986816406,232.6058349609375,183.52700805664065,182.45440673828125,0.9658589959144592
687,127,2483,639.2552490234375,119.05231475830078,202.97418212890625,466.0099487304688,0.9607599973678588
688,127,5094,133.36830139160156,860.4873046875,287.091552734375,284.013671875,0.9585092067718506
689,127,6192,135.22219848632812,145.59829711914062,282.6014404296875,546.31689453125,0.952562689781189
690,127,22362,619.3819580078125,781.1860961914062,257.7074584960937,430.6497192382813,0.9359749555587769
691,1270,16548,110.67161560058594,853.524169921875,248.0939483642578,239.45263671875,0.9783622622489928
692,1270,27926,145.58628845214844,149.0062255859375,256.67333984375,453.6793212890625,0.9747557044029236
693,1270,1900,629.4962158203125,895.0384521484375,212.33642578125,132.257568359375,0.9666415452957152
694,1270,18110,639.3018798828125,269.20782470703125,302.0140991210937,286.319580078125,0.9158145785331726
695,1272,27926,597.54345703125,668.8741455078125,256.27301025390625,490.006103515625,0.9820131659507751
696,1272,16548,629.02734375,176.79017639160156,240.381591796875,227.85792541503903,0.9800618290901184
697,1272,1900,157.60350036621094,249.2863922119141,203.18235778808597,127.4045867919922,0.9768819212913512
698,1272,18110,46.15221405029297,740.85498046875,308.0840759277344,291.4085693359375,0.9329023957252502
699,1273,25438,553.6082153320312,202.623291015625,246.7598876953125,253.848388671875,0.9669138193130492
700,1273,2483,106.61508178710938,679.0988159179688,230.46649169921875,491.57366943359375,0.964442491531372
701,1273,13395,113.14974212646484,55.12065124511719,238.89810180664065,480.6799926757813,0.9567504525184632
702,1273,6192,544.3629760742188,585.2177734375,290.2738037109375,538.8843994140625,0.9411418437957764
703,1274,25438,122.34361267089844,812.0498657226562,255.13414001464844,254.71502685546875,0.974153459072113
704,1274,2483,602.8427734375,45.45750427246094,217.4945068359375,478.1890258789063,0.9727250933647156
705,1274,13395,590.9555053710938,707.6465454101562,237.69512939453125,515.9520874023438,0.955912709236145
706,1274,6192,105.61203002929688,76.15275573730469,285.7325744628906,539.5164794921875,0.9419975876808168
707,1278,38162,618.7044067382812,706.684814453125,195.533935546875,292.61895751953125,0.9828963875770568
708,1278,3832,145.837646484375,602.3455810546875,305.9442749023437,425.1580810546875,0.9730238318443298
709,1278,3351,416.8848571777344,257.0303955078125,184.47006225585935,182.0303649902344,0.9650763869285583
710,1279,31705,124.2376708984375,135.09078979492188,243.08523559570312,419.4429016113281,0.9822213053703308
711,1279,1900,647.3577270507812,856.5953979492188,209.2906494140625,155.30474853515625,0.9730028510093688
712,1279,16551,91.04837799072266,763.1690673828125,296.04815673828125,501.8428955078125,0.970676064491272
713,1279,21771,675.0908813476562,285.7681884765625,187.037353515625,181.08090209960935,0.965774953365326
714,128,2483,646.8290405273438,77.03705596923828,199.99066162109372,488.6350708007813,0.9670009016990662
715,128,5094,133.3570098876953,845.6582641601562,279.1566162109375,277.84674072265625,0.9551344513893129
716,128,6192,132.1668701171875,133.09129333496094,289.17138671875,535.1466064453125,0.9542398452758788
717,128,22362,602.6322021484375,775.4243774414062,264.022216796875,423.3208618164063,0.9466536045074464
718,1280,31705,609.170654296875,690.2323608398438,251.79656982421875,453.2091674804688,0.9818971753120422
719,1280,1900,121.64149475097656,260.1839904785156,200.9579315185547,147.72998046875,0.9760770201683044
720,1280,16551,570.5659790039062,0.0,288.78955078125,460.7269592285156,0.9744663834571838
721,1280,21771,93.76327514648438,811.7306518554688,194.82098388671875,190.3699951171875,0.9517597556114196
722,1282,19552,505.2394409179688,593.0245971679688,312.69873046875,491.0242309570313,0.9759488105773926
723,1282,3743,494.1450500488281,127.4326171875,314.9601745605469,304.1223449707031,0.9633228778839112
724,1282,2483,59.965293884277344,646.9050903320312,206.676513671875,490.5374145507813,0.9590606093406676
725,1282,13395,84.62004852294922,78.85420989990234,227.60183715820312,490.0003967285156,0.956720232963562
726,1284,19552,123.78323364257812,119.77530670166016,308.1054992675781,497.7814025878906,0.973288357257843
727,1284,13395,628.7529907226562,672.5999145507812,228.6214599609375,508.94622802734375,0.9674460887908936
728,1284,2483,671.356201171875,82.92318725585938,206.005859375,482.5848693847656,0.9671832919120787
729,1284,3743,114.60298919677734,829.9501953125,321.6489562988281,321.2650146484375,0.9656264185905457
730,129,2483,82.02226257324219,645.6124267578125,206.3315887451172,491.857421875,0.9608797430992126
731,129,5094,523.2130126953125,155.09921264648438,262.296142578125,256.47076416015625,0.95770925283432
732,129,22362,81.67700958251953,79.63703918457031,251.3753967285156,391.727294921875,0.9416766166687012
733,129,6192,521.279052734375,543.4304809570312,286.125244140625,532.0625610351562,0.9407761096954346
734,1290,29345,592.0516967773438,536.2785034179688,270.80816650390625,442.4772338867188,0.9856011271476746
735,1290,16548,538.5146484375,141.58688354492188,230.1910400390625,221.49041748046875,0.9769189953804016
736,1290,1900,161.34628295898438,256.5185852050781,128.0706787109375,199.78411865234372,0.9757973551750184
737,1290,18110,44.811805725097656,721.46923828125,309.8351135253906,304.2916259765625,0.9418647289276124
738,1293,3483,537.0440673828125,777.964599609375,268.2636108398437,229.2181396484375,0.9762428998947144
739,1293,20238,577.3839111328125,192.8927764892578,219.40045166015625,211.3671112060547,0.9716972708702089
740,1293,27777,144.27923583984375,776.7068481445312,181.46063232421875,204.4150390625,0.9712985157966614
741,1293,30308,110.86370849609376,87.29483795166016,313.88397216796875,445.1220397949219,0.9701575636863708
742,1294,35206,680.0506591796875,155.98306274414062,202.22857666015625,410.9866027832031,0.9773908853530884
743,1294,3483,586.3839721679688,845.546875,284.61297607421875,165.955810546875,0.96864116191864
744,1294,34597,15.266810417175291,45.97492218017578,410.5193786621094,450.493408203125,0.963590919971466
745,1294,27653,95.0784912109375,850.5678100585938,222.9354553222656,208.80474853515625,0.956080675125122
746,1295,35206,648.2190551757812,142.9007110595703,201.42852783203125,398.880126953125,0.975305438041687
747,1295,3483,557.3900756835938,813.016845703125,289.68145751953125,172.7177734375,0.9706475734710692
748,1295,34597,9.107519149780272,23.83743476867676,395.0606994628906,452.5982971191406,0.96908038854599
749,1295,27653,61.24399948120117,810.5210571289062,224.6319732666016,211.31951904296875,0.9514508247375488
750,1296,3483,131.34942626953125,288.4608154296875,276.8251647949219,174.78482055664062,0.9754255414009094
751,1296,34597,569.997802734375,735.3800659179688,406.002197265625,472.2434692382813,0.974558413028717
752,1296,35206,104.0010986328125,692.6778564453125,203.30502319335935,413.0068359375,0.9716488718986512
753,1296,27653,671.1849975585938,252.8746795654297,219.75860595703125,202.53224182128903,0.9566794037818908
754,1297,16548,151.9763946533203,243.85679626464844,231.8611297607422,225.9502410888672,0.9808294773101808
755,1297,3544,643.0125122070312,919.234619140625,217.609619140625,217.761962890625,0.9746310114860536
756,1297,4543,157.49110412597656,891.2205200195312,212.0753326416016,211.19085693359372,0.9462101459503174
757,1297,12420,689.6548461914062,275.9412841796875,180.785888671875,170.82766723632812,0.940865159034729
758,1298,16548,617.2503662109375,828.9255981445312,237.14556884765625,228.89715576171875,0.9811588525772096
759,1298,3544,141.4591827392578,144.50149536132812,209.3051300048828,201.1436462402344,0.9646464586257936
760,1298,4543,614.856201171875,171.4491424560547,209.4053955078125,196.5022125244141,0.9615685939788818
761,1298,12420,118.89671325683594,856.41845703125,186.47608947753903,185.9017333984375,0.9485619068145752
762,13,33880,467.8346862792969,246.98455810546875,456.9963684082031,276.1493530273437,0.9644279479980468
763,13,3351,429.8751220703125,853.22705078125,189.48809814453125,190.6956787109375,0.9618546962738036
764,13,16232,142.40492248535156,328.3385314941406,193.5798797607422,195.43881225585935,0.8849405646324158
765,130,36637,127.75669860839844,827.6517944335938,194.1951141357422,255.71954345703125,0.9831199645996094
766,130,3483,173.09263610839844,275.33984375,260.62969970703125,220.2403259277344,0.9774104952812196
767,130,30308,509.3475646972656,765.2607421875,464.1554870605469,313.12158203125,0.9689212441444396
768,130,27777,637.4886474609375,292.801513671875,176.82391357421875,196.45040893554688,0.9681575894355774
769,1300,31885,80.08353424072266,122.73375701904295,450.0503234863281,464.9639892578125,0.973365306854248
770,1300,3483,585.5145874023438,846.2984619140625,284.337890625,165.40814208984375,0.966283082962036
771,1300,29667,630.4779052734375,179.0461883544922,226.975830078125,217.42027282714844,0.9644056558609008
772,1300,27653,93.50088500976562,851.1614990234375,221.995849609375,206.9139404296875,0.9541592001914978
773,1302,31885,66.8335952758789,98.96888732910156,447.1105651855469,463.4144287109375,0.9801400303840636
774,1302,3483,556.978515625,812.3187866210938,289.3206787109375,173.384765625,0.9725918769836426
775,1302,29667,604.8952026367188,175.3397979736328,217.18157958984372,214.94651794433597,0.9644038081169128
776,1302,27653,59.82881164550781,809.6851196289062,225.5302581787109,211.36480712890625,0.952022135257721
777,1305,27926,601.8984985351562,160.74253845214844,257.75732421875,455.18310546875,0.9708018898963928
778,1305,16551,77.85749053955078,677.4329223632812,334.6976318359375,458.5328979492188,0.9706680178642272
779,1305,1900,630.6182861328125,894.0929565429688,213.5906982421875,134.57171630859375,0.9681876301765442
780,1305,44199,134.16761779785156,291.3609313964844,293.0484619140625,148.72647094726562,0.8962506651878357
781,1309,28763,582.334228515625,870.7462158203125,222.95989990234372,211.2523193359375,0.9845215678215028
782,1309,3483,120.6436996459961,307.0823669433594,273.9453125,198.41461181640625,0.976532220840454
783,1309,29667,86.95779418945312,860.3828125,229.9296875,229.0029296875,0.96783185005188
784,1309,27733,561.108154296875,255.8321228027344,300.87384033203125,262.0458679199219,0.9614251255989076
785,1311,3483,579.1866455078125,758.580322265625,276.04278564453125,209.28594970703125,0.9734246730804444
786,1311,27733,93.78541564941406,735.5799560546875,315.7012939453125,276.37628173828125,0.9722025394439696
787,1311,28763,173.86984252929688,185.5418701171875,210.35226440429688,202.6499938964844,0.969657063484192
788,1311,29667,641.8191528320312,177.02163696289062,216.6058349609375,214.3294982910156,0.9551204442977904
789,1312,22627,68.2143783569336,56.53799819946289,328.5892028808594,485.5208435058594,0.981242299079895
790,1312,2483,620.5643920898438,51.001007080078125,248.79119873046875,475.0123596191406,0.965138018131256
791,1312,5094,105.27985382080078,807.0833740234375,276.9349365234375,276.65771484375,0.9528781771659852
792,1312,5886,594.342041015625,686.244384765625,234.76141357421875,490.9757080078125,0.9482880234718324
793,1315,19232,552.421142578125,205.8519592285156,286.2244873046875,289.29547119140625,0.9660944938659668
794,1315,3351,421.95257568359375,877.5613403320312,189.96533203125,191.57037353515625,0.9540932178497314
795,1315,16688,160.21109008789062,84.09234619140625,264.9205322265625,609.5342407226562,0.8592989444732666
796,1316,19232,80.97969818115234,694.896728515625,307.1587219238281,303.28924560546875,0.975158989429474
797,1316,3351,325.68707275390625,161.86402893066406,185.96099853515625,189.27574157714844,0.96695476770401
798,1316,16688,517.5220336914062,469.2471008300781,292.0068359375,654.7625732421875,0.9314520955085754
799,132,3483,567.1484985351562,813.4598388671875,264.0880126953125,219.657958984375,0.9741344451904296
800,132,36637,665.4306640625,182.57928466796875,186.79150390625,248.30294799804688,0.9727603793144226
801,132,30308,30.46591567993164,178.82980346679688,453.181884765625,310.4503479003906,0.9675627946853638
802,132,27777,178.3893585205078,812.20361328125,176.2869415283203,200.2105712890625,0.9635639786720276
803,1322,2483,84.505126953125,676.1590576171875,236.6997985839844,476.8621826171875,0.9613118171691896
804,1322,5094,550.59130859375,193.94314575195312,269.100830078125,263.0673522949219,0.95747971534729
805,1322,4378,135.3652801513672,109.75802612304688,214.53126525878903,438.4499206542969,0.9546310901641846
806,1322,6192,474.1194458007813,599.6045532226562,346.51385498046875,485.30767822265625,0.8997100591659546
807,1323,2483,621.1613159179688,55.07440185546875,219.27459716796875,479.988525390625,0.9665706753730774
808,1323,5094,102.4076919555664,800.5249633789062,281.9253234863281,276.63653564453125,0.9555806517601012
809,1323,4378,585.3426513671875,697.0654296875,219.24395751953125,466.237060546875,0.948171317577362
810,1323,6192,119.26996612548828,104.34548950195312,338.0863342285156,504.7586364746094,0.9172934293746948
811,1326,3351,368.6649475097656,245.8074951171875,184.3290100097656,183.23873901367188,0.9753654599189758
812,1326,20238,600.3253784179688,839.5614624023438,227.6256103515625,220.56719970703125,0.9603607654571532
813,1326,18357,161.2536163330078,670.8016357421875,270.1386108398437,356.140869140625,0.9474878311157228
814,1327,16548,168.1281280517578,812.8408203125,239.7812957763672,241.169677734375,0.9815047383308412
815,1327,44199,173.2046661376953,232.90013122558597,202.4687347412109,264.0497436523437,0.97945237159729
816,1327,1900,642.8108520507812,844.305419921875,191.6810302734375,191.191650390625,0.9783220887184144
817,1327,29451,517.6222534179688,245.7406005859375,402.3355102539063,218.6971740722656,0.9781175255775452
818,1328,29451,70.86997985839844,845.6793823242188,417.3836059570313,214.41790771484372,0.9838247299194336
819,1328,1900,167.2786407470703,246.45391845703125,183.0746917724609,183.52618408203125,0.9806796312332152
820,1328,16548,581.1754760742188,217.78909301757807,236.95184326171875,224.19842529296875,0.978586196899414
821,1328,44199,624.7687377929688,810.284423828125,203.139404296875,275.3009033203125,0.9724603295326232
822,1329,1900,149.33456420898438,241.8003387451172,180.72332763671875,179.1703338623047,0.9838551878929138
823,1329,29451,37.31840133666992,800.4639892578125,417.351806640625,227.3868408203125,0.9816187024116516
824,1329,44199,596.4756469726562,778.4547119140625,212.1746826171875,280.1583251953125,0.9802144765853882
825,1329,16548,553.7810668945312,208.60662841796875,231.58062744140625,223.73211669921875,0.9769441485404968
826,1330,35206,611.592041015625,122.41696166992188,231.12548828125,403.0104064941406,0.977330446243286
827,1330,34597,88.37467956542969,163.5743408203125,451.111328125,416.9948120117188,0.9756871461868286
828,1330,3483,603.253662109375,842.7517700195312,277.6307373046875,190.31341552734372,0.9736973643302916
829,1330,25469,86.81249237060547,827.0323486328125,340.953857421875,302.16455078125,0.9581639766693116
830,1331,35206,582.4561157226562,108.10910034179688,226.62127685546875,396.8912963867188,0.9752634763717652
831,1331,3483,576.4016723632812,810.5506591796875,278.43829345703125,193.333251953125,0.9729310870170592
832,1331,34597,76.8544692993164,128.40133666992188,431.4370727539063,431.5727233886719,0.9691337943077089
833,1331,25469,48.79452896118164,788.4134521484375,350.7272033691406,302.4676513671875,0.9590742588043212
834,1332,34597,456.0568542480469,646.2149047851562,452.7707214355469,449.48089599609375,0.9810437560081482
835,1332,3483,124.89876556396484,271.85308837890625,270.8402404785156,191.00885009765625,0.9735567569732666
836,1332,35206,133.8726043701172,728.8886108398438,249.2464141845703,410.43548583984375,0.9707918763160706
837,1332,25469,571.1275634765625,186.9588623046875,335.3583984375,289.52789306640625,0.9669836163520812
838,1333,36637,155.02099609375,286.3143005371094,193.67034912109372,243.86251831054688,0.9775036573410034
839,1333,20014,578.1779174804688,285.1999206542969,341.177490234375,321.3780822753906,0.9648160934448242
840,1333,3351,401.0627746582031,920.2032470703124,190.49343872070312,195.2376708984375,0.9560109376907348
841,1337,16548,577.2125244140625,187.63424682617188,236.39532470703125,227.0962829589844,0.9804968237876892
842,1337,1900,168.14540100097656,246.40673828125,182.0390167236328,181.82614135742188,0.9800575971603394
843,1337,29451,496.88720703125,822.09619140625,394.66119384765625,264.879150390625,0.9667367935180664
844,1337,18110,77.47997283935547,790.4119262695312,310.55877685546875,290.61431884765625,0.9392622113227844
845,134,31885,45.47050476074219,8.724976539611816,351.5386962890625,518.7081298828125,0.9786096811294556
846,134,35206,648.1390380859375,142.9939422607422,201.9801025390625,398.5631713867188,0.975110113620758
847,134,3483,557.6724243164062,813.001953125,290.15447998046875,172.73895263671875,0.9706466794013976
848,134,27653,61.06641387939453,810.6165161132812,225.06692504882807,210.92376708984372,0.951651394367218
849,1340,31705,135.56935119628906,126.27383422851562,242.7539825439453,419.3299865722656,0.9816884398460388
850,1340,1900,639.9840087890625,859.64013671875,213.96881103515625,157.316162109375,0.975366473197937
851,1340,16548,186.60006713867188,823.9407348632812,245.20037841796875,239.73126220703125,0.9750373363494872
852,1340,24850,582.2202758789062,283.6843566894531,288.981689453125,169.86407470703125,0.9591764211654664
853,1345,31885,166.9511260986328,133.43934631347656,423.66693115234375,490.6842651367188,0.974232017993927
854,1345,3483,601.400390625,843.4041137695312,277.9227294921875,190.39776611328125,0.972868025302887
855,1345,25469,80.56527709960938,830.3084106445312,349.2435913085937,297.43756103515625,0.9686551690101624
856,1345,29667,618.2369995117188,175.37564086914062,224.5426025390625,215.8013610839844,0.953537106513977
857,1347,31885,406.05517578125,617.9239501953125,428.3521118164063,510.254638671875,0.976758599281311
858,1347,3483,126.59883880615234,270.8439636230469,269.4469909667969,190.838134765625,0.9734727144241332
859,1347,25469,572.502685546875,188.1402282714844,335.75555419921875,286.3706359863281,0.96597820520401
860,1347,29667,140.6952667236328,870.9984130859375,230.5138702392578,225.898681640625,0.9617101550102234
861,1348,22074,674.1880493164062,308.59228515625,184.67352294921875,190.25100708007807,0.9802044034004213
862,1348,3351,365.0117492675781,879.4288940429688,187.07876586914065,192.12872314453125,0.9545477032661438
863,1348,31863,183.24647521972656,263.6575622558594,206.4089508056641,208.30999755859372,0.9276135563850404
864,135,31885,57.77488327026367,18.98457908630371,366.84075927734375,541.0115966796875,0.981493592262268
865,135,35206,680.1534423828125,155.988037109375,202.04937744140625,410.8392333984375,0.9776397943496704
866,135,3483,586.9660034179688,846.7255859375,283.71533203125,164.8809814453125,0.967498540878296
867,135,27653,94.93687438964844,850.7901000976562,221.6409149169922,208.40960693359372,0.95371413230896
868,1350,22074,105.97464752197266,813.9915771484375,184.64791870117188,190.36700439453125,0.9795477390289308
869,1350,3351,425.8321228027344,218.82159423828125,184.90573120117188,183.2713928222656,0.9636577367782592
870,1350,31863,586.642333984375,859.6785888671875,207.24560546875,203.1181640625,0.9463282227516174
871,1353,34597,515.4205322265625,686.1793212890625,430.28070068359375,452.314453125,0.978545904159546
872,1353,16232,153.3389892578125,829.1409912109375,190.878173828125,191.99652099609372,0.9784268140792848
873,1353,3483,171.4541015625,275.7954406738281,261.0560913085937,219.54913330078125,0.9776347875595092
874,1353,27777,636.1453247070312,291.9410095214844,177.98626708984375,198.2486267089844,0.9667853713035583
875,1354,36637,164.55267333984375,797.7702026367188,192.33273315429688,255.55035400390625,0.9842669367790222
876,1354,20877,539.0429077148438,291.5104064941406,335.9832763671875,237.21902465820312,0.981170654296875
877,1354,3483,141.1318817138672,291.8284912109375,211.1547088623047,257.945556640625,0.9764078855514526
878,1354,30308,570.1214599609375,730.3534545898438,344.1427001953125,472.9194946289063,0.9726728796958924
879,1355,20877,86.02091217041016,725.7869262695312,331.1220703125,240.94866943359372,0.9833233952522278
880,1355,3483,627.0746459960938,716.854248046875,207.083984375,271.44268798828125,0.9790987968444824
881,1355,30308,76.30106353759766,46.14947509765625,320.2692565917969,444.1220703125,0.9728029370307922
882,1355,36637,605.5348510742188,203.5014190673828,178.496337890625,244.81968688964844,0.9713062644004822
883,1357,6563,163.33058166503906,672.2504272460938,221.04298400878903,367.3469848632813,0.9817178249359132
884,1357,16548,576.7909545898438,169.13519287109375,234.33184814453125,226.99908447265625,0.9794852137565612
885,1357,3544,92.87074279785156,228.1404266357422,203.00685119628903,201.42991638183597,0.9688482880592346
886,1357,12420,623.4630737304688,814.3672485351562,192.5677490234375,186.3927001953125,0.9224167466163636
887,1358,16548,605.2354125976562,176.12942504882812,240.59808349609372,226.45755004882807,0.9834430813789368
888,1358,6563,195.7162170410156,711.2852172851562,219.61077880859372,364.61077880859375,0.9777199029922484
889,1358,3544,110.3955535888672,242.4278106689453,208.1952667236328,197.35240173339844,0.9694399237632751
890,1358,12420,650.7470092773438,845.3079833984375,190.6094970703125,183.131103515625,0.893795907497406
891,1359,16548,139.23297119140625,855.1028442382812,242.81948852539065,238.56353759765625,0.9785733819007874
892,1359,3544,672.9678955078125,830.119140625,212.728759765625,205.2196044921875,0.9757118821144104
893,1359,6563,581.1608276367188,229.75927734375,216.334228515625,339.3507080078125,0.9748086929321288
894,1359,12420,158.61744689941406,278.9992980957031,191.6026153564453,178.69161987304688,0.942656636238098
895,136,16551,79.99932098388672,648.2265014648438,312.6777038574219,489.3745727539063,0.9787371158599854
896,136,1900,649.3856811523438,851.3732299804688,212.0723876953125,158.93206787109375,0.97548907995224
897,136,44199,131.9351348876953,246.32298278808597,246.10340881347656,227.6891021728516,0.9753516912460328
898,136,33009,563.34228515625,220.1556701660156,312.6383056640625,287.2767639160156,0.9283688068389891
899,1361,3351,357.75360107421875,149.3810577392578,183.3262939453125,188.49424743652344,0.97865229845047
900,1361,29667,625.2723999023438,689.2205810546875,233.126220703125,232.637939453125,0.9746171832084656
901,1361,19232,167.02279663085938,651.070068359375,240.24710083007807,357.70196533203125,0.9519668221473694
902,1363,33880,451.3354187011719,247.5518493652344,432.6619567871094,284.0511779785156,0.9693828821182252
903,1363,16262,117.19357299804688,288.66827392578125,244.27487182617188,242.64312744140625,0.9684929847717284
904,1363,3351,432.3701171875,887.5154418945312,191.6619873046875,191.10577392578125,0.9507468938827516
905,1366,3483,132.23907470703125,287.7119445800781,277.5330810546875,175.65853881835938,0.9750598073005676
906,1366,29667,124.24646759033205,862.77880859375,230.519775390625,227.6641845703125,0.9671941995620728
907,1366,22347,665.7742309570312,834.2653198242188,207.021728515625,211.40875244140625,0.9623737931251526
908,1366,27653,672.54833984375,253.9991912841797,219.54144287109372,201.8416290283203,0.9548751711845398
909,1367,3483,557.08349609375,811.8292846679688,289.71099853515625,174.3709716796875,0.9730483293533324
910,1367,22347,106.06047058105467,224.1544342041016,202.03440856933597,195.6998443603516,0.9613932371139526
911,1367,29667,604.7138671875,175.28390502929688,218.249267578125,214.96551513671875,0.9597820043563844
912,1367,27653,60.05789566040039,810.1786499023438,225.2396545410156,211.187744140625,0.9509946703910828
913,1369,16262,637.7664184570312,179.81008911132812,247.01873779296875,226.34848022460935,0.9783209562301636
914,1369,3483,599.3538818359375,866.79443359375,260.8541259765625,229.8260498046875,0.9727856516838074
915,1369,22347,117.74842071533205,214.07054138183597,207.89703369140625,197.95579528808597,0.9712604880332948
916,1369,19861,126.5137176513672,866.1719360351562,220.8867950439453,167.45098876953125,0.9626569151878356
917,1371,3483,573.35498046875,836.1668701171875,261.03179931640625,232.529541015625,0.9749337434768676
918,1371,16262,608.8798828125,172.54710388183594,241.699462890625,230.3568878173828,0.9680995941162108
919,1371,22347,101.73013305664062,204.93946838378903,203.9910888671875,195.9450836181641,0.9648019075393676
920,1371,19861,92.3018569946289,827.6995239257812,225.5000915527344,175.66357421875,0.962900936603546
921,1372,2483,601.642578125,102.9935302734375,281.456787109375,460.7290649414063,0.9580488801002502
922,1372,22627,80.21548461914062,95.35206604003906,329.7783203125,492.4059448242188,0.9567441344261168
923,1372,3743,71.08966827392578,817.086181640625,333.0469665527344,323.140869140625,0.954856276512146
924,1372,5886,617.6625366210938,693.30126953125,233.7978515625,514.2288818359375,0.9068647027015686
925,1376,1900,640.8289184570312,859.8972778320312,207.20758056640625,165.35089111328125,0.980204164981842
926,1376,33208,153.9016876220703,299.4634094238281,206.9387969970703,193.8809814453125,0.9728943109512328
927,1376,16551,90.26567840576172,699.6168823242188,292.2914123535156,499.78607177734375,0.9714105725288392
928,1376,33009,584.14794921875,236.84521484375,360.34564208984375,241.54067993164065,0.9592060446739196
929,1377,1900,152.73719787597656,256.3804931640625,198.9850616455078,155.64666748046875,0.9829724431037904
930,1377,16551,607.6819458007812,58.35799789428711,284.635498046875,482.6468811035156,0.9718663692474364
931,1377,33208,641.4672241210938,805.2156982421875,210.17584228515625,200.5731201171875,0.9554335474967957
932,1377,33009,47.188289642333984,821.64111328125,361.82464599609375,235.836181640625,0.9526670575141908
933,1378,3483,151.01344299316406,218.85678100585935,246.6796112060547,222.055908203125,0.9730352759361268
934,1378,22347,623.9404296875,869.3072509765625,213.37030029296875,208.2943115234375,0.9656988978385924
935,1378,35206,106.92073059082033,772.2222290039062,300.0670166015625,395.9556274414063,0.9536986947059632
936,1378,19861,638.906494140625,277.2484130859375,220.99810791015625,171.53628540039062,0.9531716108322144
937,1379,22347,162.93873596191406,201.9134826660156,207.3754425048828,196.26528930664065,0.975328266620636
938,1379,3483,599.9234619140625,867.3971557617188,260.3282470703125,229.43231201171875,0.9730367064476012
939,1379,19861,126.1390380859375,866.3616943359375,221.79620361328125,167.0313720703125,0.9636076092720032
940,1379,35206,581.2960205078125,96.32183074951172,292.27252197265625,379.0836486816406,0.952174723148346
941,1381,21325,628.7685546875,276.6335754394531,237.887451171875,137.52798461914062,0.9768631458282472
942,1381,3351,409.3341674804688,844.5731201171875,187.63006591796875,190.2205810546875,0.9630486369132996
943,1381,32310,33.33644104003906,236.7445373535156,377.4358520507813,237.7552795410156,0.8850479125976562
944,1384,25367,50.40532684326172,99.14250183105467,409.505126953125,449.702880859375,0.9787499904632568
945,1384,3483,568.1121215820312,816.0873413085938,264.157958984375,218.66925048828125,0.9724717140197754
946,1384,20238,602.7507934570312,195.86428833007807,226.8189697265625,214.53433227539065,0.965243637561798
947,1384,27777,177.842041015625,814.3098754882812,176.21136474609375,199.13116455078125,0.962123453617096
948,1385,3483,536.7693481445312,778.5676879882812,268.3778076171875,228.557861328125,0.9765567779541016
949,1385,25367,38.70138168334961,77.48397064208984,404.9567260742188,449.4076232910156,0.974201798439026
950,1385,20238,576.8875122070312,192.53042602539065,220.670654296875,212.15402221679688,0.972277283668518
951,1385,27777,144.31663513183594,775.71435546875,180.4575958251953,205.58135986328125,0.9682599306106568
952,1386,25367,531.6198120117188,703.2974853515625,421.3070068359375,464.767333984375,0.982273280620575
953,1386,3483,173.2119903564453,273.51611328125,260.5997314453125,220.50018310546875,0.9767548441886902
954,1386,20238,152.67591857910156,852.3810424804688,231.8035125732422,225.26873779296875,0.9710829854011536
955,1386,27777,638.3297119140625,291.2666931152344,176.7952880859375,198.51919555664065,0.9633830785751344
956,1387,20238,601.11572265625,179.68809509277344,224.6317138671875,218.8645172119141,0.9750007390975952
957,1387,22347,111.13479614257812,239.0933380126953,206.80795288085935,199.22618103027344,0.9748317003250122
958,1387,3483,646.9763793945312,754.4807739257812,198.05743408203125,275.13641357421875,0.9721959233283995
959,1387,20877,132.826171875,838.0846557617188,280.3145751953125,304.92242431640625,0.9623587727546692
960,139,31885,16.867780685424805,46.94293975830078,390.7509765625,507.8020629882813,0.9747324585914612
961,139,35206,584.9242553710938,110.78904724121094,224.02593994140625,394.33984375,0.9746214747428894
962,139,3483,575.4292602539062,811.2863159179688,278.99298095703125,193.3265380859375,0.9732069373130798
963,139,25469,49.06419372558594,788.829833984375,349.9427490234375,302.3160400390625,0.9622212052345276
964,1390,25438,155.64120483398438,871.8355102539062,261.398681640625,265.40838623046875,0.9741111397743224
965,1390,2483,605.4473876953125,109.84417724609376,200.31512451171875,470.3721923828125,0.9607927203178406
966,1390,22627,111.70012664794922,155.8989715576172,369.9861755371094,465.64349365234375,0.942889392375946
967,1390,22362,604.4335327148438,752.830078125,266.12115478515625,418.396240234375,0.9340953826904296
968,1392,25438,153.60581970214844,860.963134765625,256.1039428710937,252.3341064453125,0.973065972328186
969,1392,2483,604.43798828125,84.67007446289062,217.1920166015625,480.4295959472656,0.9651488661766052
970,1392,22627,104.7512664794922,127.30755615234376,372.7330322265625,462.8328857421875,0.9601113200187684
971,1392,22362,596.6915283203125,738.7824096679688,259.7323608398437,417.1818237304688,0.933639407157898
972,1393,16262,136.2366180419922,833.788818359375,248.6879119873047,242.8306884765625,0.9832163453102112
973,1393,3483,173.6855926513672,273.80670166015625,260.87799072265625,220.6966857910156,0.9767643809318542
974,1393,22347,680.6416015625,870.9530029296875,215.44110107421875,207.1107177734375,0.9684154391288756
975,1393,27777,638.7824096679688,291.787353515625,176.7108154296875,196.7333984375,0.9675931930541992
976,1395,3483,536.197021484375,778.0934448242188,268.696533203125,228.3348388671875,0.976460576057434
977,1395,16262,575.8880615234375,187.15219116210935,236.87249755859372,228.6539306640625,0.975752294063568
978,1395,27777,143.81834411621094,775.5956420898438,180.9753875732422,205.53863525390625,0.9710603952407836
979,1395,22347,86.82698059082031,192.1578369140625,203.6920318603516,196.8348693847656,0.969070315361023
980,1396,19552,504.8961486816406,595.2853393554688,328.2060852050781,491.2800903320313,0.96638286113739
981,1396,2483,80.51256561279297,656.2854614257812,217.2750244140625,497.1404418945313,0.9578140377998352
982,1396,13395,80.99626922607422,80.29887390136719,227.99673461914065,489.1795654296875,0.9550318121910096
983,1396,5094,522.66455078125,160.03097534179688,267.18511962890625,268.9216003417969,0.9535263776779176
984,140,31885,26.36723518371582,63.81568908691406,402.3512573242188,519.6533813476562,0.979778528213501
985,140,35206,612.1425170898438,122.79153442382812,231.43499755859372,403.1167297363281,0.9772053360939026
986,140,3483,601.85107421875,843.464111328125,277.77178955078125,190.91650390625,0.9734134078025818
987,140,25469,83.01968383789062,829.1176147460938,346.96142578125,302.30157470703125,0.9535998106002808
988,1401,3483,127.50099182128906,271.1271057128906,271.92803955078125,190.23861694335935,0.973074436187744
989,1401,25469,573.8526611328125,188.0235290527344,334.097900390625,285.721435546875,0.966456413269043
990,1401,22347,651.2537231445312,850.9374389648438,213.17877197265625,208.74566650390625,0.964396834373474
991,1401,29667,136.50152587890625,869.5880737304688,231.99334716796875,225.42633056640625,0.964234173297882
992,1402,33880,458.5269165039063,198.62718200683597,388.5758056640625,363.6222534179688,0.9709974527359008
993,1402,20238,83.43212127685547,334.602294921875,227.91433715820312,223.89501953125,0.9659829139709472
994,1402,3351,423.385009765625,883.3035278320312,192.42755126953125,194.96099853515625,0.9545521140098572
995,1404,33880,111.78631591796876,744.5930786132812,405.25775146484375,375.8518676757813,0.977051317691803
996,1404,3351,365.46771240234375,214.42214965820312,185.5267333984375,184.77731323242188,0.9701462388038636
997,1404,20238,667.6107177734375,763.3133544921875,232.14605712890625,221.44525146484372,0.9595943689346312
998,1407,38162,601.748046875,794.0398559570312,243.673828125,249.67974853515625,0.9828101396560668
999,1407,33880,103.81234741210938,686.7960815429688,315.492431640625,435.95550537109375,0.9684759974479676
1000,1407,3351,378.5146179199219,228.8668212890625,184.6820373535156,184.77297973632807,0.9655339121818542
1001,1408,21026,686.1664428710938,274.9468078613281,177.30450439453125,172.36431884765625,0.9778174757957458
1002,1408,16548,70.80122375488281,810.33251953125,242.92274475097656,234.3126220703125,0.977775514125824
1003,1408,33208,658.3455200195312,896.1604614257812,214.61541748046875,216.58013916015625,0.9765283465385436
1004,1408,1900,187.81756591796875,274.54620361328125,201.9827880859375,137.45748901367188,0.973282277584076
1005,1411,36637,642.1364135742188,207.92987060546875,192.3160400390625,246.4796142578125,0.9837557077407836
1006,1411,30308,67.11407470703125,131.33651733398438,388.5352783203125,419.3839416503906,0.9735042452812196
1007,1411,3483,587.9603271484375,845.7446899414062,284.36529541015625,165.40142822265625,0.9691827297210692
1008,1411,27653,96.08839416503906,851.0084838867188,222.27525329589844,208.63958740234372,0.9557538032531738
1009,1413,3483,130.24378967285156,289.0935974121094,277.05242919921875,174.68142700195312,0.9756272435188292
1010,1413,30308,539.4857177734375,703.5123291015625,394.54193115234375,429.50537109375,0.9703534841537476
1011,1413,36637,149.82711791992188,802.2870483398438,196.30377197265625,259.28057861328125,0.9697436094284058
1012,1413,27653,670.6431274414062,253.0424041748047,219.66595458984372,202.2244415283203,0.9553481340408324
1013,1414,16548,56.78094482421875,775.8496704101562,238.1324157714844,233.1011962890625,0.9760257005691528
1014,1414,27926,554.7095336914062,602.1707153320312,275.7269897460937,478.80804443359375,0.973232924938202
1015,1414,3544,109.9523696899414,191.52476501464844,202.9122009277344,200.8139190673828,0.9645115733146667
1016,1414,10221,604.568115234375,190.9175262451172,212.62432861328125,217.12831115722656,0.9443004727363586
1017,1418,31705,597.4939575195312,696.7184448242188,248.8563232421875,462.07806396484375,0.9834555983543396
1018,1418,1900,126.1008071899414,254.7682342529297,199.15774536132807,150.0233917236328,0.9815167188644408
1019,1418,16551,107.79090881347656,646.5638427734375,288.31060791015625,497.654052734375,0.9709697961807252
1020,142,44199,76.10861206054688,180.1450042724609,248.820556640625,219.1187286376953,0.9798197150230408
1021,142,16548,593.3558959960938,157.222900390625,230.1220703125,222.151123046875,0.9773002862930298
1022,142,1900,576.773193359375,865.5340576171875,217.36553955078125,145.57257080078125,0.9733060002326964
1023,142,21026,91.98367309570312,831.890869140625,181.45111083984372,180.08074951171875,0.9598573446273804
1024,1420,3351,408.9971923828125,875.61669921875,190.7628173828125,189.4005126953125,0.961125671863556
1025,1420,41768,100.1832046508789,237.4691619873047,292.1823425292969,264.341064453125,0.9545248746871948
1026,1420,16688,539.7116088867188,67.9889144897461,272.89581298828125,583.8925170898438,0.9017720222473145
1027,1421,3351,338.3009033203125,166.36070251464844,184.65338134765625,188.8645172119141,0.975075662136078
1028,1421,41768,546.145751953125,718.6552734375,306.03936767578125,282.52471923828125,0.9620621800422668
1029,1421,16688,117.23660278320312,523.01171875,265.2592468261719,639.67724609375,0.8323650360107422
1030,1424,3483,536.4055786132812,776.697998046875,268.48358154296875,227.827392578125,0.976889431476593
1031,1424,35206,581.1520385742188,135.10914611816406,222.88055419921875,392.33489990234375,0.9738332033157348
1032,1424,31885,99.1800308227539,74.42015075683594,360.6868286132813,520.5010986328125,0.9724607467651368
1033,1424,27777,144.51161193847656,774.603759765625,181.0215301513672,205.52911376953125,0.9695008397102356
1034,1425,3483,567.6788330078125,813.4240112304688,262.8383178710937,219.86480712890625,0.9744763374328612
1035,1425,35206,611.3600463867188,144.7322235107422,227.32769775390625,401.9182739257813,0.9733651876449584
1036,1425,31885,111.1852569580078,99.6776351928711,371.968994140625,524.91796875,0.9700596332550048
1037,1425,27777,177.07577514648438,812.3665161132812,174.852783203125,199.91436767578125,0.9638913869857788
1038,1429,29345,606.42041015625,705.4859008789062,281.08258056640625,446.3999633789063,0.9892269372940063
1039,1429,16548,126.5536117553711,830.1015014648438,233.8773193359375,229.23187255859372,0.9771265387535096
1040,1429,3544,120.00474548339844,252.60179138183597,208.5334930419922,199.5802764892578,0.9721664786338806
1041,1429,10221,676.6385498046875,214.13845825195312,225.62957763671875,212.60479736328125,0.9673470258712769
1042,143,16548,621.4746704101562,160.3424072265625,240.21343994140625,227.65899658203125,0.9863426089286804
1043,143,44199,92.55165100097656,183.2915802001953,259.49078369140625,232.0898895263672,0.9828705191612244
1044,143,1900,608.8206787109375,900.92529296875,208.56744384765625,136.143798828125,0.9764975309371948
1045,143,21026,123.3687515258789,865.6135864257812,183.92599487304688,176.76287841796875,0.96239572763443
1046,1431,29345,574.2268676757812,665.3550415039062,287.77301025390625,455.86224365234375,0.9872998595237732
1047,1431,16548,90.7168197631836,790.8939208984375,237.8319091796875,235.173583984375,0.9729642868041992
1048,1431,3544,103.5030517578125,243.41754150390625,201.90301513671875,197.50982666015625,0.9678860902786256
1049,1431,10221,648.4829711914062,208.09457397460935,224.3092041015625,214.7784423828125,0.9530407190322876
1050,1433,3351,366.91302490234375,172.03761291503906,184.18548583984372,187.5470123291016,0.9649448394775392
1051,1433,38162,616.0521850585938,755.2138061523438,278.115234375,203.48443603515625,0.9512675404548644
1052,1433,32310,3.049562692642212,657.6279296875,299.83953857421875,330.384765625,0.922157347202301
1053,1435,13900,165.42698669433594,344.0254821777344,173.8354034423828,250.36734008789065,0.9726372361183168
1054,1435,3351,398.8952941894531,851.5547485351562,188.72341918945312,193.54241943359372,0.9602152109146118
1055,1435,20238,587.948974609375,309.04815673828125,224.68890380859372,215.25128173828125,0.9364336133003236
1056,1436,3351,347.7384338378906,185.4464111328125,186.58395385742188,187.71780395507807,0.9703162312507628
1057,1436,13900,597.2871704101562,626.0046997070312,176.8173828125,265.25750732421875,0.9679794907569884
1058,1436,20238,109.7101821899414,699.8153076171875,228.91928100585935,229.44293212890625,0.9536022543907166
1059,1438,16548,203.1666717529297,841.45703125,247.5549468994141,235.4228515625,0.976660132408142
1060,1438,6563,582.2650146484375,234.9886016845703,211.7322998046875,331.82208251953125,0.9746564626693726
1061,1438,3544,696.5714111328125,855.8427124023438,215.193115234375,215.25885009765625,0.9738283157348632
1062,1438,12247,171.2371826171875,304.1285095214844,209.7508544921875,124.799560546875,0.9737375974655152
1063,1439,6563,164.91029357910156,671.9108276367188,220.4272308349609,367.0724487304688,0.9828595519065856
1064,1439,16548,512.9293823242188,179.78067016601562,233.7362060546875,224.21502685546875,0.9775441884994508
1065,1439,3544,74.03720092773438,200.24737548828125,200.0960693359375,199.16995239257807,0.9627888798713684
1066,1439,12247,589.7137451171875,848.9247436523438,212.97119140625,127.2552490234375,0.9438532590866088
1067,1441,3483,575.8993530273438,760.127197265625,278.4429931640625,208.28912353515625,0.973838984966278
1068,1441,36637,593.5601806640625,203.10232543945312,254.3375244140625,167.98834228515625,0.9733953475952148
1069,1441,27733,93.54592895507812,735.654541015625,315.86163330078125,276.1229858398437,0.9723939299583436
1070,1441,22347,117.5542221069336,170.7777862548828,204.94387817382807,197.54237365722656,0.943435549736023
1071,1442,3483,608.2522583007812,789.828125,273.5423583984375,212.73040771484372,0.9727231860160828
1072,1442,27733,129.79336547851562,777.5516967773438,310.6063842773437,273.89166259765625,0.9725822806358336
1073,1442,36637,620.5734252929688,208.4918365478516,257.679443359375,171.4512176513672,0.9661785960197448
1074,1442,22347,135.23536682128906,177.68760681152344,205.07017517089844,199.0570526123047,0.9581536054611206
1075,1444,23223,519.8142700195312,631.64599609375,295.8876953125,510.84765625,0.9719069004058838
1076,1444,2483,94.96971893310548,690.8787231445312,214.42037963867188,492.0368041992188,0.9684300422668456
1077,1444,3743,481.0412292480469,150.7133026123047,317.2632751464844,303.7281494140625,0.9579235911369324
1078,1444,4378,134.49285888671875,116.8323211669922,216.38555908203125,436.896240234375,0.955958902835846
1079,1446,23223,120.55184173583984,68.4171142578125,293.6744689941406,502.25689697265625,0.9802443981170654
1080,1446,2483,631.3004760742188,35.70735168457031,199.4019775390625,480.5443115234375,0.9645640254020692
1081,1446,3743,129.5092315673828,804.8196411132812,325.84283447265625,320.4442749023437,0.9611208438873292
1082,1446,4378,583.8478393554688,700.5281982421875,225.60601806640625,461.931396484375,0.9479684829711914
1083,1447,29451,463.9919738769531,766.593994140625,416.3305358886719,244.99139404296875,0.9818636178970336
1084,1447,16548,44.77699279785156,790.7250366210938,241.0005645751953,233.72357177734372,0.9723798036575316
1085,1447,3544,103.35470581054688,179.14877319335938,205.72564697265625,198.40435791015625,0.9647824764251708
1086,1447,10221,628.4042358398438,192.8829498291016,217.83135986328125,213.53636169433597,0.9460972547531128
1087,1449,16548,79.76216888427734,831.8798828125,235.54931640625,228.02197265625,0.9838491678237916
1088,1449,29451,491.2033996582031,804.2749633789062,408.5734558105469,243.14569091796875,0.9790459871292114
1089,1449,10221,659.1324462890625,200.29835510253903,218.4039306640625,213.0206756591797,0.9748237729072572
1090,1449,3544,118.4951629638672,184.815673828125,208.24681091308597,201.8760681152344,0.9675608277320862
1091,1450,12778,114.4240951538086,66.7442398071289,292.886962890625,529.2291259765625,0.977208971977234
1092,1450,25438,122.16866302490234,812.4215698242188,255.76187133789065,254.32672119140625,0.9736279249191284
1093,1450,2483,604.0865478515625,43.99925231933594,213.75897216796875,480.2073364257813,0.9714125990867616
1094,1450,13395,590.4423217773438,706.8212280273438,237.55572509765625,517.3043823242188,0.9534156918525696
1095,1452,12778,116.53076934814452,102.12213134765624,288.20135498046875,518.0899658203125,0.9788611531257628
1096,1452,25438,125.61096954345705,821.4241333007812,258.57403564453125,269.25616455078125,0.9746160507202148
1097,1452,2483,597.3948974609375,86.73262023925781,206.27532958984372,470.7556762695313,0.9650887250900269
1098,1452,13395,599.01171875,706.9957275390625,238.99615478515625,527.6263427734375,0.9533506035804749
1099,1453,3351,456.78228759765625,906.251953125,190.421630859375,190.5262451171875,0.9556957483291626
1100,1453,16688,479.4713439941406,129.12062072753906,414.2154846191406,517.8720703125,0.9438069462776184
1101,1453,18357,52.40674209594727,302.9245300292969,272.5074157714844,335.9112854003906,0.9110292792320251
1102,1455,3351,332.685302734375,191.7064666748047,184.92449951171875,183.48838806152344,0.9724358320236206
1103,1455,18357,657.35595703125,650.7411499023438,274.851318359375,347.8494873046875,0.9550459384918212
1104,1455,16688,68.95079803466797,623.2762451171875,431.62054443359375,585.013427734375,0.9383028149604796
1105,1458,23223,73.51446533203125,162.2696990966797,298.7339782714844,509.31689453125,0.9797816276550292
1106,1458,25438,110.74665069580078,830.0709228515625,254.7911071777344,252.760498046875,0.97042715549469
1107,1458,2483,611.2945556640625,69.25450134277344,241.4559326171875,467.04974365234375,0.9658543467521667
1108,1458,4378,644.5698852539062,714.0651245117188,219.81072998046875,452.73541259765625,0.964111626148224
1109,1459,22627,74.74235534667969,181.2414093017578,316.64862060546875,489.5382080078125,0.9776265621185304
1110,1459,2483,626.7200317382812,69.57917785644531,223.76397705078125,463.675048828125,0.9569366574287416
1111,1459,5094,108.0007095336914,807.2595825195312,283.10577392578125,292.3265991210937,0.94877690076828
1112,1459,12081,649.3427734375,701.361572265625,245.26422119140625,462.9521484375,0.9487066864967346
1113,146,16232,153.31968688964844,829.2777099609375,190.77296447753903,191.2939453125,0.9784157872200012
1114,146,3483,172.5261993408203,275.7592468261719,260.078857421875,219.959716796875,0.9776431918144226
1115,146,31885,553.961669921875,671.0606689453125,401.3748168945313,526.6143798828125,0.97614187002182
1116,146,27777,637.8941040039062,292.46539306640625,175.5233154296875,196.44775390625,0.9692131876945496
1117,1460,22627,548.694580078125,571.1961059570312,317.01812744140625,480.77154541015625,0.9754714965820312
1118,1460,2483,56.54599380493164,703.2108154296875,254.0706787109375,469.7113037109375,0.972111165523529
1119,1460,12081,68.87200164794922,133.7931365966797,228.322998046875,422.0044555664063,0.9634430408477784
1120,1460,5094,548.7153930664062,190.5731964111328,271.32257080078125,267.3927001953125,0.9605262279510498
1121,1461,22627,66.9099349975586,155.7979278564453,327.4956970214844,473.1953125,0.9855786561965942
1122,1461,2483,631.7166137695312,38.87325668334961,239.093017578125,471.6115417480469,0.970473289489746
1123,1461,12081,638.1130981445312,694.2955932617188,238.27545166015625,457.1803588867188,0.9589397311210632
1124,1461,5094,101.19528198242188,802.24462890625,282.0668334960937,274.182861328125,0.9515495896339417
1125,1462,25367,518.3981323242188,677.1412963867188,427.1267700195313,467.1232299804688,0.9823130965232848
1126,1462,3483,130.5304718017578,288.68658447265625,277.47540283203125,174.5762939453125,0.975635290145874
1127,1462,20238,132.65475463867188,871.47216796875,231.46270751953125,223.8175048828125,0.9692775011062622
1128,1462,27653,669.1609497070312,254.2085418701172,219.64111328125,200.02354431152344,0.9588015079498292
1129,1463,25367,54.44706344604492,120.78316497802734,420.7157897949219,453.9101867675781,0.98455411195755
1130,1463,20238,623.2120971679688,177.89610290527344,224.4119873046875,214.3981475830078,0.977442741394043
1131,1463,3483,587.5933837890625,845.7737426757812,283.92193603515625,165.9010009765625,0.9686247706413268
1132,1463,27653,95.99910736083984,851.3444213867188,222.8326110839844,208.19049072265625,0.956287145614624
1133,1464,25367,47.78885269165039,108.58343505859376,406.9181213378906,449.6574096679688,0.9792724251747132
1134,1464,3483,559.5400390625,812.0945434570312,288.0428466796875,173.9068603515625,0.9717980027198792
1135,1464,20238,596.71337890625,173.4835205078125,217.37908935546875,214.78485107421875,0.9707443714141846
1136,1464,27653,60.82084274291992,811.1621704101562,226.8825836181641,208.133056640625,0.955865442752838
1137,1466,16262,593.9849243164062,174.73995971679688,238.5887451171875,229.71331787109372,0.9786131381988524
1138,1466,3483,557.6524658203125,812.7216186523438,289.4467163085937,173.0201416015625,0.9711570739746094
1139,1466,22347,104.6404037475586,175.8359375,201.2554626464844,199.77261352539065,0.962422251701355
1140,1466,27653,60.948333740234375,810.0227661132812,225.68670654296875,211.57501220703125,0.9513317942619324
1141,1473,19607,152.85491943359375,218.64620971679688,156.14767456054688,154.61224365234375,0.984104573726654
1142,1473,1900,612.5800170898438,859.1654052734375,204.51776123046875,161.16943359375,0.9811455607414246
1143,1473,16551,571.2774658203125,87.88377380371094,287.024658203125,485.1790161132813,0.9778289794921876
1144,1473,21026,123.57135772705078,865.9754638671875,183.8494873046875,176.4935302734375,0.9634274244308472
1145,1474,3483,610.5371704101562,790.7794799804688,271.33355712890625,209.43798828125,0.9753512740135192
1146,1474,27733,127.1521453857422,769.4656372070312,310.78424072265625,273.90447998046875,0.9722159504890442
1147,1474,36637,616.6813354492188,209.5281219482422,262.33709716796875,164.91941833496094,0.9718866348266602
1148,1474,34597,68.76288604736328,97.14422607421876,439.3645935058594,433.998779296875,0.9644133448600768
1149,1476,36637,590.4866333007812,203.15774536132807,252.3538818359375,169.53515625,0.9780981540679932
1150,1476,3483,580.8838500976562,757.3903198242188,276.4625244140625,210.3553466796875,0.976509928703308
1151,1476,34597,54.61838150024414,67.25728607177734,425.6538391113281,437.2968444824219,0.9697087407112122
1152,1476,27733,86.64794158935547,723.7925415039062,323.0452575683594,286.6205444335937,0.9664056897163392
1153,1477,3351,651.0226440429688,287.9481506347656,182.67059326171875,184.36138916015625,0.9710164070129396
1154,1477,18357,360.4808044433594,683.5999145507812,247.40689086914065,370.8753051757813,0.9501987099647522
1155,1477,36637,86.9212417602539,233.390380859375,238.91705322265625,213.30252075195312,0.9439130425453186
1156,148,19232,498.3895263671875,233.68624877929688,325.9203491210937,262.42352294921875,0.9636351466178894
1157,148,20238,122.06219482421876,300.357421875,224.23068237304688,221.81964111328125,0.959505259990692
1158,148,3351,401.2625732421875,850.2616577148438,190.65325927734372,189.67584228515625,0.958507001399994
1159,1480,16548,170.26278686523438,834.8010864257812,244.3912048339844,237.30364990234372,0.9792724251747132
1160,1480,6563,590.2632446289062,240.518798828125,212.66485595703125,340.6448974609375,0.974575936794281
1161,1480,3544,640.2116088867188,875.5604858398438,217.22418212890625,214.87396240234372,0.9722760319709778
1162,1480,10221,161.31614685058594,262.5321044921875,216.3665008544922,209.60275268554688,0.9568994045257568
1163,1483,28763,631.8423461914062,895.065673828125,220.7781982421875,218.63720703125,0.9813236594200134
1164,1483,3483,151.3199462890625,218.74575805664065,245.98001098632807,222.468505859375,0.9732259511947632
1165,1483,19861,638.80517578125,277.4562683105469,221.04888916015625,171.40878295898438,0.9539594650268556
1166,1483,35206,106.61265563964844,771.7964477539062,300.3558959960937,396.46820068359375,0.95236998796463
1167,1485,28763,149.84005737304688,167.64671325683594,210.29293823242188,202.2886505126953,0.984608232975006
1168,1485,3483,599.4122924804688,867.1194458007812,260.7825927734375,229.63043212890625,0.9728402495384216
1169,1485,19861,126.1702117919922,865.9441528320312,221.74790954589844,167.31829833984375,0.9632835984230042
1170,1485,35206,584.3361206054688,94.80899047851562,286.8925170898437,378.869873046875,0.9482377767562866
1171,1488,3351,392.0987243652344,207.0914764404297,184.71652221679688,180.74143981933597,0.9764019250869752
1172,1488,21325,207.9821319580078,824.81005859375,200.3399810791016,198.33074951171875,0.9630653262138368
1173,1488,31863,625.8174438476562,830.4535522460938,205.45831298828125,205.24847412109372,0.9546638131141664
1174,1489,20014,533.3505249023438,285.1507568359375,339.20928955078125,320.73748779296875,0.964369773864746
1175,1489,3351,401.7500915527344,849.1101684570312,190.12228393554688,194.02215576171875,0.9558000564575196
1176,1489,20238,181.48133850097656,283.2163391113281,225.3220367431641,218.01416015625,0.9502872228622437
1177,149,19232,91.30120849609376,699.0709228515625,334.7294311523437,267.4649658203125,0.97639000415802
1178,149,3351,345.53173828125,188.9203186035156,185.397705078125,189.05422973632807,0.967177152633667
1179,149,20238,593.9363403320312,715.4135131835938,232.3748779296875,223.0216064453125,0.9444045424461364
1180,1492,21325,181.9810485839844,278.1529541015625,164.61001586914062,229.81515502929688,0.9716652631759644
1181,1492,3351,379.1191711425781,905.0601806640624,189.74362182617188,190.112060546875,0.9637171030044556
1182,1492,18147,524.7608032226562,298.0230407714844,344.032958984375,357.4580993652344,0.9505210518836976
1183,1493,21325,599.3416748046875,720.1987915039062,158.54254150390625,239.5638427734375,0.9718074798583984
1184,1493,3351,368.5589294433594,136.07940673828125,182.92434692382807,191.06634521484372,0.9662558436393738
1185,1493,18147,56.038856506347656,543.6331176757812,345.1061706542969,379.4064331054688,0.9530189633369446
1186,1497,3483,564.7798461914062,836.9254760742188,262.24871826171875,236.46820068359372,0.9781556129455566
1187,1497,19861,85.72648620605469,826.8943481445312,224.8804168701172,176.20654296875,0.9632228016853333
1188,1497,29667,606.2892456054688,199.1891021728516,224.0758056640625,215.1584930419922,0.9602123498916626
1189,1497,34597,61.062477111816406,57.59357833862305,303.6978454589844,517.0006713867188,0.8944070339202881
1190,15,33880,47.54377365112305,784.7488403320312,442.5875244140625,283.53192138671875,0.9781814217567444
1191,15,3351,360.23388671875,248.6367645263672,185.05584716796875,180.5512542724609,0.969058096408844
1192,15,16232,642.0657958984375,795.3274536132812,197.56097412109372,193.651123046875,0.9537547826766968
1193,150,19232,130.33856201171875,804.0429077148438,334.7606201171875,262.34002685546875,0.9772934317588806
1194,150,20238,632.5863037109375,803.2985229492188,229.0450439453125,220.93499755859372,0.9656288623809814
1195,150,3351,388.2097473144531,251.1684417724609,184.2601623535156,182.9262237548828,0.9633178114891052
1196,1500,38162,197.36859130859372,730.6878051757812,188.1846923828125,304.36578369140625,0.9749325513839722
1197,1500,3351,351.2636413574219,237.64068603515625,184.6944274902344,182.2022399902344,0.9717214703559875
1198,1500,41768,558.2608032226562,863.229248046875,363.3981323242188,176.0201416015625,0.9195995330810548
1199,151,29451,516.877685546875,245.36769104003903,402.6856689453125,219.4716644287109,0.9780824184417723
1200,151,1900,643.0682373046875,844.412841796875,192.09210205078125,190.3533935546875,0.9772201180458068
1201,151,16548,96.43733978271484,819.995849609375,240.78863525390625,237.3331298828125,0.9754909873008728
1202,151,33208,185.42034912109372,270.0447998046875,205.5919189453125,193.56320190429688,0.9462212324142456
1203,152,29451,38.40188980102539,800.7305908203125,417.4277648925781,227.024169921875,0.9813016653060912
1204,152,1900,148.2735595703125,240.97097778320312,180.07354736328125,181.85183715820312,0.9759262204170228
1205,152,16548,621.3903198242188,208.4544982910156,230.99920654296875,220.5712890625,0.9718526005744934
1206,152,33208,584.4526977539062,810.8134155273438,212.54522705078125,207.04583740234372,0.970977544784546
1207,153,29451,70.92559051513672,845.8114013671875,417.0757446289063,214.452880859375,0.9841567873954772
1208,153,1900,166.48663330078125,246.74853515625,183.51516723632807,183.58795166015625,0.9814534187316896
1209,153,16548,647.6361694335938,212.8744964599609,239.90081787109372,225.4149932861328,0.9799205660820008
1210,153,33208,610.12158203125,847.8936157226562,208.80621337890625,194.30218505859372,0.965206503868103
1211,154,23223,86.18603515625,127.18029022216795,316.8825988769531,503.56353759765625,0.9757958054542542
1212,154,2483,620.4181518554688,50.97795867919922,248.78631591796875,475.5084838867188,0.9651811122894288
1213,154,5094,105.04859161376952,806.9456787109375,277.90167236328125,277.2490234375,0.952472686767578
1214,154,5886,594.621337890625,686.0843505859375,234.80218505859372,491.031982421875,0.9480872750282288
1215,155,5094,547.268798828125,184.864013671875,269.9542236328125,268.94384765625,0.961593747138977
1216,155,23223,532.6962280273438,575.2164916992188,321.18377685546875,497.9977416992188,0.9580300450325012
1217,155,2483,66.41478729248047,688.3729248046875,254.5575256347656,478.2022705078125,0.9572036266326904
1218,155,5886,111.60205841064452,92.6052703857422,236.10220336914065,465.73541259765625,0.9478205442428588
1219,156,23223,91.81291198730467,163.49404907226562,321.81207275390625,499.2731628417969,0.9720860719680786
1220,156,2483,607.52392578125,82.30207824707031,259.3978881835937,466.231689453125,0.96354740858078
1221,156,5094,110.69676208496094,818.6843872070312,280.37030029296875,283.47442626953125,0.9585750102996826
1222,156,5886,603.7802124023438,683.5457763671875,241.36669921875,502.509521484375,0.9082859754562378
1223,157,3483,536.3863525390625,777.9293212890625,268.19921875,228.75732421875,0.976554036140442
1224,157,16262,576.902099609375,190.3134613037109,236.24609375,225.7420196533203,0.9752853512763976
1225,157,25367,104.00375366210938,80.5541000366211,395.66204833984375,457.2510681152344,0.9752615690231324
1226,157,27777,144.01734924316406,775.7613525390625,180.7844390869141,205.3653564453125,0.9694283604621888
1227,159,25367,118.24042510986328,97.85066986083984,405.4200439453125,467.0841979980469,0.97855406999588
1228,159,16262,603.1495971679688,191.2578887939453,240.8671875,234.7088165283203,0.9767345190048218
1229,159,3483,564.4691772460938,812.8208618164062,267.357177734375,222.46405029296875,0.9724156856536864
1230,159,27777,177.64849853515625,813.7503051757812,176.23098754882812,199.19354248046875,0.9634395837783812
1231,160,16551,579.3665161132812,266.3847351074219,282.20098876953125,466.1109924316406,0.9742979407310486
1232,160,3544,627.4939575195312,886.79443359375,209.603515625,215.730712890625,0.9677063822746276
1233,160,23203,212.42135620117188,313.8886413574219,135.047119140625,139.82406616210938,0.9662508368492126
1234,160,4543,142.40069580078125,917.227783203125,214.2843017578125,203.5626220703125,0.9587207436561584
1235,162,16551,127.1679229736328,541.0938110351562,288.3726806640625,478.10205078125,0.974393367767334
1236,162,23203,652.9376831054688,856.267822265625,138.8717041015625,134.0003662109375,0.974122941493988
1237,162,3544,159.27468872070312,178.78652954101562,207.056396484375,199.51904296875,0.9681031703948976
1238,162,4543,629.6293334960938,144.01171875,208.3775634765625,202.57659912109372,0.9394562840461732
1239,163,16232,641.7584838867188,250.2227935791016,190.0277099609375,179.4650421142578,0.9838852882385254
1240,163,3483,568.1500244140625,812.7804565429688,263.8878173828125,217.07659912109372,0.973997950553894
1241,163,28763,126.4203872680664,173.03883361816406,214.41049194335935,205.1930694580078,0.967824935913086
1242,163,27777,179.02391052246094,812.9072265625,176.09571838378906,199.85028076171875,0.9631623029708862
1243,164,16232,152.7727813720703,829.4237060546875,191.73008728027344,192.047607421875,0.978871524333954
1244,164,3483,172.3260498046875,275.5361022949219,260.2215881347656,219.869384765625,0.9777952432632446
1245,164,28763,651.6152954101562,890.6876220703125,223.5321044921875,213.20068359375,0.9740599393844604
1246,164,27777,637.0410766601562,292.1294250488281,176.2935791015625,196.48577880859372,0.967112362384796
1247,165,16232,614.17578125,240.28594970703125,184.89129638671875,180.52200317382807,0.9792097806930542
1248,165,3483,537.6162109375,776.7506713867188,268.37420654296875,227.7061767578125,0.9769906997680664
1249,165,27777,145.4686279296875,775.040283203125,181.30902099609372,205.76544189453125,0.9705289602279664
1250,165,28763,104.9661865234375,167.8731231689453,217.15179443359372,198.67784118652344,0.9604188203811646
1251,17,3351,296.6418151855469,166.23268127441406,186.64273071289065,189.8489532470703,0.9709238409996032
1252,17,35206,111.92066955566406,586.6356201171875,309.4451904296875,383.921142578125,0.961927592754364
1253,17,41768,555.828857421875,636.9222412109375,282.2779541015625,307.1615600585937,0.9557286500930786
1254,170,2483,617.0709228515625,70.39898681640625,231.269775390625,466.36962890625,0.9587956070899964
1255,170,6192,116.3749008178711,166.26998901367188,299.5594177246094,509.7737121582031,0.9487609267234802
1256,170,12081,649.5393676757812,701.7653198242188,244.802734375,462.51666259765625,0.947828471660614
1257,170,5094,108.24486541748048,808.9976196289062,283.3924865722656,291.03472900390625,0.9477193355560304
1258,172,25367,114.22179412841795,65.38408660888672,337.72509765625,501.7408447265625,0.987220823764801
1259,172,3483,586.110595703125,845.244873046875,286.15106201171875,167.45916748046875,0.9659323692321776
1260,172,29667,630.8157958984375,179.0695037841797,227.2071533203125,217.26036071777344,0.9640405178070068
1261,172,27653,93.3773956298828,851.066650390625,222.7737579345703,206.5733642578125,0.9547278881072998
1262,173,25367,97.57213592529295,54.17723083496094,331.02227783203125,484.4630737304688,0.984602689743042
1263,173,3483,556.9773559570312,812.1248779296875,289.5458374023437,174.1234130859375,0.972402811050415
1264,173,29667,605.007568359375,175.14004516601562,217.51934814453125,215.0796813964844,0.9628273248672484
1265,173,27653,60.20769882202149,809.98779296875,225.05661010742188,211.62890625,0.950822114944458
1266,174,25367,550.755126953125,689.046875,338.2421264648437,516.8116455078125,0.9862861037254332
1267,174,3483,132.653076171875,288.140869140625,276.8425598144531,175.3734130859375,0.974619686603546
1268,174,29667,125.27548217773438,865.1790161132812,231.92819213867188,228.36199951171875,0.964042603969574
1269,174,27653,672.6251220703125,253.6833038330078,219.25567626953125,202.5875701904297,0.9554202556610109
1270,175,30308,118.28285217285156,92.13318634033205,286.466064453125,492.0300903320313,0.9793506264686584
1271,175,3483,594.1805419921875,871.6021118164062,257.41375732421875,229.21697998046875,0.9787712693214417
1272,175,29667,639.0166625976562,206.36741638183597,223.89678955078125,214.5727386474609,0.9584611058235168
1273,175,19861,120.64309692382812,863.3809204101562,223.30203247070312,169.99017333984375,0.9465229511260986
1274,176,30308,596.293701171875,677.6126708984375,281.26513671875,483.7275390625,0.9782312512397766
1275,176,3483,157.46180725097656,214.8197326660156,247.36756896972656,219.37664794921875,0.9762983322143556
1276,176,29667,118.92789459228516,838.5033569335938,230.05657958984372,231.28961181640625,0.95989590883255
1277,176,19861,645.0452880859375,276.8427429199219,224.04815673828125,173.87081909179688,0.94999897480011
1278,179,3483,173.22581481933594,273.0530700683594,260.97882080078125,221.1563720703125,0.9763837456703186
1279,179,20238,152.17803955078125,852.8683471679688,232.07199096679688,223.05633544921875,0.9681835770606996
1280,179,27777,638.2243041992188,291.2403564453125,177.01483154296875,196.71673583984372,0.9667304158210754
1281,179,22347,644.8526611328125,833.3901977539062,213.41259765625,206.77044677734372,0.9601377248764038
1282,180,3483,536.9779663085938,778.3834228515625,268.20465087890625,228.80523681640625,0.9763660430908204
1283,180,27777,144.1039276123047,776.2037353515625,181.2797088623047,205.23297119140625,0.970146894454956
1284,180,20238,577.430419921875,192.8329925537109,220.27880859375,210.95433044433597,0.9688143730163574
1285,180,22347,121.8495864868164,229.0408935546875,204.0679626464844,193.346435546875,0.9665277004241944
1286,183,6563,590.5265502929688,240.3928985595703,212.3519287109375,340.9642333984375,0.9741820693016052
1287,183,3544,639.694580078125,876.1104736328125,217.6361083984375,214.942138671875,0.97181499004364
1288,183,16551,13.580449104309082,694.9488525390625,414.1883850097656,414.8770751953125,0.9656543135643004
1289,183,10221,160.7831268310547,263.6843566894531,217.11949157714844,209.9482421875,0.9564298391342164
1290,185,16548,132.94586181640625,734.8011474609375,241.68630981445312,237.60650634765625,0.979481279850006
1291,185,23203,627.1619873046875,819.50732421875,142.25628662109375,143.1925048828125,0.9676685333251952
1292,185,3544,140.58644104003906,174.29989624023438,203.5552215576172,196.14385986328125,0.9639716744422911
1293,185,4543,598.3328247070312,145.02891540527344,205.022216796875,197.7820281982422,0.950977861881256
1294,186,16548,165.96006774902344,781.5958862304688,236.91493225097656,228.1676025390625,0.9773136973381042
1295,186,23203,655.9725341796875,855.514404296875,141.199462890625,133.5660400390625,0.96925550699234
1296,186,3544,158.8354034423828,179.73780822753906,207.4249420166016,199.51280212402344,0.9676178097724916
1297,186,4543,627.6149291992188,144.52481079101562,207.491455078125,203.64208984375,0.9290666580200196
1298,189,12778,88.69020080566406,127.32380676269533,292.838623046875,528.7314453125,0.974449634552002
1299,189,2483,638.1256713867188,110.19501495361328,206.07012939453125,478.8055419921875,0.9620190858840942
1300,189,5094,133.41549682617188,861.0353393554688,287.3197021484375,283.53106689453125,0.9581325650215148
1301,189,22362,611.6097412109375,784.5236206054688,267.557373046875,423.85162353515625,0.9384034276008606
1302,19,3483,610.5350341796875,788.2984008789062,269.68524169921875,209.43231201171875,0.977891445159912
1303,19,27733,128.85765075683594,769.8477172851562,309.8348999023437,273.85369873046875,0.971647083759308
1304,19,28763,99.12474060058594,171.18572998046875,214.2262115478516,201.0560302734375,0.9697223901748656
1305,19,36637,615.7265014648438,208.82261657714844,263.1796264648437,164.15000915527344,0.9672882556915284
1306,191,10221,87.65252685546875,789.3849487304688,232.03729248046875,218.9263916015625,0.9770947098731996
1307,191,16551,580.900390625,568.1828002929688,286.77740478515625,490.9856567382813,0.9735889434814452
1308,191,3544,121.63284301757812,183.26307678222656,201.04852294921875,197.9804534912109,0.9662024974822998
1309,191,4543,636.5609741210938,151.5033416748047,205.946533203125,197.7556304931641,0.9457950592041016
1310,196,3743,488.435546875,126.38137817382812,315.86041259765625,302.0743713378906,0.9676657319068908
1311,196,2483,89.0655746459961,660.109619140625,211.37139892578125,496.71826171875,0.966504454612732
1312,196,12778,532.8255004882812,509.3498840332031,281.808837890625,525.3046875,0.9662363529205322
1313,196,22362,79.00316619873047,120.809814453125,258.183349609375,389.0515441894531,0.9457072019577026
1314,197,12778,119.22115325927734,168.10008239746094,288.8641967773437,528.1244506835938,0.9735930562019348
1315,197,3743,119.82000732421876,828.4511108398438,327.8580627441406,324.90777587890625,0.9685581922531128
1316,197,2483,636.9149780273438,63.175437927246094,200.34423828125,491.5388488769531,0.9668099880218506
1317,197,22362,598.7706909179688,740.1807250976562,265.8621826171875,405.4752807617188,0.9014288187026978
1318,198,12778,122.74323272705078,191.7601318359375,290.3433837890625,528.84521484375,0.9741742014884948
1319,198,2483,628.9321899414062,96.96094512939452,199.74615478515625,477.2991943359375,0.970392107963562
1320,198,3743,121.50128936767578,835.762451171875,332.2471618652344,336.4649658203125,0.9644296169281006
1321,198,22362,602.6870727539062,740.4608764648438,278.45294189453125,420.60198974609375,0.925506055355072
1322,199,3483,561.7310791015625,812.6616821289062,268.24664306640625,220.09478759765625,0.9757071137428284
1323,199,30308,37.71834182739258,120.12223052978516,403.9891052246094,397.0404968261719,0.9693620204925536
1324,199,27777,175.6102294921875,811.3782348632812,177.61871337890625,199.43426513671875,0.9621230959892272
1325,199,29667,631.3438110351562,164.11050415039062,222.60980224609372,215.20391845703125,0.9616751670837402
1326,200,3483,174.63449096679688,274.75048828125,261.86676025390625,220.85833740234372,0.97586852312088
1327,200,30308,552.3648681640625,730.4813232421875,410.8585205078125,410.477783203125,0.9733819961547852
1328,200,29667,127.60047912597656,879.3346557617188,229.6139068603516,228.45306396484372,0.973116099834442
1329,200,27777,640.110595703125,294.33074951171875,176.5751953125,198.79684448242188,0.9668496251106262
1330,202,3483,144.22291564941406,289.399658203125,209.42259216308597,257.3271484375,0.9822783470153807
1331,202,20877,546.2078857421875,293.3096618652344,323.80859375,237.19808959960935,0.9800012707710266
1332,202,16262,109.69064331054688,834.881591796875,249.3397521972656,241.8162841796875,0.9765599370002748
1333,202,22347,685.1586303710938,866.7197875976562,218.5040283203125,206.31658935546875,0.9697667956352234
1334,203,20877,84.63357543945312,726.046875,330.3540954589844,241.10418701171875,0.9827626943588256
1335,203,3483,626.0047607421875,717.4042358398438,205.8775634765625,272.9530639648437,0.9773126840591432
1336,203,16262,604.1001586914062,188.03564453125,234.799072265625,227.34320068359372,0.9752020239830016
1337,203,22347,81.53107452392578,194.71697998046875,202.3589782714844,197.60009765625,0.962699055671692
1338,204,20877,116.8442840576172,767.3638305664062,328.22137451171875,231.52813720703125,0.983930766582489
1339,204,3483,649.5987548828125,751.0607299804688,210.62261962890625,266.23663330078125,0.9816965460777284
1340,204,16262,629.87060546875,193.29156494140625,245.5908203125,232.1246337890625,0.9724117517471312
1341,204,22347,98.63353729248048,202.9688720703125,204.18588256835935,198.87716674804688,0.9554362297058104
1342,205,6563,164.03843688964844,673.9367065429688,220.7751007080078,365.8997192382813,0.9824104309082032
1343,205,16548,592.9214477539062,122.27730560302734,232.30157470703125,223.4156188964844,0.976749062538147
1344,205,23203,621.8486938476562,847.7289428710938,143.9029541015625,141.55804443359375,0.969258189201355
1345,205,3544,113.00482177734376,161.52772521972656,203.85641479492188,202.7095184326172,0.9663875102996826
1346,210,3351,416.7000427246094,243.9378967285156,187.17416381835935,183.02252197265625,0.9740512371063232
1347,210,29667,164.88856506347656,751.8480224609375,227.32276916503903,220.59136962890625,0.9681538939476012
1348,210,31863,595.4549560546875,873.795654296875,205.51715087890625,206.8729248046875,0.9556591510772704
1349,212,1900,622.2921752929688,887.6788330078125,207.6993408203125,141.29296875,0.973296046257019
1350,212,21026,137.55645751953125,868.5775146484375,181.6214599609375,176.2906494140625,0.9637503027915956
1351,212,16551,478.9104309082031,143.04443359375,434.9380798339844,352.4017333984375,0.9608269333839417
1352,212,18110,57.64057159423828,123.3204574584961,309.9036865234375,293.2679748535156,0.9459342956542968
1353,213,1900,596.553955078125,855.806884765625,209.70208740234372,144.86846923828125,0.9657608270645142
1354,213,16551,448.6865539550781,123.98167419433594,435.3145446777344,347.3919677734375,0.9601286053657532
1355,213,21026,103.81343841552734,833.1447143554688,183.636962890625,181.21710205078125,0.9486563801765442
1356,213,18110,47.0939826965332,114.23207092285156,298.2318115234375,287.49755859375,0.9333276748657228
1357,214,33208,585.9356079101562,803.1117553710938,215.54534912109372,202.83465576171875,0.9790486097335817
1358,214,1900,139.68251037597656,240.28062438964844,202.7525177001953,128.99598693847656,0.9731552600860596
1359,214,16551,566.8339233398438,55.32368850708008,281.546875,462.9189147949219,0.9686489105224608
1360,214,27926,89.74372100830078,618.2669677734375,279.56939697265625,471.9097900390625,0.9666847586631776
1361,215,27926,125.99697875976562,664.8687744140625,263.65985107421875,481.6260986328125,0.9823585152626038
1362,215,1900,157.9216766357422,248.600830078125,203.1899261474609,128.23321533203125,0.9771186709403992
1363,215,33208,616.62353515625,835.3792114257812,211.94970703125,199.48626708984372,0.971786081790924
1364,215,16551,596.1414794921875,61.92061614990234,287.3504638671875,483.7959899902344,0.9716572165489196
1365,217,2483,591.9593505859375,67.53999328613281,245.42864990234372,481.3154296875,0.971820056438446
1366,217,3743,113.27767944335938,786.0411376953125,328.15155029296875,321.9073486328125,0.967376470565796
1367,217,6192,127.3652572631836,128.38278198242188,276.6922912597656,530.94091796875,0.958551585674286
1368,217,12081,600.9143676757812,709.768798828125,234.3916015625,453.99609375,0.9539673328399658
1369,219,2483,87.90856170654297,668.0106201171875,257.5770568847656,477.5296630859375,0.9790765047073364
1370,219,12081,109.79116821289062,110.15453338623048,224.69955444335935,427.6285400390625,0.9629321098327636
1371,219,6192,536.1980590820312,548.912109375,272.34771728515625,533.6077880859375,0.9556438326835632
1372,219,3743,491.2593994140625,167.91769409179688,317.0384521484375,298.52783203125,0.932217001914978
1373,222,16262,171.7772979736328,767.2236938476562,241.8567047119141,241.22601318359372,0.9758697748184204
1374,222,3351,406.5125122070313,204.32699584960935,183.99371337890625,184.13510131835935,0.9755139350891112
1375,222,41768,598.6163940429688,735.9930419921875,275.567626953125,304.3173828125,0.9637244939804076
1376,224,3483,601.6886596679688,842.9742431640625,277.73828125,191.2354736328125,0.9731998443603516
1377,224,29667,618.6563110351562,170.98170471191406,223.8369140625,218.58155822753903,0.959320902824402
1378,224,34597,98.94817352294922,80.431396484375,375.373291015625,488.5621948242188,0.9570447206497192
1379,224,25469,78.7679672241211,830.2628173828125,347.31597900390625,297.8555908203125,0.9481607675552368
1380,225,3483,125.84493255615234,271.4473876953125,270.566650390625,190.4783935546875,0.9740643501281738
1381,225,25469,573.8466186523438,188.7071685791016,333.90802001953125,287.2359619140625,0.9678314924240112
1382,225,29667,139.11988830566406,872.7035522460938,229.66978454589844,224.79803466796875,0.9610394835472108
1383,225,34597,525.2083740234375,662.2844848632812,371.2542724609375,512.2219848632812,0.960907816886902
1384,226,20238,645.48095703125,188.82015991210935,223.06298828125,214.62277221679688,0.9752551913261414
1385,226,3483,599.3262939453125,867.5635375976562,261.4886474609375,228.95526123046875,0.9728807806968688
1386,226,22347,107.88786315917967,228.32725524902344,207.9794464111328,200.1262664794922,0.9710469841957092
1387,226,19861,126.26160430908205,866.2725830078125,221.6454162597656,167.197509765625,0.9633780717849731
1388,229,2483,50.71477890014648,678.1575927734375,280.435302734375,461.5391845703125,0.9639948606491088
1389,229,3743,533.2445068359375,155.4114532470703,316.2304077148437,298.71875,0.9399073123931884
1390,229,5886,97.13992309570312,69.7950210571289,245.68533325195312,477.1260070800781,0.9344850778579712
1391,229,23223,497.7857055664063,654.7427368164062,404.8018798828125,459.2036743164063,0.8746493458747864
1392,23,25367,22.0513858795166,81.34210968017578,413.00006103515625,447.0404052734375,0.980821132659912
1393,23,16262,593.9375610351562,174.73263549804688,238.37896728515625,230.12277221679688,0.9783158898353576
1394,23,3483,558.0220947265625,811.7059326171875,289.0145874023437,174.88861083984375,0.9716238975524902
1395,23,27653,60.80428314208984,809.6065673828125,225.31887817382807,211.91864013671875,0.9524637460708618
1396,231,2483,599.4388427734375,103.60484313964844,282.98162841796875,458.3822021484375,0.9592784643173218
1397,231,3743,70.58171844482422,817.2828369140625,332.7960510253906,322.828125,0.954559087753296
1398,231,23223,45.59498977661133,132.5270538330078,404.5780029296875,435.798583984375,0.9421592354774476
1399,231,5886,616.9520874023438,693.919677734375,233.83880615234372,511.9976806640625,0.915845513343811
1400,232,3483,597.72802734375,799.438720703125,274.2584228515625,205.15850830078125,0.9765704274177552
1401,232,27733,112.94339752197266,774.6547241210938,325.214599609375,264.91534423828125,0.9698633551597596
1402,232,22347,125.88375091552734,233.08087158203125,208.7449951171875,197.50030517578125,0.9696124792099
1403,232,29667,676.4573974609375,187.52500915527344,227.11065673828125,216.64927673339844,0.9613812565803528
1404,234,3483,570.4125366210938,769.384033203125,278.162109375,200.71148681640625,0.9756559729576112
1405,234,22347,111.73015594482422,221.03338623046875,200.5640563964844,198.44509887695312,0.9710844159126282
1406,234,27733,80.53863525390625,731.8170776367188,325.0483703613281,269.6416015625,0.9671515226364136
1407,234,29667,645.1060180664062,184.21165466308597,223.927001953125,214.19358825683597,0.9609893560409546
1408,236,28763,615.2776489257812,835.541015625,223.69281005859372,210.3421630859375,0.9767424464225768
1409,236,3483,131.41708374023438,288.4582214355469,276.9491882324219,174.75653076171875,0.9755668044090272
1410,236,35206,103.4168701171875,693.32666015625,203.55856323242188,412.4832763671875,0.9752408266067504
1411,236,27653,671.3132934570312,252.97064208984372,219.56500244140625,201.8782958984375,0.9566400051116944
1412,237,35206,648.177734375,142.63047790527344,202.56976318359372,399.1417846679688,0.9750397205352784
1413,237,28763,141.8006591796875,222.69448852539065,212.2928466796875,199.9912109375,0.9719691276550292
1414,237,3483,558.1951904296875,812.7377319335938,289.29058837890625,173.110107421875,0.9713950157165528
1415,237,27653,59.6004638671875,810.5693359375,226.923095703125,208.53790283203125,0.9553799033164978
1416,238,16262,622.8137817382812,238.72885131835935,245.75152587890625,236.40982055664065,0.9607052206993104
1417,238,3351,403.2552795410156,835.0413818359375,187.3573303222656,189.14990234375,0.9590591192245485
1418,238,18357,66.1650161743164,256.1658935546875,307.0434265136719,304.4913330078125,0.9037085771560668
1419,24,25367,34.29222869873047,105.25364685058594,427.24658203125,449.6193237304688,0.9837157130241394
1420,24,16262,621.4942626953125,181.54937744140625,243.96185302734372,235.363525390625,0.9788838624954224
1421,24,3483,586.1605834960938,846.0557861328125,284.16558837890625,165.40008544921875,0.9678047299385072
1422,24,27653,94.40855407714844,851.3077392578125,222.0950164794922,207.3006591796875,0.95488703250885
1423,241,3351,411.8513793945313,911.3819580078124,188.85650634765625,193.444091796875,0.9639092087745668
1424,241,18147,514.6932373046875,253.0269470214844,306.0736083984375,388.6139221191406,0.9598786234855652
1425,241,20238,129.72096252441406,322.2985534667969,224.7025909423828,224.6919860839844,0.942962646484375
1426,243,3351,379.2582092285156,185.0056915283203,183.70700073242188,183.0603179931641,0.9691832065582277
1427,243,20238,623.814697265625,769.739013671875,226.9053955078125,223.5665283203125,0.9644850492477416
1428,243,18147,140.3655548095703,656.5355834960938,314.5323486328125,394.4924926757813,0.9633378386497498
1429,244,6563,196.7896728515625,710.2451171875,218.82766723632807,366.826416015625,0.9782402515411376
1430,244,16551,577.5300903320312,5.153624534606934,288.90704345703125,485.7846984863281,0.9778308868408204
1431,244,3544,127.79947662353516,170.17877197265625,208.52133178710935,201.135498046875,0.9713022112846376
1432,244,23203,651.6900024414062,881.25634765625,136.5108642578125,136.7803955078125,0.9705373644828796
1433,247,2483,628.5134887695312,96.25869750976562,199.703857421875,478.0108337402344,0.9712817668914796
1434,247,3743,120.91600799560548,835.8221435546875,332.3761291503906,335.9766845703125,0.9647381901741028
1435,247,22362,602.9928588867188,740.4751586914062,277.53973388671875,421.46527099609375,0.9280233383178712
1436,247,6192,56.066219329833984,135.24136352539062,332.6058654785156,503.6030578613281,0.904951274394989
1437,248,3743,119.21952056884766,828.29638671875,328.1485900878906,325.499755859375,0.9681992530822754
1438,248,2483,634.4085083007812,62.76639938354492,204.75390625,484.1408386230469,0.9669675827026368
1439,248,22362,597.5612182617188,739.230224609375,266.904541015625,407.3804931640625,0.8917317390441895
1440,248,6192,47.95112228393555,104.9790496826172,338.2178649902344,507.4698486328125,0.8914836645126343
1441,249,2483,88.73486328125,659.9678955078125,215.04071044921875,498.077880859375,0.9677414894104004
1442,249,3743,488.6392517089844,126.37713623046876,316.2790222167969,302.3306579589844,0.9670729041099548
1443,249,22362,78.65294647216797,121.06069946289062,258.4147644042969,388.7444763183594,0.9449200630187988
1444,249,6192,553.7064208984375,592.5326538085938,346.271484375,500.9811401367188,0.8649695515632629
1445,250,29667,129.01292419433594,209.90760803222656,224.29515075683597,220.7236175537109,0.9686591029167176
1446,250,3351,377.7062377929688,848.185546875,189.27520751953125,193.0994873046875,0.9573627710342408
1447,250,18357,546.5083618164062,227.3710784912109,240.3189697265625,361.764404296875,0.9414731860160828
1448,251,3351,369.9215698242188,177.63404846191406,182.981689453125,190.91624450683597,0.9685503840446472
1449,251,29667,586.766845703125,797.051513671875,232.93212890625,231.00927734375,0.966394066810608
1450,251,18357,147.57630920410156,598.7432861328125,239.18028259277344,376.74407958984375,0.9551014304161072
1451,252,3351,411.600341796875,239.1459503173828,184.57476806640625,182.6947479248047,0.9741663932800292
1452,252,29667,626.6864624023438,886.0794677734375,230.19683837890625,223.64599609375,0.9700459241867064
1453,252,18357,182.4796600341797,692.8905639648438,243.1464080810547,371.42974853515625,0.953621745109558
1454,253,35206,62.01816940307617,263.90985107421875,418.5770263671875,213.66354370117188,0.9704787731170654
1455,253,33880,456.5428161621094,258.4980163574219,430.7994689941406,282.3915710449219,0.9653193950653076
1456,253,3351,445.5857238769531,848.150634765625,189.0711975097656,192.596923828125,0.958718240261078
1457,256,19552,494.6714477539063,659.5781860351562,313.9625244140625,490.1774291992188,0.9719916582107544
1458,256,25438,542.9974365234375,179.1077117919922,244.909912109375,251.9045867919922,0.967337965965271
1459,256,2483,64.13417053222656,667.5216674804688,211.0778961181641,484.91351318359375,0.9610150456428528
1460,256,5886,109.45731353759766,95.62507629394533,234.00314331054688,463.0997924804688,0.951452136039734
1461,259,41768,103.90210723876952,275.5240173339844,275.764404296875,290.8921813964844,0.960837721824646
1462,259,3351,383.2694396972656,893.3945922851562,191.0760803222656,193.62542724609372,0.957180380821228
1463,259,20238,602.2573852539062,280.06298828125,225.3741455078125,217.51998901367188,0.9554628133773804
1464,262,3483,556.6825561523438,810.87890625,290.2120361328125,175.25079345703125,0.972518503665924
1465,262,29667,605.1997680664062,174.93356323242188,217.26904296875,215.3081970214844,0.9639321565628052
1466,262,27653,60.384891510009766,809.9442749023438,224.99734497070312,211.57177734375,0.95086669921875
1467,262,34597,72.4298324584961,35.30877685546875,340.3104858398437,499.8345336914063,0.9408445954322816
1468,264,3483,132.69076538085938,288.40899658203125,277.127685546875,174.91854858398438,0.9753062129020692
1469,264,29667,127.47364807128906,864.4618530273438,225.7246856689453,226.81658935546875,0.967571496963501
1470,264,27653,671.8677978515625,254.41539001464844,220.0965576171875,201.44227600097656,0.955385446548462
1471,264,34597,561.1845703125,689.8357543945312,352.431884765625,510.25103759765625,0.9531510472297668
1472,265,25367,594.1926879882812,666.3140258789062,381.8073120117188,491.9085083007813,0.9814471006393432
1473,265,16232,141.89320373535156,846.2470703125,196.2904815673828,191.72607421875,0.980064570903778
1474,265,3483,132.0369110107422,288.5621337890625,276.79888916015625,174.820068359375,0.9749626517295836
1475,265,27653,671.8619995117188,253.63211059570312,219.24676513671875,201.69000244140625,0.9564694166183472
1476,266,25367,18.869251251220703,107.27446746826172,388.2760314941406,472.34368896484375,0.9860153198242188
1477,266,16232,648.0503540039062,229.1386566162109,191.6214599609375,183.53944396972656,0.9765140414237976
1478,266,3483,585.5385131835938,845.974609375,285.111572265625,165.79266357421875,0.968026638031006
1479,266,27653,94.4828109741211,851.8445434570312,221.64547729492188,206.92327880859372,0.9556678533554076
1480,27,23223,77.48442077636719,108.65945434570312,291.170166015625,498.7979431152344,0.9754502773284912
1481,27,25438,123.0128936767578,820.3941040039062,260.22979736328125,269.1762084960937,0.975397288799286
1482,27,2483,602.5502319335938,79.53201293945312,196.94720458984372,474.6231384277344,0.965124785900116
1483,27,13395,597.6529541015625,706.2012939453125,237.521728515625,525.8944091796875,0.9537946581840516
1484,271,20877,85.76114654541016,726.3797607421875,331.4912414550781,239.98004150390625,0.9831242561340332
1485,271,3483,627.8118896484375,716.36328125,205.86712646484372,272.8065185546875,0.978369116783142
1486,271,35206,634.7154541015625,165.8096923828125,211.8306884765625,392.02288818359375,0.974539279937744
1487,271,22347,103.38934326171876,187.2557373046875,202.84075927734372,195.3040771484375,0.9678683876991272
1488,273,20877,540.3262939453125,290.5409240722656,334.96844482421875,238.37911987304688,0.9816074371337892
1489,273,3483,141.18629455566406,292.002197265625,211.64183044433597,257.35772705078125,0.9759069085121156
1490,273,35206,93.42512512207033,674.665283203125,239.9025115966797,409.5521240234375,0.9752520322799684
1491,273,22347,664.62060546875,874.6966552734375,217.0186767578125,209.7833251953125,0.9667920470237732
1492,274,21325,203.8231201171875,328.2546691894531,151.93142700195312,230.20333862304688,0.9794958233833312
1493,274,20014,575.8961181640625,260.0502014160156,344.2826538085937,317.7247619628906,0.9628041386604308
1494,274,3351,419.0655517578125,889.6072387695312,191.97412109375,193.13079833984372,0.950388491153717
1495,275,21325,577.033935546875,662.39404296875,157.47222900390625,246.2630615234375,0.975249409675598
1496,275,20014,6.780367374420166,650.6141357421875,348.9021911621094,337.19403076171875,0.970421314239502
1497,275,3351,330.0883483886719,148.64996337890625,181.35430908203125,190.72882080078125,0.9699434041976928
1498,277,30308,79.42156219482422,94.45789337158205,397.6908874511719,407.6656494140625,0.9767298102378844
1499,277,3483,599.118408203125,867.96533203125,260.74041748046875,228.469482421875,0.9719138741493224
1500,277,36637,617.2538452148438,200.4157257080078,266.37994384765625,149.94261169433594,0.9708621501922609
1501,277,19861,125.78123474121094,865.9923095703125,221.5901336669922,167.1087646484375,0.9645057320594788
1502,278,3483,151.49856567382812,218.7220764160156,246.419921875,222.06097412109372,0.973084568977356
1503,278,36637,93.85004425048828,909.52783203125,277.7513732910156,162.6922607421875,0.9691726565361024
1504,278,30308,511.9464721679688,747.04345703125,407.3327026367188,416.47119140625,0.9612277746200562
1505,278,19861,638.6837158203125,277.9974365234375,221.23773193359372,171.61148071289062,0.9519730806350708
1506,28,25367,13.930238723754885,62.04694366455078,413.0506286621094,457.8424682617188,0.9871244430541992
1507,28,3483,567.2347412109375,813.4185180664062,264.086181640625,219.97137451171875,0.9740402698516846
1508,28,35206,613.212158203125,143.14915466308594,225.78253173828125,402.209228515625,0.9714354276657104
1509,28,27777,176.87074279785156,812.3824462890625,175.4194793701172,199.9158935546875,0.963398575782776
1510,280,3351,410.8359069824219,867.2322998046875,186.88607788085935,193.27392578125,0.966460645198822
1511,280,3832,426.9925537109375,274.06964111328125,402.25091552734375,347.99908447265625,0.9615941643714904
1512,280,16232,131.3334503173828,288.3248291015625,194.1318206787109,196.11370849609372,0.8558082580566406
1513,286,30308,34.711082458496094,118.14788055419922,371.7728271484375,409.1002197265625,0.9763447642326356
1514,286,3483,536.5341186523438,777.930419921875,268.2451171875,228.97369384765625,0.976326823234558
1515,286,16262,575.728515625,187.67849731445312,236.6341552734375,227.95001220703125,0.9743559956550598
1516,286,27777,143.8782958984375,775.9276733398438,180.82318115234372,205.16400146484372,0.9708206653594972
1517,287,16262,135.0574493408203,833.938720703125,250.8752593994141,243.0950927734375,0.9842849373817444
1518,287,3483,173.2239532470703,273.6593017578125,261.16766357421875,220.76275634765625,0.9766189455986024
1519,287,30308,564.6412963867188,699.5035400390625,393.8433227539063,427.10986328125,0.9698989987373352
1520,287,27777,639.04248046875,292.0252990722656,176.21954345703125,195.50588989257807,0.969654142856598
1521,288,16262,603.1055908203125,191.1156005859375,239.70904541015625,234.23873901367188,0.9763078689575196
1522,288,30308,40.87124633789063,134.58103942871094,392.3157958984375,420.5330810546875,0.974523901939392
1523,288,3483,567.1315307617188,816.1680908203125,265.1773681640625,218.252197265625,0.9722985625267028
1524,288,27777,177.688232421875,813.3988647460938,176.17965698242188,199.6063232421875,0.9631596207618712
1525,289,25438,142.2129364013672,844.0031127929688,252.8786163330078,254.02752685546875,0.9715347290039062
1526,289,2483,600.51171875,82.90531158447266,250.6798095703125,478.0010681152344,0.9709503650665284
1527,289,6192,93.21484375,33.93804931640625,276.1585693359375,566.4120483398438,0.9532512426376344
1528,289,22362,586.4653930664062,742.5938110351562,258.143798828125,415.6765747070313,0.9227091073989868
1529,29,25367,5.245035648345947,47.0464973449707,401.14544677734375,452.4661865234375,0.9820610284805298
1530,29,3483,536.7360229492188,776.5647583007812,267.652587890625,228.4544677734375,0.9768213629722596
1531,29,35206,582.0556640625,134.99871826171875,222.778076171875,392.77587890625,0.9739233255386353
1532,29,27777,144.40843200683594,774.742431640625,180.50413513183597,205.38519287109372,0.9703379273414612
1533,291,2483,74.49365234375,656.0065307617188,262.4795227050781,473.19134521484375,0.9719783067703248
1534,291,25438,535.8001098632812,173.51339721679688,245.75067138671875,253.58920288085935,0.9717596173286438
1535,291,6192,571.6109619140625,612.1426391601562,274.46533203125,551.5676879882812,0.9570977091789246
1536,291,22362,101.63294219970705,108.0519790649414,249.3719482421875,399.1962890625,0.940439999103546
1537,292,12778,535.6281127929688,588.989013671875,327.6419677734375,511.666748046875,0.9664448499679564
1538,292,2483,70.14704895019531,663.5421142578125,204.5904693603516,483.0367431640625,0.9662408232688904
1539,292,25438,546.7319946289062,177.0681915283203,243.890625,250.9877166748047,0.966125190258026
1540,292,5886,113.51024627685548,92.61329650878906,230.85784912109372,469.843994140625,0.9522492289543152
1541,295,20014,125.48040008544922,193.58578491210935,342.6265869140625,317.7916259765625,0.9614282846450806
1542,295,3351,413.45751953125,864.421142578125,189.801025390625,189.9796142578125,0.9599456787109376
1543,295,16232,645.0250244140625,296.13873291015625,190.6519775390625,190.01995849609372,0.9542863965034484
1544,298,31705,572.7066650390625,176.82591247558594,246.75335693359372,421.1245727539063,0.976642608642578
1545,298,33208,156.08714294433594,232.8477325439453,208.5433807373047,199.7321014404297,0.9748972654342652
1546,298,1900,680.7026977539062,878.2659301757812,215.40118408203125,133.62396240234375,0.9736154079437256
1547,298,16548,159.89112854003906,775.9574584960938,240.29835510253903,235.50213623046875,0.971186637878418
1548,299,31705,140.1403045654297,642.7388305664062,251.7048492431641,457.16021728515625,0.9818726181983948
1549,299,1900,87.27175903320312,260.5221862792969,201.1519775390625,126.73995971679688,0.9734117984771729
1550,299,16548,560.5469970703125,244.458984375,233.75286865234372,226.44210815429688,0.9717601537704468
1551,299,33208,614.7821655273438,847.2410888671875,212.05853271484372,205.64697265625,0.957533359527588
1552,3,27926,570.8899536132812,628.7443237304688,258.78875732421875,493.4923706054688,0.979601502418518
1553,3,1900,144.16983032226562,243.10546875,196.33822631835935,127.12789916992188,0.9759671092033386
1554,3,16551,529.1417846679688,61.78946304321289,385.8759765625,398.2638854980469,0.9677488803863524
1555,3,24850,139.5286102294922,701.5692749023438,185.6049041748047,298.82177734375,0.9587712287902832
1556,302,3351,309.7396545410156,160.7989044189453,185.46612548828125,189.4260711669922,0.9773305654525756
1557,302,36637,567.0158081054688,712.8484497070312,238.7132568359375,225.18487548828125,0.9672269225120544
1558,302,19232,94.85323333740234,640.5531005859375,280.4488830566406,321.8305053710937,0.9595288634300232
1559,304,22627,107.01787567138672,148.5458221435547,302.5777282714844,476.20123291015625,0.9777236580848694
1560,304,2483,622.7548217773438,66.54171752929688,196.94635009765625,471.2718811035156,0.9617972373962402
1561,304,3743,128.41273498535156,813.7086181640625,331.36016845703125,330.984375,0.9595595598220824
1562,304,4378,594.0072631835938,705.5386352539062,231.64691162109372,463.9108276367188,0.9426187872886658
1563,308,3351,288.2264099121094,206.2718963623047,186.4908447265625,188.9238739013672,0.9737454652786256
1564,308,36637,115.46281433105467,715.0625610351562,191.6265411376953,257.26373291015625,0.9655799269676208
1565,308,41768,558.955322265625,601.8480224609375,281.2843017578125,298.683349609375,0.953887104988098
1566,31,6563,195.17333984375,712.880615234375,220.0362548828125,362.1490478515625,0.9842783808708192
1567,31,16551,588.4532470703125,50.61999130249024,288.44696044921875,484.3458251953125,0.9711007475852966
1568,31,3544,110.7961654663086,242.6446685791016,207.6649475097656,197.24864196777344,0.96859210729599
1569,31,12420,650.6570434570312,845.1365966796875,191.1767578125,183.562255859375,0.8959112763404846
1570,310,12247,614.5431518554688,326.4368591308594,178.1240234375,180.8330078125,0.9781484603881836
1571,310,16551,104.9156494140625,148.36106872558594,316.01470947265625,449.4747924804688,0.9747350811958312
1572,310,3544,654.49462890625,888.486083984375,212.81243896484372,218.43701171875,0.9742066264152528
1573,310,4543,135.29690551757812,866.8743286132812,217.25424194335935,208.44586181640625,0.9577162861824036
1574,313,20877,38.161041259765625,756.3717041015625,328.8855285644531,250.87359619140625,0.9867320656776428
1575,313,3483,620.8910522460938,721.7967529296875,209.65179443359372,270.88262939453125,0.9778389930725098
1576,313,34597,14.74847412109375,20.515613555908203,443.2036743164063,409.2954406738281,0.9774245023727416
1577,313,29667,594.3311157226562,182.8560791015625,221.99365234375,212.4365234375,0.956424593925476
1578,315,20877,588.8175048828125,256.0621032714844,331.89581298828125,245.45785522460935,0.9825255870819092
1579,315,34597,507.20025634765625,782.73779296875,468.79974365234375,428.982177734375,0.9824992418289183
1580,315,3483,146.959716796875,288.2882080078125,207.61459350585935,256.24566650390625,0.9819773435592652
1581,315,29667,132.48692321777344,855.251953125,230.4348907470703,229.7847900390625,0.9677670001983644
1582,316,10221,634.3775024414062,201.13316345214844,221.015869140625,216.01060485839844,0.9793110489845276
1583,316,16548,165.8880615234375,790.7592163085938,236.3367919921875,228.54608154296875,0.9715330600738524
1584,316,3544,124.80262756347656,232.46728515625,211.84153747558597,202.551025390625,0.970906376838684
1585,316,33009,565.1458129882812,808.7314453125,363.27838134765625,210.8460693359375,0.9526464343070984
1586,317,16548,592.9275512695312,286.58380126953125,229.7333984375,216.6734619140625,0.9789149165153505
1587,317,3544,661.2681884765625,833.0905151367188,212.8028564453125,210.13970947265625,0.9726683497428894
1588,317,33009,76.61304473876953,266.92742919921875,363.9630432128906,219.05795288085935,0.95846289396286
1589,317,10221,127.62637329101562,843.5932006835938,228.2499084472656,227.95660400390625,0.930885136127472
1590,32,16551,108.635986328125,708.338134765625,293.0899658203125,495.13720703125,0.9799760580062866
1591,32,3544,672.6011962890625,830.5001220703125,213.82318115234372,205.0240478515625,0.9764004945755004
1592,32,6563,583.3319702148438,233.65245056152344,211.82012939453125,333.1513061523437,0.9737759828567504
1593,32,12420,159.72238159179688,278.4045104980469,189.57452392578125,180.5650329589844,0.942246437072754
1594,320,20877,85.72713470458984,726.1231689453125,330.8818664550781,241.5748291015625,0.9859873652458192
1595,320,3483,627.3832397460938,716.353271484375,206.90985107421875,272.3719482421875,0.978991687297821
1596,320,28763,134.59799194335938,194.86672973632807,212.55001831054688,200.2867126464844,0.9749100804328918
1597,320,35206,634.6188354492188,165.651611328125,211.88299560546875,391.7835083007813,0.9746283888816832
1598,323,36637,151.56675720214844,805.3303833007812,194.6334991455078,251.06146240234372,0.975227117538452
1599,323,3483,131.21829223632812,288.21923828125,276.3165283203125,174.5328369140625,0.9746700525283812
1600,323,22347,656.9707641601562,873.6590576171875,213.1221923828125,212.641357421875,0.9648943543434144
1601,323,27653,671.5910034179688,252.3397216796875,219.05377197265625,202.219970703125,0.9571157097816468
1602,324,36637,642.76904296875,207.9441375732422,192.134521484375,246.6422576904297,0.9829769134521484
1603,324,3483,587.0393676757812,846.207275390625,283.74053955078125,165.2288818359375,0.9680532217025756
1604,324,22347,130.83157348632812,194.1840667724609,206.84341430664065,198.62290954589844,0.9645087122917176
1605,324,27653,94.95941162109376,852.3880615234375,221.6602783203125,207.251708984375,0.955078661441803
1606,325,16262,136.7646026611328,835.2930297851562,246.30946350097656,240.86871337890625,0.9826295375823976
1607,325,31885,502.8729248046875,704.1770629882812,408.3524169921875,522.6675415039062,0.9804572463035583
1608,325,3483,174.07156372070312,274.09039306640625,260.1968688964844,220.7957763671875,0.97655189037323
1609,325,27777,639.12744140625,292.049072265625,176.47052001953125,196.31414794921875,0.9689220190048218
1610,327,31885,95.66191864013672,26.00577545166016,401.6419372558594,514.1478881835938,0.9817473292350768
1611,327,16262,602.8424682617188,191.80897521972656,244.39208984375,233.5911407470703,0.9747247695922852
1612,327,3483,564.3981323242188,812.7373046875,267.1607666015625,222.066650390625,0.9726239442825316
1613,327,27777,177.34173583984375,813.412109375,176.40130615234375,199.34429931640625,0.9626060128211976
1614,328,3483,121.2215805053711,306.1841735839844,273.02801513671875,200.8763427734375,0.9776886701583862
1615,328,36637,105.13487243652344,881.6630249023438,264.67926025390625,177.33050537109375,0.972439467906952
1616,328,31885,511.787841796875,641.9439697265625,388.4371948242188,538.2581787109375,0.970185935497284
1617,328,27733,561.35888671875,257.9519958496094,300.5726318359375,261.7048645019531,0.9606046676635742
1618,332,16551,564.8780517578125,537.0643310546875,284.693359375,493.453369140625,0.9748388528823853
1619,332,4543,586.3533935546875,166.41839599609375,207.27197265625,199.12945556640625,0.9634087681770324
1620,332,3544,126.63233184814452,141.68707275390625,201.52606201171875,198.79278564453125,0.9570075869560242
1621,332,12420,82.31847381591797,824.5374145507812,192.1966857910156,184.2294921875,0.9419068098068236
1622,334,20877,86.34516143798828,726.0595092773438,330.044921875,240.24053955078125,0.982919692993164
1623,334,16232,628.3145141601562,223.68109130859372,183.9996337890625,180.02719116210938,0.9825998544692992
1624,334,3483,627.27001953125,716.68505859375,207.06121826171875,272.7177734375,0.9790432453155518
1625,334,22347,146.50454711914062,221.0397491455078,199.27130126953125,197.8619537353516,0.9407074451446532
1626,335,3483,142.76878356933594,289.6041259765625,209.47618103027344,258.2783203125,0.9818121790885924
1627,335,20877,543.7255249023438,292.7239990234375,329.6378173828125,237.15826416015625,0.9807559847831726
1628,335,16232,134.35606384277344,846.8391723632812,196.08009338378903,191.99383544921875,0.9799191951751708
1629,335,22347,619.3276977539062,841.2840576171875,216.43450927734372,202.94970703125,0.9725778102874756
1630,336,3483,651.0783081054688,749.0552978515625,210.5289306640625,265.8837280273437,0.9813156723976136
1631,336,20877,116.6332015991211,768.9056396484375,331.0104064941406,229.3466796875,0.9778737425804138
1632,336,16232,658.0514526367188,230.57937622070312,189.9962158203125,180.73745727539065,0.977552890777588
1633,336,22347,165.94021606445312,230.9771728515625,202.68991088867188,198.37496948242188,0.9592794179916382
1634,337,36637,130.75967407226562,830.0936279296875,181.11810302734372,261.4505615234375,0.9822247624397278
1635,337,3483,125.52825927734376,270.8285827636719,270.6161193847656,189.87533569335935,0.9729482531547546
1636,337,22347,640.4546508789062,835.8509521484375,214.9310302734375,210.74853515625,0.972076952457428
1637,337,25469,574.0098876953125,187.14431762695312,333.9799194335937,287.9513854980469,0.967756688594818
1638,338,36637,644.7218627929688,169.90835571289062,172.56744384765625,246.7034912109375,0.9807634353637696
1639,338,3483,575.4154052734375,811.547607421875,278.27490234375,192.5128173828125,0.9737176895141602
1640,338,22347,126.6977996826172,224.5746307373047,202.80162048339844,197.2009735107422,0.972918689250946
1641,338,25469,48.43943405151367,791.2410888671875,349.1529541015625,298.1976318359375,0.963032603263855
1642,339,36637,674.3821411132812,172.94247436523438,175.56085205078125,253.92379760742188,0.976384460926056
1643,339,3483,602.1664428710938,843.7587280273438,277.584716796875,190.76055908203125,0.9733928442001344
1644,339,25469,81.28618621826172,829.7982177734375,348.21319580078125,299.736328125,0.9667444825172424
1645,339,22347,144.57205200195312,234.34922790527344,207.1146545410156,198.21897888183597,0.9646585583686828
1646,340,3483,536.8680419921875,778.6817626953125,268.8907470703125,227.85260009765625,0.9757763743400574
1647,340,20238,577.2781372070312,192.4896545410156,219.83221435546875,213.132080078125,0.972507655620575
1648,340,27777,144.58016967773438,776.4285888671875,180.90188598632807,204.8037109375,0.9681975841522216
1649,340,34597,42.81675720214844,85.20925903320312,390.45062255859375,472.2329406738281,0.9610543251037598
1650,341,3483,568.928955078125,816.2875366210938,263.149169921875,218.51885986328125,0.9723305702209472
1651,341,34597,47.83794021606445,113.36185455322266,399.44775390625,459.8455505371094,0.9713693857192992
1652,341,20238,601.4267578125,196.6737823486328,230.8287353515625,215.9225006103516,0.9680105447769164
1653,341,27777,178.00967407226562,813.8292236328125,176.41946411132812,199.80828857421875,0.962671995162964
1654,344,16262,603.8360595703125,191.81553649902344,239.52691650390625,231.2303009033203,0.9768014550209044
1655,344,3483,566.5362548828125,814.6306762695312,262.5853881835937,221.14068603515625,0.9744045734405518
1656,344,28763,154.44186401367188,193.63653564453125,213.76885986328125,202.84695434570312,0.9715795516967772
1657,344,27777,177.84756469726562,814.08154296875,175.91275024414062,199.50457763671875,0.9632052183151244
1658,345,3483,536.4322509765625,778.4859619140625,268.75982666015625,228.24029541015625,0.9763144254684448
1659,345,16262,575.957275390625,187.080322265625,236.23980712890625,229.20147705078125,0.9754528999328612
1660,345,27777,143.92845153808594,776.0758056640625,181.4430389404297,205.12420654296875,0.9699413776397704
1661,345,28763,136.31982421875,186.65603637695312,210.09332275390625,199.6483154296875,0.9641567468643188
1662,346,25367,137.4437255859375,46.50092697143555,338.0426940917969,512.0947875976562,0.9867216348648072
1663,346,16232,642.2308959960938,250.7241973876953,189.87872314453125,179.74781799316406,0.9834555983543396
1664,346,3483,568.2980346679688,812.9049682617188,263.019775390625,216.31610107421875,0.9739195704460144
1665,346,27777,178.99929809570312,812.5263061523438,176.24539184570312,200.08905029296875,0.9627548456192015
1666,347,25367,119.16419219970705,40.02561950683594,334.720703125,492.99456787109375,0.9844255447387696
1667,347,16232,613.7919921875,240.3122711181641,184.91485595703125,180.5595245361328,0.98008131980896
1668,347,3483,537.3484497070312,776.582763671875,268.0386962890625,227.07415771484372,0.9767683744430542
1669,347,27777,145.47389221191406,774.8487548828125,181.2792205810547,205.7515869140625,0.9692186713218688
1670,349,34597,9.083821296691896,129.8074951171875,432.7460632324219,428.5676879882813,0.975600242614746
1671,349,3483,569.0074462890625,812.4384765625,262.0175170898437,216.97216796875,0.9736045598983764
1672,349,35206,612.6521606445312,143.11691284179688,226.95440673828125,402.0162048339844,0.9717960953712464
1673,349,27777,178.83563232421875,811.486328125,174.09951782226562,201.24151611328125,0.9663953185081482
1674,352,19552,110.17008209228516,176.59054565429688,324.8256225585937,475.2689514160156,0.9669578671455384
1675,352,2483,638.8925170898438,119.06849670410156,205.56048583984372,467.8492431640625,0.9615281224250792
1676,352,5094,133.2223358154297,860.5726318359375,286.6166381835937,285.2799072265625,0.9456593990325928
1677,352,22362,612.4126586914062,783.1111450195312,268.27178955078125,424.87249755859375,0.9392437934875488
1678,355,2483,53.82622909545898,699.9853515625,250.34979248046875,483.5452880859375,0.9695774912834167
1679,355,23223,543.5423583984375,593.3109130859375,300.1761474609375,508.91064453125,0.9652260541915894
1680,355,12081,69.02139282226562,132.7157440185547,228.05300903320312,423.8594970703125,0.9627066850662231
1681,355,5094,548.3656616210938,190.12608337402344,271.1966552734375,268.04132080078125,0.9616970419883728
1682,356,23223,94.70746612548828,107.01007843017578,299.3296203613281,502.60205078125,0.979903757572174
1683,356,2483,633.8632202148438,38.47792053222656,235.31536865234372,472.9347534179688,0.9706485867500304
1684,356,12081,638.40673828125,694.76416015625,237.853515625,456.4249267578125,0.9581292867660522
1685,356,5094,104.44994354248048,800.4596557617188,280.4358825683594,277.79315185546875,0.9508686661720276
1686,359,3483,561.4331665039062,812.512451171875,268.115478515625,219.9425048828125,0.975910782814026
1687,359,31885,78.37615966796875,42.044898986816406,370.2094421386719,536.9125366210938,0.9746715426445008
1688,359,27777,175.62677001953125,811.2252197265625,177.71304321289062,199.0794677734375,0.9620473980903624
1689,359,29667,630.7232055664062,164.44017028808594,223.21441650390625,214.81236267089844,0.9612504839897156
1690,361,16262,642.8397216796875,285.3941650390625,244.409423828125,240.2476806640625,0.9702572226524352
1691,361,18147,211.99127197265625,175.75369262695312,211.1924743652344,410.2479553222656,0.9645673632621764
1692,361,3351,430.5543518066406,881.7750244140625,189.53347778320312,191.1016845703125,0.9574944376945496
1693,364,3351,408.4328002929688,853.8815307617188,188.63720703125,194.15704345703125,0.9600436687469482
1694,364,35206,96.17992401123048,261.0915832519531,353.35546875,317.8273010253906,0.923795759677887
1695,364,32310,584.3348999023438,170.64662170410156,248.9261474609375,345.7660522460937,0.880686342716217
1696,372,25469,48.55946731567383,855.1942138671875,372.9795837402344,222.7462158203125,0.9790660738945008
1697,372,16262,571.943115234375,196.19839477539065,244.88092041015625,229.38909912109372,0.9773972630500792
1698,372,34597,14.249032974243164,142.4508514404297,445.5950927734375,412.6802978515625,0.9757856726646424
1699,372,3483,602.4976806640625,842.9559936523438,277.1571044921875,190.31085205078125,0.9733178615570068
1700,374,20877,73.90449523925781,800.6978149414062,320.4393920898437,244.24884033203125,0.9860894680023192
1701,374,25367,96.94711303710938,31.82670211791992,410.431640625,468.74114990234375,0.9849603772163392
1702,374,3483,647.5324096679688,754.3087158203125,211.43609619140625,269.1473999023437,0.9785166382789612
1703,374,29667,623.50048828125,187.5607147216797,226.80712890625,214.86399841308597,0.9640257358551024
1704,379,31863,138.033935546875,311.36865234375,205.30447387695312,209.18829345703125,0.9617951512336732
1705,379,3351,463.92529296875,858.0320434570312,189.62896728515625,190.45611572265625,0.9612275958061218
1706,379,16688,437.0631103515625,164.3897247314453,507.8190307617188,463.6638793945313,0.9165813326835632
1707,38,20877,86.18772888183594,726.4251098632812,331.0828857421875,239.88946533203125,0.9832366108894348
1708,38,31885,119.52952575683594,30.3092041015625,395.9012451171875,497.06591796875,0.9830673336982728
1709,38,3483,626.961181640625,716.0967407226562,207.10467529296875,273.41217041015625,0.9785247445106506
1710,38,35206,625.1461181640625,161.857421875,214.471923828125,396.1112060546875,0.9724760055541992
1711,380,3351,285.3239440917969,180.74508666992188,186.42059326171875,189.143310546875,0.9654158353805542
1712,380,31863,598.8425903320312,710.468505859375,207.64886474609372,216.76123046875,0.951105296611786
1713,380,16688,0.0,553.3858032226562,487.5318603515625,502.6080932617188,0.9186432361602784
1714,382,2483,602.7753295898438,104.21282958984376,280.99853515625,458.94232177734375,0.9577715992927552
1715,382,3743,70.57598876953125,816.9871826171875,333.1536865234375,323.548828125,0.955578088760376
1716,382,12778,88.57340240478516,134.31285095214844,390.972412109375,451.94342041015625,0.9449121952056884
1717,382,5886,616.559814453125,694.5855102539062,234.49169921875,509.69537353515625,0.9225672483444214
1718,384,2483,611.80029296875,79.69937896728516,275.42840576171875,453.6253967285156,0.9640603065490724
1719,384,5886,601.5244140625,699.1774291992188,241.0594482421875,493.7814331054688,0.954248547554016
1720,384,3743,72.9684066772461,802.3488159179688,321.0673828125,321.2098999023437,0.9478329420089722
1721,384,12778,81.68020629882812,96.3764419555664,393.1786193847656,458.0804138183594,0.9377304911613464
1722,387,3483,130.62498474121094,288.4904479980469,277.2203369140625,175.1474609375,0.9754891991615297
1723,387,31885,493.0275268554688,656.2709350585938,422.1754150390625,516.4093627929688,0.9736773371696472
1724,387,20238,132.2174072265625,871.02685546875,232.59161376953125,224.439453125,0.9692469835281372
1725,387,27653,670.388427734375,252.66932678222656,219.670166015625,202.4436187744141,0.9554704427719116
1726,389,20877,86.01191711425781,725.78173828125,331.0897216796875,241.03253173828125,0.9827725887298584
1727,389,3483,626.9879150390625,717.239990234375,205.77911376953125,273.0961303710937,0.978120744228363
1728,389,16262,603.310302734375,186.1936187744141,235.86395263671875,229.50279235839844,0.9778819680213928
1729,389,34597,22.33527565002441,122.69032287597656,449.1817932128906,423.212890625,0.9755807518959044
1730,390,3483,650.2868041992188,749.7288818359375,210.6453857421875,266.15576171875,0.9811506867408752
1731,390,16262,630.4125366210938,189.6848602294922,242.884521484375,235.7804107666016,0.9790974259376526
1732,390,34597,44.433589935302734,153.63645935058594,446.734130859375,424.94091796875,0.9790746569633484
1733,390,20877,116.52581024169922,768.4189453125,330.6977233886719,229.53619384765625,0.9774197340011596
1734,392,16551,111.07345581054688,701.7720947265625,294.17633056640625,499.70166015625,0.9804242849349976
1735,392,21026,686.7122802734375,274.9772033691406,177.038818359375,172.58111572265625,0.9775904417037964
1736,392,33208,658.5015869140625,896.8115234375,214.604248046875,216.4356689453125,0.975194811820984
1737,392,1900,188.5541839599609,273.0953674316406,202.4185333251953,138.02151489257812,0.9703454375267028
1738,393,33208,112.27449035644533,160.32281494140625,205.0354156494141,200.7230529785156,0.9773887395858764
1739,393,1900,576.0853271484375,865.5275268554688,218.7557373046875,145.2401123046875,0.9727256298065186
1740,393,16551,554.86328125,51.5659065246582,283.32196044921875,463.6306762695313,0.9694570302963256
1741,393,21026,92.18072509765624,831.8812255859375,181.43118286132807,180.2569580078125,0.9607518911361694
1742,394,28763,603.7933349609375,855.2107543945312,225.23773193359372,214.27459716796875,0.9853620529174804
1743,394,20238,139.4432373046875,851.2767333984375,231.70730590820312,225.1871337890625,0.9726973176002502
1744,394,3483,126.21163177490234,271.1015930175781,268.9944763183594,189.88104248046875,0.9721234440803528
1745,394,25469,570.0341796875,230.76165771484372,377.75927734375,221.71270751953125,0.9678470492362976
1746,395,25469,46.91849136352539,855.3406982421875,375.1259460449219,222.8548583984375,0.9786826372146606
1747,395,28763,172.58010864257812,209.2074279785156,212.086669921875,198.87985229492188,0.9773834943771362
1748,395,3483,603.9332275390625,842.865234375,275.14947509765625,192.0704345703125,0.972801923751831
1749,395,20238,615.10986328125,193.8231658935547,230.41339111328125,217.2033233642578,0.9725688695907592
1750,396,25469,12.60264015197754,812.7763061523438,382.80316162109375,221.22528076171875,0.976814329624176
1751,396,28763,153.3527069091797,200.7218170166016,210.2097625732422,199.8792266845703,0.9766581654548644
1752,396,3483,575.98974609375,810.7382202148438,278.90301513671875,193.07745361328125,0.9749168753623962
1753,396,20238,589.2903442382812,189.6498870849609,224.19793701171875,213.27964782714844,0.9695997834205629
1754,4,29345,114.94523620605467,156.5248565673828,271.21795654296875,411.1541748046875,0.9816808104515076
1755,4,1900,684.1077270507812,809.1690063476562,132.44384765625,205.3619384765625,0.9789292216300964
1756,4,16551,129.92356872558594,651.3182373046875,293.69512939453125,496.749267578125,0.9743775129318236
1757,4,24850,598.0428466796875,252.6281280517578,296.6427001953125,165.9807891845703,0.970403790473938
1758,40,31885,617.0326538085938,614.0880126953125,322.36431884765625,556.513427734375,0.978787124156952
1759,40,3483,158.2486572265625,214.40318298339844,248.49246215820312,219.7897491455078,0.976844608783722
1760,40,29667,122.47140502929688,839.047607421875,225.92840576171875,225.8436279296875,0.9680783748626708
1761,40,19861,646.1253662109375,276.7205810546875,224.0689697265625,174.44305419921875,0.9498917460441588
1762,400,1900,132.1802978515625,246.79107666015625,195.67153930664065,153.60919189453125,0.9839892983436584
1763,400,16548,601.5511474609375,125.86399841308594,232.5523681640625,222.30751037597656,0.9776737689971924
1764,400,33208,612.2891235351562,768.18408203125,213.26995849609372,207.74261474609372,0.9638196229934692
1765,400,33009,14.437219619750977,769.8890991210938,362.76751708984375,242.0291748046875,0.9564387798309326
1766,401,1900,640.8614501953125,858.3958129882812,208.25067138671875,166.40423583984375,0.9801639914512634
1767,401,16548,107.85431671142578,898.666015625,247.5291748046875,240.1348876953125,0.9780012369155884
1768,401,33208,154.40370178222656,299.0271911621094,206.51161193847656,193.2586975097656,0.9734958410263062
1769,401,33009,584.3717041015625,236.7247467041016,360.84564208984375,241.2668914794922,0.9585219025611876
1770,404,35206,439.641357421875,700.5559692382812,408.5138549804688,231.2161865234375,0.9704989790916444
1771,404,3351,357.4861755371094,144.01148986816406,184.53463745117188,191.86790466308597,0.9653480648994446
1772,404,18147,16.942747116088867,584.30712890625,284.2557373046875,424.8659057617188,0.9576597213745116
1773,409,1900,134.18226623535156,244.2481231689453,189.2992401123047,164.5779571533203,0.9841267466545104
1774,409,33009,515.8290405273438,793.699951171875,379.367431640625,205.6634521484375,0.9653151631355286
1775,409,16551,0.0,729.9152221679688,471.1449279785156,317.72027587890625,0.9620805382728576
1776,409,33009,538.3905639648438,115.68258666992188,382.48052978515625,284.93048095703125,0.6534192562103271
1777,41,3483,593.115234375,873.1491088867188,257.1343994140625,228.54010009765625,0.9778324961662292
1778,41,31885,55.38510894775391,88.22267150878906,320.3562927246094,536.6145629882812,0.9724531173706056
1779,41,29667,635.5278930664062,207.16490173339844,226.9573974609375,213.8035430908203,0.960231363773346
1780,41,19861,119.5127944946289,864.16845703125,223.74722290039065,169.0244140625,0.946915090084076
1781,411,1900,646.0030517578125,851.0311889648438,204.7783203125,176.76715087890625,0.985300600528717
1782,411,16551,497.89984130859375,197.096435546875,446.0675659179688,311.7196960449219,0.9557057619094848
1783,411,33009,86.10389709472656,257.26904296875,368.53515625,207.73712158203125,0.9415046572685242
1784,411,33009,39.70983123779297,839.6066284179688,400.44873046875,284.05865478515625,0.6141878962516785
1785,412,19552,114.29552459716795,189.6721343994141,309.4568176269531,489.8846435546875,0.98150235414505
1786,412,2483,623.79296875,68.00856018066406,224.00982666015625,466.38720703125,0.9595795273780824
1787,412,12081,649.3663940429688,701.7890014648438,245.3057861328125,463.0955200195313,0.949784219264984
1788,412,5094,108.347900390625,808.4674072265625,283.4776306152344,291.5198974609375,0.9480659365653992
1789,413,19552,111.54666900634766,160.49317932128906,307.1098937988281,501.4879760742188,0.976203680038452
1790,413,2483,630.1353149414062,40.24109649658203,241.559814453125,471.1947326660156,0.9698540568351746
1791,413,12081,638.2512817382812,694.574951171875,237.77093505859372,456.02734375,0.9585121870040894
1792,413,5094,104.35899353027344,800.6355590820312,280.20166015625,277.98785400390625,0.9501183032989502
1793,414,19552,517.8197021484375,547.1072998046875,310.5189208984375,500.273681640625,0.9773135781288148
1794,414,2483,54.73170471191406,703.9352416992188,258.6014404296875,469.4430541992188,0.9758639931678772
1795,414,12081,68.5617446899414,132.8285369873047,228.83627319335935,423.89068603515625,0.9624050259590148
1796,414,5094,548.7831420898438,190.58187866210935,270.78228759765625,267.04376220703125,0.961255133152008
1797,415,16262,637.50244140625,178.86724853515625,246.71417236328125,228.14068603515625,0.9789940118789672
1798,415,3483,600.1900634765625,867.8726806640625,259.9232788085937,228.5911865234375,0.9729098677635192
1799,415,31885,95.7706527709961,94.93383026123048,330.66461181640625,545.215576171875,0.971908450126648
1800,415,19861,126.2205581665039,866.0468139648438,221.171630859375,167.10198974609375,0.9636889696121216
1801,416,3483,573.5939331054688,836.0784301757812,260.3724365234375,232.42926025390625,0.974391222000122
1802,416,31885,75.24497985839844,67.31744384765625,328.9306030273437,539.8323974609375,0.9712011218070984
1803,416,16262,608.4005737304688,173.41221618652344,239.99658203125,229.7654266357422,0.9707549214363098
1804,416,19861,91.9394989013672,827.6825561523438,226.39146423339844,175.30963134765625,0.962956428527832
1805,417,16262,101.66781616210938,849.8707275390625,248.58596801757807,242.8834228515625,0.977250039577484
1806,417,31885,567.44140625,612.3161010742188,331.4805908203125,552.9365844726562,0.9744343161582948
1807,417,3483,151.12228393554688,218.77706909179688,246.31369018554688,222.24365234375,0.9731451869010924
1808,417,19861,638.7617797851562,277.74615478515625,220.7249755859375,171.88323974609375,0.9537002444267272
1809,419,25367,545.89697265625,733.8402709960938,430.10302734375,446.00201416015625,0.9776788949966432
1810,419,3483,121.81451416015624,306.5492248535156,273.5639953613281,200.41775512695312,0.9770867228507996
1811,419,20238,109.84244537353516,853.2465209960938,234.79281616210935,228.09100341796875,0.9739944338798524
1812,419,27733,563.7267456054688,261.7951965332031,303.5533447265625,267.2646789550781,0.9720841646194458
1813,42,3483,564.0038452148438,839.1287841796875,262.0911865234375,236.5234375,0.9755345582962036
1814,42,29667,604.9036254882812,198.89376831054688,222.90765380859372,216.11154174804688,0.9649419188499452
1815,42,19861,85.00241088867188,827.0932006835938,225.02093505859372,175.92620849609375,0.963270664215088
1816,42,31885,37.908538818359375,69.94917297363281,314.982421875,538.1976928710938,0.96271550655365
1817,420,25367,10.917823791503906,70.58441162109375,423.1107482910156,426.3642883300781,0.975557267665863
1818,420,3483,576.0223999023438,759.856201171875,277.379638671875,209.229736328125,0.9738088846206664
1819,420,20238,613.8460083007812,185.9745941162109,223.319580078125,215.15760803222656,0.9722221493721008
1820,420,27733,85.10054779052734,724.74951171875,323.4523010253906,285.07391357421875,0.9642695784568788
1821,422,3483,152.7212371826172,218.3052673339844,246.1396331787109,221.53204345703125,0.9732935428619384
1822,422,36637,93.05068969726562,908.6512451171876,278.6479187011719,162.968017578125,0.9691116213798524
1823,422,34597,555.8561401367188,701.9072265625,353.06964111328125,510.461181640625,0.962053120136261
1824,422,19861,640.2810668945312,278.1269836425781,220.861572265625,171.95819091796875,0.9513683915138244
1825,423,36637,593.3329467773438,194.6389923095703,254.93072509765625,155.3628387451172,0.9786772727966307
1826,423,3483,571.3446044921875,836.8524780273438,260.0765380859375,232.64862060546875,0.9742883443832396
1827,423,19861,91.14891052246094,827.3560180664062,224.4505157470703,175.80316162109375,0.9637770056724548
1828,423,34597,77.89849853515625,21.49625396728516,338.2684020996094,490.46533203125,0.9276341795921326
1829,429,3483,610.2127075195312,790.2244873046875,271.37969970703125,210.08624267578125,0.9757615327835084
1830,429,27733,132.21275329589844,775.9259033203125,308.78826904296875,274.4608154296875,0.9722762703895568
1831,429,34597,71.86307525634766,152.7542266845703,487.5719299316406,358.1497802734375,0.9694675803184508
1832,429,29667,665.6653442382812,178.4794158935547,230.096435546875,216.0684356689453,0.963499128818512
1833,430,16551,56.6866455078125,605.7691650390625,415.97698974609375,412.4283447265625,0.9751613736152648
1834,430,3544,181.8529815673828,200.4388885498047,201.9175262451172,194.3516387939453,0.9583247900009156
1835,430,4543,609.869873046875,151.29026794433594,205.0167236328125,203.94883728027344,0.9398828744888306
1836,430,33878,618.2381591796875,790.1755981445312,170.5863037109375,219.714599609375,0.8767845630645752
1837,431,3544,198.27610778808597,209.7040252685547,207.53489685058597,198.6480255126953,0.9763001203536988
1838,431,16551,100.46371459960938,664.1846313476562,402.4684143066406,398.85455322265625,0.9749106764793396
1839,431,4543,636.4087524414062,156.36495971679688,213.087158203125,197.83364868164065,0.9504547119140624
1840,431,33878,643.5589599609375,831.1674194335938,163.78228759765625,212.47918701171875,0.9039046168327332
1841,432,3544,583.4296875,856.9561157226562,215.24755859375,216.51104736328125,0.9767835140228271
1842,432,16551,490.0743103027344,223.087158203125,395.0040588378906,395.7551879882813,0.9697238802909852
1843,432,4543,129.66220092773438,902.0934448242188,217.61135864257807,212.55645751953125,0.961921453475952
1844,432,33878,196.4568328857422,255.7940216064453,159.31797790527344,218.64356994628903,0.8748586177825928
1845,433,16232,619.8729248046875,178.42178344726562,186.5709228515625,182.4869079589844,0.979357361793518
1846,433,3483,578.87060546875,759.11328125,275.6148681640625,209.50579833984372,0.9711897969245912
1847,433,30308,88.74005126953125,104.1003875732422,355.7450256347656,423.99810791015625,0.9684491753578186
1848,433,27733,84.69212341308594,724.7396850585938,323.33453369140625,285.2177734375,0.9632057547569276
1849,434,16232,141.89297485351562,892.6426391601562,196.4578857421875,193.05096435546875,0.9785754680633544
1850,434,3483,121.0359344482422,306.04351806640625,274.20526123046875,201.05130004882807,0.9778448343276978
1851,434,30308,525.5921020507812,690.4103393554688,370.0647583007813,452.12347412109375,0.9750630855560304
1852,434,27733,563.02392578125,259.8150634765625,302.68048095703125,268.7789306640625,0.9716877937316896
1853,435,16232,647.5672607421875,184.8215484619141,193.0360107421875,180.8593292236328,0.9805060625076294
1854,435,30308,103.14331817626952,115.4250717163086,361.98187255859375,443.8238830566406,0.979694664478302
1855,435,3483,609.442138671875,788.9265747070312,272.41070556640625,213.563232421875,0.9728145599365234
1856,435,27733,122.77873229980467,770.6719970703125,313.427001953125,272.840087890625,0.9697057008743286
1857,436,25469,47.61077117919922,855.5338134765625,373.0976257324219,222.6214599609375,0.9798772931098938
1858,436,31885,45.05501937866211,135.57369995117188,434.8380737304688,481.2160339355469,0.9795114994049072
1859,436,20238,615.1373291015625,194.22653198242188,229.79193115234372,217.6112365722656,0.9734284281730652
1860,436,3483,603.3536376953125,842.9052734375,276.28582763671875,190.5106201171875,0.9729549288749696
1861,44,29667,91.6416015625,723.0103759765625,233.280029296875,234.725341796875,0.9748765230178832
1862,44,13900,577.2406616210938,673.8369750976562,180.99578857421875,264.63818359375,0.9729361534118652
1863,44,3351,370.8141784667969,154.48236083984375,182.8130798339844,187.08917236328125,0.9729146361351012
1864,443,25438,566.5625610351562,189.21763610839844,246.9041748046875,249.0240020751953,0.9783769845962524
1865,443,22627,534.849853515625,686.0516967773438,341.8056640625,470.4713745117188,0.9600273966789246
1866,443,2483,80.60565948486328,672.05126953125,247.12319946289065,478.3707275390625,0.9598538279533386
1867,443,4378,79.1187515258789,109.4973602294922,224.32415771484372,427.58795166015625,0.9579602479934692
1868,444,25438,108.21656799316406,841.1329956054688,259.81451416015625,265.22491455078125,0.9703787565231324
1869,444,2483,601.2252197265625,93.12940979003906,247.06536865234372,467.1842041015625,0.9695003032684326
1870,444,22627,76.66254425048828,77.0339126586914,334.858642578125,486.3691101074219,0.959171175956726
1871,444,4378,658.850341796875,707.504638671875,213.4964599609375,467.328857421875,0.9573453068733216
1872,449,16262,619.1649169921875,182.03826904296875,245.824462890625,233.5799560546875,0.9748592376708984
1873,449,3483,586.6065673828125,846.0379638671875,284.0858154296875,165.2537841796875,0.9683526754379272
1874,449,27653,94.99092864990234,851.6537475585938,221.5350646972656,207.05535888671875,0.9555686116218568
1875,449,34597,46.30897521972656,131.74598693847656,381.1884765625,482.8043212890625,0.9491245746612548
1876,452,44199,172.62059020996094,233.3177490234375,203.2683868408203,263.9561462402344,0.9798784255981444
1877,452,29451,510.92034912109375,243.8378448486328,409.0977783203125,220.5582733154297,0.977609157562256
1878,452,1900,642.4352416992188,844.4947509765625,192.65081787109372,191.0596923828125,0.977510392665863
1879,452,16551,132.5868377685547,640.5658569335938,315.34796142578125,480.2000122070313,0.975955069065094
1880,454,2483,102.09913635253906,699.0418090820312,232.49937438964844,491.1502075195313,0.9655333757400512
1881,454,5094,563.79345703125,197.3597412109375,261.633056640625,262.55194091796875,0.9543666243553162
1882,454,6192,501.9923400878906,584.2218017578125,292.0081481933594,523.531982421875,0.9460036754608154
1883,454,5886,126.10639190673828,91.20211029052734,234.03399658203125,465.9878234863281,0.9420198798179626
1884,455,2483,607.0844116210938,27.38640594482422,216.64398193359372,477.9644470214844,0.9735170006752014
1885,455,5094,90.80979919433594,794.5319213867188,277.93634033203125,277.18133544921875,0.9667761325836182
1886,455,6192,142.77175903320312,86.04360961914062,296.4117431640625,528.47998046875,0.9524914026260376
1887,455,5886,582.2703247070312,687.72314453125,232.8773193359375,496.6484375,0.951179265975952
1888,456,2483,599.0919799804688,62.19636154174805,205.67138671875,470.99224853515625,0.9670151472091676
1889,456,6192,144.2978057861328,123.98513793945312,291.52935791015625,511.4324645996094,0.950184166431427
1890,456,5094,95.16524505615234,806.0665893554688,281.41864013671875,284.49871826171875,0.947975218296051
1891,456,5886,589.95458984375,679.4855346679688,241.298583984375,504.9225463867188,0.926578938961029
1892,457,13395,630.5005493164062,673.5791625976562,231.7745361328125,506.38275146484375,0.9672717452049256
1893,457,2483,634.6779174804688,68.78468322753906,218.90478515625,472.9151611328125,0.9628538489341736
1894,457,6192,110.12541198730467,166.1424560546875,279.537353515625,527.8766479492188,0.9590277671813964
1895,457,5094,130.8367156982422,835.679931640625,280.0323486328125,274.1041259765625,0.951794981956482
1896,458,2483,623.6293334960938,107.59644317626952,223.68756103515625,458.5896606445313,0.9645062685012816
1897,458,6192,115.10228729248048,184.6155242919922,272.6015014648437,528.6058349609375,0.958371102809906
1898,458,5094,134.1999053955078,844.0925903320312,284.091064453125,285.09014892578125,0.9498802423477172
1899,458,13395,638.900390625,676.3823852539062,241.19696044921875,513.5140991210938,0.9380663633346558
1900,459,6192,548.5233154296875,506.4046020507813,269.99932861328125,549.5027465820312,0.9606170058250428
1901,459,2483,80.18714141845703,656.0816040039062,217.5975341796875,496.8079223632813,0.9603217244148254
1902,459,13395,80.81727600097656,81.33609008789062,228.60987854003903,488.3251647949219,0.9536007046699524
1903,459,5094,522.1503295898438,159.91297912597656,267.9268798828125,268.6093139648437,0.9528200626373292
1904,46,23223,98.91742706298828,110.4547119140625,309.3628845214844,503.11181640625,0.9783976078033448
1905,46,2483,592.593505859375,66.70806121826172,245.25872802734372,484.3550415039063,0.970824122428894
1906,46,3743,116.00482940673828,787.0173950195312,323.080810546875,323.45562744140625,0.9629737734794616
1907,46,12081,601.0585327148438,711.8638305664062,234.1943359375,458.2044067382813,0.953877091407776
1908,460,3743,488.1879577636719,126.47755432128906,316.4059143066406,301.681640625,0.9670762419700624
1909,460,2483,94.30850982666016,659.77783203125,204.55093383789065,494.0201416015625,0.9591841101646424
1910,460,23223,510.0323181152344,588.71337890625,291.9164123535156,504.5618896484375,0.9477671980857848
1911,460,22362,78.9425048828125,120.79582977294922,258.5784606933594,388.4879150390625,0.9468044638633728
1912,462,23223,138.4525604248047,147.59970092773438,289.29522705078125,501.1688537597656,0.9770092368125916
1913,462,2483,629.1968994140625,95.64225769042967,202.96771240234372,477.834228515625,0.9687678217887878
1914,462,3743,121.18270111083984,836.082275390625,332.3035888671875,336.177734375,0.9644124507904052
1915,462,22362,603.0621337890625,741.6126708984375,277.92010498046875,420.0013427734375,0.925543487071991
1916,463,28763,623.0134887695312,875.3031005859375,221.9625244140625,208.04248046875,0.979944348335266
1917,463,3483,129.87222290039062,288.9379577636719,276.7839660644531,174.35684204101562,0.9749309420585632
1918,463,20238,131.84152221679688,871.7171630859375,232.524169921875,225.2568359375,0.9654567837715148
1919,463,27653,670.0693969726562,252.22628784179688,219.42724609375,202.39312744140625,0.9551774263381958
1920,464,3483,560.3997192382812,812.0187377929688,288.84600830078125,173.42633056640625,0.9729719161987304
1921,464,20238,596.93896484375,173.00564575195312,216.86016845703125,213.5176696777344,0.967496395111084
1922,464,28763,138.37045288085938,180.5668029785156,207.43218994140625,203.74676513671875,0.966098129749298
1923,464,27653,61.27595138549805,811.4229736328125,227.7981414794922,207.80584716796875,0.9558773040771484
1924,465,28763,154.82505798339844,190.14678955078125,214.17027282714844,205.38821411132807,0.9739699959754944
1925,465,20238,621.1838989257812,177.4457244873047,226.64019775390625,214.0443878173828,0.971882700920105
1926,465,3483,589.2517700195312,845.3145141601562,283.4356689453125,165.9320068359375,0.970628559589386
1927,465,27653,96.78326416015624,853.3153076171875,222.03448486328125,206.4251708984375,0.955565333366394
1928,468,23223,112.47490692138672,118.04568481445312,305.8647766113281,502.3092346191406,0.9758571982383728
1929,468,25438,153.91775512695312,871.9086303710938,261.35186767578125,266.63983154296875,0.9730092883110046
1930,468,2483,604.6644897460938,110.3041000366211,199.65069580078125,471.0893249511719,0.9585434794425964
1931,468,22362,603.163330078125,752.6962280273438,266.8681640625,419.2192993164063,0.9349265694618224
1932,469,3483,610.2704467773438,788.5933227539062,271.88787841796875,213.3768310546875,0.9732723236083984
1933,469,28763,150.24305725097656,222.3375244140625,210.77464294433597,198.77777099609372,0.9731013178825378
1934,469,35206,598.3771362304688,128.12152099609375,258.00909423828125,392.318115234375,0.9727286100387572
1935,469,27733,123.22579193115234,767.7879028320312,314.8682861328125,276.31158447265625,0.9706948399543762
1936,47,2483,88.26260375976562,668.4743041992188,255.25634765625,476.05755615234375,0.9806389212608336
1937,47,23223,527.1388549804688,598.9684448242188,313.4208374023437,501.4498901367188,0.9651225805282592
1938,47,12081,109.92620086669922,111.4963836669922,223.64498901367188,426.563232421875,0.9607638716697692
1939,47,3743,491.30859375,163.0733642578125,319.82147216796875,304.6915283203125,0.9487781524658204
1940,472,16548,628.4566650390625,146.87168884277344,234.6458740234375,228.02198791503903,0.982824206352234
1941,472,6563,190.82493591308597,716.157470703125,214.3888397216797,345.1707763671875,0.9808501601219176
1942,472,3544,150.3314971923828,189.4586944580078,208.36143493652344,202.7124786376953,0.9716639518737792
1943,472,33878,630.2314453125,850.285400390625,222.9068603515625,138.98431396484375,0.8814934492111206
1944,474,6563,588.744140625,238.1202850341797,213.1533203125,334.43621826171875,0.973709762096405
1945,474,16548,113.32748413085938,883.8617553710938,247.2918701171875,234.62152099609372,0.9734888672828674
1946,474,3544,633.6310424804688,874.69921875,217.15655517578125,215.0601806640625,0.9729889631271362
1947,474,33878,146.72232055664062,307.2518310546875,229.06610107421875,148.23745727539062,0.850459635257721
1948,475,25438,124.9608917236328,821.9041748046875,259.1629638671875,269.0421142578125,0.9737884402275084
1949,475,19552,89.16777038574219,141.1306915283203,312.8941650390625,489.85687255859375,0.9716047644615172
1950,475,2483,600.4432373046875,90.83550262451172,202.825439453125,461.6688232421875,0.9675869345664978
1951,475,13395,598.9529418945312,705.9315185546875,239.08319091796875,528.49951171875,0.9546476006507874
1952,477,19552,85.86241912841797,107.06379699707033,318.2816162109375,497.8648681640625,0.9758885502815248
1953,477,25438,122.354248046875,811.73193359375,255.18655395507807,255.01025390625,0.9738085865974426
1954,477,2483,604.0956420898438,44.31957244873047,214.60638427734372,479.312744140625,0.9711301922798156
1955,477,13395,591.1004638671875,706.4622802734375,237.5347900390625,518.0648193359375,0.9518033862113952
1956,479,36637,635.630615234375,178.6099090576172,182.93145751953125,238.94065856933597,0.9839184284210204
1957,479,3483,536.6104736328125,776.8421020507812,267.679443359375,227.90216064453125,0.9763944745063782
1958,479,25367,61.69282150268555,80.28250122070312,375.5363159179688,473.1522521972656,0.9742453694343568
1959,479,27777,144.95091247558594,774.78955078125,181.6444549560547,205.71923828125,0.9706473350524902
1960,481,22627,78.48213195800781,110.45612335205078,301.486572265625,494.4493408203125,0.9751394391059875
1961,481,2483,620.97900390625,103.00157165527344,229.5035400390625,465.08447265625,0.9638426899909972
1962,481,5094,134.00482177734375,843.5670166015625,284.37127685546875,285.8468017578125,0.9492887854576112
1963,481,13395,639.1447143554688,675.5789184570312,240.5191650390625,513.2125854492188,0.9387804865837096
1964,482,22627,557.498291015625,633.8295288085938,309.538818359375,486.5366821289063,0.9762163758277892
1965,482,13395,82.29173278808594,77.93292999267578,227.72706604003903,494.78704833984375,0.9658628702163696
1966,482,2483,80.88319396972656,656.2200317382812,216.9559783935547,496.53167724609375,0.9596135020256042
1967,482,5094,522.4375610351562,159.87274169921875,267.86431884765625,268.7852783203125,0.953313648700714
1968,484,3351,420.9167785644531,894.1642456054688,190.37435913085935,190.79742431640625,0.9527076482772828
1969,484,16688,480.8782348632813,114.69639587402344,417.97259521484375,557.15966796875,0.9422920346260072
1970,484,32310,29.16098976135254,329.1739807128906,289.21978759765625,326.7892150878906,0.9227726459503174
1971,485,3351,328.3748779296875,148.1697998046875,184.5548095703125,187.11798095703125,0.9779826402664183
1972,485,16688,30.95984649658203,518.5130004882812,413.04241943359375,582.3418579101562,0.9311699271202089
1973,485,32310,626.8968505859375,535.7672729492188,291.2425537109375,343.25634765625,0.9073210954666138
1974,486,3351,368.2992858886719,205.4262237548828,186.20748901367188,184.57688903808597,0.9740910530090332
1975,486,16688,72.14329528808594,615.2864990234375,431.35693359375,595.535888671875,0.9372205138206482
1976,486,32310,663.1945190429688,632.1931762695312,293.8402709960937,345.20465087890625,0.9162498116493224
1977,487,16232,647.5274658203125,184.2574462890625,193.1729736328125,181.72189331054688,0.980840027332306
1978,487,31885,95.5439910888672,51.95466995239258,410.0938720703125,508.7120056152344,0.9777219295501708
1979,487,3483,609.8540649414062,789.6558227539062,271.08233642578125,212.65594482421875,0.9724781513214112
1980,487,27733,123.85213470458984,769.705322265625,313.2318420410156,273.4285888671875,0.9707674980163574
1981,493,19607,683.612548828125,902.4029541015624,161.510009765625,160.01806640625,0.9839230179786682
1982,493,1900,187.0355529785156,292.0029602050781,199.72561645507807,155.82302856445312,0.9824808239936828
1983,493,21026,686.2481689453125,275.130615234375,177.01141357421875,172.47894287109375,0.978341817855835
1984,493,16548,124.76378631591795,885.4705810546875,241.06344604492188,241.7247314453125,0.9751508235931396
1985,494,19607,135.70896911621094,212.845458984375,155.7022247314453,149.5928955078125,0.9866794943809508
1986,494,16548,591.0346069335938,139.14601135253906,233.42181396484372,223.68312072753903,0.9792636036872864
1987,494,1900,585.908203125,829.582763671875,207.4771728515625,161.9271240234375,0.9792168736457824
1988,494,21026,91.7497329711914,831.951904296875,182.08999633789065,180.269775390625,0.9580146074295044
1989,496,3832,488.05615234375,183.22265625,385.7565307617188,362.4585571289063,0.9685570001602172
1990,496,36637,162.89633178710938,293.5234680175781,188.38040161132807,247.71951293945312,0.9672549962997437
1991,496,3351,394.5553588867188,870.9352416992188,189.0687255859375,193.00567626953125,0.9590105414390564
1992,497,3351,355.636474609375,158.68594360351562,180.80328369140625,187.74606323242188,0.9718371629714966
1993,497,36637,587.7574462890625,670.03271484375,192.31378173828125,258.03369140625,0.9696251153945924
1994,497,3832,47.1113510131836,653.4916381835938,392.0242309570313,374.5958862304688,0.963735580444336
1995,499,25367,523.603759765625,730.6583862304688,434.1771240234375,450.02972412109375,0.985653042793274
1996,499,16262,165.2522735595703,833.7156372070312,251.53135681152344,242.56597900390625,0.9810683131217957
1997,499,3483,125.62561798095705,271.424072265625,269.9572448730469,190.77731323242188,0.9729007482528688
1998,499,25469,568.0125122070312,230.98741149902344,379.30755615234375,222.01307678222656,0.9710238575935364
1999,5,29345,612.5393676757812,712.6522827148438,287.921630859375,450.4419555664063,0.9884204864501952
2000,5,1900,181.81336975097656,266.3388061523437,130.77940368652344,201.507080078125,0.9785336852073668
2001,5,24850,92.60382080078124,897.8577880859375,297.1361389160156,162.3714599609375,0.9746560454368592
2002,5,16551,569.5907592773438,114.8400421142578,287.64215087890625,483.14697265625,0.9703458547592164
2003,500,25469,11.685275077819824,812.6299438476562,381.9723510742188,221.09832763671875,0.9767026305198668
2004,500,25367,37.83545303344727,64.19482421875,412.0958862304688,438.6989135742188,0.9756546020507812
2005,500,3483,574.6389770507812,810.5757446289062,281.51934814453125,195.52911376953125,0.972604513168335
2006,500,16262,545.533203125,189.68142700195312,238.035400390625,229.51986694335935,0.9697746634483336
2007,501,25367,41.24190521240234,79.90155792236328,432.8966064453125,442.9962768554688,0.9838802218437196
2008,501,25469,49.10887145996094,855.556640625,371.7238159179688,222.079345703125,0.9787707924842834
2009,501,16262,572.2202758789062,195.3477325439453,244.404052734375,229.9133758544922,0.9777052998542786
2010,501,3483,602.917236328125,842.6104736328125,277.38336181640625,191.1800537109375,0.973094880580902
2011,502,30308,540.854248046875,727.9102172851562,413.14556884765625,411.74908447265625,0.9753862023353576
2012,502,20238,139.9051971435547,851.6777954101562,231.3894805908203,224.89532470703125,0.9740884304046632
2013,502,25469,569.9024047851562,230.81320190429688,377.4234008789063,222.212890625,0.9725438356399536
2014,502,3483,125.1410675048828,271.3732604980469,270.49005126953125,190.65679931640625,0.9724896550178528
2015,503,25469,12.327667236328123,812.250732421875,382.4905700683594,221.292724609375,0.9763532876968384
2016,503,30308,36.36557388305664,103.92151641845705,397.9146728515625,395.3854675292969,0.9734366536140442
2017,503,3483,574.8527221679688,810.5277099609375,280.4442138671875,195.34442138671875,0.9721946716308594
2018,503,20238,587.2686767578125,191.11959838867188,223.63677978515625,213.8158264160156,0.9673613905906676
2019,506,38162,532.2537841796875,628.3990478515625,197.45947265625,309.64508056640625,0.9889752864837646
2020,506,3351,350.8485717773437,140.268798828125,184.47882080078125,188.22738647460935,0.9670057892799376
2021,506,31863,80.60796356201172,699.7152099609375,210.38882446289065,212.29742431640625,0.9565945267677308
2022,507,38162,571.8637084960938,726.6283569335938,195.33416748046875,298.7240600585937,0.9917105436325072
2023,507,3351,393.3830261230469,198.03749084472656,184.8091735839844,182.9092559814453,0.9689285159111024
2024,507,31863,124.67076110839844,784.374267578125,207.5771942138672,206.1376953125,0.950347363948822
2025,508,22074,166.7049560546875,260.29443359375,186.7417907714844,190.23605346679688,0.9802785515785216
2026,508,3351,418.3288879394531,870.314208984375,190.15548706054688,193.060546875,0.9641746878623962
2027,508,18147,540.4490356445312,239.16380310058597,335.3741455078125,348.93017578125,0.9530677795410156
2028,509,22074,587.7369995117188,779.9207763671875,189.3304443359375,193.8643798828125,0.9774029850959778
2029,509,3351,327.8673400878906,166.95794677734375,185.21408081054688,189.67166137695312,0.970606565475464
2030,509,18147,46.92820739746094,608.1084594726562,340.9443359375,380.0352783203125,0.954582452774048
2031,511,25367,568.339599609375,746.051513671875,396.4276123046875,492.1395263671875,0.9770199060440063
2032,511,3483,152.51303100585938,218.22293090820312,246.62985229492188,221.27883911132807,0.973108172416687
2033,511,36637,92.69001007080078,908.77734375,279.8182067871094,162.7105712890625,0.9658000469207764
2034,511,19861,640.8615112304688,277.8078918457031,220.29315185546875,172.113525390625,0.9509121775627136
2035,515,30308,101.0051727294922,184.86184692382807,418.965087890625,371.1921081542969,0.9749324321746826
2036,515,3483,568.0975341796875,811.6817016601562,262.8422241210937,217.66912841796875,0.972408890724182
2037,515,35206,612.5997924804688,142.63137817382812,226.97882080078125,402.9822082519531,0.9710938930511476
2038,515,27777,179.0005340576172,811.2115478515625,173.72401428222656,201.65936279296875,0.9657891392707824
2039,516,3483,172.29339599609375,275.91949462890625,259.7936706542969,220.09768676757807,0.97783362865448
2040,516,35206,138.76858520507812,705.8203735351562,239.54275512695312,412.2135620117188,0.9764840006828308
2041,516,30308,471.8849792480469,698.2189331054688,437.0879211425781,376.5242309570313,0.9727349281311036
2042,516,27777,637.2355346679688,293.0136108398437,176.48956298828125,195.60540771484372,0.9682499766349792
2043,517,31885,31.72163963317871,15.276900291442873,377.8722839355469,529.6887817382812,0.9832540154457092
2044,517,36637,641.9175415039062,208.04537963867188,192.5269775390625,246.7816162109375,0.9831090569496156
2045,517,3483,586.6021118164062,846.1091918945312,284.4462890625,165.51593017578125,0.9690304398536682
2046,517,27653,95.04581451416016,851.1631469726562,222.87649536132807,208.35772705078125,0.9541128873825072
2047,518,36637,612.7951049804688,203.8917999267578,187.61090087890625,240.06761169433597,0.979003608226776
2048,518,31885,22.016908645629883,1.0842170715332031,365.39794921875,522.353271484375,0.9778279662132264
2049,518,3483,557.9775390625,812.1720581054688,289.82635498046875,173.74346923828125,0.9724242687225342
2050,518,27653,61.2861328125,810.892333984375,225.13723754882807,210.83428955078125,0.9508230686187744
2051,519,3483,130.9140625,288.661865234375,277.0484313964844,173.92910766601562,0.9757347106933594
2052,519,31885,593.9558715820312,695.3443603515625,382.0441284179688,540.880615234375,0.9736925959587096
2053,519,36637,149.59190368652344,801.6751098632812,196.63233947753903,258.86285400390625,0.9707289934158324
2054,519,27653,671.8123779296875,252.80616760253903,218.9207763671875,202.2957000732422,0.9552679061889648
2055,520,28763,613.2769165039062,906.36328125,224.94122314453125,210.427001953125,0.985387086868286
2056,520,3483,173.79905700683594,274.4588928222656,261.9457397460937,220.70333862304688,0.9763637781143188
2057,520,29667,127.32261657714844,879.4745483398438,230.3681488037109,228.51470947265625,0.9688811898231506
2058,520,27777,639.9954833984375,293.84930419921875,176.21966552734375,197.929931640625,0.968528687953949
2059,521,3483,535.8399047851562,777.86865234375,266.65679931640625,227.1827392578125,0.9762431979179382
2060,521,28763,148.19668579101562,153.61849975585938,206.26129150390625,201.08880615234372,0.9720519185066224
2061,521,27777,143.08023071289062,773.6495971679688,180.35610961914065,205.51226806640625,0.9711870551109314
2062,521,29667,599.9221801757812,159.63755798339844,219.167236328125,212.63316345214844,0.9601378440856934
2063,522,3483,565.4076538085938,814.0939331054688,263.721923828125,219.83734130859372,0.974985420703888
2064,522,28763,161.41726684570312,158.61553955078125,214.96051025390625,204.5445251464844,0.9716705679893494
2065,522,29667,631.919677734375,165.73243713378906,222.35675048828125,210.74989318847656,0.9630728363990784
2066,522,27777,176.2694091796875,810.8887939453125,175.34213256835938,201.5943603515625,0.9625011086463928
2067,525,16232,142.12594604492188,891.8946533203125,195.1460876464844,193.8289794921875,0.9813563823699952
2068,525,28763,635.1229858398438,865.8768920898438,222.93743896484372,211.60150146484372,0.97713702917099
2069,525,3483,120.38465118408205,307.091064453125,275.4651184082031,198.81106567382807,0.9767017364501952
2070,525,27733,564.3901977539062,261.2461242675781,302.75946044921875,266.9978942871094,0.9719009399414062
2071,526,16262,101.99442291259766,850.1134033203125,248.32632446289065,242.6387939453125,0.976523458957672
2072,526,30308,543.6781005859375,710.7784423828125,310.8475341796875,475.4449462890625,0.9735192656517028
2073,526,3483,150.97560119628906,218.7446136474609,246.30812072753903,222.6218719482422,0.9733080267906188
2074,526,19861,638.6439819335938,277.950439453125,221.08251953125,171.01092529296875,0.9532247185707092
2075,527,30308,142.4508056640625,77.53816986083984,311.6879577636719,464.0375671386719,0.9783765077590942
2076,527,16262,637.178466796875,178.8878936767578,247.26220703125,227.4200592041016,0.977940320968628
2077,527,3483,599.7896728515625,866.89306640625,259.8057861328125,229.8076171875,0.9722222685813904
2078,527,19861,126.31642150878906,866.052734375,221.4799652099609,166.77587890625,0.963266134262085
2079,528,3483,573.3023071289062,836.6845092773438,261.45819091796875,231.77862548828125,0.9747194647789
2080,528,30308,128.95298767089844,62.65472412109375,295.4877319335937,450.7213134765625,0.9737260341644288
2081,528,16262,610.9700317382812,173.99632263183594,236.91278076171875,227.69960021972656,0.9716443419456482
2082,528,19861,92.53883361816406,827.2142333984375,225.53330993652344,176.2900390625,0.9622786045074464
2083,529,25469,48.633575439453125,855.3710327148438,372.2962951660156,222.87567138671875,0.9781370759010316
2084,529,20238,614.9641723632812,193.86729431152344,230.267822265625,216.87733459472656,0.9731135964393616
2085,529,3483,603.167724609375,842.980224609375,277.131103515625,191.025634765625,0.9730585217475892
2086,529,22347,107.20437622070312,240.03880310058597,207.4481201171875,197.69029235839844,0.95892995595932
2087,53,25438,131.17901611328125,852.1529541015625,262.1068725585937,266.8541259765625,0.9747936129570008
2088,53,2483,653.67431640625,93.09083557128906,213.5421142578125,478.78033447265625,0.972135841846466
2089,53,5886,601.484130859375,679.1883544921875,243.05120849609372,516.4896240234375,0.9263256788253784
2090,53,6192,100.27867126464844,105.5395965576172,355.68731689453125,485.7611083984375,0.9110501408576964
2091,530,20238,139.5210418701172,850.933349609375,230.8154754638672,225.4539794921875,0.9725462198257446
2092,530,3483,126.94610595703124,271.3766174316406,268.35430908203125,189.9559631347656,0.9721070528030396
2093,530,25469,568.5006713867188,230.4057464599609,378.9536743164063,221.71800231933597,0.9714268445968628
2094,530,22347,679.0624389648438,832.53955078125,216.614013671875,201.2733154296875,0.960337460041046
2095,531,25469,13.039196968078612,812.8535766601562,381.2311706542969,220.97137451171875,0.9759515523910522
2096,531,3483,576.6934814453125,811.169921875,277.95391845703125,192.47705078125,0.972724974155426
2097,531,20238,589.6005249023438,189.15362548828125,223.291015625,214.08370971679688,0.9701428413391112
2098,531,22347,88.70704650878906,229.5930938720703,201.8132781982422,198.3472442626953,0.9650714993476868
2099,532,19552,116.06732177734376,113.2326889038086,382.8395690917969,428.0363464355469,0.9688633680343628
2100,532,2483,601.1524658203125,102.91114044189452,281.73980712890625,460.3921508789063,0.9589596390724182
2101,532,3743,68.00894927978516,812.3302001953125,334.9623413085937,330.76953125,0.954709768295288
2102,532,5886,616.7568359375,694.4773559570312,234.07366943359372,511.3585815429688,0.9211844801902772
2103,533,2483,612.7083129882812,78.6314926147461,275.05877685546875,454.8163757324219,0.9633608460426332
2104,533,19552,111.26366424560548,73.4144287109375,391.1994934082031,432.8244018554688,0.9606866240501404
2105,533,5886,602.3607788085938,698.9752197265625,239.927490234375,494.59130859375,0.9551377296447754
2106,533,3743,72.74870300292969,802.1161499023438,321.0526123046875,321.60858154296875,0.9487965106964112
2107,534,19552,438.29052734375,700.1057739257812,394.854248046875,433.02679443359375,0.9674493074417114
2108,534,2483,50.85120391845703,678.29296875,278.7249755859375,461.449462890625,0.9636959433555604
2109,534,3743,532.6943359375,154.4185333251953,315.7515869140625,299.45660400390625,0.9498314261436462
2110,534,5886,97.00926208496094,69.47029113769531,245.89830017089844,478.108154296875,0.9354779720306396
2111,535,36637,674.3137817382812,173.63626098632812,174.8056640625,253.5455017089844,0.9770904779434204
2112,535,31885,80.66108703613281,141.66078186035156,408.78070068359375,510.53326416015625,0.9749861359596252
2113,535,3483,602.1329956054688,843.9725952148438,277.220458984375,189.86517333984372,0.9731483459472656
2114,535,25469,87.2203598022461,830.1836547851562,343.564453125,299.12384033203125,0.9683392643928528
2115,536,36637,644.327392578125,170.20823669433594,173.1234130859375,247.23585510253903,0.9809884428977966
2116,536,31885,65.49608612060547,118.13583374023438,396.1778564453125,494.1742248535156,0.9752782583236694
2117,536,3483,575.0743408203125,811.2489013671875,278.9686279296875,193.2666015625,0.9732170104980468
2118,536,25469,48.27414321899414,790.8502807617188,350.23468017578125,298.49346923828125,0.9620891213417052
2119,537,36637,132.45985412597656,830.1397705078125,181.5856170654297,263.942626953125,0.980176031589508
2120,537,31885,510.9416809082031,592.6871337890625,403.5214538574219,523.4342041015625,0.9775643944740297
2121,537,3483,125.86600494384766,271.3291320800781,271.0065002441406,190.13278198242188,0.974427342414856
2122,537,25469,572.7076416015625,187.87033081054688,335.28485107421875,286.9658508300781,0.9668977856636048
2123,539,38162,590.6744995117188,706.1635131835938,199.61419677734372,310.5014038085937,0.9868674278259276
2124,539,20014,13.914769172668455,668.90478515625,350.1513366699219,343.0960693359375,0.9701995253562928
2125,539,3351,321.4148254394531,134.58230590820312,183.7879638671875,187.08758544921875,0.9657883644104004
2126,54,2483,69.58616638183594,662.1053466796875,206.4024200439453,485.1712646484375,0.966332197189331
2127,54,25438,545.4888305664062,175.56094360351562,247.60235595703125,252.84500122070312,0.9662362337112428
2128,54,5886,113.9702377319336,86.76268768310547,225.11083984375,481.5078125,0.9556618928909302
2129,54,6192,472.2792053222656,636.7037963867188,363.9128723144531,489.9323120117188,0.8713443279266357
2130,540,38162,629.95263671875,803.8494873046875,196.45721435546875,303.0572509765625,0.9848575592041016
2131,540,20014,54.18623733520508,752.7648315429688,342.7723999023437,341.68865966796875,0.964857280254364
2132,540,3351,362.6139221191406,188.81378173828125,184.90481567382807,183.73410034179688,0.9635255932807922
2133,541,31885,586.3302612304688,653.8659057617188,325.8707275390625,547.4468383789062,0.9742403626441956
2134,541,16232,145.0354766845703,900.1107177734375,195.1519927978516,193.562744140625,0.9740872979164124
2135,541,3483,150.8846435546875,219.03509521484372,246.77066040039065,222.27203369140625,0.9731536507606506
2136,541,19861,638.65283203125,277.7595520019531,220.74566650390625,172.02835083007812,0.9525116086006165
2137,542,16232,617.2466430664062,173.1190185546875,183.24725341796875,180.90557861328125,0.9779585599899292
2138,542,3483,573.6574096679688,835.7860717773438,260.22967529296875,233.47003173828125,0.9748116135597228
2139,542,31885,71.28496551513672,36.04146957397461,314.0575256347656,529.6071166992188,0.9668994545936584
2140,542,19861,92.53614044189452,827.5927734375,225.38168334960935,175.72808837890625,0.9625772833824158
2141,543,3483,599.740234375,868.1682739257812,259.33709716796875,228.67730712890625,0.9791306853294371
2142,543,16232,645.67041015625,175.13636779785156,189.94293212890625,187.3730010986328,0.9767531156539916
2143,543,31885,84.94473266601562,53.18256759643555,321.9146423339844,540.113037109375,0.9687190651893616
2144,543,19861,126.07875061035156,866.4774169921875,221.7333221435547,166.8453369140625,0.9634703993797302
2145,545,3483,175.6936492919922,274.0210876464844,260.5394897460937,221.08078002929688,0.9758411049842834
2146,545,27777,640.81982421875,293.4514465332031,175.970703125,198.9530029296875,0.9683826565742492
2147,545,22347,661.8463745117188,862.8533935546875,216.47552490234372,207.538818359375,0.968204140663147
2148,545,29667,127.26558685302734,879.7045288085938,229.9463806152344,227.33343505859372,0.9677565693855286
2149,546,3483,534.8644409179688,777.4703369140625,266.90460205078125,227.74755859375,0.976389706134796
2150,546,27777,142.42335510253906,773.4525146484375,180.59336853027344,205.33203125,0.9724099040031432
2151,546,22347,106.81417846679688,199.94505310058597,201.46255493164065,195.5801544189453,0.9678907990455629
2152,546,29667,599.0018310546875,160.96441650390625,221.101806640625,212.64324951171875,0.958740770816803
2153,547,36637,632.8057861328125,212.3556671142578,183.407470703125,248.2084808349609,0.9836671352386476
2154,547,3483,650.634765625,749.9437866210938,210.454345703125,266.51300048828125,0.9815388321876526
2155,547,20877,116.33184814453124,769.2094116210938,329.40191650390625,229.89202880859372,0.979380190372467
2156,547,22347,119.98946380615234,241.68467712402344,207.48333740234372,198.0556488037109,0.9655012488365172
2157,548,3483,142.90370178222656,289.1712646484375,210.14442443847656,258.0299072265625,0.982045829296112
2158,548,36637,167.90078735351562,798.9028930664062,187.318115234375,256.4003295898437,0.980643630027771
2159,548,20877,545.6566162109375,293.5636291503906,324.17999267578125,236.03298950195312,0.9804354906082152
2160,548,22347,664.6956176757812,830.0562744140625,213.19244384765625,208.5245361328125,0.970877170562744
2161,55,3351,422.2373962402344,846.6491088867188,191.0912170410156,191.86920166015625,0.9594792127609252
2162,55,20014,49.29409790039063,284.4816589355469,344.9066467285156,323.4048767089844,0.956259310245514
2163,55,16688,417.0710144042969,169.62680053710938,532.8126220703125,456.5040588378906,0.9043837785720824
2164,551,3483,129.9044647216797,289.2866516113281,277.0517578125,174.20037841796875,0.9756900072097778
2165,551,30308,535.5386352539062,683.21435546875,388.2908935546875,434.5440673828125,0.9738981127738952
2166,551,20238,132.34347534179688,872.0260620117188,231.43307495117188,224.21258544921875,0.9674468636512756
2167,551,27653,670.311767578125,252.98475646972656,219.3974609375,202.32774353027344,0.9525146484375
2168,552,30308,75.27520751953125,144.61495971679688,382.3223876953125,427.1405334472656,0.975162386894226
2169,552,20238,620.6761474609375,177.53221130371094,226.62811279296875,213.9685821533203,0.9733553528785706
2170,552,3483,588.522705078125,845.7938842773438,283.4652709960937,165.50274658203125,0.9697004556655884
2171,552,27653,96.49415588378906,852.4039916992188,222.5121612548828,206.78558349609372,0.95708829164505
2172,553,16232,601.1232299804688,213.60459899902344,186.34503173828125,181.4241485595703,0.9774073362350464
2173,553,25469,12.86327838897705,812.2743530273438,381.95989990234375,221.84820556640625,0.9761148691177368
2174,553,34597,13.86363124847412,72.66252136230469,410.8400268554688,447.1226196289063,0.9731022119522096
2175,553,3483,574.8988037109375,810.7251586914062,281.14703369140625,194.89422607421875,0.9715858101844788
2176,555,25469,48.40114212036133,855.3865356445312,372.8607482910156,222.38116455078125,0.9786091446876526
2177,555,16232,628.2078857421875,220.88162231445312,191.79827880859372,187.7105712890625,0.9782161116600036
2178,555,34597,27.691707611083984,100.23912048339844,419.6203308105469,446.919677734375,0.9776671528816224
2179,555,3483,603.2054443359375,842.6624755859375,276.72222900390625,190.4796142578125,0.972481369972229
2180,56,20014,546.6234741210938,620.01123046875,349.8012084960937,343.4410400390625,0.9678446650505066
2181,56,3351,325.4320373535156,192.26255798339844,184.853759765625,188.6632537841797,0.966034173965454
2182,56,16688,0.0,551.2744750976562,509.1845703125,496.6408081054688,0.9136219620704652
2183,560,3483,599.2723999023438,867.6776733398438,260.4532470703125,228.55133056640625,0.972652792930603
2184,560,30308,112.4602279663086,78.1579360961914,278.20172119140625,472.7126770019531,0.9708560705184937
2185,560,19861,126.03372955322266,865.653564453125,221.45233154296875,167.5311279296875,0.96402245759964
2186,560,35206,580.3182373046875,96.3709487915039,291.92315673828125,378.3519287109375,0.9459640979766846
2187,564,1900,153.52723693847656,255.1544647216797,195.0715484619141,162.0646209716797,0.9829567670822144
2188,564,16551,589.3447265625,109.35424041748048,297.0167236328125,476.4118041992188,0.9714121222496032
2189,564,21771,160.05291748046875,804.3063354492188,190.8169860839844,185.430908203125,0.9652724862098694
2190,564,33009,551.3815307617188,838.1810302734375,368.6385498046875,198.6812744140625,0.9471330642700196
2191,565,2483,622.6683959960938,67.80171966552734,225.546875,467.1493225097656,0.9596315026283264
2192,565,5094,108.54098510742188,807.3895263671875,282.706787109375,292.282958984375,0.9491336941719056
2193,565,12081,649.3843994140625,701.2334594726562,245.001708984375,463.65142822265625,0.9484809041023254
2194,565,12778,14.524694442749023,166.15708923339844,419.4521484375,429.37890625,0.9315195083618164
2195,569,2483,88.05689239501953,667.0648193359375,256.629150390625,477.126708984375,0.9792529940605164
2196,569,12778,537.409912109375,571.7947387695312,296.0391845703125,525.8806762695312,0.9675468802452089
2197,569,12081,110.4849090576172,109.72399139404295,223.87815856933597,428.8571166992188,0.9620882272720336
2198,569,3743,491.3951416015625,163.2473602294922,320.69482421875,305.160400390625,0.9471019506454468
2199,571,16551,538.3023681640625,55.59133529663086,303.9188232421875,451.6545715332031,0.97239750623703
2200,571,1900,576.68603515625,865.2767944335938,216.82763671875,145.03411865234375,0.971123218536377
2201,571,24850,119.19208526611328,135.6782989501953,190.0478515625,286.38067626953125,0.9671638011932372
2202,571,21026,90.96241760253906,831.7711791992188,182.9518585205078,179.7022705078125,0.961746633052826
2203,572,21026,687.6851196289062,276.935791015625,176.52130126953125,171.05322265625,0.9764133095741272
2204,572,16551,95.99266815185548,709.6030883789062,330.083251953125,483.7349243164063,0.9738709926605223
2205,572,1900,189.21788024902344,274.72003173828125,200.86534118652344,137.55081176757812,0.9731877446174622
2206,572,24850,668.9495239257812,829.1211547851562,192.99322509765625,300.88787841796875,0.9608626961708068
2207,573,16551,564.3775634765625,64.2652816772461,314.6138916015625,466.9249572753906,0.977319598197937
2208,573,1900,608.0394897460938,900.42578125,209.03253173828125,135.8375244140625,0.9764611721038818
2209,573,21026,123.4369125366211,866.4803466796875,183.62936401367188,172.528564453125,0.9585935473442078
2210,573,24850,138.9930419921875,141.13157653808594,184.09829711914065,297.6656494140625,0.9581987261772156
2211,574,22627,92.21305847167967,178.58738708496094,318.7281494140625,483.81103515625,0.9826313853263856
2212,574,2483,670.6251220703125,82.62681579589844,206.09149169921875,483.1080322265625,0.9681803584098816
2213,574,13395,628.9760131835938,671.5016479492188,228.253173828125,510.5667114257813,0.96742981672287
2214,574,3743,114.2740707397461,830.1793212890625,322.0814514160156,320.798095703125,0.9657143354415894
2215,575,22627,534.2268676757812,545.04541015625,309.1480712890625,482.440673828125,0.9766783118247986
2216,575,3743,494.4046325683594,127.42879486083984,314.8829040527344,303.8666381835937,0.9631363153457642
2217,575,13395,84.79828643798828,78.6977767944336,227.12692260742188,489.7358703613281,0.957895040512085
2218,575,2483,60.30018997192383,647.9606323242188,205.20362854003903,484.45843505859375,0.957817316055298
2219,576,22627,97.91586303710938,205.9803924560547,308.87213134765625,483.8267822265625,0.978796362876892
2220,576,2483,659.4893798828125,111.1615982055664,215.62103271484372,476.5659484863281,0.9647713899612428
2221,576,3743,114.7887725830078,838.296142578125,331.22998046875,331.5792236328125,0.9602234363555908
2222,576,13395,637.704833984375,674.1826782226562,235.45733642578125,517.5184936523438,0.945451557636261
2223,577,19607,139.31788635253906,786.3203125,160.59449768066406,157.4757080078125,0.9904766082763672
2224,577,1900,132.76515197753906,247.3110198974609,195.20909118652344,154.7928009033203,0.9841133952140808
2225,577,16551,539.43408203125,73.34584045410156,350.08905029296875,418.4806518554688,0.974908173084259
2226,577,33009,518.8734130859375,793.0890502929688,376.62835693359375,206.58465576171875,0.9624614715576172
2227,578,19607,661.1034545898438,335.9322814941406,162.1260986328125,148.36331176757812,0.9894821643829346
2228,578,1900,640.6756591796875,859.3671264648438,207.13897705078125,165.53155517578125,0.979909598827362
2229,578,16551,51.41320037841797,724.3878173828125,380.678466796875,452.0689697265625,0.9740288257598876
2230,578,33009,88.44804382324219,251.7105865478516,365.0950317382813,213.0714569091797,0.9425065517425536
2231,579,19607,172.18199157714844,820.3699340820312,156.66770935058594,156.817626953125,0.9843230843544006
2232,579,1900,152.74928283691406,256.16912841796875,198.8999481201172,156.05877685546875,0.9829320907592772
2233,579,16551,562.4215698242188,83.66383361816406,368.3032836914063,433.8722534179688,0.9752044081687928
2234,579,33009,551.809814453125,838.9501342773438,367.26959228515625,197.98150634765625,0.9477697014808656
2235,58,3483,573.966796875,836.040771484375,259.1043701171875,232.9754638671875,0.9750156998634338
2236,58,19861,92.61241912841795,827.4036865234375,225.01791381835935,175.89459228515625,0.96271950006485
2237,58,34597,38.20752334594727,47.40690612792969,391.0344848632813,471.7785034179688,0.9541659355163574
2238,58,35206,549.9335327148438,92.13106536865234,284.5032958984375,369.4039306640625,0.944446325302124
2239,581,1900,644.0372924804688,852.8291625976562,205.36492919921875,173.22698974609375,0.9818411469459534
2240,581,16548,101.46900939941406,907.8665161132812,245.4089508056641,235.73040771484372,0.9801318049430848
2241,581,24850,643.3934326171875,205.95086669921875,182.3441162109375,275.7441711425781,0.9435574412345886
2242,581,33009,86.80101776123047,254.672607421875,366.3648986816406,209.2684326171875,0.9391155242919922
2243,583,19552,466.7729797363281,634.0902099609375,332.6746520996094,488.6832275390625,0.9698173999786376
2244,583,5094,547.001220703125,185.0157623291016,270.56793212890625,268.6029052734375,0.9611251354217528
2245,583,2483,63.32538604736328,691.1444091796875,258.3608703613281,472.919921875,0.9572901129722596
2246,583,5886,111.24624633789062,93.21772003173828,235.7891845703125,464.55615234375,0.950620174407959
2247,584,19552,144.06800842285156,121.55201721191406,326.2001342773437,476.7039794921875,0.9754005670547484
2248,584,2483,611.0172729492188,83.74700164794922,257.07781982421875,463.46484375,0.9612154364585876
2249,584,5094,108.83209991455078,816.2227172851562,283.70367431640625,286.28619384765625,0.9411558508872986
2250,584,5886,604.976806640625,680.9633178710938,239.8482666015625,505.22467041015625,0.9112665057182312
2251,586,36637,645.2837524414062,169.7976837158203,172.3857421875,246.52854919433597,0.979882001876831
2252,586,3483,575.4912109375,812.0137939453125,278.98358154296875,192.702880859375,0.9745527505874634
2253,586,28763,146.2691650390625,198.5780792236328,206.4068298339844,199.82981872558597,0.9730064868927002
2254,586,25469,50.33578109741211,789.9841918945312,347.09136962890625,299.88775634765625,0.9630686044692992
2255,587,28763,613.8011474609375,857.9572143554688,224.74713134765625,212.71820068359372,0.9857193827629088
2256,587,36637,130.62310791015625,829.9861450195312,181.2440185546875,261.6127319335937,0.9824454188346864
2257,587,3483,125.87943267822266,270.57781982421875,270.33514404296875,190.5228271484375,0.9735185503959656
2258,587,25469,573.017333984375,186.7791748046875,334.3890380859375,288.722412109375,0.9670288562774658
2259,588,28763,164.73373413085938,204.88064575195312,211.75228881835935,204.11907958984372,0.9805495142936708
2260,588,3483,602.71435546875,843.854248046875,277.46795654296875,191.133056640625,0.9732189178466796
2261,588,36637,675.4403076171875,173.39048767089844,174.54864501953125,252.3240203857422,0.9725546836853028
2262,588,25469,81.50267028808594,829.86669921875,347.6469116210937,299.8819580078125,0.9684585928916932
2263,589,25367,23.84158515930176,110.50928497314452,346.91229248046875,498.5335693359375,0.9882165789604188
2264,589,16262,637.531982421875,178.8763885498047,246.29632568359372,227.8016815185547,0.9784377813339232
2265,589,3483,599.51513671875,868.3875122070312,260.2939453125,228.01385498046875,0.9722819924354552
2266,589,19861,126.52056121826172,866.2346801757812,221.19635009765625,166.80352783203125,0.9638035893440248
2267,591,16262,102.89927673339844,851.5191650390625,244.3036651611328,242.5606689453125,0.9819802045822144
2268,591,25367,625.4251708984375,652.427734375,345.61114501953125,502.1448974609375,0.9816932678222656
2269,591,3483,150.6640167236328,219.0264129638672,246.86741638183597,222.0597686767578,0.972969889640808
2270,591,19861,638.6558227539062,277.9829406738281,220.88818359375,171.50027465820312,0.9533286094665528
2271,592,28763,649.3539428710938,898.275634765625,224.19451904296875,219.3544921875,0.9833500385284424
2272,592,3483,152.8390655517578,218.0823974609375,246.2819366455078,220.983154296875,0.9732263684272766
2273,592,29667,116.42375946044922,844.659423828125,230.44537353515625,225.8311767578125,0.960757613182068
2274,592,19861,640.1741943359375,277.5709228515625,221.50799560546875,172.17977905273438,0.9501725435256958
2275,593,3483,571.5845947265625,837.0563354492188,259.63232421875,232.65399169921875,0.9746381044387816
2276,593,28763,113.49374389648438,162.97821044921875,207.20538330078125,194.04998779296875,0.9694563746452332
2277,593,19861,90.50355529785156,827.6727294921875,225.3650665283203,175.15386962890625,0.963849663734436
2278,593,29667,608.56396484375,192.3130645751953,221.55804443359372,217.1129608154297,0.9614315032958984
2279,594,28763,129.43821716308594,163.71238708496094,214.37046813964844,202.8682098388672,0.9831418991088868
2280,594,3483,598.6915283203125,866.638671875,260.20086669921875,233.88916015625,0.9721533060073853
2281,594,29667,636.8411865234375,202.71458435058597,226.14727783203125,211.0731658935547,0.9658675789833068
2282,594,19861,124.4819564819336,864.8883666992188,222.06204223632807,167.90106201171875,0.9628875255584716
2283,595,3351,399.3070068359375,864.1876220703125,187.84442138671875,195.154052734375,0.95966374874115
2284,595,16232,648.4804077148438,284.82427978515625,193.180419921875,196.4156494140625,0.9560827612876892
2285,595,32310,113.8697280883789,218.3843231201172,250.08474731445312,338.078369140625,0.8658406734466553
2286,596,3351,350.6240234375,163.877197265625,180.8614501953125,183.25799560546875,0.9764683246612548
2287,596,16232,81.40399169921875,734.0384521484375,194.80191040039065,197.7996826171875,0.9620987176895142
2288,596,32310,575.8842163085938,621.5753784179688,262.64434814453125,360.8351440429688,0.898848295211792
2289,598,36637,172.75225830078125,335.51715087890625,181.677490234375,249.89208984375,0.9732583165168762
2290,598,3351,404.0556945800781,875.3720703125,188.0420837402344,189.26025390625,0.962385356426239
2291,598,33880,550.239990234375,190.8300628662109,298.34478759765625,433.6934814453125,0.9563032388687134
2292,60,3483,150.97604370117188,218.8076019287109,246.54037475585935,222.0699920654297,0.972806751728058
2293,60,34597,542.088134765625,690.9095458984375,410.6255493164063,485.408447265625,0.9610608220100404
2294,60,35206,107.09336853027344,771.94482421875,300.45184326171875,395.63525390625,0.9534832239151
2295,60,19861,638.5667114257812,278.10308837890625,221.064697265625,171.16726684570312,0.953192412853241
2296,600,36637,623.7607421875,721.6097412109375,181.57269287109372,257.46063232421875,0.9771047234535216
2297,600,3351,386.9884948730469,225.29872131347656,184.98483276367188,183.8551483154297,0.9718182682991028
2298,600,33880,113.88786315917967,684.3294067382812,315.5765991210937,442.0632934570313,0.9680267572402954
2299,601,16262,152.23587036132812,803.7460327148438,248.65744018554688,239.57220458984372,0.983311414718628
2300,601,31885,499.7234497070313,640.4414672851562,451.32421875,476.46783447265625,0.9801534414291382
2301,601,3483,122.19041442871094,306.0085754394531,272.7835693359375,201.45980834960935,0.9773666262626648
2302,601,27733,563.1342163085938,260.7657165527344,303.2103271484375,267.2830505371094,0.9712257385253906
2303,602,16262,561.3670654296875,216.34368896484372,239.92449951171875,230.48699951171875,0.9818062782287598
2304,602,31885,42.254432678222656,110.90850830078124,436.15863037109375,469.14202880859375,0.9813998937606812
2305,602,3483,576.2835693359375,759.6453247070312,277.50445556640625,209.6204833984375,0.974664270877838
2306,602,27733,85.02154541015625,725.115234375,323.19757080078125,284.5645751953125,0.964057445526123
2307,603,31885,47.92610549926758,140.81118774414062,451.7579040527344,469.8121643066406,0.975128710269928
2308,603,16262,589.1140747070312,227.45655822753903,244.4698486328125,229.21995544433597,0.972569227218628
2309,603,3483,609.4714965820312,788.494873046875,271.4896240234375,214.3271484375,0.9720817804336548
2310,603,27733,124.7166976928711,770.1595458984375,312.1820373535156,272.6734619140625,0.9702925682067872
2311,605,36637,644.29150390625,208.59385681152344,189.6846923828125,250.0408172607422,0.9803604483604432
2312,605,28763,147.3007354736328,250.774658203125,211.2009429931641,198.614013671875,0.9724075794219972
2313,605,3483,588.2205200195312,845.7619018554688,284.1962280273437,165.4803466796875,0.9703471064567566
2314,605,27653,95.48764038085938,852.1912231445312,222.00714111328125,207.52581787109372,0.9544003009796144
2315,608,29667,586.86767578125,722.9381103515625,233.8858642578125,232.32232666015625,0.9705345034599304
2316,608,3351,338.3131408691406,192.1280059814453,186.44778442382807,188.8441925048828,0.9679049849510192
2317,608,33880,54.80746078491211,597.27099609375,309.8463439941406,462.9945068359375,0.9630302786827089
2318,610,16232,621.6163940429688,221.55972290039065,184.38543701171875,183.4871826171875,0.9795334339141846
2319,610,34597,0.0,101.32337951660156,390.8079833984375,451.93072509765625,0.9732382297515868
2320,610,3483,557.6627197265625,812.3330688476562,289.5023803710937,173.65765380859375,0.971573770046234
2321,610,27653,60.7852783203125,809.78759765625,225.47845458984372,211.94696044921875,0.951896071434021
2322,611,16232,141.88072204589844,846.4163818359375,196.6215057373047,191.457275390625,0.9794803857803344
2323,611,3483,131.73793029785156,288.7322692871094,277.4176025390625,174.48895263671875,0.975602388381958
2324,611,34597,584.6608276367188,655.5316162109375,391.3391723632813,464.5958251953125,0.9732004404067992
2325,611,27653,671.549560546875,253.6253204345703,219.39703369140625,202.3027801513672,0.955562710762024
2326,612,16232,647.9749755859375,229.54151916503903,191.61163330078125,183.2934112548828,0.9765688180923462
2327,612,34597,0.8763723969459534,135.8109588623047,410.8789367675781,447.0784301757813,0.9740849137306212
2328,612,3483,586.5346069335938,845.6695556640625,283.33306884765625,165.99603271484375,0.968000054359436
2329,612,27653,94.3660888671875,850.2587280273438,222.9268493652344,208.74627685546875,0.9554002285003662
2330,614,22074,634.7138061523438,727.512939453125,187.21893310546875,193.65814208984372,0.9816886186599731
2331,614,3351,346.4306030273437,155.33358764648438,184.99871826171875,186.6136779785156,0.9693499207496644
2332,614,19232,163.16879272460938,657.2545776367188,239.25265502929688,353.14410400390625,0.950417459011078
2333,615,22074,672.59130859375,821.4004516601562,184.81182861328125,188.30816650390625,0.9773241877555848
2334,615,3351,389.57366943359375,212.7914276123047,183.6898193359375,182.3288116455078,0.9629071354866028
2335,615,19232,212.40402221679688,756.8837890625,234.32623291015625,357.067138671875,0.9579010605812072
2336,616,28763,631.1641845703125,883.8941040039062,222.91326904296875,220.24468994140625,0.9855206608772278
2337,616,16232,143.9202423095703,900.6327514648438,195.54942321777344,191.00018310546875,0.9746614694595336
2338,616,3483,150.7659149169922,218.6641082763672,246.7605133056641,221.4855194091797,0.9729106426239014
2339,616,19861,638.547607421875,278.4055480957031,220.68194580078125,170.40133666992188,0.95528382062912
2340,617,28763,151.92965698242188,173.98460388183594,210.79666137695312,208.8057403564453,0.9835326671600342
2341,617,16232,645.1934204101562,173.6693115234375,190.43603515625,188.79278564453125,0.9815959334373474
2342,617,3483,599.999755859375,866.905517578125,260.3699951171875,229.8302001953125,0.972746729850769
2343,617,19861,126.25798034667967,866.0504150390625,221.46495056152344,167.6875,0.9637205004692078
2344,618,16232,617.4324340820312,171.2972412109375,188.23046875,182.78009033203125,0.98143208026886
2345,618,28763,132.03109741210938,171.33285522460938,204.70950317382807,200.8472595214844,0.9791658520698548
2346,618,3483,573.8232421875,835.9881591796875,259.76666259765625,232.870361328125,0.9750505089759828
2347,618,19861,92.24626159667967,827.525390625,225.68638610839844,175.87091064453125,0.9624134302139282
2348,62,3351,325.16143798828125,156.68804931640625,185.493896484375,188.48883056640625,0.973909080028534
2349,62,36637,541.6407470703125,650.6193237304688,204.202880859375,250.24176025390625,0.9715851545333862
2350,62,18147,88.69486236572266,546.184326171875,282.0260925292969,424.5084228515625,0.9672265648841858
2351,620,2483,82.07232666015625,641.8235473632812,204.71405029296875,491.10296630859375,0.9636269807815552
2352,620,23223,552.6615600585938,650.54248046875,287.4439697265625,503.7305908203125,0.9617127776145936
2353,620,5094,522.5508422851562,155.35372924804688,261.8175048828125,256.7269592285156,0.9569488763809204
2354,620,22362,83.73077392578125,79.70435333251953,247.84683227539065,389.7283020019531,0.9396572709083556
2355,621,23223,91.88492584228516,59.101898193359375,297.6625671386719,504.8891296386719,0.9742218255996704
2356,621,2483,650.2393798828125,88.97389221191406,197.25518798828125,480.3521728515625,0.964984118938446
2357,621,5094,134.20806884765625,847.5771484375,280.0547790527344,276.3798828125,0.9569244384765624
2358,621,22362,603.093017578125,774.774169921875,263.85418701171875,423.9425048828125,0.9472655653953552
2359,622,22074,612.258056640625,287.7749938964844,188.0311279296875,189.9468994140625,0.9609933495521544
2360,622,3351,394.3274536132813,888.6992797851562,192.299560546875,194.08843994140625,0.9544498324394226
2361,622,41768,121.77832794189452,290.6156005859375,270.05145263671875,295.469482421875,0.9485220909118652
2362,623,22074,125.55619049072266,746.2483520507812,189.53421020507807,191.549072265625,0.9738086462020874
2363,623,3351,349.7554931640625,146.75865173339844,186.57061767578125,192.3257293701172,0.9641056656837464
2364,623,41768,559.0301513671875,630.1724243164062,263.03375244140625,302.99969482421875,0.9491214752197266
2365,624,22074,168.50054931640625,837.4675903320312,186.638427734375,186.205322265625,0.9777787327766418
2366,624,3351,392.013671875,208.29049682617188,187.45965576171875,183.87152099609372,0.97085839509964
2367,624,41768,597.6178588867188,716.7124633789062,260.53289794921875,312.2328491210937,0.9565538167953492
2368,625,16262,152.1426544189453,803.9911499023438,248.1044769287109,239.10968017578125,0.9832844138145448
2369,625,3483,121.37332916259766,306.6853942871094,273.7816162109375,200.18453979492188,0.977065086364746
2370,625,30308,496.1167602539063,694.8914184570312,420.6647338867188,405.3776245117188,0.9757512807846068
2371,625,27733,564.2725830078125,262.0082397460937,302.9823608398437,267.2646484375,0.9714801907539368
2372,627,16262,560.9176025390625,215.9852752685547,240.41192626953125,231.0603179931641,0.9811604619026184
2373,627,30308,75.05197143554688,142.15948486328125,401.4175415039063,382.580078125,0.9764080047607422
2374,627,3483,577.5670776367188,759.1226196289062,277.108642578125,209.41998291015625,0.9711629152297974
2375,627,27733,84.97139739990234,725.2659301757812,323.1836242675781,284.3782958984375,0.9645172357559204
2376,628,16232,141.69027709960938,892.4216918945312,196.10595703125,193.09698486328125,0.9790560603141784
2377,628,3483,120.32884216308594,306.9317932128906,275.4869384765625,199.35140991210935,0.9765119552612304
2378,628,27733,564.8035278320312,261.00079345703125,302.82049560546875,267.54083251953125,0.9719601273536682
2379,628,22347,676.910888671875,849.8018798828125,215.34844970703125,207.9844970703125,0.9693648219108582
2380,632,23223,503.29925537109375,608.7664794921875,295.96368408203125,502.6119384765625,0.9678622484207152
2381,632,25438,548.6437377929688,180.11795043945312,248.30438232421875,251.647705078125,0.9675650596618652
2382,632,2483,63.69581985473633,665.8341064453125,214.5120391845703,484.931640625,0.9614084362983704
2383,632,5886,112.9214096069336,90.7685546875,234.50912475585935,473.31884765625,0.9478267431259156
2384,633,23223,137.18113708496094,126.8256378173828,297.56353759765625,501.48675537109375,0.9804707765579224
2385,633,25438,128.72552490234375,844.7554931640625,260.8348388671875,272.178466796875,0.971914768218994
2386,633,2483,657.6112670898438,94.81639862060548,197.50140380859372,471.859619140625,0.9691325426101683
2387,633,5886,600.36181640625,677.2288208007812,239.97247314453125,505.9817504882813,0.9253923892974854
2388,635,16548,70.69248962402344,754.128173828125,237.54139709472656,229.995361328125,0.9729083180427552
2389,635,3544,181.8949737548828,198.94993591308597,201.8997039794922,195.8786163330078,0.958419382572174
2390,635,4543,609.99169921875,151.20730590820312,205.17218017578125,204.2822265625,0.9414250254631042
2391,635,33878,618.1868286132812,790.6339111328125,171.8724365234375,219.9356689453125,0.8872462511062622
2392,636,3544,583.45849609375,856.7218627929688,215.06951904296875,216.86126708984372,0.976617395877838
2393,636,16548,651.6321411132812,279.5308837890625,232.6390380859375,224.07492065429688,0.9737417697906494
2394,636,4543,129.3798370361328,902.0516967773438,216.9822235107422,212.90557861328125,0.962015986442566
2395,636,33878,197.31036376953125,254.4932861328125,157.789306640625,218.68264770507807,0.8734500408172607
2396,637,2483,603.3993530273438,103.40478515625,278.9052124023437,458.58001708984375,0.9594053626060486
2397,637,3743,68.51516723632812,811.88232421875,334.82476806640625,331.3922119140625,0.9551634192466736
2398,637,5886,616.7422485351562,694.1563110351562,234.0064697265625,511.8982543945313,0.9250261783599854
2399,637,6192,54.09165191650391,184.8119964599609,490.9541931152344,351.364990234375,0.4922258853912353
2400,638,2483,612.7529296875,78.5053482055664,274.1971435546875,455.9513854980469,0.9632115960121156
2401,638,5886,601.5062255859375,698.7730712890625,241.4364013671875,494.58203125,0.9531795382499696
2402,638,3743,72.9832763671875,802.3846435546875,320.6868591308594,321.3814697265625,0.9475736618041992
2403,638,6192,50.61479187011719,159.20413208007812,486.35357666015625,348.9029846191406,0.5673355460166931
2404,64,29667,152.75901794433594,275.6192321777344,229.10606384277344,225.66140747070312,0.9722955226898192
2405,64,20014,592.1875610351562,269.3605041503906,340.41729736328125,319.3102722167969,0.9675840139389038
2406,64,3351,396.8404541015625,884.8379516601562,189.75640869140625,194.52435302734372,0.9572854042053224
2407,640,3832,487.72308349609375,289.8432312011719,400.2951049804688,334.3544616699219,0.961505115032196
2408,640,3351,407.1819458007813,916.3544311523438,189.05230712890625,196.58673095703125,0.9556505680084229
2409,640,20238,96.9449691772461,300.675537109375,225.20919799804688,220.9300537109375,0.955063819885254
2410,641,3351,342.52069091796875,124.81341552734376,184.39776611328125,186.92239379882807,0.9745283126831056
2411,641,20238,617.6399536132812,710.3576049804688,235.17266845703125,226.7098388671875,0.95908123254776
2412,641,3832,43.005950927734375,585.1204223632812,403.3233642578125,341.0234375,0.9539925456047058
2413,644,3743,481.2460021972656,120.43887329101562,318.5387268066406,302.4389343261719,0.9687276482582092
2414,644,13395,74.3513412475586,88.43163299560547,226.30636596679688,482.3735961914063,0.9665988683700562
2415,644,2483,60.44456481933594,648.7977905273438,209.3449249267578,488.35443115234375,0.961786448955536
2416,644,6192,503.0190734863281,613.5032958984375,278.6466979980469,534.43310546875,0.9560789465904236
2417,646,36637,129.65948486328125,826.5404052734375,196.240234375,254.9384765625,0.9827660322189332
2418,646,34597,393.7919921875,630.4772338867188,463.7013549804688,441.18951416015625,0.9772198796272278
2419,646,3483,172.9796600341797,275.4953308105469,261.17022705078125,219.94943237304688,0.9771708250045776
2420,646,27777,637.0174560546875,295.93511962890625,176.30059814453125,194.49468994140625,0.9649097323417664
2421,647,3483,566.7583618164062,813.2913208007812,263.68634033203125,219.68365478515625,0.9744417071342468
2422,647,36637,664.079345703125,182.23670959472656,188.38653564453125,249.1049041748047,0.9722022414207458
2423,647,34597,151.90301513671875,191.9684295654297,450.8107299804688,413.1378784179688,0.9720507860183716
2424,647,27777,178.40028381347656,811.1036987304688,174.00279235839844,201.49090576171875,0.9674056172370912
2425,648,36637,635.4638671875,177.73995971679688,182.9700927734375,239.69061279296875,0.9840322136878968
2426,648,3483,536.7115478515625,776.579345703125,267.3095703125,228.37713623046875,0.976337432861328
2427,648,34597,127.47604370117188,153.71035766601562,438.0412902832031,423.7824401855469,0.9718751311302184
2428,648,27777,145.14303588867188,774.21923828125,180.68136596679688,205.80914306640625,0.9675793051719666
2429,65,3351,349.8873596191406,155.02651977539062,186.31411743164065,186.80963134765625,0.9693579077720642
2430,65,20014,0.0,632.5088500976562,338.2780456542969,345.24591064453125,0.9688367247581482
2431,65,29667,557.8270874023438,726.9402465820312,233.5269775390625,233.654052734375,0.9664444327354432
2432,650,36637,557.8519287109375,824.9627075195312,278.947998046875,164.805908203125,0.9730198979377748
2433,650,3351,369.20501708984375,174.99496459960938,180.355224609375,188.98394775390625,0.9656039476394652
2434,650,32310,0.0,706.3135986328125,309.54327392578125,310.42852783203125,0.9362842440605164
2435,652,31705,604.7650146484375,695.14501953125,247.8486328125,457.0040283203125,0.9839540719985962
2436,652,1900,123.16534423828124,258.75714111328125,200.80001831054688,148.081298828125,0.977413773536682
2437,652,16551,561.080810546875,67.43460845947266,291.43975830078125,464.9100036621094,0.9679062366485596
2438,652,24850,108.86943817138672,844.354736328125,305.8363647460937,165.3734130859375,0.9588345885276794
2439,653,16551,94.07268524169922,690.9979248046875,310.40948486328125,488.568603515625,0.979857623577118
2440,653,1900,645.349365234375,856.5172729492188,209.93096923828125,157.8963623046875,0.974801242351532
2441,653,31705,127.1092529296875,132.54611206054688,245.85855102539065,416.0923767089844,0.9727236032485962
2442,653,24850,545.073974609375,268.5134582519531,293.61236572265625,160.94741821289062,0.9711389541625975
2443,654,31705,628.409912109375,729.7252807617188,247.4765625,452.8536987304688,0.9868054389953612
2444,654,1900,141.9297332763672,269.10693359375,202.6021270751953,146.93563842773438,0.975753128528595
2445,654,16551,592.7610473632812,79.63477325439453,293.9937744140625,473.3587036132813,0.9727005958557128
2446,654,24850,145.7844696044922,881.6922607421875,300.7764892578125,162.9903564453125,0.9631077647209167
2447,656,6563,189.7229461669922,709.3169555664062,216.8444366455078,363.5211791992188,0.9846839308738708
2448,656,3544,150.6806640625,189.64794921875,208.02197265625,202.68386840820312,0.9714555740356444
2449,656,16551,536.949462890625,183.37808227539065,419.07952880859375,385.5108947753906,0.9705068469047546
2450,656,33878,629.4358520507812,849.4186401367188,223.47210693359372,139.0421142578125,0.8694448471069336
2451,658,1900,167.81674194335938,246.28582763671875,183.02947998046875,182.02200317382807,0.9801439642906188
2452,658,16551,630.8898315429688,13.791892051696776,290.01348876953125,490.4638977050781,0.9735583662986756
2453,658,29451,496.9869995117188,821.7427978515625,394.517822265625,265.2484130859375,0.9674913883209229
2454,658,18110,77.59080505371094,790.1735229492188,310.41387939453125,290.22467041015625,0.9380951523780824
2455,659,1900,150.6618194580078,240.85784912109372,179.96897888183594,179.30984497070312,0.984888195991516
2456,659,29451,462.4245300292969,785.3580932617188,406.3395690917969,264.73370361328125,0.9800113439559937
2457,659,16551,601.1578979492188,12.415618896484377,282.0496826171875,461.85791015625,0.9657360315322876
2458,659,18110,43.22656631469727,744.2242431640625,312.30712890625,303.878662109375,0.9482642412185668
2459,66,29667,597.9891357421875,822.0390625,228.14910888671875,220.668212890625,0.9700255393981934
2460,66,20014,34.401485443115234,717.1708374023438,344.4277648925781,343.85137939453125,0.969375729560852
2461,66,3351,392.3831176757813,211.68069458007807,184.87823486328125,183.54574584960935,0.9634895324707032
2462,660,1900,642.843017578125,845.8235473632812,189.21881103515625,188.75506591796875,0.9815760850906372
2463,660,16551,62.325172424316406,741.8086547851562,293.601318359375,502.77288818359375,0.9777593612670898
2464,660,29451,122.032470703125,215.8022003173828,385.2295227050781,260.1542358398437,0.9556851983070374
2465,660,18110,610.7290649414062,226.62033081054688,299.181640625,287.3459777832031,0.9280382394790648
2466,661,3351,376.8212585449219,878.7024536132812,189.56838989257807,189.78363037109372,0.95743066072464
2467,661,16232,684.9044799804688,291.9869079589844,193.4398193359375,188.7832946777344,0.948650360107422
2468,661,31863,181.9714813232422,299.7640075683594,201.4895477294922,209.20758056640625,0.9464277029037476
2469,662,16232,42.91073989868164,745.631103515625,195.01600646972656,191.8648681640625,0.9780228734016418
2470,662,3351,369.6126403808594,161.30894470214844,183.75326538085935,188.7765045166016,0.9678836464881896
2471,662,31863,556.8782348632812,725.1852416992188,206.46087646484372,212.7828369140625,0.9461945295333862
2472,664,20877,543.1688842773438,293.1478271484375,328.90380859375,236.5284423828125,0.9809274673461914
2473,664,36637,167.3583984375,800.5736694335938,187.75405883789065,256.87615966796875,0.9805288910865784
2474,664,3483,142.90199279785156,291.66259765625,211.23133850097656,257.94171142578125,0.9763702750205994
2475,664,28763,628.949462890625,875.1863403320312,223.87030029296875,213.11773681640625,0.976209819316864
2476,665,20877,86.3336181640625,726.4486694335938,330.08233642578125,240.037109375,0.9832512736320496
2477,665,3483,628.0039672851562,715.8499755859375,205.98175048828125,272.6630859375,0.9788410663604736
2478,665,36637,603.19775390625,202.5631866455078,180.33306884765625,247.6861114501953,0.9727345705032348
2479,665,28763,131.7420196533203,184.16017150878903,209.9886016845703,200.2513885498047,0.9706233143806458
2480,667,25438,121.9532241821289,818.9979248046875,256.3173828125,255.624267578125,0.9723391532897948
2481,667,22627,19.522178649902344,146.9968719482422,502.4291687011719,272.81866455078125,0.9532510042190552
2482,667,2483,579.5466918945312,116.46974182128906,292.55535888671875,444.1242065429688,0.9483277797698976
2483,667,12081,646.6968383789062,714.0075073242188,242.7110595703125,442.7750854492188,0.9482452273368835
2484,668,25438,555.1239013671875,196.24560546875,248.73529052734372,251.66021728515625,0.9688764810562134
2485,668,2483,61.60801696777344,644.5050048828125,302.34130859375,456.877685546875,0.95901757478714
2486,668,12081,60.56157302856445,120.05084991455078,235.36509704589844,425.8773193359375,0.9541482329368592
2487,668,22627,434.04443359375,776.0947875976562,493.4976196289063,300.01885986328125,0.891929566860199
2488,670,3483,124.28840637207033,271.336669921875,271.278564453125,190.1880798339844,0.9736045598983764
2489,670,35206,132.3943634033203,728.5541381835938,248.02381896972656,411.3351440429688,0.9729129076004028
2490,670,22347,679.248291015625,847.5473022460938,220.14508056640625,205.86700439453125,0.968052864074707
2491,670,25469,571.89013671875,186.44061279296875,334.766845703125,289.5066833496094,0.9665427207946776
2492,672,35206,613.4974365234375,122.0542449951172,230.0645751953125,402.9466552734375,0.975714385509491
2493,672,3483,603.070068359375,843.0150146484375,276.9573974609375,190.8680419921875,0.9728220701217652
2494,672,22347,105.07484436035156,222.55735778808597,206.17454528808597,199.4456024169922,0.9673136472702026
2495,672,25469,83.4227294921875,828.7342529296875,347.9209899902344,302.4290771484375,0.9536762833595276
2496,674,16548,152.56723022460938,889.2367553710938,239.15475463867188,240.29461669921875,0.9718061089515686
2497,674,27926,601.5872192382812,160.7081756591797,256.69873046875,453.8448486328125,0.9713539481163024
2498,674,1900,630.9012451171875,894.1944580078125,212.663330078125,133.952392578125,0.968285322189331
2499,674,44199,130.8977813720703,293.0596618652344,294.7172241210937,152.18075561523438,0.905694842338562
2500,675,16548,563.3080444335938,134.70013427734375,232.37310791015625,225.3169860839844,0.976572334766388
2501,675,1900,141.81402587890625,241.45655822753903,196.6402282714844,127.78175354003906,0.9738898277282716
2502,675,27926,94.1669464111328,619.355712890625,277.88018798828125,474.382568359375,0.9685660004615784
2503,675,44199,552.6588745117188,835.8822631835938,288.7391357421875,145.35150146484375,0.930044412612915
2504,677,27926,570.3237915039062,627.7910766601562,258.6849975585937,494.6144409179688,0.9796080589294434
2505,677,1900,142.97628784179688,241.83924865722656,197.6109619140625,125.49501037597656,0.9763696789741516
2506,677,16551,612.0462646484375,15.776073455810549,302.6141967773437,451.7203979492188,0.9751555919647216
2507,677,18110,13.349465370178224,694.6077880859375,314.201416015625,298.403564453125,0.9379540681838988
2508,679,2483,612.2710571289062,87.64509582519531,213.9080810546875,474.5491333007813,0.9730029702186584
2509,679,22627,134.41134643554688,155.06695556640625,339.6835327148437,480.3654174804688,0.9566466808319092
2510,679,4378,597.92138671875,701.31591796875,221.7843017578125,470.0283203125,0.9536453485488892
2511,679,5094,103.28501892089844,811.9262084960938,286.7218017578125,285.20098876953125,0.950718343257904
2512,68,16232,153.2766571044922,829.3309936523438,190.9770965576172,192.08514404296875,0.9790935516357422
2513,68,3483,172.3079833984375,275.6690368652344,260.34002685546875,220.02182006835935,0.9776759147644044
2514,68,30308,509.6599731445313,767.43115234375,436.8919067382813,372.031982421875,0.9742523431777954
2515,68,27777,636.73876953125,292.99853515625,176.6322021484375,195.56781005859372,0.9662561416625975
2516,680,22627,473.2433166503906,604.3416748046875,339.1908264160156,471.579833984375,0.9644239544868468
2517,680,2483,83.59530639648438,678.0278930664062,236.40640258789065,475.50140380859375,0.9621815085411072
2518,680,5094,550.67041015625,193.8785400390625,269.2904663085937,262.9042663574219,0.9570785760879515
2519,680,4378,135.55284118652344,110.2745132446289,214.5659027099609,436.9937438964844,0.9536533951759338
2520,681,22627,129.7439727783203,133.36277770996094,340.6387939453125,467.3557739257813,0.9735429883003236
2521,681,2483,621.2139282226562,56.67927932739258,219.00927734375,479.2517395019531,0.9662323594093324
2522,681,5094,102.41697692871094,800.492431640625,281.908935546875,276.6707763671875,0.95514178276062
2523,681,4378,585.8964233398438,698.7900390625,218.67938232421875,464.64501953125,0.947414219379425
2524,684,29345,577.0365600585938,719.403076171875,324.1137084960937,421.835693359375,0.9845752716064452
2525,684,1900,182.93051147460935,268.2308044433594,129.713134765625,198.6898193359375,0.9807636737823486
2526,684,16551,530.425537109375,94.78718566894533,364.304931640625,427.5486450195313,0.9750655889511108
2527,684,18110,75.13004302978516,766.1905517578125,307.0293884277344,287.7039794921875,0.9417096972465516
2528,685,25438,116.99586486816406,819.6038818359375,254.7942047119141,253.0,0.9718545079231262
2529,685,2483,582.7182006835938,116.45220184326172,288.4556884765625,443.7124633789063,0.9530096054077148
2530,685,12081,641.758056640625,703.2207641601562,243.1483154296875,457.7932739257813,0.9524546265602112
2531,685,6192,92.00817108154295,22.60197639465332,300.88739013671875,519.2196655273438,0.9382555484771729
2532,688,34597,93.44752502441406,183.60423278808597,468.8377075195313,397.931640625,0.977429747581482
2533,688,3483,579.1248168945312,759.2990112304688,275.189208984375,209.1705322265625,0.9713942408561708
2534,688,20238,612.0489501953125,186.13975524902344,225.85906982421875,215.1845550537109,0.9709502458572388
2535,688,27733,84.44416046142578,725.2161254882812,323.6936340332031,284.37127685546875,0.9646292328834534
2536,692,3483,131.4155731201172,288.4619140625,276.83026123046875,174.79885864257812,0.9756292700767516
2537,692,35206,103.79794311523438,693.1179809570312,203.07876586914065,413.1378784179688,0.9736793637275696
2538,692,22347,658.3764038085938,834.5519409179688,213.42645263671875,210.44781494140625,0.9628558158874512
2539,692,27653,671.6126098632812,253.395751953125,219.288330078125,201.57003784179688,0.955998957157135
2540,694,35206,151.9163818359375,277.14013671875,259.0514831542969,392.7901611328125,0.9667011499404908
2541,694,3351,402.4031982421875,850.483642578125,189.85797119140625,189.9071044921875,0.962412178516388
2542,694,19232,498.739501953125,233.84678649902344,324.2050170898437,262.26251220703125,0.959273099899292
2543,697,38162,143.2915496826172,258.461181640625,221.23915100097656,268.95538330078125,0.9870489239692688
2544,697,3351,402.7594604492188,854.7423706054688,189.74053955078125,190.91790771484372,0.9625456929206848
2545,697,18357,603.9086303710938,208.012451171875,243.010986328125,331.8193359375,0.896660327911377
2546,698,38162,576.0130615234375,674.4869995117188,230.93145751953125,287.76007080078125,0.9788702726364136
2547,698,3351,346.303466796875,171.1822967529297,178.60491943359375,189.3303985595703,0.964647114276886
2548,698,18357,75.92891693115234,631.7147216796875,254.82916259765625,367.1329956054688,0.9183233380317688
2549,70,16551,46.882598876953125,707.7163696289062,299.9143371582031,500.7682495117188,0.975224494934082
2550,70,29451,43.85261154174805,235.0834045410156,404.7018737792969,225.118408203125,0.97344571352005
2551,70,1900,630.6434326171875,901.9395751953124,212.09429931640625,154.262939453125,0.9724166989326476
2552,70,24850,643.7298583984375,256.581787109375,192.539306640625,273.6724853515625,0.9651315808296204
2553,700,30308,76.4051284790039,127.09993743896484,385.5926818847656,401.3243713378906,0.9807209968566896
2554,700,16232,615.8312377929688,172.32867431640625,187.77960205078125,182.5843811035156,0.9778447151184082
2555,700,3483,573.9076538085938,835.3441772460938,259.803955078125,233.79095458984372,0.9744454026222228
2556,700,19861,92.3823699951172,827.437744140625,225.5402374267578,176.14068603515625,0.9626105427742004
2557,701,30308,89.27257537841797,144.85324096679688,390.9852294921875,408.3399963378906,0.977461278438568
2558,701,16232,645.5098266601562,175.5160369873047,190.05010986328125,187.00770568847656,0.976909637451172
2559,701,3483,599.1702880859375,867.798095703125,261.04736328125,228.7598876953125,0.9727158546447754
2560,701,19861,126.23851776123048,865.7725830078125,221.90606689453125,167.3626708984375,0.9627777934074402
2561,702,16232,144.17471313476562,900.6655883789062,195.49539184570312,191.52386474609372,0.9750100374221802
2562,702,3483,150.78305053710938,219.27761840820312,247.0997314453125,221.68637084960935,0.9728317856788636
2563,702,30308,510.4163208007813,697.3433837890625,401.8187255859375,415.8331298828125,0.9635507464408876
2564,702,19861,638.3790893554688,278.07928466796875,221.07318115234372,171.46023559570312,0.9539561867713928
2565,705,3483,593.7700805664062,871.3775634765625,256.955078125,229.880126953125,0.9785570502281188
2566,705,22347,122.05528259277344,200.4444274902344,208.74501037597656,196.5536193847656,0.9715288877487184
2567,705,29667,638.9451293945312,207.46424865722656,223.78973388671875,214.0554962158203,0.9601733088493348
2568,705,19861,119.39027404785156,863.836181640625,223.67567443847656,169.2457275390625,0.9462815523147584
2569,706,2483,607.3572998046875,82.37853240966797,259.79010009765625,465.96099853515625,0.9625335335731506
2570,706,12778,66.74261474609375,125.52000427246094,352.6604919433594,482.6638793945313,0.9621058106422424
2571,706,5094,109.3477020263672,818.4903564453125,282.45172119140625,282.4521484375,0.939628005027771
2572,706,5886,604.9944458007812,680.4473266601562,239.5565185546875,506.1975708007813,0.9152783155441284
2573,707,5094,546.9078979492188,184.95703125,270.4254150390625,268.6036376953125,0.960892617702484
2574,707,2483,64.91271209716797,690.1598510742188,257.7791442871094,473.1823120117188,0.959111750125885
2575,707,5886,111.13809204101562,92.8533706665039,236.50274658203125,465.1433410644531,0.9525799751281738
2576,707,12778,523.5271606445312,634.3646240234375,362.975341796875,491.3668212890625,0.9484564661979676
2577,708,2483,620.2177734375,50.390419006347656,249.21356201171875,476.5178527832031,0.9636961817741394
2578,708,12778,62.28538131713867,85.53311157226562,350.2850341796875,491.9324035644531,0.9607387781143188
2579,708,5094,105.169921875,806.829833984375,277.5357666015625,277.2606201171875,0.9525091648101808
2580,708,5886,594.951416015625,686.3568115234375,234.25634765625,492.6593017578125,0.9464325308799744
2581,710,16262,562.5059204101562,216.88308715820312,240.03631591796875,229.5146484375,0.9755176305770874
2582,710,3483,578.9176635742188,758.7554931640625,275.46990966796875,209.412841796875,0.973627269268036
2583,710,28763,158.33609008789062,232.20932006835935,209.87091064453125,203.19805908203125,0.9713096618652344
2584,710,27733,84.79597473144531,724.8328247070312,323.6493530273437,284.7227783203125,0.9645987749099731
2585,712,12778,111.02645111083984,113.17259216308594,283.473876953125,524.9888916015625,0.9765384793281556
2586,712,2483,624.9998779296875,106.74958038330078,223.33343505859372,461.49505615234375,0.964814066886902
2587,712,5094,133.679443359375,843.5755004882812,284.6387634277344,285.9481811523437,0.9491984844207764
2588,712,13395,639.3951416015625,676.8223876953125,240.0474853515625,512.4453125,0.9385048747062684
2589,713,13395,82.29340362548828,78.97359466552734,227.82034301757807,493.8926086425781,0.9662964344024658
2590,713,12778,546.83349609375,593.9296264648438,286.16314697265625,527.4138793945312,0.9648078680038452
2591,713,2483,80.1556396484375,656.7046508789062,216.81512451171875,496.9435424804688,0.9606624245643616
2592,713,5094,522.897705078125,160.24148559570312,266.944091796875,269.0406799316406,0.9528013467788696
2593,714,12778,108.6046905517578,81.66929626464844,285.14947509765625,528.4019775390625,0.974582850933075
2594,714,13395,630.9103393554688,673.9949340820312,230.77655029296875,506.8599243164063,0.9673739075660706
2595,714,2483,635.5252685546875,68.5240249633789,218.35577392578125,473.5884704589844,0.9618307948112488
2596,714,5094,130.7963104248047,835.4577026367188,280.640380859375,274.2528686523437,0.9519358277320862
2597,716,19552,99.2858428955078,139.23670959472656,319.7206420898437,491.3141479492188,0.9770522117614746
2598,716,2483,588.4763793945312,98.1928253173828,232.56817626953125,476.35357666015625,0.9661553502082824
2599,716,3743,116.18603515625,797.1923217773438,330.3913879394531,328.83160400390625,0.963396430015564
2600,716,12081,609.03125,713.0369873046875,242.0625,471.808837890625,0.9507392048835754
2601,717,2483,88.15677642822266,667.215576171875,256.63629150390625,477.387939453125,0.9788307547569276
2602,717,19552,521.1254272460938,606.588623046875,327.542724609375,490.83447265625,0.9721267223358154
2603,717,12081,110.7509307861328,109.85173797607422,223.2940216064453,428.1968383789063,0.961286723613739
2604,717,3743,491.5919189453125,163.48500061035156,320.3458251953125,305.0823974609375,0.9474586844444276
2605,719,31705,608.9722900390625,690.8019409179688,252.69110107421875,452.5359497070313,0.9818220138549804
2606,719,16548,551.201904296875,181.18524169921875,234.437255859375,228.547119140625,0.9764284491539
2607,719,1900,121.50078582763672,260.36151123046875,200.79568481445312,147.462158203125,0.9749886989593506
2608,719,21771,93.33351135253906,810.953857421875,194.1483917236328,192.46875,0.95429790019989
2609,72,29451,551.1292114257812,841.8495483398438,408.67034912109375,224.42547607421875,0.9838390350341796
2610,72,1900,152.9014892578125,224.7499542236328,208.6546630859375,151.0282440185547,0.9815806746482848
2611,72,16551,640.9707641601562,48.03203582763672,294.07781982421875,485.4373168945313,0.9732624292373656
2612,72,24850,152.7588348388672,770.3101196289062,194.50474548339844,289.01690673828125,0.9652336239814758
2613,720,31705,123.99542236328124,135.09519958496094,244.11627197265625,420.21099853515625,0.9828652143478394
2614,720,16548,164.64083862304688,841.6723022460938,242.5669860839844,237.58624267578125,0.9743167161941528
2615,720,21771,673.36865234375,287.7361145019531,188.0836181640625,178.26730346679688,0.9740926027297974
2616,720,1900,647.5170288085938,856.3558349609375,209.00555419921875,155.85333251953125,0.973259449005127
2617,721,31885,67.7053451538086,161.71267700195312,448.8096008300781,464.5603942871094,0.982176661491394
2618,721,3483,576.9560546875,759.3255004882812,277.7322998046875,208.65301513671875,0.9738498330116272
2619,721,27733,85.94646453857422,724.39599609375,323.4323425292969,285.3475341796875,0.9628964066505432
2620,721,35206,568.9741821289062,116.03536224365234,251.0565185546875,382.3666687011719,0.9526385068893432
2621,724,31705,572.2139892578125,674.5204467773438,255.98150634765625,454.9987182617188,0.9853647351264954
2622,724,16548,106.55269622802734,735.9071655273438,237.3173828125,232.106201171875,0.9763196706771852
2623,724,3544,135.05990600585938,177.0824737548828,200.1117248535156,199.6764068603516,0.9680731892585754
2624,724,10221,577.739013671875,165.85643005371094,219.8096923828125,213.3656463623047,0.953179657459259
2625,725,16548,617.1196899414062,300.9446716308594,234.8863525390625,225.03927612304688,0.9826714396476746
2626,725,31705,145.2966766357422,152.07699584960938,251.6276092529297,413.9497375488281,0.9824097156524658
2627,725,3544,635.9498901367188,884.0958862304688,216.00537109375,215.88995361328125,0.9646902680397034
2628,725,10221,148.48748779296875,873.46923828125,234.715576171875,226.2115478515625,0.9495805501937866
2629,726,31705,602.1854858398438,712.572265625,252.62481689453125,452.7353515625,0.9837571978569032
2630,726,16548,140.2052764892578,774.3098754882812,234.2333221435547,228.29705810546875,0.9753697514533995
2631,726,10221,608.9414672851562,171.1708984375,219.421875,216.46331787109372,0.9684228897094728
2632,726,3544,149.29725646972656,182.23635864257807,207.6218414306641,200.62969970703125,0.9646573066711426
2633,727,16232,601.3124389648438,213.593017578125,186.21337890625,181.8050537109375,0.9776133894920348
2634,727,25367,36.3347282409668,154.23239135742188,410.4690856933594,449.6807556152344,0.9775715470314026
2635,727,25469,13.71850299835205,812.3124389648438,380.3379211425781,221.32098388671875,0.9759766459465028
2636,727,3483,574.9638671875,810.4575805664062,280.0635986328125,195.6744384765625,0.9718384146690368
2637,728,16232,627.1304931640625,221.41429138183597,193.094970703125,187.3178253173828,0.9796559810638428
2638,728,25367,49.439414978027344,177.61624145507812,422.1768798828125,449.6205749511719,0.9794415235519408
2639,728,25469,47.88301086425781,854.9063110351562,373.7337036132813,222.71624755859372,0.9792852997779846
2640,728,3483,603.526611328125,842.58154296875,277.08966064453125,190.8033447265625,0.9729750156402588
2641,73,6563,162.780029296875,675.3235473632812,224.11508178710935,364.0905151367188,0.9834786653518676
2642,73,16551,518.3892822265625,72.62822723388672,353.64483642578125,418.46783447265625,0.9738250374794006
2643,73,3544,71.88050079345703,198.5733795166016,205.0052490234375,201.37892150878903,0.9636366963386536
2644,73,12247,590.2192993164062,848.6781005859375,211.90936279296875,127.99005126953124,0.9466885328292848
2645,731,16548,119.3280029296875,769.8079223632812,238.5611267089844,231.66259765625,0.9746853709220886
2646,731,3544,101.0419464111328,160.67794799804688,204.7707977294922,199.11795043945312,0.9645025134086608
2647,731,4543,607.8662719726562,141.03945922851562,207.44635009765625,195.92263793945312,0.9347469806671144
2648,731,29871,604.6323852539062,771.9107666015625,202.1771240234375,233.6195068359375,0.7307697534561157
2649,732,16548,606.626708984375,264.5352478027344,231.39178466796875,224.5287170410156,0.9791676998138428
2650,732,3544,667.8783569335938,897.55078125,214.434814453125,215.6123046875,0.9746110439300536
2651,732,4543,128.07266235351562,912.7498779296876,218.40167236328125,216.0111083984375,0.9540179967880248
2652,732,29871,166.57395935058594,277.0646667480469,205.5462188720703,208.338623046875,0.7373409867286682
2653,738,31705,140.2529754638672,641.932861328125,252.1435394287109,458.50830078125,0.980610966682434
2654,738,44199,605.6637573242188,769.8218994140625,169.867431640625,286.554443359375,0.97805255651474
2655,738,16551,584.791748046875,91.01089477539062,293.0072021484375,459.9808044433594,0.9740313291549684
2656,738,1900,87.39946746826172,260.3392639160156,200.8951110839844,126.8297119140625,0.9740266799926758
2657,740,1900,644.6658325195312,826.8485107421875,169.217529296875,201.9156494140625,0.9816470742225648
2658,740,19607,655.90869140625,271.98760986328125,158.06463623046875,152.14453125,0.978446364402771
2659,740,31705,133.72703552246094,127.75398254394533,242.1205291748047,420.0050659179688,0.9780747890472412
2660,740,16548,119.30833435058594,802.9463500976562,241.83946228027344,235.81805419921875,0.9726350903511048
2661,742,25438,566.5850219726562,188.5441436767578,247.47027587890625,249.49891662597656,0.9771894812583924
2662,742,4378,79.4911117553711,108.90216827392578,222.40377807617188,427.0755004882813,0.9595290422439576
2663,742,2483,82.89453887939453,671.0514526367188,247.24957275390625,480.35260009765625,0.9591476917266846
2664,742,6192,558.8580932617188,537.0701904296875,283.61871337890625,541.81201171875,0.9541674256324768
2665,743,25438,109.95740509033205,829.5797119140625,256.6903991699219,252.8804931640625,0.970984160900116
2666,743,2483,613.487548828125,72.00414276123047,239.032470703125,464.1616821289063,0.9682464003562928
2667,743,4378,646.814453125,712.6982421875,215.04632568359372,455.6319580078125,0.9656574130058287
2668,743,6192,93.04443359375,139.0241241455078,285.9344177246094,530.2507934570312,0.9499709010124208
2669,745,16262,662.9642333984375,268.4681396484375,237.07940673828125,233.64202880859372,0.9743134379386902
2670,745,3351,350.4310913085937,890.583740234375,192.40118408203125,194.983154296875,0.9612135887145996
2671,745,32310,115.58551025390624,184.46951293945312,227.00393676757807,349.6836853027344,0.848805844783783
2672,747,16262,63.053688049316406,794.83154296875,240.690185546875,241.3486328125,0.9695134162902832
2673,747,3351,436.6474914550781,193.3168182373047,184.07778930664065,182.9447479248047,0.967387080192566
2674,747,32310,632.1051635742188,737.7266845703125,245.42938232421875,386.8443603515625,0.8759795427322388
2675,75,6563,197.20700073242188,707.8090209960938,218.4710998535156,368.31060791015625,0.9795075058937072
2676,75,16551,543.972412109375,81.92724609375,369.0601806640625,437.1505737304688,0.9735042452812196
2677,75,3544,88.39388275146484,210.81002807617188,208.16390991210935,200.03802490234372,0.9713203310966492
2678,75,12247,615.5278930664062,879.863037109375,216.240234375,126.419677734375,0.9654433727264404
2679,750,16548,143.47909545898438,788.388916015625,245.11795043945312,235.782958984375,0.9788222908973694
2680,750,29345,585.81005859375,131.54937744140625,271.760986328125,408.9219970703125,0.9781360030174256
2681,750,1900,686.1627197265625,806.7684936523438,132.1856689453125,207.76129150390625,0.9776210188865662
2682,750,44199,171.53919982910156,204.44622802734372,171.05262756347656,264.91845703125,0.9724421501159668
2683,752,6563,163.84303283691406,672.8565673828125,221.7389373779297,365.167724609375,0.9829896688461304
2684,752,16548,557.6969604492188,138.15257263183594,230.7352294921875,222.1643829345703,0.9788105487823486
2685,752,3544,92.623779296875,195.5643768310547,200.96481323242188,197.9240875244141,0.9631541967391968
2686,752,27993,545.3466186523438,775.85302734375,316.9559326171875,240.817138671875,0.8802931308746338
2687,754,3351,373.6183776855469,197.34310913085935,184.09927368164065,182.56222534179688,0.9698283672332764
2688,754,3832,79.3938980102539,659.9664306640625,371.7818298339844,378.07763671875,0.9617241621017456
2689,754,29667,624.88134765625,764.58154296875,229.9217529296875,223.76873779296875,0.9445773363113404
2690,756,3832,511.1736755371094,261.8963623046875,371.4773864746094,368.955810546875,0.9717753529548644
2691,756,29667,123.3617706298828,317.8222961425781,227.9138641357422,227.73629760742188,0.9657960534095764
2692,756,3351,417.8353271484375,890.424072265625,188.94140625,189.732421875,0.957477867603302
2693,758,31885,560.192138671875,652.1600341796875,340.0001220703125,567.8612060546875,0.979621171951294
2694,758,3483,152.91958618164062,218.24766540527344,246.43765258789065,221.98252868652344,0.9730762243270874
2695,758,36637,93.2328872680664,908.5549926757812,278.59979248046875,162.81072998046875,0.9672092795372008
2696,758,19861,641.021484375,277.67877197265625,220.263916015625,172.5504150390625,0.9518204927444458
2697,759,36637,593.4029541015625,194.72650146484372,254.7030029296875,154.980224609375,0.9779271483421326
2698,759,3483,571.3382568359375,836.5540771484375,260.6593017578125,233.701416015625,0.97438383102417
2699,759,19861,90.6372528076172,827.4495849609375,225.1959991455078,175.8421630859375,0.9636996984481812
2700,759,31885,79.31055450439453,32.55678939819336,321.1788024902344,527.6028442382812,0.9626702070236206
2701,760,29345,86.31617736816406,713.4131469726562,291.39276123046875,441.27679443359375,0.9845086336135864
2702,760,16548,582.6599731445312,201.12112426757807,231.230224609375,228.15716552734372,0.9779008030891418
2703,760,1900,157.90219116210938,258.334716796875,130.03793334960938,199.88656616210935,0.976531445980072
2704,760,33208,654.16259765625,802.8335571289062,216.434326171875,205.857666015625,0.9734482169151306
2705,761,29345,123.3148422241211,753.234619140625,287.17059326171875,434.27783203125,0.9888261556625366
2706,761,1900,176.85830688476562,265.6175537109375,132.3935546875,201.97479248046875,0.9846584796905518
2707,761,16548,607.8871459960938,212.01014709472656,240.5115966796875,226.34461975097656,0.9821842908859252
2708,761,33208,685.0582885742188,835.0802612304688,206.47161865234372,199.87628173828125,0.9722791910171508
2709,763,31885,494.8726501464844,639.7958374023438,455.2141418457031,483.4544067382813,0.9802815318107604
2710,763,3483,122.17906951904295,306.0149230957031,272.670166015625,201.75247192382807,0.9776024222373962
2711,763,20238,110.58302307128906,852.6941528320312,234.3135223388672,229.01593017578125,0.9757965803146362
2712,763,27733,564.5930786132812,262.16259765625,302.87725830078125,266.2159423828125,0.9720531702041626
2713,764,3483,609.713623046875,788.5802612304688,271.5243530273437,214.1558837890625,0.9723777174949646
2714,764,31885,54.21103286743164,135.49765014648438,452.5317687988281,465.3441467285156,0.9717453122138976
2715,764,27733,124.54313659667967,769.918212890625,312.76422119140625,272.6527099609375,0.9703583121299744
2716,764,20238,642.079345703125,189.67416381835935,228.82745361328125,218.10650634765625,0.9698464274406432
2717,766,36637,164.06048583984375,796.47705078125,192.8946228027344,255.2412109375,0.9832378625869752
2718,766,3483,142.9293212890625,289.48785400390625,210.27880859375,257.41552734375,0.982553243637085
2719,766,20877,544.3283081054688,293.3968505859375,328.73101806640625,235.5982666015625,0.9800374507904052
2720,766,34597,565.58984375,729.8699340820312,410.41015625,478.7863159179688,0.9761953949928284
2721,768,20877,85.2935562133789,725.9271240234375,330.9032592773437,241.43817138671875,0.9830124974250792
2722,768,3483,626.4630126953125,717.3896484375,206.27801513671875,272.81304931640625,0.9783888459205629
2723,768,36637,603.5858764648438,203.1395263671875,180.47015380859372,247.92465209960935,0.9783316850662231
2724,768,34597,12.696853637695312,22.79471969604492,396.417724609375,457.6703796386719,0.9688433408737184
2725,772,31705,173.72972106933594,686.5867919921875,247.5196685791016,454.072509765625,0.9837346076965332
2726,772,1900,105.21753692626952,270.3082580566406,203.209228515625,124.39190673828124,0.9736803770065308
2727,772,16551,553.3609008789062,80.48219299316406,293.68609619140625,484.18646240234375,0.9724510908126832
2728,772,33208,638.109619140625,877.742919921875,212.49908447265625,201.202392578125,0.966261863708496
2729,773,31705,140.80648803710938,641.6784057617188,250.5062561035156,459.05413818359375,0.9813061356544496
2730,773,16551,528.5277709960938,70.88897705078125,279.329833984375,469.294677734375,0.974774956703186
2731,773,1900,86.92601013183594,260.6458740234375,201.2273406982422,126.21463012695312,0.9745762944221495
2732,773,33208,613.933349609375,844.6614379882812,208.8128662109375,208.13555908203125,0.9545934200286864
2733,778,16232,628.1841430664062,220.99398803710935,191.92529296875,187.77749633789065,0.9784685969352722
2734,778,25469,49.67237091064453,855.8842163085938,372.9442138671875,221.61224365234372,0.9777477383613586
2735,778,30308,83.26213836669922,168.36767578125,404.7008056640625,403.149658203125,0.9747328162193298
2736,778,3483,602.8773803710938,843.0093994140625,278.0162353515625,190.1983642578125,0.9730631113052368
2737,779,16232,161.14306640625,855.6632080078125,194.6888427734375,194.758056640625,0.9805672764778136
2738,779,30308,504.5461730957031,683.8601684570312,414.6202697753906,405.5349731445313,0.9744534492492676
2739,779,3483,125.260986328125,271.6640625,270.5992736816406,190.39013671875,0.973566710948944
2740,779,25469,570.5069580078125,230.58038330078125,376.0304565429688,222.37957763671875,0.97202330827713
2741,780,25469,12.124588012695312,812.3367309570312,382.67669677734375,221.55645751953125,0.975482940673828
2742,780,16232,601.5774536132812,213.65994262695312,185.0521240234375,181.65182495117188,0.975066900253296
2743,780,30308,71.05720520019531,148.19622802734375,391.6515502929688,393.7280883789063,0.972334623336792
2744,780,3483,574.7481689453125,810.27734375,281.65576171875,195.84783935546875,0.97197425365448
2745,782,22074,586.462646484375,727.7340698242188,187.1358642578125,194.47064208984372,0.9789659976959229
2746,782,3351,339.8535461425781,181.77960205078125,185.0179748535156,191.1143493652344,0.9682170152664183
2747,782,20014,8.156516075134277,623.5779418945312,349.45098876953125,345.0165405273437,0.966265082359314
2748,785,25367,532.844970703125,692.2711791992188,396.14202880859375,487.9445190429688,0.986312448978424
2749,785,3483,131.49708557128906,288.338134765625,276.6742553710937,174.92584228515625,0.9763075113296508
2750,785,35206,103.84656524658205,692.843505859375,203.47824096679688,412.4832763671875,0.9721079468727112
2751,785,27653,671.5824584960938,253.1677703857422,219.437255859375,202.3938446044922,0.9566925168037416
2752,787,20238,113.61566162109376,855.459228515625,228.34616088867188,227.5823974609375,0.9729140400886536
2753,787,3483,150.84072875976562,218.7987060546875,246.6459045410156,222.14190673828125,0.9728434085845948
2754,787,19861,638.5906982421875,277.79083251953125,221.0009765625,171.64584350585938,0.9537022709846495
2755,787,34597,537.6454467773438,650.6317749023438,351.61767578125,514.5202026367188,0.9384679198265076
2756,788,20238,616.15478515625,186.2217559814453,219.6171875,212.04786682128903,0.9773322939872742
2757,788,3483,573.88671875,836.1802368164062,260.0531616210937,232.33282470703125,0.9751673340797424
2758,788,19861,92.60543060302734,827.7001342773438,225.57366943359372,175.832763671875,0.9626558423042296
2759,788,34597,98.71400451660156,60.16155624389648,341.5014038085937,500.92584228515625,0.8401004672050476
2760,79,16262,124.5860366821289,296.9808959960937,246.34280395507807,235.5966796875,0.9689664244651794
2761,79,19232,498.5676879882813,234.0951995849609,326.6890869140625,262.1435546875,0.9620504975318908
2762,79,3351,386.3222351074219,844.766357421875,190.95828247070312,192.5777587890625,0.9527521133422852
2763,797,16551,42.90203857421875,533.0711059570312,309.1484680175781,475.1438598632813,0.9731151461601256
2764,797,3544,146.11724853515625,191.06407165527344,205.57015991210935,198.4030303955078,0.9625552296638488
2765,797,27993,499.9819946289063,855.7146606445312,330.8768920898437,165.09130859375,0.9503174424171448
2766,797,4543,600.2354125976562,187.5856475830078,204.11529541015625,200.44444274902344,0.9438713192939758
2767,798,16551,67.27845001220703,578.6759643554688,311.0848999023437,471.6519165039063,0.9741674065589904
2768,798,3544,164.18280029296875,196.88818359375,207.25335693359372,203.24462890625,0.967176616191864
2769,798,4543,629.6810913085938,194.6376037597656,209.35748291015625,199.2896728515625,0.9598174691200256
2770,798,27993,529.6119384765625,892.8970947265625,321.90460205078125,156.805908203125,0.9589460492134094
2771,799,3483,600.2161865234375,867.9014282226562,258.875,229.51580810546875,0.9789462685585022
2772,799,28763,168.2520294189453,180.01065063476562,212.9815826416016,200.79855346679688,0.978927731513977
2773,799,20238,645.5057983398438,188.76199340820312,222.85296630859372,214.99017333984372,0.9729716181755066
2774,799,19861,126.42515563964844,865.7977294921875,221.7348480224609,167.6427001953125,0.962622344493866
2775,8,20238,621.2726440429688,178.12030029296875,226.32281494140625,213.439453125,0.971569836139679
2776,8,3483,587.6434936523438,846.220703125,284.008056640625,165.6168212890625,0.9680766463279724
2777,8,22347,128.65892028808594,217.64573669433597,207.57606506347656,199.89976501464844,0.9679908752441406
2778,8,27653,95.83182525634766,851.259521484375,222.38043212890625,208.6656494140625,0.9548722505569458
2779,80,19232,91.66858673095705,698.50927734375,334.4452209472656,268.7728271484375,0.976932406425476
2780,80,16262,569.4926147460938,691.4839477539062,247.39410400390625,247.9937744140625,0.9752001166343688
2781,80,3351,359.1869201660156,195.3469390869141,184.27102661132807,187.7165679931641,0.9673120975494384
2782,807,25367,608.4724731445312,712.2689208984375,314.4146728515625,511.717041015625,0.984067440032959
2783,807,3483,157.8955078125,214.664794921875,247.8125,219.14828491210935,0.9768385887145996
2784,807,29667,121.67991638183594,840.2669677734375,226.15013122558597,224.8826904296875,0.9660046100616456
2785,807,19861,645.0918579101562,277.16119384765625,224.46685791015625,173.64865112304688,0.9495859146118164
2786,808,6563,187.34280395507807,706.9705200195312,224.55731201171875,362.64752197265625,0.98485666513443
2787,808,16551,611.0752563476562,51.43775177001953,336.98211669921875,456.95068359375,0.9757637977600098
2788,808,3544,107.86952209472656,208.1220703125,208.3022003173828,198.89920043945312,0.9685859084129332
2789,808,29871,628.9436645507812,828.7604370117188,173.392333984375,233.40338134765625,0.7807248830795288
2790,810,6563,159.5413055419922,663.2830200195312,222.6020965576172,366.7859497070313,0.9741215705871582
2791,810,16551,586.7157592773438,50.59470748901367,324.8148803710937,435.9054565429688,0.9711831212043762
2792,810,3544,96.0060806274414,198.98870849609372,200.8130798339844,197.5897216796875,0.967144250869751
2793,810,29871,604.448974609375,790.1015625,178.39654541015625,243.99951171875,0.7967205047607422
2794,815,20238,101.04489135742188,711.9996948242188,228.9493408203125,228.69635009765625,0.9673110842704772
2795,815,3351,363.14697265625,168.25106811523438,181.02679443359372,187.82904052734372,0.9639586210250854
2796,815,32310,516.7791748046875,615.298095703125,281.3072509765625,352.89263916015625,0.9171797037124634
2797,817,16232,648.0825805664062,229.2560577392578,191.366943359375,183.5381317138672,0.9773275852203368
2798,817,30308,93.00979614257812,152.7479248046875,384.409423828125,422.2067260742188,0.9716819524765016
2799,817,3483,586.2094116210938,845.8800659179688,284.13092041015625,165.6845703125,0.9673749208450316
2800,817,27653,94.61872100830078,851.3199462890625,221.8072204589844,207.1055908203125,0.9555650949478148
2801,818,16232,142.0728302001953,846.2696533203125,196.4795684814453,191.723388671875,0.9796727895736694
2802,818,3483,131.50209045410156,288.6443176269531,277.21533203125,174.76309204101562,0.9752801656723022
2803,818,30308,517.7193603515625,674.858642578125,390.3094482421875,427.3607177734375,0.9703977108001708
2804,818,27653,671.6326293945312,253.46327209472656,219.242431640625,202.15025329589844,0.9569422006607056
2805,819,16232,621.2078247070312,221.34979248046875,184.75732421875,183.96270751953125,0.9798435568809508
2806,819,3483,557.9159545898438,811.237060546875,289.1815795898437,175.30084228515625,0.9726830124855042
2807,819,30308,81.45711517333984,139.0390625,372.9557800292969,407.726806640625,0.969606876373291
2808,819,27653,61.2471809387207,810.797607421875,224.4537506103516,211.26910400390625,0.9534366130828856
2809,82,19552,121.0467300415039,153.15196228027344,319.8476867675781,482.11962890625,0.9763306975364684
2810,82,2483,629.9110107421875,95.41700744628906,201.0255126953125,477.6672973632813,0.9701299667358398
2811,82,3743,121.60760498046876,835.4896850585938,332.3747863769531,336.8153686523437,0.9647378921508788
2812,82,22362,603.1270751953125,739.88427734375,277.8978881835937,421.2266845703125,0.9257535934448242
2813,820,19552,482.83294677734375,639.8257446289062,339.1015014648437,491.19134521484375,0.975895881652832
2814,820,2483,95.23941040039062,692.726318359375,213.80523681640625,490.724609375,0.9711567163467408
2815,820,3743,480.9356384277344,151.3028564453125,317.0356140136719,302.9781494140625,0.9562383890151978
2816,820,4378,134.4515380859375,117.62176513671876,216.45559692382807,434.47802734375,0.9557677507400512
2817,822,19552,129.81655883789062,112.04713439941406,329.8912658691406,482.05126953125,0.9755951166152954
2818,822,2483,623.2750854492188,67.8662338256836,197.81787109375,469.6960754394531,0.9622151255607604
2819,822,3743,128.81263732910156,813.9721069335938,330.89874267578125,330.28302001953125,0.9597671627998352
2820,822,4378,593.9476318359375,705.7234497070312,232.0447998046875,463.07952880859375,0.9433947801589966
2821,826,38162,178.68943786621094,203.8153839111328,243.8657989501953,253.9804229736328,0.979205846786499
2822,826,18147,535.8294067382812,319.7481994628906,304.36883544921875,390.7794494628906,0.9655461311340332
2823,826,3351,407.6800231933594,861.0438232421875,190.4590759277344,193.1312255859375,0.9591439962387084
2824,828,38162,546.6151123046875,863.68408203125,253.20733642578125,248.7939453125,0.9828715324401855
2825,828,3351,381.6004943847656,238.0036773681641,184.86654663085935,181.7559051513672,0.9719537496566772
2826,828,18147,124.08515167236328,576.01708984375,304.26953125,403.56048583984375,0.967216730117798
2827,829,36637,636.9168090820312,177.722900390625,181.57861328125,239.29571533203125,0.9830480813980104
2828,829,3483,536.9336547851562,776.6365356445312,267.54058837890625,227.84002685546875,0.9768286943435668
2829,829,28763,97.82027435302734,168.29965209960938,205.76492309570312,201.33224487304688,0.9693748354911804
2830,829,27777,145.11378479003906,775.0516967773438,180.7850799560547,205.03692626953125,0.967868447303772
2831,83,19552,501.3009948730469,595.3558959960938,321.5188903808594,494.0494995117188,0.970849871635437
2832,83,3743,488.0680847167969,126.23321533203124,316.7124328613281,302.5078430175781,0.9670886397361756
2833,83,2483,90.85193634033205,660.3873291015625,208.93264770507807,495.7144775390625,0.9665675759315492
2834,83,22362,77.97335815429688,120.9296646118164,258.9197082519531,387.94427490234375,0.9438012838363647
2835,830,36637,127.64088439941406,827.5765380859375,193.6552581787109,256.802001953125,0.9807673692703248
2836,830,3483,173.0545196533203,274.7314147949219,260.87994384765625,220.6787109375,0.9771281480789183
2837,830,28763,667.0895385742188,888.059814453125,221.22698974609372,219.762451171875,0.9769304990768432
2838,830,27777,638.1698608398438,292.5208740234375,176.6219482421875,195.8919982910156,0.9676164984703064
2839,831,3483,566.9215087890625,813.4666137695312,264.4942626953125,219.68841552734372,0.9742332100868224
2840,831,36637,665.7749633789062,182.05963134765625,186.9500732421875,248.6990966796875,0.9733099341392516
2841,831,28763,108.68846130371094,175.58966064453125,218.30210876464844,202.3780212402344,0.969629168510437
2842,831,27777,178.18783569335938,812.6443481445312,176.52841186523438,200.103515625,0.963215470314026
2843,832,16548,608.0125732421875,164.2169647216797,236.29669189453125,223.53944396972656,0.9822617769241332
2844,832,1900,622.3336181640625,887.8853149414062,207.60699462890625,141.25653076171875,0.973773181438446
2845,832,21026,137.14227294921875,868.6729736328125,182.04171752929688,175.949462890625,0.963176429271698
2846,832,18110,57.56217956542969,122.56759643554688,310.21563720703125,294.2544860839844,0.9442151784896852
2847,838,33208,586.5552368164062,803.5057373046875,215.0928955078125,202.71087646484372,0.9781236052513124
2848,838,1900,142.67446899414062,242.0379943847656,197.86862182617188,127.52822875976562,0.9741999506950378
2849,838,16548,593.019287109375,164.2156982421875,231.85931396484372,224.1075134277344,0.9717260599136353
2850,838,27926,90.6689682006836,619.1845092773438,278.14703369140625,472.21685791015625,0.9685565233230592
2851,842,16262,151.74595642089844,804.2820434570312,250.3599395751953,238.71783447265625,0.9827338457107544
2852,842,3483,121.45732879638672,305.8575134277344,273.21099853515625,201.53912353515625,0.9780600666999816
2853,842,34597,468.952392578125,671.0140380859375,466.5174560546875,426.049560546875,0.9758299589157104
2854,842,27733,564.7534790039062,262.006591796875,302.3182983398437,267.1943359375,0.971857249736786
2855,85,29345,582.9979858398438,677.1996459960938,288.8172607421875,451.01373291015625,0.9890246987342834
2856,85,1900,163.03282165527344,255.61605834960935,126.24836730957033,201.15997314453125,0.9789800643920898
2857,85,16548,570.0919799804688,250.0577850341797,233.64825439453125,228.0387725830078,0.9784182906150818
2858,85,21771,150.32167053222656,852.3333740234375,194.5922393798828,195.03076171875,0.953082263469696
2859,851,22627,110.31507110595705,153.6514892578125,302.785400390625,493.5880126953125,0.9735212922096252
2860,851,2483,629.4611206054688,96.14094543457033,202.6181640625,477.1573486328125,0.968546450138092
2861,851,3743,121.56975555419922,835.7972412109375,332.1391906738281,336.2403564453125,0.964116394519806
2862,851,22362,603.4674682617188,741.1535034179688,277.246337890625,420.1851196289063,0.9257474541664124
2863,855,12778,89.05586242675781,139.2805938720703,305.8065185546875,514.2306518554688,0.9744807481765748
2864,855,2483,622.828125,66.71717071533203,197.805419921875,472.77587890625,0.9620100259780884
2865,855,3743,128.89418029785156,813.6475830078125,331.0562744140625,331.2208251953125,0.9611592888832092
2866,855,4378,594.2095947265625,705.9063720703125,231.2802734375,463.9903564453125,0.9410932660102844
2867,857,16262,92.4485855102539,674.8582763671875,245.400634765625,249.87158203125,0.9756851196289062
2868,857,3351,338.9078063964844,134.01055908203125,180.91964721679688,187.73126220703125,0.9668121933937072
2869,857,31863,574.123291015625,745.7879028320312,208.08489990234372,213.93988037109372,0.9539968967437744
2870,858,3351,379.177734375,189.9192657470703,184.505859375,183.03428649902344,0.9708348512649536
2871,858,16262,132.25961303710938,768.2587280273438,247.07931518554688,239.7158203125,0.969191551208496
2872,858,31863,612.9608154296875,835.5951538085938,205.41302490234372,204.38739013671875,0.9432229399681092
2873,86,29345,114.0863265991211,156.76995849609375,271.8109130859375,410.9034423828125,0.9818542003631592
2874,86,1900,684.898681640625,808.343505859375,130.1585693359375,207.43609619140625,0.9755874276161194
2875,86,16548,150.83200073242188,767.8506469726562,238.5604553222656,237.6048583984375,0.9730167388916016
2876,86,21771,619.0567626953125,252.38958740234372,187.1915283203125,180.2296142578125,0.9519428610801696
2877,861,19552,69.73448181152344,103.60313415527344,348.566162109375,460.4580078125,0.9726545810699464
2878,861,25438,124.6486587524414,830.9605102539062,257.9276428222656,267.52008056640625,0.9690653085708618
2879,861,2483,569.2042846679688,143.52044677734375,300.12554931640625,435.5433349609375,0.9676496386528016
2880,861,12081,653.5983276367188,713.017333984375,250.73248291015625,463.981689453125,0.943124771118164
2881,862,34597,75.01709747314453,132.71670532226562,449.259521484375,419.3557434082031,0.9778044819831848
2882,862,36637,674.1941528320312,173.24009704589844,175.1055908203125,253.80674743652344,0.9770414233207704
2883,862,3483,601.6724243164062,844.05126953125,278.01812744140625,190.046142578125,0.973469078540802
2884,862,25469,88.01020812988281,828.9910888671875,342.24951171875,300.757568359375,0.9676593542099
2885,864,36637,644.089599609375,170.6791229248047,173.58489990234375,246.73768615722656,0.9812637567520142
2886,864,3483,575.3377685546875,810.8587036132812,278.7486572265625,193.6763916015625,0.9734451174736024
2887,864,34597,58.47062683105469,100.89044952392578,439.80169677734375,427.6007690429688,0.9693292379379272
2888,864,25469,50.809513092041016,790.0728149414062,346.923828125,300.04132080078125,0.9614638686180116
2889,866,3351,306.8654479980469,171.3238067626953,184.11187744140625,190.12461853027344,0.9705105423927308
2890,866,16688,31.79833602905273,521.8157958984375,429.5625305175781,583.34619140625,0.926544725894928
2891,866,3832,478.41900634765625,560.0556030273438,379.6207885742188,381.5607299804688,0.8492525815963745
2892,867,3351,347.4740905761719,234.7803192138672,184.0469665527344,181.4033966064453,0.9737704396247864
2893,867,16688,69.978271484375,618.9978637695312,433.96490478515625,591.0433959960938,0.937439501285553
2894,867,3832,511.7047424316406,657.9636840820312,386.8063049316406,367.3530883789063,0.6243654489517212
2895,868,31885,32.3098030090332,57.94704055786133,408.1100463867188,512.00439453125,0.9826071858406068
2896,868,16232,648.3072509765625,229.1358642578125,191.4564208984375,183.43435668945312,0.97742360830307
2897,868,3483,585.77490234375,846.1813354492188,284.3407592773437,165.5865478515625,0.9675169587135316
2898,868,27653,94.31535339355467,851.7061767578125,221.8350982666016,207.4481201171875,0.9552053809165956
2899,869,31885,24.5608024597168,41.703983306884766,395.1626281738281,500.40228271484375,0.9805731177330016
2900,869,16232,621.1973266601562,221.76095581054688,184.74163818359372,183.3653564453125,0.9799336194992064
2901,869,3483,557.5900268554688,812.3516845703125,289.62432861328125,173.6009521484375,0.9717543125152588
2902,869,27653,60.45771789550781,809.9353637695312,226.1939849853516,211.680908203125,0.952013373374939
2903,870,16232,141.95411682128906,846.0748291015625,196.46849060058597,191.84375,0.9802953600883484
2904,870,3483,132.108642578125,288.3041381835937,277.05877685546875,174.84915161132812,0.9755975008010864
2905,870,31885,568.5145874023438,677.57177734375,399.6898193359375,517.896240234375,0.9751614332199096
2906,870,27653,671.7762451171875,253.3866271972656,219.3033447265625,201.9541015625,0.9559550881385804
2907,873,3351,344.05889892578125,227.0026092529297,184.7933349609375,178.5694122314453,0.9747356176376344
2908,873,18147,623.38134765625,685.7359008789062,276.5341186523437,407.66839599609375,0.9668320417404176
2909,873,16688,66.89228820800781,626.4486694335938,432.2236328125,577.1797485351562,0.9394861459732056
2910,874,31885,147.63095092773438,151.58340454101562,437.6936950683594,472.9242858886719,0.9832166433334352
2911,874,20877,86.26984405517578,726.5343627929688,331.0928955078125,239.80413818359372,0.9827880263328552
2912,874,16232,626.6173095703125,221.3703155517578,189.17803955078125,185.21739196777344,0.9790104627609252
2913,874,3483,626.82861328125,716.61181640625,206.15423583984372,272.54644775390625,0.978478193283081
2914,875,31885,166.39671325683594,178.9145965576172,445.7354736328125,479.469482421875,0.9819602966308594
2915,875,3483,651.103515625,748.2965087890625,210.2174072265625,266.6913452148437,0.9817190766334534
2916,875,20877,116.13253021240234,769.0777587890625,332.0134582519531,228.54327392578125,0.9784210324287416
2917,875,16232,655.5494384765625,230.55491638183597,193.168212890625,181.4109344482422,0.9772482514381408
2918,878,36637,641.98876953125,208.0560302734375,192.078369140625,246.5386657714844,0.9839071035385132
2919,878,3483,587.8175659179688,845.9708862304688,283.964111328125,165.2022705078125,0.9696345329284668
2920,878,27653,95.68628692626952,852.0739135742188,221.7047119140625,207.21405029296875,0.955798864364624
2921,878,34597,70.74972534179688,118.99510192871094,339.0749206542969,506.400146484375,0.9473968744277954
2922,879,36637,613.236328125,203.4351501464844,186.452392578125,240.5264587402344,0.979646623134613
2923,879,3483,559.4296264648438,811.3965454101562,289.533447265625,174.01708984375,0.9726674556732178
2924,879,27653,60.66099166870117,810.6791381835938,226.81153869628903,208.5194091796875,0.9574840664863586
2925,879,34597,62.791114807128906,93.025390625,319.09295654296875,511.30657958984375,0.907402753829956
2926,88,31705,620.4762573242188,731.344482421875,250.74652099609372,452.2701416015625,0.988025963306427
2927,88,1900,128.7141876220703,230.3002471923828,205.9155120849609,138.88661193847656,0.9784238934516908
2928,88,16551,606.76513671875,51.49226760864258,288.54638671875,483.6635437011719,0.9709237217903136
2929,88,18110,79.067138671875,799.2930908203125,304.2080993652344,293.0067138671875,0.953960418701172
2930,880,2483,75.92998504638672,663.9829711914062,221.71942138671875,494.37347412109375,0.9616767168045044
2931,880,13395,66.7116928100586,89.06888580322266,229.7362365722656,484.0232238769531,0.9568564891815186
2932,880,23223,509.1479187011719,605.6710815429688,301.9945373535156,506.79595947265625,0.9547958374023438
2933,880,5094,508.6469421386719,159.58090209960938,268.0475158691406,269.3900756835937,0.948904514312744
2934,882,23223,125.75165557861328,90.41088104248048,302.2794189453125,510.59320068359375,0.9729955196380616
2935,882,2483,633.4012451171875,60.54570007324219,226.91912841796875,482.549560546875,0.9652469754219056
2936,882,5094,144.14566040039062,838.306640625,281.9794006347656,276.0980224609375,0.959828794002533
2937,882,13395,641.5409545898438,672.122314453125,239.34112548828125,501.656005859375,0.9348346590995787
2938,883,16232,629.6156005859375,219.1843414306641,189.71343994140625,186.4970245361328,0.9835830330848694
2939,883,28763,140.94419860839844,228.6468811035156,216.30702209472656,206.79046630859372,0.9801225066184998
2940,883,25469,49.56867980957031,855.6492309570312,373.41314697265625,222.29364013671875,0.9771808385849
2941,883,3483,603.2090454101562,843.2105102539062,277.755859375,190.41595458984372,0.9729788303375244
2942,886,35206,537.7453002929688,262.41973876953125,273.37799072265625,387.4269409179688,0.972929060459137
2943,886,3351,406.4612731933594,890.2109375,191.58255004882807,191.8419189453125,0.9631195068359376
2944,886,31863,162.70120239257812,280.1273803710937,206.9559326171875,212.58267211914065,0.9544973969459534
2945,888,3351,379.4353942871094,206.6792449951172,185.74447631835935,182.3567657470703,0.9726319313049316
2946,888,35206,161.51144409179688,644.6167602539062,262.9139404296875,397.6743774414063,0.9679651856422424
2947,888,31863,608.0888671875,834.7665405273438,207.4991455078125,204.95941162109372,0.934268057346344
2948,889,28763,709.4525756835938,885.6309814453125,222.6568603515625,218.514892578125,0.9819558262825012
2949,889,3483,142.43161010742188,289.7989501953125,209.61209106445312,257.6015014648437,0.981951892375946
2950,889,20877,543.6688232421875,292.5648803710937,328.2626953125,237.57073974609372,0.9806102514266968
2951,889,16232,134.2050323486328,846.6588134765625,195.8179168701172,192.2801513671875,0.9804583191871644
2952,89,31705,598.112060546875,695.2003173828125,249.7054443359375,457.2762451171875,0.9846588373184204
2953,89,1900,114.49066162109376,223.3677215576172,202.35064697265625,139.1188201904297,0.9777418971061708
2954,89,16551,577.3547973632812,43.04093551635742,281.6641845703125,473.0321350097656,0.9733877778053284
2955,89,18110,39.14404296875,757.65185546875,322.2074584960937,298.5157470703125,0.9319517016410828
2956,891,20877,85.84268188476562,726.24560546875,331.0697631835937,240.69830322265625,0.9835671186447144
2957,891,3483,627.4886474609375,716.5828857421875,207.26373291015625,272.12109375,0.9786466956138612
2958,891,16232,626.4122924804688,221.43878173828125,189.1302490234375,183.6407470703125,0.9771109819412231
2959,891,28763,57.975242614746094,169.4688720703125,206.82891845703125,202.03878784179688,0.9743494391441344
2960,894,20877,83.83629608154297,721.4046630859375,332.0715637207031,244.14459228515625,0.9827324151992798
2961,894,25367,21.702842712402344,25.51688003540039,415.28363037109375,442.881591796875,0.9809734225273132
2962,894,3483,626.4682006835938,717.4910888671875,207.189453125,273.0628662109375,0.9778784513473512
2963,894,36637,604.0980224609375,203.8807373046875,179.58392333984375,246.83709716796875,0.9778162240982056
2964,895,16551,534.28857421875,40.68889999389648,293.79156494140625,452.42767333984375,0.9712220430374146
2965,895,10221,587.32763671875,773.0255126953125,225.8096923828125,224.2120361328125,0.969638466835022
2966,895,3544,90.57169342041016,224.8977813720703,203.37310791015625,195.9905242919922,0.9593605995178224
2967,895,21026,102.3356475830078,822.4624633789062,180.35997009277344,178.31414794921875,0.9377812743186952
2968,896,16551,560.4708251953125,46.523529052734375,304.22320556640625,475.5932922363281,0.9732507467269896
2969,896,10221,610.3075561523438,812.0059814453125,226.10565185546875,212.32568359375,0.9656127095222472
2970,896,3544,109.5078582763672,233.57687377929688,206.2834930419922,198.4183654785156,0.9649056792259216
2971,896,21026,135.3218536376953,852.426513671875,176.7660675048828,178.901123046875,0.9595257639884948
2972,897,16551,115.4079132080078,722.2916870117188,316.1718139648437,485.0607299804688,0.9753676056861876
2973,897,3544,675.8983154296875,835.9237060546875,212.728271484375,210.1737060546875,0.969210922718048
2974,897,21026,677.9192504882812,283.6401672363281,175.99749755859375,173.20965576171875,0.9547964930534364
2975,897,10221,171.0168914794922,274.7008972167969,217.0719451904297,215.08184814453125,0.9535199403762816
2976,898,27926,565.361083984375,585.1948852539062,258.805908203125,487.4591674804688,0.9848173260688782
2977,898,16548,75.24491119384766,778.5311889648438,237.3035888671875,236.17431640625,0.9707493185997008
2978,898,3544,119.10575103759766,171.82562255859375,203.98226928710935,196.123046875,0.9692314267158508
2979,898,12247,620.2676391601562,202.6555633544922,175.54400634765625,188.5170440673828,0.9684571027755736
2980,9,3483,559.2905883789062,813.1358032226562,288.527587890625,172.90545654296875,0.9708682894706726
2981,9,20238,596.9968872070312,173.71104431152344,217.2374267578125,213.88145446777344,0.9694665670394896
2982,9,22347,114.87379455566406,210.9773406982422,198.7740020751953,194.44273376464844,0.9567805528640748
2983,9,27653,60.69928359985352,811.185302734375,227.37310791015625,208.0479736328125,0.9566766619682312
2984,90,31705,134.3278045654297,127.7293472290039,243.0288848876953,419.6190490722656,0.9794310927391052
2985,90,1900,653.0164184570312,901.8563232421876,217.31787109375,149.1343994140625,0.971869170665741
2986,90,16551,88.49766540527344,706.2632446289062,291.063720703125,499.2575073242188,0.9702265858650208
2987,90,18110,608.4964599609375,217.7338104248047,303.5045166015625,288.3002319335937,0.916382372379303
2988,900,27926,595.7371826171875,625.2509155273438,250.39501953125,487.10150146484375,0.977694809436798
2989,900,12247,646.555419921875,203.33810424804688,180.1778564453125,190.7650451660156,0.9774575233459472
2990,900,16548,108.16316986083984,821.1031494140625,237.0372009277344,226.89453125,0.9763511419296264
2991,900,3544,136.44094848632812,178.71018981933594,208.08493041992188,197.92027282714844,0.9675942659378052
2992,904,30308,152.25424194335938,52.48320388793945,296.7198486328125,475.7303466796875,0.9793780446052552
2993,904,3483,609.8407592773438,789.2312622070312,271.61578369140625,212.96038818359372,0.9728100299835204
2994,904,20238,644.3660278320312,189.62576293945312,226.01025390625,217.23016357421875,0.972165822982788
2995,904,27733,122.56519317626952,770.9263305664062,313.45220947265625,272.94219970703125,0.970220983028412
2996,906,3483,122.22879028320312,305.98858642578125,272.9827575683594,201.2662353515625,0.9774856567382812
2997,906,20238,110.1473617553711,853.42431640625,234.03054809570312,227.9468994140625,0.974209487438202
2998,906,30308,542.567626953125,716.8455810546875,300.10382080078125,487.927978515625,0.9732792377471924
2999,906,27733,563.6051635742188,261.9025573730469,303.81011962890625,267.0100402832031,0.9721322655677797
3000,908,3351,305.45489501953125,195.2615203857422,182.0057678222656,187.0764923095703,0.9689704775810242
3001,908,20238,114.46788787841795,716.0660400390625,231.3216857910156,228.75982666015625,0.9549216032028198
3002,908,31863,573.9825439453125,745.9135131835938,208.2828369140625,213.582275390625,0.9539981484413148
3003,91,19607,690.4334716796875,299.46929931640625,155.73126220703125,147.70321655273438,0.9888258576393129
3004,91,27926,145.5961151123047,143.6404571533203,261.37701416015625,456.910400390625,0.977269411087036
3005,91,16548,122.69326782226562,867.3685913085938,240.68899536132807,232.64141845703125,0.9678921699523926
3006,91,1900,629.2254638671875,894.5864868164062,211.84930419921875,132.83441162109375,0.9666143655776978
3007,910,25367,504.01959228515625,702.02099609375,454.8389892578125,442.4844970703125,0.980755627155304
3008,910,3483,175.37120056152344,274.341796875,260.96392822265625,221.1514587402344,0.9757947325706482
3009,910,29667,127.71150207519533,879.2033081054688,229.4729156494141,228.28057861328125,0.9721668362617492
3010,910,27777,640.6632080078125,294.2183532714844,175.62689208984375,198.60690307617188,0.9661129713058472
3011,912,25367,36.89018249511719,105.592041015625,431.718505859375,431.436279296875,0.9724205136299132
3012,912,27777,142.56300354003906,772.865234375,180.11439514160156,205.63037109375,0.9710730910301208
3013,912,3483,535.5242309570312,778.5399169921875,268.86737060546875,225.71881103515625,0.9702323079109192
3014,912,29667,599.107666015625,160.97543334960938,218.9290771484375,214.00558471679688,0.9622801542282104
3015,914,3351,369.5096740722656,124.81070709228516,183.5643615722656,188.1678771972656,0.9753463864326476
3016,914,13900,554.7639770507812,708.9558715820312,207.6031494140625,247.81439208984372,0.9662989974021912
3017,914,35206,44.66213607788086,613.2958984375,342.49127197265625,354.54156494140625,0.9564983248710632
3018,915,13900,595.2456665039062,797.7373657226562,197.93023681640625,242.19134521484372,0.9699666500091552
3019,915,3351,412.2312927246094,180.92999267578125,184.00833129882807,181.413818359375,0.966921091079712
3020,915,35206,91.67234802246094,709.0567626953125,330.962890625,346.75146484375,0.9484383463859558
3021,916,16232,142.0389862060547,892.6251831054688,196.4330291748047,193.13323974609372,0.9787631630897522
3022,916,25367,499.3625183105469,679.9439086914062,461.9363708496094,431.84564208984375,0.978156566619873
3023,916,3483,121.91275787353516,306.8104858398437,273.0044250488281,200.01141357421875,0.9774727821350098
3024,916,27733,564.0543823242188,262.0809936523437,303.0867919921875,266.738037109375,0.9719027280807496
3025,919,3483,121.5572738647461,306.787109375,272.0111694335937,201.76052856445312,0.9775001406669616
3026,919,27733,563.0802001953125,261.7574157714844,302.806640625,267.7137756347656,0.9722147583961488
3027,919,30308,484.4648132324219,676.6956787109375,373.9454650878906,440.6080322265625,0.9710490107536316
3028,919,36637,102.8934097290039,882.7108154296875,266.0337829589844,178.7169189453125,0.9551853537559508
3029,920,3483,580.247802734375,757.8038330078125,277.32763671875,209.90069580078125,0.9763862490653992
3030,920,36637,590.2515869140625,203.18032836914065,252.44183349609372,169.719482421875,0.9759650826454164
3031,920,30308,126.85488891601562,121.30278778076172,365.2877807617188,428.1272583007813,0.9675458669662476
3032,920,27733,86.40740966796875,724.1416625976562,323.3978576660156,286.7005615234375,0.9650710821151732
3033,923,25367,544.049072265625,710.8165283203125,427.5572509765625,449.53369140625,0.984123170375824
3034,923,3483,144.4941864013672,289.6988220214844,209.0051727294922,256.4882507324219,0.9824735522270204
3035,923,20877,542.2593994140625,290.34600830078125,333.973388671875,238.59130859375,0.9815948009490968
3036,923,16262,110.23503112792967,834.7318725585938,248.34510803222656,242.12823486328125,0.976410150527954
3037,925,16232,144.02259826660156,900.435302734375,196.7050323486328,191.79052734375,0.9750038981437684
3038,925,34597,481.3464965820313,629.1795654296875,443.16455078125,453.4261474609375,0.9736834168434144
3039,925,3483,150.651123046875,219.03488159179688,246.8643798828125,222.068115234375,0.9728877544403076
3040,925,19861,638.763916015625,278.11102294921875,220.96240234375,171.89276123046875,0.9531880021095276
3041,927,16232,615.284423828125,171.0108184814453,188.246337890625,183.81504821777344,0.9779230356216432
3042,927,3483,573.6195678710938,835.7349853515625,260.506103515625,232.4991455078125,0.974496841430664
3043,927,19861,92.31578826904295,827.4590454101562,225.6661071777344,176.0118408203125,0.9617063999176024
3044,927,34597,68.14334106445312,139.66299438476562,416.2013549804688,442.6726379394531,0.960230827331543
3045,929,31885,30.806676864624023,41.61522674560547,411.9953002929688,485.4295043945313,0.9828363060951232
3046,929,16232,601.1065673828125,213.53509521484372,186.17523193359372,181.36688232421875,0.9769532084465028
3047,929,25469,12.132630348205566,812.5785522460938,382.7489318847656,220.92291259765625,0.9765787124633788
3048,929,3483,576.9334106445312,810.498779296875,277.763427734375,193.46014404296875,0.97287255525589
3049,930,31885,529.7291259765625,685.72412109375,433.32177734375,516.6693115234375,0.9805939793586732
3050,930,16232,164.259521484375,855.2445678710938,193.72439575195312,189.74456787109372,0.976370930671692
3051,930,3483,125.17676544189452,271.7274475097656,270.36962890625,190.54742431640625,0.973069429397583
3052,930,25469,571.4761962890625,230.8794403076172,375.0929565429688,221.97889709472656,0.9717859625816344
3053,931,1900,176.7177734375,265.8968811035156,132.33779907226562,200.98568725585935,0.9849165081977844
3054,931,29345,576.55810546875,719.4429931640625,324.84185791015625,420.75537109375,0.9841504096984864
3055,931,19607,167.4285430908203,917.2176513671876,156.5083465576172,155.8218994140625,0.9785677790641784
3056,931,16551,473.04583740234375,246.4825439453125,484.0944213867188,262.1508483886719,0.9506943821907043
3057,932,29345,547.6969604492188,683.1929321289062,325.0736083984375,423.1858520507813,0.9848913550376892
3058,932,19607,132.30860900878906,883.9205322265625,158.83250427246094,163.6436767578125,0.9761785864830016
3059,932,1900,157.86318969726562,258.7154846191406,130.095458984375,199.3612060546875,0.9759050011634828
3060,932,16551,448.1167907714844,221.7346649169922,473.9999694824219,268.1297607421875,0.9571784138679504
3061,933,19607,666.0527954101562,251.45150756835935,156.194091796875,154.925048828125,0.9843606352806092
3062,933,29345,111.11669158935548,167.9116668701172,315.4394226074219,398.9959106445313,0.9787518382072448
3063,933,1900,686.2783813476562,806.1388549804688,130.9686279296875,211.1856689453125,0.9764721989631652
3064,933,16551,20.6618709564209,732.79150390625,499.4957885742188,282.7499389648437,0.954787015914917
3065,936,19552,112.59837341308594,198.37368774414065,313.89910888671875,482.0400695800781,0.9753334522247314
3066,936,25438,108.3843994140625,840.8330078125,259.3841857910156,265.248779296875,0.9709420204162598
3067,936,2483,600.1386108398438,103.0893096923828,250.35894775390625,457.0031127929688,0.9684594869613647
3068,936,4378,659.4368896484375,706.868896484375,212.952880859375,468.321044921875,0.9565185904502868
3069,937,2483,622.3761596679688,66.80730438232422,198.5924072265625,471.4030151367188,0.962507963180542
3070,937,3743,128.89813232421875,814.048095703125,330.9166564941406,330.5491943359375,0.9608084559440612
3071,937,6192,123.00382995605467,101.4493179321289,291.70703125,530.8712158203125,0.9543298482894896
3072,937,4378,593.6261596679688,705.3549194335938,232.599853515625,463.2319946289063,0.9426459074020386
3073,938,2483,630.9166259765625,36.43678665161133,199.61328125,480.5221252441406,0.9650375247001648
3074,938,3743,129.7881317138672,805.0275268554688,325.599609375,320.35650634765625,0.9610791206359864
3075,938,4378,581.923095703125,707.3683471679688,227.0703125,455.9000854492188,0.9460985064506532
3076,938,6192,122.16600036621094,75.08602142333984,294.9993896484375,532.0294189453125,0.945154070854187
3077,940,18147,208.75601196289065,227.53929138183597,211.946044921875,427.87835693359375,0.9771339297294616
3078,940,3351,420.5953674316406,900.3032836914062,193.28317260742188,188.06231689453125,0.9626758098602296
3079,940,16232,643.8446044921875,322.68817138671875,189.88214111328125,187.994140625,0.9134313464164734
3080,941,18147,515.89990234375,556.787841796875,215.71417236328125,438.159423828125,0.976418435573578
3081,941,16232,89.63452911376953,711.8042602539062,194.0401611328125,195.22607421875,0.9736170768737792
3082,941,3351,325.5491638183594,142.37794494628906,186.29312133789065,188.7506256103516,0.9672868847846984
3083,942,3351,367.147216796875,201.02847290039065,185.9781494140625,181.5580139160156,0.973211944103241
3084,942,18147,554.030029296875,649.7552490234375,218.7861328125,443.7205810546875,0.9694693684577942
3085,942,16232,130.97950744628906,798.7814331054688,193.3611602783203,192.15533447265625,0.9671158194541932
3086,945,25367,631.439697265625,641.7710571289062,312.59576416015625,519.2921752929688,0.9863946437835692
3087,945,3483,150.90455627441406,219.07542419433597,246.37364196777344,222.1073455810547,0.9730066061019896
3088,945,20238,113.24268341064452,855.9476318359375,228.50372314453125,226.63427734375,0.972803235054016
3089,945,19861,638.3199462890625,278.758056640625,221.2359619140625,171.05099487304688,0.9543572068214417
3090,947,28763,593.7669677734375,886.2214965820312,222.14361572265625,214.24652099609372,0.982979655265808
3091,947,16232,141.37588500976562,846.3453979492188,196.2167053222656,191.65155029296875,0.980170488357544
3092,947,3483,131.6002655029297,288.1830444335937,276.672119140625,174.53057861328125,0.9749554991722108
3093,947,27653,671.6309204101562,253.6041259765625,219.3897705078125,201.3345642089844,0.957041323184967
3094,948,16232,648.220458984375,229.3270721435547,192.51458740234372,183.33226013183597,0.97596675157547
3095,948,28763,187.33262634277344,178.10321044921875,208.0077667236328,202.22604370117188,0.9718382954597472
3096,948,3483,586.612548828125,845.9945678710938,284.07000732421875,165.81146240234375,0.967453122138977
3097,948,27653,94.7498779296875,851.5620727539062,221.67401123046875,207.36590576171875,0.9552865624427797
3098,949,3483,141.8751983642578,289.3625183105469,210.9771270751953,257.7669982910156,0.9819051027297974
3099,949,20877,540.9259033203125,290.6689147949219,334.34942626953125,238.32827758789065,0.9815380573272704
3100,949,16262,111.34098052978516,831.9234619140625,247.2186584472656,245.3206787109375,0.9769392609596252
3101,949,30308,492.6622009277344,721.4107666015625,424.0915222167969,402.9969482421875,0.9753129482269288
3102,95,29667,60.11899185180664,742.9021606445312,231.996826171875,235.9002685546875,0.9687960147857666
3103,95,3351,338.16534423828125,182.2779693603516,182.31219482421875,187.8409576416016,0.9684121608734132
3104,95,32310,498.3460083007813,725.366943359375,385.30853271484375,234.2513427734375,0.9389668703079224
3105,950,20877,85.7166748046875,726.4048461914062,330.89031982421875,240.07208251953125,0.9828603863716124
3106,950,16262,601.7726440429688,184.55702209472656,236.25506591796875,232.52040100097656,0.9791526198387146
3107,950,3483,626.6702270507812,717.281982421875,206.25494384765625,272.6571655273437,0.9785537719726562
3108,950,30308,70.82901000976562,115.55147552490234,402.0895080566406,385.70611572265625,0.972170352935791
3109,951,20877,119.61052703857422,767.629638671875,327.3309020996094,231.80841064453125,0.9825628995895386
3110,951,3483,650.4534912109375,749.7789306640625,210.71539306640625,266.24285888671875,0.9812493920326232
3111,951,16262,630.739990234375,189.2661895751953,242.9228515625,236.04432678222656,0.9774327278137208
3112,951,30308,80.7362060546875,140.6488494873047,420.3009643554688,386.0285034179688,0.9767255187034608
3113,952,16262,164.82286071777344,833.4838256835938,251.73622131347656,242.76239013671875,0.980815052986145
3114,952,30308,551.1481323242188,644.41064453125,387.857666015625,436.2398681640625,0.972881555557251
3115,952,3483,126.76216888427734,271.5664367675781,268.4510498046875,190.14389038085935,0.9723786115646362
3116,952,25469,572.1491088867188,230.91883850097656,378.586181640625,218.57997131347656,0.9663337469100952
3117,953,30308,44.63443374633789,164.4718780517578,378.9669799804688,411.1025390625,0.9790522456169128
3118,953,25469,12.455687522888184,812.4664916992188,382.1860961914063,220.95062255859372,0.9764728546142578
3119,953,3483,575.3409423828125,810.298095703125,279.3623046875,196.15606689453125,0.9724571704864502
3120,953,16262,544.6160888671875,189.2849578857422,240.94775390625,228.06138610839844,0.96970134973526
3121,954,25469,47.955833435058594,855.200927734375,373.0085144042969,222.5223388671875,0.9789368510246276
3122,954,16262,572.2352905273438,195.8685607910156,244.0665283203125,229.5645751953125,0.977867603302002
3123,954,30308,59.9151496887207,184.11021423339844,378.8094787597656,427.5670166015625,0.9748508334159852
3124,954,3483,602.7493286132812,842.92138671875,277.7978515625,190.61572265625,0.9728423953056335
3125,956,27926,597.1947631835938,670.4611206054688,257.0140380859375,489.3699340820313,0.982346534729004
3126,956,19607,142.53741455078125,862.147705078125,159.37371826171875,153.88067626953125,0.980410635471344
3127,956,1900,155.75662231445312,250.42462158203125,206.09683227539065,125.80389404296876,0.976305902004242
3128,956,16551,591.849365234375,0.0,314.96539306640625,441.1150512695313,0.9733355641365052
3129,957,19607,690.9231567382812,299.5498046875,154.80792236328125,147.49142456054688,0.9886223673820496
3130,957,27926,141.2548828125,145.52841186523438,265.6370849609375,456.7818908691406,0.9821208119392396
3131,957,16551,74.5089111328125,785.3896484375,316.2982482910156,489.7095947265625,0.9726648330688475
3132,957,1900,629.2005615234375,894.5372924804688,212.3729248046875,132.77679443359375,0.9658440947532654
3133,962,19607,142.5197296142578,847.1329345703125,161.1987762451172,158.64031982421875,0.9836836457252502
3134,962,1900,149.08969116210938,242.4266357421875,178.49566650390625,179.78900146484375,0.9764420986175536
3135,962,29451,470.18603515625,778.8067626953125,403.805419921875,269.1993408203125,0.9759525656700134
3136,962,16551,626.6490478515625,109.88182830810548,277.0087890625,466.8971557617188,0.9688350558280944
3137,966,31705,134.14553833007812,127.76334381103516,242.7640686035156,420.7833557128906,0.98028963804245
3138,966,16548,121.37478637695312,854.0014038085938,249.21966552734372,236.49078369140625,0.9768450260162354
3139,966,1900,653.6997680664062,902.1242065429688,216.011474609375,149.32257080078125,0.9722331166267396
3140,966,18110,610.8158569335938,215.17393493652344,296.94976806640625,290.4881591796875,0.9199888110160828
3141,967,29667,585.0223388671875,305.6468200683594,231.5950927734375,225.6712951660156,0.9691934585571288
3142,967,3351,406.958984375,886.6338500976562,188.27899169921875,192.64959716796875,0.9596813321113586
3143,967,41768,125.35128784179688,295.3492126464844,256.5351257324219,301.7218322753906,0.948750913143158
3144,968,29667,114.68617248535156,698.3548583984375,228.91786193847656,232.0125732421875,0.972537636756897
3145,968,3351,342.3830261230469,155.93170166015625,182.13882446289065,188.1973876953125,0.9682862162590028
3146,968,41768,561.2894897460938,615.90966796875,262.18701171875,311.14874267578125,0.9518343210220336
3147,97,19607,665.8287353515625,251.9554748535156,155.65911865234375,151.59817504882812,0.9833226799964904
3148,97,29345,111.25294494628906,167.91659545898438,315.47119140625,398.9886169433594,0.9783080220222472
3149,97,1900,686.4323120117188,805.8250122070312,131.090576171875,211.755126953125,0.9771584272384644
3150,97,16548,93.97036743164062,819.031005859375,246.97601318359372,242.0087890625,0.9762266278266908
3151,972,27926,571.3065795898438,628.9564208984375,258.007080078125,493.695068359375,0.9789282083511353
3152,972,1900,143.52288818359375,242.716796875,197.3287048339844,125.05255126953124,0.9767214059829712
3153,972,16551,572.2642211914062,18.092845916748047,328.832763671875,428.541748046875,0.9746085405349731
3154,972,21771,127.74588775634766,773.9832763671875,190.37359619140625,190.51116943359372,0.9501611590385436
3155,973,29345,612.0531005859375,712.323486328125,288.7691650390625,450.4700927734375,0.9883636236190796
3156,973,1900,182.8216094970703,267.7810363769531,129.6367950439453,198.97140502929688,0.980639636516571
3157,973,16551,569.088623046875,83.66656494140625,307.79010009765625,474.9930419921875,0.9711893200874328
3158,973,21771,184.1474456787109,884.5067138671875,188.3709259033203,186.501953125,0.9666804075241088
3159,974,29345,583.1947021484375,678.2892456054688,289.18603515625,449.71685791015625,0.9888999462127686
3160,974,1900,163.1461639404297,255.8212738037109,125.9219207763672,200.69239807128903,0.978646457195282
3161,974,16551,540.3960571289062,74.91461181640625,300.9703369140625,457.23138427734375,0.9698558449745178
3162,974,21771,150.09207153320312,852.615966796875,194.51931762695312,194.77978515625,0.953173577785492
3163,975,29345,114.70654296875,156.92184448242188,271.09332275390625,410.7002258300781,0.9817577004432678
3164,975,16551,105.233642578125,686.717529296875,320.6181640625,489.7423095703125,0.9782514572143556
3165,975,1900,684.6617431640625,806.4180908203125,131.552978515625,209.907470703125,0.978196144104004
3166,975,21771,618.6031494140625,252.4473114013672,187.68389892578125,180.1289825439453,0.95069819688797
3167,979,22074,583.2438354492188,708.7884521484375,188.28021240234372,195.0244140625,0.97805255651474
3168,979,3351,392.7140197753906,157.78558349609375,181.91476440429688,189.18423461914065,0.9679874181747437
3169,979,18357,67.36798095703125,549.7220458984375,286.8503723144531,339.47821044921875,0.954598307609558
3170,980,22074,169.93328857421875,313.1988830566406,184.42205810546875,189.45236206054688,0.9731716513633728
3171,980,3351,353.5504455566406,873.2886962890625,190.58169555664065,191.801513671875,0.9564792513847352
3172,980,18357,572.575439453125,306.07830810546875,292.46142578125,323.46099853515625,0.9139323234558104
3173,982,23223,106.7273178100586,118.54619598388672,293.8303527832031,503.4462890625,0.9762091040611268
3174,982,2483,662.3795776367188,104.13352966308594,217.23583984375,481.5989990234375,0.966375172138214
3175,982,3743,114.72467803955078,837.9234008789062,331.04638671875,331.82037353515625,0.9602089524269104
3176,982,13395,635.6536865234375,675.4197387695312,238.94561767578125,511.85650634765625,0.9425507187843324
3177,983,23223,101.6168212890625,81.63237762451172,296.8340148925781,510.5330200195313,0.978413224220276
3178,983,13395,628.9684448242188,671.7820434570312,227.9571533203125,509.9015502929688,0.9678528308868408
3179,983,2483,671.2406616210938,83.36326599121094,205.11279296875,482.070556640625,0.9668757319450378
3180,983,3743,114.3778305053711,829.8170166015625,321.88922119140625,321.25341796875,0.9660729765892028
3181,984,3743,494.0820617675781,127.47027587890624,315.1756896972656,304.2848815917969,0.962817370891571
3182,984,2483,62.74492645263672,644.1201171875,202.28738403320312,489.80322265625,0.9580949544906616
3183,984,23223,543.2550048828125,620.2259521484375,290.5286865234375,507.9888916015625,0.9580562114715576
3184,984,13395,84.97391510009766,79.02075958251953,226.66091918945312,489.352783203125,0.9574342370033264
3185,985,29451,525.7495727539062,804.9708251953125,420.6259765625,229.60498046875,0.9823743104934692
3186,985,16548,576.4166259765625,187.5155029296875,232.62689208984372,223.91256713867188,0.97708922624588
3187,985,1900,137.82569885253906,220.0210723876953,203.4575042724609,148.1396026611328,0.9764150381088256
3188,985,24850,115.80912017822266,736.2916870117188,202.4853515625,288.43682861328125,0.9668206572532654
3189,986,16548,141.6077880859375,836.8753051757812,241.33755493164065,234.16558837890625,0.9762460589408876
3190,986,29451,43.25931167602539,235.3312225341797,405.1889343261719,224.54771423339844,0.9732893705368042
3191,986,1900,630.6580200195312,901.9454956054688,211.7830810546875,153.90789794921875,0.972674548625946
3192,986,24850,645.5736083984375,254.14791870117188,192.53125,274.7877502441406,0.9688901305198668
3193,988,3483,599.4107055664062,867.9610595703125,257.52264404296875,229.9547119140625,0.9799488186836244
3194,988,36637,617.1599731445312,201.271240234375,266.88934326171875,149.64019775390625,0.9698337316513062
3195,988,22347,158.20742797851562,182.21278381347656,207.9105529785156,198.6535797119141,0.9620221257209778
3196,988,19861,126.39686584472656,864.1724243164062,220.6101226806641,170.10260009765625,0.9511398077011108
3197,989,36637,594.356201171875,194.4452362060547,254.40020751953125,154.13160705566406,0.979367196559906
3198,989,3483,571.5018310546875,837.0403442382812,259.8969116210937,233.36932373046875,0.9744826555252076
3199,989,22347,141.36386108398438,174.5431671142578,202.6761779785156,200.04005432128903,0.9670658707618712
3200,989,19861,90.57537078857422,827.3135375976562,225.0015869140625,176.18756103515625,0.9635551571846008
3201,990,3483,152.86083984375,218.08238220214844,246.74163818359372,221.0767974853516,0.9732515811920166
3202,990,22347,626.6114501953125,888.8856811523438,214.82318115234372,206.32513427734372,0.970270335674286
3203,990,36637,92.38914489746094,908.5322265625,280.55596923828125,162.4095458984375,0.9654431343078612
3204,990,19861,641.114990234375,277.317138671875,219.94268798828125,172.0977783203125,0.9507463574409484
3205,991,16548,571.1959228515625,219.90667724609372,233.45697021484372,227.787841796875,0.9772518873214722
3206,991,10221,587.1808471679688,772.5036010742188,225.661376953125,225.62945556640625,0.9682040214538574
3207,991,3544,90.75179290771484,224.63548278808597,203.1717529296875,195.88804626464844,0.9647558331489564
3208,991,21026,101.5796890258789,820.1522216796875,179.8480224609375,179.15765380859375,0.9493840932846068
3209,993,16548,600.5308837890625,231.2003936767578,236.77484130859372,228.5612945556641,0.9767321944236756
3210,993,3544,110.93641662597656,234.07232666015625,206.16444396972656,198.3748779296875,0.9675581455230712
3211,993,10221,610.2506713867188,811.909423828125,226.816650390625,212.780029296875,0.965943157672882
3212,993,21026,135.26327514648438,851.60400390625,176.95477294921875,179.7137451171875,0.9602633118629456
3213,994,16262,118.17051696777344,846.760009765625,247.0878448486328,239.93505859375,0.9802855253219604
3214,994,3483,131.62814331054688,288.7080383300781,276.61004638671875,174.09530639648438,0.9753841757774352
3215,994,30308,500.2407531738281,751.23876953125,393.4491271972656,432.4207763671875,0.9696453213691713
3216,994,27653,671.6051025390625,253.36351013183597,219.42828369140625,202.19151306152344,0.9558315277099608
3217,996,16262,619.5958862304688,182.3795318603516,245.6197509765625,233.4084930419922,0.9763210415840148
3218,996,30308,104.69564819335938,79.57172393798828,391.0211791992188,421.5400695800781,0.9744606018066406
3219,996,3483,586.8593139648438,845.7311401367188,283.4086303710937,165.757568359375,0.9680433869361876
3220,996,27653,94.81717681884766,850.5684204101562,222.87319946289065,208.65020751953125,0.956543505191803
3221,997,1900,150.49046325683594,242.0240936279297,179.08396911621094,178.7871551513672,0.983138918876648
3222,997,29451,456.3109130859375,809.8585205078125,423.9871215820313,223.9786376953125,0.9800623059272766
3223,997,16551,587.618896484375,62.11188888549805,279.36737060546875,466.08538818359375,0.9721776843070984
3224,997,21771,123.1235580444336,806.7515869140625,194.2462158203125,184.1112060546875,0.9547992944717408
3225,998,29451,490.23828125,848.71923828125,415.52154541015625,215.9830322265625,0.9843459725379944
3226,998,1900,167.97674560546875,247.55413818359372,182.63018798828125,181.72390747070312,0.979993462562561
3227,998,16551,617.6456909179688,72.61409759521484,285.6102905273437,484.4164123535156,0.9752678871154784
3228,998,21771,158.61053466796875,843.8273315429688,191.3724670410156,177.096435546875,0.9433444142341614
3229,999,1900,642.9114990234375,845.3179931640625,189.00811767578125,189.1754150390625,0.9776179194450378
3230,999,16551,77.41268157958984,689.384765625,292.8895568847656,499.0877685546875,0.9757742285728456
3231,999,29451,115.32414245605467,238.3575134277344,396.139892578125,218.89312744140625,0.9712234139442444
3232,999,21771,645.1920776367188,293.0161437988281,189.5845947265625,179.10107421875,0.9417301416397096
