annotation_id,image_id,category_id,bbox_x,bbox_y,bbox_w,bbox_h,score
1,1,1900,154.17144775390625,245.411865234375,213.26715087890625,136.8199462890625,0.28676092624664307
2,1,16551,548.2242431640625,50.228973388671875,410.611083984375,448.22528076171875,0.2849340668091407
3,1,24850,164.07528686523438,741.374755859375,196.65948486328125,295.685302734375,0.2786590502812312
4,1,27926,573.5780639648438,672.122314453125,294.2939453125,483.52587890625,0.2612837919822106
5,10,16548,101.04431915283203,800.81201171875,248.96392059326172,248.5469970703125,0.34121543169021606
6,10,29451,98.221923828125,215.10296630859375,421.1416015625,263.103759765625,0.31032330714739287
7,10,1900,638.4464111328125,835.5081787109375,195.6727294921875,202.0546875,0.2825134304853586
8,10,16548,625.9917602539062,800.81201171875,248.96392059326172,248.5469970703125,0.27297234535217285
9,100,16548,579.4324951171875,122.72378540039062,244.5955810546875,240.8934326171875,0.34098554116029006
10,100,1900,132.14886474609375,237.904052734375,198.6253662109375,171.71697998046875,0.2958450409082266
11,100,33009,510.095703125,781.8463134765625,387.6990966796875,231.590087890625,0.2831108295000516
12,100,16548,151.971923828125,122.72378540039062,244.5955810546875,240.8934326171875,0.27278843292823207
13,1003,16232,644.188720703125,177.4595947265625,198.361328125,191.99993896484375,0.3142932057380676
14,1003,3483,598.7313232421875,785.4266357421875,285.897216796875,211.986328125,0.3065054233257587
15,1003,27733,118.68038940429688,758.6138916015625,320.4857177734375,298.2657470703125,0.29429277548423177
16,1003,34597,25.007858276367188,143.81451416015625,480.71083068847656,460.2891845703125,0.2938419809708228
17,1004,16232,137.38113403320312,885.4554443359375,206.18975830078125,201.7568359375,0.3208087270076458
18,1004,3483,120.80877685546875,303.0858154296875,280.0191650390625,210.155029296875,0.3088345206700838
19,1004,27733,549.8612060546875,250.5677490234375,320.463623046875,285.49798583984375,0.30874417378352237
20,1004,34597,498.6040954589844,645.1551513671875,477.3959045410156,476.7567138671875,0.29510034964634824
21,1005,16232,613.860107421875,170.78826904296875,197.1077880859375,194.65484619140625,0.32095906826166004
22,1005,3483,569.9844970703125,752.7708740234375,288.58984375,214.793212890625,0.3110846418600816
23,1005,27733,82.46975708007812,713.2562866210938,327.83795166015625,301.7369384765625,0.29643168816199666
24,1005,34597,16.671875,109.24261474609375,466.9993896484375,474.06646728515625,0.2923922355358417
25,1006,25367,31.418151855468746,161.3153076171875,468.37695312499994,462.29150390625,0.31703339173243594
26,1006,20238,610.9693603515625,186.1915283203125,236.731201171875,231.46966552734375,0.2940729260444641
27,1006,3483,593.8297729492188,834.736572265625,292.6024169921875,204.52587890625,0.2851850252885085
28,1006,25367,476.20489501953125,161.3153076171875,468.376953125,462.29150390625,0.2536267133859488
29,1007,25367,23.36517333984375,145.5388946533203,449.82952880859375,443.93638610839844,0.29793551334967977
30,1007,20238,581.1459350585938,182.15216064453125,234.545166015625,228.28070068359375,0.28889734011430007
31,1007,3483,569.196044921875,803.6732177734375,292.267822265625,205.027587890625,0.2887168526649475
32,1007,25469,0.4813232421875,799.63623046875,398.92095947265625,246.88232421875,0.28098376897665167
33,1009,22347,74.2319107055664,191.38987731933594,212.94579315185547,206.27613830566406,0.31616398921379674
34,1009,3483,568.8271484375,804.7586669921875,292.69873046875,203.76611328125,0.29181854082987857
35,1009,16262,536.630126953125,176.24810791015625,256.947021484375,251.79443359375,0.2878777338908269
36,1009,25469,0.621429443359375,800.8182373046875,399.1796569824219,245.706298828125,0.28201538782853347
37,1010,22347,91.30318450927734,200.78179931640625,215.77863311767578,207.5230712890625,0.3242544715221111
38,1010,16262,563.6671142578125,180.865478515625,261.342529296875,256.12261962890625,0.2902924555998582
39,1010,3483,594.7235107421875,835.9803466796875,291.7242431640625,202.0562744140625,0.28184539996660674
40,1010,22347,668.9181823730469,200.78179931640625,215.77863311767578,207.5230712890625,0.259403577217689
41,1012,16548,605.117919921875,150.72328186035156,243.16748046875,238.40074157714844,0.3250780472388634
42,1012,24850,132.82720947265625,703.10302734375,200.25921630859375,298.13623046875,0.2880544845874493
43,1012,1900,137.76190185546875,237.03482055664062,207.8258056640625,138.5367431640625,0.2862479595037607
44,1012,27926,540.186279296875,622.2320556640625,302.0233154296875,494.851318359375,0.2728047508459825
45,1013,16548,101.76744842529297,859.3255615234375,250.97046661376953,251.5205078125,0.340463243998014
46,1013,27926,139.4258575439453,135.96661376953125,285.79185485839844,471.81317138671875,0.30599401547358585
47,1013,24850,627.9862060546875,269.333251953125,199.314208984375,287.7569580078125,0.28199695623837984
48,1013,1900,623.78125,886.048828125,220.868408203125,146.494873046875,0.27751101897313046
49,1014,16548,634.1922607421875,155.93341064453125,247.41748046875,241.2542724609375,0.32665770787459153
50,1014,1900,154.468505859375,245.81100463867188,214.14434814453125,139.14520263671875,0.28574604254502517
51,1014,24850,164.18955993652344,741.463134765625,196.73524475097656,295.8123779296875,0.2800122132668128
52,1014,27926,569.7178955078125,670.8192138671875,295.743408203125,483.2816162109375,0.266951505954449
53,1015,20877,113.26739501953125,761.2059326171875,347.02679443359375,256.9613037109375,0.3129269526554988
54,1015,35206,647.96044921875,168.11199951171875,241.60107421875,420.64923095703125,0.3052262847240155
55,1015,3483,640.654541015625,741.8182373046875,225.818603515625,276.27001953125,0.29414816544606137
56,1015,30308,52.55706787109375,112.25616455078125,418.94189453125,429.00372314453125,0.2882511799152081
57,1016,3483,134.00711059570312,284.8677978515625,225.15231323242188,270.58154296875,0.31498255637975836
58,1016,35206,89.10140991210938,664.9287109375,254.12387084960938,420.312255859375,0.3097929862829355
59,1016,20877,535.6939697265625,283.6429443359375,341.6884765625,254.31494140625,0.30774428294255185
60,1016,30308,519.9459228515625,703.8421630859375,431.703369140625,448.400146484375,0.2659051234905536
61,1018,3483,120.5447998046875,302.89727783203125,278.86517333984375,210.45855712890625,0.3072909437693082
62,1018,27733,547.5234375,246.592041015625,315.7425537109375,279.45147705078125,0.305781731238732
63,1018,29667,87.84783172607422,855.5960693359375,236.57337188720703,237.7489013671875,0.3049800029167762
64,1019,29667,662.5383911132812,174.59796142578125,233.3807373046875,229.7008056640625,0.31125511114413923
65,1019,3483,598.6370849609375,785.40478515625,285.932861328125,211.399658203125,0.30304606144244856
66,1019,27733,123.364990234375,763.87939453125,320.29083251953125,299.529541015625,0.29170077580672044
67,1019,30308,86.48150634765625,189.61474609375,476.85406494140625,350.1573486328125,0.2681390368021451
68,102,16548,606.9246826171875,125.23171997070312,250.03759765625,245.1273193359375,0.33144398377491874
69,102,33009,539.3518676757812,819.4300537109375,385.6405029296875,229.5556640625,0.301034152507782
70,102,1900,149.68768310546875,247.33181762695312,204.4422607421875,174.689697265625,0.29226431479820836
71,102,16548,119.0377197265625,125.23171997070312,250.03759765625,245.1273193359375,0.265155187019935
72,1020,29667,632.868408203125,172.3245849609375,229.181884765625,225.8370361328125,0.31648791753328764
73,1020,3483,569.789306640625,752.6143798828125,288.890625,214.993408203125,0.3109349883519686
74,1020,27733,88.135009765625,720.783203125,325.91265869140625,301.3416748046875,0.2998336920371422
75,1020,30308,68.30474853515625,162.0542449951172,480.43548583984375,351.18165588378906,0.26336089922831607
76,1022,33208,571.27978515625,800.5089111328125,231.001220703125,220.989990234375,0.3280029617823087
77,1022,29451,28.15380859375,785.58447265625,435.6745910644531,258.412109375,0.32034436097511876
78,1022,1900,144.51730346679688,233.0287628173828,187.7061767578125,190.91844177246094,0.29473405617934006
79,1022,16551,606.4103393554688,19.044845581054688,308.1591796875,480.04896545410156,0.2873765963774461
80,1023,29451,63.15988159179688,825.3541259765625,428.9015502929687,254.8929443359375,0.32599715086129993
81,1023,33208,599.8291015625,833.8900146484375,227.257080078125,215.697265625,0.3248318112813509
82,1023,16551,633.1939697265625,15.965377807617188,325.272705078125,508.71241760253906,0.28986706183506894
83,1023,1900,164.52630615234375,244.806640625,185.8927001953125,189.55694580078125,0.2867720677302434
84,1025,3483,131.83877563476562,282.17523193359375,227.42257690429688,271.42333984375,0.3090246824117807
85,1025,20877,537.3797607421875,284.89080810546875,340.790771484375,252.284423828125,0.3070544738035936
86,1025,16262,105.26361083984375,828.62451171875,257.39886474609375,254.372802734375,0.30641356339821446
87,1025,28763,635.7244262695312,857.921142578125,233.2359619140625,223.0380859375,0.2996751895317664
88,1026,20877,114.68142700195312,760.3719482421875,344.833984375,258.846923828125,0.31714732830341047
89,1026,28763,130.93313598632812,196.822021484375,227.1802978515625,217.214599609375,0.30331494716497565
90,1026,3483,640.3388671875,743.3333740234375,225.537109375,276.328125,0.29648102246798
91,1026,16262,622.5538940429688,179.8426971435547,255.1619873046875,253.16969299316406,0.2895762599431551
92,1027,16232,592.43798828125,256.1916809082031,201.80859375,199.98779296875,0.26400174085910505
93,1027,13900,180.0804443359375,279.2735595703125,221.61114501953125,249.377685546875,0.2577617305975694
94,1027,3351,346.126708984375,872.7069091796875,205.5391845703125,214.6182861328125,0.25699042356931245
95,1028,3351,387.1102294921875,146.79872512817383,200.77679347991943,210.81048965454102,0.4865076450201181
96,1028,16232,134.57687377929688,781.51513671875,194.9283447265625,191.241943359375,0.3029603912280156
97,1028,13900,538.7047119140625,698.3377685546875,226.802978515625,263.6103515625,0.2908036342033973
98,1029,13900,581.763671875,789.0697021484375,216.8076171875,259.0997314453125,0.30458869842382574
99,1029,16232,173.6990966796875,861.3602294921875,201.6502685546875,203.25830078125,0.29882545654590315
100,1029,3351,425.9581298828125,206.1056365966797,205.19189453125,205.17799377441406,0.2730481211955731
101,1030,3483,571.0496826171875,752.5343017578125,288.1993408203125,214.24560546875,0.31082329841760487
102,1030,35206,558.12646484375,108.37493896484375,270.623046875,400.07012939453125,0.3017823971234835
103,1030,27733,83.6131591796875,713.4793701171875,327.0234375,301.854248046875,0.2984215892278231
104,1030,34597,40.3328857421875,125.9412841796875,475.4866943359375,466.51806640625,0.2826963021205022
105,1034,28763,643.385986328125,880.5791015625,229.7823486328125,222.697265625,0.31945045177753156
106,1034,3483,141.20269775390625,211.5189208984375,264.5694580078125,234.63250732421875,0.3133756380814772
107,1034,36637,92.1988525390625,897.9317626953125,283.7387390136719,180.7080078125,0.29680368991998524
108,1034,28763,102.8316650390625,880.5791015625,229.7823486328125,222.697265625,0.25556036142202526
109,1039,28763,125.02081298828125,208.15191650390625,223.909423828125,213.813720703125,0.2921937062190129
110,1039,16262,560.218505859375,180.02297973632812,266.1837158203125,257.9947509765625,0.2878205363567059
111,1039,3483,594.391845703125,835.612060546875,291.8201904296875,202.609375,0.28407848798311675
112,1039,25469,40.39434814453125,844.4986572265625,393.97625732421875,245.7454833984375,0.2554285297027001
113,104,21325,606.4086303710938,755.29345703125,192.564453125,242.1419677734375,0.3265586495399475
114,104,18357,90.30487060546875,602.1634521484375,282.24285888671875,385.73291015625,0.31926769476670486
115,104,21325,606.4086303710938,282.5645751953125,192.564453125,242.1419677734375,0.261246919631958
116,104,21325,177.02691650390625,755.29345703125,192.564453125,242.1419677734375,0.261246919631958
117,1041,28763,646.653076171875,849.49462890625,228.534912109375,222.609375,0.3148656166516817
118,1041,16262,159.235107421875,823.169921875,263.64630126953125,260.83154296875,0.2969792943734389
119,1041,3483,120.97639465332031,267.1801452636719,283.83592224121094,201.6795654296875,0.2948026702954219
120,1041,28763,100.81201171875,849.49462890625,228.534912109375,222.609375,0.2518924933213454
121,1043,18357,43.434783935546875,619.2982177734375,279.7391052246094,368.630615234375,0.3150958052048316
122,1043,3351,307.8128662109375,158.9754638671875,198.63720703125,207.83050537109375,0.2529995716535128
123,1043,18357,43.434783935546875,292.0711669921875,279.7391052246094,368.630615234375,0.2520766441638653
124,1043,18357,652.8261108398438,619.2982177734375,279.7391052246094,368.630615234375,0.2520766441638653
125,1044,18357,85.73440551757812,714.042724609375,285.3209533691406,371.26220703125,0.3323461000735943
126,1044,18357,85.73440551757812,194.695068359375,285.3209533691406,371.26220703125,0.26587688005887544
127,1044,18357,604.9446411132812,714.042724609375,285.3209533691406,371.26220703125,0.26587688005887544
128,1044,3351,344.41009521484375,216.06065368652344,204.853271484375,207.13905334472656,0.2632166559879596
129,1045,20877,36.10369873046875,751.2553100585938,346.01763916015625,262.67724609375,0.3212411357806279
130,1045,29667,585.9760131835938,171.28321838378906,232.5462646484375,228.89744567871094,0.3125624244029705
131,1045,3483,609.9930419921875,707.7137451171875,228.8673095703125,284.814697265625,0.29229854161922747
132,1045,28763,130.63943481445312,206.96279907226562,223.67474365234375,211.70849609375,0.2911674976348877
133,1046,20877,68.8953857421875,793.9566650390625,344.3077087402344,261.774658203125,0.3250181904205909
134,1046,29667,615.3065185546875,176.00399780273438,235.7784423828125,229.857666015625,0.3096169691819411
135,1046,3483,640.5311279296875,744.17431640625,225.417724609375,275.838623046875,0.29629244254185605
136,1046,28763,148.4896240234375,215.30697631835938,228.0233154296875,215.67144775390625,0.28339489148213315
137,1047,3483,134.659912109375,283.86370849609375,226.05035400390625,269.66729736328125,0.31360658315511847
138,1047,29667,130.88088989257812,854.6724853515625,240.20941162109375,239.528076171875,0.3102750044602614
139,1047,20877,583.523193359375,251.4319305419922,338.95166015625,259.01197814941406,0.3095561724442702
140,1047,28763,618.8321533203125,839.753662109375,231.8995361328125,222.0234375,0.30201189793073213
141,1050,5094,127.11868286132812,839.422119140625,294.1956787109375,292.138671875,0.3086123099693885
142,1050,22627,81.24758911132812,171.6392822265625,350.4111328125,481.254150390625,0.2920607878611638
143,1050,2483,624.76318359375,81.28843688964844,241.19189453125,486.01173400878906,0.2609225878348717
144,1051,4378,124.4429931640625,111.07305908203125,241.29132080078125,436.044677734375,0.332905466739948
145,1051,23223,474.1109313964844,637.3388671875,410.0825500488281,506.9947509765625,0.30768208778821504
146,1051,5094,538.430419921875,178.2120361328125,291.16015625,292.25457763671875,0.2895860717846797
147,1051,4378,610.2656860351562,111.07305908203125,241.29132080078125,436.044677734375,0.26632437339195836
148,1053,23223,65.5623779296875,67.78997802734375,399.25518798828125,498.7265625,0.3162023425102234
149,1053,4378,563.3671875,698.29345703125,257.665283203125,461.79248046875,0.30454241312467134
150,1053,5094,96.24411010742188,792.72265625,293.8905029296875,290.6650390625,0.2788648009300232
151,1053,2483,594.7650146484375,47.3775634765625,254.7867431640625,494.53399658203125,0.2783831037007845
152,1055,3483,559.02880859375,759.9832763671875,294.20263671875,213.656982421875,0.30868672407590425
153,1055,29667,642.84521484375,177.9842529296875,227.392822265625,227.7711181640625,0.30218507234866804
154,1055,27733,75.32559204101562,720.302734375,335.8695983886719,290.52294921875,0.296727166726039
155,1055,31885,46.09649658203125,19.43060302734375,444.8703002929688,514.6363525390625,0.29585941479756284
156,1056,29667,672.81640625,181.3341064453125,231.636962890625,230.08074951171875,0.3137659797301659
157,1056,3483,588.4547119140625,792.818603515625,288.018310546875,209.7646484375,0.30728881175701434
158,1056,31885,58.03857421875,32.86907958984375,456.48187255859375,517.503662109375,0.28255380116976225
159,1056,27733,111.53657531738281,764.730224609375,329.29393005371094,290.554931640625,0.28225518189943755
160,1057,4378,628.494873046875,704.54052734375,247.812744140625,460.316162109375,0.3061852088341346
161,1057,25438,100.307861328125,820.7418212890625,276.366943359375,271.9180908203125,0.2820597015894376
162,1057,2483,590.7513427734375,57.69966125488281,266.9169921875,491.33543395996094,0.2720812421578627
163,1058,4378,633.19384765625,707.345703125,252.51171875,463.158203125,0.29172539710998535
164,1058,2483,580.8193359375,101.23236083984375,273.9920654296875,460.853271484375,0.2815479957140409
165,1058,25438,101.10009765625,831.0965576171875,278.9793701171875,280.822998046875,0.26173025369644165
166,1060,22627,520.662109375,623.8895263671875,369.48583984375,502.1014404296875,0.2937454672960135
167,1060,25438,543.3875732421875,192.67465209960938,269.668212890625,270.8228759765625,0.28701133452928984
168,1060,13395,105.99942016601562,52.53485107421875,267.68951416015625,476.64251708984375,0.2536625816271855
169,1060,2483,99.93680572509766,675.15380859375,244.96239471435547,490.6060791015625,0.2516452165750357
170,1064,20238,610.28564453125,185.97242736816406,237.8719482421875,231.78636169433594,0.30089176618135893
171,1064,34597,45.04832458496094,112.65809631347656,490.29054260253906,469.08934020996094,0.2987758700664227
172,1064,3483,594.7117919921875,835.8448486328125,291.6748046875,202.33349609375,0.2842836655103243
173,1064,25469,40.58544921875,844.096435546875,393.8203125,246.6802978515625,0.25321093889383167
174,1065,20238,133.96685791015625,845.038818359375,244.7022705078125,236.21484375,0.3006838605954097
175,1065,3483,123.08821105957031,270.3311767578125,283.74241638183594,200.2838134765625,0.29564066575123715
176,1065,34597,473.817138671875,667.786865234375,483.806640625,476.953857421875,0.2807106880041269
177,1067,3483,129.28131103515625,278.24139404296875,286.79547119140625,191.8680419921875,0.2966433992752662
178,1067,31885,544.566650390625,660.9908447265625,426.652587890625,569.7392578125,0.28981380737744844
179,1067,16262,113.6912841796875,836.67529296875,261.41632080078125,259.109619140625,0.28827211031546957
180,1069,21771,111.46875,195.88754272460938,202.45111083984375,196.41412353515625,0.3401690721511841
181,1069,16548,637.2196044921875,156.91082763671875,246.34619140625,241.80755615234375,0.32987993497114915
182,1069,1900,620.8194580078125,889.2703857421875,209.03515625,144.469482421875,0.2930018993524405
183,1069,21026,134.72833251953125,863.189208984375,186.775634765625,186.639892578125,0.2838680148124695
184,1070,16548,99.38379669189453,857.0281982421875,251.64568328857422,251.90478515625,0.3415025885288532
185,1070,21771,677.8914794921875,877.3663330078125,211.9053955078125,202.81982421875,0.30569814718686616
186,1070,21026,668.1510009765625,267.5638427734375,185.7012939453125,181.216064453125,0.29511366899196917
187,1070,1900,172.28829956054688,274.728759765625,210.99957275390625,150.127685546875,0.2893730310293344
188,1073,22347,114.17901611328125,191.40618896484375,209.6925048828125,206.97015380859375,0.3085218943082369
189,1073,36637,629.4533081054688,174.56478881835938,196.017822265625,253.6497802734375,0.29221277970534104
190,1073,27777,137.01336669921875,772.2179565429688,192.3890380859375,212.77490234375,0.28475763706060553
191,1073,3483,520.7293701171875,766.1175537109375,288.78271484375,238.1982421875,0.27953065358675444
192,1075,4543,605.2330932617188,138.80609130859375,213.21435546875,203.7960205078125,0.30083768642865694
193,1075,3544,101.54967498779297,153.9919891357422,212.35498809814453,209.37953186035156,0.3007960090270409
194,1075,29871,594.547607421875,761.4676513671875,220.330322265625,241.7369384765625,0.2898178192285391
195,1075,16551,84.4697265625,585.8255615234375,346.861572265625,476.8153076171875,0.2664379202402555
196,1076,3544,659.992431640625,892.481201171875,228.43798828125,222.9952392578125,0.3114736767915579
197,1076,4543,130.2652587890625,912.8084716796875,220.16213989257812,220.1309814453125,0.31039114181811994
198,1076,16551,523.7470703125,178.987548828125,340.957275390625,464.3839111328125,0.28923479410318226
199,1077,3544,114.66228485107422,157.26348876953125,214.65906524658203,217.80499267578125,0.3040047333790706
200,1077,4543,634.87744140625,139.58993530273438,216.54052734375,205.73590087890625,0.30377523257182193
201,1077,16551,117.3978271484375,635.8955078125,342.34967041015625,476.96728515625,0.27369590905996466
202,1077,29871,625.2685546875,800.412353515625,214.3868408203125,231.793212890625,0.2594316005706787
203,1079,20877,66.28628540039062,792.9072265625,341.6510925292969,263.71533203125,0.31526434880036575
204,1079,22347,116.47515869140625,212.8126220703125,213.5201416015625,208.07769775390625,0.31505898787425113
205,1079,29667,617.5926513671875,178.0651397705078,234.35009765625,230.87144470214844,0.30814340481391317
206,1079,3483,638.2747802734375,748.4019775390625,225.251708984375,275.756591796875,0.29832963760082537
207,108,25438,132.74313354492188,833.9595947265625,277.9134521484375,272.95556640625,0.28512150049209595
208,108,2483,588.3589477539062,77.5411376953125,266.66845703125,485.16729736328125,0.2714976668357849
209,108,22362,566.735107421875,741.5535888671875,289.29931640625,423.044189453125,0.2522764068383437
210,1080,22347,100.1080322265625,206.31594848632812,211.41668701171875,201.8751220703125,0.32585063805946934
211,1080,20877,33.0736083984375,750.78125,345.6812744140625,264.352294921875,0.32293060651192296
212,1080,29667,588.1063232421875,174.36305236816406,232.8485107421875,230.33836364746094,0.31071825669361997
213,1080,3483,607.2616577148438,711.3255615234375,230.462646484375,285.231689453125,0.291126393354856
214,1081,44199,90.63555908203125,174.87266540527344,265.26190185546875,245.49085998535156,0.33283602732878464
215,1081,16551,463.40704345703125,182.074951171875,482.838134765625,373.746826171875,0.3032474105174725
216,1081,1900,607.2310791015625,899.989013671875,210.0888671875,144.4012451171875,0.28977006673812866
217,1081,21026,122.57565307617186,861.224365234375,188.07363891601562,186.010986328125,0.2792906302672166
218,1085,20877,83.31884765625,720.4708251953125,347.396484375,253.634521484375,0.32550073586977446
219,1085,16232,620.1790771484375,213.6114501953125,201.056396484375,195.1976318359375,0.3183561104994554
220,1085,25367,25.78961181640625,118.74835205078125,458.15869140625,435.07379150390625,0.30734479427337646
221,1085,3483,610.67041015625,706.016357421875,229.363037109375,286.8463134765625,0.29080865474847645
222,1087,3544,131.53768920898438,171.4429931640625,211.69754028320312,205.59228515625,0.3107201365324167
223,1087,10221,612.5848388671875,195.92300415039062,236.641845703125,232.03936767578125,0.2997812399497399
224,1087,16551,74.91781616210938,581.2796630859375,321.8427429199219,490.6424560546875,0.2843561997780433
225,1087,31705,551.3310546875,671.1873779296875,282.092041015625,462.447265625,0.2792680263519287
226,1089,10221,102.08636474609375,824.129150390625,241.87774658203125,241.113525390625,0.31419203831599307
227,1089,31705,143.77056884765625,142.53065490722656,271.894287109375,430.64964294433594,0.30484254543597883
228,1089,3544,623.744873046875,880.1927490234375,229.670654296875,225.236572265625,0.2999694530780499
229,1089,16551,565.3702392578125,173.26551818847656,320.28369140625,475.44700622558594,0.29316970935234654
230,109,3483,141.1719512939453,212.27903747558594,264.16490173339844,234.25209045410156,0.31581805302546573
231,109,25367,562.7501220703125,714.162353515625,413.2498779296875,508.8638916015625,0.3053022347963773
232,109,35206,102.66535949707031,761.047607421875,313.49742126464844,410.91455078125,0.264290296114408
233,109,3483,570.6631469726562,212.27903747558594,264.16490173339844,234.25209045410156,0.2526544424203726
234,1092,16548,82.35702514648438,909.425048828125,250.98367309570312,248.6103515625,0.3355102584912227
235,1092,44199,134.29052734375,235.38027954101562,251.55303955078125,246.22515869140625,0.3129516427333538
236,1092,1900,648.502197265625,842.971435546875,216.129638671875,172.5830078125,0.29624475882603574
237,1092,33009,563.005126953125,205.5181884765625,332.428466796875,307.05859375,0.27871854030168974
238,1093,3483,140.95494079589844,211.9680938720703,264.86244201660156,234.73851013183594,0.31455700214092547
239,1093,34597,490.85534667968756,676.66455078125,481.53027343749994,486.3902587890625,0.2942066926222581
240,1093,16262,93.73583984375,842.906005859375,260.0579528808594,257.2049560546875,0.2873845054553105
241,1093,3483,570.1826171875,211.9680938720703,264.86244201660156,234.73851013183594,0.2516456017127404
242,1095,3483,592.0617065429688,859.41650390625,270.166259765625,243.077392578125,0.3036494438464825
243,1095,34597,38.29588317871094,106.53504943847656,476.45338439941406,460.09141540527344,0.2988485877330487
244,1095,16262,631.683349609375,165.99293518066406,256.73583984375,250.38670349121094,0.288374492755303
245,1095,19861,124.633544921875,860.4354248046875,229.719482421875,177.885986328125,0.26292124619850743
246,1096,6563,151.4445343017578,668.08642578125,250.41770935058594,375.074951171875,0.329040907896482
247,1096,27993,540.6705322265625,765.97216796875,322.24267578125,260.676025390625,0.3117490044006934
248,1096,16551,466.2540588378906,87.1263427734375,464.3202819824219,379.07244873046875,0.31136982716046846
249,1096,6563,574.1377563476562,668.08642578125,250.41770935058594,375.074951171875,0.26323272631718564
250,1097,6563,182.68099975585938,707.2501220703125,251.1917724609375,376.9609375,0.32383370857972366
251,1097,16551,490.3306579589844,101.92584228515625,479.3545227050781,381.92071533203125,0.30777931213378906
252,1097,3544,103.74118041992188,199.03656005859375,216.10797119140625,211.1346435546875,0.30158581642004156
253,1097,6563,542.1272277832031,707.2501220703125,251.1917724609375,376.9609375,0.25906696686377895
254,1098,27993,122.9073028564453,245.12371826171875,304.53050231933594,247.41033935546875,0.34831457413159883
255,1098,6563,559.4424438476562,227.7515106201172,250.3306884765625,349.25758361816406,0.3134445960705097
256,1098,3544,672.0966796875,855.520751953125,223.8465576171875,223.7353515625,0.29720352246211124
257,1098,16551,9.814682006835938,767.738525390625,481.58534240722656,383.4581298828125,0.2940327846086942
258,110,25367,23.939453125,42.23301696777344,411.547119140625,492.02223205566406,0.31832163150493914
259,110,3483,591.8724975585938,859.4974365234375,270.4732666015625,243.064697265625,0.30419063109617966
260,110,35206,570.0159912109375,84.23750305175781,305.387939453125,404.79881286621094,0.3033585044053885
261,110,19861,124.62042236328125,860.450927734375,229.69061279296875,177.9052734375,0.26276061168083775
262,1100,36637,628.8641967773438,175.02719116210938,196.158203125,253.7894287109375,0.29772297694132877
263,1100,31885,46.96063232421875,87.81605529785156,434.76763916015625,509.56809997558594,0.295759760416471
264,1100,27777,136.90859985351562,771.6135864257812,191.90234375,213.182861328125,0.28635061704195464
265,1100,3483,521.4296875,766.30126953125,287.231201171875,237.62548828125,0.28322222141119147
266,1101,3483,552.5245361328125,805.943603515625,281.390869140625,227.854248046875,0.29456512286112857
267,1101,36637,658.195556640625,177.55532836914062,197.97900390625,259.7034912109375,0.2924426243855403
268,1101,27777,170.20716857910156,810.42138671875,189.42076110839844,209.198974609375,0.2904404585178082
269,1101,31885,57.69316101074219,109.00494384765625,447.67567443847656,512.0718383789062,0.28738012680640584
270,1105,22347,107.4650650024414,207.10853576660156,215.66948699951172,205.97019958496094,0.3241467017393846
271,1105,35206,587.6126098632812,115.9849853515625,277.0516357421875,412.295654296875,0.32193032594827503
272,1105,3483,598.960205078125,785.1845703125,285.68798828125,211.99658203125,0.3037311939092783
273,1105,27733,119.51019287109375,757.7122802734375,321.72265625,300.3642578125,0.29385573588884795
274,1109,3483,582.5178833007812,833.74609375,293.1793212890625,185.59912109375,0.29783886212569016
275,1109,28763,134.77938842773438,216.91192626953125,226.4033203125,215.7156982421875,0.29686863605792707
276,1109,16262,615.4176025390625,172.94903564453125,253.881103515625,246.39361572265625,0.2898565622476431
277,1111,29667,597.318115234375,169.8870849609375,229.466796875,226.49835205078125,0.31290104755988485
278,1111,28763,112.1879653930664,181.13262939453125,219.31566619873047,210.07183837890625,0.2978803561283992
279,1111,3483,549.251708984375,796.2427978515625,300.5107421875,195.386474609375,0.2946783946110652
280,1111,29667,149.215087890625,169.8870849609375,229.466796875,226.49835205078125,0.25032083804790795
281,1114,35206,92.99884796142578,685.3516845703125,224.00713348388672,420.4224853515625,0.3095376720795264
282,1114,3483,129.4998321533203,278.3492431640625,285.19956970214844,192.23101806640625,0.3005297596638019
283,1114,30308,538.0010986328125,683.7601318359375,422.298583984375,446.9534912109375,0.2880618434685927
284,1115,35206,636.6837158203125,139.8406982421875,220.963134765625,404.38330078125,0.3033211598029503
285,1115,3483,550.683349609375,797.2603759765625,300.110595703125,193.78564453125,0.29490805589235747
286,1115,30308,25.71453857421875,115.5589599609375,401.72943115234375,416.5018310546875,0.2849330810400156
287,1116,35206,666.785400390625,148.51927185058594,224.3138427734375,417.35292053222656,0.3067908837245061
288,1116,3483,582.8607177734375,834.5372314453125,292.3082275390625,184.67431640625,0.2983889442223769
289,1116,30308,40.81915283203125,123.0462646484375,419.467529296875,451.06256103515625,0.29020742728159976
290,1118,16548,98.67330169677734,877.767578125,251.83130645751953,247.4063720703125,0.3395206882403447
291,1118,6563,564.4998779296875,232.02239990234375,250.005126953125,349.11663818359375,0.3076004981994629
292,1118,3544,670.2503662109375,853.2366943359375,225.1689453125,225.38671875,0.2936223607796889
293,1118,16548,625.4953918457031,877.767578125,251.83130645751953,247.4063720703125,0.2716165505922758
294,1119,16548,638.3895263671875,140.91029357910156,246.3228759765625,239.69688415527344,0.3315603733062744
295,1119,6563,179.77120971679688,702.163330078125,248.104736328125,375.563232421875,0.31295070281395543
296,1119,3544,104.63361358642578,202.88861083984375,215.36638641357422,208.8564453125,0.3117638826370239
297,1119,29871,625.0157470703125,818.228515625,185.412841796875,256.3330078125,0.26660680770874023
298,112,3544,123.82369995117188,227.67742919921875,217.73928833007812,213.20965576171875,0.3059937862249521
299,112,33009,551.5477294921875,792.93701171875,381.256591796875,239.16162109375,0.2879878878593445
300,112,10221,622.544677734375,189.0330810546875,239.037109375,233.26385498046875,0.2811908034177927
301,112,16551,139.11090087890625,568.388671875,351.79089355468744,507.966064453125,0.2792370090117821
302,1121,29667,131.8662109375,863.9942626953125,244.282470703125,242.8953857421875,0.3065615204664377
303,1121,28763,609.3380126953125,855.1082763671875,234.29150390625,226.0469970703125,0.30320669596011823
304,1121,3483,121.46891784667969,267.63299560546875,284.34864807128906,198.880859375,0.2926495442023644
305,1121,25469,560.7493896484375,172.73501586914062,348.6290283203125,311.333740234375,0.2581377900563753
306,1123,3483,121.32025146484375,303.12744140625,278.03302001953125,210.5299072265625,0.31064294851743257
307,1123,27733,549.411376953125,249.7088623046875,321.24853515625,286.20672607421875,0.3097279484455402
308,1123,16262,145.902587890625,793.6046142578125,265.57952880859375,259.577392578125,0.29560795197120077
309,1123,25367,476.5782470703125,646.3199462890625,478.78564453125,471.7041015625,0.2804638330753033
310,1125,3483,598.9390869140625,785.177978515625,285.2044677734375,212.45458984375,0.30404962026155913
311,1125,25367,53.59523010253906,142.78587341308594,470.74522399902344,467.01051330566406,0.3030951435749347
312,1125,27733,118.6552734375,758.1910400390625,320.76312255859375,298.7724609375,0.29445102581611043
313,1125,16262,577.5457763671875,214.44285583496094,261.82666015625,253.34999084472656,0.2897451932613666
314,1126,20877,536.7957763671875,283.382080078125,341.9281005859375,253.72186279296875,0.31055095104070807
315,1126,16262,105.46954345703125,827.4130859375,258.76129150390625,256.163818359375,0.3072643967775198
316,1126,3483,133.21084594726562,282.0306396484375,226.58071899414062,270.5904541015625,0.30668231157156134
317,1126,31885,500.9242858886719,715.202392578125,462.9101867675781,517.406005859375,0.2904760379057664
318,1129,22347,675.952880859375,820.2554931640625,221.9417724609375,218.004150390625,0.325560225890233
319,1129,3483,121.59353637695312,302.46160888671875,279.01141357421875,210.67657470703125,0.3079924675134512
320,1129,27733,548.195068359375,248.36077880859375,323.063232421875,286.060302734375,0.30449443138562715
321,1129,20238,107.88919067382812,850.1783447265625,240.49203491210938,235.983642578125,0.29776543378829956
322,113,3544,651.24365234375,826.0794677734375,222.71435546875,221.83544921875,0.29406290787916917
323,113,16551,500.9414672851563,210.2947235107422,342.06591796874994,491.41993713378906,0.29386362204184896
324,113,33009,75.58233642578125,253.1916961669922,373.993408203125,253.52857971191406,0.2934858202934265
325,113,10221,120.82339477539062,835.30322265625,243.25393676757812,244.55419921875,0.2856632150136507
326,1135,33009,540.4039916992188,820.038818359375,383.9375,227.361083984375,0.29854868467037493
327,1135,1900,150.26947021484375,247.1082305908203,203.99884033203125,175.04039001464844,0.2925947308540344
328,1135,16551,584.471435546875,47.0784912109375,315.123046875,497.566650390625,0.28613711778934187
329,1136,33009,86.42926025390625,240.97625732421875,372.74481201171875,239.5286865234375,0.29388991686014027
330,1136,1900,640.107421875,851.851318359375,210.1884765625,178.33935546875,0.28369646805983323
331,1136,16551,82.72216796875,697.260986328125,318.42816162109375,504.64892578125,0.28155757830693173
332,1138,34597,19.5523681640625,83.96978759765625,395.22100830078125,482.90264892578125,0.3182102395937993
333,1138,20238,586.0071411132812,164.80020141601562,234.411865234375,227.12445068359375,0.3092126433665936
334,1138,3483,551.246337890625,795.9635009765625,301.84521484375,195.01123046875,0.2974914587461031
335,1138,34597,561.2266235351562,83.96978759765625,395.22100830078125,482.90264892578125,0.2545681916750394
336,114,3544,105.92648315429688,216.96722412109375,214.84445190429688,212.74847412109375,0.2931491228250357
337,114,33009,520.474609375,753.1388549804688,386.404296875,245.7996826171875,0.28443153087909406
338,114,16551,115.34233093261719,524.394287109375,342.08045959472656,501.6015625,0.27643513221007127
339,114,10221,593.15869140625,183.04270935058594,234.892578125,230.29933166503906,0.27464715334085316
340,1140,34597,29.694549560546875,111.1878662109375,409.0277099609375,485.1292724609375,0.3243015591914837
341,1140,20238,616.07177734375,167.87623596191406,236.40673828125,231.23545837402344,0.3053457003373366
342,1140,3483,583.2916259765625,832.7415771484375,294.065185546875,186.2994384765625,0.3001763958197374
343,1140,34597,537.2777404785156,111.1878662109375,409.0277099609375,485.1292724609375,0.25944124735318697
344,1141,23223,552.939208984375,559.91162109375,328.097900390625,521.494140625,0.30813198823195237
345,1141,25438,542.469482421875,178.39642333984375,271.0457763671875,278.0205078125,0.283389687538147
346,1141,2483,54.50140380859375,633.44091796875,308.58837890625,471.5556640625,0.2737182837266188
347,1141,12081,50.295745849609375,114.18365478515625,255.43087768554688,435.262451171875,0.26742009016183704
348,1142,23223,53.75286865234375,124.3878173828125,329.2076416015625,528.9849853515625,0.3282830806878897
349,1142,2483,563.2139892578125,99.89654541015625,305.5926513671875,482.26983642578125,0.2867766527029184
350,1142,25438,111.46377563476562,809.4708251953125,275.23583984375,276.2093505859375,0.28299262890448934
351,1142,23223,593.0394897460938,124.3878173828125,329.2076416015625,528.9849853515625,0.26262646455031174
352,1143,23223,61.647491455078125,167.6907958984375,320.87542724609375,505.34466552734375,0.31728405218857986
353,1143,2483,554.949951171875,140.33135986328125,311.322265625,452.490966796875,0.2968204938448392
354,1143,25438,114.83708190917969,821.0784912109375,276.91554260253906,283.894775390625,0.2698937975443326
355,1143,23223,593.4770812988281,167.6907958984375,320.87542724609375,505.34466552734375,0.2538272417508639
356,1144,31885,46.03924560546875,159.63134765625,449.4580078125,504.04339599609375,0.2960191781704242
357,1144,16262,561.2529296875,181.13232421875,265.190673828125,257.1375732421875,0.29410701531630296
358,1144,3483,594.6142578125,834.9345703125,292.075439453125,203.34130859375,0.28254619011512166
359,1144,25469,40.91986083984375,844.077392578125,392.68707275390625,246.0859375,0.2531289137326754
360,1148,3351,385.3211712837219,149.2031192779541,202.72652864456177,212.35087394714355,0.4708387301518367
361,1148,16232,141.42767333984375,727.2205810546875,204.559814453125,200.708251953125,0.31370779642691976
362,1148,41768,538.6358642578125,611.365966796875,287.385986328125,338.15185546875,0.2734613877076369
363,1148,16232,630.0125122070312,727.2205810546875,204.559814453125,200.708251953125,0.2509662371415358
364,1149,16232,184.6400604248047,815.4071655273438,205.53114318847656,201.5743408203125,0.31194079380768996
365,1149,3351,417.31805419921875,209.84881591796875,205.8270263671875,206.65704345703125,0.2696204414734473
366,115,25367,473.49169921875,628.1370849609375,457.115478515625,490.980224609375,0.31148619376696074
367,115,3483,120.25823974609375,303.11749267578125,279.76251220703125,209.95855712890625,0.3086819098545955
368,115,27733,546.5445556640625,246.03733825683594,316.506103515625,279.15199279785156,0.3052546427800105
369,115,36637,96.27593994140625,876.4771728515625,277.8544921875,190.9532470703125,0.3040996193885803
370,1150,34597,65.92877197265625,45.5748291015625,441.4284057617187,488.3779296875,0.3183638132535494
371,1150,29667,622.6171875,157.01373291015625,235.0712890625,230.27520751953125,0.3166444255755498
372,1150,3483,551.8536376953125,807.15234375,281.611083984375,227.521240234375,0.2940651315909166
373,1150,27777,169.58128356933594,810.9462890625,190.13465881347656,208.53662109375,0.2879318136435289
374,1153,22347,139.14187622070312,200.1507568359375,220.62841796875,213.50579833984375,0.3272519661830022
375,1153,16232,643.8870849609375,169.29568481445312,194.92333984375,196.18939208984375,0.30701352999760556
376,1153,3483,591.822265625,859.614013671875,270.708984375,242.882080078125,0.3028539281625014
377,1153,19861,124.68701171875,860.7869873046875,229.66934204101562,178.0494384765625,0.26436551259114194
378,1154,16232,612.9671630859375,165.3614501953125,193.35693359375,193.27996826171875,0.3150220329944904
379,1154,22347,124.98300170898438,194.9121551513672,211.91802978515625,206.34925842285156,0.3074865157787616
380,1154,3483,564.0390625,824.8582763671875,275.1396484375,248.1773681640625,0.2962033794476436
381,1154,16232,169.6759033203125,165.3614501953125,193.35693359375,193.27996826171875,0.25201762639559233
382,1155,16232,140.75738525390625,894.183349609375,205.64453125,199.38134765625,0.3180923140965975
383,1155,3483,140.96046447753906,211.8802490234375,264.94944763183594,234.25067138671875,0.31321546206107503
384,1155,22347,636.995361328125,854.7637939453125,220.886474609375,219.046875,0.3040704589623671
385,1155,16232,629.5980834960938,894.183349609375,205.64453125,199.38134765625,0.25447385127727806
386,1156,3351,384.54978227615356,846.3829040527344,207.11018228530884,212.3810577392578,0.4698317326032198
387,1156,16262,556.065673828125,295.48504638671875,266.06494140625,261.42681884765625,0.2979289797636179
388,1156,13900,173.71937561035156,277.4892578125,225.07444763183594,242.9669189453125,0.2616631067716158
389,1157,16262,106.85125732421875,668.760986328125,260.71343994140625,260.4814453125,0.3005591034889221
390,1157,13900,540.1219482421875,704.2091064453125,231.583740234375,259.6768798828125,0.28404377973996675
391,1157,3351,346.5579833984375,173.22467041015625,201.94451904296875,210.8917236328125,0.26189281390263486
392,1158,3351,387.3798666000366,235.25213241577148,201.77407264709473,202.89159774780273,0.4661719615642841
393,1158,13900,582.2582397460938,797.056884765625,223.8843994140625,253.59375,0.30163262899105364
394,1158,16262,149.210693359375,756.8236083984375,260.33441162109375,256.135009765625,0.30131821448986346
395,1159,3351,383.82784128189087,794.5688629150391,210.38748025894165,215.71823120117188,0.4170094086573674
396,1159,18357,142.4241485595703,296.4716796875,267.62705993652344,364.78607177734375,0.31326640110749465
397,1159,18357,565.9487915039062,296.4716796875,267.62705993652344,364.78607177734375,0.25061312088599574
398,1159,18357,142.4241485595703,618.7422485351562,267.62705993652344,364.78607177734375,0.25061312088599574
399,1161,3351,384.1982069015503,270.5735778808594,205.95458221435547,204.88601684570312,0.47325767003572905
400,1161,18357,559.4351196289062,607.716064453125,278.641357421875,387.946533203125,0.32130649456611043
401,1161,16232,129.56900024414062,815.2788696289062,194.28079223632812,194.3504638671875,0.2599097673709576
402,1161,18357,137.92352294921875,607.716064453125,278.641357421875,387.946533203125,0.2570451956528884
403,1163,3544,114.84368896484375,178.4107666015625,215.70068359375,212.77777099609375,0.302710785315587
404,1163,29451,480.53607177734375,789.1942138671875,426.854248046875,267.9366455078125,0.2967672623120821
405,1163,10221,646.8005981445312,188.06349182128906,241.0032958984375,231.67698669433594,0.2924348757817195
406,1163,16551,27.54388427734375,593.0213623046875,331.56536865234375,494.2398681640625,0.2894154649514418
407,1164,3544,101.30278778076172,175.36886596679688,211.23023223876953,205.77777099609375,0.3096126134578998
408,1164,29451,451.78009033203125,749.0711669921875,431.214599609375,277.191162109375,0.2955944033769461
409,1164,10221,617.46533203125,181.29962158203125,235.6656494140625,230.70843505859375,0.2870161258257352
410,1164,16551,3.651336669921875,547.2071533203125,331.90301513671875,490.9761962890625,0.2855087243593656
411,1166,36637,124.79156494140624,827.3245849609375,193.4512939453125,271.558349609375,0.3131186503630418
412,1166,25367,547.6236572265625,673.2677001953125,421.5457763671875,503.7532958984375,0.3116235595483046
413,1166,3483,121.56199645996094,266.940185546875,283.96327209472656,200.93670654296875,0.2947672743063707
414,1166,25469,561.527587890625,171.29660034179688,346.49951171875,313.9202880859375,0.2603325477013221
415,1167,25367,32.7139892578125,85.81829833984375,411.25775146484375,482.37506103515625,0.3250722701732929
416,1167,36637,666.7041015625,172.59046936035156,186.99853515625,260.57664489746094,0.2826819970057561
417,1167,3483,593.7080688476562,835.67822265625,292.4383544921875,202.419921875,0.2810348914219783
418,1167,25367,532.0282592773438,85.81829833984375,411.25775146484375,482.37506103515625,0.2600578161386343
419,1168,29667,582.6251831054688,160.60491943359375,230.3199462890625,230.88677978515625,0.31464391029798067
420,1168,30308,33.416900634765625,8.19384765625,364.37042236328125,439.136962890625,0.3065212185566242
421,1168,3483,567.9486083984375,805.171142578125,293.3096923828125,203.254150390625,0.2921247940797072
422,1168,25469,40.189788818359375,776.015380859375,366.8830871582031,323.009521484375,0.25778573292952317
423,1170,29667,611.5650024414062,165.09600830078125,234.2203369140625,231.11541748046875,0.3132093181976905
424,1170,30308,40.482635498046875,11.85955810546875,382.6236877441406,457.48211669921875,0.29250264167785645
425,1170,3483,593.508544921875,835.7625732421875,292.261474609375,202.657470703125,0.28069782715577346
426,1170,29667,130.21466064453125,165.09600830078125,234.2203369140625,231.11541748046875,0.25056745455815244
427,1171,16548,569.13037109375,736.7034912109375,257.15185546875,251.2392578125,0.34032663473716146
428,1171,10221,88.36280059814453,782.8641357421875,237.06462860107422,232.746337890625,0.3231662970322829
429,1171,4543,633.6107788085938,145.7872314453125,211.7208251953125,209.35675048828125,0.30884458468510556
430,1171,3544,119.61699676513672,176.2587890625,209.72815704345703,207.52032470703125,0.3025108575820923
431,1173,16548,156.08346557617188,279.03411865234375,248.89666748046875,238.68231201171875,0.3235398347561176
432,1173,3544,639.8612060546875,872.7078857421875,224.3765869140625,222.48388671875,0.3200623393058777
433,1173,10221,635.3426513671875,254.1927490234375,231.0885009765625,224.80377197265625,0.3067947351015531
434,1173,4543,101.00760650634766,903.4501953125,219.14763641357422,217.949462890625,0.2958245690052326
435,1174,29667,122.25677490234375,857.3519287109375,236.51092529296875,238.97412109375,0.30877519112366897
436,1174,3483,130.3057861328125,278.33203125,285.822021484375,191.4337158203125,0.29700650618626523
437,1174,30308,553.2706298828125,744.073974609375,422.7293701171875,455.1461181640625,0.28941684044324434
438,1174,27653,673.4810180664062,248.24398803710938,221.851806640625,212.58135986328125,0.2501247479365422
439,1176,29667,624.610595703125,174.2364959716797,235.826171875,229.30372619628906,0.3088403665102445
440,1176,3483,581.5338134765625,834.1051025390625,292.153564453125,185.3935546875,0.29678975160305315
441,1176,30308,24.4490966796875,60.28668212890625,412.52490234375,441.71527099609375,0.27930828241201544
442,1178,20238,568.1011352539062,181.70428466796875,235.0909423828125,230.23089599609375,0.3143806870167072
443,1178,31885,91.56298828125,30.13818359375,435.271484375,529.5775146484375,0.2986948306743915
444,1178,27777,137.86099243164062,774.4627685546875,192.02166748046875,213.3330078125,0.29020403440182024
445,1178,3483,524.2838134765625,768.3165283203125,286.2291259765625,237.9295654296875,0.2827920134250934
446,118,13900,57.65643310546875,306.24639892578125,241.92449951171875,223.3643798828125,0.3027509038264935
447,118,16688,365.1190185546875,41.4871826171875,508.2724609375,588.689453125,0.267514013327085
448,118,3351,450.8603515625,837.5748291015625,201.920654296875,209.76220703125,0.2566200036268968
449,1180,3351,383.94593477249146,906.2400817871094,209.0071244239807,213.1775665283203,0.4670471411484938
450,1180,19232,479.3359069824219,219.89901733398438,348.8965148925781,287.80535888671875,0.31906499312474174
451,1180,19232,479.3359069824219,772.2956237792969,348.8965148925781,287.80535888671875,0.2552519944997934
452,1180,19232,147.767578125,219.89901733398438,348.8965148925781,287.80535888671875,0.2552519944997934
453,1184,16548,137.66659545898438,873.517333984375,255.64251708984375,251.47802734375,0.3328090218397287
454,1184,1900,184.83375549316406,264.20458984375,213.21995544433594,151.3753662109375,0.28754944984729475
455,1184,24850,662.2772216796875,826.9644775390625,205.240966796875,303.77978515625,0.28219686104701114
456,1184,21026,679.7406616210938,270.71173095703125,184.6761474609375,180.0714111328125,0.2672730042384221
457,1185,16548,593.54052734375,143.48983764648438,248.2421875,239.49200439453125,0.3281951409119826
458,1185,1900,607.6800537109375,899.8338623046875,209.737548828125,144.06298828125,0.2908616570325998
459,1185,24850,131.25189208984375,140.14556884765625,198.08432006835938,299.3802490234375,0.2893581986427307
460,1185,21026,122.62808227539062,861.1727294921875,188.31744384765625,186.215087890625,0.28367631710492647
461,1186,19552,494.3542785644532,539.9337158203125,357.5895690917968,527.66015625,0.3572900937153743
462,1186,4378,124.94515991210938,111.524169921875,240.2916259765625,434.9739990234375,0.3377218200610234
463,1186,5094,538.2379150390625,178.2017364501953,291.4654541015625,292.89939880371094,0.3021346147243793
464,1186,19552,124.05615234374999,539.9337158203125,357.5895690917969,527.66015625,0.28583207497229945
465,1187,19552,100.31732177734375,149.30517578125,347.21966552734375,520.547119140625,0.36365470060935384
466,1187,4378,563.6941528320312,698.2137451171875,257.4854736328125,461.9332275390625,0.3051858911147484
467,1187,19552,528.4630126953125,149.30517578125,347.21966552734375,520.547119140625,0.2909237604874831
468,1187,19552,100.31732177734375,610.147705078125,347.21966552734375,520.547119140625,0.2909237604874831
469,1189,22627,85.80242919921875,131.18177795410156,328.319580078125,491.67259216308594,0.30971981011904204
470,1189,3743,108.26065063476562,773.060302734375,346.61383056640625,347.500244140625,0.28067556711343616
471,1189,2483,575.9547119140625,60.33734130859375,268.6478271484375,494.4403076171875,0.2723005414009094
472,119,13900,644.919921875,699.7918090820312,240.2076416015625,235.9075927734375,0.32218724489212036
473,119,3351,285.1217956542969,182.0176544189453,201.9501953125,210.85472106933594,0.26530967308924747
474,119,13900,644.919921875,344.30059814453125,240.2076416015625,235.9075927734375,0.2577497959136963
475,119,13900,90.8724365234375,699.7918090820312,240.2076416015625,235.9075927734375,0.2577497959136963
476,1190,3743,111.03147888183594,784.1190185546875,349.70814514160156,351.8717041015625,0.2888190517058739
477,1190,22627,94.3731689453125,168.2860107421875,319.99871826171875,483.971923828125,0.2782202454713675
478,1190,2483,573.1673583984375,107.60398864746094,261.0908203125,470.60084533691406,0.2775166814143841
479,1191,22627,510.2373046875,577.154296875,340.91748046875,499.669677734375,0.2773579496603746
480,1191,12081,93.59707641601562,109.72236633300781,260.8689270019531,432.94248962402344,0.27661862281652594
481,1191,3743,479.2790832519531,148.71913146972656,341.7341003417969,334.37693786621094,0.2734013016407306
482,1192,33009,86.56147766113281,239.87054443359375,372.72398376464844,239.5477294921875,0.29353691981388974
483,1192,24850,635.3013305664062,205.8092041015625,193.5174560546875,282.2401123046875,0.29297507726229155
484,1192,1900,639.1829833984375,849.3310546875,211.888916015625,183.04345703125,0.283030798802009
485,1192,16551,79.22021484375,687.253173828125,316.58447265625,510.25830078125,0.28100990332089937
486,1194,24850,158.43243408203125,816.4832763671875,191.3016357421875,297.98779296875,0.30125152606230515
487,1194,33009,540.3905029296875,820.7086181640625,384.61376953125,227.29443359375,0.2989797867261446
488,1194,1900,149.71780395507812,247.07284545898438,203.8701171875,175.09381103515625,0.2916025656920213
489,1194,16551,594.3280029296875,53.57666015625,316.244873046875,502.32501220703125,0.28485791041300845
490,1196,28763,608.0321044921875,882.7813720703125,231.3858642578125,225.2589111328125,0.30934070165340716
491,1196,35206,125.73385620117188,700.0362548828125,264.48358154296875,420.2119140625,0.3034360592181866
492,1196,3483,165.92591857910156,272.06927490234375,276.66319274902344,226.9996337890625,0.296234878209921
493,1196,27777,629.7967529296875,288.06304931640625,185.255126953125,205.4287109375,0.2771211587465726
494,1197,35206,599.7271118164062,131.5582275390625,246.4847412109375,421.78277587890625,0.3078166108865004
495,1197,3483,555.8857421875,805.3690185546875,280.30224609375,227.453125,0.2972504955071669
496,1197,27777,172.21153259277344,812.9071044921875,189.64540100097656,208.747314453125,0.2942027266208942
497,1197,28763,160.248779296875,172.11529541015625,226.8656005859375,215.00360107421875,0.2926193063075726
498,1198,20238,599.1689453125,185.93411254882812,235.72412109375,229.89678955078125,0.3011431373082674
499,1198,3483,554.2801513671875,808.492919921875,281.47412109375,227.4512939453125,0.2962053968356206
500,1198,27777,171.54995727539062,813.8621826171875,189.3533935546875,209.14404296875,0.2936220398316016
501,1198,28763,128.41668701171875,208.9825439453125,224.30487060546875,214.68475341796875,0.28635632533293504
502,1199,28763,643.2197875976562,849.01416015625,228.691162109375,220.936767578125,0.31754422646302444
503,1199,3483,166.58343505859375,270.01544189453125,277.40069580078125,225.5582275390625,0.2896206883283762
504,1199,20238,145.3012237548828,844.371826171875,245.27586364746094,237.9593505859375,0.28790230934436506
505,1199,27777,630.960693359375,287.00897216796875,185.6480712890625,205.2978515625,0.276143688421983
506,120,13900,683.504638671875,790.2825927734375,238.908935546875,229.946533203125,0.2955398422021132
507,120,3351,325.84344482421875,244.27896118164062,204.70751953125,204.609130859375,0.27074667123647833
508,1201,12247,575.9375,809.9125366210938,222.026611328125,170.0723876953125,0.3582411775222191
509,1201,16548,576.724609375,206.7538299560547,246.7044677734375,237.46131896972656,0.34109193545121413
510,1201,3544,140.78143310546875,182.04627990722656,211.66656494140625,207.09788513183594,0.30196325137065005
511,1201,21026,98.78713989257812,819.0218505859375,190.61785888671875,187.1121826171875,0.2991350797506479
512,1204,3351,380.8925199508667,847.8057861328125,214.6606321334839,216.28196716308594,0.44255797679607684
513,1204,32310,61.84197998046875,200.8397979736328,362.604736328125,284.58738708496094,0.2906677356133094
514,1204,22074,681.6328125,258.66180419921875,194.2509765625,195.447509765625,0.2887704509955186
515,1206,3351,385.4984278678894,212.99016952514648,205.41591882705688,206.46753311157227,0.4768969462468074
516,1206,22074,87.31759643554688,849.88720703125,196.31884765625,195.7841796875,0.29977039648936343
517,1206,32310,555.5856323242188,800.2042236328125,377.119140625,300.7451171875,0.27616698008317214
518,1207,22347,679.5220947265625,806.1618041992188,222.9404296875,217.232666015625,0.3402048120131859
519,1207,16232,149.31661987304688,822.3516845703125,200.10150146484375,198.062744140625,0.3266730446081895
520,1207,3483,165.92730712890625,272.29278564453125,277.5540771484375,225.3802490234375,0.29181262621512777
521,1207,27777,630.2010498046875,288.130126953125,184.219970703125,205.070068359375,0.2778589725494385
522,1209,16232,642.5668334960938,244.82965087890625,191.3824462890625,191.8592529296875,0.32179869138277495
523,1209,22347,98.97064208984375,253.5879364013672,214.39056396484375,208.14002990722656,0.3180791323001568
524,1209,3483,555.19921875,805.782958984375,280.731201171875,227.391845703125,0.29623146240527815
525,1209,27777,172.3882293701172,812.689208984375,189.74464416503906,209.037109375,0.29196163782706624
526,1210,20877,115.3609619140625,760.5765991210938,343.862060546875,256.2576904296875,0.30929590647037214
527,1210,35206,645.5971069335938,168.12255859375,243.6812744140625,420.80615234375,0.30386635890373814
528,1210,3483,640.7578125,741.5838623046875,225.6202392578125,276.8072509765625,0.2941737725184514
529,1210,34597,56.8114013671875,112.80517578125,506.05908203125,451.12109375,0.2703552750440744
530,1212,3483,132.54800415039062,283.69537353515625,225.68988037109375,270.59747314453125,0.3122261854318472
531,1212,35206,89.60356903076172,664.54248046875,254.98432159423828,420.76416015625,0.30961217788549567
532,1212,20877,535.922607421875,283.55609130859375,341.6517333984375,254.24560546875,0.30798896000935483
533,1212,34597,444.9837341308594,685.1207275390625,500.7649230957031,459.037841796875,0.2699067500921396
534,1213,25438,119.99583435058594,827.446533203125,272.84608459472656,273.2454833984375,0.29560980888513416
535,1213,22627,95.11640930175781,12.349609375,333.20262145996094,487.87701416015625,0.2814822242810176
536,1213,2483,635.53466796875,59.3341064453125,248.52197265625,492.430908203125,0.2627278291262113
537,1214,22627,102.27130126953125,37.3975830078125,327.92584228515625,497.92962646484375,0.2772513490456801
538,1214,2483,627.3359375,103.02980041503906,242.3673095703125,463.27085876464844,0.27187957213475156
539,1214,25438,120.86141967773438,835.9951171875,279.10955810546875,283.990966796875,0.25642553201088536
540,1216,27926,147.82083129882812,164.96629333496094,291.8018798828125,474.92787170410156,0.3053462505340576
541,1216,16551,599.046142578125,173.86187744140625,308.6109619140625,475.82391357421875,0.29246341723662156
542,1216,10221,125.2333984375,836.9654541015625,245.90142822265625,243.90234375,0.29200480534480167
543,1216,3544,653.9486694335938,857.9945068359375,222.1898193359375,223.718505859375,0.28756139370111317
544,1219,3544,101.62832641601562,237.987060546875,212.18600463867188,205.9166259765625,0.30064488832767194
545,1219,10221,640.9715576171875,199.0055694580078,233.085693359375,230.37889099121094,0.30058239515011126
546,1219,29345,555.95361328125,656.6461181640625,309.1502685546875,462.938232421875,0.2983695956376883
547,1219,16551,55.4083251953125,564.0015869140625,356.8343505859375,492.86669921875,0.29684415230384237
548,122,25367,45.1240234375,88.99566650390625,385.802001953125,474.64678955078125,0.3233044881087083
549,122,29667,582.810791015625,161.381591796875,230.091064453125,231.01336669921875,0.32055254165942854
550,122,3483,567.67822265625,805.355224609375,293.208984375,203.832763671875,0.29401098306362444
551,122,25367,545.073974609375,88.99566650390625,385.802001953125,474.64678955078125,0.25864359048696667
552,1220,16551,83.62832641601562,618.3328857421875,357.13629150390625,477.0562744140625,0.2999036357952998
553,1220,10221,670.7611083984375,208.5613555908203,238.431884765625,228.73960876464844,0.29627857299951404
554,1220,3544,117.4066162109375,246.0552215576172,215.70883178710938,211.70704650878906,0.2925557356614333
555,1220,29345,586.29443359375,695.305908203125,301.123779296875,457.480224609375,0.28958767652511597
556,1222,25367,81.03411865234375,105.83917236328125,339.9970703125,484.31072998046875,0.3185954689979553
557,1222,36637,604.537841796875,198.58824157714844,202.919677734375,254.62135314941406,0.29996023728297305
558,1222,3483,550.4215087890625,796.7164306640625,301.9666748046875,194.8818359375,0.2956347740613497
559,1222,25367,554.9688110351562,105.83917236328125,339.9970703125,484.31072998046875,0.25487637519836426
560,1224,25367,108.04695129394531,115.0606689453125,356.81590270996094,515.673828125,0.32257325374163115
561,1224,3483,582.6859130859375,834.01953125,292.889892578125,185.205078125,0.29765823712715733
562,1224,36637,635.31103515625,206.56903076171875,202.932373046875,257.17156982421875,0.2870482894090506
563,1224,25367,511.13714599609375,115.0606689453125,356.81590270996094,515.673828125,0.2580586029933049
564,1226,35206,569.763916015625,83.90365600585938,304.366455078125,405.546875,0.30526106174175555
565,1226,3483,591.94384765625,859.9432373046875,271.483642578125,242.5218505859375,0.30363413003774786
566,1226,31885,114.168212890625,5.0030517578125,366.8721923828125,550.0626220703125,0.2983241585584787
567,1226,19861,124.71978759765625,860.6455078125,229.65338134765625,177.558837890625,0.26682560260479266
568,1227,3483,140.6510009765625,211.83721923828125,265.03240966796875,234.94146728515625,0.3140718661821805
569,1227,31885,526.7593994140625,690.1484375,360.838623046875,575.8656005859375,0.2882491166775043
570,1227,35206,103.14620971679688,760.602294921875,314.10797119140625,411.077880859375,0.27718069461675787
571,1227,3483,570.3165893554688,211.83721923828125,265.03240966796875,234.94146728515625,0.25125749294574445
572,1232,3483,136.55039978027344,281.39166259765625,228.12294006347656,269.614013671875,0.31347689720300526
573,1232,29667,129.05609130859375,851.3682861328125,238.14654541015625,240.4052734375,0.3113631789500897
574,1232,20877,588.3045654296875,251.4316864013672,336.482421875,260.35731506347656,0.2929321160683265
575,1232,31885,529.6402587890625,650.936767578125,428.65771484375,553.71240234375,0.2804457224332369
576,1235,21771,157.606201171875,798.8363647460938,203.17608642578125,196.9951171875,0.33972740173339844
577,1235,16548,611.673828125,137.47718811035156,250.821044921875,241.17723083496094,0.3334186627314641
578,1235,33009,538.8921508789062,819.90283203125,386.3232421875,229.1676025390625,0.30257204404244054
579,1235,1900,149.76708984375,246.13455200195312,204.00567626953125,175.79217529296875,0.291021282856281
580,1237,44199,621.4581298828125,791.98095703125,183.5179443359375,297.434326171875,0.33240373318011945
581,1237,16548,605.91845703125,179.81021118164062,251.61083984375,242.3790283203125,0.3321873683195848
582,1237,31705,152.893798828125,679.51513671875,290.52471923828125,460.432861328125,0.30832733099277204
583,1237,44199,171.02392578125,791.98095703125,183.5179443359375,297.434326171875,0.2659229865440956
584,1238,16548,127.61569213867188,835.7633056640625,255.603515625,251.237548828125,0.3373916332538311
585,1238,44199,196.68846130371094,223.130126953125,183.77247619628906,288.087158203125,0.33184688824873704
586,1238,31705,552.9200439453125,170.816162109375,279.216552734375,436.31719970703125,0.29457399478325474
587,1238,16548,592.7807922363281,835.7633056640625,255.603515625,251.237548828125,0.2699133066030649
588,1239,16548,576.9290771484375,174.24578857421875,247.91748046875,239.32965087890625,0.3407008143571707
589,1239,44199,588.875732421875,759.1976318359375,194.5869140625,303.4071044921875,0.33868253231048584
590,1239,31705,122.325927734375,635.8509521484375,290.31842041015625,466.539306640625,0.2941020406209505
591,1239,16548,151.1534423828125,174.24578857421875,247.91748046875,239.32965087890625,0.27256065148573655
592,124,21771,678.3489990234375,877.583740234375,211.422607421875,202.96826171875,0.3108236881402823
593,124,16551,0.0,749.8458251953125,373.2802734375,487.625244140625,0.29465773930916417
594,124,1900,171.90643310546875,274.26556396484375,212.2640380859375,152.00701904296875,0.2885470482019278
595,124,21026,667.6685791015625,267.42828369140625,186.1513671875,181.483642578125,0.28411129346260655
596,1242,44199,628.363037109375,796.5970458984375,182.404296875,302.35498046875,0.33935640866939837
597,1242,29345,85.16494750976562,698.9378662109375,306.34613037109375,462.15771484375,0.3352018273793734
598,1242,16551,522.0294799804688,76.46492004394531,325.4552001953125,495.12474060058594,0.28926397745425886
599,1242,44199,165.232666015625,796.5970458984375,182.404296875,302.35498046875,0.2714851269355187
600,1243,35206,588.4415283203125,116.1251220703125,275.364990234375,412.0111083984375,0.32077420216340286
601,1243,3483,599.0105590820312,785.0234375,285.56005859375,211.831787109375,0.30231773853302
602,1243,30308,52.3626708984375,123.7918701171875,399.14837646484375,454.252685546875,0.3007618051308852
603,1243,27733,119.2010498046875,757.689208984375,321.02490234375,299.9248046875,0.2936132825337923
604,1244,3483,119.6519775390625,303.1748046875,279.8076171875,211.07598876953125,0.3098726731080275
605,1244,27733,548.7137451171875,248.82232666015625,321.392578125,286.91265869140625,0.30759772429099447
606,1244,35206,116.66537475585938,722.176025390625,286.59197998046875,416.7586669921875,0.306741503568796
607,1244,30308,540.2535400390625,673.127685546875,409.885498046875,460.2445068359375,0.2903446555137634
608,1245,3483,570.5322875976562,752.5452270507812,288.358154296875,215.24853515625,0.31076435859386736
609,1245,35206,559.240966796875,107.94769287109375,269.77587890625,400.167236328125,0.30405450325745803
610,1245,27733,83.47491455078125,713.3968505859375,327.18280029296875,301.896728515625,0.29678624409895676
611,1245,30308,38.9927978515625,110.01148986816406,388.57147216796875,439.68150329589844,0.29306365893437314
612,1246,34597,45.15155029296875,75.9761962890625,425.2725830078125,483.763916015625,0.30793607234954834
613,1246,27777,137.72296142578125,774.0111083984375,191.77386474609375,213.289306640625,0.28980965797717756
614,1246,16262,566.4127197265625,175.8625946044922,255.21630859375,249.70814514160156,0.28468003639808065
615,1246,3483,524.283447265625,768.2781982421875,286.469482421875,237.600830078125,0.2828821539878845
616,1248,34597,503.33319091796875,651.72705078125,447.3890380859375,515.9765625,0.30690731910558844
617,1248,16262,129.90313720703125,826.6865234375,263.15228271484375,257.8072509765625,0.2985767905528729
618,1248,3483,166.9927978515625,270.23297119140625,276.9754638671875,225.8194580078125,0.2919670480948228
619,1248,27777,631.7501220703125,288.1370849609375,185.158447265625,205.19683837890625,0.28726935386657715
620,125,21771,111.4540023803711,195.8722686767578,202.27277374267578,196.30113220214844,0.3412377375822801
621,125,1900,620.66845703125,888.6837158203125,209.19775390625,145.074951171875,0.29346518791638887
622,125,21026,134.98098754882812,863.432373046875,186.524658203125,186.187744140625,0.28722822666168213
623,125,16551,612.273193359375,19.364166259765625,359.990966796875,468.4563903808594,0.28389034362939686
624,1250,5094,96.6024169921875,802.0540771484375,298.41705322265625,299.265380859375,0.28675196262506336
625,1250,2483,589.037841796875,91.84490966796875,250.72900390625,468.16705322265625,0.2777084020467905
626,1250,4378,568.5060424804688,699.3187255859375,267.9871826171875,468.594482421875,0.25036889773148757
627,1251,4378,125.37701416015625,111.32887268066406,239.8148193359375,435.51988220214844,0.33677841608340925
628,1251,5094,538.6202392578125,178.79925537109375,290.46337890625,291.13299560546875,0.29017033485265875
629,1251,4378,610.8081665039062,111.32887268066406,239.8148193359375,435.51988220214844,0.2694227328667274
630,1251,4378,125.37701416015625,733.1512451171875,239.8148193359375,435.51988220214844,0.2694227328667274
631,1252,20877,66.3424072265625,792.984375,344.03936767578125,262.63623046875,0.30989144857113177
632,1252,29667,616.925048828125,177.6215057373047,234.853759765625,231.19825744628906,0.30682401015208316
633,1252,3483,638.3883056640625,747.9896240234375,225.447021484375,275.721923828125,0.2980634340873131
634,1252,30308,62.49638366699219,62.84295654296875,427.57728576660156,448.8997802734375,0.2898036745878366
635,1254,20877,33.27838134765625,751.1015625,346.6033935546875,263.648681640625,0.3172770142555237
636,1254,29667,588.32958984375,173.4881591796875,230.73583984375,229.95660400390625,0.30813198823195237
637,1254,3483,607.411376953125,711.34765625,230.5772705078125,285.48388671875,0.29174997256352353
638,1254,30308,48.57438659667969,53.671966552734375,414.75636291503906,430.982666015625,0.28068418686206525
639,1256,31705,123.12074279785155,126.96527099609375,272.53733825683594,429.57928466796875,0.31199668462459856
640,1256,16551,81.735595703125,653.1383056640625,333.359130859375,504.770263671875,0.286918580532074
641,1256,1900,634.8131103515625,822.6156005859375,187.4619140625,212.16650390625,0.2835640998987051
642,1256,19607,647.95703125,266.45086669921875,168.1005859375,160.44171142578125,0.2726698380250197
643,126,21026,100.91348266601562,828.6568603515625,189.143798828125,188.0599365234375,0.31195354003172654
644,126,21771,97.24774169921875,188.14337158203125,194.98968505859375,192.4913330078125,0.3002281143115117
645,126,1900,588.9173583984375,852.0546875,219.415283203125,156.474365234375,0.2962480370814984
646,126,16551,583.5260009765625,12.520416259765625,356.039306640625,458.35443115234375,0.27531325817108154
647,1261,16232,643.9920654296875,223.79208374023438,199.752197265625,192.35791015625,0.31480945073641264
648,1261,22347,136.18685913085938,160.0760040283203,217.57659912109375,212.24754333496094,0.30852973461151123
649,1261,3483,582.1033935546875,834.150390625,292.23681640625,186.435546875,0.296256633905264
650,1261,16232,132.2557373046875,223.79208374023438,199.752197265625,192.35791015625,0.2518475605891301
651,1262,16232,613.841796875,212.77687072753906,198.807373046875,196.17601013183594,0.31192678671616775
652,1262,3483,549.6517333984375,796.661376953125,302.25634765625,194.34228515625,0.2958984329150273
653,1262,22347,122.62796020507812,157.1983642578125,207.91867065429688,204.48931884765625,0.2936214208602905
654,1263,16232,138.82058715820312,841.286376953125,205.09249877929688,199.72998046875,0.32423471028988177
655,1263,22347,641.2777099609375,894.7666015625,220.3623046875,219.52685546875,0.3200066089630127
656,1263,3483,129.62705993652344,277.4333801269531,285.92213439941406,192.881591796875,0.2991081430361821
657,1263,16232,632.0869140625,841.286376953125,205.09249877929688,199.72998046875,0.2593877682319054
658,1264,3351,384.60667657852173,850.0724029541016,206.64158964157104,212.3931121826172,0.4577406094624446
659,1264,31863,628.545166015625,314.16290283203125,216.2373046875,218.55322265625,0.28860037143413836
660,1264,36637,216.88137817382812,309.70001220703125,228.54217529296875,261.11053466796875,0.27064261528161854
661,1265,31863,74.6771240234375,698.339599609375,219.2762451171875,221.132080078125,0.2933606276145348
662,1265,36637,481.34429931640625,644.362548828125,250.6376953125,285.4530029296875,0.2702819613310007
663,1265,3351,349.55657958984375,169.67030334472656,198.07440185546875,207.55174255371094,0.2664102040804349
664,1266,3351,384.72890043258667,226.18539810180664,207.13257932662964,207.06911087036133,0.45666648791386527
665,1266,31863,120.12136840820312,786.59033203125,215.87310791015625,212.945068359375,0.27411678662666905
666,1266,36637,527.3145751953125,739.1694946289062,235.404052734375,269.9801025390625,0.27272767745531523
667,1269,13900,607.0076904296875,757.137939453125,192.3392333984375,272.493408203125,0.3200764380968534
668,1269,36637,209.13803100585938,757.7132568359375,239.13177490234375,264.431884765625,0.2623416827275203
669,1269,3351,352.0982666015625,220.95709228515625,203.944091796875,206.45440673828125,0.2574262710718008
670,1269,13900,607.0076904296875,250.36865234375,192.3392333984375,272.493408203125,0.25606115047748274
671,127,5094,127.24682617187501,847.0882568359375,300.9356689453125,301.838134765625,0.2915106828396137
672,127,6192,120.33062744140625,168.7286376953125,324.53363037109375,524.26513671875,0.2910590401062598
673,127,2483,614.2339477539062,119.94384765625,242.4842529296875,469.74310302734375,0.2750172523351816
674,127,22362,602.3143310546875,780.8082275390625,284.1884765625,427.6444091796875,0.2535951366791358
675,1270,16548,112.71358489990234,848.8641357421875,249.42725372314453,246.729248046875,0.3285778027314406
676,1270,27926,140.1717529296875,137.17437744140625,287.037353515625,470.942626953125,0.3076803454985985
677,1270,1900,624.2640380859375,887.530029296875,220.549072265625,146.3330078125,0.28068432441124547
678,1270,16548,613.8591613769531,848.8641357421875,249.42725372314453,246.729248046875,0.26286224218515253
679,1272,16548,623.0946044921875,173.5192108154297,246.196044921875,235.15077209472656,0.32606090490634626
680,1272,1900,153.53546142578125,244.29795837402344,214.563232421875,137.02760314941406,0.28412514008008516
681,1272,27926,567.21044921875,670.2457275390625,297.18310546875,482.840576171875,0.2684882970956656
682,1272,16548,106.7093505859375,173.5192108154297,246.196044921875,235.15077209472656,0.26084872392507696
683,1273,6192,525.7046508789062,590.5328369140625,329.57373046875,535.97412109375,0.28804978499045736
684,1273,25438,542.3104248046875,191.3296356201172,268.78173828125,270.79933166503906,0.28454193702110875
685,1273,13395,104.60952758789062,51.45465087890625,268.7208557128906,476.88067626953125,0.26470505274259126
686,1274,6192,89.6845703125,82.49517822265625,324.73321533203125,531.8355712890625,0.32193238918597883
687,1274,25438,115.51943969726562,800.8084716796875,272.17431640625,274.7803955078125,0.28618271534259504
688,1274,2483,578.0234985351562,37.25653076171875,258.5595703125,494.85345458984375,0.27611984656407285
689,1274,6192,561.5822143554688,82.49517822265625,324.73321533203125,531.8355712890625,0.2575459113487831
690,1278,3351,388.3767967224121,244.04495239257812,204.0649118423462,206.65218353271484,0.4661759963402381
691,1278,38162,608.2069091796875,694.8575439453125,214.35791015625,314.0869140625,0.33817529678344727
692,1278,38162,608.2069091796875,271.0555419921875,214.35791015625,314.0869140625,0.2705402374267578
693,1278,38162,153.4351806640625,694.8575439453125,214.35791015625,314.0869140625,0.2705402374267578
694,1279,21771,665.4302978515625,279.42437744140625,202.552001953125,192.96826171875,0.30172898219181943
695,1279,31705,116.37774658203125,129.49822998046875,270.13751220703125,430.63348388671875,0.29933727704561675
696,1279,1900,643.06201171875,850.5880126953125,217.1820068359375,167.0859375,0.2972169335071857
697,1279,16551,80.7427978515625,755.186767578125,323.2983093261719,514.1820068359375,0.28326275256963873
698,128,6192,115.29864501953125,129.84130859375,331.9608154296875,540.3245849609375,0.3235558821604802
699,128,5094,126.03942871093749,838.970703125,294.84710693359375,292.273193359375,0.30661821365356445
700,128,6192,528.7405395507812,129.84130859375,331.9608154296875,540.3245849609375,0.2588447057283842
701,128,6192,115.29864501953125,609.8341064453125,331.9608154296875,540.3245849609375,0.2588447057283842
702,1280,21771,87.52374267578125,803.1845703125,205.64874267578125,202.058837890625,0.3238633504280677
703,1280,1900,121.64508056640625,257.978759765625,206.08935546875,154.88720703125,0.2911149767728952
704,1280,31705,583.1403198242188,687.5816650390625,284.8154296875,460.260986328125,0.2859328801815326
705,1280,16551,553.757568359375,1.12738037109375,314.52734375,465.11651611328125,0.2848953237900367
706,1282,19552,484.6434326171875,575.376953125,350.5450439453125,529.033935546875,0.3485287840549762
707,1282,3743,484.56304931640625,110.23806762695312,338.4586181640625,335.2113037109375,0.2942940363517174
708,1282,19552,140.8115234375,575.376953125,350.54504394531256,529.033935546875,0.278823027243981
709,1282,19552,484.6434326171875,175.589111328125,350.5450439453125,529.033935546875,0.278823027243981
710,1284,19552,107.48602294921875,111.52294921875,344.67047119140625,525.751708984375,0.35878830231153047
711,1284,3743,105.76260375976562,817.1597900390625,346.965576171875,345.22900390625,0.2890838109529935
712,1284,19552,523.843505859375,111.52294921875,344.67047119140625,525.751708984375,0.2870306418492244
713,1284,19552,107.48602294921875,642.725341796875,344.67047119140625,525.751708984375,0.2870306418492244
714,129,5094,508.57250976562506,139.11439514160156,290.47192382812494,289.16795349121094,0.30858874320983887
715,129,6192,494.85876464843756,535.2518310546875,336.32421874999994,541.60791015625,0.3020052955700801
716,129,22362,75.87796020507812,74.6090087890625,270.6034240722656,399.306396484375,0.28471926083931554
717,1290,16548,527.8785400390625,127.8311767578125,248.4041748046875,247.554443359375,0.3329854286634005
718,1290,29345,563.970947265625,526.4427490234375,303.150146484375,456.55859375,0.30096019689853376
719,1290,16548,199.71728515625,127.8311767578125,248.4041748046875,247.554443359375,0.2663883429307204
720,1290,16548,527.8785400390625,904.6143798828125,248.4041748046875,247.554443359375,0.2663883429307204
721,1293,30308,109.07290649414062,78.06658935546875,328.7103271484375,456.07342529296875,0.31335576222493094
722,1293,20238,569.889404296875,182.09303283691406,233.375,229.32432556152344,0.3130447635283837
723,1293,27777,138.46151733398438,774.7861328125,191.58865356445312,213.0081787109375,0.29094833594102126
724,1293,3483,524.2735595703125,768.102294921875,286.2396240234375,238.029541015625,0.2838368369982793
725,1294,35206,667.5146484375,148.3382110595703,223.688232421875,417.32652282714844,0.3088173957971426
726,1294,34597,0.0,38.17950439453125,444.5105895996094,478.83538818359375,0.3067262126849248
727,1294,3483,582.77197265625,834.2977294921875,292.59619140625,185.2275390625,0.29888476316745466
728,1295,34597,0.0,13.71380615234375,424.00457763671875,483.984619140625,0.3150257926720839
729,1295,35206,637.282470703125,139.9396514892578,219.69677734375,404.72923278808594,0.30357681787931
730,1295,3483,550.7501220703125,797.257080078125,300.081787109375,194.072265625,0.29513235275561994
731,1295,34597,551.9954223632812,13.71380615234375,424.00457763671875,483.984619140625,0.2520206341376671
732,1296,34597,553.5733642578125,722.0927734375,422.4266357421875,510.435546875,0.308797130217919
733,1296,35206,91.78042602539062,685.2313232421875,225.73358154296875,420.759033203125,0.30736001638265753
734,1296,3483,129.3189697265625,278.35882568359375,285.478271484375,191.888916015625,0.3007143506636986
735,1297,16548,148.1661376953125,240.83932495117188,244.48345947265625,234.34515380859375,0.3325178073002742
736,1297,3544,637.3380126953125,913.174560546875,226.8416748046875,226.31884765625,0.29248895553442145
737,1297,4543,151.3966064453125,886.0469970703125,225.438720703125,219.091796875,0.28569326950953555
738,1297,12420,682.71337890625,271.39410400390625,189.593994140625,179.143798828125,0.2808098838879512
739,1298,16548,610.508056640625,820.909423828125,247.54736328125,240.808349609375,0.3383050285852872
740,1298,3544,136.00640869140625,139.41696166992188,216.57415771484375,211.95208740234375,0.31428261445118827
741,1298,4543,610.9815673828125,163.1356201171875,216.529541015625,211.3583984375,0.3067215130879329
742,1298,16548,117.944580078125,820.909423828125,247.54736328125,240.808349609375,0.2706440228682298
743,13,16232,140.50433349609375,325.61907958984375,202.67340087890625,200.6671142578125,0.29331594705581665
744,13,33880,464.8746643066406,230.236083984375,462.1852722167969,307.3328857421875,0.287819321338947
745,13,3351,422.56878662109375,843.5810546875,206.4326171875,211.55517578125,0.2627440370046175
746,130,36637,123.373779296875,826.4400634765625,204.80557250976562,266.3948974609375,0.3102157207635733
747,130,3483,166.64776611328125,271.6800842285156,277.07781982421875,226.521240234375,0.2904363778921274
748,130,27777,631.09130859375,288.82855224609375,184.64599609375,204.47314453125,0.27796793442506057
749,130,30308,495.0549011230469,746.2183837890625,480.9450988769531,356.77685546875,0.25090261147572446
750,1300,29667,623.2711181640625,174.18634033203125,237.096435546875,229.8341064453125,0.3045672407517066
751,1300,31885,63.84118652343751,107.36921691894531,473.424072265625,487.37705993652344,0.29943042076550996
752,1300,3483,581.4585571289062,834.158447265625,292.356689453125,184.953125,0.29742536636499256
753,1302,29667,593.5870361328125,170.08090209960938,233.4364013671875,228.11834716796875,0.31129756799110997
754,1302,31885,56.18989562988281,85.80908203125,462.86131286621094,482.0631103515625,0.3016665807137122
755,1302,3483,548.9937744140625,796.0054321289062,301.3623046875,195.635009765625,0.29479833749624396
756,1305,16551,78.19630432128906,655.1942138671875,348.08384704589844,494.923828125,0.2901308353130634
757,1305,27926,584.59033203125,155.18223571777344,284.871337890625,460.94606018066406,0.2790121390269353
758,1305,1900,627.62939453125,888.02197265625,218.856201171875,146.3321533203125,0.2784715936734126
759,1305,44199,134.5790557861328,279.4677734375,291.58689880371094,175.408203125,0.2764973044395447
760,1309,3483,120.86074829101562,302.2823486328125,280.1688232421875,210.15234375,0.3075618010300856
761,1309,29667,85.2468032836914,855.64453125,234.65215301513672,240.236328125,0.3070628872284522
762,1309,27733,545.4784545898438,245.01210021972656,318.583251953125,278.80955505371094,0.29980916243333083
763,1309,28763,574.6258544921875,863.4326171875,234.412109375,229.46630859375,0.2982592353454003
764,1311,29667,633.923583984375,172.20053100585938,228.3778076171875,225.0379638671875,0.31435812895114607
765,1311,3483,569.1157836914062,752.815185546875,290.305419921875,215.171630859375,0.311643137381627
766,1311,27733,88.1251220703125,720.277587890625,328.11968994140625,302.462646484375,0.3005471137853769
767,1311,28763,170.23873901367188,179.6066131591797,224.3133544921875,213.11061096191406,0.2865466704735389
768,1312,22627,59.890045166015625,53.52032470703125,338.09326171875,496.11822509765625,0.3068712812203627
769,1312,5094,99.17486572265625,798.558349609375,293.33392333984375,289.881103515625,0.2982335365735567
770,1312,2483,598.8526611328125,37.91552734375,270.126953125,490.23040771484375,0.273699531188378
771,1315,19232,531.829833984375,197.21185302734375,310.657470703125,309.93701171875,0.3171683962528522
772,1315,3351,415.74176025390625,868.853759765625,203.72705078125,211.9677734375,0.2592835288781386
773,1315,19232,531.829833984375,772.8511352539062,310.657470703125,309.93701171875,0.2537347170022818
774,1315,19232,133.5126953125,197.21185302734375,310.657470703125,309.93701171875,0.2537347170022818
775,1316,19232,74.4010009765625,686.2432861328125,320.88470458984375,322.290283203125,0.3247389426598182
776,1316,3351,319.1568603515625,150.57620239257812,200.1693115234375,210.57598876953125,0.26235257203762347
777,1316,19232,74.4010009765625,271.4664306640625,320.88470458984375,322.290283203125,0.2597911541278546
778,1316,19232,580.7142944335938,686.2432861328125,320.88470458984375,322.290283203125,0.2597911541278546
779,132,3483,554.04736328125,805.3221435546875,280.76611328125,227.978759765625,0.2960239006922795
780,132,27777,171.69383239746094,812.2177734375,189.52137756347656,209.042724609375,0.2948505144852858
781,132,36637,658.318603515625,177.23098754882812,197.31298828125,258.7437744140625,0.289154236133282
782,132,30308,18.592666625976562,160.0557861328125,469.31773376464844,350.5252685546875,0.2575261088517996
783,1322,4378,125.18597412109376,111.23265075683594,240.44219970703125,435.66761779785156,0.33518147010069627
784,1322,6192,464.07696533203125,575.6331787109375,371.8526611328125,540.1654052734375,0.3321615778482877
785,1322,5094,537.852783203125,178.45925903320312,291.988525390625,292.7366943359375,0.3011711056415851
786,1322,4378,610.371826171875,111.23265075683594,240.44219970703125,435.66761779785156,0.26814517608055705
787,1323,6192,115.33526611328125,89.5987548828125,365.46722412109375,538.4068603515625,0.32538446096273566
788,1323,4378,563.0836791992188,698.068603515625,258.2916259765625,462.1785888671875,0.30368685722351074
789,1323,5094,96.33529663085938,791.88818359375,293.75274658203125,291.794921875,0.28182893991470337
790,1323,2483,593.45556640625,47.33421325683594,258.177490234375,494.65480041503906,0.27488027627651507
791,1326,3351,384.3902106285095,237.9402732849121,201.5076060295105,200.65183639526367,0.4764274450448843
792,1326,18357,149.8070068359375,657.8995361328125,292.19232177734375,371.848388671875,0.3211351541372446
793,1326,20238,590.958984375,829.743408203125,240.828369140625,240.527099609375,0.28732526760834914
794,1326,18357,534.0006713867188,657.8995361328125,292.19232177734375,371.848388671875,0.2569081233097957
795,1327,44199,168.10220336914062,224.0377197265625,216.8443603515625,279.916748046875,0.3397759795188904
796,1327,16548,162.53375244140625,806.43896484375,256.9820556640625,252.444091796875,0.3327503800392151
797,1327,29451,501.5892944335938,224.47735595703125,418.48657226562494,258.80047607421875,0.3273127629206731
798,1327,1900,638.66943359375,836.564453125,195.4197998046875,201.389404296875,0.28470098972320557
799,1328,44199,618.7173461914062,801.3216552734375,219.6298828125,286.384033203125,0.34433305263519287
800,1328,16548,572.771240234375,208.6422119140625,251.373291015625,244.32818603515625,0.33873691008641166
801,1328,29451,62.44073486328124,825.0540771484375,428.93780517578125,255.118408203125,0.32797088989844686
802,1328,1900,164.6942138671875,244.77667236328125,186.66119384765625,189.39947509765625,0.28398181383426374
803,1329,44199,588.190673828125,767.211181640625,225.46826171875,293.416015625,0.3386069948856647
804,1329,16548,543.652099609375,198.86972045898438,248.63330078125,244.15850830078125,0.33144205808639526
805,1329,29451,27.68487548828125,785.2864990234375,435.88311767578125,259.10302734375,0.319086886369265
806,1329,1900,145.15396118164062,233.47488403320312,186.93014526367188,188.52301025390625,0.28886765241622925
807,1330,35206,593.96826171875,111.15850830078125,257.836181640625,419.02606201171875,0.31759509673485387
808,1330,34597,78.92585754394531,144.54766845703125,483.26670837402344,475.22857666015625,0.2942163898394658
809,1330,3483,595.646728515625,835.60546875,290.966796875,201.8363037109375,0.2806894595806415
810,1330,35206,124.195556640625,111.15850830078125,257.836181640625,419.02606201171875,0.2540760773878831
811,1331,35206,566.8406982421875,102.42295837402344,250.61865234375,406.08387756347656,0.30519590928004336
812,1331,3483,569.7913818359375,804.8863525390625,291.9300537109375,203.033203125,0.2912722871853755
813,1331,34597,72.10406494140625,117.090087890625,458.23004150390625,470.54010009765625,0.2911767363548279
814,1331,25469,45.510650634765625,772.4425048828125,361.48016357421875,328.5421142578125,0.25906620117334217
815,1332,35206,127.5226287841797,720.2655029296875,268.41603088378906,423.7283935546875,0.3100212262226985
816,1332,34597,444.8074951171875,630.4307861328125,481.4017333984375,483.2799072265625,0.2975372855479901
817,1332,3483,121.16748046875,268.1612548828125,282.7774658203125,200.3995361328125,0.29458268330647397
818,1332,25469,562.0284423828125,171.66368103027344,345.02880859375,313.69618225097656,0.2679756513008704
819,1333,3351,384.6256995201111,911.1861419677734,208.68478155136108,214.46449279785156,0.4587648923580463
820,1333,20014,563.241455078125,267.409912109375,364.404052734375,345.95184326171875,0.30534480626766497
821,1333,36637,149.0543212890625,279.76434326171875,212.1199951171875,257.40155029296875,0.2931336943919842
822,1337,16548,570.2242431640625,179.05889892578125,250.7275390625,242.91619873046875,0.3411455337817852
823,1337,29451,484.6496887207031,816.426513671875,407.4963073730469,281.881103515625,0.32037785420050985
824,1337,1900,164.10743713378906,244.31069946289062,188.43614196777344,187.4622802734375,0.2843139721797063
825,1337,16548,155.0482177734375,179.05889892578125,250.7275390625,242.91619873046875,0.2729164270254282
826,134,35206,636.841552734375,139.63426208496094,220.27734375,405.46717834472656,0.30569021518413836
827,134,31885,34.949981689453125,6.8651123046875,376.20098876953125,525.08349609375,0.3009021052947411
828,134,3483,550.4774169921875,796.8592529296875,300.944091796875,195.000244140625,0.29504120349884033
829,1340,16548,178.9940948486328,815.205078125,261.88584899902344,254.7998046875,0.32111738736812884
830,1340,24850,573.021484375,274.2022705078125,302.315673828125,193.3223876953125,0.3104687424806448
831,1340,31705,125.42175292968751,121.9129638671875,272.37908935546875,430.35772705078125,0.3103410739165086
832,1340,1900,638.416748046875,853.775390625,217.606689453125,169.002197265625,0.29041189413804275
833,1345,29667,609.0745849609375,166.3936004638672,236.062744140625,232.21669006347656,0.3025733966093797
834,1345,31885,146.763916015625,103.71832275390625,453.17449951171875,537.5457763671875,0.29144463630822987
835,1345,3483,593.3768310546875,835.5516357421875,291.6470947265625,203.6298828125,0.28345582576898426
836,1345,25469,80.671630859375,814.7830810546875,353.657470703125,322.795654296875,0.250607614333813
837,1347,29667,134.073486328125,861.765625,243.91998291015625,244.4200439453125,0.2941713883326604
838,1347,3483,121.89321899414062,268.03662109375,283.780517578125,200.50323486328125,0.29404163360595703
839,1347,31885,382.39434814453125,595.863525390625,469.70556640625,548.7010498046875,0.2747184955156766
840,1347,25469,560.9453125,173.03961181640625,349.1982421875,312.0296630859375,0.26672420593408436
841,1348,3351,381.44275999069214,869.7167205810547,206.6600308418274,212.35679626464844,0.459407430428725
842,1348,31863,179.33096313476562,257.7806396484375,218.2518310546875,219.334716796875,0.3332187579228328
843,1348,31863,179.33096313476562,802.8846435546875,218.2518310546875,219.334716796875,0.26657500633826625
844,1348,31863,578.4172058105469,257.7806396484375,218.2518310546875,219.334716796875,0.26657500633826625
845,135,35206,666.8785400390625,148.78700256347656,223.765380859375,416.73460388183594,0.3088239064583411
846,135,31885,42.28057861328125,11.39471435546875,390.1053466796875,545.5655517578125,0.3004314119999225
847,135,3483,582.8469848632812,834.99365234375,292.325927734375,184.115234375,0.2972041872831491
848,1350,31863,580.2841796875,852.2109375,219.997802734375,216.7169189453125,0.32304289249273443
849,1350,22074,102.4357681274414,814.8328247070312,192.89849090576172,191.96240234375,0.27445428646527803
850,1350,3351,417.156494140625,209.25286865234375,203.994384765625,206.87591552734375,0.26720654505949754
851,1350,31863,580.2841796875,211.0721435546875,219.997802734375,216.7169189453125,0.2584343139941876
852,1353,16232,149.69810485839844,822.3609619140625,200.52857971191406,198.0726318359375,0.323068958062392
853,1353,34597,497.98870849609375,664.31494140625,463.1253662109375,501.45166015625,0.29753639147831845
854,1353,3483,166.18092346191406,272.42108154296875,276.70091247558594,226.3564453125,0.29096798254893375
855,1353,27777,630.471923828125,288.86798095703125,183.53955078125,205.0302734375,0.28680280997202945
856,1354,20877,535.7210693359375,284.12255859375,341.750732421875,252.31451416015625,0.30984413165312547
857,1354,3483,131.82034301757812,283.357177734375,226.67819213867188,270.8594970703125,0.30897117578066313
858,1354,36637,157.7721405029297,795.9459228515625,208.95021057128906,268.095703125,0.3002095680970412
859,1354,30308,554.70849609375,721.746337890625,366.4564208984375,489.16845703125,0.2998619813185472
860,1355,20877,83.9603271484375,720.69677734375,347.66851806640625,252.42431640625,0.33037790885338414
861,1355,30308,75.58578491210938,41.47613525390625,336.5677795410156,449.97943115234375,0.3080848776377164
862,1355,36637,594.1368408203125,200.10614013671875,199.12939453125,256.22772216796875,0.2966129779815674
863,1355,3483,611.162109375,706.1889038085938,228.939697265625,285.5341796875,0.29303436095897967
864,1357,16548,570.6287841796875,159.5460968017578,246.43505859375,241.70164489746094,0.33854780288843006
865,1357,6563,151.0813446044922,667.92626953125,249.62367248535156,376.027099609375,0.3307477098244887
866,1357,16548,158.9361572265625,159.5460968017578,246.43505859375,241.70164489746094,0.27083824231074405
867,1357,16548,570.6287841796875,878.7522583007812,246.43505859375,241.70164489746094,0.27083824231074405
868,1358,16548,597.815185546875,168.7552490234375,250.641357421875,239.6995849609375,0.33280723370038545
869,1358,6563,182.0351104736328,707.2774658203125,250.89781188964844,377.7325439453125,0.32785743474960327
870,1358,3544,106.32583618164062,235.7441864013672,218.16763305664062,209.78761291503906,0.3002531941120441
871,1358,16548,127.54345703124999,168.7552490234375,250.641357421875,239.6995849609375,0.2662457869603084
872,1359,16548,136.15399169921875,848.447265625,253.6920166015625,248.1064453125,0.3352678739107572
873,1359,6563,561.1837768554688,226.856201171875,249.2344970703125,349.5174560546875,0.31699483211223894
874,1359,3544,667.332275390625,821.379150390625,223.89208984375,222.435791015625,0.2984895614477304
875,1359,16548,586.1539916992188,848.447265625,253.6920166015625,248.1064453125,0.2682142991286058
876,136,44199,134.468505859375,237.03282165527344,250.09320068359375,245.63624572753906,0.3131019152127779
877,136,1900,648.0684814453125,843.66162109375,215.455078125,172.347412109375,0.2975254792433519
878,136,16551,77.27444458007812,653.235107421875,315.2428283691406,490.120361328125,0.2816408643355736
879,136,33009,561.7096557617188,205.5603790283203,333.216796875,307.50657653808594,0.2736481107198275
880,1361,19232,151.77725219726562,641.6893310546875,279.8099365234375,373.194091796875,0.3385533048556401
881,1361,29667,621.8846435546875,687.275634765625,240.142578125,239.46142578125,0.3047316807966966
882,1361,19232,151.77725219726562,265.1165771484375,279.8099365234375,373.194091796875,0.27084264388451207
883,1361,19232,544.4128112792969,641.6893310546875,279.8099365234375,373.194091796875,0.27084264388451207
884,1363,16262,116.68292236328125,280.16143798828125,257.0206604003906,258.8590087890625,0.31338455585333014
885,1363,3351,425.4349365234375,876.3916015625,207.4007568359375,214.845458984375,0.25886806157919073
886,1363,16262,116.68292236328125,740.9795532226562,257.0206604003906,258.8590087890625,0.25070764468266415
887,1363,16262,602.2964172363281,280.16143798828125,257.0206604003906,258.8590087890625,0.25070764468266415
888,1366,22347,657.5992431640625,829.766357421875,219.240966796875,217.891357421875,0.33468432151354277
889,1366,29667,123.46450805664062,856.144287109375,236.7763671875,237.7271728515625,0.3073825744482187
890,1366,3483,130.09788513183594,277.54254150390625,285.68727111816406,192.609375,0.2983138194450965
891,1366,22347,99.1597900390625,829.766357421875,219.240966796875,217.891357421875,0.2677474572108342
892,1367,22347,104.47372436523438,219.87359619140625,210.56961059570312,202.6239013671875,0.3217207926970262
893,1367,29667,597.3236083984375,169.67431640625,229.362060546875,227.2003173828125,0.3122773537269005
894,1367,3483,549.021728515625,796.2099609375,301.108642578125,195.4013671875,0.29478387190745425
895,1367,22347,660.9566650390625,219.87359619140625,210.56961059570312,202.6239013671875,0.25737663415762096
896,1369,22347,117.65740966796875,207.3228759765625,214.94827270507812,209.3848876953125,0.3188285231590271
897,1369,3483,592.4830322265625,860.1512451171875,270.840087890625,242.594482421875,0.30385668461139387
898,1369,16262,632.245361328125,165.96493530273438,256.640625,249.794921875,0.29559341760782093
899,1369,19861,124.49505615234375,860.259765625,229.78463745117188,178.44189453125,0.2637950273660513
900,1371,22347,100.67279052734375,200.4151611328125,211.15921020507812,204.39300537109375,0.3163816837164072
901,1371,3483,563.4600219726562,824.2054443359375,276.3240966796875,249.28857421875,0.29470113607553333
902,1371,16262,601.8255615234375,162.3018035888672,252.628173828125,245.18202209472656,0.2925106424551744
903,1371,22347,664.1679992675781,200.4151611328125,211.15921020507812,204.39300537109375,0.25310534697312576
904,1372,22627,75.40777587890625,104.40614318847656,334.1319885253906,477.42161560058594,0.323065473483159
905,1372,2483,583.481201171875,107.06890869140625,299.986572265625,455.29266357421875,0.29530208844404954
906,1372,3743,62.44039916992187,800.779296875,357.5492858886719,352.08642578125,0.271951281107389
907,1372,22627,566.4602355957031,104.40614318847656,334.1319885253906,477.42161560058594,0.2584523787865272
908,1376,33208,147.0277099609375,290.13031005859375,219.54205322265625,207.88623046875,0.3252973006321834
909,1376,33009,577.9140014648438,235.34962463378906,372.6063232421875,256.11766052246094,0.28976447307146513
910,1376,1900,636.3544311523438,855.1923828125,215.8646240234375,176.3057861328125,0.2877156321819012
911,1376,16551,83.1373291015625,694.7333984375,316.2100830078125,507.409423828125,0.2784664585040166
912,1377,33208,635.97314453125,798.6085815429688,219.5263671875,210.743896484375,0.3289179847790645
913,1377,1900,149.4276123046875,250.83309936523438,206.3189697265625,166.57415771484375,0.2912585551922138
914,1377,33009,38.75909423828125,813.144775390625,379.16094970703125,257.06494140625,0.29024445093595064
915,1377,16551,584.841552734375,48.46031188964844,316.16259765625,497.91493225097656,0.2840707623041593
916,1378,3483,141.082275390625,212.27996826171875,264.1505126953125,233.76385498046875,0.3151116921351506
917,1378,22347,615.776611328125,861.4381103515625,224.249267578125,220.9747314453125,0.31344730120438796
918,1378,35206,102.065185546875,761.511474609375,314.971435546875,410.4356689453125,0.259536665219527
919,1378,3483,570.7672119140625,212.27996826171875,264.1505126953125,233.76385498046875,0.2520893537081205
920,1379,22347,158.02395629882812,193.08331298828125,218.77117919921875,212.23773193359375,0.31114073900076056
921,1379,3483,592.0916748046875,860.06640625,270.14013671875,242.382568359375,0.3035223942536574
922,1379,35206,569.0699462890625,84.2352294921875,306.162841796875,404.42596435546875,0.2998203497666579
923,1379,19861,124.63937377929689,860.33154296875,229.28939819335938,178.524169921875,0.2659249993470999
924,1381,3351,384.0771174430847,829.7959136962891,211.16107988357544,217.04811096191406,0.4281090314571674
925,1381,21325,627.377197265625,266.87091064453125,248.899658203125,157.5220947265625,0.3511176430262052
926,1381,21325,99.72314453125,266.87091064453125,248.899658203125,157.5220947265625,0.2808941144209642
927,1381,21325,627.377197265625,855.6069946289062,248.899658203125,157.5220947265625,0.2808941144209642
928,1384,25367,37.593841552734375,85.2431640625,440.2945556640625,477.0120849609375,0.32282469364312977
929,1384,20238,598.791015625,185.9597625732422,236.335693359375,229.88966369628906,0.2998404319469745
930,1384,3483,554.1893310546875,808.3868408203125,280.8946533203125,227.425537109375,0.29562755272938657
931,1384,27777,171.33197021484375,813.6158447265625,189.1123046875,209.1695556640625,0.291292300591102
932,1385,20238,569.6036376953125,182.37835693359375,233.7318115234375,229.11785888671875,0.31152372176830584
933,1385,25367,26.271484375,73.46844482421875,424.7174987792969,454.9710693359375,0.30774304499992955
934,1385,27777,137.91949462890625,774.437744140625,191.73394775390625,213.5035400390625,0.28751446650578427
935,1385,3483,524.1885375976562,769.1237182617188,286.7569580078125,236.9044189453125,0.2854085656312796
936,1386,25367,517.0386962890625,686.532470703125,447.512939453125,498.0341796875,0.30493651445095354
937,1386,20238,145.31578063964844,844.802490234375,245.69129943847656,237.890380859375,0.2923434055768526
938,1386,3483,166.5709228515625,269.9068298339844,277.11431884765625,225.56854248046875,0.2920131270702069
939,1386,27777,631.5467529296875,287.56195068359375,185.265869140625,205.16455078125,0.27993062367806065
940,1387,20877,134.31201171875,827.6121826171875,281.17083740234375,327.2943115234375,0.3299020803891695
941,1387,22347,107.56591033935547,238.08642578125,216.40930938720703,204.81488037109375,0.32829195261001587
942,1387,3483,634.870361328125,750.27294921875,215.508544921875,283.119384765625,0.30250338407663196
943,1387,20238,596.5836181640625,175.51315307617188,237.10595703125,229.349609375,0.30096773917858416
944,139,35206,570.381591796875,104.2100830078125,247.4774169921875,403.67913818359375,0.2990087637534508
945,139,31885,0.473663330078125,37.11419677734375,406.4205322265625,517.4683227539062,0.2972285793377803
946,139,3483,568.2532958984375,806.0927734375,293.0009765625,203.5107421875,0.2954006653565627
947,139,25469,45.017333984375,773.02734375,361.9290771484375,327.654296875,0.2524384626975426
948,1390,25438,150.19007873535156,859.753173828125,275.77146911621094,287.521484375,0.26904016733169556
949,1390,2483,577.4935302734375,116.5338134765625,247.9091796875,470.56103515625,0.2619123229613671
950,1390,22627,110.30938720703125,161.15350341796875,376.3616943359375,472.3330078125,0.25911920345746553
951,1392,22627,106.4525146484375,120.90086364746094,370.08380126953125,484.51136779785156,0.2867617056919978
952,1392,25438,145.77212524414062,847.8804931640625,274.92816162109375,277.890625,0.28611329885629505
953,1392,2483,585.5889892578125,77.4620361328125,251.6685791015625,486.28948974609375,0.26943961015114415
954,1392,22362,577.647705078125,742.36962890625,289.851318359375,421.490478515625,0.2587106136175302
955,1393,22347,677.34423828125,863.9256591796875,222.279296875,218.929931640625,0.3375818637701181
956,1393,16262,129.61318969726562,826.755859375,262.2823486328125,257.3291015625,0.29651889434227574
957,1393,3483,167.26902770996094,269.961669921875,277.00331115722656,225.50640869140625,0.29025309360944307
958,1393,27777,631.4412841796875,287.51776123046875,186.806396484375,205.11590576171875,0.2749992333925687
959,1395,22347,86.22402954101562,186.61318969726562,209.27691650390625,204.56719970703125,0.3067450110728924
960,1395,27777,137.6217041015625,774.136474609375,191.7498779296875,212.720947265625,0.28913747805815476
961,1395,3483,522.993896484375,768.1878051757812,286.69677734375,236.8614501953125,0.28405957497083223
962,1395,16262,567.0222778320312,175.9700927734375,254.7821044921875,248.58966064453125,0.28403685643122745
963,1396,19552,493.5982360839844,578.224609375,360.5642395019531,524.472900390625,0.3552343982916612
964,1396,5094,512.009033203125,147.56134033203125,288.9608154296875,292.06951904296875,0.2986646615541898
965,1396,19552,121.8375244140625,578.224609375,360.5642395019531,524.472900390625,0.2841875186333289
966,1396,19552,493.5982360839844,177.302490234375,360.5642395019531,524.472900390625,0.2841875186333289
967,140,35206,595.1082153320312,111.63749694824219,257.473876953125,418.23390197753906,0.3186327677506667
968,140,31885,8.0994873046875,55.751708984375,422.7083435058594,519.9520874023438,0.2892595988053542
969,140,3483,594.572265625,836.3187255859375,290.939697265625,202.031982421875,0.28271902066010696
970,140,35206,123.41790771484375,111.63749694824219,257.473876953125,418.23390197753906,0.2549062142005334
971,1401,22347,644.0245971679688,847.583984375,222.239013671875,215.57763671875,0.3180429797906142
972,1401,29667,131.38352966308594,863.23291015625,244.82130432128906,243.9505615234375,0.30553746681946975
973,1401,3483,122.01641845703126,266.3569030761719,284.06732177734375,201.08062744140625,0.2936740334217365
974,1401,25469,561.7990112304688,173.33135986328125,347.8660888671875,310.560302734375,0.26147356400123006
975,1402,20238,80.22516632080078,326.243896484375,235.16002655029297,235.9156494140625,0.30217679647298956
976,1402,3351,417.63409423828125,874.8997802734375,206.415283203125,214.175048828125,0.26347607374191284
977,1404,3351,383.138943195343,206.06456756591797,203.22519731521606,203.9346694946289,0.4863174145038311
978,1404,20238,665.3428955078125,755.17919921875,237.5634765625,235.88671875,0.28882171099002546
979,1404,33880,115.48321533203125,725.5677490234375,412.71453857421875,411.3057861328125,0.27241087876833403
980,1407,3351,382.60490465164185,218.33539962768555,207.368417263031,208.05456161499023,0.47719781215374285
981,1407,38162,596.3587646484375,784.5931396484375,259.74462890625,271.505615234375,0.34402780807935274
982,1407,33880,99.82057189941406,676.8338623046875,318.40403747558594,445.529296875,0.324121553164262
983,1407,38162,119.8966064453125,784.5931396484375,259.74462890625,271.505615234375,0.2752222464634822
984,1408,16548,71.43572998046875,802.2491455078125,248.81851196289062,247.87890625,0.3404513230690589
985,1408,33208,648.3421020507812,891.85009765625,230.796630859375,223.299560546875,0.32364134605114275
986,1408,1900,185.22216796875,264.6175842285156,212.471923828125,150.58123779296875,0.2894114301754878
987,1408,21026,679.4945068359375,270.40008544921875,185.074951171875,180.495361328125,0.277305726821606
988,1411,3483,582.9659423828125,832.8121948242188,294.0599365234375,186.024169921875,0.30055747582362247
989,1411,36637,635.0907592773438,206.33822631835938,202.879150390625,256.66693115234375,0.29066917987970203
990,1411,30308,51.11177062988281,111.76264953613281,420.66038513183594,449.68833923339844,0.2845818033585181
991,1413,3483,128.229248046875,278.3567810058594,287.01385498046875,193.14788818359375,0.2985238341184763
992,1413,36637,145.63784790039062,799.16015625,208.9581298828125,264.52294921875,0.29541779022950393
993,1413,30308,525.005126953125,692.066650390625,424.037353515625,454.219482421875,0.28089690666932327
994,1414,10221,590.194580078125,180.72618103027344,234.23779296875,230.50245666503906,0.320047690318181
995,1414,16548,49.132171630859375,768.3787841796875,250.77349853515625,247.96142578125,0.3158003550309401
996,1414,3544,105.95599365234375,187.66261291503906,211.53009033203125,209.18113708496094,0.3087791342001695
997,1414,27926,532.055908203125,588.0050048828125,302.3499755859375,498.0565185546875,0.2884950546117929
998,1418,1900,126.09515380859374,252.00225830078125,205.73748779296875,158.73114013671875,0.2947000815318181
999,1418,16551,91.8408203125,643.5570068359375,313.4564208984375,503.635009765625,0.2912925756894625
1000,1418,31705,568.4277954101562,692.947021484375,290.12890625,465.7342529296875,0.28312281920359683
1001,142,44199,75.3951416015625,168.78102111816406,257.8052978515625,240.33457946777344,0.34005183439988357
1002,142,16548,584.6682739257812,147.74964904785156,246.07958984375,240.04588317871094,0.3345441588988671
1003,142,1900,578.270263671875,861.00048828125,217.71875,155.458740234375,0.2892704193408673
1004,142,21026,88.62994384765625,826.87060546875,190.90884399414062,187.796142578125,0.2876893144387465
1005,1420,3351,386.6930627822876,862.0967864990234,206.45697402954102,215.4131317138672,0.44665863880744344
1006,1421,3351,331.8604736328125,155.509521484375,201.76611328125,210.505859375,0.260579356780419
1007,1421,41768,539.562744140625,703.609130859375,320.1722412109375,305.4088134765625,0.2512430456968454
1008,1424,35206,570.663330078125,126.0777587890625,241.705322265625,404.9755859375,0.3024918070206275
1009,1424,31885,87.6748046875,72.04150390625,374.3529052734375,516.783203125,0.2926463347214919
1010,1424,27777,137.9114990234375,772.990478515625,192.05032348632812,213.345703125,0.28932846509493315
1011,1424,3483,525.29248046875,765.982666015625,285.7442626953125,237.5369873046875,0.282482779943026
1012,1425,35206,600.5740356445312,133.655029296875,245.6124267578125,420.5152587890625,0.3045461498774015
1013,1425,3483,554.6552734375,806.318115234375,280.398681640625,226.9632568359375,0.2968727166836078
1014,1425,27777,171.4281005859375,812.6673583984375,188.89306640625,208.26611328125,0.2900149730535654
1015,1425,31885,101.87689208984375,83.774658203125,398.9592895507812,538.360595703125,0.2806667868907635
1016,1429,16548,122.77740478515625,822.1251220703125,247.61163330078125,244.257080078125,0.32413429938829863
1017,1429,10221,670.7169189453125,208.63720703125,237.435791015625,228.646728515625,0.3015264639487633
1018,1429,29345,585.0377197265625,696.37744140625,302.5887451171875,456.527099609375,0.29267136867229754
1019,1429,3544,117.14236450195312,246.0856475830078,215.69073486328125,210.98692321777344,0.2925616732010474
1020,143,44199,90.3853759765625,174.86126708984375,265.3201904296875,245.494140625,0.33561275555537295
1021,143,16548,614.294677734375,152.7288818359375,249.85595703125,243.9112548828125,0.32266600773884696
1022,143,1900,607.4296875,900.0972900390625,209.698486328125,143.95654296875,0.28968581786522496
1023,143,21026,122.33859252929686,861.20556640625,188.40292358398438,186.138427734375,0.2774435052504906
1024,1431,16548,89.43463897705078,784.4853515625,250.14037322998047,244.975830078125,0.31477609506020177
1025,1431,3544,101.5480728149414,238.23782348632812,212.04222869873047,205.6947021484375,0.30571763332073504
1026,1431,29345,554.91650390625,656.986083984375,309.43603515625,462.437744140625,0.29949908073131853
1027,1431,10221,641.1497802734375,198.8064422607422,232.7593994140625,230.58876037597656,0.293463606100816
1028,1433,3351,385.46768283843994,161.92365646362305,198.88694858551025,206.03647232055664,0.4502757237507747
1029,1433,38162,598.702392578125,742.22412109375,308.121826171875,228.9169921875,0.35458502861169666
1030,1433,38162,69.17578125,742.22412109375,308.121826171875,228.9169921875,0.2836680228893574
1031,1433,38162,598.702392578125,308.85888671875,308.121826171875,228.9169921875,0.2836680228893574
1032,1435,3351,385.1990637779236,843.0775451660156,206.884117603302,212.83126831054688,0.47454329637380743
1033,1435,13900,161.19580078125,338.01910400390625,184.708251953125,262.36639404296875,0.3204081608698918
1034,1435,13900,161.19580078125,679.614501953125,184.708251953125,262.36639404296875,0.25632652869591344
1035,1435,13900,630.095947265625,338.01910400390625,184.708251953125,262.36639404296875,0.25632652869591344
1036,1436,13900,584.5045776367188,622.0859375,200.052490234375,276.735595703125,0.31291372500933134
1037,1436,3351,340.365966796875,175.38046264648438,203.3524169921875,209.6546630859375,0.26137620210647583
1038,1436,20238,105.91583251953125,693.6832275390625,240.03997802734375,239.457763671875,0.257377211864178
1039,1436,13900,584.5045776367188,381.178466796875,200.052490234375,276.735595703125,0.25033098000746506
1040,1438,12247,168.93392944335938,292.5848388671875,220.88067626953125,144.94580078125,0.3658129618718074
1041,1438,16548,200.543212890625,827.524169921875,262.96295166015625,264.209228515625,0.3245554291285001
1042,1438,6563,560.3450927734375,227.604248046875,249.1119384765625,349.05963134765625,0.31222760677337646
1043,1438,3544,690.411865234375,850.5626220703125,226.32666015625,224.946044921875,0.3015975539500897
1044,1439,12247,582.40380859375,839.8062744140625,226.651611328125,147.078369140625,0.35355496865052444
1045,1439,16548,503.9822998046875,172.22021484375,252.4163818359375,244.8707275390625,0.3345765288059528
1046,1439,6563,151.49002075195312,667.98828125,250.48052978515625,375.56640625,0.3317326995042654
1047,1439,3544,70.52237701416016,192.86431884765625,212.04869842529297,212.3837890625,0.3017238699472867
1048,1441,36637,585.7294311523438,193.32931518554688,263.3218994140625,184.6888427734375,0.32552510499954224
1049,1441,3483,569.2311401367188,752.849365234375,289.892578125,215.066162109375,0.3121069073677063
1050,1441,22347,116.338623046875,168.7684326171875,209.05343627929688,202.10760498046875,0.31179687151542074
1051,1441,27733,87.85336303710938,720.469970703125,328.06640625,302.6087646484375,0.30318553631122297
1052,1442,22347,131.5892333984375,173.32229614257812,214.90036010742188,207.51409912109375,0.3230869540801415
1053,1442,3483,598.2988891601562,785.79052734375,286.4771728515625,211.919921875,0.3055953291746286
1054,1442,36637,615.3953247070312,200.73101806640625,269.543212890625,183.659423828125,0.3003264390505277
1055,1442,27733,122.95092773437501,764.0582275390625,321.86590576171875,300.1455078125,0.28963139423957235
1056,1444,4378,122.6229248046875,110.17500305175781,242.2164306640625,436.10569763183594,0.33714198149167574
1057,1444,23223,502.69256591796875,618.3953857421875,330.0255126953125,523.6142578125,0.3216454615959754
1058,1444,3743,465.990478515625,131.5762176513672,343.108642578125,337.11244201660156,0.2933605129902179
1059,1444,4378,611.16064453125,110.17500305175781,242.2164306640625,436.10569763183594,0.2697135851933406
1060,1446,23223,110.69244384765625,61.0780029296875,328.6102294921875,529.7821044921875,0.32749359424297625
1061,1446,4378,563.1593017578125,700.0008544921875,258.19921875,460.8414306640625,0.3068634638419518
1062,1446,3743,119.26876831054688,790.2296142578125,344.777099609375,345.25830078125,0.2907537038509662
1063,1446,2483,595.5932006835938,23.59515380859375,254.2198486328125,502.54388427734375,0.27921066834376407
1064,1447,16548,39.687538146972656,784.8900146484375,249.61644744873047,245.641845703125,0.3112824605061458
1065,1447,3544,101.35900115966797,175.40554809570312,211.39838409423828,205.1387939453125,0.30908777163578915
1066,1447,29451,451.3409729003906,750.029541015625,431.7946472167969,275.86865234375,0.3077185383209815
1067,1447,10221,618.217529296875,181.68133544921875,235.17041015625,230.42620849609375,0.30063881323887753
1068,1449,16548,74.67422485351562,825.2576904296875,246.8709716796875,241.198486328125,0.30756253462571365
1069,1449,3544,114.91006469726562,178.52352905273438,215.223876953125,212.055419921875,0.30257697288806623
1070,1449,10221,647.05029296875,188.4391326904297,240.48291015625,230.63636779785156,0.30138602623572713
1071,1449,29451,480.1773681640625,789.923828125,427.2802734375,267.302978515625,0.3006410369506249
1072,1450,25438,114.73516845703125,801.5372314453125,273.21075439453125,273.419677734375,0.28553664684295654
1073,1450,2483,579.585205078125,37.86198425292969,256.656494140625,494.17079162597656,0.27821692136617804
1074,1450,13395,561.8600463867188,711.3179931640625,283.7100830078125,515.4017333984375,0.26462690188334537
1075,1450,12778,109.56790161132812,67.47869873046875,305.94158935546875,524.2474365234375,0.25707937203920805
1076,1452,2483,576.5386962890625,87.73577880859375,249.476806640625,468.3433837890625,0.2805177982036884
1077,1452,13395,575.2722778320312,710.260498046875,275.6143798828125,526.403564453125,0.2739907686526959
1078,1452,25438,117.671875,811.8082275390625,274.56024169921875,284.046142578125,0.271590925179995
1079,1453,18357,45.292205810546875,301.935302734375,284.51708984375,344.7576904296875,0.33368218403596145
1080,1453,16688,437.419677734375,90.2369384765625,478.014404296875,582.2303466796875,0.2681457767119774
1081,1453,18357,45.292205810546875,633.3070068359375,284.51708984375,344.7576904296875,0.2669457472287692
1082,1453,18357,646.1907043457031,301.935302734375,284.51708984375,344.7576904296875,0.2669457472287692
1083,1455,18357,641.1934814453125,642.3648681640625,296.8193359375,357.583740234375,0.3074916967978844
1084,1455,3351,325.2200927734375,179.89474487304688,204.1383056640625,207.0765380859375,0.27226723157442534
1085,1458,23223,69.25750732421875,158.7314453125,325.672119140625,527.3946533203125,0.3309455055456895
1086,1458,4378,628.30712890625,704.4066162109375,248.3009033203125,460.54541015625,0.3083359507414011
1087,1458,2483,591.5771484375,58.07757568359375,264.927978515625,491.29132080078125,0.2728144939129169
1088,1458,25438,100.34963989257812,819.175537109375,276.29876708984375,273.651123046875,0.2724645458734952
1089,1459,5094,97.094970703125,801.912109375,299.310302734375,301.3428955078125,0.28712112169999343
1090,1459,22627,70.7091064453125,184.04168701171875,318.375244140625,485.85150146484375,0.26334127554526693
1091,146,16232,149.48065185546875,822.341552734375,199.9925537109375,198.306884765625,0.3236071650798504
1092,146,3483,165.69000244140625,272.14447021484375,277.82330322265625,226.1822509765625,0.28906441651857817
1093,146,31885,542.521484375,659.3668212890625,429.1650390625,566.0711669921875,0.28718462357154256
1094,146,27777,630.55517578125,288.54119873046875,183.596923828125,205.1419677734375,0.28392922419768113
1095,1460,5094,538.810791015625,176.864013671875,290.7244873046875,293.49359130859375,0.3063851594924927
1096,1460,22627,531.5810546875,566.741943359375,339.396728515625,500.408447265625,0.27035566476675177
1097,1460,12081,53.1646728515625,125.3250732421875,260.74237060546875,436.59814453125,0.2700343957314124
1098,1461,5094,97.70864868164062,794.5843505859375,292.85662841796875,290.548095703125,0.29799057887150693
1099,1461,22627,65.10256958007812,147.93540954589844,324.35211181640625,495.28822326660156,0.28475756828601545
1100,1461,2483,618.7164306640625,19.208984375,254.47509765625,501.09228515625,0.25835830431718093
1101,1462,25367,505.19018554687494,661.7757568359375,453.95043945312506,488.7044677734375,0.30811532185627866
1102,1462,3483,128.6744384765625,277.94580078125,286.70001220703125,192.92974853515625,0.2978069048661452
1103,1462,20238,129.6660919189453,860.659423828125,242.69615173339844,239.830322265625,0.2962333880938016
1104,1463,25367,49.303955078125,113.936767578125,442.3224487304687,475.65484619140625,0.3220149645438561
1105,1463,20238,616.3575439453125,168.6891326904297,236.22119140625,231.05934143066406,0.30534595251083374
1106,1463,3483,582.5809326171875,833.5579833984375,294.0267333984375,186.41845703125,0.2972153746164762
1107,1463,25367,484.37359619140625,113.936767578125,442.32244873046875,475.65484619140625,0.25761197163508487
1108,1464,25367,33.65338134765625,100.06324768066406,429.48046875,458.60862731933594,0.31753416244800275
1109,1464,20238,586.966796875,166.15013122558594,233.5159912109375,225.96852111816406,0.3108115838124202
1110,1464,3483,550.69580078125,796.009521484375,301.7935791015625,195.840087890625,0.29778308593309843
1111,1464,25367,512.8661499023438,100.06324768066406,429.48046875,458.60862731933594,0.2540273299584022
1112,1466,22347,103.35748291015625,174.6802978515625,210.11611938476562,201.34979248046875,0.3167680135140052
1113,1466,3483,549.68994140625,795.9573974609375,301.12548828125,195.513427734375,0.294685226220351
1114,1466,16262,585.2664794921875,167.07749938964844,250.733154296875,246.08815002441406,0.2824285397162804
1115,1466,22347,662.5263977050781,174.6802978515625,210.11611938476562,201.34979248046875,0.2534144108112042
1116,1473,19607,150.0823974609375,214.5713348388672,165.50921630859375,159.48329162597656,0.35411697167616624
1117,1473,1900,612.0806274414062,858.830322265625,205.1273193359375,166.9296875,0.29089221587547887
1118,1473,16551,546.2364501953125,81.54449462890625,323.01123046875,498.29156494140625,0.2888221236375662
1119,1473,19607,660.4083862304688,214.5713348388672,165.50921630859375,159.48329162597656,0.283293577340933
1120,1474,3483,599.7366333007812,784.3743896484375,285.852783203125,212.455810546875,0.3046800998541025
1121,1474,36637,614.2178955078125,198.97964477539062,269.1685791015625,188.57745361328125,0.3008327575830313
1122,1474,27733,120.31964111328125,758.690185546875,320.751708984375,298.63427734375,0.29300742424451387
1123,1474,34597,55.85321044921875,87.33123779296875,458.959716796875,464.66253662109375,0.28597290699298566
1124,1476,36637,585.1480712890625,191.996826171875,263.49658203125,185.3265380859375,0.32910791727212757
1125,1476,3483,571.019775390625,752.1519775390625,288.325927734375,215.183349609375,0.3112265238395104
1126,1476,34597,44.175048828125,61.72802734375,453.3981323242188,464.9984130859375,0.29409206830538237
1127,1476,27733,84.25225830078125,713.868408203125,327.1425476074219,301.4970703125,0.29376364671266997
1128,1477,18357,324.85840940475464,658.4611511230469,325.48546838760376,412.8948974609375,0.5545621651869553
1129,1477,3351,648.0513916015625,282.16741943359375,188.0576171875,195.95477294921875,0.25255425618245053
1130,148,3351,386.0886917114258,840.4315185546875,206.03375720977783,211.2957000732422,0.4716247778672438
1131,148,19232,487.06781005859375,222.38189697265625,345.14794921875,289.867431640625,0.3131493926048279
1132,148,19232,487.06781005859375,767.7506713867188,345.14794921875,289.867431640625,0.2505195140838623
1133,148,19232,143.78424072265625,222.38189697265625,345.14794921875,289.867431640625,0.2505195140838623
1134,1480,16548,167.31771850585938,825.1683349609375,257.59832763671875,257.4354248046875,0.33244091730851394
1135,1480,3544,635.6622314453125,871.3262939453125,224.370361328125,223.598388671875,0.3147294888129601
1136,1480,10221,151.88555908203125,249.95364379882812,236.9227294921875,232.32196044921875,0.3092633073146527
1137,1480,6563,575.1041259765625,235.0615234375,239.65625,349.77557373046875,0.30628156203490037
1138,1483,3483,140.84059143066406,211.80694580078125,264.96665954589844,235.3358154296875,0.3130697287045992
1139,1483,28763,621.8265991210938,893.49609375,233.086181640625,224.2835693359375,0.3023134745084322
1140,1483,35206,102.50335693359375,761.2060546875,314.6068115234375,411.30859375,0.253794605915363
1141,1483,3483,570.1927490234375,211.80694580078125,264.96665954589844,235.3358154296875,0.2504557829636794
1142,1485,3483,592.3277587890625,859.5364990234375,270.0137939453125,243.04248046875,0.30354708433151245
1143,1485,28763,144.77578735351562,156.98049926757812,224.55303955078125,220.37078857421875,0.3007124708249019
1144,1485,35206,569.4481201171875,83.89706420898438,304.8580322265625,404.21881103515625,0.2989295354256263
1145,1485,19861,124.7662353515625,860.70703125,229.44772338867188,177.785400390625,0.26498945859762335
1146,1488,3351,386.53907585144043,194.94293212890625,202.27314853668213,205.46749114990234,0.4646613047673152
1147,1488,21325,203.69644165039062,817.0037841796875,220.265625,214.724365234375,0.3301166112606342
1148,1488,31863,618.40234375,824.96923828125,220.34375,218.2210693359375,0.29004170344426083
1149,1488,21325,552.0379333496094,817.0037841796875,220.265625,214.724365234375,0.26409328900850737
1150,1489,3351,386.54294443130493,841.7783355712891,205.12533903121948,210.03150939941406,0.46719610691070557
1151,1489,20014,519.8792724609375,273.6273193359375,363.559326171875,346.33282470703125,0.3120540426327632
1152,149,19232,86.55612182617188,689.5081787109375,347.85382080078125,287.5220947265625,0.31128356089958775
1153,149,20238,583.5949096679688,701.292724609375,245.560546875,246.610107421875,0.2917967392848088
1154,149,3351,336.66326904296875,178.63677978515625,203.66357421875,209.8372802734375,0.2634328603744507
1155,1492,3351,381.765830039978,891.2260437011719,209.43031215667725,215.02609252929688,0.4554674258598914
1156,1493,3351,383.8482894897461,126.08308792114258,202.07873058319092,210.7944679260254,0.4593351712593665
1157,1493,21325,582.5026245117188,716.7200927734375,185.349365234375,250.12939453125,0.29770530187166655
1158,1493,18147,50.380889892578125,529.0152587890625,365.7254943847656,402.186767578125,0.2908844443467947
1159,1497,34597,49.6370849609375,54.5977783203125,323.90814208984375,499.4688720703125,0.31462722099744356
1160,1497,29667,603.6639404296875,190.19293212890625,229.029052734375,231.16192626953125,0.30625324982863206
1161,1497,3483,553.372314453125,827.5716552734375,279.314697265625,252.279541015625,0.29469934793619007
1162,1497,34597,602.4547729492188,54.5977783203125,323.90814208984375,499.4688720703125,0.25170177679795486
1163,15,33880,43.34797668457031,773.0755615234375,461.89402770996094,311.6800537109375,0.3093468225919283
1164,15,3351,352.19891357421875,238.71817016601562,202.5379638671875,203.67608642578125,0.26849920933063215
1165,15,16232,635.70263671875,791.2584838867188,205.7657470703125,199.2366943359375,0.25406028215701765
1166,150,3351,384.6163625717163,240.64329147338867,205.16475200653076,205.52396774291992,0.4804152250289917
1167,150,19232,128.19813537597656,786.8629150390625,351.96678161621094,292.9959716796875,0.3140250536111685
1168,150,20238,624.954345703125,794.4354248046875,238.622802734375,236.091064453125,0.29569314076350284
1169,150,19232,495.83508300781244,786.8629150390625,351.966781616211,292.9959716796875,0.25122004288893485
1170,1500,38162,188.0262451171875,730.0704345703125,207.44921875,310.5120849609375,0.33916677419955915
1171,1500,38162,188.0262451171875,239.41748046875,207.44921875,310.5120849609375,0.27133341935964733
1172,1500,38162,580.5245361328125,730.0704345703125,207.44921875,310.5120849609375,0.27133341935964733
1173,1500,3351,340.43212890625,224.75613403320312,208.75177001953125,208.43487548828125,0.2651184109541086
1174,151,16548,95.72555541992188,814.7294921875,249.51724243164062,245.03369140625,0.3429694129870488
1175,151,29451,500.9539184570313,224.2168426513672,417.64453124999994,258.81605529785156,0.3238577338365408
1176,151,33208,176.44703674316406,258.023681640625,224.93333435058594,215.1708984375,0.3066021203994751
1177,151,1900,638.898681640625,835.894775390625,195.421142578125,202.451171875,0.28476664653191197
1178,152,16548,612.7659912109375,195.68878173828125,243.920654296875,240.73699951171875,0.33212831387153036
1179,152,33208,571.4661865234375,800.2188720703125,231.453369140625,221.841552734375,0.32659977674484253
1180,152,29451,28.005828857421875,785.724365234375,436.1897277832031,258.54052734375,0.3207682416989253
1181,152,1900,144.76687622070312,233.7090301513672,187.79876708984375,190.28407287597656,0.29375147361021775
1182,153,16548,642.142578125,205.8468475341797,248.1214599609375,240.62001037597656,0.3360204742505
1183,153,33208,600.2626953125,834.3004150390625,226.5955810546875,214.96923828125,0.3262938902928279
1184,153,29451,63.32315063476562,825.33251953125,428.9799194335938,254.8441162109375,0.3259822726249695
1185,153,1900,164.49554443359375,244.9042510986328,186.17901611328125,189.59788513183594,0.2824848431807298
1186,154,23223,82.51907348632812,122.0787353515625,340.03662109375,525.088134765625,0.3296657938223619
1187,154,5094,99.6666259765625,797.764404296875,292.37799072265625,290.687744140625,0.2939127270991986
1188,154,2483,599.7940673828125,37.4610595703125,268.503662109375,490.6507568359375,0.27335366377463705
1189,154,23223,553.4443054199219,122.0787353515625,340.03662109375,525.088134765625,0.2637326350578895
1190,155,23223,521.1094970703125,560.4412841796875,342.7047119140625,517.6497802734375,0.3267577061286339
1191,155,5094,536.083984375,174.8714599609375,291.0447998046875,288.16680908203125,0.2979300572321965
1192,155,23223,112.185791015625,560.4412841796875,342.7047119140625,517.6497802734375,0.26140616490290713
1193,155,23223,521.1094970703125,201.908935546875,342.7047119140625,517.6497802734375,0.26140616490290713
1194,156,23223,85.07424926757812,164.64366149902344,338.0660400390625,503.98683166503906,0.32786447268265945
1195,156,5094,99.2509765625,806.5216064453125,299.2884521484375,299.7972412109375,0.28923314351301926
1196,156,2483,587.3804931640625,83.44438171386719,278.517333984375,468.64198303222656,0.2838844060897827
1197,156,23223,552.8597106933594,164.64366149902344,338.0660400390625,503.98683166503906,0.2622915781461276
1198,157,25367,93.55625915527344,75.8348388671875,421.43763732910156,475.55999755859375,0.31363844871520996
1199,157,27777,137.8016357421875,774.0682373046875,191.42523193359375,213.1663818359375,0.29044201740851766
1200,157,16262,566.5223388671875,175.52899169921875,255.2933349609375,249.89984130859375,0.285442081781534
1201,157,3483,523.69140625,768.2064208984375,286.575927734375,238.130615234375,0.2817521416223966
1202,159,25367,110.744140625,86.44134521484375,426.7276611328125,487.88702392578125,0.32623146588985735
1203,159,3483,553.7786865234375,808.4332275390625,280.915283203125,226.9481201171875,0.2953677223278926
1204,159,27777,171.22000122070312,813.435546875,188.91778564453125,208.7998046875,0.2940955070348886
1205,159,16262,592.0230102539062,180.87094116210938,262.4468994140625,253.00482177734375,0.2813040293180025
1206,160,23203,202.9298553466797,313.169189453125,152.27552795410156,149.69598388671875,0.33776918282875645
1207,160,4543,138.93197631835938,911.115966796875,224.07684326171875,220.3319091796875,0.31353503465652466
1208,160,3544,615.066650390625,879.523681640625,228.697265625,228.118408203125,0.30716011157402623
1209,160,16551,555.2444458007812,256.59820556640625,318.622802734375,485.9525146484375,0.2834278345108032
1210,162,3544,154.78216552734375,173.231689453125,218.6158447265625,211.1141357421875,0.30776862914745623
1211,162,4543,618.123046875,139.92105102539062,220.59619140625,209.8785400390625,0.3045543569784898
1212,162,16551,116.32235717773438,524.979248046875,325.5224609375,506.818603515625,0.2977329263320336
1213,163,16232,642.68505859375,244.6005859375,191.3369140625,192.180908203125,0.32186758059721726
1214,163,3483,554.7311401367188,804.8707275390625,281.5615234375,228.4251708984375,0.29579538565415603
1215,163,27777,172.46495056152344,813.0535888671875,189.75184631347656,208.749755859375,0.2927348017692566
1216,163,28763,125.02886962890625,165.12054443359375,224.85372924804688,216.990966796875,0.2895419184978192
1217,164,16232,149.4790496826172,822.1610107421875,200.00306701660156,197.964599609375,0.3271091672090384
1218,164,28763,643.3826904296875,886.51220703125,232.53369140625,227.012939453125,0.2960724326280447
1219,164,3483,166.01087951660156,271.8570556640625,277.51377868652344,225.8367919921875,0.291389341537769
1220,164,27777,629.8603515625,288.2049560546875,185.0389404296875,204.57904052734375,0.2758859212581928
1221,165,16232,611.25146484375,234.05294799804688,191.3389892578125,190.2109375,0.3221047153839698
1222,165,28763,106.2889175415039,161.279052734375,221.64049530029297,210.96600341796875,0.3033928687755878
1223,165,27777,138.92880249023438,773.158447265625,192.739501953125,213.4091796875,0.2865660649079543
1224,165,3483,525.5726318359375,764.92626953125,286.486572265625,238.638671875,0.28296170326379627
1225,17,41768,544.5194702148438,627.0603637695312,289.048095703125,328.6981201171875,0.2767856533710773
1226,17,35206,109.66285705566406,573.591552734375,322.32322692871094,407.72265625,0.26148115213100726
1227,17,3351,291.9039306640625,155.8672637939453,195.8194580078125,208.14805603027344,0.2570596795815688
1228,170,5094,98.36068725585938,799.0810546875,297.3296203613281,305.33056640625,0.2754000058540931
1229,170,6192,110.26422119140625,165.64599609375,329.70025634765625,520.80224609375,0.27456317956631
1230,172,25367,101.82357788085938,58.95745849609375,370.57080078125,505.09637451171875,0.3233700761428246
1231,172,29667,625.43115234375,174.351806640625,234.9061279296875,229.01153564453125,0.3069031009307274
1232,172,3483,581.585205078125,833.8646850585938,292.8173828125,185.8612060546875,0.2978666699849642
1233,172,25367,503.60562133789057,58.95745849609375,370.57080078125006,505.09637451171875,0.25869606091425973
1234,173,25367,87.75253295898438,47.42671203613281,362.12774658203125,489.91355895996094,0.3219080429810744
1235,173,29667,595.8145751953125,170.77951049804688,231.081787109375,226.64984130859375,0.3138963534281804
1236,173,3483,548.9715576171875,796.5346069335938,301.623779296875,195.6771240234375,0.2939940645144536
1237,173,25367,526.1197204589844,47.42671203613281,362.12774658203125,489.91355895996094,0.25752643438485956
1238,174,29667,123.50012207031249,856.328857421875,236.45724487304688,237.680419921875,0.30689526062745315
1239,174,25367,521.0389404296875,679.162353515625,381.949951171875,527.4046630859375,0.30666635586665225
1240,174,3483,130.06292724609375,278.24407958984375,286.0457763671875,191.6632080078125,0.2967709990648123
1241,174,27653,673.23486328125,248.47763061523438,221.902587890625,213.48016357421875,0.2505565835879399
1242,175,30308,107.99667358398438,91.66107177734375,300.6689453125,485.72259521484375,0.3246155151954064
1243,175,29667,632.4663696289062,197.75439453125,233.8997802734375,228.941650390625,0.3028406546666072
1244,175,3483,584.3064575195312,861.283935546875,274.271728515625,248.073974609375,0.3019562134375939
1245,175,30308,567.3343811035156,91.66107177734375,300.6689453125,485.72259521484375,0.2596924121563251
1246,176,30308,579.205078125,670.7886962890625,309.49755859375,502.858154296875,0.31794238549012405
1247,176,3483,150.2606201171875,207.98565673828125,263.653076171875,235.7735595703125,0.305884274152609
1248,176,29667,115.6671142578125,832.88671875,236.92269897460938,239.37744140625,0.28913138004449696
1249,176,30308,87.29736328125,670.7886962890625,309.49755859375,502.858154296875,0.25435390839209926
1250,179,22347,640.052978515625,827.138916015625,220.559814453125,217.63525390625,0.32982890422527605
1251,179,20238,145.49472045898438,844.75,244.9534912109375,237.79052734375,0.294255637205564
1252,179,3483,166.91107177734375,270.201904296875,276.788330078125,224.29449462890625,0.2921224328187796
1253,179,27777,631.272705078125,287.06591796875,185.7275390625,205.2864990234375,0.2753509466464703
1254,180,20238,569.7825317382812,181.5630340576172,233.8375244140625,229.77760314941406,0.31082091423181385
1255,180,27777,137.92410278320312,774.2747802734375,192.00433349609375,213.751220703125,0.29000449639100295
1256,180,22347,122.14654541015625,221.99285888671875,208.37066650390625,205.28607177734375,0.2848458748597365
1257,180,3483,523.585205078125,768.804931640625,287.26220703125,237.16455078125,0.28223512264398426
1258,183,10221,152.22848510742188,250.099365234375,235.824951171875,232.3636474609375,0.3174595420177166
1259,183,3544,635.32373046875,871.617431640625,224.748046875,223.6015625,0.3136521577835083
1260,183,6563,575.3932495117188,235.25640869140625,240.139892578125,350.5821533203125,0.2971564347927387
1261,183,16551,12.649658203125,680.9736328125,430.19036865234375,441.68798828125,0.28874532534525943
1262,185,16548,129.49383544921875,730.580322265625,254.43182373046875,251.4189453125,0.33056130776038534
1263,185,3544,137.78961181640625,165.78968811035156,213.08203125,209.56541442871094,0.3078566606228168
1264,185,4543,590.662353515625,139.656494140625,214.887939453125,205.9742431640625,0.30031866752184355
1265,185,16548,592.0743408203125,730.580322265625,254.43182373046875,251.4189453125,0.2644490462083083
1266,186,16548,160.58798217773438,770.8596801757812,254.24884033203125,248.761962890625,0.3366384827173673
1267,186,3544,153.86505126953125,173.69964599609375,219.3604736328125,211.40570068359375,0.30682921409606934
1268,186,4543,618.1318359375,138.67562866210938,220.4580078125,211.44000244140625,0.300349982885214
1269,186,16548,561.1631774902344,770.8596801757812,254.24884033203125,248.761962890625,0.26931078617389387
1270,189,5094,127.47589111328124,847.333251953125,301.0645751953125,301.638427734375,0.29141870828775257
1271,189,2483,615.7186889648438,121.5989990234375,241.527099609375,468.24273681640625,0.2726737123269301
1272,189,22362,601.8603515625,780.8826904296875,284.611083984375,427.635498046875,0.25151626421855044
1273,19,36637,615.1614379882812,197.1393280029297,269.2984619140625,183.63294982910156,0.3046508248035724
1274,19,28763,97.86981964111328,161.2210693359375,226.04265594482422,217.54339599609375,0.3028959035873413
1275,19,27733,121.03836059570312,757.295166015625,321.74493408203125,300.336181640625,0.3021602447216327
1276,19,3483,600.7159423828125,784.029541015625,285.631103515625,211.6904296875,0.30084220262674183
1277,191,10221,88.90583038330078,782.9527587890625,236.25017547607422,232.305419921875,0.3225198846596938
1278,191,4543,633.669189453125,146.54202270507812,211.406005859375,209.7908935546875,0.3094038596520057
1279,191,3544,120.00106811523438,176.45559692382812,209.32949829101562,207.6077880859375,0.2997924043582036
1280,191,16551,560.7120971679688,561.1131591796875,315.259765625,507.130126953125,0.28662392726311314
1281,196,3743,475.9814758300781,109.751953125,340.0278015136719,337.9532470703125,0.2883402888591473
1282,196,22362,78.77716064453125,114.22540283203125,271.74481201171875,400.99249267578125,0.26406622849977934
1283,197,3743,112.84114074707031,817.0050048828125,344.27525329589844,344.60791015625,0.2939005081470196
1284,197,2483,610.4808349609375,57.93798828125,247.45751953125,496.73095703125,0.28197691990778995
1285,198,2483,599.20166015625,102.9990234375,246.21484375,462.0545654296875,0.2832081913948059
1286,198,3743,114.03022766113281,821.5718994140625,350.26792907714844,360.517333984375,0.2823867476903475
1287,199,29667,623.2061767578125,157.28970336914062,234.859375,229.95880126953125,0.3186163076987633
1288,199,3483,551.9489135742188,807.126220703125,281.4461669921875,227.50244140625,0.29430249562630284
1289,199,27777,169.93028259277344,811.02294921875,189.58839416503906,208.09521484375,0.2919490750019367
1290,199,30308,22.483642578125,101.87486267089844,437.380126953125,436.24000549316406,0.28289515238541824
1291,200,29667,124.88192749023439,874.5101318359375,236.53240966796875,238.345458984375,0.30266942886205817
1292,200,3483,168.79856872558594,271.09283447265625,276.36708068847656,224.90234375,0.29112309217453003
1293,200,27777,632.8555297851562,289.84539794921875,186.6202392578125,204.5262451171875,0.2876386046409607
1294,200,30308,542.6697387695312,717.9842529296875,433.33026123046875,442.5904541015625,0.2814670480214632
1295,202,22347,682.314208984375,859.7381591796875,222.6937255859375,218.854248046875,0.31827410826316244
1296,202,20877,538.3367919921875,285.123779296875,340.72314453125,252.25018310546875,0.3105390759614798
1297,202,3483,132.5653076171875,281.86810302734375,227.3348388671875,271.07379150390625,0.3084569023205684
1298,202,16262,105.01925659179688,827.5726318359375,257.9381103515625,255.418701171875,0.3080907922524672
1299,203,20877,82.15911865234375,722.1114501953125,346.92877197265625,250.54443359375,0.32674716069148135
1300,203,22347,80.82684326171875,189.7861328125,209.09689331054688,206.6832275390625,0.32153695821762085
1301,203,3483,609.359130859375,708.224365234375,229.024658203125,285.068603515625,0.2928787699112525
1302,203,16262,590.002685546875,175.83416748046875,254.310791015625,248.541015625,0.28046688208213216
1303,204,22347,95.09524536132812,198.745849609375,215.5023193359375,207.463623046875,0.31498743937565726
1304,204,20877,113.54388427734375,761.3099365234375,344.8360595703125,256.722900390625,0.31035845096294695
1305,204,3483,639.8143920898438,745.04248046875,225.604736328125,275.6533203125,0.29787639012703526
1306,204,16262,622.8306884765625,181.2949981689453,254.53857421875,252.30223083496094,0.29659906258949864
1307,205,16548,583.7494506835938,114.63243865966797,243.76123046875,236.93543243408203,0.33551931381225586
1308,205,6563,151.41192626953125,668.4248046875,250.9515380859375,376.507080078125,0.33390737496889555
1309,205,23203,615.1336669921875,845.6204833984375,154.599853515625,148.518310546875,0.31513970631819505
1310,205,3544,110.1570053100586,155.08963012695312,211.53748321533203,212.03564453125,0.2973092748568608
1311,210,3351,389.4537744522095,236.6238784790039,202.19851112365723,202.9391098022461,0.4716438055038452
1312,210,31863,586.0111083984375,870.8558349609375,221.787841796875,216.788330078125,0.3158485201688913
1313,210,29667,156.51400756835938,743.746826171875,243.5130615234375,238.9501953125,0.3029752465394827
1314,210,31863,168.2010498046875,870.8558349609375,221.787841796875,216.788330078125,0.25267881613511306
1315,212,1900,620.7347412109375,888.1983642578125,209.346923828125,145.45751953125,0.29453511421497053
1316,212,21026,135.1934814453125,863.329345703125,186.474853515625,186.235595703125,0.28971935694034284
1317,212,16551,465.6314697265625,115.36732482910156,460.986572265625,406.16783142089844,0.28135540393682623
1318,213,21026,101.07605743408203,828.3553466796875,189.13011932373047,188.43994140625,0.30999765946314883
1319,213,1900,589.2910766601562,852.717529296875,218.8831787109375,155.71142578125,0.2989317591373737
1320,213,16551,438.5130615234375,105.05397033691406,448.12353515625,394.63975524902344,0.28679966926574707
1321,214,33208,579.5852661132812,791.176025390625,226.7998046875,220.028076171875,0.3194087056013254
1322,214,16551,542.340576171875,42.21360778808594,316.4576416015625,482.26673889160156,0.29353568187126744
1323,214,1900,137.76385498046875,236.40740966796875,207.39205932617188,137.94207763671875,0.28835074259684634
1324,214,27926,85.29067993164062,609.907958984375,292.8656921386719,494.4749755859375,0.266748689688169
1325,215,33208,609.4962158203125,827.955078125,221.2144775390625,210.64453125,0.32474545332101673
1326,215,16551,570.264892578125,52.0018310546875,319.1336669921875,497.5936279296875,0.3000258482419527
1327,215,1900,154.00852966308594,243.78448486328125,214.03663635253906,137.26239013671875,0.2847870955100426
1328,215,33208,145.289306640625,827.955078125,221.2144775390625,210.64453125,0.25979636265681344
1329,217,6192,114.55201721191406,126.09613037109375,315.24461364746094,537.3733520507812,0.33162848307536197
1330,217,3743,107.37942504882812,773.0423583984375,346.62017822265625,347.465576171875,0.283761964394496
1331,217,2483,583.502685546875,64.6370849609375,263.273193359375,495.0950927734375,0.27019803340618426
1332,217,6192,546.203369140625,126.09613037109375,315.24461364746094,537.3733520507812,0.2653027864602896
1333,219,6192,509.234375,537.2764892578125,316.549560546875,549.904052734375,0.2943083414664635
1334,219,3743,479.8055419921875,148.40904235839844,342.5679931640625,335.30458068847656,0.2794169233395503
1335,219,12081,93.4068603515625,109.53755187988281,261.3564453125,433.13560485839844,0.2788225274819594
1336,219,2483,82.01028442382812,658.9632568359375,268.2923889160156,478.1285400390625,0.25768429040908813
1337,222,3351,387.0137186050415,191.3024139404297,204.56026458740234,208.21643829345703,0.46942137754880464
1338,222,16262,163.7450408935547,755.9683837890625,261.31581115722656,259.7894287109375,0.29349462344096255
1339,222,41768,593.37109375,726.521484375,282.8453369140625,323.753173828125,0.2521297794121962
1340,224,34597,89.75462341308594,77.88848876953125,398.8320465087891,495.68865966796875,0.32105491711543155
1341,224,29667,611.4984130859375,165.80111694335938,234.418701171875,230.65924072265625,0.312216396515186
1342,224,3483,593.3983154296875,835.7325439453125,291.703857421875,203.309326171875,0.2835749662839449
1343,224,34597,487.413330078125,77.88848876953125,398.83204650878906,495.68865966796875,0.25684393369234526
1344,225,34597,514.13720703125,658.5816650390625,402.424072265625,524.9058837890625,0.3149413833251366
1345,225,29667,135.12847900390625,863.5374755859375,241.55523681640625,242.804443359375,0.30115670882738554
1346,225,3483,124.42572021484375,269.5652160644531,283.35699462890625,201.0040283203125,0.29503519718463606
1347,225,25469,563.3641357421875,174.1121826171875,347.4173583984375,311.18084716796875,0.2645840553136972
1348,226,22347,103.8263931274414,221.03302001953125,218.42321014404297,212.58428955078125,0.32575286351717436
1349,226,3483,592.26953125,859.8343505859375,270.056884765625,242.7476806640625,0.3038462767234215
1350,226,20238,639.115966796875,179.26559448242188,234.146240234375,231.62152099609375,0.29795575600404006
1351,226,19861,124.7738037109375,860.6573486328125,229.416748046875,178.095703125,0.2652124028939467
1352,229,23223,474.19305419921875,634.082275390625,444.238525390625,500.2301025390625,0.3080694950543917
1353,229,3743,523.15185546875,137.25221252441406,337.3837890625,328.33934020996094,0.2870818284841684
1354,229,5886,86.7890625,76.13775634765625,269.424072265625,468.57330322265625,0.2563959589371314
1355,23,25367,12.249755859375,81.20806884765625,435.97662353515625,452.75994873046875,0.3115581778379587
1356,23,3483,549.39013671875,796.4651489257812,301.4644775390625,195.5006103515625,0.294858652811784
1357,23,16262,584.3326416015625,169.003662109375,251.239501953125,243.491455078125,0.2879993502910321
1358,231,23223,40.92852783203125,126.43011474609375,419.62542724609375,469.3538818359375,0.30026291425411517
1359,231,2483,583.1346435546875,106.92724609375,301.30810546875,455.4427490234375,0.2981992639028109
1360,231,3743,62.38446044921875,800.6068115234375,357.412841796875,352.56591796875,0.27490143592541033
1361,232,22347,124.95449829101564,226.35023498535156,216.54437255859375,210.25865173339844,0.3222316045027513
1362,232,29667,672.874267578125,180.97711181640625,231.83056640625,229.84515380859375,0.3124828522021954
1363,232,3483,587.6689453125,793.402587890625,287.54248046875,208.70654296875,0.30674718893491304
1364,232,27733,110.98204040527344,763.7528076171875,329.38270568847656,291.093994140625,0.2871078482040992
1365,234,22347,106.99032592773438,216.3690185546875,212.82644653320312,205.49517822265625,0.3168763105685894
1366,234,3483,557.8761596679688,759.897216796875,295.0570068359375,212.8115234375,0.30804535517325765
1367,234,29667,643.080322265625,177.65802001953125,227.3753662109375,226.68145751953125,0.30372844292567325
1368,234,27733,74.65884399414062,720.3763427734375,336.658935546875,289.09912109375,0.30036428799996007
1369,236,35206,90.66998291015625,685.166015625,227.04965209960938,420.994140625,0.30306724401620716
1370,236,3483,129.3680419921875,278.30291748046875,285.17071533203125,191.5875244140625,0.3015158955867474
1371,236,28763,609.4224853515625,829.80419921875,230.1448974609375,221.7520751953125,0.29986115602346564
1372,237,35206,636.1075439453125,139.8935546875,221.3377685546875,404.42669677734375,0.3013715147972107
1373,237,28763,139.0018310546875,216.19900512695312,222.34942626953125,211.32269287109375,0.29772061568040115
1374,237,3483,550.60107421875,796.7841796875,300.4208984375,195.78759765625,0.2946189733651968
1375,238,3351,385.827344417572,820.5982971191406,206.70395231246948,212.01980590820312,0.43154285504267764
1376,238,18357,60.77569580078125,249.3001708984375,315.721435546875,319.2933349609375,0.33985729400928205
1377,238,16262,617.230224609375,231.86279296875,253.112548828125,250.5509033203125,0.3164556393256554
1378,238,18357,599.5028686523438,249.3001708984375,315.721435546875,319.2933349609375,0.27188583520742565
1379,24,25367,21.400665283203125,91.63848876953125,452.0558166503906,471.83502197265625,0.3229644436102647
1380,24,3483,582.235595703125,833.52490234375,292.65380859375,186.130615234375,0.29833546051612264
1381,24,16262,615.1309814453125,173.39825439453125,253.9793701171875,246.8922119140625,0.2863220297373258
1382,24,25367,502.54351806640625,91.63848876953125,452.0558166503906,471.83502197265625,0.25837155488821173
1383,241,3351,386.47956371307373,904.0892028808594,207.0299310684204,210.5225372314453,0.4556112564527071
1384,243,3351,384.4734869003296,174.38970565795898,203.46676540374756,205.66011428833008,0.47554777218745303
1385,243,20238,614.7454833984375,761.6988525390625,241.610595703125,237.7001953125,0.296845779969142
1386,243,18147,135.50625610351562,633.953125,342.654052734375,426.459716796875,0.2717911509367136
1387,244,6563,182.3165283203125,706.84716796875,252.49908447265625,378.6365966796875,0.3277252729122455
1388,244,3544,125.66256713867189,161.9970245361328,216.64688110351562,213.15281677246094,0.30014835871182954
1389,244,23203,646.1502685546875,876.934326171875,148.03662109375,142.7666015625,0.2854591149550218
1390,244,16551,562.8739013671875,10.410064697265625,311.316162109375,486.5410461425781,0.27981258355654204
1391,247,3743,113.74935913085938,823.7606201171875,350.9044189453125,357.93017578125,0.2854409355383653
1392,247,2483,598.0364990234375,104.27130126953125,247.408447265625,460.02215576171875,0.2844643822083106
1393,247,6192,45.925537109375,140.02442932128906,351.68365478515625,503.52012634277344,0.26568052860406727
1394,248,6192,41.01910400390625,92.33154296875,356.26385498046875,534.1800537109375,0.2917431638791011
1395,248,3743,111.62890625,817.4434814453125,345.94354248046875,344.318359375,0.29020928419553316
1396,248,2483,607.7433471679688,58.15655517578125,251.1402587890625,496.57635498046875,0.28199665821515596
1397,249,6192,541.9917602539062,583.6920166015625,363.6630859375,525.580810546875,0.29532411923775304
1398,249,3743,478.55908203125,110.88772583007812,337.28955078125,334.4571533203125,0.2866212221292349
1399,249,22362,79.41159057617188,113.66603088378906,271.8273010253906,401.87059020996094,0.2728953499060411
1400,250,3351,383.52783727645874,840.7257080078125,205.53017282485962,209.6118927001953,0.4512335703923152
1401,250,18357,523.3123779296875,221.87103271484375,275.65478515625,371.14111328125,0.33452779054641724
1402,250,29667,126.36236572265625,199.37062072753906,233.89361572265625,239.22496032714844,0.30717868071336013
1403,250,18357,177.0328369140625,221.87103271484375,275.65478515625,371.14111328125,0.2676222324371338
1404,251,3351,385.4396719932556,171.8935203552246,199.32310914993286,205.51275253295898,0.4779791831970215
1405,251,18357,127.70272827148438,591.298828125,274.9764404296875,381.214599609375,0.32779051707341117
1406,251,29667,576.84228515625,785.129638671875,249.3892822265625,251.657958984375,0.2991807231536278
1407,251,18357,573.3208312988281,591.298828125,274.9764404296875,381.214599609375,0.262232413658729
1408,252,3351,386.3632445335388,227.59613037109375,206.9443278312683,205.51586151123047,0.4495525360107422
1409,252,18357,169.75503540039062,684.1629638671875,275.89678955078125,387.14111328125,0.32325240281911993
1410,252,29667,616.8170166015625,878.63232421875,239.8033447265625,238.85107421875,0.3053754109602708
1411,252,18357,530.3481750488281,684.1629638671875,275.89678955078125,387.14111328125,0.258601922255296
1412,253,3351,438.7431640625,840.29248046875,203.2332763671875,210.016845703125,0.2516438181583698
1413,256,19552,473.8433532714844,641.073486328125,356.7202453613281,534.52978515625,0.3404757838982802
1414,256,25438,530.4564208984375,162.39215087890625,271.642578125,279.00250244140625,0.286746804530804
1415,256,19552,145.4364013671875,641.073486328125,356.7202453613281,534.52978515625,0.27238062711862415
1416,256,19552,473.8433532714844,104.396728515625,356.7202453613281,534.52978515625,0.27238062711862415
1417,259,3351,382.0610637664795,881.7612457275391,209.86080074310303,216.42478942871094,0.44806356613452614
1418,259,41768,107.76617431640625,275.04229736328125,274.4541320800781,302.3758544921875,0.2858240558550908
1419,262,34597,64.54736328125,28.502944946289062,359.7130432128906,502.41856384277344,0.31674316296210653
1420,262,29667,595.563720703125,170.24801635742188,231.51123046875,227.54010009765625,0.31226763358482945
1421,262,3483,549.45654296875,796.631103515625,300.6708984375,194.9892578125,0.2945183332149799
1422,262,34597,551.7395935058594,28.502944946289062,359.7130432128906,502.41856384277344,0.25339453036968523
1423,264,34597,551.2333984375,674.2379150390625,375.95263671875,535.4342041015625,0.31453575079257673
1424,264,29667,123.66482543945312,856.57666015625,236.4295654296875,237.213623046875,0.3048582718922542
1425,264,3483,129.61334228515625,278.42218017578125,286.49609375,191.9306640625,0.29793076790296114
1426,264,34597,48.81396484375,674.2379150390625,375.95263671875,535.4342041015625,0.2516286006340614
1427,265,16232,138.86428833007812,841.5726318359375,204.89599609375,200.1595458984375,0.32440407918049735
1428,265,25367,580.434326171875,658.3883056640625,395.565673828125,504.9847412109375,0.31680716918064994
1429,265,3483,129.63516235351562,277.7235107421875,286.50457763671875,193.25732421875,0.298325946697822
1430,265,16232,632.2397155761719,841.5726318359375,204.89599609375,200.1595458984375,0.2595232633443979
1431,266,25367,6.110748291015625,102.2200927734375,408.8421630859375,486.6864013671875,0.3219873630083524
1432,266,16232,644.0487060546875,223.67898559570312,199.513671875,192.35113525390625,0.31530105150662935
1433,266,3483,582.330810546875,834.5660400390625,292.2618408203125,185.0391845703125,0.29739104784452
1434,266,25367,561.0470886230469,102.2200927734375,408.8421630859375,486.6864013671875,0.25758989040668195
1435,27,23223,68.55227661132812,113.02326965332031,319.8531799316406,510.51890563964844,0.30540624490151036
1436,27,2483,571.42578125,86.38690185546875,249.700927734375,471.2476806640625,0.2825950888487009
1437,27,13395,570.9634399414062,708.1163330078125,279.4686279296875,527.2779541015625,0.2750895802791302
1438,27,25438,116.05691528320312,810.5784912109375,275.515380859375,284.1630859375,0.2714796249683087
1439,271,20877,83.57058715820312,721.2291870117188,347.57147216796875,251.9539794921875,0.32771814327973586
1440,271,22347,101.5543212890625,181.54266357421875,211.01553344726562,203.00848388671875,0.31378225638316226
1441,271,35206,620.9402465820312,156.77490234375,233.70947265625,406.3592529296875,0.3004534198687627
1442,271,3483,610.3231201171875,705.7681884765625,229.59228515625,287.083251953125,0.29416478597200835
1443,273,22347,662.4632568359375,870.323486328125,221.612060546875,217.178466796875,0.3152446334178631
1444,273,3483,134.31268310546875,284.86309814453125,224.935546875,270.22222900390625,0.3130246354983403
1445,273,35206,89.93255615234375,665.2896728515625,252.15899658203125,420.064208984375,0.3080949875024649
1446,273,20877,537.1502685546875,285.21246337890625,340.5458984375,252.197021484375,0.3037654207302974
1447,274,3351,388.04761838912964,878.8013458251953,205.8125500679016,214.45960998535156,0.459490968630864
1448,274,20014,564.7142333984375,246.04736328125,359.7548828125,341.4742431640625,0.3142134730632488
1449,274,20014,564.7142333984375,692.4783935546875,359.7548828125,341.4742431640625,0.2513707784505991
1450,274,20014,51.5308837890625,246.04736328125,359.7548828125,341.4742431640625,0.2513707784505991
1451,275,20014,0.0,636.596435546875,363.94769287109375,360.20849609375,0.32677224049201375
1452,275,21325,564.97705078125,658.8898315429688,179.8359375,254.5216064453125,0.30832260847091675
1453,275,3351,321.48260498046875,142.06802368164062,198.7862548828125,209.02655029296875,0.2719822755226722
1454,275,20014,0.0,283.195068359375,363.94769287109375,360.20849609375,0.26141779239361107
1455,277,30308,62.398681640625,76.90110778808594,437.4850463867188,446.90419006347656,0.3396684848345243
1456,277,3483,590.9462890625,859.2899169921875,271.56884765625,243.062744140625,0.3032399370120122
1457,277,30308,476.11627197265625,76.90110778808594,437.48504638671875,446.90419006347656,0.27173478786761945
1458,277,30308,62.398681640625,756.1947021484375,437.4850463867188,446.90419006347656,0.27173478786761945
1459,278,30308,493.9222412109375,722.9678955078125,447.884521484375,464.2130126953125,0.32759803992051345
1460,278,3483,140.81591796875,212.29547119140625,265.18719482421875,234.75970458984375,0.31244651629374576
1461,278,36637,92.4840087890625,897.8385009765625,283.99310302734375,180.9127197265625,0.2956112302266634
1462,278,30308,34.1932373046875,722.9678955078125,447.884521484375,464.2130126953125,0.2620784319364108
1463,28,25367,2.68212890625,52.64439392089844,433.51080322265625,471.75148010253906,0.32588387911136335
1464,28,35206,599.9981689453125,131.9114990234375,246.2578125,422.41131591796875,0.3078429057047917
1465,28,3483,554.6903076171875,806.5760498046875,279.853515625,226.868896484375,0.29770663151374227
1466,28,27777,171.39207458496094,812.5548095703125,189.26380920410156,208.422119140625,0.29095608454484206
1467,280,3351,386.11696434020996,856.9932556152344,207.6175479888916,212.05108642578125,0.4535309626505925
1468,280,3832,416.8994140625,252.49351501464844,415.1605224609375,398.34718322753906,0.3466209081503061
1469,280,3832,143.9400634765625,252.49351501464844,415.1605224609375,398.34718322753906,0.2772967265202449
1470,280,3832,416.8994140625,629.1593017578125,415.1605224609375,398.34718322753906,0.2772967265202449
1471,286,30308,16.072998046875,105.798095703125,401.04888916015625,428.82318115234375,0.29419236458264864
1472,286,27777,137.81283569335938,774.4149169921875,191.52804565429688,213.0050048828125,0.29071972920344424
1473,286,16262,567.5072021484375,176.329833984375,254.26513671875,248.16888427734375,0.28816227729503924
1474,286,3483,523.854248046875,768.9295654296875,286.5233154296875,237.06103515625,0.28255322804817784
1475,287,16262,130.20343017578125,827.318115234375,261.71856689453125,256.085205078125,0.30115384321946365
1476,287,3483,167.02239990234375,270.4700927734375,276.86456298828125,224.31396484375,0.2906933885354262
1477,287,30308,554.15234375,689.2464599609375,421.2391357421875,452.8212890625,0.28872650403242844
1478,287,27777,631.9813232421875,287.84857177734375,185.65283203125,205.0316162109375,0.27842718821305495
1479,288,3483,553.63916015625,808.59375,280.7569580078125,226.68798828125,0.2969470849403968
1480,288,27777,171.29983520507812,813.448486328125,188.8017578125,208.8199462890625,0.2932295432457557
1481,288,16262,594.9952392578125,180.64810180664062,258.56494140625,252.4390869140625,0.28543967467087966
1482,288,30308,26.570220947265625,117.6322021484375,413.56298828125,440.20782470703125,0.2798255131794856
1483,289,6192,81.17291259765625,49.96539306640625,310.2669677734375,540.9204711914062,0.32355897701703584
1484,289,25438,133.01824951171875,834.2392578125,277.3011474609375,272.731201171875,0.28558375743719244
1485,289,2483,587.6304931640625,77.6719970703125,268.667724609375,484.6143798828125,0.27094144087571365
1486,289,6192,584.5601196289062,49.96539306640625,310.2669677734375,540.9204711914062,0.2588471816136287
1487,29,25367,0.0,40.75982666015625,414.5610656738281,470.7772216796875,0.3108989963164696
1488,29,35206,571.905517578125,125.82624816894531,241.2884521484375,405.02391052246094,0.3064729387943561
1489,29,27777,138.11715698242188,773.2144775390625,191.99615478515625,213.2789306640625,0.2877035507789025
1490,29,3483,524.91796875,766.2569580078125,285.7041015625,237.968505859375,0.28333542438653797
1491,291,6192,546.4002685546875,615.71240234375,314.568359375,542.422119140625,0.29384674934240484
1492,291,25438,520.7613525390625,158.78079223632812,273.788330078125,275.39093017578125,0.2845151149309598
1493,291,22362,93.20632934570312,105.57345581054688,271.0098571777344,400.19207763671875,0.27687872831638044
1494,291,2483,71.86459350585938,651.3135986328125,267.75799560546875,477.250244140625,0.2576771378517151
1495,292,25438,535.73974609375,160.63677978515625,268.5693359375,277.4197998046875,0.2915457120308509
1496,295,3351,385.29845428466797,849.47998046875,209.8282232284546,216.21986389160156,0.44806764676020694
1497,295,20014,118.84429931640625,175.5879364013672,361.16937255859375,346.16627502441406,0.30006672327335066
1498,295,16232,638.11572265625,290.626708984375,200.4859619140625,202.30352783203125,0.2720096248846788
1499,298,16548,154.6292724609375,765.2738037109375,259.7469482421875,255.630126953125,0.33831837085577154
1500,298,33208,149.38775634765625,226.53665161132812,222.8380126953125,210.9515380859375,0.3180103118603046
1501,298,31705,551.5816650390625,170.51097106933594,280.5059814453125,436.77540588378906,0.29452401858109695
1502,298,16548,561.623779296875,765.2738037109375,259.7469482421875,255.630126953125,0.2706546966846173
1503,299,16548,549.5087890625,237.9827117919922,251.4942626953125,243.95472717285156,0.33456907822535586
1504,299,33208,602.6923828125,837.8839111328125,228.349853515625,221.599365234375,0.3320616942185622
1505,299,31705,122.59906005859376,636.6563720703125,290.19287109375,465.7320556640625,0.2920865783324608
1506,299,16548,174.9969482421875,237.9827117919922,251.4942626953125,243.95472717285156,0.2676552625802847
1507,3,24850,133.06365966796875,703.1500244140625,199.48974609375,297.96923828125,0.29577026000389683
1508,3,16551,518.01708984375,44.773193359375,403.18896484375,438.80682373046875,0.28644813941075253
1509,3,1900,137.72952270507812,236.58908081054688,207.93646240234375,138.8785400390625,0.28485220212202805
1510,3,27926,540.74560546875,621.58203125,301.09375,494.4638671875,0.27215606891191924
1511,302,19232,86.076171875,628.8094482421875,299.6641845703125,339.435791015625,0.32975309170209444
1512,302,19232,86.076171875,311.7547607421875,299.6641845703125,339.435791015625,0.26380247336167556
1513,302,19232,590.2596435546875,628.8094482421875,299.6641845703125,339.435791015625,0.26380247336167556
1514,302,3351,303.62933349609375,150.85934448242188,201.30908203125,207.73968505859375,0.2637178852007939
1515,304,22627,99.78094482421875,147.652099609375,319.16925048828125,483.07672119140625,0.29874629699266875
1516,304,3743,120.14799499511719,798.8397216796875,356.18519592285156,355.833251953125,0.28528263935675985
1517,304,4378,568.306884765625,700.37548828125,270.435546875,467.1904296875,0.27079323163399327
1518,304,2483,589.6002197265625,74.15411376953125,245.8912353515625,467.03125,0.25675477889867926
1519,308,41768,542.9483642578125,584.3839721679688,295.19287109375,324.3804931640625,0.26997515788445103
1520,308,3351,282.82965087890625,195.0379638671875,200.933349609375,210.70599365234375,0.2607300648322472
1521,31,6563,181.90582275390625,706.7049560546875,251.4923095703125,378.46044921875,0.3234130831865164
1522,31,3544,106.511474609375,235.95260620117188,217.67254638671875,209.4442138671875,0.29957019365750825
1523,31,16551,567.7601318359375,34.64430236816406,320.048095703125,506.79991149902344,0.2939401681606586
1524,31,6563,542.6018676757812,706.7049560546875,251.4923095703125,378.46044921875,0.2587304665492131
1525,310,12247,608.4315185546875,315.04290771484375,188.4725341796875,195.00140380859375,0.3647517699461717
1526,310,16551,99.35226440429688,135.1202392578125,324.37603759765625,468.889404296875,0.29816471613370454
1527,310,3544,644.5665283203125,883.560302734375,227.601318359375,227.30810546875,0.29786057197130644
1528,310,12247,179.095947265625,315.04290771484375,188.4725341796875,195.00140380859375,0.2918014159569373
1529,313,20877,33.0758056640625,750.35693359375,346.05291748046875,264.26806640625,0.31655378066576445
1530,313,34597,6.0203857421875,8.37255859375,473.9232177734375,451.15435791015625,0.3049416266954862
1531,313,29667,587.0396728515625,174.04441833496094,232.7657470703125,229.12757873535156,0.3040628708325899
1532,313,3483,607.3529052734375,711.8342895507812,230.424072265625,284.7716064453125,0.2925734336559589
1533,315,29667,128.91017150878906,851.5992431640625,238.25047302246094,240.560546875,0.3100895652404198
1534,315,3483,136.0935516357422,280.4698486328125,229.30592346191406,271.250732421875,0.3094931978445787
1535,315,20877,587.3038330078125,251.2698974609375,337.50244140625,259.68499755859375,0.29946911793488723
1536,315,34597,497.7423706054687,763.8115234375,478.2576293945313,477.462646484375,0.29032292274328375
1537,316,16548,160.52853393554688,782.0294189453125,254.55462646484375,246.657958984375,0.33528483830965483
1538,316,3544,123.52239990234376,227.57015991210938,217.86297607421875,212.4627685546875,0.3077729160969074
1539,316,33009,551.2587280273438,793.5318603515625,381.7344970703125,240.1185302734375,0.28891375431647665
1540,316,10221,622.8145751953125,188.69346618652344,239.529541015625,233.45069885253906,0.28039847428982073
1541,317,16548,583.163818359375,276.42962646484375,246.3037109375,234.7685546875,0.33263543477425206
1542,317,3544,651.4201049804688,825.7994384765625,222.706298828125,221.781494140625,0.2932752783481891
1543,317,33009,75.82237243652344,252.8105010986328,373.57765197753906,250.72727966308594,0.2917983211003817
1544,317,10221,120.55673217773438,835.50830078125,243.02581787109375,243.970947265625,0.28708169093498814
1545,32,6563,560.4179077148438,227.07940673828125,250.4771728515625,349.75335693359375,0.31517705092063314
1546,32,3544,667.7012939453125,821.689453125,223.152099609375,221.761474609375,0.2984347939491272
1547,32,16551,96.22412109375,700.0875244140625,325.54095458984375,503.932861328125,0.2829304337501526
1548,32,6563,165.10491943359375,227.07940673828125,250.4771728515625,349.75335693359375,0.2521416407365065
1549,320,20877,83.61126708984375,721.281982421875,348.13543701171875,251.55322265625,0.32789322046133185
1550,320,35206,621.2451171875,158.21875,232.3876953125,404.3843994140625,0.30008442126787627
1551,320,28763,132.99664306640625,189.03842163085938,222.35882568359375,212.2750244140625,0.29783212221585786
1552,320,3483,610.8167724609375,705.72998046875,229.715576171875,286.5855712890625,0.29395172229179967
1553,323,22347,648.3435668945312,869.8468017578125,223.34765625,218.89599609375,0.3374851437715384
1554,323,3483,129.2995147705078,277.93231201171875,285.72581481933594,191.6650390625,0.2998505188868596
1555,323,36637,145.121826171875,798.466064453125,209.8487548828125,264.8544921875,0.29583107966643113
1556,323,22347,104.30877685546875,869.8468017578125,223.34765625,218.89599609375,0.2699881150172307
1557,324,22347,128.84918212890625,187.67303466796875,215.25579833984375,209.209716796875,0.3043506695674016
1558,324,3483,582.6511840820312,833.6918334960938,293.03955078125,185.851318359375,0.2976790299782386
1559,324,36637,635.0424194335938,206.29031372070312,203.50146484375,256.81341552734375,0.2878518517200763
1560,325,16262,129.95956420898438,826.6864013671875,262.9976806640625,256.8822021484375,0.3008152429874127
1561,325,3483,167.2847900390625,269.89300537109375,276.89727783203125,226.11297607421875,0.2922361630659837
1562,325,27777,631.600341796875,287.8385009765625,185.9781494140625,205.1976318359375,0.2805218329796424
1563,325,31885,490.35369873046875,689.0819091796875,433.886474609375,572.351318359375,0.2770300553395198
1564,327,3483,553.3330688476562,807.923828125,281.205810546875,227.275146484375,0.2957939872374901
1565,327,27777,171.0436553955078,813.3858642578125,189.08262634277344,208.358642578125,0.2925982154332674
1566,327,31885,81.23577880859375,9.921875,431.38916015625,540.4798583984375,0.2879526981940636
1567,327,16262,591.954833984375,180.32916259765625,262.276123046875,253.46441650390625,0.279878515463609
1568,328,27733,547.2977294921875,246.4661865234375,315.9185791015625,277.1683349609375,0.3089397916427025
1569,328,3483,120.93612670898438,303.1810302734375,279.60321044921875,209.44305419921875,0.30871975880402786
1570,328,36637,96.05523681640625,876.3984375,278.32305908203125,191.740234375,0.3002131443757277
1571,328,31885,501.91784667968756,627.6201171875,411.04309082031244,576.4833984375,0.28464287519454956
1572,332,3544,123.80062866210938,137.22268676757812,208.36993408203125,204.96041870117188,0.3052829091365521
1573,332,4543,581.2557373046875,158.5893096923828,216.748291015625,212.16282653808594,0.2986777745760404
1574,332,16551,533.460205078125,529.56591796875,327.635498046875,502.69921875,0.2827141605890714
1575,332,12420,79.86492919921875,819.4156494140625,197.16250610351562,190.7646484375,0.25363970261353713
1576,334,20877,83.68562316894531,721.51953125,347.60423278808594,251.145751953125,0.32714142249180717
1577,334,16232,620.0872802734375,213.97975158691406,201.107177734375,193.67820739746094,0.32145779866438645
1578,334,22347,143.65597534179688,217.25289916992188,211.17626953125,203.66973876953125,0.3042263709581815
1579,334,3483,610.6702270507812,706.5433349609375,228.71142578125,285.40869140625,0.2929387872035687
1580,335,16232,133.46392822265625,842.1268310546875,202.53326416015625,199.495361328125,0.33241294897519624
1581,335,22347,614.5762329101562,831.9473876953125,221.53955078125,218.06201171875,0.31915380404545707
1582,335,3483,132.39968872070312,283.09857177734375,225.85079956054688,270.4329833984375,0.3097271460753221
1583,335,20877,537.523681640625,285.6365966796875,340.1514892578125,251.5828857421875,0.30250086234166074
1584,336,16232,650.1892700195312,225.1431121826172,201.7548828125,191.15650939941406,0.31794726848602295
1585,336,20877,115.39436340332031,761.0771484375,343.96226501464844,256.418212890625,0.3173823081530057
1586,336,22347,159.74606323242188,222.58352661132812,221.6912841796875,215.298828125,0.3161094280389639
1587,336,3483,640.741943359375,741.586181640625,225.46044921875,277.0911865234375,0.29557542159007144
1588,337,36637,124.10073852539064,826.8541259765625,194.1563720703125,271.7313232421875,0.3147458342405466
1589,337,22347,635.092529296875,830.508544921875,222.1055908203125,215.719970703125,0.2995980244416457
1590,337,3483,121.23527526855469,266.94085693359375,284.32814025878906,199.89422607421875,0.29345484880300665
1591,337,25469,560.9256591796875,171.4103546142578,347.685791015625,312.40428161621094,0.2592289906281691
1592,338,36637,635.376220703125,167.595703125,187.324951171875,256.32525634765625,0.3010535927919241
1593,338,3483,568.2861328125,806.3050537109375,292.8017578125,202.819580078125,0.29422741669874924
1594,338,22347,124.3475341796875,218.8404541015625,211.24078369140625,204.81365966796875,0.28064711735798764
1595,338,25469,44.47021484375,773.0394287109375,363.50555419921875,327.09375,0.2555897144170908
1596,339,22347,140.228271484375,228.75955200195312,218.2650146484375,209.71917724609375,0.32455265522003174
1597,339,36637,666.7352294921875,172.65476989746094,187.3701171875,260.42628479003906,0.29261508813271153
1598,339,3483,598.1025390625,842.3004150390625,289.875,197.199951171875,0.28475919595131505
1599,339,22347,617.5067138671875,228.75955200195312,218.2650146484375,209.71917724609375,0.2596421241760254
1600,340,20238,569.3008422851562,181.93988037109375,233.75537109375,229.813232421875,0.3135716456633348
1601,340,34597,23.42657470703125,82.48419189453125,418.2421875,480.15789794921875,0.3091674813857445
1602,340,27777,138.5364990234375,774.8059692382812,191.08950805664062,212.99658203125,0.2918775494282062
1603,340,3483,524.53076171875,768.71240234375,287.0849609375,237.0091552734375,0.2824942194498502
1604,341,34597,37.63398742675781,108.65742492675781,430.22947692871094,484.73667907714844,0.31797752930567813
1605,341,20238,598.68798828125,186.16812133789062,236.0101318359375,229.4183349609375,0.3011458195172823
1606,341,27777,171.77139282226562,813.5634155273438,188.4910888671875,209.0257568359375,0.29607715514989996
1607,341,3483,554.5902099609375,808.8504638671875,280.801025390625,226.793212890625,0.2956657684766329
1608,344,3483,553.5946655273438,808.2327880859375,280.9581298828125,227.2008056640625,0.2955681085586548
1609,344,27777,171.2887420654297,813.5396728515625,189.25965881347656,208.837890625,0.2939131397467393
1610,344,28763,151.674560546875,184.45513916015625,227.771484375,215.97845458984375,0.28039145928162795
1611,344,16262,592.14208984375,180.98211669921875,261.513671875,251.63018798828125,0.27712595004301804
1612,345,28763,133.50518798828125,179.81771850585938,221.98135375976562,212.074951171875,0.2911813213275029
1613,345,27777,137.57302856445312,774.2598876953125,192.0875244140625,213.4593505859375,0.2901921593225919
1614,345,16262,567.169677734375,175.47650146484375,254.79248046875,248.96246337890625,0.2868659450457646
1615,345,3483,523.0780029296875,768.30908203125,287.9725341796875,237.98046875,0.2823108434677124
1616,346,25367,126.86523437499999,44.97703552246094,364.304931640625,511.09877014160156,0.32352630908672625
1617,346,16232,641.9432373046875,244.64901733398438,191.9072265625,192.14398193359375,0.3194225292939406
1618,346,3483,555.2457275390625,804.9046630859375,281.084716796875,228.2861328125,0.2958459579027616
1619,346,27777,172.51043701171875,812.6561279296875,189.17205810546875,208.79736328125,0.2915755831278287
1620,347,16232,611.5194091796875,233.96539306640625,190.765869140625,190.956298828125,0.32020085133039033
1621,347,25367,113.12156677246094,36.04554748535156,350.44911193847656,491.21653747558594,0.31728909565852237
1622,347,27777,138.81918334960938,773.0999755859375,192.90109252929688,213.32421875,0.28696484290636504
1623,347,3483,526.097412109375,764.8826293945312,286.87109375,238.4351806640625,0.2825738604252155
1624,349,35206,603.25634765625,133.29974365234375,243.556640625,420.21087646484375,0.3072801461586585
1625,349,34597,0.0,118.02024841308594,451.2444152832031,459.14625549316406,0.296896925339332
1626,349,3483,555.6896362304688,805.27197265625,280.064453125,227.8330078125,0.296290425153879
1627,349,27777,172.29522705078125,812.7703857421875,189.30322265625,208.322509765625,0.29243173507543707
1628,352,19552,103.17576599121094,179.2065887451172,342.17811584472656,490.44898986816406,0.3635170138799227
1629,352,5094,129.18060302734375,847.5169677734375,299.31402587890625,301.375732421875,0.294853334243481
1630,352,19552,530.6461181640625,179.2065887451172,342.17811584472656,490.44898986816406,0.2908136111039382
1631,352,19552,103.17576599121094,610.3444213867188,342.17811584472656,490.44898986816406,0.2908136111039382
1632,355,23223,525.2476196289062,580.4197998046875,331.6102294921875,522.30712890625,0.3177939011500432
1633,355,5094,538.9217529296875,176.83909606933594,290.806640625,293.43190002441406,0.3075087070465088
1634,355,12081,53.5079345703125,125.3536376953125,259.53973388671875,436.20294189453125,0.26810258626937866
1635,355,23223,119.14215087890625,580.4197998046875,331.6102294921875,522.30712890625,0.2542351209200346
1636,356,23223,86.08950805664062,102.61822509765625,330.5677490234375,523.9111328125,0.32849873487765974
1637,356,5094,97.82611083984375,794.9793701171875,292.36834716796875,289.8885498046875,0.2993665291712834
1638,356,23223,559.3427429199219,102.61822509765625,330.5677490234375,523.9111328125,0.26279898790212775
1639,356,23223,86.08950805664062,653.4706420898438,330.5677490234375,523.9111328125,0.26279898790212775
1640,359,29667,622.6844482421875,157.29827880859375,235.30615234375,229.87457275390625,0.31596784408275896
1641,359,3483,551.841064453125,806.875,281.543212890625,227.6663818359375,0.29474290517660284
1642,359,27777,169.56585693359375,811.0999755859375,189.851806640625,208.1650390625,0.29258331427207357
1643,359,31885,71.95013427734375,22.95709228515625,391.19610595703125,554.1417846679688,0.2846471621440007
1644,361,16262,636.2059936523438,276.3380126953125,255.38671875,256.4775390625,0.30927921716983503
1645,361,18147,192.00347900390625,160.72923278808594,277.610107421875,430.89259338378906,0.2797180184951195
1646,361,3351,421.3175048828125,870.3677978515625,206.9678955078125,214.225830078125,0.2576302794309763
1647,364,3351,382.4267463684082,842.425537109375,214.36865615844727,217.60665893554688,0.43435651522416335
1648,364,35206,90.61613464355469,235.369140625,377.31532287597656,364.0174560546875,0.27812031599191517
1649,372,34597,7.47723388671875,122.55743408203125,473.9468994140625,460.061767578125,0.29201388359069824
1650,372,16262,560.3056030273438,181.00230407714844,265.7252197265625,256.89418029785156,0.29060068038793707
1651,372,3483,594.650634765625,835.2236328125,291.850830078125,202.8990478515625,0.2836676285817073
1652,372,25469,37.751617431640625,844.643798828125,393.0296630859375,243.0301513671875,0.2525649391687833
1653,374,25367,84.48197937011719,19.83306884765625,441.60951232910156,494.3310546875,0.3171869653921861
1654,374,20877,66.03338623046875,792.56396484375,344.01171875,262.92919921875,0.31295074866368217
1655,374,29667,616.76513671875,177.6497802734375,234.88525390625,231.26605224609375,0.30634329869196963
1656,374,3483,638.19384765625,748.07763671875,225.443359375,275.6800537109375,0.29869139194488525
1657,379,16688,400.23089599609375,121.10601806640625,569.1025390625,531.2291870117188,0.2877563696641188
1658,379,31863,133.69442749023438,309.807861328125,217.93313598632812,216.3779296875,0.27208633147753203
1659,379,3351,456.9057922363281,847.4842529296875,205.97335815429688,213.354248046875,0.25386603978963995
1660,38,20877,83.58316040039062,720.70263671875,347.3497314453125,252.8349609375,0.32385743581331694
1661,38,35206,614.8399047851562,155.26092529296875,231.0784912109375,408.016357421875,0.307122331399184
1662,38,31885,102.2796630859375,13.56787109375,424.8809814453125,530.986083984375,0.3008002501267653
1663,38,3483,610.2283935546875,705.902587890625,229.814697265625,286.3857421875,0.2941904618189885
1664,380,31863,584.4851684570312,707.3081665039062,227.2120361328125,226.7593994140625,0.31586796045303345
1665,380,3351,280.64984130859375,173.33026123046875,198.7998046875,208.24932861328125,0.2622937926879296
1666,380,31863,584.4851684570312,345.93243408203125,227.2120361328125,226.7593994140625,0.25269436836242676
1667,380,31863,164.30279541015625,707.3081665039062,227.2120361328125,226.7593994140625,0.25269436836242676
1668,382,2483,583.4857177734375,107.0089111328125,299.1710205078125,454.754150390625,0.29787774269397443
1669,382,3743,62.341033935546875,800.6707763671875,357.786376953125,352.681884765625,0.274127354988685
1670,384,3743,63.0430908203125,792.1624755859375,350.38421630859375,343.177978515625,0.2774874980633075
1671,384,2483,591.6304931640625,63.88232421875,295.22021484375,484.99609375,0.2755385408034691
1672,387,3483,129.02960205078125,277.923828125,286.27044677734375,192.632568359375,0.2978230668948247
1673,387,20238,129.40110778808594,860.3695068359375,243.52503967285156,240.85009765625,0.29209705499502325
1674,387,31885,482.9119873046875,642.1016845703125,443.5738525390625,553.497802734375,0.2822658648857703
1675,389,20877,83.21923828125,721.0269775390625,346.44610595703125,253.0384521484375,0.32574243270433867
1676,389,3483,610.4439086914062,707.7552490234375,228.441162109375,284.6290283203125,0.29321285394521857
1677,389,34597,19.978317260742188,111.6319580078125,467.95326232910156,461.11383056640625,0.28952229481477004
1678,389,16262,589.35400390625,174.69366455078125,254.9605712890625,249.83489990234375,0.2848581396616422
1679,390,20877,112.71159362792969,760.3974609375,346.26173400878906,257.81640625,0.31872467352793765
1680,390,34597,33.04335021972656,142.40374755859375,474.6906585693359,454.64764404296875,0.30153668843782866
1681,390,3483,640.3604125976562,742.943115234375,225.8284912109375,276.709716796875,0.29515105944413406
1682,390,16262,621.3060302734375,179.67645263671875,257.294677734375,254.2763671875,0.2855569124221802
1683,392,33208,648.06298828125,892.22509765625,230.1910400390625,223.67236328125,0.3261626683748685
1684,392,1900,185.6090087890625,265.0222473144531,210.98907470703125,150.32427978515625,0.2885954196636493
1685,392,16551,104.23699951171875,693.908203125,322.876708984375,507.762939453125,0.2876864259059613
1686,392,21026,679.7650756835938,270.57196044921875,184.6533203125,180.030517578125,0.2693861493697533
1687,393,33208,106.7236328125,153.87355041503906,215.3262939453125,206.35484313964844,0.32167643308639526
1688,393,1900,577.5686645507812,864.04248046875,217.768310546875,151.110107421875,0.29015674040867734
1689,393,21026,88.76648712158203,826.791748046875,190.99919891357422,187.788818359375,0.290045990393712
1690,393,16551,533.1416015625,36.656982421875,316.257568359375,489.987548828125,0.282839834690094
1691,394,28763,600.76513671875,852.574951171875,228.97509765625,222.39306640625,0.30639304564549374
1692,394,20238,133.19393920898438,845.113525390625,243.95147705078125,235.549072265625,0.30211366139925444
1693,394,3483,120.32585144042969,267.38665771484375,284.39967346191406,200.5240478515625,0.29391836661558884
1694,395,28763,166.63363647460938,201.87057495117188,227.6502685546875,216.581298828125,0.30157018166321975
1695,395,20238,611.8321533203125,185.6262969970703,236.38037109375,231.30662536621094,0.2921636975728548
1696,395,3483,594.734130859375,835.6878662109375,291.532470703125,202.6617431640625,0.2836275100708008
1697,395,25469,40.361572265625,844.6541748046875,394.54742431640625,245.787353515625,0.25371512541404134
1698,396,28763,150.6929931640625,192.5681610107422,222.95404052734375,213.40699768066406,0.29009259664095366
1699,396,3483,568.690673828125,803.792236328125,292.88720703125,204.570556640625,0.2879136571517357
1700,396,25469,0.373199462890625,800.883056640625,399.7352600097656,245.69775390625,0.28116324773201573
1701,396,20238,581.7261352539062,181.8061065673828,234.1973876953125,228.02598571777344,0.27355450850266677
1702,4,24850,595.0552978515625,244.88607788085938,299.673583984375,183.66253662109375,0.3152765677525447
1703,4,29345,113.50384521484375,144.77223205566406,289.19140625,432.24424743652344,0.3096484908690819
1704,4,16551,117.24169921875,638.0743408203125,327.04986572265625,512.180419921875,0.2884359313891484
1705,4,1900,673.7977294921875,802.4730224609375,148.447998046875,215.416015625,0.28166351410058826
1706,40,3483,151.041748046875,207.17071533203125,263.8773193359375,236.63983154296875,0.30898112517136794
1707,40,31885,603.294677734375,602.6507568359375,352.93359375,580.287353515625,0.28209771101291364
1708,40,29667,117.77570343017578,830.5423583984375,237.38036346435547,240.152587890625,0.2799580876643841
1709,400,16548,596.56201171875,116.77713012695312,242.3651123046875,237.59194946289062,0.3318857688170213
1710,400,33208,603.6732177734375,762.650146484375,228.505126953125,218.73681640625,0.32753852697519154
1711,400,1900,131.5621337890625,239.5538330078125,201.71600341796875,166.32757568359375,0.29671281576156616
1712,400,33009,5.9718017578125,765.6488037109375,380.7137145996094,257.760009765625,0.29459219712477464
1713,401,16548,107.03133392333984,893.0380859375,253.56153106689453,251.98876953125,0.33707582033597505
1714,401,33208,146.98147583007812,289.00299072265625,222.217041015625,208.06884765625,0.3203733838521517
1715,401,33009,578.38232421875,234.516357421875,372.38232421875,257.64117431640625,0.28898468384375936
1716,401,1900,637.2672119140625,852.632568359375,213.830078125,176.671630859375,0.2843281397452721
1717,404,18147,5.94482421875,577.5740966796875,301.3772277832031,443.685546875,0.30743741072141206
1718,404,3351,350.50909423828125,137.26242065429688,198.9189453125,207.91021728515625,0.2643454074859619
1719,404,35206,423.1434326171875,679.9683227539062,440.405029296875,273.4161376953125,0.2524622128559993
1720,409,16551,0.0,716.188720703125,477.8662109375,354.8380126953125,0.30486686871601987
1721,409,1900,132.21591186523438,236.4550018310547,196.29855346679688,175.39637756347656,0.2995189336630014
1722,409,33009,508.6610107421875,779.2625732421875,388.036865234375,234.7744140625,0.27259709743353033
1723,41,3483,583.39404296875,862.68017578125,274.53173828125,247.1734619140625,0.3008513725720919
1724,41,29667,631.648193359375,199.46072387695312,233.308349609375,228.06964111328125,0.30073649608171904
1725,41,31885,50.94854736328125,83.8985595703125,345.28582763671875,537.5337524414062,0.2903878918060889
1726,41,19861,118.6644287109375,861.5792236328125,227.75177001953125,178.1925048828125,0.2558577060699463
1727,411,16551,479.6587219238281,179.21905517578125,472.3395690917969,363.359619140625,0.30134162077536947
1728,411,33009,86.7999267578125,241.75775146484375,376.27520751953125,238.30560302734375,0.2910430156267606
1729,411,1900,640.697021484375,846.6328125,209.6812744140625,187.28466796875,0.28066006990579456
1730,412,19552,104.671630859375,189.12152099609375,329.97271728515625,507.27252197265625,0.36277172657159656
1731,412,19552,541.3556518554688,189.12152099609375,329.97271728515625,507.27252197265625,0.2902173812572773
1732,412,19552,104.671630859375,583.60595703125,329.97271728515625,507.27252197265625,0.2902173812572773
1733,412,5094,98.316162109375,799.1976318359375,297.65924072265625,305.46240234375,0.2724665174117455
1734,413,19552,102.38227844238281,153.4957275390625,332.79258728027344,525.4443969726562,0.3623847778026874
1735,413,5094,97.9404296875,794.1766357421875,292.8050537109375,290.681396484375,0.2954665972636296
1736,413,19552,540.8251342773438,153.4957275390625,332.79258728027344,525.4443969726562,0.28990782224214995
1737,413,19552,102.38227844238281,601.0598754882812,332.79258728027344,525.4443969726562,0.28990782224214995
1738,414,19552,497.29373168945307,534.064208984375,347.83761596679693,530.7227783203125,0.3543421855339637
1739,414,5094,538.75390625,176.85882568359375,290.840576171875,293.9007568359375,0.3021033452107356
1740,414,19552,130.86865234375,534.064208984375,347.8376159667969,530.7227783203125,0.283473748427171
1741,414,19552,497.29373168945307,215.2130126953125,347.83761596679693,530.7227783203125,0.283473748427171
1742,415,3483,591.4866943359375,859.527099609375,271.0413818359375,242.765380859375,0.302867407982166
1743,415,16262,632.346923828125,166.0330810546875,256.12158203125,250.55633544921875,0.29200528676693255
1744,415,31885,86.95697021484375,80.5849609375,357.77947998046875,543.4390869140625,0.28949755888718826
1745,415,19861,124.79763793945311,859.852783203125,229.47100830078125,178.465576171875,0.26466328364152175
1746,416,16262,601.783203125,163.11001586914062,252.275390625,245.40338134765625,0.2969866761794457
1747,416,3483,563.8905029296875,824.4033203125,275.7099609375,248.394287109375,0.2969537331507756
1748,416,31885,72.88555908203125,62.27203369140625,345.0626220703125,546.524169921875,0.28889023340665376
1749,417,3483,140.92372131347656,211.91717529296875,264.63243103027344,234.7822265625,0.31579331709788394
1750,417,31885,555.7373046875,605.2288818359375,355.556640625,571.024169921875,0.29263379482122565
1751,417,16262,93.6614990234375,842.66064453125,259.95709228515625,258.0150146484375,0.28602742231809175
1752,417,3483,570.44384765625,211.91717529296875,264.63243103027344,234.7822265625,0.2526346536783072
1753,419,3483,121.76107788085938,302.8270263671875,278.5001220703125,210.5533447265625,0.3094040430509127
1754,419,25367,529.358154296875,716.1220703125,446.641845703125,480.447509765625,0.30775737303953904
1755,419,27733,548.9495849609375,248.96055603027344,321.962158203125,286.74830627441406,0.3027266263961792
1756,419,20238,107.93927001953125,849.7537841796875,240.64410400390625,235.5118408203125,0.29941114095541144
1757,42,29667,602.107421875,191.15208435058594,229.7568359375,231.34327697753906,0.3029131660094628
1758,42,3483,553.1173095703125,828.0772705078125,278.995361328125,251.8116455078125,0.2960083805597745
1759,42,31885,21.8472900390625,65.85906982421875,348.1610107421875,535.9730224609375,0.29298802981009847
1760,420,3483,569.354248046875,752.4893798828125,288.775146484375,215.3089599609375,0.31207300149477446
1761,420,25367,0.0,61.823974609375,441.6695556640625,439.54119873046875,0.3052719739767221
1762,420,27733,82.72589111328125,714.3275146484375,327.38848876953125,301.331298828125,0.30111090495036197
1763,420,20238,607.459228515625,177.9453582763672,231.178955078125,228.07838439941406,0.28383566783024716
1764,422,34597,542.07275390625,694.8583984375,380.667724609375,536.9658203125,0.3152932570530818
1765,422,3483,141.99859619140625,210.97146606445312,264.81280517578125,234.818359375,0.3123132769878094
1766,422,36637,92.567138671875,896.3004150390625,283.72100830078125,182.0970458984375,0.29941962315486026
1767,422,34597,53.259521484375,694.8583984375,380.667724609375,536.9658203125,0.25223460564246547
1768,423,34597,78.0123291015625,13.5150146484375,357.71307373046875,505.92327880859375,0.3223239000026996
1769,423,36637,584.2298583984375,182.49957275390625,269.3660888671875,178.02783203125,0.30064133497384876
1770,423,3483,560.951171875,825.6864013671875,277.12841796875,248.784423828125,0.2946998064334576
1771,423,34597,540.2745971679688,13.5150146484375,357.71307373046875,505.92327880859375,0.2578591200021597
1772,429,29667,661.912109375,173.83633422851562,233.67333984375,229.0244140625,0.3111430544119615
1773,429,3483,598.7111206054688,785.4979248046875,285.1187744140625,212.931640625,0.3034121485856863
1774,429,27733,124.8824462890625,763.15869140625,319.8544921875,300.6142578125,0.2916518312234145
1775,429,34597,63.68133544921875,126.16423034667969,515.934326171875,421.01039123535156,0.26314866084318894
1776,430,33878,608.4747314453125,786.1259765625,181.810791015625,232.56884765625,0.36993139065228975
1777,430,3544,177.9022979736328,188.49085998535156,216.15611267089844,217.23081970214844,0.30293389008595395
1778,430,33878,185.7144775390625,786.1259765625,181.810791015625,232.56884765625,0.2959451125218318
1779,430,33878,608.4747314453125,261.30517578125,181.810791015625,232.56884765625,0.2959451125218318
1780,431,33878,639.4564208984375,823.7838134765625,174.687744140625,227.514404296875,0.3578138809937697
1781,431,3544,195.4551544189453,198.12374877929688,221.05979919433594,217.88092041015625,0.30506668182519764
1782,431,33878,161.8558349609375,823.7838134765625,174.687744140625,227.514404296875,0.2862511047950158
1783,431,33878,639.4564208984375,228.7017822265625,174.687744140625,227.514404296875,0.2862511047950158
1784,432,33878,188.343017578125,254.2869873046875,173.93096923828125,225.6522216796875,0.36884619639470023
1785,432,4543,130.08941650390625,899.678955078125,219.68389892578125,221.4747314453125,0.3215146294006934
1786,432,3544,575.888427734375,851.39501953125,226.424072265625,227.55810546875,0.29556334018707275
1787,432,33878,613.7260131835938,254.2869873046875,173.93096923828125,225.6522216796875,0.29507695711576026
1788,433,16232,614.0506591796875,170.96258544921875,196.468505859375,194.23956298828125,0.3218226020152752
1789,433,30308,78.087646484375,91.6053466796875,380.49212646484375,452.281005859375,0.3158336648574242
1790,433,3483,569.5870971679688,752.6767578125,288.5687255859375,215.53369140625,0.3117981782326331
1791,433,27733,82.705078125,713.7509765625,327.58599853515625,301.202880859375,0.295124168579395
1792,434,16232,137.376708984375,885.4796142578125,206.0902099609375,201.3916015625,0.3207660179871779
1793,434,3483,120.90362548828125,303.18780517578125,279.6734619140625,210.05224609375,0.30922564176412726
1794,434,27733,549.9212646484375,249.6778564453125,320.354248046875,284.8824462890625,0.30867998416607195
1795,434,30308,514.515380859375,683.2978515625,389.635498046875,465.8145751953125,0.2949519340808575
1796,435,16232,644.0594482421875,177.07688903808594,198.5712890625,192.20631408691406,0.31582834628912115
1797,435,30308,90.369873046875,104.15594482421875,394.85223388671875,468.98211669921875,0.3101003170013428
1798,435,3483,598.1046142578125,785.0438842773438,286.5860595703125,212.35400390625,0.3081175684928894
1799,435,27733,118.80020141601562,758.4722900390625,320.813720703125,298.51416015625,0.29475519290337193
1800,436,20238,610.998779296875,186.2202911376953,236.8306884765625,231.22239685058594,0.30095375501192534
1801,436,31885,33.46685791015625,122.59686279296875,459.83972167968756,499.99383544921875,0.29027718764085036
1802,436,3483,594.3194580078125,835.48876953125,292.1923828125,202.72607421875,0.2836204721377446
1803,436,25469,40.925994873046875,845.0809326171875,392.80047607421875,245.5765380859375,0.25162607431411743
1804,44,3351,384.04965925216675,143.9070987701416,202.53321599960327,209.9539089202881,0.48574663125551665
1805,44,29667,91.45745849609375,718.3690185546875,236.017822265625,241.73779296875,0.3102846099780156
1806,44,13900,557.5966796875,666.7161865234375,208.58251953125,278.353515625,0.2738840075639578
1807,443,4378,74.25524139404297,103.51165771484375,237.79688262939453,438.38580322265625,0.32369930010575515
1808,443,22627,523.7420043945312,674.0052490234375,357.8499755859375,495.1080322265625,0.28383509470866275
1809,443,25438,553.221435546875,171.72994995117188,273.563720703125,275.1239013671875,0.28097517215288603
1810,443,2483,70.84759521484375,666.671630859375,248.03970336914062,477.744873046875,0.26334719016001773
1811,444,4378,633.328857421875,707.0972900390625,252.2362060546875,463.1790771484375,0.2875270751806406
1812,444,2483,580.6663818359375,100.67906188964844,274.958984375,461.89466857910156,0.280190477004418
1813,444,22627,72.43746948242188,81.98834228515625,340.6568603515625,475.54656982421875,0.2725927187846257
1814,444,25438,100.95315551757812,831.2486572265625,279.48052978515625,281.44384765625,0.26108906819270206
1815,449,34597,32.41497802734375,127.69329833984375,409.312255859375,494.42486572265625,0.3186501218722417
1816,449,3483,582.5970458984375,833.9863891601562,292.66015625,184.93359375,0.2986798607386075
1817,449,16262,614.9649658203125,172.98428344726562,254.201904296875,247.10748291015625,0.2870883620702303
1818,449,34597,534.2727661132812,127.69329833984375,409.312255859375,494.42486572265625,0.2549200974977934
1819,452,44199,168.81524658203125,224.66427612304688,214.259521484375,279.414306640625,0.3327434796553392
1820,452,29451,501.7545471191406,225.56471252441406,418.4128112792969,257.53294372558594,0.3255596298437852
1821,452,16551,123.17503356933594,622.5533447265625,347.91810607910156,511.831298828125,0.2954847308305594
1822,452,1900,638.839599609375,836.3729248046875,195.244873046875,201.97607421875,0.2856667683674739
1823,454,5094,551.4071044921875,182.87347412109375,285.630126953125,291.56317138671875,0.30099687667993397
1824,454,6192,480.7224426269531,582.0025634765625,332.0566101074219,553.369384765625,0.2854988208183875
1825,455,6192,135.3431396484375,83.89923095703125,321.566650390625,541.0850219726562,0.33644694548386794
1826,455,5094,88.09268188476562,787.5771484375,293.5577392578125,292.5921630859375,0.2826473575371962
1827,455,6192,519.0902099609375,83.89923095703125,321.566650390625,541.0850219726562,0.2691575563870944
1828,455,6192,135.3431396484375,655.0157470703125,321.566650390625,541.0850219726562,0.2691575563870944
1829,456,6192,137.04066467285156,122.76507568359375,316.42625427246094,526.7994995117188,0.3413168512857877
1830,456,5094,87.90087890625,796.9097900390625,297.3558349609375,299.40576171875,0.2938120181743915
1831,456,2483,576.617431640625,66.87098693847656,251.47509765625,463.71739196777344,0.2763912310967078
1832,456,6192,522.5330810546875,122.76507568359375,316.42625427246094,526.7994995117188,0.2730534810286302
1833,457,6192,102.37020874023438,157.724853515625,302.5968017578125,541.5972900390625,0.3247836461433997
1834,457,5094,123.70600891113281,824.9027099609375,297.01170349121094,292.7548828125,0.2917929566823519
1835,457,13395,607.569091796875,670.2578125,273.0416259765625,512.602783203125,0.27583532608472383
1836,457,2483,612.4217529296875,61.99153137207031,251.229736328125,495.77598571777344,0.26914493395732
1837,458,6192,104.92755126953125,193.34759521484375,300.05438232421875,527.5467529296875,0.314867588189932
1838,458,13395,616.48681640625,669.294921875,275.6314697265625,526.5728759765625,0.2899013115809514
1839,458,5094,123.40516662597656,833.0343017578125,302.88999938964844,302.49560546875,0.28534600367912877
1840,458,2483,601.489013671875,105.91583251953125,254.0382080078125,462.93206787109375,0.2647566795349121
1841,459,5094,511.5130615234375,147.409423828125,289.813232421875,294.61322021484375,0.3026399933374845
1842,459,6192,521.3741455078125,512.9410400390625,321.9434814453125,547.0858154296875,0.26982765931349534
1843,46,23223,93.4716796875,103.72418212890625,338.70550537109375,524.7986450195312,0.33446373847814703
1844,46,3743,108.18869018554688,773.4473876953125,346.596435546875,347.1612548828125,0.2800726890563965
1845,46,2483,577.4093017578125,60.90312194824219,266.335693359375,493.80311584472656,0.2721915107506972
1846,46,23223,543.8228149414062,103.72418212890625,338.70550537109375,524.7986450195312,0.26757099078251767
1847,460,3743,478.3155517578125,111.01213073730469,337.1693115234375,334.41615295410156,0.28499568884189314
1848,460,22362,78.67086791992188,113.65763854980469,272.0652160644531,401.44850158691406,0.2693323905651386
1849,460,23223,488.4860229492188,570.02294921875,335.79858398437494,532.7122802734375,0.26100300825559175
1850,462,23223,125.45031738281251,150.07984924316406,327.0452880859375,511.60948181152344,0.32058415504602283
1851,462,3743,113.76258850097656,823.3121337890625,350.71946716308594,358.8726806640625,0.2850585258924044
1852,462,2483,599.813232421875,104.0025634765625,243.625732421875,462.3797607421875,0.2799763817053575
1853,462,23223,523.50439453125,150.07984924316406,327.0452880859375,511.60948181152344,0.25646732403681827
1854,463,3483,128.19386291503906,278.308349609375,286.06138610839844,192.1798095703125,0.2989683930690472
1855,463,28763,615.8895263671875,867.9873046875,230.842529296875,226.661376953125,0.2980149480012747
1856,463,20238,128.3135986328125,859.5919189453125,241.88934326171875,242.279296875,0.28605234164458054
1857,464,20238,587.18408203125,164.6281280517578,233.1849365234375,226.42088317871094,0.3053625730367807
1858,464,28763,133.99349975585938,179.66160583496094,220.75051879882812,210.22926330566406,0.2998827970944918
1859,464,3483,551.21337890625,795.702880859375,302.1363525390625,194.999755859375,0.29677221408257115
1860,465,20238,616.4901733398438,167.90093994140625,236.509521484375,230.97698974609375,0.3014461352274968
1861,465,3483,583.202880859375,833.4903564453125,294.2236328125,185.29638671875,0.2990837051318242
1862,465,28763,152.25686645507812,184.2174072265625,226.80810546875,214.87469482421875,0.2777227071615366
1863,468,23223,104.53514099121094,120.32244873046875,331.77565002441406,504.81988525390625,0.3301925842578594
1864,468,25438,147.82321166992188,860.020263671875,276.981201171875,285.8087158203125,0.2653934176151569
1865,468,23223,539.689208984375,120.32244873046875,331.77565002441406,504.81988525390625,0.2641540674062876
1866,468,23223,104.53514099121094,654.857666015625,331.77565002441406,504.81988525390625,0.2641540674062876
1867,469,35206,587.809326171875,115.8570556640625,276.71240234375,412.1478271484375,0.32122928362626296
1868,469,3483,599.199951171875,785.2581787109375,285.605712890625,211.697265625,0.3038784173818735
1869,469,27733,119.48895263671875,758.076171875,321.68115234375,299.6451416015625,0.30276644688386184
1870,469,28763,146.19830322265625,213.10394287109375,226.97003173828125,215.61370849609375,0.29322248238783616
1871,47,23223,517.5601806640625,576.16162109375,332.346435546875,525.5867919921875,0.3239493415905879
1872,47,3743,479.5689697265625,148.62847900390625,340.8485107421875,334.25421142578125,0.280288618344527
1873,47,12081,93.7353515625,109.93553161621094,259.94390869140625,432.88966369628906,0.27555761428979725
1874,47,23223,126.09338378906249,576.16162109375,332.346435546875,525.5867919921875,0.25915947327247035
1875,472,16548,620.3958740234375,141.90130615234375,247.1263427734375,239.4361572265625,0.32838133665231556
1876,472,6563,177.01950073242188,703.120361328125,248.843017578125,375.877197265625,0.31318584313759434
1877,472,3544,146.56968688964844,181.51177978515625,218.05897521972656,215.554443359375,0.2941849140020517
1878,472,33878,624.43701171875,841.4942626953125,228.4207763671875,155.503173828125,0.287217222727262
1879,474,33878,149.37835693359375,297.2716064453125,228.88519287109375,171.92449951171875,0.348282685646644
1880,474,16548,115.90972900390625,876.694580078125,252.93121337890625,248.0115966796875,0.3353489591525151
1881,474,3544,626.5865478515625,869.912841796875,227.9969482421875,225.05322265625,0.3182162917577303
1882,474,6563,567.1553344726562,231.494873046875,251.6697998046875,349.2203369140625,0.29567429652580846
1883,475,19552,77.95263671875,141.84686279296875,338.57257080078125,509.16741943359375,0.35685880826069755
1884,475,19552,559.4747924804688,141.84686279296875,338.57257080078125,509.16741943359375,0.28548704660855806
1885,475,19552,77.95263671875,628.9857177734375,338.57257080078125,509.16741943359375,0.28548704660855806
1886,475,2483,576.1416625976562,87.719482421875,249.7138671875,468.117919921875,0.27874848017325765
1887,477,19552,74.81741333007812,99.13751220703125,336.0743713378906,520.7388305664062,0.35697996616363525
1888,477,25438,114.94110107421875,801.491943359375,273.41986083984375,273.92236328125,0.28559150604101324
1889,477,19552,565.1082153320312,99.13751220703125,336.0743713378906,520.7388305664062,0.2855839729309082
1890,477,19552,74.81741333007812,660.1236572265625,336.0743713378906,520.7388305664062,0.2855839729309082
1891,479,25367,53.175201416015625,78.55352783203125,391.57061767578125,475.39202880859375,0.3061349346087529
1892,479,36637,629.8544921875,174.52490234375,194.8978271484375,253.207275390625,0.2976113328566918
1893,479,27777,138.50595092773438,773.079345703125,191.78424072265625,212.853515625,0.28881609439849854
1894,479,3483,523.64697265625,764.81787109375,287.059814453125,239.2794189453125,0.2805605759987464
1895,481,5094,124.52635192871094,834.220458984375,300.80055236816406,301.1136474609375,0.3051417607527513
1896,481,22627,68.85214233398438,116.01014709472656,319.0284423828125,493.31712341308594,0.30450435785146857
1897,481,13395,616.0885009765625,669.698486328125,276.3212890625,525.73095703125,0.2918533178476187
1898,481,2483,602.5035400390625,105.7979736328125,252.965087890625,463.9306640625,0.2629029980072608
1899,482,5094,512.0387573242188,147.31680297851562,289.1087646484375,292.48504638671875,0.3008308777442345
1900,482,13395,66.64462280273438,84.45726013183594,262.0945739746094,479.53541564941406,0.2610646761380709
1901,482,22627,543.5408935546875,624.4346923828125,330.0892333984375,507.75146484375,0.25202100093548113
1902,484,3351,387.4445562362671,882.3809051513672,207.1785659790039,215.02532958984375,0.4484577362353985
1903,484,16688,441.0965576171875,90.0111083984375,466.9296875,582.7843017578125,0.26264371780248785
1904,484,32310,17.195709228515625,317.69439697265625,300.5475769042969,339.3516845703125,0.25011381277671224
1905,485,3351,322.00103759765625,138.587646484375,197.94427490234375,207.0859375,0.2670742915226863
1906,485,32310,614.0618896484375,524.0743408203125,305.946044921875,358.946044921875,0.2571113063738896
1907,486,3351,382.0852642059326,192.30363845825195,206.24213695526123,207.76247024536133,0.4752886753815871
1908,486,32310,656.644287109375,620.510498046875,304.390380859375,365.316650390625,0.2518232281391437
1909,487,16232,643.6864013671875,177.19427490234375,199.010986328125,192.58978271484375,0.31474090539492094
1910,487,3483,598.0104370117188,785.2381591796875,286.397705078125,212.66552734375,0.30525395503410924
1911,487,27733,118.44863891601562,758.3040771484375,321.7174072265625,298.81298828125,0.292584070792565
1912,487,31885,84.2745361328125,23.6007080078125,428.50042724609375,542.1712646484375,0.2843561310034532
1913,493,19607,677.7738037109375,896.5894775390625,172.7303466796875,167.8743896484375,0.34871697425842285
1914,493,16548,121.59590148925781,880.214599609375,254.66258239746094,248.64892578125,0.33974019380716175
1915,493,1900,183.3260955810547,282.7674560546875,209.94032287597656,167.2113037109375,0.28409322867026693
1916,493,19607,125.49584960937499,896.5894775390625,172.7303466796875,167.8743896484375,0.2789735794067383
1917,494,16548,583.690673828125,129.351806640625,244.74951171875,240.09689331054688,0.3349458942046532
1918,494,1900,580.2786865234375,824.926513671875,214.8662109375,173.896240234375,0.27945332802259004
1919,494,21026,88.82501220703125,826.942626953125,190.872314453125,187.632568359375,0.27883401283851034
1920,494,16548,147.559814453125,129.351806640625,244.74951171875,240.09689331054688,0.26795671536372256
1921,496,3351,384.10431385040283,857.9837036132812,207.9965524673462,216.14463806152344,0.4306324628683237
1922,496,3832,478.0616760253906,158.3065185546875,395.7768249511719,412.521484375,0.3379875880021315
1923,496,3832,478.0616760253906,709.1719970703125,395.7768249511719,412.521484375,0.27039007040170526
1924,496,3832,102.1614990234375,158.3065185546875,395.7768249511719,412.521484375,0.27039007040170526
1925,497,3832,45.88592529296875,635.46875,403.9105224609375,409.6141357421875,0.3414078400685237
1926,497,3832,45.88592529296875,234.9171142578125,403.9105224609375,409.6141357421875,0.27312627205481893
1927,497,3832,526.2035522460938,635.46875,403.9105224609375,409.6141357421875,0.27312627205481893
1928,497,3351,346.93115234375,148.84390258789062,199.177001953125,206.15460205078125,0.2542971189205463
1929,499,25367,508.9483642578125,711.8531494140625,463.007080078125,493.4267578125,0.3047482783977802
1930,499,16262,159.73428344726562,823.148681640625,264.27276611328125,261.151123046875,0.29957826320941633
1931,499,3483,123.14767456054686,270.129150390625,283.84100341796875,199.39593505859375,0.29540602977459246
1932,5,24850,92.6298828125,882.9132080078125,304.70977783203125,185.615478515625,0.31348010668387777
1933,5,29345,594.2645874023438,707.5018310546875,301.4102783203125,454.421630859375,0.2984555180256183
1934,5,16551,543.478515625,100.96453857421875,323.427490234375,498.08685302734375,0.297663899568411
1935,5,1900,174.62301635742188,263.76251220703125,143.72073364257812,206.3316650390625,0.28387908752147967
1936,500,25367,23.7650146484375,53.739288330078125,437.92535400390625,457.46722412109375,0.3130821769054119
1937,500,3483,568.6402587890625,803.9594116210938,292.687255859375,204.8255615234375,0.2923036080140334
1938,500,16262,536.4581909179688,176.53857421875,256.688720703125,251.521728515625,0.2849836532886212
1939,500,25469,0.359771728515625,800.8408203125,399.5039978027344,245.4815673828125,0.2815647767140315
1940,501,25367,33.57490539550781,67.27996826171875,458.07286071777344,465.68267822265625,0.30743945103425246
1941,501,16262,561.9539794921875,181.26446533203125,264.097412109375,256.20074462890625,0.2892175316810608
1942,501,3483,594.19384765625,835.7021484375,292.149169921875,203.44189453125,0.2827783502065218
1943,501,25469,40.762054443359375,844.06396484375,393.5445861816406,246.4482421875,0.2547487845787635
1944,502,20238,133.46255493164062,845.2362060546875,243.89935302734375,235.443115234375,0.2978769632486197
1945,502,3483,123.08781433105467,270.169921875,284.15821838378906,200.56842041015625,0.296400968845074
1946,502,30308,531.111572265625,713.9298095703125,433.206298828125,445.5020751953125,0.27339593722270084
1947,503,3483,568.8268432617188,804.341552734375,292.6090087890625,204.2352294921875,0.2895155778298011
1948,503,20238,581.5806884765625,182.43609619140625,233.443603515625,228.03753662109375,0.28896767359513503
1949,503,25469,0.8380126953125,800.56396484375,398.8443603515625,245.7578125,0.28141425206111026
1950,503,30308,23.955078125,88.24790954589844,415.50701904296875,425.66212463378906,0.280776872084691
1951,506,38162,515.3311157226562,622.0250244140625,224.5870361328125,323.309814453125,0.34956393333581776
1952,506,38162,515.3311157226562,334.6651611328125,224.5870361328125,323.309814453125,0.2796511466686542
1953,506,38162,236.08184814453125,622.0250244140625,224.5870361328125,323.309814453125,0.2796511466686542
1954,506,31863,76.07879638671875,693.0679931640625,218.91143798828125,222.6993408203125,0.2686003079781165
1955,507,3351,385.17832469940186,185.0893211364746,204.68981838226318,207.85066604614258,0.4718767221157367
1956,507,38162,557.411865234375,720.4417724609375,218.05615234375,310.5831298828125,0.35049514128611636
1957,507,38162,557.411865234375,248.97509765625,218.05615234375,310.5831298828125,0.2803961130288931
1958,507,38162,200.531982421875,720.4417724609375,218.05615234375,310.5831298828125,0.2803961130288931
1959,508,3351,386.6691823005676,857.9515838623047,208.32642889022827,214.22821044921875,0.4411165989362276
1960,508,18147,525.5545654296875,225.94525146484375,357.758056640625,381.93951416015625,0.25172611841788656
1961,509,18147,38.6370849609375,592.9052734375,367.1705017089844,404.90087890625,0.27648730919911313
1962,509,22074,579.5823974609375,773.9940185546875,205.625244140625,203.1015625,0.2732530923990103
1963,509,3351,321.39007568359375,156.54969787597656,199.8433837890625,209.87351989746094,0.25441018434671253
1964,511,3483,142.25433349609375,211.32913208007812,264.45989990234375,234.22772216796875,0.31284148876483625
1965,511,36637,92.79830932617188,896.815185546875,283.0231628417969,181.2955322265625,0.2949091104360727
1966,511,25367,546.0264892578125,732.34423828125,429.857177734375,526.0467529296875,0.29379427433013916
1967,511,3483,569.2857666015625,211.32913208007812,264.45989990234375,234.22772216796875,0.250273191011869
1968,515,35206,599.3250732421875,134.43565368652344,246.207763671875,417.64552307128906,0.3079863236500667
1969,515,3483,555.62744140625,805.2738037109375,280.294921875,227.3763427734375,0.29741986439778256
1970,515,27777,172.2490997314453,812.1109619140625,189.54649353027344,209.1424560546875,0.2917904807971074
1971,515,30308,74.52110290527344,160.46380615234375,465.47096252441406,423.66912841796875,0.2731107289974506
1972,516,35206,127.61480712890626,699.713623046875,263.63372802734375,419.599853515625,0.3004004175846393
1973,516,3483,165.78924560546875,272.229736328125,277.22528076171875,227.53314208984375,0.29570827117333043
1974,516,27777,630.073486328125,288.75360107421875,184.4300537109375,204.971923828125,0.279996578509991
1975,516,30308,462.21484375,674.2078857421875,458.55029296875,423.491943359375,0.25592950674203724
1976,517,3483,582.4041137695312,833.7637939453125,292.69091796875,185.84912109375,0.29763593123509335
1977,517,31885,18.641082763671875,9.35040283203125,400.59124755859375,540.9724731445312,0.2950669022706839
1978,517,36637,635.4271240234375,206.7598876953125,202.53173828125,256.5673828125,0.2886963807619535
1979,518,36637,604.26318359375,198.8502197265625,203.2708740234375,254.04766845703125,0.2977398496407729
1980,518,3483,550.21875,796.8634033203125,301.946533203125,194.404052734375,0.29519347044137806
1981,518,31885,8.16802978515625,5.0328369140625,386.8438720703125,521.899658203125,0.2867370614638695
1982,519,31885,585.9969482421875,686.7813720703125,390.0030517578125,581.7818603515625,0.30182703183247495
1983,519,3483,129.4886474609375,278.0614013671875,285.62908935546875,192.1568603515625,0.29972869616288406
1984,519,36637,145.1667022705078,798.5927734375,209.58726501464844,264.82275390625,0.2945347474171565
1985,520,29667,124.63543701171875,874.9017333984375,236.46340942382812,238.1441650390625,0.3057367755816533
1986,520,28763,607.0650634765625,899.5860595703125,232.885009765625,226.781494140625,0.30469564291147083
1987,520,3483,168.17120361328125,270.835693359375,277.00482177734375,225.48876953125,0.28982444451405454
1988,520,27777,632.3742065429688,289.5906982421875,186.88427734375,204.595703125,0.2825299593118521
1989,521,29667,595.3036499023438,150.48892211914062,229.2076416015625,230.33160400390625,0.3034378244326665
1990,521,28763,143.20318603515625,148.9637451171875,220.9832763671875,209.25775146484375,0.2988812098136315
1991,521,27777,136.75238037109375,772.0068359375,192.47482299804688,212.968017578125,0.28396867788754976
1992,521,3483,520.408935546875,766.562744140625,288.81982421875,238.3306884765625,0.2809247145285973
1993,522,29667,622.3973388671875,156.72952270507812,235.430419921875,229.89599609375,0.3233493291414701
1994,522,3483,551.9661865234375,806.8035888671875,281.744140625,227.477294921875,0.2946985684908353
1995,522,27777,169.98736572265625,811.185546875,190.016845703125,208.85498046875,0.29136744829324573
1996,522,28763,160.6612548828125,150.75210571289062,226.79644775390625,217.5628662109375,0.29131373533835775
1997,525,16232,137.49002075195312,885.5484619140625,205.730712890625,201.873046875,0.3221502670874962
1998,525,3483,121.44627380371094,302.64215087890625,279.04945373535156,209.494873046875,0.30915393279148984
1999,525,27733,548.18359375,248.35572814941406,322.98779296875,286.84959411621094,0.30475935110679037
2000,525,28763,624.9730224609375,858.96337890625,234.3631591796875,225.95556640625,0.30254313578972447
2001,526,30308,530.5419921875,697.1356201171875,337.165771484375,501.8482666015625,0.3366737182323749
2002,526,3483,140.81381225585938,212.2927703857422,264.75958251953125,234.33668518066406,0.3131650502865131
2003,526,16262,93.93716430664062,842.9896240234375,259.48486328125,257.284423828125,0.28757221423662627
2004,526,30308,108.292236328125,697.1356201171875,337.165771484375,501.8482666015625,0.26933897458589995
2005,527,30308,129.53262329101562,59.06488037109375,340.28741455078125,496.96435546875,0.3337814945441026
2006,527,3483,592.3065185546875,859.30615234375,270.068603515625,243.1767578125,0.30392080545425415
2007,527,16262,632.190185546875,165.71347045898438,256.435546875,250.6685791015625,0.2932149630326491
2008,527,30308,506.17996215820307,59.06488037109375,340.2874145507813,496.96435546875,0.2670251956352821
2009,528,30308,116.51864624023438,51.70953369140625,323.5379638671875,468.94744873046875,0.3304718090937688
2010,528,3483,564.10595703125,824.7830810546875,275.565185546875,248.9322509765625,0.29593382890407854
2011,528,16262,602.391845703125,163.19650268554688,251.7137451171875,244.9217529296875,0.2949163317680359
2012,528,30308,535.9433898925781,51.70953369140625,323.5379638671875,468.94744873046875,0.26437744727501505
2013,529,22347,103.5543441772461,237.14866638183594,214.18750762939453,205.21046447753906,0.32680137799336356
2014,529,20238,611.699462890625,185.81512451171875,236.489990234375,231.21588134765625,0.29324824993426984
2015,529,3483,594.630859375,835.604248046875,291.6541748046875,202.41650390625,0.2831701131967398
2016,529,22347,658.2581481933594,237.14866638183594,214.18750762939453,205.21046447753906,0.26144110239469087
2017,53,6192,94.99443054199219,100.11256408691406,374.40370178222656,508.37364196777344,0.32279826127565825
2018,53,2483,624.43115234375,104.84454345703125,244.97021484375,462.928955078125,0.268769057897421
2019,53,25438,123.23132324218751,840.42138671875,281.73956298828125,284.769287109375,0.2632916890657865
2020,53,6192,506.60186767578125,100.11256408691406,374.40370178222656,508.37364196777344,0.2582386090205266
2021,530,22347,675.4600830078125,824.1671142578125,221.627685546875,218.0592041015625,0.33543644043115467
2022,530,20238,132.8918914794922,845.216552734375,244.26112365722656,235.1915283203125,0.2950283655753502
2023,530,3483,120.99383544921875,267.90289306640625,283.50244140625,201.0360107421875,0.2950155735015869
2024,530,22347,78.9122314453125,824.1671142578125,221.627685546875,218.0592041015625,0.26834915234492374
2025,531,22347,87.835693359375,223.63787841796875,208.61233520507812,205.72344970703125,0.30782403854223395
2026,531,3483,569.04443359375,804.7569580078125,293.055908203125,203.675048828125,0.29119152289170486
2027,531,25469,0.477142333984375,801.468994140625,398.8553771972656,244.8282470703125,0.28273600798386794
2028,531,20238,581.780517578125,181.77078247070312,233.82568359375,228.100341796875,0.2648941140908461
2029,532,19552,102.35646057128906,96.57244873046875,413.79380798339844,467.69024658203125,0.3601316763804509
2030,532,2483,583.1634521484375,106.98323059082031,299.6124267578125,454.57151794433594,0.3003804958783663
2031,532,19552,459.8497314453125,96.57244873046875,413.79380798339844,467.69024658203125,0.2881053411043607
2032,532,19552,102.35646057128906,715.7373046875,413.79380798339844,467.69024658203125,0.2881053411043607
2033,533,19552,95.5009765625,52.673583984375,420.6263427734375,483.98846435546875,0.3654606296465947
2034,533,19552,459.8726806640625,52.673583984375,420.6263427734375,483.98846435546875,0.2923685037172758
2035,533,19552,95.5009765625,743.3379516601562,420.6263427734375,483.98846435546875,0.2923685037172758
2036,533,3743,62.87353515624999,792.212646484375,350.401611328125,342.6435546875,0.28151317284657407
2037,534,19552,412.6610412597656,665.9619140625,442.9977722167969,505.3154296875,0.34915000200271606
2038,534,3743,522.8216552734375,137.27734375,337.813720703125,328.72021484375,0.279338566156534
2039,534,19552,120.3411865234375,665.9619140625,442.9977722167969,505.3154296875,0.27932000160217285
2040,534,19552,412.6610412597656,108.72265625,442.9977722167969,505.3154296875,0.27932000160217285
2041,535,31885,71.51522827148438,130.60064697265625,424.70727539062506,521.4187622070312,0.29651942161413336
2042,535,3483,593.0927734375,836.0869140625,293.103271484375,203.06005859375,0.2827709913253784
2043,535,36637,666.624267578125,173.0237274169922,187.5408935546875,260.46669006347656,0.276104762003972
2044,536,36637,635.0570068359375,168.04776000976562,187.844970703125,256.82037353515625,0.3029874196419349
2045,536,31885,58.5146484375,108.1204833984375,406.61895751953125,505.478515625,0.2963526432330792
2046,536,3483,568.1270751953125,805.61376953125,292.8638916015625,203.168212890625,0.292785488642179
2047,536,25469,44.749481201171875,772.9619140625,360.88037109375,326.592041015625,0.25354577944828915
2048,537,36637,124.15707397460938,826.6739501953125,195.19775390625,272.91015625,0.31123081078896153
2049,537,3483,122.13360595703126,268.4459228515625,283.1982421875,200.254638671875,0.2948728433022132
2050,537,31885,500.5196533203125,586.74853515625,428.4044189453125,547.22607421875,0.282549628844628
2051,537,25469,562.03466796875,172.28172302246094,345.849853515625,313.07423400878906,0.2652824383515578
2052,539,38162,579.9071044921875,703.9959716796875,218.3046875,313.376708984375,0.3542809073741619
2053,539,20014,0.0,658.081787109375,371.7004699707031,365.32861328125,0.32521373950518095
2054,539,38162,579.9071044921875,262.6273193359375,218.3046875,313.376708984375,0.28342472589932954
2055,539,38162,177.7882080078125,703.9959716796875,218.3046875,313.376708984375,0.28342472589932954
2056,54,25438,535.1109619140625,160.71533203125,269.839599609375,278.90460205078125,0.2909563137934758
2057,54,6192,463.6709899902344,625.1090087890625,379.6977844238281,522.843017578125,0.27258944052916306
2058,540,38162,621.9571533203125,802.142822265625,209.989990234375,303.6600341796875,0.3445918972675617
2059,540,20014,51.5535888671875,748.185302734375,359.475830078125,354.643798828125,0.33221996747530425
2060,540,38162,621.9571533203125,174.1971435546875,209.989990234375,303.6600341796875,0.27567351781404936
2061,540,38162,144.0528564453125,802.142822265625,209.989990234375,303.6600341796875,0.27567351781404936
2062,541,16232,141.31427001953125,894.1295166015625,205.34930419921875,199.614013671875,0.31496958090708804
2063,541,3483,141.0191192626953,212.2233428955078,264.51048278808594,233.83616638183594,0.31436330997026884
2064,541,31885,570.3829345703125,646.10009765625,351.39013671875,583.419677734375,0.28325507274040806
2065,541,16232,629.33642578125,894.1295166015625,205.34930419921875,199.614013671875,0.25197566472567046
2066,542,16232,612.9216918945312,165.66505432128906,192.2764892578125,193.17735290527344,0.312917003264794
2067,542,3483,563.6976318359375,824.59765625,274.932861328125,248.5447998046875,0.29453747547589815
2068,542,31885,54.3203125,23.43939208984375,349.44403076171875,538.8811645507812,0.29225963812607986
2069,542,16232,170.80181884765625,165.66505432128906,192.2764892578125,193.17735290527344,0.2503336026118352
2070,543,16232,643.924560546875,169.6604766845703,194.3114013671875,195.89976501464844,0.30862556054041934
2071,543,3483,592.0513916015625,859.635498046875,270.428955078125,243.086181640625,0.3039341247998751
2072,543,31885,80.66741943359375,34.827880859375,353.08599853515625,549.8887939453125,0.29331356287002563
2073,543,19861,124.66455078125,860.418212890625,229.72830200195312,177.70849609375,0.26430755853652954
2074,545,22347,659.0128173828125,855.6990966796875,219.550048828125,218.2869873046875,0.32379627227783203
2075,545,29667,124.70462036132811,874.3388671875,236.42581176757812,238.5,0.30519760571993315
2076,545,3483,169.21633911132812,270.70782470703125,276.1925048828125,225.3043212890625,0.2906078558701735
2077,545,27777,632.5140380859375,289.603515625,187.263916015625,204.426513671875,0.28153123763891363
2078,546,29667,594.9301147460938,150.94859313964844,229.750244140625,230.56080627441406,0.30301644251896787
2079,546,22347,104.40575408935547,194.9210662841797,210.64124298095703,204.76588439941406,0.29768386712441075
2080,546,27777,136.13894653320312,771.8192138671875,192.14154052734375,213.02099609375,0.28346712772662824
2081,546,3483,519.908447265625,767.1013793945312,288.8173828125,237.62548828125,0.27723103761672974
2082,547,22347,118.27230834960938,238.02203369140625,216.7376708984375,206.5855712890625,0.3244348443471468
2083,547,20877,113.87860107421875,761.23046875,345.03741455078125,256.79638671875,0.3117714478419377
2084,547,3483,640.1387939453125,743.6707763671875,225.8282470703125,276.349853515625,0.2966386079788208
2085,547,36637,623.2334594726562,207.69192504882812,202.060791015625,260.0953369140625,0.2909294687784635
2086,548,22347,660.1168212890625,822.8887939453125,221.22265625,218.1197509765625,0.3230555011675908
2087,548,3483,132.24383544921875,282.3399658203125,226.97955322265625,270.84979248046875,0.3091694987737215
2088,548,36637,157.3737335205078,794.6279296875,209.65440368652344,268.583740234375,0.30414191576150745
2089,548,20877,536.2581176757812,283.56292724609375,342.3984375,251.2864990234375,0.3038001748231741
2090,55,20014,46.205322265625,272.27166748046875,354.32135009765625,341.1163330078125,0.31838733416337234
2091,55,16688,380.2582702636719,125.4981689453125,588.0154113769531,526.2271118164062,0.2899203162926894
2092,55,3351,416.66961669921875,837.589111328125,203.330810546875,210.857177734375,0.2555865278610816
2093,55,20014,46.205322265625,666.6119995117188,354.32135009765625,341.1163330078125,0.2547098673306979
2094,551,3483,128.66513061523438,278.82562255859375,285.65625,191.89501953125,0.2987227073082557
2095,551,30308,521.706298828125,674.8798828125,413.5225830078125,453.5791015625,0.28664650825353766
2096,551,20238,128.9785614013672,859.9627685546875,241.66481018066406,242.013671875,0.28460128949238706
2097,552,30308,62.0428466796875,123.60491943359375,412.28509521484375,459.9268798828125,0.3069502344498267
2098,552,20238,616.46826171875,168.5177001953125,236.05859375,230.58917236328125,0.30415606040220994
2099,552,3483,583.1597900390625,832.7421875,294.6064453125,186.3768310546875,0.29894670614829427
2100,553,16232,594.21826171875,206.60116577148438,198.9549560546875,195.43499755859375,0.3235701872752263
2101,553,34597,0.0167236328125,63.75596618652344,441.95281982421875,466.57972717285156,0.3011204646183894
2102,553,3483,569.0662231445312,804.9127197265625,292.497802734375,203.151123046875,0.2888687757345346
2103,553,25469,0.96636962890625,801.2913818359375,398.775390625,245.001220703125,0.2823141904977652
2104,555,16232,624.6324462890625,213.59051513671875,200.146728515625,198.1240234375,0.3218612533349257
2105,555,34597,10.47637939453125,82.14002990722656,454.71563720703125,474.27708435058594,0.309506173317249
2106,555,3483,594.7039184570312,835.3216552734375,292.053466796875,202.6134033203125,0.28330156436333287
2107,555,16232,151.2208251953125,213.59051513671875,200.146728515625,198.1240234375,0.25748900266794056
2108,56,20014,524.1793212890625,603.20654296875,383.376220703125,374.599609375,0.3287653739635761
2109,56,20014,524.1793212890625,302.19384765625,383.376220703125,374.599609375,0.2630122991708609
2110,56,20014,68.4444580078125,603.20654296875,383.376220703125,374.599609375,0.2630122991708609
2111,56,3351,316.57818603515625,181.379638671875,203.60888671875,212.3250732421875,0.2599845024255606
2112,560,30308,101.76786804199219,65.50187683105469,308.92860412597656,498.32740783691406,0.3267907408567575
2113,560,35206,569.462890625,84.52801513671875,306.246826171875,404.5673828125,0.30538382438512945
2114,560,3483,591.965087890625,859.956298828125,270.63330078125,242.315673828125,0.30433292572314924
2115,560,19861,124.72085571289062,860.6240234375,229.40667724609375,177.86767578125,0.26146700749030477
2116,564,21771,157.74154663085938,798.4970703125,203.5235595703125,197.200439453125,0.3375035295119652
2117,564,33009,540.36181640625,819.976318359375,384.7294921875,228.0830078125,0.2986998512194707
2118,564,1900,150.15335083007812,247.2993927001953,203.65350341796875,174.83787536621094,0.2923543178118192
2119,564,16551,564.83251953125,93.60919189453125,327.2109375,496.27630615234375,0.2878375007556035
2120,565,5094,97.4774169921875,802.7083740234375,299.10406494140625,300.23828125,0.2997880486341623
2121,569,3743,480.4361572265625,148.85891723632812,341.3831787109375,334.0987548828125,0.2768296003341675
2122,569,12081,93.59173583984375,109.62451171875,261.0736083984375,433.11358642578125,0.27506970442258394
2123,569,2483,83.15032958984375,659.3023681640625,266.4044189453125,477.87646484375,0.2578880236699031
2124,571,1900,576.1432495117188,863.6949462890625,218.140869140625,151.94775390625,0.2896685554431035
2125,571,16551,519.2281494140625,38.789306640625,328.9853515625,479.37353515625,0.28096350339742804
2126,571,24850,118.83865356445312,136.42596435546875,191.26785278320312,288.59075927734375,0.2791506052017212
2127,571,21026,88.02043914794922,826.254150390625,190.85736846923828,187.552734375,0.27908957921541655
2128,572,16551,93.86878967285156,697.0545654296875,349.42564392089844,504.4022216796875,0.29118118377832264
2129,572,1900,185.8121337890625,264.900634765625,211.8538818359375,150.5428466796875,0.28794877804242647
2130,572,21026,680.1552734375,271.74578857421875,185.07470703125,179.9666748046875,0.27589341768851644
2131,572,24850,662.3409423828125,827.2984619140625,205.2939453125,304.7379150390625,0.2747583847779494
2132,573,1900,606.6396484375,899.72216796875,209.424072265625,143.9554443359375,0.290642289014963
2133,573,24850,131.6395263671875,139.77267456054688,198.148193359375,298.652099609375,0.28405100107192993
2134,573,21026,122.09460449218751,860.763671875,187.85452270507812,185.57666015625,0.2704654060877286
2135,573,16551,553.185791015625,51.1966552734375,334.45654296875,492.18426513671875,0.26137925111330473
2136,574,22627,82.482666015625,175.06365966796875,329.1891174316406,495.502685546875,0.3002647253183218
2137,574,3743,105.50456237792969,816.1668701171875,347.47291564941406,346.22802734375,0.2844187388053307
2138,574,13395,602.6851806640625,671.2828369140625,271.6094970703125,512.3499755859375,0.27403278992726254
2139,574,2483,647.999755859375,78.9036865234375,240.909423828125,486.41650390625,0.26323639429532564
2140,575,3743,483.00469970703125,109.7237548828125,340.8682861328125,337.00665283203125,0.29258631742917574
2141,575,22627,512.9244384765625,535.4063720703125,340.761962890625,502.646484375,0.28143456349006063
2142,575,13395,69.56491088867188,83.97210693359375,264.0135192871094,479.101318359375,0.2631923327079186
2143,576,22627,86.65791320800781,207.2139892578125,325.66477966308594,489.929931640625,0.3205644625883836
2144,576,3743,106.60319519042969,823.070068359375,353.12916564941406,359.6693115234375,0.282422464627486
2145,576,2483,634.852783203125,114.35797119140625,245.451416015625,472.83380126953125,0.27637720108032227
2146,576,13395,613.576171875,669.0443115234375,273.018310546875,527.3956298828125,0.2759285385792072
2147,577,19607,136.5762939453125,783.3868408203125,170.43771362304688,164.2142333984375,0.3500648416005648
2148,577,1900,131.98617553710938,240.70692443847656,201.10220336914062,166.01597595214844,0.2971510703747089
2149,577,33009,510.502685546875,781.8515625,386.4866943359375,230.38427734375,0.29264800823651826
2150,577,16551,523.48193359375,50.56523132324219,367.95703125,460.03443908691406,0.28888227847906256
2151,578,19607,653.84716796875,329.3306884765625,165.34130859375,158.12255859375,0.3473427891731262
2152,578,33009,86.6077880859375,239.45040893554688,373.002685546875,240.65496826171875,0.2936577338438768
2153,578,16551,46.40289306640625,715.42822265625,384.213134765625,471.6290283203125,0.2891304401250986
2154,578,1900,638.3589477539062,855.6175537109375,212.5406494140625,172.8837890625,0.28667580622893113
2155,579,19607,169.02935791015625,817.590087890625,169.26019287109375,163.3856201171875,0.32877188462477464
2156,579,33009,540.0289916992188,820.4486083984375,384.72021484375,228.062744140625,0.2991038102370042
2157,579,1900,149.3660888671875,250.06410217285156,206.63482666015625,167.80723571777344,0.29166003832450277
2158,579,16551,555.3511962890625,64.7171630859375,378.583740234375,464.82135009765625,0.2645996442207923
2159,58,34597,23.9453125,46.5533447265625,419.78497314453125,482.784423828125,0.31385669341454137
2160,58,3483,563.61083984375,824.9617919921875,275.49755859375,247.743896484375,0.29509801131028396
2161,58,35206,543.633544921875,77.72137451171875,295.4552001953125,394.36993408203125,0.28768725120104277
2162,58,34597,532.2697143554688,46.5533447265625,419.78497314453125,482.784423828125,0.2510853547316331
2163,581,16548,101.1419906616211,898.926025390625,251.99628448486328,250.835205078125,0.33931798659838164
2164,581,24850,635.5081787109375,205.46939086914062,193.0810546875,281.22442626953125,0.2988142233628493
2165,581,33009,87.2735595703125,237.1288299560547,373.307373046875,241.13587951660156,0.2934182377961966
2166,581,1900,639.804443359375,847.7540283203125,211.519775390625,182.42529296875,0.2827802300453186
2167,583,19552,443.77294921875,613.322509765625,378.9427490234375,534.529541015625,0.34691994006817156
2168,583,5094,535.156005859375,174.38174438476562,292.3553466796875,288.66900634765625,0.31004887360792893
2169,583,19552,153.2843017578125,613.322509765625,378.9427490234375,534.529541015625,0.2775359520545373
2170,583,19552,443.77294921875,132.14794921875,378.9427490234375,534.529541015625,0.2775359520545373
2171,584,19552,134.20376586914062,116.42002868652344,350.77008056640625,492.33790588378906,0.35686703828664923
2172,584,5094,99.37277221679688,807.364013671875,300.0426025390625,298.7000732421875,0.29365560183158285
2173,584,19552,491.0261535644532,116.42002868652344,350.7700805664062,492.33790588378906,0.28549363062931943
2174,584,19552,134.20376586914062,671.2420654296875,350.77008056640625,492.33790588378906,0.28549363062931943
2175,586,36637,635.1868896484375,167.5061492919922,188.447265625,256.50587463378906,0.3006515136131873
2176,586,3483,568.3232421875,806.4134521484375,293.2635498046875,202.6500244140625,0.2954962391119737
2177,586,28763,141.9727020263672,191.1234893798828,220.37965393066406,211.74034118652344,0.2932209693468534
2178,586,25469,44.7991943359375,772.5379638671875,362.94195556640625,327.5360107421875,0.25442873056118304
2179,587,36637,123.96444702148438,827.1578369140625,194.527099609375,271.53076171875,0.3166723480591407
2180,587,28763,604.0003662109375,853.396728515625,235.231689453125,226.8841552734375,0.30252021092634934
2181,587,3483,121.47048950195312,267.12567138671875,284.13677978515625,200.19683837890625,0.29278067442087025
2182,587,25469,561.12060546875,171.15457153320312,346.2939453125,312.9544677734375,0.26317039361366856
2183,588,36637,666.8057861328125,172.44662475585938,187.5673828125,260.7620849609375,0.29013899656442493
2184,588,28763,161.46905517578125,198.61187744140625,225.81646728515625,216.56536865234375,0.28480811760975766
2185,588,3483,593.43994140625,836.19580078125,292.7535400390625,202.7855224609375,0.28190837456629825
2186,589,25367,15.96881103515625,107.15130615234375,361.4559326171875,499.53582763671875,0.31973034143447876
2187,589,3483,592.0425415039062,859.504150390625,270.3760986328125,242.939697265625,0.3036919694680434
2188,589,16262,632.735107421875,167.03997802734375,255.9378662109375,248.9932861328125,0.2922526689676138
2189,589,19861,124.89080810546874,860.180908203125,229.11288452148438,178.283203125,0.2586839749262883
2190,591,25367,619.5482177734375,635.9256591796875,356.4517822265625,526.2882080078125,0.3230318885583144
2191,591,3483,141.3641357421875,212.11782836914062,264.15234375,234.2021484375,0.31318199176054734
2192,591,16262,93.57891845703125,842.754638671875,259.57708740234375,257.7486572265625,0.28943112263312704
2193,591,25367,0.0,635.9256591796875,356.4517822265625,526.2882080078125,0.25842551084665155
2194,592,3483,142.28033447265625,210.79161071777344,264.45361328125,234.67591857910156,0.31107407349806565
2195,592,28763,644.63232421875,896.1519775390625,229.38232421875,225.2149658203125,0.3045939023678119
2196,592,29667,116.4344711303711,837.3197021484375,238.25104522705078,240.0321044921875,0.29312037504636324
2197,593,28763,110.89801788330078,153.06573486328125,218.29161834716797,209.50518798828125,0.29771201885663545
2198,593,3483,560.4962158203125,826.3455810546875,276.685546875,248.68310546875,0.2961116570692796
2199,593,29667,602.1044921875,184.47618103027344,232.677734375,229.46754455566406,0.28921542259363026
2200,594,29667,632.0404052734375,192.76263427734375,233.55908203125,229.90594482421875,0.31140666741591233
2201,594,28763,125.82830810546876,154.53018188476562,226.925048828125,221.09735107421875,0.3112067167575543
2202,594,3483,589.271728515625,860.099609375,272.210693359375,244.26123046875,0.3036328462453989
2203,594,19861,122.2017822265625,860.0904541015625,230.6134033203125,178.224609375,0.25644763157917905
2204,595,3351,379.3027081489563,850.9767913818359,218.5749077796936,219.76821899414062,0.4217223937694843
2205,596,16232,76.23587036132812,728.7431640625,206.14703369140625,205.313720703125,0.2708904789044307
2206,596,3351,342.63720703125,152.35055541992188,198.3363037109375,204.87155151367188,0.2618955878111032
2207,598,3351,383.8993663787842,860.8832550048828,210.4462652206421,217.3503875732422,0.44519273134378284
2208,598,33880,534.2180786132812,187.1011962890625,319.91650390625,432.757568359375,0.3075337868470412
2209,598,36637,163.44711303710938,330.75848388671875,202.66351318359375,262.33489990234375,0.28391702817036557
2210,60,3483,140.82241821289062,211.90744018554688,265.321044921875,235.18927001953125,0.31283575754899245
2211,60,34597,531.8267822265625,683.6728515625,436.843994140625,518.0804443359375,0.29902247282174915
2212,60,35206,102.72805786132812,760.9930419921875,314.0855712890625,410.653076171875,0.2634554413648752
2213,60,3483,569.8565368652344,211.90744018554688,265.321044921875,235.18927001953125,0.250268606039194
2214,600,3351,382.5985927581787,211.0322380065918,209.01937007904053,211.72582626342773,0.4824087711480948
2215,600,33880,112.63905334472656,679.9847412109375,313.23753356933594,444.0517578125,0.3153704679929293
2216,600,36637,608.4859619140625,716.5180053710938,212.301025390625,272.4302978515625,0.26398555590556216
2217,600,33880,550.1234130859375,679.9847412109375,313.23753356933594,444.0517578125,0.25229637439434344
2218,601,27733,550.6197509765625,250.2293701171875,319.595703125,282.4720458984375,0.3118653710071857
2219,601,3483,120.82806396484375,302.99603271484375,278.80548095703125,210.98876953125,0.30985859724191517
2220,601,16262,145.38241577148438,792.9696044921875,265.8348388671875,259.6273193359375,0.29919759585307193
2221,601,31885,487.05377197265625,620.712158203125,468.021484375,515.5166015625,0.29632838872762823
2222,602,3483,569.4482421875,752.7069091796875,289.0550537109375,215.16796875,0.31151413917541504
2223,602,27733,82.44830322265625,712.9205932617188,328.19720458984375,302.3447265625,0.297816670857943
2224,602,31885,30.254013061523438,98.51422119140625,461.33815002441406,495.22247314453125,0.29668363241048956
2225,602,16262,547.133056640625,204.60055541992188,260.5758056640625,254.25946044921875,0.2837590758617108
2226,603,3483,598.9492797851562,785.3262939453125,284.7557373046875,212.070068359375,0.30596579496677107
2227,603,27733,118.74237060546875,757.91748046875,320.56787109375,298.9317626953125,0.2940645355444688
2228,603,16262,577.6544189453125,213.97360229492188,261.650390625,254.08001708984375,0.292230867422544
2229,603,31885,40.10247802734375,121.08331298828125,465.0057373046875,495.11376953125,0.2870494585770827
2230,605,28763,140.98388671875,241.71604919433594,228.97021484375,214.31654357910156,0.30071075146014875
2231,605,3483,583.2135009765625,833.24169921875,294.5205078125,185.6171875,0.2999040713677039
2232,605,36637,635.5445556640625,205.6966552734375,202.7177734375,256.55401611328125,0.28758631302760196
2233,608,33880,46.31591796875,604.641357421875,317.9136962890625,451.7969970703125,0.3291683242871211
2234,608,29667,576.65576171875,714.2669677734375,249.2149658203125,247.6500244140625,0.31044783500524664
2235,608,3351,331.2205810546875,180.93551635742188,205.30712890625,211.34686279296875,0.26754608521094686
2236,608,33880,46.31591796875,223.5616455078125,317.9136962890625,451.7969970703125,0.2633346594296969
2237,610,16232,613.6561889648438,212.8279266357422,199.574462890625,196.30482482910156,0.3088104266386766
2238,610,34597,0.0,98.6014404296875,404.27996826171875,465.3006591796875,0.3045265720440791
2239,610,3483,549.710205078125,796.2491455078125,301.2900390625,195.82568359375,0.2952000957268935
2240,611,16232,138.85153198242188,841.2703857421875,205.47564697265625,200.496826171875,0.3230531399066631
2241,611,34597,570.091796875,645.5919189453125,405.908203125,494.2254638671875,0.30984995456842274
2242,611,3483,129.7974853515625,278.259033203125,285.58453369140625,191.43994140625,0.29768810822413516
2243,611,16232,631.6728210449219,841.2703857421875,205.47564697265625,200.496826171875,0.2584425119253305
2244,612,16232,644.2288818359375,224.20863342285156,199.7032470703125,191.80833435058594,0.3152295488577623
2245,612,34597,0.0,124.66094970703125,429.3843994140625,471.00958251953125,0.30027786126503575
2246,612,3483,582.197021484375,833.9224853515625,292.792236328125,185.8076171875,0.2976834774017334
2247,612,16232,132.06787109375,224.20863342285156,199.7032470703125,191.80833435058594,0.25218363908620983
2248,614,19232,149.9958953857422,645.602783203125,279.74391174316406,372.6705322265625,0.34026281191752505
2249,614,22074,627.7046508789062,721.8128662109375,202.0556640625,202.80517578125,0.2872644937955416
2250,614,19232,149.9958953857422,261.7266845703125,279.74391174316406,372.6705322265625,0.27221024953402007
2251,614,19232,546.2601928710938,645.602783203125,279.74391174316406,372.6705322265625,0.27221024953402007
2252,615,3351,386.6958260536194,203.7683868408203,201.24465894699097,203.32374572753906,0.48128517774435187
2253,615,19232,190.21246337890625,743.8311767578125,281.6859130859375,375.6229248046875,0.3225574126610389
2254,615,22074,669.5000610351562,817.1605224609375,194.9874267578125,195.8934326171875,0.29440696422870344
2255,615,19232,504.1016235351562,743.8311767578125,281.68591308593756,375.6229248046875,0.25804593012883115
2256,616,16232,140.727783203125,894.3236083984375,205.3818359375,198.929443359375,0.31793333016909087
2257,616,3483,140.87448120117188,211.93739318847656,264.664306640625,234.46153259277344,0.3150495428305406
2258,616,28763,622.3363037109375,883.7015380859375,232.436279296875,224.217529296875,0.3063198924064636
2259,616,16232,629.890380859375,894.3236083984375,205.3818359375,198.929443359375,0.2543466641352727
2260,617,16232,644.01611328125,169.5975341796875,194.379638671875,195.8131103515625,0.3135395050048828
2261,617,3483,592.4560546875,859.8671875,270.931396484375,243.2115478515625,0.3041509481576773
2262,617,28763,145.23724365234375,169.89242553710938,225.81610107421875,216.71759033203125,0.3004229527253371
2263,617,19861,124.73760986328125,860.4383544921875,229.55398559570312,178.29052734375,0.26493608951568604
2264,618,16232,613.2587280273438,165.4033203125,192.64892578125,193.06976318359375,0.31350459043796247
2265,618,28763,129.4036865234375,164.08935546875,221.947265625,212.88787841796875,0.2942197597943819
2266,618,3483,563.8770751953125,824.9173583984375,275.2724609375,248.06396484375,0.29412890856082624
2267,618,16232,170.09234619140625,165.4033203125,192.64892578125,193.06976318359375,0.25080367235037
2268,62,18147,83.27066040039062,543.1243896484375,305.1855163574219,435.116943359375,0.31449327102074254
2269,62,36637,521.0452880859375,639.242919921875,237.794677734375,273.6982421875,0.27084547739762527
2270,62,3351,318.7386474609375,145.71585083007812,200.36517333984375,211.13653564453125,0.2646453105486356
2271,62,18147,83.27066040039062,301.7586669921875,305.1855163574219,435.116943359375,0.25159461681659406
2272,620,5094,509.08410644531256,137.95057678222656,289.72900390624994,289.39463806152344,0.30460300353857184
2273,620,23223,527.807373046875,627.77294921875,330.907958984375,534.764892578125,0.298216870197883
2274,620,22362,75.38668823242188,75.56640625,269.5729064941406,398.87957763671875,0.27719802581346953
2275,621,5094,127.22372436523438,840.4217529296875,293.8880615234375,290.970703125,0.31216137684308565
2276,621,23223,83.443115234375,48.114990234375,327.48291015625,532.0833740234375,0.30811341909261847
2277,621,2483,623.224609375,80.40576171875,245.06591796875,487.337646484375,0.2674036530347971
2278,621,22362,591.467529296875,780.1065673828125,282.849853515625,418.537109375,0.2511920149509723
2279,622,3351,383.582142829895,877.8047180175781,209.72897815704346,216.21322631835938,0.46059062847724325
2280,622,41768,124.62051391601562,285.5057373046875,265.29913330078125,313.88153076171875,0.2628882343952472
2281,623,22074,122.59402465820314,742.2044677734375,198.31112670898438,202.615966796875,0.2794378995895386
2282,623,41768,538.90234375,611.029541015625,286.9468994140625,338.3170166015625,0.27079084744820225
2283,623,3351,344.60687255859375,140.16900634765625,198.995849609375,210.3551025390625,0.2625115101154034
2284,624,3351,388.21335649490356,200.34320831298828,199.13863897323608,204.08832550048828,0.4712245556024405
2285,624,22074,165.55279541015625,834.0126953125,198.1124267578125,194.873291015625,0.27779812996204084
2286,625,3483,120.52824401855469,302.9892578125,279.14772033691406,210.96484375,0.3095929210002606
2287,625,27733,549.8673095703125,249.10874938964844,320.5284423828125,286.14051818847656,0.30769407749176025
2288,625,16262,145.48085021972656,793.2076416015625,265.97972106933594,259.74609375,0.2992733625265268
2289,625,30308,482.6834716796875,679.81982421875,441.9876708984375,428.537841796875,0.26838385141812837
2290,627,3483,569.7371826171875,752.7861328125,288.720947265625,215.855224609375,0.3120296047284053
2291,627,30308,59.61474609375,126.63214111328125,435.37091064453125,421.8199462890625,0.2974253205152658
2292,627,27733,82.7440185546875,713.801025390625,327.59759521484375,301.563232421875,0.29696191732700056
2293,627,16262,548.4583740234375,204.79367065429688,259.2080078125,253.12725830078125,0.2872812747955322
2294,628,22347,672.322509765625,846.7823486328125,222.3082275390625,216.7763671875,0.333215594291687
2295,628,16232,137.3712158203125,885.2916259765625,205.9744873046875,202.0108642578125,0.32065444267713106
2296,628,3483,121.14572143554688,302.45721435546875,280.21295166015625,210.1297607421875,0.3079346510080191
2297,628,27733,548.088134765625,248.6787109375,323.0299072265625,286.234130859375,0.3034510062291072
2298,632,23223,481.04638671875,590.6937255859375,340.0518798828125,535.2528076171875,0.3166253979389484
2299,632,25438,537.4827880859375,163.0361328125,269.3389892578125,279.970703125,0.2914900046128493
2300,632,23223,154.9017333984375,590.6937255859375,340.05187988281244,535.2528076171875,0.25330031835115874
2301,632,23223,481.04638671875,154.053466796875,340.0518798828125,535.2528076171875,0.25330031835115874
2302,633,23223,131.014892578125,129.56060791015625,324.144287109375,509.29766845703125,0.323640199807974
2303,633,2483,627.2681884765625,103.03759765625,242.281982421875,463.78460693359375,0.2762454060407785
2304,633,25438,121.22357177734375,834.8612060546875,278.40325927734375,284.235107421875,0.26348788004655105
2305,633,23223,520.8408203125,129.56060791015625,324.144287109375,509.29766845703125,0.2589121598463792
2306,635,33878,607.760498046875,786.5326538085938,181.5556640625,232.374267578125,0.3694763550391564
2307,635,16548,63.79692840576172,747.9317016601562,252.09540557861328,243.1495361328125,0.31703595931713396
2308,635,4543,606.7703857421875,147.5377197265625,212.4344482421875,209.3314208984375,0.29792680190159726
2309,635,33878,186.683837890625,786.5326538085938,181.5556640625,232.374267578125,0.2955810840313251
2310,636,33878,188.60177612304688,253.65798950195312,174.22674560546875,223.48272705078125,0.3697573221646822
2311,636,16548,646.2303466796875,273.91217041015625,244.068359375,234.38653564453125,0.3270351428252
2312,636,4543,129.688232421875,899.161376953125,220.01486206054688,222.06787109375,0.3215327858924866
2313,636,33878,613.1714782714844,253.65798950195312,174.22674560546875,223.48272705078125,0.2958058577317458
2314,637,2483,582.2694091796875,106.75628662109375,301.52587890625,455.93048095703125,0.29437596981342024
2315,637,3743,62.0450439453125,800.4461669921875,358.43145751953125,353.001220703125,0.2737585397867056
2316,638,3743,63.42095947265625,792.2821044921875,350.2343444824219,342.662353515625,0.2799348189280583
2317,638,2483,590.2275390625,63.55010986328125,297.137939453125,486.3416748046875,0.27226404501841617
2318,64,3351,384.5929183959961,876.7341613769531,207.9589719772339,214.63233947753906,0.4601124616769644
2319,64,20014,580.8458862304688,254.23199462890625,356.105224609375,346.45196533203125,0.3124858553592975
2320,64,29667,151.2156982421875,271.76416015625,236.1959228515625,237.25262451171875,0.3053655303441561
2321,640,3351,385.0347800254822,909.1545104980469,208.97390699386597,213.09669494628906,0.46418763124025786
2322,640,3832,472.53857421875,270.4664306640625,415.4000244140625,376.14727783203125,0.3529324439855722
2323,640,3832,472.53857421875,633.3862915039062,415.4000244140625,376.14727783203125,0.2823459551884578
2324,640,3832,88.0614013671875,270.4664306640625,415.4000244140625,376.14727783203125,0.2823459551884578
2325,641,3832,27.359710693359375,563.1121826171875,423.49639892578125,377.485107421875,0.3431821327943068
2326,641,20238,611.06494140625,699.560546875,244.5775146484375,245.050048828125,0.3032440405625563
2327,641,3832,27.359710693359375,339.4027099609375,423.49639892578125,377.485107421875,0.2745457062354455
2328,641,3832,525.1438903808594,563.1121826171875,423.49639892578125,377.485107421875,0.2745457062354455
2329,644,3743,468.376708984375,104.0421142578125,341.7374267578125,335.18890380859375,0.28781668497965884
2330,644,13395,56.018341064453125,85.386474609375,268.57220458984375,481.4349365234375,0.2695941466551561
2331,644,6192,471.9226989746094,600.851318359375,334.1789855957031,563.29052734375,0.2687599567266611
2332,646,36637,122.20556640625001,824.3870849609375,209.03085327148438,269.0072021484375,0.30512628646997303
2333,646,3483,166.78094482421875,271.42578125,277.377685546875,227.34375,0.29452365178328294
2334,646,34597,368.2221984863281,599.12841796875,497.1955261230469,501.543212890625,0.2873483987954947
2335,646,27777,630.8267822265625,288.98162841796875,185.564453125,204.9984130859375,0.28495006836377657
2336,647,34597,125.80462646484376,158.56883239746094,504.69183349609375,498.15174865722656,0.2970763123952425
2337,647,3483,553.79541015625,803.7884521484375,281.322265625,229.875732421875,0.2968173989882836
2338,647,27777,171.8115692138672,811.7592163085938,189.11585998535156,209.172119140625,0.29470434555640584
2339,647,36637,656.3184814453125,176.55181884765625,200.364990234375,262.5618896484375,0.27919060908831084
2340,648,36637,627.098876953125,174.16259765625,197.1083984375,255.42877197265625,0.29508313307395345
2341,648,27777,138.43997192382812,772.978759765625,192.02633666992188,213.005126953125,0.28687726992827195
2342,648,34597,112.6353759765625,132.24058532714844,487.64111328125,492.03407287597656,0.28625206305430484
2343,648,3483,523.8411865234375,765.6417846679688,286.11328125,237.6661376953125,0.28499215841293335
2344,65,20014,0.0,622.7130126953125,352.0448913574219,366.25244140625,0.34073657714403593
2345,65,29667,544.1851806640625,720.163330078125,250.7921142578125,246.790283203125,0.30802431014867926
2346,65,20014,0.0,291.0345458984375,352.0448913574219,366.25244140625,0.27258926171522874
2347,65,20014,623.9551086425781,622.7130126953125,352.0448913574219,366.25244140625,0.27258926171522874
2348,650,3351,387.43280506134033,169.87783432006836,194.91173553466797,203.58057022094727,0.4643270602593055
2349,650,36637,549.4508056640625,810.7142333984375,288.847900390625,190.53857421875,0.29504913550156814
2350,650,32310,0.0,690.541748046875,315.99407958984375,337.2093505859375,0.25120879595096296
2351,652,24850,115.7557373046875,830.8341064453125,307.9195556640625,193.293701171875,0.30322388960764957
2352,652,16551,538.3428344726562,52.28350830078125,321.7869873046875,488.6715087890625,0.29723671766427845
2353,652,1900,123.42132568359374,255.07781982421875,205.07479858398438,157.19757080078125,0.29222779549085176
2354,652,31705,573.42822265625,689.6728515625,286.935546875,465.1951904296875,0.28848379850387573
2355,653,24850,539.1080932617188,258.0875244140625,302.6572265625,182.8426513671875,0.30856022467980015
2356,653,31705,120.36968994140625,127.04045104980469,271.91827392578125,429.41334533691406,0.3085203583423908
2357,653,1900,641.8494873046875,851.4217529296875,216.9208984375,167.564697265625,0.2950308643854581
2358,653,16551,84.68638610839844,683.6680908203125,333.62330627441406,510.552734375,0.2873739141684312
2359,654,31705,601.8115234375,730.946533203125,285.1175537109375,455.49755859375,0.29778645588801456
2360,654,24850,149.53717041015625,865.4388427734375,303.3231201171875,191.762939453125,0.29750111011358404
2361,654,1900,137.76394653320312,262.7073974609375,214.22366333007812,160.748046875,0.2955681544083815
2362,654,16551,565.1986083984375,61.08277893066406,330.40625,496.69578552246094,0.29174593778756946
2363,656,6563,176.94708251953125,703.318359375,249.07574462890625,375.565185546875,0.3118561552121089
2364,656,3544,146.72596740722656,181.6748809814453,217.69737243652344,215.28123474121094,0.29185370757029605
2365,656,33878,624.3929443359375,841.578369140625,228.3843994140625,154.858642578125,0.2860507139792809
2366,656,16551,526.1357421875,165.8448944091797,431.60888671875,426.78480529785156,0.26488891014685995
2367,658,29451,484.5592041015625,816.4595947265625,407.5306396484375,282.5992431640625,0.31670093536376953
2368,658,16551,610.2667846679688,14.655426025390625,313.8511962890625,488.50958251953125,0.2910433594997113
2369,658,1900,164.247314453125,244.2064208984375,188.099609375,187.94891357421875,0.2873659133911133
2370,658,29451,83.91015625,816.4595947265625,407.5306396484375,282.5992431640625,0.2533607482910156
2371,659,29451,454.86468505859375,775.646728515625,412.1810302734375,293.7548828125,0.3193483902857854
2372,659,1900,145.45101928710938,232.00831604003906,188.05853271484375,190.60801696777344,0.2910696313931392
2373,659,16551,582.4584350585938,3.992462158203125,310.085693359375,481.97772216796875,0.2856568877513592
2374,659,29451,108.95428466796875,775.646728515625,412.1810302734375,293.7548828125,0.2554787122286283
2375,66,3351,387.4487156867981,203.71192932128906,200.41951704025269,203.1725311279297,0.478898653617272
2376,66,20014,25.19158935546875,711.5640869140625,364.51300048828125,355.4544677734375,0.3298328473017766
2377,66,29667,588.1995849609375,812.6265869140625,241.9654541015625,237.83203125,0.31236692116810727
2378,66,20014,586.29541015625,711.5640869140625,364.51300048828125,355.4544677734375,0.26386627784142125
2379,660,29451,112.0028076171875,207.45640563964844,399.78167724609375,283.76222229003906,0.32304112727825457
2380,660,16551,53.21185302734375,737.72412109375,320.86712646484375,517.92724609375,0.2882136289889996
2381,660,1900,638.6585083007812,837.892822265625,195.4234619140625,200.49169921875,0.2867503578846271
2382,660,29451,464.21551513671875,207.45640563964844,399.78167724609375,283.76222229003906,0.25843290182260364
2383,661,3351,382.2496643066406,866.3006591796875,208.02197456359863,214.7246551513672,0.4533536159075223
2384,661,31863,171.87136840820312,297.6143798828125,219.2164306640625,218.4669189453125,0.30128068648851836
2385,661,16232,684.3951416015625,289.43890380859375,198.200439453125,195.8858642578125,0.2646758693915147
2386,662,3351,383.6454653739929,151.27192497253418,203.3094916343689,209.5915699005127,0.47775346499222976
2387,662,31863,543.099853515625,718.512939453125,228.942626953125,227.4945068359375,0.32984671684411854
2388,662,16232,37.643463134765625,741.3843994140625,205.27102661132812,198.681640625,0.2929460543852586
2389,662,31863,203.95751953125,718.512939453125,228.942626953125,227.4945068359375,0.26387737347529483
2390,664,3483,131.35653686523438,282.823486328125,227.2677001953125,271.51019287109375,0.3092642930837778
2391,664,20877,537.1041259765625,285.05169677734375,340.6009521484375,251.97314453125,0.30556742961590105
2392,664,36637,157.49737548828125,795.9412841796875,209.08551025390625,268.11474609375,0.3023849083827092
2393,664,28763,621.2071533203125,868.71484375,233.30615234375,225.185546875,0.30183037886252767
2394,665,20877,83.7828369140625,721.1123046875,347.85791015625,252.16796875,0.3280511498451233
2395,665,36637,593.8601684570312,199.7283477783203,199.662353515625,256.44371032714844,0.29806013290698713
2396,665,3483,611.1168212890625,705.6966552734375,229.341796875,285.740234375,0.29169318767694324
2397,665,28763,129.4310302734375,179.31285095214844,219.50347900390625,209.37391662597656,0.28874486684799194
2398,667,22627,11.09722900390625,111.86569213867188,499.52246093749994,341.58251953125,0.2988738967822148
2399,667,2483,562.2669677734375,100.68017578125,308.3828125,480.22998046875,0.28875953876055205
2400,667,25438,111.09255981445312,808.737060546875,276.72283935546875,276.5482177734375,0.28505394091972935
2401,668,25438,542.6619873046875,178.58737182617188,272.3466796875,277.11956787109375,0.29229718905228835
2402,668,12081,50.141197204589844,113.91583251953125,255.75281524658203,435.38250732421875,0.27449318995842564
2403,668,2483,55.699554443359375,634.4757080078125,311.3458251953125,470.0723876953125,0.272186490205618
2404,670,22347,677.459228515625,840.8232421875,221.46484375,217.567626953125,0.311088516161992
2405,670,35206,127.129150390625,720.502685546875,265.5880126953125,423.86474609375,0.31090855598449707
2406,670,3483,120.89236450195312,268.0015869140625,283.2978515625,199.5194091796875,0.2938502568465013
2407,670,25469,560.1767578125,171.32066345214844,347.3046875,312.89344787597656,0.2566515253140376
2408,672,35206,595.1280517578125,111.10125732421875,256.36962890625,418.38043212890625,0.31946381697287923
2409,672,22347,102.05083465576172,217.40841674804688,216.50653839111328,209.363037109375,0.3178961689655597
2410,672,3483,594.8011474609375,836.5814208984375,291.494873046875,202.400390625,0.2805180045274588
2411,672,35206,124.50231933593749,111.10125732421875,256.36962890625,418.38043212890625,0.2555710535783034
2412,674,16548,148.3642120361328,880.568359375,257.42478942871094,256.0316162109375,0.33050475212243885
2413,674,1900,627.49853515625,887.5665283203125,219.084716796875,146.4483642578125,0.2784238870327289
2414,674,27926,584.0103759765625,154.38067626953125,285.09716796875,461.43878173828125,0.2741149067878723
2415,674,44199,133.0282440185547,279.44293212890625,293.29505920410156,174.8311767578125,0.27187507886153
2416,675,16548,556.979736328125,125.57223510742188,244.751953125,240.9271240234375,0.30754295679239124
2417,675,1900,135.546142578125,235.77191162109375,208.1756591796875,138.53875732421875,0.2875751027694115
2418,675,44199,542.4278564453125,817.824462890625,304.161376953125,174.794189453125,0.27995824813842773
2419,675,27926,86.82574462890625,609.90869140625,294.7251281738281,494.057373046875,0.26827064844278187
2420,677,1900,137.50250244140625,236.06333923339844,207.91876220703125,138.42933654785156,0.28763502836227417
2421,677,27926,539.677978515625,621.1771240234375,301.384033203125,494.54052734375,0.27269739371079665
2422,677,16551,596.945556640625,5.28814697265625,325.419921875,477.19921875,0.2692309021949768
2423,679,5094,96.6248779296875,801.268798828125,298.2911376953125,300.384521484375,0.2835023861664992
2424,679,2483,587.742919921875,91.5435791015625,252.14501953125,468.3021240234375,0.2776034061725323
2425,679,4378,569.2430419921875,699.9376220703125,267.0439453125,467.5250244140625,0.275936287183028
2426,679,22627,133.02960205078125,158.6434326171875,343.14404296875,484.449462890625,0.2719894280800452
2427,68,16232,149.88592529296875,822.29833984375,200.47674560546875,198.290283203125,0.3264317833460294
2428,68,3483,165.97799682617188,272.4295654296875,277.2022705078125,225.390380859375,0.2917899306003864
2429,68,27777,630.5475463867188,288.61431884765625,183.681640625,204.96124267578125,0.2790228220132681
2430,68,30308,495.7272033691407,746.2115478515625,467.7118835449218,420.4266357421875,0.26550182929405797
2431,680,4378,125.15994262695314,111.10174560546875,240.24114990234375,436.379638671875,0.33220093983870286
2432,680,5094,538.023193359375,178.20745849609375,291.514404296875,293.069580078125,0.2963133958669809
2433,680,22627,452.3562927246094,580.98046875,371.2705383300781,510.301513671875,0.2813854355078477
2434,680,4378,610.5989074707031,111.10174560546875,240.24114990234375,436.379638671875,0.26576075187096226
2435,681,4378,563.362060546875,698.67236328125,257.9296875,461.64013671875,0.3056721962415255
2436,681,22627,126.89434814453126,118.42042541503906,351.15789794921875,497.44969177246094,0.2829482922187218
2437,681,5094,96.41561889648438,792.390869140625,293.6922912597656,291.042236328125,0.2750310760277968
2438,681,2483,592.80859375,46.90678405761719,257.8800048828125,495.07704162597656,0.2728493855549739
2439,684,29345,562.4135131835938,706.2305908203125,332.5748291015625,446.65185546875,0.3047472926286551
2440,684,16551,511.11981201171875,68.68768310546875,391.4273681640625,468.06500244140625,0.2886366156431345
2441,684,1900,174.72662353515625,264.04205322265625,143.35546875,205.9979248046875,0.2845420057956989
2442,685,6192,78.27853393554688,15.1072998046875,331.3028564453125,526.5428466796875,0.31605626528079694
2443,685,2483,562.468017578125,102.00544738769531,307.3369140625,480.85545349121094,0.2842611762193533
2444,685,25438,106.62957763671875,809.6871337890625,276.4238586425781,273.576171875,0.2784831707294171
2445,685,6192,566.4186096191406,15.1072998046875,331.3028564453125,526.5428466796875,0.2528450122246375
2446,688,3483,570.3446044921875,752.5115966796875,287.8778076171875,215.580322265625,0.31194145862872785
2447,688,27733,82.61578369140625,713.229248046875,328.42694091796875,302.2919921875,0.29434855167682356
2448,688,20238,605.3411865234375,177.42733764648438,233.06689453125,229.71551513671875,0.2911270581758939
2449,688,34597,91.82768249511719,159.98529052734375,490.98487854003906,463.99334716796875,0.28115272521972656
2450,692,22347,651.7557373046875,829.3670654296875,220.830322265625,217.717041015625,0.33885630277486944
2451,692,35206,92.84100341796875,685.4503173828125,224.07843017578125,420.483642578125,0.3069910177817711
2452,692,3483,130.01434326171875,278.0174560546875,284.63543701171875,191.7904052734375,0.30065527329078084
2453,692,22347,103.4139404296875,829.3670654296875,220.830322265625,217.717041015625,0.2710850422198956
2454,694,3351,385.61500883102417,840.0205230712891,206.97469472885132,212.57720947265625,0.4644321478330172
2455,694,19232,487.22735595703125,224.46359252929688,345.411376953125,285.65789794921875,0.3263810506233802
2456,694,19232,487.22735595703125,769.8785095214844,345.411376953125,285.65789794921875,0.2611048404987042
2457,694,19232,143.36126708984375,224.46359252929688,345.411376953125,285.65789794921875,0.2611048404987042
2458,697,3351,382.3790144920349,842.9662322998047,213.53877305984497,216.1717987060547,0.43396156567793626
2459,697,38162,137.13372802734375,251.816650390625,236.22869873046875,284.264892578125,0.34987362531515265
2460,697,18357,585.37158203125,198.01959228515625,269.4482421875,352.33526611328125,0.29342440458444446
2461,697,38162,602.6375732421875,251.816650390625,236.22869873046875,284.264892578125,0.27989890025212216
2462,698,38162,561.8248291015625,668.4130859375,254.0404052734375,298.582275390625,0.3584395234401409
2463,698,18357,62.07861328125001,624.178955078125,280.42681884765625,384.962890625,0.29168814420700073
2464,698,38162,561.8248291015625,313.004638671875,254.0404052734375,298.582275390625,0.28675161875211275
2465,698,38162,160.134765625,668.4130859375,254.0404052734375,298.582275390625,0.28675161875211275
2466,70,29451,42.607818603515625,215.80746459960938,415.590087890625,262.67828369140625,0.3092536559471717
2467,70,24850,635.5076904296875,254.2869873046875,203.8648681640625,276.95062255859375,0.3070420485276442
2468,70,1900,628.438720703125,892.7840576171875,216.138671875,164.973388671875,0.28677846376712507
2469,70,16551,43.9940185546875,704.7012939453125,319.465576171875,509.187255859375,0.2860201092866751
2470,700,30308,57.36528015136719,114.13679504394531,422.41432189941406,432.81333923339844,0.3343489307623643
2471,700,16232,612.84423828125,166.2164306640625,192.70751953125,192.802734375,0.31396223948552054
2472,700,3483,563.7177734375,824.90771484375,275.7388916015625,248.622314453125,0.2963652289830721
2473,700,30308,496.2203979492188,114.13679504394531,422.414321899414,432.81333923339844,0.2674791446098914
2474,701,30308,75.93182373046875,125.78485107421875,429.33874511718744,452.421630859375,0.33754417529472935
2475,701,16232,643.7979736328125,169.5594024658203,194.7308349609375,196.42991638183594,0.3037307124871474
2476,701,3483,591.4713134765625,859.8629150390625,272.2392578125,242.61279296875,0.3029940678523137
2477,701,30308,470.72943115234375,125.78485107421875,429.3387451171875,452.421630859375,0.2700353402357835
2478,702,30308,489.8910217285156,672.8963623046875,438.7775573730469,463.6943359375,0.3201620166118328
2479,702,16232,141.527099609375,894.120849609375,205.70040893554688,199.71875,0.31832871528772205
2480,702,3483,140.9163818359375,212.3326416015625,264.6065673828125,234.1822509765625,0.3144547801751357
2481,702,30308,47.3314208984375,672.8963623046875,438.7775573730469,463.6943359375,0.25612961328946626
2482,705,22347,117.90001678466797,192.07632446289062,215.48120880126953,211.5084228515625,0.31541993984809286
2483,705,29667,632.3819580078125,198.7628173828125,234.2611083984375,228.67095947265625,0.30412458456479585
2484,705,3483,583.4381103515625,862.169921875,274.237060546875,248.1236572265625,0.3015542718080374
2485,705,19861,118.42889404296875,861.3389892578125,228.08392333984375,179.39892578125,0.2566002423946674
2486,706,5094,99.24664306640625,807.4716796875,299.42669677734375,298.803466796875,0.2890618947836069
2487,706,2483,587.1439208984375,83.58624267578125,277.9599609375,468.676513671875,0.2856854062813979
2488,707,5094,535.8033447265625,174.68035888671875,291.579833984375,287.7574462890625,0.3067530347750737
2489,707,2483,53.69866943359375,684.02099609375,260.1563720703125,484.341064453125,0.26277833260022676
2490,708,5094,99.56521606445312,798.6246337890625,292.7626647949219,290.07958984375,0.3018718957901001
2491,708,2483,599.4354248046875,36.9014892578125,270.096923828125,490.96600341796875,0.268027874139639
2492,708,12778,58.467742919921875,69.4078369140625,355.9056701660156,516.6295166015625,0.25302433050595796
2493,710,3483,569.274658203125,752.8424072265625,289.5771484375,215.3291015625,0.311717322239509
2494,710,28763,155.40103149414062,226.5923309326172,224.0,213.21180725097656,0.3002018653429471
2495,710,27733,82.28634643554688,714.209228515625,328.6397705078125,301.7686767578125,0.298079252243042
2496,710,16262,552.82080078125,206.95187377929688,254.854736328125,247.62908935546875,0.2739962706199059
2497,712,5094,124.28524780273438,833.783203125,301.06817626953125,301.6123046875,0.29843502319776094
2498,712,13395,616.60302734375,670.0499267578125,275.18896484375,525.4100341796875,0.29194598014538103
2499,712,2483,602.2633056640625,105.36822509765625,254.5023193359375,463.795654296875,0.2698835042806772
2500,713,5094,511.83435058593744,147.579833984375,289.32910156250006,292.29327392578125,0.30349894211842465
2501,713,13395,65.9071044921875,83.9468994140625,263.10272216796875,480.711669921875,0.25563528904548055
2502,714,5094,124.04681396484374,826.655517578125,295.93829345703125,291.2691650390625,0.29855762536709124
2503,714,2483,613.9315185546875,62.30517578125,249.048583984375,494.8597412109375,0.26960521936416626
2504,714,13395,606.8682861328125,670.7581787109375,273.3162841796875,511.3671875,0.2665110505544222
2505,716,19552,88.315185546875,140.9215545654297,341.2828369140625,494.08705139160156,0.3625479799050551
2506,716,19552,546.4019775390625,140.9215545654297,341.2828369140625,494.08705139160156,0.29003838392404413
2507,716,19552,88.315185546875,644.9913940429688,341.2828369140625,494.08705139160156,0.29003838392404413
2508,716,3743,109.92578125,784.1285400390625,350.29315185546875,352.260498046875,0.28877586126327515
2509,717,19552,509.60205078125,586.569580078125,351.6480712890625,528.2362060546875,0.35723759577824515
2510,717,19552,114.7498779296875,586.569580078125,351.6480712890625,528.2362060546875,0.28579007662259615
2511,717,19552,509.60205078125,165.1942138671875,351.6480712890625,528.2362060546875,0.28579007662259615
2512,717,3743,481.0225524902344,149.2792510986328,340.3017883300781,332.82066345214844,0.27925211649674636
2513,719,16548,541.2014770507812,172.2572784423828,249.635009765625,244.60508728027344,0.31854627224115223
2514,719,21771,87.43704223632812,802.832763671875,205.54330444335938,202.457275390625,0.317462315926185
2515,719,31705,583.1951904296875,687.2462158203125,285.3779296875,459.725830078125,0.2885933564259456
2516,719,1900,121.12802124023438,257.50079345703125,206.763916015625,154.901123046875,0.28587620991926926
2517,72,29451,539.4656982421875,825.8621826171875,426.46826171875,258.40576171875,0.3000224553621732
2518,72,24850,149.47219848632812,769.882568359375,205.75189208984375,290.620849609375,0.29807918346845186
2519,72,1900,156.4202880859375,220.83517456054688,209.29266357421875,158.22930908203125,0.29581631605441755
2520,72,16551,624.7696533203125,33.97845458984375,318.1943359375,502.88555908203125,0.2931909148509686
2521,720,16548,161.06396484375,832.2889404296875,257.1812744140625,255.51025390625,0.3379643651155325
2522,720,31705,116.37419128417969,129.166748046875,270.42616271972656,429.99530029296875,0.3013546879474933
2523,720,1900,643.01904296875,850.6560668945312,217.021240234375,167.0792236328125,0.2946830712831937
2524,720,21771,665.2178344726562,279.52203369140625,202.656494140625,192.61004638671875,0.284436780672807
2525,721,3483,570.77587890625,752.5252685546875,288.447998046875,214.3857421875,0.31103106645437384
2526,721,35206,557.757568359375,107.99786376953125,270.463623046875,400.2808837890625,0.3012467576907231
2527,721,31885,57.89691162109375,149.6251220703125,469.69964599609375,486.76123046875,0.2995012585933392
2528,721,27733,83.02627563476562,711.6395263671875,329.389404296875,302.3057861328125,0.29730111360549927
2529,724,16548,102.84225463867188,729.9835205078125,247.08322143554688,246.818115234375,0.32299612577144915
2530,724,3544,130.3436279296875,173.85552978515625,212.03131103515625,205.81964111328125,0.3050896066885728
2531,724,10221,568.1876220703125,154.37664794921875,235.903076171875,235.478759765625,0.303458204636207
2532,724,31705,552.4833984375,669.4580078125,284.431640625,463.8134765625,0.27344231422130877
2533,725,16548,610.3399658203125,296.02545166015625,246.030517578125,235.80718994140625,0.32493226803266084
2534,725,10221,146.77743530273438,863.9940185546875,243.7943115234375,246.2760009765625,0.3090825906166663
2535,725,31705,140.4752655029297,144.03375244140625,273.84095764160156,428.521484375,0.30167542971097505
2536,725,3544,626.8722534179688,879.9964599609375,228.704833984375,221.7529296875,0.299832637493427
2537,726,16548,134.77053833007812,768.3251342773438,246.77166748046875,241.7301025390625,0.3322496322485117
2538,726,3544,144.5526580810547,176.46075439453125,216.27308654785156,213.86761474609375,0.3065492327396686
2539,726,31705,583.0052490234375,712.71630859375,279.048095703125,452.1356201171875,0.30271475131695086
2540,726,10221,596.8131103515625,160.44696044921875,239.803466796875,235.86712646484375,0.2968553396371695
2541,727,16232,594.1881103515625,207.1868438720703,198.7808837890625,194.83421325683594,0.3264429706793565
2542,727,25367,25.9395751953125,148.06793212890625,431.015869140625,465.6441650390625,0.31695138949614304
2543,727,3483,569.340087890625,803.9354248046875,292.0096435546875,204.0772705078125,0.28840445555173433
2544,727,25469,0.66162109375,799.405517578125,398.61810302734375,247.178466796875,0.28158843517303467
2545,728,16232,624.535888671875,213.43824768066406,200.950439453125,197.53343200683594,0.32207489013671875
2546,728,25367,38.91755676269531,167.96661376953125,446.83543395996094,475.5712890625,0.3136063309816214
2547,728,3483,594.8084716796875,835.18505859375,291.844970703125,202.91259765625,0.28310835361480713
2548,728,16232,150.513671875,213.43824768066406,200.950439453125,197.53343200683594,0.257659912109375
2549,73,12247,582.4774169921875,839.53955078125,226.43212890625,147.573486328125,0.35140541883615345
2550,73,6563,151.3771209716797,667.704345703125,251.09999084472656,375.923583984375,0.33327909616323614
2551,73,3544,70.6407470703125,192.975830078125,211.99627685546875,212.35516357421875,0.2970358729362488
2552,73,12247,167.0904541015625,839.53955078125,226.43212890625,147.573486328125,0.2811243350689228
2553,731,16548,112.68498992919922,761.8310546875,251.13617706298828,245.641357421875,0.3327035216184763
2554,731,4543,605.518798828125,138.18365478515625,213.3104248046875,204.552001953125,0.2999784625493563
2555,731,3544,101.38519287109375,153.495849609375,212.20010375976562,208.780517578125,0.2970702602313115
2556,731,29871,594.4512329101562,761.4564208984375,221.0367431640625,241.106201171875,0.2882363704534677
2557,732,16548,598.19873046875,258.95587158203125,243.41748046875,235.8175048828125,0.32654503217110264
2558,732,4543,130.59695434570312,912.82080078125,219.89788818359375,219.9293212890625,0.3094831109046936
2559,732,3544,660.0740966796875,892.407958984375,228.5350341796875,222.506591796875,0.3091021455251253
2560,732,16548,134.3837890625,258.95587158203125,243.41748046875,235.8175048828125,0.26123602573688215
2561,738,44199,591.1138916015625,759.554443359375,191.2244873046875,303.20458984375,0.337150188592764
2562,738,31705,122.38584899902345,636.0108642578125,290.14308166503906,466.1065673828125,0.28835500662143415
2563,738,16551,565.65966796875,78.93194580078125,320.75732421875,481.10015869140625,0.28345277676215536
2564,738,44199,193.66162109375,759.554443359375,191.2244873046875,303.20458984375,0.26972015087421125
2565,740,16548,118.06017303466797,795.8603515625,253.33917999267578,251.30126953125,0.3348350983399611
2566,740,31705,122.855224609375,127.26409912109375,273.43951416015625,428.594970703125,0.31124270879305327
2567,740,19607,647.8583984375,266.54229736328125,168.03173828125,159.9600830078125,0.2940766398723309
2568,740,1900,635.1339111328125,822.789306640625,187.2255859375,211.946533203125,0.2811300754547119
2569,742,4378,74.2974853515625,105.16754150390625,234.47174072265625,433.93902587890625,0.33331751823425293
2570,742,6192,543.383544921875,531.9619140625,317.926513671875,542.1029052734375,0.3189183656985943
2571,742,25438,553.5567626953125,171.77667236328125,273.05078125,276.0733642578125,0.2707307843061594
2572,742,4378,667.2307739257812,105.16754150390625,234.47174072265625,433.93902587890625,0.26665401458740234
2573,743,6192,82.37594604492188,132.7484130859375,315.53814697265625,534.3643188476562,0.3315146840535677
2574,743,4378,628.91064453125,704.4427490234375,247.041015625,460.5,0.3068394844348614
2575,743,2483,593.3470458984375,53.24531555175781,261.75341796875,493.69554138183594,0.27265917796355027
2576,743,25438,100.3692626953125,819.2415771484375,275.80303955078125,274.390380859375,0.2708523548566378
2577,745,16262,655.6063232421875,261.3291015625,251.53662109375,248.2591552734375,0.3049226449086116
2578,745,32310,104.4341812133789,172.95281982421875,250.08055877685547,371.29547119140625,0.25062187359883237
2579,747,16262,55.47503662109375,789.8428955078125,256.6336975097656,254.94091796875,0.30300491131269014
2580,747,3351,427.77203369140625,180.53526306152344,204.35302734375,207.39552307128906,0.26923752748049223
2581,747,32310,619.5953369140625,731.162353515625,263.63134765625,402.671875,0.26567981793330264
2582,75,12247,613.5003662109375,873.9139404296875,218.409423828125,139.2149658203125,0.33974177562273467
2583,75,6563,182.46701049804688,706.129150390625,252.1527099609375,378.8807373046875,0.32597663310857916
2584,75,3544,84.50241088867188,204.99549865722656,214.335693359375,210.39915466308594,0.2951216468444237
2585,75,12247,144.0902099609375,873.9139404296875,218.409423828125,139.2149658203125,0.2717934204981877
2586,750,29345,566.4273681640625,120.06500244140625,301.9788818359375,430.389892578125,0.32573899397483236
2587,750,44199,171.537841796875,190.93841552734375,176.56622314453125,285.18817138671875,0.32503538406812227
2588,750,16548,143.09576416015625,783.927001953125,254.21527099609375,246.9334716796875,0.3247534311734713
2589,750,1900,676.2564697265625,798.8076171875,149.082275390625,217.6295166015625,0.2707107479755695
2590,752,16548,549.807861328125,127.53160858154297,244.960205078125,241.60163116455078,0.3363248247366685
2591,752,6563,151.2239227294922,667.9627685546875,251.04957580566406,375.2957763671875,0.32814094653496373
2592,752,27993,540.371337890625,765.5816650390625,322.76171875,261.6953125,0.30889676167414737
2593,752,16548,181.23193359375,127.53160858154297,244.960205078125,241.60163116455078,0.2690598597893348
2594,754,3351,383.5891237258911,185.92357635498047,204.0653190612793,204.56710815429688,0.4560506343841553
2595,754,29667,615.96826171875,754.4241943359375,243.326416015625,237.236328125,0.292965999016395
2596,754,3832,82.62208557128906,636.9688720703125,387.37828063964844,412.484130859375,0.2752069097298842
2597,756,3351,388.03572177886963,878.7514495849609,205.34340476989746,213.751220703125,0.44454161937420184
2598,756,3832,498.58181762695307,238.35008239746094,384.12081909179693,412.25672912597656,0.35632578226236195
2599,756,29667,122.70657348632811,312.59765625,234.87124633789062,237.89837646484375,0.3003602073742793
2600,756,3832,93.29736328125,238.35008239746094,384.1208190917969,412.25672912597656,0.2850606258098896
2601,758,3483,142.01461791992188,211.07720947265625,265.1077880859375,235.03472900390625,0.3100527020601126
2602,758,36637,92.8707275390625,896.554443359375,283.2107849121094,181.423583984375,0.30062132156812227
2603,758,31885,549.4598388671875,657.58056640625,362.4488525390625,570.590087890625,0.28047511210808385
2604,759,31885,73.97039794921875,18.43621826171875,348.55877685546875,547.2598876953125,0.29862385529738206
2605,759,3483,559.9290771484375,825.1439208984375,276.8740234375,250.012939453125,0.2924580528185918
2606,759,36637,584.3046875,182.9154510498047,269.5792236328125,177.43836975097656,0.2900232718541072
2607,760,16548,572.892822265625,192.996337890625,248.5518798828125,244.75750732421875,0.3425751282618596
2608,760,29345,84.3338623046875,699.890625,309.2186279296875,460.67822265625,0.333118920142834
2609,760,33208,650.1722412109375,797.0081787109375,221.5008544921875,214.8983154296875,0.32524065329478336
2610,760,16548,154.5552978515625,192.996337890625,248.5518798828125,244.75750732421875,0.27406010260948765
2611,761,16548,602.1787109375,206.85365295410156,249.66259765625,238.95005798339844,0.3389697579237131
2612,761,29345,117.3575439453125,740.647705078125,308.2906494140625,457.1329345703125,0.3345812513278081
2613,761,33208,677.8271484375,829.3431396484375,218.788818359375,211.76123046875,0.3315664025453421
2614,761,1900,171.5728759765625,265.7091064453125,143.31634521484375,205.6810302734375,0.2796227427629324
2615,763,27733,549.6868896484375,249.82281494140625,320.626708984375,284.73809814453125,0.309600830078125
2616,763,20238,108.19017791748047,849.91455078125,240.62854766845703,236.1260986328125,0.30862810520025397
2617,763,3483,120.7847900390625,303.0770263671875,279.25714111328125,210.38934326171875,0.3085266856046823
2618,763,31885,489.1026611328125,624.292236328125,479.3812255859375,522.62353515625,0.285555926653055
2619,764,20238,636.79052734375,181.97103881835938,234.347412109375,229.6978759765625,0.3094361607845013
2620,764,3483,598.0908203125,786.203369140625,283.913330078125,213.021240234375,0.3063708773026099
2621,764,27733,118.85919189453125,757.87353515625,320.2232666015625,298.738037109375,0.2942357842738812
2622,764,31885,42.76580810546875,114.51513671875,473.09051513671875,496.6990966796875,0.2925695593540485
2623,766,34597,555.0960693359375,722.3218994140625,420.9039306640625,511.5765380859375,0.309933630319742
2624,766,3483,132.50515747070312,282.534423828125,226.73138427734375,270.749267578125,0.3087781025813176
2625,766,20877,536.4463500976562,283.76556396484375,341.914306640625,251.87139892578125,0.30727283312724185
2626,766,36637,157.74407958984375,794.6722412109375,208.85015869140625,268.46923828125,0.3040667680593637
2627,768,20877,82.96978759765625,721.2095947265625,346.996337890625,251.98291015625,0.3275010448235732
2628,768,34597,0.0,11.649169921875,424.2528381347656,484.02593994140625,0.31962690445093006
2629,768,36637,594.018310546875,201.08447265625,199.48583984375,256.16778564453125,0.2951166033744812
2630,768,3483,609.8482666015625,707.6181640625,228.7027587890625,285.0029296875,0.29267042875289917
2631,772,33208,632.538330078125,871.07568359375,222.1387939453125,214.3267822265625,0.33769022959929246
2632,772,31705,153.41786193847656,679.9337158203125,290.72471618652344,459.8543701171875,0.30814205224697405
2633,772,16551,527.3282470703125,68.23847961425781,327.4415283203125,505.20542907714844,0.290140647154588
2634,772,33208,121.3228759765625,871.07568359375,222.1387939453125,214.3267822265625,0.27015218367943394
2635,773,33208,602.9195556640625,837.770263671875,227.78076171875,221.3466796875,0.3322888796146099
2636,773,16551,504.2681884765625,61.21290588378906,321.938720703125,488.17893981933594,0.28957415085572463
2637,773,31705,122.50648498535155,635.92236328125,290.31272888183594,466.5648193359375,0.28590951974575335
2638,773,33208,145.2996826171875,837.770263671875,227.78076171875,221.3466796875,0.26583110369168794
2639,778,16232,624.0673828125,213.30108642578125,201.640380859375,197.870849609375,0.32257676124572754
2640,778,30308,73.34454345703125,150.76055908203125,431.7281494140625,438.195556640625,0.290776789188385
2641,778,3483,595.112060546875,835.8155517578125,291.40087890625,201.89697265625,0.28283790900157046
2642,778,16232,150.292236328125,213.30108642578125,201.640380859375,197.870849609375,0.25806140899658203
2643,779,16232,162.3637237548828,850.0064697265625,200.19981384277344,199.6522216796875,0.3344434958237868
2644,779,3483,120.69256591796875,268.2113037109375,283.53643798828125,200.1446533203125,0.2947371281110323
2645,779,16232,613.4364624023438,850.0064697265625,200.19981384277344,199.6522216796875,0.2675547966590294
2646,779,16232,162.3637237548828,230.34130859375,200.19981384277344,199.6522216796875,0.2675547966590294
2647,780,16232,594.0745849609375,207.30392456054688,199.108154296875,194.46142578125,0.3253492254477281
2648,780,3483,569.0440673828125,803.462158203125,292.404541015625,204.62841796875,0.28683433165917027
2649,780,25469,0.902496337890625,800.507568359375,398.98809814453125,246.1041259765625,0.28215220341315633
2650,780,30308,56.06941223144531,136.9841766357422,418.53099060058594,415.87355041503906,0.2778905171614427
2651,782,20014,0.0,616.9869384765625,366.9751281738281,359.895263671875,0.32986618005312407
2652,782,3351,331.5877685546875,174.21743774414062,202.9622802734375,211.20166015625,0.2670932733095609
2653,782,20014,0.0,303.1177978515625,366.9751281738281,359.895263671875,0.26389294404249924
2654,782,20014,609.0248718261719,616.9869384765625,366.9751281738281,359.895263671875,0.26389294404249924
2655,785,25367,516.3743896484375,682.205322265625,428.1328125,513.494140625,0.313812792301178
2656,785,35206,92.422607421875,685.19580078125,224.7811279296875,420.656494140625,0.3081582830502437
2657,785,3483,129.863037109375,278.15704345703125,284.7586669921875,191.8963623046875,0.30122557511696446
2658,785,25367,31.4927978515625,682.205322265625,428.1328125,513.494140625,0.2510502338409424
2659,787,34597,520.5733642578125,649.0357666015625,382.7381591796875,529.926513671875,0.31881518088854277
2660,787,3483,140.8697509765625,212.1533203125,264.55853271484375,234.17364501953125,0.31542807817459106
2661,787,20238,105.403564453125,849.3818359375,242.6773681640625,240.2236328125,0.2983842675502484
2662,787,34597,72.6884765625,649.0357666015625,382.7381591796875,529.926513671875,0.2550521447108342
2663,788,34597,84.7960205078125,52.4708251953125,363.323974609375,501.9200439453125,0.31064494298054623
2664,788,3483,563.712890625,824.7197265625,275.628173828125,248.661376953125,0.29583499981806827
2665,788,20238,608.81689453125,176.47027587890625,231.1064453125,229.12994384765625,0.2908358894861661
2666,79,3351,385.7208275794983,836.7044830322266,203.21647119522095,209.8455810546875,0.4525421674434955
2667,79,19232,486.9259338378906,223.225341796875,344.8366394042969,289.0323486328125,0.3197733484781705
2668,79,16262,124.66444396972658,288.0050048828125,255.95054626464844,253.8819580078125,0.30401021242141724
2669,79,19232,144.2374267578125,223.225341796875,344.83663940429693,289.0323486328125,0.25581867878253645
2670,797,27993,487.5175476074219,831.945556640625,348.1626281738281,205.04541015625,0.3283789983162513
2671,797,16551,27.908111572265625,517.732666015625,334.1973876953125,487.823974609375,0.2999523740548354
2672,797,3544,142.45567321777344,184.63743591308594,212.02015686035156,208.71241760253906,0.2981986678563631
2673,797,4543,595.657470703125,180.46929931640625,213.43603515625,209.64794921875,0.2929204014631418
2674,798,4543,623.28955078125,182.49252319335938,220.46484375,215.1920166015625,0.3008938064941993
2675,798,16551,57.362060546875,563.919189453125,335.837890625,494.6885986328125,0.2970108389854431
2676,798,3544,160.2376708984375,190.00555419921875,218.38446044921875,216.58624267578125,0.29375883249136114
2677,798,27993,519.8181762695312,874.2691650390625,339.023681640625,191.908935546875,0.2851079289729779
2678,799,3483,591.97314453125,859.81884765625,270.536865234375,242.95263671875,0.30379818036006045
2679,799,28763,165.0559539794922,172.43069458007812,227.99525451660156,216.73651123046875,0.3032995187319242
2680,799,20238,639.196533203125,178.86700439453125,234.071533203125,232.1126708984375,0.3011434582563547
2681,799,19861,124.88775634765625,860.4876708984375,229.525146484375,178.243408203125,0.2648221987944383
2682,8,20238,616.44677734375,168.68946838378906,236.5782470703125,230.90281677246094,0.3042142207805927
2683,8,22347,127.58242797851564,211.57131958007812,218.62149047851562,209.4342041015625,0.2983766794204712
2684,8,3483,582.9093017578125,833.71923828125,293.777099609375,186.157958984375,0.2976531019577613
2685,80,19232,86.21832275390625,689.0606689453125,356.53594970703125,288.4443359375,0.3049979989345257
2686,80,16262,556.76318359375,683.3829345703125,267.014404296875,265.56787109375,0.27794175423108614
2687,80,3351,350.66845703125,182.9982452392578,202.2969970703125,210.78221130371094,0.25766709676155675
2688,807,3483,150.43896484375,207.5889129638672,263.71539306640625,235.99940490722656,0.30889669289955723
2689,807,25367,584.302734375,701.4456787109375,355.339599609375,533.9273681640625,0.308650044294504
2690,807,29667,116.75653076171875,831.353759765625,238.37136840820312,241.0234375,0.283224513897529
2691,808,6563,179.63040161132812,701.2105712890625,247.98602294921875,376.6181640625,0.3154289722442627
2692,808,3544,104.75244140625,202.2211456298828,215.13067626953125,209.21311950683594,0.3110204522426312
2693,808,16551,597.7196044921875,28.6993408203125,359.6749267578125,488.91229248046875,0.296673270372244
2694,808,6563,548.3835754394531,701.2105712890625,247.98602294921875,376.6181640625,0.25234317779541016
2695,810,6563,148.85357666015625,661.0267333984375,248.11376953125,376.71875,0.33425111037034255
2696,810,16551,572.29443359375,21.53509521484375,349.062255859375,478.33026123046875,0.29817386315419125
2697,810,3544,91.23480224609375,192.45375061035156,207.53765869140625,207.78538513183594,0.28452811332849354
2698,810,6563,579.0326538085938,661.0267333984375,248.11376953125,376.71875,0.26740088829627406
2699,815,20238,95.05643463134766,703.8699951171875,239.79174041748047,243.246337890625,0.2821603875893813
2700,817,16232,644.1046142578125,223.9518585205078,199.3876953125,192.28135681152344,0.31559698856793916
2701,817,3483,582.0223388671875,833.4111328125,292.4404296875,186.755615234375,0.297542168543889
2702,817,30308,83.22869873046875,142.43727111816406,408.31005859375,445.65159606933594,0.29439939902378964
2703,817,16232,132.5076904296875,223.9518585205078,199.3876953125,192.28135681152344,0.25247759085435134
2704,818,16232,139.03790283203125,841.528076171875,205.0418701171875,200.195556640625,0.3244078617829543
2705,818,3483,129.94970703125,278.2921142578125,285.48394775390625,191.5794677734375,0.29779723057380086
2706,818,30308,504.06781005859375,662.404296875,415.0728759765625,448.1590576171875,0.27910101872224075
2707,818,16232,631.9202270507812,841.528076171875,205.0418701171875,200.195556640625,0.2595262894263634
2708,819,16232,614.3485717773438,213.8563690185547,198.443359375,195.07167053222656,0.31342148780822754
2709,819,3483,549.554443359375,796.2205200195312,301.753173828125,194.926025390625,0.2955748255436237
2710,819,30308,68.95552062988281,122.15057373046875,399.10032653808594,439.3831787109375,0.2920538874772879
2711,819,16232,163.20806884765625,213.8563690185547,198.443359375,195.07167053222656,0.25073719024658203
2712,82,19552,106.01246643066406,149.13507080078125,347.72520446777344,507.37249755859375,0.36124247771043044
2713,82,19552,522.2623291015625,149.13507080078125,347.72520446777344,507.37249755859375,0.2889939821683444
2714,82,19552,106.01246643066406,623.492431640625,347.72520446777344,507.37249755859375,0.2889939821683444
2715,82,3743,114.37896728515625,823.44140625,350.80133056640625,358.33154296875,0.2852366062311026
2716,820,19552,467.3080139160156,625.3333740234375,371.6650085449219,526.2235107421875,0.3505078187355628
2717,820,4378,122.48779296875,109.93670654296875,242.533935546875,437.03924560546875,0.3328295854421762
2718,820,3743,465.93316650390625,132.0919189453125,343.1729736328125,335.4324951171875,0.2911410423425528
2719,820,19552,137.0269775390625,625.3333740234375,371.6650085449219,526.2235107421875,0.2804062549884503
2720,822,19552,116.597900390625,109.20335388183594,355.8114013671875,494.44459533691406,0.3661726759030269
2721,822,19552,503.5906982421875,109.20335388183594,355.8114013671875,494.44459533691406,0.2929381407224215
2722,822,19552,116.597900390625,676.35205078125,355.8114013671875,494.44459533691406,0.2929381407224215
2723,822,3743,119.97505187988281,798.9482421875,356.91868591308594,355.812255859375,0.28777931745235735
2724,826,3351,384.8079299926758,849.8072052001953,209.79366779327393,213.67874145507812,0.4585904341477614
2725,826,38162,175.58053588867188,195.48712158203125,264.46685791015625,283.237548828125,0.32503015719927275
2726,826,18147,521.211181640625,310.765869140625,326.89501953125,409.982177734375,0.26767224073410034
2727,826,38162,535.9526062011719,195.48712158203125,264.46685791015625,283.237548828125,0.2600241257594182
2728,828,3351,384.02467346191406,226.44771575927734,205.05183601379395,204.97398376464844,0.4690654919697688
2729,828,38162,545.516357421875,852.76318359375,259.685791015625,272.326904296875,0.3423083287018996
2730,828,18147,118.0653076171875,560.5160522460938,329.05364990234375,431.9423828125,0.2938663959503174
2731,828,38162,170.7978515625,852.76318359375,259.685791015625,272.326904296875,0.27384666296151966
2732,829,36637,630.0433349609375,174.1607666015625,194.871826171875,252.13232421875,0.29432443472055286
2733,829,28763,96.00357055664062,162.276611328125,219.2763671875,210.60211181640625,0.28876490317858183
2734,829,27777,138.38034057617188,773.5091552734375,192.25582885742188,212.47021484375,0.2885343707524813
2735,829,3483,523.37255859375,765.670166015625,286.998291015625,237.822509765625,0.28357707537137544
2736,83,19552,483.3891296386719,581.5062255859375,359.7632141113281,525.1302490234375,0.3529990865634038
2737,83,3743,475.7996826171875,109.85321044921875,339.9632568359375,336.8387451171875,0.2863077704723065
2738,83,19552,132.84765625,581.5062255859375,359.7632141113281,525.1302490234375,0.28239926925072306
2739,83,19552,483.3891296386719,173.363525390625,359.7632141113281,525.1302490234375,0.28239926925072306
2740,830,36637,122.57659912109375,825.8382568359375,205.81988525390625,266.8408203125,0.30693533328863287
2741,830,28763,658.8546142578125,887.534912109375,232.3289794921875,222.819580078125,0.2953800100546617
2742,830,3483,167.06689453125,271.5059509277344,277.3294677734375,225.24560546875,0.2898049583801856
2743,830,27777,630.9744873046875,288.47894287109375,184.8958740234375,204.2420654296875,0.27956820451296294
2744,831,28763,107.73983764648438,167.86305236816406,224.79464721679688,214.93797302246094,0.30322434810491705
2745,831,3483,553.843017578125,805.789794921875,281.0751953125,227.8544921875,0.29748973938135
2746,831,36637,659.6199951171875,177.12359619140625,196.1505126953125,258.1201171875,0.2942121716646048
2747,831,27777,171.78721618652344,812.7852783203125,189.46900939941406,208.8466796875,0.29342289154346174
2748,832,16548,599.9845581054688,154.3055419921875,248.1431884765625,241.06146240234375,0.3302465952359713
2749,832,1900,620.8600463867188,887.7373046875,209.252197265625,145.6649169921875,0.293885377737192
2750,832,21026,135.3494873046875,863.5994873046875,186.26104736328125,185.92578125,0.2932918988741361
2751,832,16548,127.87225341796876,154.3055419921875,248.1431884765625,241.06146240234375,0.26419727618877703
2752,838,16548,584.63818359375,153.7686767578125,244.1063232421875,241.25347900390625,0.3324438975407527
2753,838,33208,579.277099609375,791.6719970703125,227.556884765625,220.0562744140625,0.3200496847812946
2754,838,1900,137.50341796875,235.92234802246094,207.54098510742188,139.02589416503906,0.28739649515885574
2755,838,16548,147.2554931640625,153.7686767578125,244.1063232421875,241.25347900390625,0.2659551180326022
2756,842,3483,120.8541259765625,303.1883544921875,278.56207275390625,210.62738037109375,0.3099882144194383
2757,842,27733,550.1051635742188,249.036376953125,320.487060546875,286.89190673828125,0.3077174379275395
2758,842,16262,145.0886993408203,792.2755126953125,266.99815368652344,261.146240234375,0.2994895898378812
2759,842,34597,452.9723815917969,649.7337646484375,497.7969055175781,481.3035888671875,0.2874498183910663
2760,85,16548,561.9688720703125,243.37843322753906,245.7412109375,241.14060974121094,0.3328414834462679
2761,85,21771,144.24859619140625,842.390625,206.45977783203125,202.0732421875,0.3023841747870812
2762,85,29345,563.6021728515625,669.1641845703125,312.1578369140625,458.7991943359375,0.3013887542944688
2763,85,16548,168.2899169921875,243.37843322753906,245.7412109375,241.14060974121094,0.2662731867570144
2764,851,22627,101.03131103515625,161.70274353027344,322.5006103515625,485.88478088378906,0.2984524002441993
2765,851,3743,114.0040283203125,823.364990234375,350.96185302734375,358.75341796875,0.28555776064212507
2766,851,2483,600.078369140625,104.3157958984375,243.3726806640625,462.0020751953125,0.28102015073482806
2767,855,3743,120.13357543945312,797.8770751953125,356.282470703125,356.832763671875,0.28650989899268514
2768,855,4378,569.195556640625,698.69775390625,269.342529296875,469.6729736328125,0.27220911704576933
2769,855,2483,588.1720581054688,74.29713439941406,246.3480224609375,467.62718200683594,0.25625946430059576
2770,857,31863,557.94384765625,735.135986328125,233.820556640625,231.76611328125,0.33808293250890875
2771,857,16262,88.8348388671875,672.0445556640625,258.2776794433594,259.629638671875,0.28585750323075515
2772,857,31863,557.94384765625,313.097900390625,233.820556640625,231.76611328125,0.27046634600712705
2773,857,31863,184.235595703125,735.135986328125,233.820556640625,231.76611328125,0.27046634600712705
2774,858,3351,383.1765818595886,177.8733253479004,206.17322969436646,207.7103614807129,0.48514705437880296
2775,858,31863,603.4072265625,827.5977783203125,222.6044921875,219.4912109375,0.3242630683458768
2776,858,16262,129.9254150390625,761.12841796875,258.16497802734375,254.7691650390625,0.2976645873143123
2777,858,31863,149.98828125,827.5977783203125,222.6044921875,219.4912109375,0.2594104546767015
2778,86,16548,147.240234375,760.2371215820312,256.216064453125,251.4326171875,0.3278627074681795
2779,86,29345,114.12017822265625,144.944091796875,288.650146484375,431.0638427734375,0.31778624424567586
2780,86,1900,674.0191650390625,802.6553955078125,148.46044921875,215.12841796875,0.2814545998206505
2781,86,21771,606.722412109375,245.99935913085938,203.570556640625,192.22821044921875,0.265847582083482
2782,861,19552,58.88665771484375,93.34295654296875,364.66558837890625,484.18316650390625,0.3651042167957012
2783,861,2483,554.352294921875,140.7344970703125,312.03515625,450.9437255859375,0.2970834191028888
2784,861,19552,552.44775390625,93.34295654296875,364.66558837890625,484.18316650390625,0.292083373436561
2785,861,19552,58.88665771484375,702.473876953125,364.66558837890625,484.18316650390625,0.292083373436561
2786,862,34597,67.37358093261719,109.50450134277344,478.69386291503906,474.40809631347656,0.29246589312186605
2787,862,3483,593.57275390625,836.53662109375,292.037841796875,202.5345458984375,0.2834744407580449
2788,862,36637,665.4454345703125,172.49351501464844,188.8837890625,261.04762268066406,0.2764578736745394
2789,864,36637,634.72119140625,168.6044158935547,187.732421875,256.27601623535156,0.29739304230763364
2790,864,3483,568.6497802734375,805.4217529296875,292.4501953125,203.222900390625,0.2933080609028156
2791,864,34597,53.6932373046875,85.64453125,468.61053466796875,474.28741455078125,0.2816896713696993
2792,864,25469,44.674774169921875,772.342529296875,362.10223388671875,328.222900390625,0.2538028130164513
2793,866,3351,299.65216064453125,162.84475708007812,201.50079345703125,211.736328125,0.2629460050509526
2794,866,3832,456.30877685546875,532.1790771484375,427.9835205078125,415.0,0.25354353281167835
2795,867,3351,337.47686767578125,221.26431274414062,205.7198486328125,208.33551025390625,0.26194347785069394
2796,868,16232,644.0592041015625,223.97845458984375,199.9140625,192.3011474609375,0.3134585802371685
2797,868,3483,582.1556396484375,834.5286254882812,292.455078125,185.3740234375,0.2976320798580463
2798,868,31885,20.3292236328125,43.921142578125,419.73382568359375,528.9725341796875,0.2883243102293748
2799,868,16232,132.0267333984375,223.97845458984375,199.9140625,192.3011474609375,0.2507668641897349
2800,869,16232,613.8494262695312,212.89202880859375,199.150634765625,196.08245849609375,0.30996265319677496
2801,869,3483,549.440673828125,796.4598388671875,301.963623046875,195.938720703125,0.29451287709749663
2802,869,31885,9.012969970703125,30.005615234375,411.784423828125,514.50732421875,0.2921896255933321
2803,870,16232,139.01791381835938,841.27587890625,204.8056640625,200.1795654296875,0.32124287807024443
2804,870,3483,129.62640380859375,277.9324951171875,286.39996337890625,192.3060302734375,0.2961852229558504
2805,870,31885,557.2637939453125,661.195556640625,418.7362060546875,552.0155029296875,0.28571431453411394
2806,870,16232,632.1764221191406,841.27587890625,204.8056640625,200.1795654296875,0.25699430245619553
2807,873,18147,606.103759765625,658.908935546875,304.250244140625,446.60400390625,0.2939198108819815
2808,873,3351,334.75616455078125,213.50079345703125,205.593017578125,206.7913818359375,0.2665964456704947
2809,874,20877,83.57463073730469,720.014404296875,347.39125061035156,253.7799072265625,0.3231117817071768
2810,874,16232,618.3702392578125,212.59500122070312,203.19580078125,197.524658203125,0.3148935849849994
2811,874,31885,126.60327148437501,131.940185546875,485.38970947265625,518.978271484375,0.3091339652354901
2812,874,3483,609.662841796875,705.9339599609375,231.40380859375,286.96630859375,0.2897928311274602
2813,875,20877,114.51048278808594,761.733154296875,344.44093322753906,252.892822265625,0.31573119071813727
2814,875,16232,648.9638061523438,224.1888427734375,203.8897705078125,192.7281494140625,0.3117671608924866
2815,875,31885,141.8585205078125,152.02972412109375,491.269775390625,531.1248168945312,0.29534071683883667
2816,875,3483,640.2828369140625,741.6273803710938,226.222900390625,276.89794921875,0.2939004393724295
2817,878,34597,62.087127685546875,122.6177978515625,362.7943115234375,502.40325927734375,0.3230011463165283
2818,878,3483,582.9515991210938,832.6112060546875,293.79296875,186.6337890625,0.29949018588432896
2819,878,36637,635.0223388671875,206.10943603515625,203.5869140625,257.22247314453125,0.28820069936605597
2820,878,34597,551.1185607910156,122.6177978515625,362.7943115234375,502.40325927734375,0.25840091705322266
2821,879,34597,46.68939208984375,87.29920959472656,348.45428466796875,503.39317321777344,0.31368576563321626
2822,879,36637,604.958740234375,198.33978271484375,202.29736328125,254.84014892578125,0.2993102027819707
2823,879,3483,550.7584228515625,795.9271240234375,302.1005859375,195.284912109375,0.29626676669487584
2824,879,34597,580.8563232421875,87.29920959472656,348.45428466796875,503.39317321777344,0.250948612506573
2825,88,31705,598.8294677734375,731.52978515625,285.133544921875,455.999267578125,0.2950316438308129
2826,88,16551,590.71240234375,37.64826965332031,314.67041015625,502.23789978027344,0.2901328985507672
2827,88,1900,129.25570678710938,223.5806121826172,212.42413330078125,152.15492248535156,0.28610002536040086
2828,88,18110,78.9521484375,792.9208984375,310.31231689453125,307.1221923828125,0.260911790224222
2829,880,23223,488.645751953125,591.706787109375,343.4422607421875,530.55517578125,0.30930796494850743
2830,880,5094,497.03063964843756,146.03562927246094,290.42382812499994,292.73011779785156,0.3060753528888409
2831,882,23223,116.40716552734375,81.88446044921875,336.89117431640625,534.3145751953125,0.32517375854345465
2832,882,5094,141.09817504882812,828.2569580078125,294.2274169921875,293.255126953125,0.3014111060362596
2833,882,13395,621.80322265625,663.52197265625,271.8670654296875,510.5281982421875,0.26764042102373564
2834,882,2483,614.7393188476562,56.0284423828125,252.015869140625,494.48345947265625,0.26129944966389584
2835,883,16232,624.8631591796875,213.1018829345703,201.05712890625,197.66355895996094,0.3241062622803908
2836,883,28763,137.54132080078125,222.99717712402344,225.53271484375,217.92079162597656,0.302100433753087
2837,883,3483,594.6156005859375,835.47119140625,292.0106201171875,202.9954833984375,0.28305695607112
2838,883,16232,150.0797119140625,213.1018829345703,201.05712890625,197.66355895996094,0.2592850098243127
2839,886,3351,384.4872159957886,879.6092224121094,210.66052055358887,215.52764892578125,0.4505877769910372
2840,886,31863,159.2676544189453,279.48187255859375,218.58714294433594,216.14141845703125,0.31523638046704805
2841,886,31863,159.2676544189453,784.376708984375,218.58714294433594,216.14141845703125,0.25218910437363845
2842,886,31863,598.1452026367188,279.48187255859375,218.58714294433594,216.14141845703125,0.25218910437363845
2843,888,3351,383.4878716468811,194.48247909545898,205.75635385513306,206.71323776245117,0.4650888993189885
2844,888,31863,600.791015625,828.113037109375,222.1536865234375,218.89990234375,0.3024164529947134
2845,889,16232,133.6373291015625,841.965087890625,202.34100341796875,199.8463134765625,0.3337039855810312
2846,889,3483,132.09515380859375,282.97686767578125,226.32183837890625,270.91094970703125,0.3089418548804063
2847,889,28763,704.051025390625,883.9122314453125,230.30078125,222.38671875,0.30755982949183536
2848,889,20877,537.1279296875,284.8380126953125,340.4266357421875,251.8896484375,0.30511486988801223
2849,89,1900,112.73410034179688,218.99815368652344,207.78744506835938,150.88893127441406,0.29403358697891235
2850,89,16551,560.1058349609375,31.5277099609375,312.2618408203125,490.47174072265625,0.2912547496648935
2851,89,31705,568.072998046875,689.9656982421875,290.084716796875,464.958251953125,0.2870226823366605
2852,891,20877,83.84127807617188,721.9998779296875,346.73858642578125,250.4730224609375,0.3262671140524057
2853,891,16232,619.9492797851562,213.74835205078125,200.9300537109375,194.15582275390625,0.31979638796586257
2854,891,28763,53.19501495361328,166.81402587890625,218.68328094482422,209.9122314453125,0.29826492071151733
2855,891,3483,610.8572387695312,706.7120361328125,228.77734375,285.47802734375,0.2923897596505972
2856,894,20877,82.91168212890625,721.795654296875,346.8670654296875,250.93994140625,0.32933861017227173
2857,894,25367,17.6905517578125,16.3763427734375,434.6745910644531,462.30157470703125,0.31637157385165876
2858,894,36637,593.71044921875,201.23304748535156,199.78271484375,256.20408630371094,0.2962503754175626
2859,894,3483,609.4591064453125,707.2545166015625,229.716796875,286.097900390625,0.29196154612761277
2860,895,10221,570.15625,763.4395141601562,249.0914306640625,241.1361083984375,0.31461807397695685
2861,895,16551,510.76184082031256,21.7821044921875,327.12719726562494,487.20562744140625,0.2926990619072547
2862,895,3544,90.86638641357422,215.31729125976562,207.53217315673828,208.45660400390625,0.2884844633249136
2863,895,21026,97.44473266601562,817.8072509765625,190.68386840820312,186.51171875,0.2872428068747887
2864,896,3544,104.889404296875,225.3549346923828,216.2186279296875,212.72325134277344,0.2994208610974825
2865,896,10221,603.0533447265625,804.2015380859375,237.74658203125,230.387939453125,0.2898964973596426
2866,896,16551,534.5989990234375,26.969131469726562,336.496337890625,497.68089294433594,0.2687576413154602
2867,897,21026,672.22998046875,279.8365478515625,186.032470703125,182.96533203125,0.3107418922277597
2868,897,3544,671.69091796875,829.098876953125,221.3291015625,221.4730224609375,0.30529233125539923
2869,897,16551,110.6431884765625,709.468017578125,339.61328125,514.3349609375,0.28763482203850377
2870,897,10221,159.92947387695312,267.0279541015625,239.89959716796875,230.7032470703125,0.2771647389118488
2871,898,12247,610.553466796875,197.89927673339844,187.55859375,200.77943420410156,0.3491332439275888
2872,898,16548,68.8636474609375,771.040283203125,250.62811279296875,247.48779296875,0.32197601520098174
2873,898,3544,116.83377075195312,166.41168212890625,209.32635498046875,207.288330078125,0.31596328203494733
2874,898,27926,542.820068359375,579.2994384765625,292.8790283203125,489.3587646484375,0.2920408890797542
2875,9,20238,586.802734375,165.0066680908203,233.72314453125,226.79026794433594,0.3081857241117037
2876,9,22347,109.29405975341797,206.6185302734375,212.39936065673828,202.496337890625,0.3005528220763573
2877,9,3483,550.7069091796875,796.51025390625,301.6173095703125,194.84912109375,0.2956784000763526
2878,90,31705,124.2401123046875,126.79876708984375,271.25128173828125,429.2578125,0.311791140299577
2879,90,16551,82.15802001953125,702.08740234375,316.4834899902344,504.8594970703125,0.28590197746570295
2880,90,1900,650.7694091796875,899.2003173828125,220.8466796875,157.2740478515625,0.2806503956134503
2881,90,18110,601.8306274414062,207.720947265625,311.278564453125,306.90240478515625,0.2512368101340074
2882,900,12247,640.7378540039062,198.6817169189453,187.3590087890625,203.30564880371094,0.3517066973906297
2883,900,16548,102.04922485351562,815.541259765625,245.74160766601562,238.45849609375,0.3326615920433631
2884,900,3544,132.272705078125,173.33734130859375,215.96038818359375,210.36212158203125,0.3095093140235314
2885,900,12247,147.90313720703125,198.6817169189453,187.3590087890625,203.30564880371094,0.2813653579125038
2886,904,30308,148.314453125,42.9957275390625,327.44677734375,488.374267578125,0.3124225827363821
2887,904,20238,636.7659912109375,181.32725524902344,234.712646484375,230.17945861816406,0.306452214717865
2888,904,3483,598.5407104492188,784.995361328125,285.901123046875,212.62646484375,0.3043467952654912
2889,904,27733,118.7786865234375,758.7117919921875,321.51629638671875,298.55810546875,0.2919447192778954
2890,906,3483,121.47467041015625,302.87359619140625,278.82598876953125,210.24688720703125,0.30884790879029494
2891,906,27733,549.2081298828125,248.87596130371094,321.592041015625,286.79579162597656,0.3049249373949491
2892,906,20238,107.94994354248047,850.136962890625,240.28186798095703,235.386962890625,0.2985616142933185
2893,906,30308,524.3956298828125,717.554931640625,326.874267578125,492.1175537109375,0.28009416965337897
2894,908,31863,558.7891845703125,735.5556640625,233.212158203125,230.8408203125,0.3357477830006526
2895,908,20238,110.02017211914062,707.8989868164062,240.39816284179688,243.5224609375,0.31389545935850877
2896,908,31863,558.7891845703125,313.603515625,233.212158203125,230.8408203125,0.2685982264005221
2897,908,31863,183.9986572265625,735.5556640625,233.212158203125,230.8408203125,0.2685982264005221
2898,91,19607,684.2742309570312,296.144775390625,164.65576171875,156.27197265625,0.3549547837330745
2899,91,16548,120.28359985351562,857.81787109375,253.66888427734375,251.7508544921875,0.3397633479191707
2900,91,27926,139.83294677734375,136.665771484375,288.1453857421875,470.435302734375,0.30501824158888596
2901,91,19607,127.07000732421874,296.144775390625,164.65576171875,156.27197265625,0.2839638269864596
2902,910,29667,125.22222900390625,874.0706787109375,235.915283203125,238.467041015625,0.30471726105763364
2903,910,3483,169.125,270.95599365234375,275.96551513671875,225.2427978515625,0.29008040061363805
2904,910,27777,632.8524169921875,289.9620361328125,186.8427734375,204.8465576171875,0.28694902475063616
2905,910,25367,500.47314453125,683.18505859375,473.132080078125,477.4068603515625,0.2841533376620366
2906,912,25367,22.24652099609375,92.17665100097656,447.38800048828125,445.72715759277344,0.3091398569253775
2907,912,29667,592.0814208984375,152.04913330078125,232.8408203125,231.3643798828125,0.3020473856192369
2908,912,27777,136.14678955078125,772.1357421875,191.958251953125,212.6439208984375,0.2824413547149071
2909,912,3483,520.4503173828125,767.2364501953125,287.8824462890625,237.78271484375,0.2791479000678429
2910,914,3351,383.7480263710022,113.49608421325684,202.7668433189392,210.23846626281738,0.48431685337653524
2911,914,13900,540.1915893554688,699.07958984375,225.868896484375,264.65185546875,0.29153085671938384
2912,915,3351,388.93195247650146,169.3182373046875,201.9360294342041,206.10244750976562,0.46646443697122425
2913,915,13900,583.0845947265625,790.2608642578125,215.9503173828125,259.8365478515625,0.2984132216526912
2914,916,16232,137.20156860351562,885.30322265625,206.45986938476562,202.0096435546875,0.322398657982166
2915,916,3483,121.2796630859375,302.9853515625,279.06024169921875,210.43865966796875,0.3097552748826834
2916,916,27733,550.2349853515625,250.187744140625,320.2205810546875,284.9244384765625,0.30756407059155977
2917,916,25367,490.3873291015625,656.5245361328125,477.50830078125,471.7349853515625,0.29225945472717285
2918,919,27733,549.0208740234375,249.1800994873047,319.4755859375,286.26893615722656,0.3095093827981215
2919,919,3483,118.82084655761719,303.84722900390625,280.02467346191406,210.93511962890625,0.30930241713157064
2920,919,36637,99.0185546875,875.3404541015625,277.627685546875,191.953369140625,0.30013762987577
2921,919,30308,465.4764709472656,662.0472412109375,401.3322448730469,470.6005859375,0.2971062293419471
2922,920,36637,585.6019287109375,191.78302001953125,263.1849365234375,185.447265625,0.3248833463742183
2923,920,3483,571.6654052734375,752.2957763671875,288.2333984375,214.17431640625,0.3120269225193904
2924,920,30308,112.683349609375,111.23907470703125,393.13464355468744,448.11767578125,0.304033481157743
2925,920,27733,84.30767822265625,713.6687622070312,327.02227783203125,303.3653564453125,0.2937843937140245
2926,923,16262,105.70785522460938,827.881103515625,257.5570068359375,254.96484375,0.30638055159495425
2927,923,3483,132.55490112304688,281.82501220703125,227.30169677734375,271.42999267578125,0.30611329353772676
2928,923,20877,537.09423828125,283.83831787109375,341.3531494140625,253.01422119140625,0.3036193893505977
2929,923,25367,524.1722412109375,692.6016845703125,451.8277587890625,481.564697265625,0.3030519072826092
2930,925,16232,141.061279296875,893.4053955078125,206.58929443359375,201.25,0.3179628115433913
2931,925,3483,140.93035888671875,211.9520263671875,264.843505859375,235.16845703125,0.31461557516684896
2932,925,34597,470.8631286621094,611.2431640625,467.6550598144531,495.70751953125,0.3011092772850623
2933,925,16232,628.3494262695312,893.4053955078125,206.58929443359375,201.25,0.254370249234713
2934,927,16232,612.6817016601562,165.9020233154297,193.4364013671875,193.22120666503906,0.3105724316376906
2935,927,34597,54.44023132324219,131.64654541015625,450.2025299072265,466.4422607421875,0.2965725385225736
2936,927,3483,564.4276123046875,824.8797607421875,274.607421875,247.7684326171875,0.29606954409525943
2937,929,16232,593.82763671875,206.83851623535156,199.417236328125,195.06797790527344,0.3233205813627977
2938,929,31885,16.446044921875,27.431564331054688,430.52325439453125,506.36561584472656,0.29686927795410156
2939,929,3483,569.096435546875,803.9805908203125,292.281494140625,204.71044921875,0.29172739157309896
2940,929,25469,0.714385986328125,801.10546875,399.1208801269531,245.2906494140625,0.2817297211060157
2941,930,16232,162.2978515625,850.06787109375,199.93414306640625,199.8660888671875,0.3323077238523043
2942,930,3483,120.92160034179688,268.1688232421875,283.970703125,200.2281494140625,0.29499173164367676
2943,930,31885,530.093994140625,675.2523193359375,445.906005859375,561.1627197265625,0.2858301309438852
2944,930,16232,613.7680053710938,850.06787109375,199.93414306640625,199.8660888671875,0.26584617908184344
2945,931,19607,164.9000244140625,912.7777099609375,165.483642578125,164.1414794921875,0.3286891487928537
2946,931,16551,463.389892578125,216.234619140625,512.3790283203125,320.9661865234375,0.31060466399559605
2947,931,29345,563.3137817382812,706.6270751953125,331.707275390625,445.655029296875,0.3037795653709998
2948,931,1900,171.15939331054688,264.9484558105469,146.3160400390625,206.9796142578125,0.27876927302433896
2949,932,19607,130.57550048828125,881.83056640625,167.23883056640625,164.36865234375,0.3451137130077068
2950,932,16551,440.6983642578125,188.28936767578125,500.1114501953125,328.67236328125,0.30601423520308274
2951,932,29345,532.663818359375,668.5003662109375,343.1337890625,449.6339111328125,0.2993707244212811
2952,932,19607,678.1856689453125,881.83056640625,167.23883056640625,164.36865234375,0.2760909704061655
2953,933,19607,659.2628173828125,248.11654663085938,166.31787109375,158.296142578125,0.3561893105506897
2954,933,29345,112.52078247070312,155.00804138183594,320.39697265625,424.23524475097656,0.3148711415437552
2955,933,16551,9.920654296875,702.9830322265625,513.8704833984375,339.295654296875,0.295023459654588
2956,933,19607,150.4193115234375,248.11654663085938,166.31787109375,158.296142578125,0.28495144844055176
2957,936,19552,106.03326416015625,194.46348571777344,333.75531005859375,501.23561096191406,0.3635293016066918
2958,936,19552,536.21142578125,194.46348571777344,333.75531005859375,501.23561096191406,0.2908234412853534
2959,936,19552,106.03326416015625,584.3009033203125,333.75531005859375,501.23561096191406,0.2908234412853534
2960,936,4378,633.60205078125,706.36376953125,252.060302734375,464.102294921875,0.28716843861799973
2961,937,3743,120.23788452148438,798.981689453125,356.56536865234375,355.907958984375,0.2858290305504432
2962,937,6192,117.03778076171875,107.45404052734375,326.893798828125,524.2349243164062,0.2760109305381775
2963,937,4378,568.0115966796875,700.10498046875,271.26123046875,468.073974609375,0.27046127961232114
2964,937,2483,587.42529296875,73.98362731933594,247.605224609375,468.19483947753906,0.2567602350161626
2965,938,6192,113.54560852050781,69.1298828125,326.93675231933594,535.8864135742188,0.3212062441385709
2966,938,4378,563.7176513671875,700.031982421875,257.87939453125,460.86083984375,0.30516610695765567
2967,938,3743,119.4061279296875,790.33447265625,344.73065185546875,344.9541015625,0.29250585115872896
2968,938,2483,594.396484375,23.81414794921875,254.4273681640625,502.9837646484375,0.27701964745154745
2969,940,3351,386.72404050827026,885.1316070556641,209.0217843055725,215.80360412597656,0.43310912755819464
2970,940,18147,182.07763671875,222.2874755859375,284.77508544921875,429.6444091796875,0.2803513866204482
2971,940,16232,639.3822631835938,314.72479248046875,196.6783447265625,200.35546875,0.2715189869587238
2972,941,16232,88.33148193359375,707.043212890625,199.73455810546875,201.42041015625,0.3025528330069322
2973,941,18147,449.8082580566406,542.0137939453125,334.4731140136719,467.6937255859375,0.286985498208266
2974,941,3351,320.30499267578125,134.25466918945312,198.084716796875,208.49176025390625,0.2601677179336548
2975,942,3351,381.70477628707886,187.18427658081055,206.66224145889282,208.1581687927246,0.47511412547184867
2976,942,16232,130.89111328125,794.9571533203125,198.19146728515625,199.3731689453125,0.30296013905451846
2977,942,18147,514.474609375,637.27978515625,289.43017578125,464.18603515625,0.28460413217544556
2978,945,3483,141.2972412109375,212.43722534179688,264.13250732421875,233.799560546875,0.31370016244741583
2979,945,25367,617.6510620117188,634.929931640625,335.4437255859375,528.452880859375,0.3090411195388207
2980,945,20238,105.35232543945312,849.7337646484375,242.03152465820312,239.127197265625,0.29222658047309286
2981,945,3483,570.5702514648438,212.43722534179688,264.13250732421875,233.799560546875,0.2509601299579327
2982,947,16232,138.93417358398438,841.4822998046875,205.18267822265625,199.7724609375,0.3225458814547612
2983,947,3483,129.70635986328125,277.83843994140625,285.57403564453125,191.3968505859375,0.2986720433601966
2984,947,28763,584.2855224609375,883.096435546875,234.80419921875,225.216064453125,0.29344290494918823
2985,947,16232,631.8831481933594,841.4822998046875,205.18267822265625,199.7724609375,0.258036705163809
2986,948,16232,644.1002197265625,223.94821166992188,199.54248046875,191.85955810546875,0.31373172998428345
2987,948,3483,582.1130981445312,833.771240234375,292.981689453125,186.3504638671875,0.2973390542543851
2988,948,28763,180.4901885986328,169.61151123046875,228.88865661621094,218.72882080078125,0.29512742390999425
2989,948,16232,132.3572998046875,223.94821166992188,199.54248046875,191.85955810546875,0.25098538398742676
2990,949,3483,132.110107421875,282.59442138671875,226.8189697265625,270.60211181640625,0.3087364022548382
2991,949,16262,105.48599243164062,828.2852783203125,257.9015808105469,255.9842529296875,0.30776984416521513
2992,949,20877,535.8397216796875,283.51177978515625,342.40869140625,253.8829345703125,0.30750086674323446
2993,949,30308,481.526611328125,698.7557373046875,446.3856201171875,437.162841796875,0.2644748641894414
2994,95,29667,57.206787109375,736.564208984375,238.05902099609375,247.368896484375,0.307601667367495
2995,95,3351,331.78125,174.557373046875,198.43951416015625,205.4000244140625,0.2682289251914391
2996,95,32310,481.679443359375,696.712646484375,411.348388671875,279.567626953125,0.2629521947640639
2997,950,20877,83.54231262207031,721.5220947265625,346.51048278808594,251.79052734375,0.3267041077980628
2998,950,3483,610.1854858398438,706.9791870117188,229.1954345703125,285.078125,0.29346021322103644
2999,950,30308,59.34501647949219,101.08489990234375,434.0489654541015,427.057861328125,0.29170435208540696
3000,950,16262,589.8631591796875,175.33551025390625,254.4046630859375,248.4451904296875,0.2841722277494577
3001,951,20877,112.82260131835938,761.5924072265625,345.89971923828125,256.3194580078125,0.3086768893095163
3002,951,3483,640.46484375,743.388427734375,225.4732666015625,276.111572265625,0.2962419619927039
3003,951,16262,622.1822509765625,179.67039489746094,255.3955078125,253.93678283691406,0.2905428180327782
3004,951,30308,76.6710205078125,123.5546875,430.18664550781256,414.80108642578125,0.2839862612577585
3005,952,16262,159.56224060058594,822.7110595703125,264.39369201660156,261.980224609375,0.2987524179311899
3006,952,3483,123.03631591796875,270.0548095703125,283.5244140625,200.4407958984375,0.2957786734287555
3007,952,30308,544.98486328125,635.559326171875,407.8228759765625,450.0513916015625,0.26624741462560797
3008,953,30308,34.355224609375,149.65850830078125,394.0791015625,437.21990966796875,0.29322209266515875
3009,953,16262,536.6149291992188,176.73529052734375,256.721923828125,251.84423828125,0.29072717978404117
3010,953,3483,569.183837890625,803.76806640625,292.309814453125,204.748046875,0.28893972818668073
3011,953,25469,0.60491943359375,800.556396484375,398.7777099609375,245.42041015625,0.2823285185373746
3012,954,30308,49.24591064453125,169.7427978515625,402.19415283203125,446.9779052734375,0.29616273366487944
3013,954,16262,562.4730224609375,181.7716827392578,263.447021484375,255.88572692871094,0.2951593123949491
3014,954,3483,594.343505859375,835.3951416015625,292.313720703125,202.310302734375,0.2824167334116422
3015,954,25469,40.76458740234375,844.1156005859375,393.7721252441406,246.53369140625,0.2537078811572148
3016,956,19607,140.06146240234375,859.8282470703125,165.24249267578125,161.5478515625,0.35965062104738676
3017,956,16551,581.086669921875,1.62872314453125,332.806640625,455.58642578125,0.2916321387657752
3018,956,19607,670.696044921875,859.8282470703125,165.24249267578125,161.5478515625,0.2877204968379094
3019,956,19607,140.06146240234375,258.6239013671875,165.24249267578125,161.5478515625,0.2877204968379094
3020,957,19607,684.524169921875,296.078857421875,164.2001953125,156.1236572265625,0.3551818086550786
3021,957,27926,140.2205810546875,136.41038513183594,287.47015380859375,472.30262756347656,0.30467244294973517
3022,957,16551,70.453125,779.4644165039062,338.23004150390625,498.61907958984375,0.2903336515793433
3023,957,19607,127.275634765625,296.078857421875,164.2001953125,156.1236572265625,0.2841454469240629
3024,962,19607,139.7325439453125,843.924560546875,169.93109130859375,165.295654296875,0.35790640574235183
3025,962,29451,461.21392822265625,771.8118896484375,411.178955078125,293.1005859375,0.3234769977056063
3026,962,16551,609.7236328125,103.80029296875,307.333740234375,486.40863037109375,0.2944670273707463
3027,962,1900,144.76239013671875,233.66213989257812,186.7401123046875,191.02679443359375,0.29430841024105364
3028,966,16548,123.21383666992188,847.4112548828125,255.6927490234375,249.4716796875,0.3377180833082933
3029,966,31705,123.25691223144531,126.5018310546875,274.35081481933594,428.949951171875,0.31138190856346715
3030,966,1900,650.1370849609375,898.823486328125,221.76904296875,157.575927734375,0.2803243352816655
3031,966,16548,597.0934143066406,847.4112548828125,255.6927490234375,249.4716796875,0.2701744666466346
3032,967,3351,385.45249938964844,876.1421203613281,208.23972034454346,215.32272338867188,0.4511581934415377
3033,967,29667,574.7095947265625,298.780517578125,243.112060546875,238.75433349609375,0.2980487850996164
3034,967,41768,123.33880615234374,291.79364013671875,262.074462890625,313.46649169921875,0.2733913522500258
3035,968,29667,106.87120819091797,691.3637084960938,241.29529571533203,243.74951171875,0.2882223862868089
3036,968,41768,541.3306884765625,605.556396484375,286.036865234375,331.23095703125,0.28032426650707537
3037,968,3351,333.3759765625,145.26239013671875,202.7593994140625,211.0672607421875,0.2628240447777968
3038,97,19607,659.040283203125,247.84725952148438,166.6409912109375,158.22271728515625,0.3547236781853896
3039,97,16548,97.15180206298828,816.22607421875,250.63530731201172,246.5628662109375,0.33991100696417
3040,97,29345,113.01466369628906,155.3566131591797,322.23851013183594,423.56996154785156,0.31554102897644043
3041,97,19607,150.3187255859375,247.84725952148438,166.6409912109375,158.22271728515625,0.2837789425483117
3042,972,21771,121.74917602539062,767.5120849609375,205.36508178710938,199.433349609375,0.31331839469762945
3043,972,1900,137.74972534179688,236.96829223632812,207.8009033203125,138.40972900390625,0.2855508831831125
3044,972,27926,544.6944580078125,622.7254638671875,296.63671875,494.8974609375,0.27978312510710496
3045,972,16551,555.4639892578125,7.253387451171875,348.55322265625,458.4652404785156,0.27009443594859195
3046,973,21771,179.6397247314453,876.9844970703125,205.15977478027344,199.600830078125,0.31213324803572434
3047,973,29345,595.0219116210938,708.3311767578125,301.1162109375,453.5850830078125,0.3021147847175598
3048,973,16551,549.7603759765625,68.48799133300781,329.32470703125,491.31639099121094,0.28622113741361177
3049,973,1900,174.46914672851562,263.5626220703125,144.16412353515625,206.638671875,0.2845672919200017
3050,974,29345,563.1524658203125,668.481201171875,312.904052734375,459.5667724609375,0.29896135513599104
3051,974,21771,145.88522338867188,842.0557861328125,206.436767578125,203.62353515625,0.2954229483237633
3052,974,16551,525.1446533203125,63.05780029296875,325.791015625,479.2664794921875,0.2828904986381531
3053,974,1900,159.23178100585938,253.99951171875,137.00091552734375,204.2242431640625,0.26583394178977376
3054,975,29345,113.86233520507812,144.7845458984375,288.34515380859375,432.1256103515625,0.31165709862342245
3055,975,16551,96.21417236328125,686.0072021484375,326.65008544921875,493.7120361328125,0.2975073456764221
3056,975,1900,673.624267578125,802.29638671875,148.8963623046875,215.83203125,0.28229630910433257
3057,975,21771,607.04833984375,245.9688262939453,203.287841796875,192.65196228027344,0.25572320589652425
3058,979,3351,387.44886112213135,147.2818946838379,200.2389154434204,209.4035530090332,0.4795510035294753
3059,979,18357,57.0887451171875,537.192626953125,304.95257568359375,356.658447265625,0.3233867654433617
3060,979,22074,573.6463012695312,701.9658203125,205.811279296875,207.63623046875,0.2645503328396724
3061,979,18357,613.9586791992188,537.192626953125,304.95257568359375,356.658447265625,0.2587094123546894
3062,980,18357,561.1605834960938,295.6448974609375,299.6097412109375,342.2430419921875,0.33118958656604475
3063,980,18357,561.1605834960938,642.112060546875,299.6097412109375,342.2430419921875,0.2649516692528358
3064,980,18357,115.22967529296875,295.6448974609375,299.6097412109375,342.2430419921875,0.2649516692528358
3065,980,22074,164.81922912597656,305.5972900390625,201.49607849121094,200.8411865234375,0.256253916483659
3066,982,23223,97.341796875,121.68345642089844,324.0821533203125,505.27638244628906,0.31695980292100173
3067,982,13395,613.05126953125,669.8746337890625,273.2578125,525.9439697265625,0.2850961685180664
3068,982,3743,106.69097900390625,824.7366943359375,352.68817138671875,357.698486328125,0.28277000555625326
3069,982,2483,636.9384765625,114.40673828125,242.158203125,473.09075927734375,0.2766923721020038
3070,983,23223,93.53656005859375,72.93414306640625,328.94622802734375,528.2772216796875,0.32784184584250814
3071,983,3743,105.30754089355469,817.01220703125,347.69471740722656,345.483154296875,0.2864776895596431
3072,983,13395,599.7156982421875,672.15771484375,277.012939453125,509.149658203125,0.2775349525304941
3073,983,2483,648.2976684570312,78.4747314453125,240.9981689453125,489.2452392578125,0.2648687821168166
3074,984,23223,518.3301391601562,602.8287353515625,334.9840087890625,530.338134765625,0.30836854989712054
3075,984,3743,483.86676025390625,110.26528930664062,339.1287841796875,334.99432373046875,0.291405778664809
3076,984,13395,69.1422119140625,83.88604736328125,264.13958740234375,479.75506591796875,0.269302290219527
3077,984,2483,39.62157440185547,642.3839111328125,237.79560089111328,492.2232666015625,0.25043920828745914
3078,985,16548,569.28173828125,178.61866760253906,242.3790283203125,240.23619079589844,0.33990681171417236
3079,985,24850,114.391845703125,735.5770263671875,209.13018798828125,290.78955078125,0.3095602301450876
3080,985,1900,138.52099609375,218.36669921875,204.9664306640625,154.26190185546875,0.28964762504284197
3081,985,29451,508.24951171875,787.7965087890625,437.6673583984375,264.3248291015625,0.28507766815332264
3082,986,16548,139.3451385498047,828.44970703125,252.62098693847656,253.3515625,0.33405127433630133
3083,986,29451,43.06269836425781,215.89781188964844,416.56333923339844,263.77772521972656,0.3082014505679791
3084,986,24850,635.7667236328125,254.25469970703125,203.33203125,277.2369384765625,0.3046797330562885
3085,986,1900,628.306640625,892.03515625,216.57080078125,167.093505859375,0.28140281255428606
3086,988,22347,156.2964324951172,175.9696807861328,217.31715393066406,209.77720642089844,0.313682143504803
3087,988,3483,589.0823974609375,860.2047119140625,272.2802734375,244.1494140625,0.3039348354706397
3088,988,36637,614.104248046875,187.4901580810547,276.214599609375,173.50672912597656,0.28624488757206845
3089,988,19861,122.10736083984375,860.3043212890625,230.6422119140625,178.134765625,0.2599158195348886
3090,989,22347,137.75003051757812,168.45858764648438,214.9796142578125,208.9879150390625,0.30224094024071324
3091,989,3483,560.1214599609375,825.819580078125,277.368408203125,249.570556640625,0.29468181041570807
3092,989,36637,584.2105712890625,182.78623962402344,269.8804931640625,177.24806213378906,0.29388317695030797
3093,990,22347,618.407958984375,881.3428955078125,223.9268798828125,219.10888671875,0.3153809675803551
3094,990,3483,142.596923828125,210.93800354003906,264.2664794921875,234.50218200683594,0.31068721642860997
3095,990,36637,92.50732421875,896.1788330078125,283.40130615234375,181.61669921875,0.30022953565304095
3096,990,22347,133.6651611328125,881.3428955078125,223.9268798828125,219.10888671875,0.2523047740642841
3097,991,16548,563.9183349609375,213.41482543945312,244.32958984375,241.0391845703125,0.3309900485552274
3098,991,10221,569.76708984375,763.0588989257812,249.131103515625,241.326171875,0.30978968510260946
3099,991,3544,90.58612060546875,215.47576904296875,208.0509033203125,208.19537353515625,0.29483996904813325
3100,991,21026,97.1910171508789,817.312744140625,191.12200164794922,187.468505859375,0.287326849423922
3101,993,16548,592.7671508789062,225.6083984375,247.9044189453125,240.43463134765625,0.33300982071803165
3102,993,10221,602.0393676757812,803.77978515625,238.9267578125,230.862060546875,0.30206212630638707
3103,993,3544,104.93524932861328,225.38980102539062,216.20958709716797,212.643310546875,0.30188908943763143
3104,993,16548,135.32843017578125,225.6083984375,247.9044189453125,240.43463134765625,0.26640785657442534
3105,994,3483,129.51852416992188,277.994384765625,286.00360107421875,192.4468994140625,0.2987810052358187
3106,994,16262,113.03775024414062,838.2843017578125,263.24359130859375,255.625244140625,0.29160093802672166
3107,994,30308,483.8955383300781,737.3056640625,422.1330261230469,459.4609375,0.2865629012768085
3108,996,3483,582.207763671875,833.7039794921875,293.0936279296875,186.25537109375,0.29696134420541614
3109,996,30308,94.41778564453125,52.77093505859375,421.93389892578125,465.6187744140625,0.29162824153900146
3110,996,16262,614.8961181640625,173.0250244140625,254.597412109375,247.55609130859375,0.28678916967832124
3111,997,21771,120.06625366210938,798.8827514648438,205.6168212890625,199.1676025390625,0.32482429192616386
3112,997,29451,445.0082702636719,791.57177734375,437.1340637207031,259.104736328125,0.30506351819405186
3113,997,1900,144.98419189453125,234.118408203125,186.84710693359375,187.8369140625,0.28641932285748994
3114,997,16551,567.5320434570312,52.21336364746094,308.381591796875,486.69288635253906,0.2846066768352802
3115,998,21771,153.75885009765625,832.7357177734375,202.6534423828125,196.1260986328125,0.33704766860375035
3116,998,29451,476.2483825683594,828.65234375,429.8699035644531,257.11083984375,0.31635690193909866
3117,998,16551,597.7740478515625,57.74334716796875,317.64111328125,500.06390380859375,0.2892779386960543
3118,998,1900,163.68685913085938,244.7373504638672,188.51934814453125,189.43299865722656,0.2826153544279245
3119,999,29451,100.9029541015625,215.21112060546875,418.7874755859375,263.22247314453125,0.3137726279405447
3120,999,16551,74.24856567382812,681.718017578125,318.3683776855469,512.96240234375,0.2892982501250047
3121,999,1900,639.035400390625,836.790283203125,195.49560546875,201.2001953125,0.2869821053284865
3122,999,21771,634.33056640625,281.88726806640625,201.6763916015625,196.51251220703125,0.2642075832073505
