annotation_id,image_id,category_id,bbox_x,bbox_y,bbox_w,bbox_h,score
1,1,1900,154.17144775390625,245.411865234375,213.26715087890625,136.8199462890625,0.745578408241272
2,1,16551,548.2242431640625,50.228973388671875,410.611083984375,448.22528076171875,0.7408285737037659
3,1,24850,164.07528686523438,741.374755859375,196.65948486328125,295.685302734375,0.7245135307312012
4,1,27926,573.5780639648438,672.122314453125,294.2939453125,483.52587890625,0.6793378591537476
5,10,16548,101.04431915283203,800.81201171875,248.96392059326172,248.5469970703125,0.8871601223945618
6,10,29451,98.221923828125,215.10296630859375,421.1416015625,263.103759765625,0.8068405985832214
7,10,1900,638.4464111328125,835.5081787109375,195.6727294921875,202.0546875,0.7345349192619324
8,10,21771,633.0040893554688,281.3394775390625,202.2730712890625,195.2396240234375,0.6989432573318481
9,100,16548,579.4324951171875,122.72378540039062,244.5955810546875,240.8934326171875,0.8865624070167542
10,100,1900,132.14886474609375,237.904052734375,198.6253662109375,171.71697998046875,0.7691971063613892
11,100,33009,510.095703125,781.8463134765625,387.6990966796875,231.590087890625,0.7360881567001343
12,100,18110,41.6103515625,741.68017578125,316.635498046875,311.3258056640625,0.3487066328525543
13,1003,16232,644.188720703125,177.4595947265625,198.361328125,191.99993896484375,0.8171623349189758
14,1003,3483,598.7313232421875,785.4266357421875,285.897216796875,211.986328125,0.7969141006469727
15,1003,27733,118.68038940429688,758.6138916015625,320.4857177734375,298.2657470703125,0.7651612162590027
16,1003,34597,25.007858276367188,143.81451416015625,480.71083068847656,460.2891845703125,0.7639891505241394
17,1004,16232,137.38113403320312,885.4554443359375,206.18975830078125,201.7568359375,0.8341026902198792
18,1004,3483,120.80877685546875,303.0858154296875,280.0191650390625,210.155029296875,0.802969753742218
19,1004,27733,549.8612060546875,250.5677490234375,320.463623046875,285.49798583984375,0.8027348518371582
20,1004,34597,498.6040954589844,645.1551513671875,477.3959045410156,476.7567138671875,0.7672609090805054
21,1005,16232,613.860107421875,170.78826904296875,197.1077880859375,194.65484619140625,0.8344935774803162
22,1005,3483,569.9844970703125,752.7708740234375,288.58984375,214.793212890625,0.8088200688362122
23,1005,27733,82.46975708007812,713.2562866210938,327.83795166015625,301.7369384765625,0.7707223892211914
24,1005,34597,16.671875,109.24261474609375,466.9993896484375,474.06646728515625,0.7602198123931885
25,1006,25367,31.41815185546875,161.3153076171875,468.376953125,462.29150390625,0.8242868185043335
26,1006,20238,610.9693603515625,186.1915283203125,236.731201171875,231.46966552734375,0.7645896077156067
27,1006,3483,593.8297729492188,834.736572265625,292.6024169921875,204.52587890625,0.7414810657501221
28,1006,25469,37.538116455078125,844.4593505859375,392.83538818359375,243.409912109375,0.6571605801582336
29,1007,25367,23.36517333984375,145.5388946533203,449.82952880859375,443.93638610839844,0.7746323347091675
30,1007,20238,581.1459350585938,182.15216064453125,234.545166015625,228.28070068359375,0.7511330842971802
31,1007,3483,569.196044921875,803.6732177734375,292.267822265625,205.027587890625,0.7506638169288635
32,1007,25469,0.4813232421875,799.63623046875,398.92095947265625,246.88232421875,0.7305577993392944
33,1009,22347,74.2319107055664,191.38987731933594,212.94579315185547,206.27613830566406,0.8220263719558716
34,1009,3483,568.8271484375,804.7586669921875,292.69873046875,203.76611328125,0.7587282061576843
35,1009,16262,536.630126953125,176.24810791015625,256.947021484375,251.79443359375,0.7484821081161499
36,1009,25469,0.621429443359375,800.8182373046875,399.1796569824219,245.706298828125,0.733240008354187
37,1010,22347,91.30318450927734,200.78179931640625,215.77863311767578,207.5230712890625,0.843061625957489
38,1010,16262,563.6671142578125,180.865478515625,261.342529296875,256.12261962890625,0.7547603845596313
39,1010,3483,594.7235107421875,835.9803466796875,291.7242431640625,202.0562744140625,0.7327980399131775
40,1010,25469,40.5693359375,843.8912353515625,394.5213623046875,246.63232421875,0.656093418598175
41,1012,16548,605.117919921875,150.72328186035156,243.16748046875,238.40074157714844,0.8452029228210449
42,1012,24850,132.82720947265625,703.10302734375,200.25921630859375,298.13623046875,0.7489416599273682
43,1012,1900,137.76190185546875,237.03482055664062,207.8258056640625,138.5367431640625,0.7442446947097778
44,1012,27926,540.186279296875,622.2320556640625,302.0233154296875,494.851318359375,0.7092923521995544
45,1013,16548,101.76744842529297,859.3255615234375,250.97046661376953,251.5205078125,0.8852044343948364
46,1013,27926,139.4258575439453,135.96661376953125,285.79185485839844,471.81317138671875,0.7955844402313232
47,1013,24850,627.9862060546875,269.333251953125,199.314208984375,287.7569580078125,0.7331920862197876
48,1013,1900,623.78125,886.048828125,220.868408203125,146.494873046875,0.7215286493301392
49,1014,16548,634.1922607421875,155.93341064453125,247.41748046875,241.2542724609375,0.849310040473938
50,1014,1900,154.468505859375,245.81100463867188,214.14434814453125,139.14520263671875,0.7429397106170654
51,1014,24850,164.18955993652344,741.463134765625,196.73524475097656,295.8123779296875,0.7280317544937134
52,1014,27926,569.7178955078125,670.8192138671875,295.743408203125,483.2816162109375,0.6940739154815674
53,1015,20877,113.26739501953125,761.2059326171875,347.02679443359375,256.9613037109375,0.8136100769042969
54,1015,35206,647.96044921875,168.11199951171875,241.60107421875,420.64923095703125,0.7935883402824402
55,1015,3483,640.654541015625,741.8182373046875,225.818603515625,276.27001953125,0.7647852301597595
56,1015,30308,52.55706787109375,112.25616455078125,418.94189453125,429.00372314453125,0.749453067779541
57,1016,3483,134.00711059570312,284.8677978515625,225.15231323242188,270.58154296875,0.8189546465873718
58,1016,35206,89.10140991210938,664.9287109375,254.12387084960938,420.312255859375,0.8054617643356323
59,1016,20877,535.6939697265625,283.6429443359375,341.6884765625,254.31494140625,0.8001351356506348
60,1016,30308,519.9459228515625,703.8421630859375,431.703369140625,448.400146484375,0.6913533210754395
61,1018,3483,120.5447998046875,302.89727783203125,278.86517333984375,210.45855712890625,0.7989564538002014
62,1018,27733,547.5234375,246.592041015625,315.7425537109375,279.45147705078125,0.7950325012207031
63,1018,29667,87.84783172607422,855.5960693359375,236.57337188720703,237.7489013671875,0.7929480075836182
64,1018,30308,425.481201171875,711.497802734375,464.02734375,364.047119140625,0.5180413722991943
65,1019,29667,662.5383911132812,174.59796142578125,233.3807373046875,229.7008056640625,0.809263288974762
66,1019,3483,598.6370849609375,785.40478515625,285.932861328125,211.399658203125,0.7879197597503662
67,1019,27733,123.364990234375,763.87939453125,320.29083251953125,299.529541015625,0.7584220170974731
68,1019,30308,86.48150634765625,189.61474609375,476.85406494140625,350.1573486328125,0.6971614956855774
69,102,16548,606.9246826171875,125.23171997070312,250.03759765625,245.1273193359375,0.8617543578147888
70,102,33009,539.3518676757812,819.4300537109375,385.6405029296875,229.5556640625,0.7826887965202332
71,102,1900,149.68768310546875,247.33181762695312,204.4422607421875,174.689697265625,0.7598872184753418
72,102,18110,77.09979248046875,784.4818115234375,311.1783447265625,308.7587890625,0.47351670265197754
73,1020,29667,632.868408203125,172.3245849609375,229.181884765625,225.8370361328125,0.8228685855865479
74,1020,3483,569.789306640625,752.6143798828125,288.890625,214.993408203125,0.8084309697151184
75,1020,27733,88.135009765625,720.783203125,325.91265869140625,301.3416748046875,0.7795675992965698
76,1020,30308,68.30474853515625,162.0542449951172,480.43548583984375,351.18165588378906,0.6847383379936218
77,1022,33208,571.27978515625,800.5089111328125,231.001220703125,220.989990234375,0.8528077006340027
78,1022,29451,28.15380859375,785.58447265625,435.6745910644531,258.412109375,0.8328953385353088
79,1022,1900,144.51730346679688,233.0287628173828,187.7061767578125,190.91844177246094,0.7663085460662842
80,1022,16551,606.4103393554688,19.044845581054688,308.1591796875,480.04896545410156,0.7471791505813599
81,1023,29451,63.159881591796875,825.3541259765625,428.90155029296875,254.8929443359375,0.8475925922393799
82,1023,33208,599.8291015625,833.8900146484375,227.257080078125,215.697265625,0.8445627093315125
83,1023,16551,633.1939697265625,15.965377807617188,325.272705078125,508.71241760253906,0.7536543607711792
84,1023,1900,164.52630615234375,244.806640625,185.8927001953125,189.55694580078125,0.7456073760986328
85,1025,3483,131.83877563476562,282.17523193359375,227.42257690429688,271.42333984375,0.8034641742706299
86,1025,20877,537.3797607421875,284.89080810546875,340.790771484375,252.284423828125,0.7983416318893433
87,1025,16262,105.26361083984375,828.62451171875,257.39886474609375,254.372802734375,0.7966752648353577
88,1025,28763,635.7244262695312,857.921142578125,233.2359619140625,223.0380859375,0.7791554927825928
89,1026,20877,114.68142700195312,760.3719482421875,344.833984375,258.846923828125,0.8245830535888672
90,1026,28763,130.93313598632812,196.822021484375,227.1802978515625,217.214599609375,0.7886188626289368
91,1026,3483,640.3388671875,743.3333740234375,225.537109375,276.328125,0.770850658416748
92,1026,16262,622.5538940429688,179.8426971435547,255.1619873046875,253.16969299316406,0.7528982758522034
93,1027,16232,592.43798828125,256.1916809082031,201.80859375,199.98779296875,0.6864045262336731
94,1027,13900,180.0804443359375,279.2735595703125,221.61114501953125,249.377685546875,0.6701804995536804
95,1027,3351,346.126708984375,872.7069091796875,205.5391845703125,214.6182861328125,0.6681751012802124
96,1028,16232,134.57687377929688,781.51513671875,194.9283447265625,191.241943359375,0.7876970171928406
97,1028,13900,538.7047119140625,698.3377685546875,226.802978515625,263.6103515625,0.756089448928833
98,1028,3351,383.09912109375,146.79873657226562,200.77679443359375,210.81048583984375,0.7027332782745361
99,1029,13900,581.763671875,789.0697021484375,216.8076171875,259.0997314453125,0.791930615901947
100,1029,16232,173.6990966796875,861.3602294921875,201.6502685546875,203.25830078125,0.7769461870193481
101,1029,3351,425.9581298828125,206.1056365966797,205.19189453125,205.17799377441406,0.70992511510849
102,1030,3483,571.0496826171875,752.5343017578125,288.1993408203125,214.24560546875,0.8081405758857727
103,1030,35206,558.12646484375,108.37493896484375,270.623046875,400.07012939453125,0.7846342325210571
104,1030,27733,83.6131591796875,713.4793701171875,327.0234375,301.854248046875,0.7758961319923401
105,1030,34597,40.3328857421875,125.9412841796875,475.4866943359375,466.51806640625,0.7350103855133057
106,1034,28763,643.385986328125,880.5791015625,229.7823486328125,222.697265625,0.830571174621582
107,1034,3483,141.20269775390625,211.5189208984375,264.5694580078125,234.63250732421875,0.8147766590118408
108,1034,36637,92.1988525390625,897.9317626953125,283.7387390136719,180.7080078125,0.7716895937919617
109,1034,19861,634.860107421875,271.916259765625,229.781982421875,177.98980712890625,0.5828959345817566
110,1039,28763,125.02081298828125,208.15191650390625,223.909423828125,213.813720703125,0.7597036361694336
111,1039,16262,560.218505859375,180.02297973632812,266.1837158203125,257.9947509765625,0.7483333945274353
112,1039,3483,594.391845703125,835.612060546875,291.8201904296875,202.609375,0.7386040687561035
113,1039,25469,40.39434814453125,844.4986572265625,393.97625732421875,245.7454833984375,0.6641141772270203
114,104,21325,606.4086303710938,755.29345703125,192.564453125,242.1419677734375,0.8490524888038635
115,104,18357,90.30487060546875,602.1634521484375,282.24285888671875,385.73291015625,0.8300960063934326
116,104,3351,318.3489990234375,194.424072265625,198.68072509765625,207.679443359375,0.66226726770401
117,1041,28763,646.653076171875,849.49462890625,228.534912109375,222.609375,0.8186506032943726
118,1041,16262,159.235107421875,823.169921875,263.64630126953125,260.83154296875,0.7721461653709412
119,1041,3483,120.97639465332031,267.1801452636719,283.83592224121094,201.6795654296875,0.7664869427680969
120,1041,25469,559.1530151367188,216.05584716796875,391.342529296875,246.4586181640625,0.630789577960968
121,1043,18357,43.434783935546875,619.2982177734375,279.7391052246094,368.630615234375,0.8192490935325623
122,1043,3351,307.8128662109375,158.9754638671875,198.63720703125,207.83050537109375,0.6577988862991333
123,1043,35206,486.3990173339844,591.52685546875,281.8093566894531,440.483154296875,0.632961094379425
124,1044,18357,85.73440551757812,714.042724609375,285.3209533691406,371.26220703125,0.8640998601913452
125,1044,3351,344.41009521484375,216.06065368652344,204.853271484375,207.13905334472656,0.6843633055686951
126,1044,35206,532.9176025390625,690.959228515625,265.648193359375,431.63330078125,0.6210925579071045
127,1045,20877,36.10369873046875,751.2553100585938,346.01763916015625,262.67724609375,0.8352269530296326
128,1045,29667,585.9760131835938,171.28321838378906,232.5462646484375,228.89744567871094,0.8126623034477234
129,1045,3483,609.9930419921875,707.7137451171875,228.8673095703125,284.814697265625,0.7599762082099915
130,1045,28763,130.63943481445312,206.96279907226562,223.67474365234375,211.70849609375,0.757035493850708
131,1046,20877,68.8953857421875,793.9566650390625,344.3077087402344,261.774658203125,0.8450472950935364
132,1046,29667,615.3065185546875,176.00399780273438,235.7784423828125,229.857666015625,0.8050041198730469
133,1046,3483,640.5311279296875,744.17431640625,225.417724609375,275.838623046875,0.7703603506088257
134,1046,28763,148.4896240234375,215.30697631835938,228.0233154296875,215.67144775390625,0.7368267178535461
135,1047,3483,134.659912109375,283.86370849609375,226.05035400390625,269.66729736328125,0.8153771162033081
136,1047,29667,130.88088989257812,854.6724853515625,240.20941162109375,239.528076171875,0.8067150115966797
137,1047,20877,583.523193359375,251.4319305419922,338.95166015625,259.01197814941406,0.8048460483551025
138,1047,28763,618.8321533203125,839.753662109375,231.8995361328125,222.0234375,0.7852309346199036
139,1050,5094,127.11868286132812,839.422119140625,294.1956787109375,292.138671875,0.8023920059204102
140,1050,22627,81.24758911132812,171.6392822265625,350.4111328125,481.254150390625,0.7593580484390259
141,1050,2483,624.76318359375,81.28843688964844,241.19189453125,486.01173400878906,0.6783987283706665
142,1050,22362,591.8037109375,779.8541259765625,282.6102294921875,419.0545654296875,0.6400753259658813
143,1051,4378,124.4429931640625,111.07305908203125,241.29132080078125,436.044677734375,0.8655542135238647
144,1051,23223,474.1109313964844,637.3388671875,410.0825500488281,506.9947509765625,0.7999734282493591
145,1051,5094,538.430419921875,178.2120361328125,291.16015625,292.25457763671875,0.7529237866401672
146,1051,2483,83.72612762451172,673.9571533203125,244.10889434814453,485.7423095703125,0.6621509790420532
147,1053,23223,65.5623779296875,67.78997802734375,399.25518798828125,498.7265625,0.8221260905265808
148,1053,4378,563.3671875,698.29345703125,257.665283203125,461.79248046875,0.7918102741241455
149,1053,5094,96.24411010742188,792.72265625,293.8905029296875,290.6650390625,0.7250484824180603
150,1053,2483,594.7650146484375,47.3775634765625,254.7867431640625,494.53399658203125,0.7237960696220398
151,1055,3483,559.02880859375,759.9832763671875,294.20263671875,213.656982421875,0.8025854825973511
152,1055,29667,642.84521484375,177.9842529296875,227.392822265625,227.7711181640625,0.7856811881065369
153,1055,27733,75.32559204101562,720.302734375,335.8695983886719,290.52294921875,0.7714906334877014
154,1055,31885,46.09649658203125,19.43060302734375,444.87030029296875,514.6363525390625,0.7692344784736633
155,1056,29667,672.81640625,181.3341064453125,231.636962890625,230.08074951171875,0.8157915472984314
156,1056,3483,588.4547119140625,792.818603515625,288.018310546875,209.7646484375,0.7989509105682373
157,1056,31885,58.03857421875,32.86907958984375,456.48187255859375,517.503662109375,0.7346398830413818
158,1056,27733,111.53657531738281,764.730224609375,329.29393005371094,290.554931640625,0.7338634729385376
159,1057,4378,628.494873046875,704.54052734375,247.812744140625,460.316162109375,0.79608154296875
160,1057,25438,100.307861328125,820.7418212890625,276.366943359375,271.9180908203125,0.7333552241325378
161,1057,2483,590.7513427734375,57.69966125488281,266.9169921875,491.33543395996094,0.7074112296104431
162,1057,12778,76.4697265625,66.93695068359375,337.42254638671875,524.1287841796875,0.6102198362350464
163,1058,4378,633.19384765625,707.345703125,252.51171875,463.158203125,0.7584860324859619
164,1058,2483,580.8193359375,101.23236083984375,273.9920654296875,460.853271484375,0.7320247888565063
165,1058,25438,101.10009765625,831.0965576171875,278.9793701171875,280.822998046875,0.6804986596107483
166,1058,12778,79.19239807128906,102.2843017578125,338.10691833496094,516.704345703125,0.6189380884170532
167,1060,22627,520.662109375,623.8895263671875,369.48583984375,502.1014404296875,0.763738214969635
168,1060,25438,543.3875732421875,192.67465209960938,269.668212890625,270.8228759765625,0.7462294697761536
169,1060,13395,105.99942016601562,52.53485107421875,267.68951416015625,476.64251708984375,0.6595227122306824
170,1060,2483,99.93680572509766,675.15380859375,244.96239471435547,490.6060791015625,0.6542775630950928
171,1064,20238,610.28564453125,185.97242736816406,237.8719482421875,231.78636169433594,0.7823185920715332
172,1064,34597,45.04832458496094,112.65809631347656,490.29054260253906,469.08934020996094,0.776817262172699
173,1064,3483,594.7117919921875,835.8448486328125,291.6748046875,202.33349609375,0.7391375303268433
174,1064,25469,40.58544921875,844.096435546875,393.8203125,246.6802978515625,0.6583484411239624
175,1065,20238,133.96685791015625,845.038818359375,244.7022705078125,236.21484375,0.7817780375480652
176,1065,3483,123.08821105957031,270.3311767578125,283.74241638183594,200.2838134765625,0.7686657309532166
177,1065,34597,473.817138671875,667.786865234375,483.806640625,476.953857421875,0.72984778881073
178,1065,25469,558.6325073242188,216.37942504882812,391.875,247.85992431640625,0.616389811038971
179,1067,3483,129.28131103515625,278.24139404296875,286.79547119140625,191.8680419921875,0.7712728381156921
180,1067,31885,544.566650390625,660.9908447265625,426.652587890625,569.7392578125,0.753515899181366
181,1067,16262,113.6912841796875,836.67529296875,261.41632080078125,259.109619140625,0.749507486820221
182,1067,27653,672.7236328125,248.0002899169922,221.62060546875,213.11207580566406,0.6408252716064453
183,1069,21771,111.46875,195.88754272460938,202.45111083984375,196.41412353515625,0.8844395875930786
184,1069,16548,637.2196044921875,156.91082763671875,246.34619140625,241.80755615234375,0.8576878309249878
185,1069,1900,620.8194580078125,889.2703857421875,209.03515625,144.469482421875,0.7618049383163452
186,1069,21026,134.72833251953125,863.189208984375,186.775634765625,186.639892578125,0.7380568385124207
187,1070,16548,99.38379669189453,857.0281982421875,251.64568328857422,251.90478515625,0.8879067301750183
188,1070,21771,677.8914794921875,877.3663330078125,211.9053955078125,202.81982421875,0.794815182685852
189,1070,21026,668.1510009765625,267.5638427734375,185.7012939453125,181.216064453125,0.7672955393791199
190,1070,1900,172.28829956054688,274.728759765625,210.99957275390625,150.127685546875,0.7523698806762695
191,1073,22347,114.17901611328125,191.40618896484375,209.6925048828125,206.97015380859375,0.802156925201416
192,1073,36637,629.4533081054688,174.56478881835938,196.017822265625,253.6497802734375,0.7597532272338867
193,1073,27777,137.01336669921875,772.2179565429688,192.3890380859375,212.77490234375,0.7403698563575745
194,1073,3483,520.7293701171875,766.1175537109375,288.78271484375,238.1982421875,0.7267796993255615
195,1075,4543,605.2330932617188,138.80609130859375,213.21435546875,203.7960205078125,0.7821779847145081
196,1075,3544,101.54967498779297,153.9919891357422,212.35498809814453,209.37953186035156,0.7820696234703064
197,1075,29871,594.547607421875,761.4676513671875,220.330322265625,241.7369384765625,0.7535263299942017
198,1075,16551,84.4697265625,585.8255615234375,346.861572265625,476.8153076171875,0.6927385926246643
199,1076,3544,659.992431640625,892.481201171875,228.43798828125,222.9952392578125,0.8098315596580505
200,1076,4543,130.2652587890625,912.8084716796875,220.16213989257812,220.1309814453125,0.8070169687271118
201,1076,16551,523.7470703125,178.987548828125,340.957275390625,464.3839111328125,0.7520104646682739
202,1076,29871,163.3452606201172,272.78564453125,215.51747131347656,223.877685546875,0.5891474485397339
203,1077,3544,114.66228485107422,157.26348876953125,214.65906524658203,217.80499267578125,0.7904123067855835
204,1077,4543,634.87744140625,139.58993530273438,216.54052734375,205.73590087890625,0.7898156046867371
205,1077,16551,117.3978271484375,635.8955078125,342.34967041015625,476.96728515625,0.7116093635559082
206,1077,29871,625.2685546875,800.412353515625,214.3868408203125,231.793212890625,0.6745221614837646
207,1079,20877,66.28628540039062,792.9072265625,341.6510925292969,263.71533203125,0.8196873068809509
208,1079,22347,116.47515869140625,212.8126220703125,213.5201416015625,208.07769775390625,0.819153368473053
209,1079,29667,617.5926513671875,178.0651397705078,234.35009765625,230.87144470214844,0.8011728525161743
210,1079,3483,638.2747802734375,748.4019775390625,225.251708984375,275.756591796875,0.775657057762146
211,108,25438,132.74313354492188,833.9595947265625,277.9134521484375,272.95556640625,0.7413159012794495
212,108,2483,588.3589477539062,77.5411376953125,266.66845703125,485.16729736328125,0.7058939337730408
213,108,22362,566.735107421875,741.5535888671875,289.29931640625,423.044189453125,0.6559186577796936
214,108,12778,101.487548828125,45.13104248046875,308.736328125,533.7854614257812,0.6138522624969482
215,1080,22347,100.1080322265625,206.31594848632812,211.41668701171875,201.8751220703125,0.8472116589546204
216,1080,20877,33.0736083984375,750.78125,345.6812744140625,264.352294921875,0.8396195769309998
217,1080,29667,588.1063232421875,174.36305236816406,232.8485107421875,230.33836364746094,0.8078674674034119
218,1080,3483,607.2616577148438,711.3255615234375,230.462646484375,285.231689453125,0.7569286227226257
219,1081,44199,90.63555908203125,174.87266540527344,265.26190185546875,245.49085998535156,0.8653736710548401
220,1081,16551,463.40704345703125,182.074951171875,482.838134765625,373.746826171875,0.7884432673454285
221,1081,1900,607.2310791015625,899.989013671875,210.0888671875,144.4012451171875,0.7534021735191345
222,1081,21026,122.57565307617188,861.224365234375,188.07363891601562,186.010986328125,0.7261556386947632
223,1085,20877,83.31884765625,720.4708251953125,347.396484375,253.634521484375,0.8463019132614136
224,1085,16232,620.1790771484375,213.6114501953125,201.056396484375,195.1976318359375,0.827725887298584
225,1085,25367,25.78961181640625,118.74835205078125,458.15869140625,435.07379150390625,0.7990964651107788
226,1085,3483,610.67041015625,706.016357421875,229.363037109375,286.8463134765625,0.7561025023460388
227,1087,3544,131.53768920898438,171.4429931640625,211.69754028320312,205.59228515625,0.8078723549842834
228,1087,10221,612.5848388671875,195.92300415039062,236.641845703125,232.03936767578125,0.7794312238693237
229,1087,16551,74.91781616210938,581.2796630859375,321.8427429199219,490.6424560546875,0.7393261194229126
230,1087,31705,551.3310546875,671.1873779296875,282.092041015625,462.447265625,0.7260968685150146
231,1089,10221,102.08636474609375,824.129150390625,241.87774658203125,241.113525390625,0.816899299621582
232,1089,31705,143.77056884765625,142.53065490722656,271.894287109375,430.64964294433594,0.7925906181335449
233,1089,3544,623.744873046875,880.1927490234375,229.670654296875,225.236572265625,0.7799205780029297
234,1089,16551,565.3702392578125,173.26551818847656,320.28369140625,475.44700622558594,0.7622412443161011
235,109,3483,141.1719512939453,212.27903747558594,264.16490173339844,234.25209045410156,0.8211269378662109
236,109,25367,562.7501220703125,714.162353515625,413.2498779296875,508.8638916015625,0.793785810470581
237,109,35206,102.66535949707031,761.047607421875,313.49742126464844,410.91455078125,0.6871547698974609
238,109,19861,635.3447265625,272.4781799316406,228.6748046875,178.43212890625,0.6032246947288513
239,1092,16548,82.35702514648438,909.425048828125,250.98367309570312,248.6103515625,0.872326672077179
240,1092,44199,134.29052734375,235.38027954101562,251.55303955078125,246.22515869140625,0.81367427110672
241,1092,1900,648.502197265625,842.971435546875,216.129638671875,172.5830078125,0.7702363729476929
242,1092,33009,563.005126953125,205.5181884765625,332.428466796875,307.05859375,0.7246682047843933
243,1093,3483,140.95494079589844,211.9680938720703,264.86244201660156,234.73851013183594,0.8178482055664062
244,1093,34597,490.8553466796875,676.66455078125,481.5302734375,486.3902587890625,0.7649374008178711
245,1093,16262,93.73583984375,842.906005859375,260.0579528808594,257.2049560546875,0.7471997141838074
246,1093,19861,634.5249633789062,272.0775146484375,229.5640869140625,178.890869140625,0.5919241309165955
247,1095,3483,592.0617065429688,859.41650390625,270.166259765625,243.077392578125,0.7894885540008545
248,1095,34597,38.29588317871094,106.53504943847656,476.45338439941406,460.09141540527344,0.7770063281059265
249,1095,16262,631.683349609375,165.99293518066406,256.73583984375,250.38670349121094,0.7497736811637878
250,1095,19861,124.633544921875,860.4354248046875,229.719482421875,177.885986328125,0.6835952401161194
251,1096,6563,151.4445343017578,668.08642578125,250.41770935058594,375.074951171875,0.8555063605308533
252,1096,27993,540.6705322265625,765.97216796875,322.24267578125,260.676025390625,0.810547411441803
253,1096,16551,466.2540588378906,87.1263427734375,464.3202819824219,379.07244873046875,0.809561550617218
254,1096,3544,89.54048919677734,188.91873168945312,211.79126739501953,210.914306640625,0.5348775386810303
255,1097,6563,182.68099975585938,707.2501220703125,251.1917724609375,376.9609375,0.8419676423072815
256,1097,16551,490.3306579589844,101.92584228515625,479.3545227050781,381.92071533203125,0.8002262115478516
257,1097,3544,103.74118041992188,199.03656005859375,216.10797119140625,211.1346435546875,0.7841231226921082
258,1097,27993,571.0274658203125,807.2327880859375,317.112060546875,248.551513671875,0.6561035513877869
259,1098,27993,122.90730285644531,245.12371826171875,304.53050231933594,247.41033935546875,0.905617892742157
260,1098,6563,559.4424438476562,227.7515106201172,250.3306884765625,349.25758361816406,0.8149559497833252
261,1098,3544,672.0966796875,855.520751953125,223.8465576171875,223.7353515625,0.7727291584014893
262,1098,16551,9.814682006835938,767.738525390625,481.58534240722656,383.4581298828125,0.764485239982605
263,110,25367,23.939453125,42.23301696777344,411.547119140625,492.02223205566406,0.8276362419128418
264,110,3483,591.8724975585938,859.4974365234375,270.4732666015625,243.064697265625,0.7908956408500671
265,110,35206,570.0159912109375,84.23750305175781,305.387939453125,404.79881286621094,0.78873211145401
266,110,19861,124.62042236328125,860.450927734375,229.69061279296875,177.9052734375,0.6831775903701782
267,1100,36637,628.8641967773438,175.02719116210938,196.158203125,253.7894287109375,0.7740797400474548
268,1100,31885,46.96063232421875,87.81605529785156,434.76763916015625,509.56809997558594,0.7689753770828247
269,1100,27777,136.90859985351562,771.6135864257812,191.90234375,213.182861328125,0.744511604309082
270,1100,3483,521.4296875,766.30126953125,287.231201171875,237.62548828125,0.7363777756690979
271,1101,3483,552.5245361328125,805.943603515625,281.390869140625,227.854248046875,0.7658693194389343
272,1101,36637,658.195556640625,177.55532836914062,197.97900390625,259.7034912109375,0.7603508234024048
273,1101,27777,170.20716857910156,810.42138671875,189.42076110839844,209.198974609375,0.7551451921463013
274,1101,31885,57.69316101074219,109.00494384765625,447.67567443847656,512.0718383789062,0.7471883296966553
275,1105,22347,107.4650650024414,207.10853576660156,215.66948699951172,205.97019958496094,0.8427814245223999
276,1105,35206,587.6126098632812,115.9849853515625,277.0516357421875,412.295654296875,0.8370188474655151
277,1105,3483,598.960205078125,785.1845703125,285.68798828125,211.99658203125,0.7897011041641235
278,1105,27733,119.51019287109375,757.7122802734375,321.72265625,300.3642578125,0.7640249133110046
279,1109,3483,582.5178833007812,833.74609375,293.1793212890625,185.59912109375,0.7743810415267944
280,1109,28763,134.77938842773438,216.91192626953125,226.4033203125,215.7156982421875,0.7718584537506104
281,1109,16262,615.4176025390625,172.94903564453125,253.881103515625,246.39361572265625,0.7536270618438721
282,1109,27653,94.1240234375,847.496337890625,227.10382080078125,216.936279296875,0.6111130118370056
283,1111,29667,597.318115234375,169.8870849609375,229.466796875,226.49835205078125,0.8135427236557007
284,1111,28763,112.1879653930664,181.13262939453125,219.31566619873047,210.07183837890625,0.7744889259338379
285,1111,3483,549.251708984375,796.2427978515625,300.5107421875,195.386474609375,0.7661638259887695
286,1111,27653,58.15179443359375,803.8514404296875,231.44232177734375,221.35205078125,0.5960336923599243
287,1114,35206,92.99884796142578,685.3516845703125,224.00713348388672,420.4224853515625,0.8047979474067688
288,1114,3483,129.4998321533203,278.3492431640625,285.19956970214844,192.23101806640625,0.781377375125885
289,1114,30308,538.0010986328125,683.7601318359375,422.298583984375,446.9534912109375,0.7489607930183411
290,1114,27653,672.4625244140625,247.7118682861328,222.272216796875,212.69664001464844,0.6444554328918457
291,1115,35206,636.6837158203125,139.8406982421875,220.963134765625,404.38330078125,0.7886350154876709
292,1115,3483,550.683349609375,797.2603759765625,300.110595703125,193.78564453125,0.7667609453201294
293,1115,30308,25.71453857421875,115.5589599609375,401.72943115234375,416.5018310546875,0.7408260107040405
294,1115,27653,58.91407012939453,804.716796875,232.27568817138672,221.107177734375,0.6117540001869202
295,1116,35206,666.785400390625,148.51927185058594,224.3138427734375,417.35292053222656,0.7976562976837158
296,1116,3483,582.8607177734375,834.5372314453125,292.3082275390625,184.67431640625,0.7758112549781799
297,1116,30308,40.81915283203125,123.0462646484375,419.467529296875,451.06256103515625,0.7545393109321594
298,1116,27653,94.04595947265625,847.4232177734375,226.79843139648438,217.12451171875,0.6089533567428589
299,1118,16548,98.67330169677734,877.767578125,251.83130645751953,247.4063720703125,0.8827537894248962
300,1118,6563,564.4998779296875,232.02239990234375,250.005126953125,349.11663818359375,0.7997612953186035
301,1118,3544,670.2503662109375,853.2366943359375,225.1689453125,225.38671875,0.7634181380271912
302,1118,29871,193.37954711914062,235.40858459472656,186.52923583984375,243.75718688964844,0.5181721448898315
303,1119,16548,638.3895263671875,140.91029357910156,246.3228759765625,239.69688415527344,0.8620569705963135
304,1119,6563,179.77120971679688,702.163330078125,248.104736328125,375.563232421875,0.8136718273162842
305,1119,3544,104.63361358642578,202.88861083984375,215.36638641357422,208.8564453125,0.8105860948562622
306,1119,29871,625.0157470703125,818.228515625,185.412841796875,256.3330078125,0.6931777000427246
307,112,3544,123.82369995117188,227.67742919921875,217.73928833007812,213.20965576171875,0.7955838441848755
308,112,33009,551.5477294921875,792.93701171875,381.256591796875,239.16162109375,0.7487685084342957
309,112,10221,622.544677734375,189.0330810546875,239.037109375,233.26385498046875,0.731096088886261
310,112,16551,139.11090087890625,568.388671875,351.7908935546875,507.966064453125,0.7260162234306335
311,1121,29667,131.8662109375,863.9942626953125,244.282470703125,242.8953857421875,0.797059953212738
312,1121,28763,609.3380126953125,855.1082763671875,234.29150390625,226.0469970703125,0.7883374094963074
313,1121,3483,121.46891784667969,267.63299560546875,284.34864807128906,198.880859375,0.7608888149261475
314,1121,25469,560.7493896484375,172.73501586914062,348.6290283203125,311.333740234375,0.6711582541465759
315,1123,3483,121.32025146484375,303.12744140625,278.03302001953125,210.5299072265625,0.8076716661453247
316,1123,27733,549.411376953125,249.7088623046875,321.24853515625,286.20672607421875,0.8052926659584045
317,1123,16262,145.902587890625,793.6046142578125,265.57952880859375,259.577392578125,0.7685806751251221
318,1123,25367,476.5782470703125,646.3199462890625,478.78564453125,471.7041015625,0.7292059659957886
319,1125,3483,598.9390869140625,785.177978515625,285.2044677734375,212.45458984375,0.7905290126800537
320,1125,25367,53.59523010253906,142.78587341308594,470.74522399902344,467.01051330566406,0.7880473732948303
321,1125,27733,118.6552734375,758.1910400390625,320.76312255859375,298.7724609375,0.7655726671218872
322,1125,16262,577.5457763671875,214.44285583496094,261.82666015625,253.34999084472656,0.7533375024795532
323,1126,20877,536.7957763671875,283.382080078125,341.9281005859375,253.72186279296875,0.8074324727058411
324,1126,16262,105.46954345703125,827.4130859375,258.76129150390625,256.163818359375,0.7988874316215515
325,1126,3483,133.21084594726562,282.0306396484375,226.58071899414062,270.5904541015625,0.7973740100860596
326,1126,31885,500.9242858886719,715.202392578125,462.9101867675781,517.406005859375,0.7552376985549927
327,1129,22347,675.952880859375,820.2554931640625,221.9417724609375,218.004150390625,0.8464565873146057
328,1129,3483,121.59353637695312,302.46160888671875,279.01141357421875,210.67657470703125,0.8007804155349731
329,1129,27733,548.195068359375,248.36077880859375,323.063232421875,286.060302734375,0.7916855216026306
330,1129,20238,107.88919067382812,850.1783447265625,240.49203491210938,235.983642578125,0.7741901278495789
331,113,3544,651.24365234375,826.0794677734375,222.71435546875,221.83544921875,0.7645635604858398
332,113,16551,500.94146728515625,210.2947235107422,342.06591796875,491.41993713378906,0.7640454173088074
333,113,33009,75.58233642578125,253.1916961669922,373.993408203125,253.52857971191406,0.7630631327629089
334,113,10221,120.82339477539062,835.30322265625,243.25393676757812,244.55419921875,0.7427243590354919
335,1135,33009,540.4039916992188,820.038818359375,383.9375,227.361083984375,0.7762265801429749
336,1135,1900,150.26947021484375,247.1082305908203,203.99884033203125,175.04039001464844,0.7607463002204895
337,1135,16551,584.471435546875,47.0784912109375,315.123046875,497.566650390625,0.7439565062522888
338,1135,18110,75.85897827148438,783.920654296875,308.5741882324219,309.678955078125,0.5005204677581787
339,1136,33009,86.42926025390625,240.97625732421875,372.74481201171875,239.5286865234375,0.7641137838363647
340,1136,1900,640.107421875,851.851318359375,210.1884765625,178.33935546875,0.7376108169555664
341,1136,16551,82.72216796875,697.260986328125,318.42816162109375,504.64892578125,0.7320497035980225
342,1136,18110,602.9285888671875,214.09844970703125,309.38232421875,302.9541015625,0.48672986030578613
343,1138,34597,19.5523681640625,83.96978759765625,395.22100830078125,482.90264892578125,0.8273466229438782
344,1138,20238,586.0071411132812,164.80020141601562,234.411865234375,227.12445068359375,0.8039528727531433
345,1138,3483,551.246337890625,795.9635009765625,301.84521484375,195.01123046875,0.7734777927398682
346,1138,27653,60.609214782714844,805.4200439453125,231.86078643798828,221.181640625,0.6196483969688416
347,114,3544,105.92648315429688,216.96722412109375,214.84445190429688,212.74847412109375,0.7621877193450928
348,114,33009,520.474609375,753.1388549804688,386.404296875,245.7996826171875,0.7395219802856445
349,114,16551,115.34233093261719,524.394287109375,342.08045959472656,501.6015625,0.7187313437461853
350,114,10221,593.15869140625,183.04270935058594,234.892578125,230.29933166503906,0.7140825986862183
351,1140,34597,29.694549560546875,111.1878662109375,409.0277099609375,485.1292724609375,0.8431840538978577
352,1140,20238,616.07177734375,167.87623596191406,236.40673828125,231.23545837402344,0.7938988208770752
353,1140,3483,583.2916259765625,832.7415771484375,294.065185546875,186.2994384765625,0.7804586291313171
354,1140,27653,95.54379272460938,848.269775390625,225.37353515625,215.9365234375,0.6426650285720825
355,1141,23223,552.939208984375,559.91162109375,328.097900390625,521.494140625,0.8011431694030762
356,1141,25438,542.469482421875,178.39642333984375,271.0457763671875,278.0205078125,0.7368131875991821
357,1141,2483,54.50140380859375,633.44091796875,308.58837890625,471.5556640625,0.711667537689209
358,1141,12081,50.295745849609375,114.18365478515625,255.43087768554688,435.262451171875,0.6952922344207764
359,1142,23223,53.75286865234375,124.3878173828125,329.2076416015625,528.9849853515625,0.8535360097885132
360,1142,2483,563.2139892578125,99.89654541015625,305.5926513671875,482.26983642578125,0.7456192970275879
361,1142,25438,111.46377563476562,809.4708251953125,275.23583984375,276.2093505859375,0.7357808351516724
362,1142,12081,631.393798828125,693.4925537109375,264.193359375,466.3837890625,0.5116568207740784
363,1143,23223,61.647491455078125,167.6907958984375,320.87542724609375,505.34466552734375,0.8249385356903076
364,1143,2483,554.949951171875,140.33135986328125,311.322265625,452.490966796875,0.771733283996582
365,1143,25438,114.83708190917969,821.0784912109375,276.91554260253906,283.894775390625,0.7017238736152649
366,1143,12081,634.8382568359375,700.1865234375,277.1341552734375,469.802978515625,0.5680166482925415
367,1144,31885,46.03924560546875,159.63134765625,449.4580078125,504.04339599609375,0.769649863243103
368,1144,16262,561.2529296875,181.13232421875,265.190673828125,257.1375732421875,0.7646782398223877
369,1144,3483,594.6142578125,834.9345703125,292.075439453125,203.34130859375,0.7346200942993164
370,1144,25469,40.91986083984375,844.077392578125,392.68707275390625,246.0859375,0.658135175704956
371,1148,16232,141.42767333984375,727.2205810546875,204.559814453125,200.708251953125,0.8156402707099915
372,1148,41768,538.6358642578125,611.365966796875,287.385986328125,338.15185546875,0.710999608039856
373,1148,3351,374.796630859375,149.203125,202.72650146484375,212.35089111328125,0.6801003813743591
374,1149,16232,184.6400604248047,815.4071655273438,205.53114318847656,201.5743408203125,0.8110460638999939
375,1149,3351,417.31805419921875,209.84881591796875,205.8270263671875,206.65704345703125,0.7010131478309631
376,1149,41768,579.4429931640625,703.6546630859375,277.744873046875,334.110595703125,0.601425290107727
377,115,25367,473.49169921875,628.1370849609375,457.115478515625,490.980224609375,0.8098641037940979
378,115,3483,120.25823974609375,303.11749267578125,279.76251220703125,209.95855712890625,0.8025729656219482
379,115,27733,546.5445556640625,246.03733825683594,316.506103515625,279.15199279785156,0.7936620712280273
380,115,36637,96.27593994140625,876.4771728515625,277.8544921875,190.9532470703125,0.7906590104103088
381,1150,34597,65.92877197265625,45.5748291015625,441.42840576171875,488.3779296875,0.8277459144592285
382,1150,29667,622.6171875,157.01373291015625,235.0712890625,230.27520751953125,0.8232755064964294
383,1150,3483,551.8536376953125,807.15234375,281.611083984375,227.521240234375,0.7645693421363831
384,1150,27777,169.58128356933594,810.9462890625,190.13465881347656,208.53662109375,0.748622715473175
385,1153,22347,139.14187622070312,200.1507568359375,220.62841796875,213.50579833984375,0.8508551120758057
386,1153,16232,643.8870849609375,169.29568481445312,194.92333984375,196.18939208984375,0.7982351779937744
387,1153,3483,591.822265625,859.614013671875,270.708984375,242.882080078125,0.7874202132225037
388,1153,19861,124.68701171875,860.7869873046875,229.66934204101562,178.0494384765625,0.687350332736969
389,1154,16232,612.9671630859375,165.3614501953125,193.35693359375,193.27996826171875,0.819057285785675
390,1154,22347,124.98300170898438,194.9121551513672,211.91802978515625,206.34925842285156,0.7994649410247803
391,1154,3483,564.0390625,824.8582763671875,275.1396484375,248.1773681640625,0.7701287865638733
392,1154,19861,89.05142211914062,822.0125732421875,234.28927612304688,183.212646484375,0.6090587973594666
393,1155,16232,140.75738525390625,894.183349609375,205.64453125,199.38134765625,0.8270400166511536
394,1155,3483,140.96046447753906,211.8802490234375,264.94944763183594,234.25067138671875,0.8143602013587952
395,1155,22347,636.995361328125,854.7637939453125,220.886474609375,219.046875,0.7905831933021545
396,1155,19861,634.6997680664062,271.90191650390625,229.553955078125,177.9739990234375,0.5858667492866516
397,1156,16262,556.065673828125,295.48504638671875,266.06494140625,261.42681884765625,0.7746153473854065
398,1156,13900,173.71937561035156,277.4892578125,225.07444763183594,242.9669189453125,0.6803240776062012
399,1156,3351,385.388916015625,846.3829345703125,207.1102294921875,212.3809814453125,0.6786458492279053
400,1157,16262,106.85125732421875,668.760986328125,260.71343994140625,260.4814453125,0.7814536690711975
401,1157,13900,540.1219482421875,704.2091064453125,231.583740234375,259.6768798828125,0.7385138273239136
402,1157,3351,346.5579833984375,173.22467041015625,201.94451904296875,210.8917236328125,0.6809213161468506
403,1158,13900,582.2582397460938,797.056884765625,223.8843994140625,253.59375,0.7842448353767395
404,1158,16262,149.210693359375,756.8236083984375,260.33441162109375,256.135009765625,0.783427357673645
405,1158,3351,389.51483154296875,235.2521209716797,201.7740478515625,202.89161682128906,0.6733595132827759
406,1159,18357,142.4241485595703,296.4716796875,267.62705993652344,364.78607177734375,0.8144926428794861
407,1159,16232,642.1192626953125,289.83184814453125,195.88671875,200.365966796875,0.6147018671035767
408,1159,3351,392.00054931640625,794.56884765625,210.38751220703125,215.71826171875,0.6023469567298889
409,1161,18357,559.4351196289062,607.716064453125,278.641357421875,387.946533203125,0.8353968858718872
410,1161,3351,377.60223388671875,270.5736083984375,205.95458984375,204.885986328125,0.6835944056510925
411,1161,16232,129.56900024414062,815.2788696289062,194.28079223632812,194.3504638671875,0.6757653951644897
412,1163,3544,114.84368896484375,178.4107666015625,215.70068359375,212.77777099609375,0.7870480418205261
413,1163,29451,480.53607177734375,789.1942138671875,426.854248046875,267.9366455078125,0.7715948820114136
414,1163,10221,646.8005981445312,188.06349182128906,241.0032958984375,231.67698669433594,0.7603306770324707
415,1163,16551,27.54388427734375,593.0213623046875,331.56536865234375,494.2398681640625,0.7524802088737488
416,1164,3544,101.30278778076172,175.36886596679688,211.23023223876953,205.77777099609375,0.8049927949905396
417,1164,29451,451.78009033203125,749.0711669921875,431.214599609375,277.191162109375,0.7685454487800598
418,1164,10221,617.46533203125,181.29962158203125,235.6656494140625,230.70843505859375,0.7462419271469116
419,1164,16551,3.651336669921875,547.2071533203125,331.90301513671875,490.9761962890625,0.7423226833343506
420,1166,36637,124.79156494140625,827.3245849609375,193.4512939453125,271.558349609375,0.8141084909439087
421,1166,25367,547.6236572265625,673.2677001953125,421.5457763671875,503.7532958984375,0.810221254825592
422,1166,3483,121.56199645996094,266.940185546875,283.96327209472656,200.93670654296875,0.7663949131965637
423,1166,25469,561.527587890625,171.29660034179688,346.49951171875,313.9202880859375,0.6768646240234375
424,1167,25367,32.7139892578125,85.81829833984375,411.25775146484375,482.37506103515625,0.8451879024505615
425,1167,36637,666.7041015625,172.59046936035156,186.99853515625,260.57664489746094,0.7349731922149658
426,1167,3483,593.7080688476562,835.67822265625,292.4383544921875,202.419921875,0.7306907176971436
427,1167,25469,81.65692138671875,818.82421875,351.61224365234375,320.2529296875,0.6454167366027832
428,1168,29667,582.6251831054688,160.60491943359375,230.3199462890625,230.88677978515625,0.8180741667747498
429,1168,30308,33.416900634765625,8.19384765625,364.37042236328125,439.136962890625,0.7969551682472229
430,1168,3483,567.9486083984375,805.171142578125,293.3096923828125,203.254150390625,0.7595244646072388
431,1168,25469,40.189788818359375,776.015380859375,366.8830871582031,323.009521484375,0.6702429056167603
432,1170,29667,611.5650024414062,165.09600830078125,234.2203369140625,231.11541748046875,0.8143442273139954
433,1170,30308,40.482635498046875,11.85955810546875,382.6236877441406,457.48211669921875,0.7605068683624268
434,1170,3483,593.508544921875,835.7625732421875,292.261474609375,202.657470703125,0.729814350605011
435,1170,25469,81.01622009277344,815.143798828125,354.02516174316406,323.0577392578125,0.6480275392532349
436,1171,16548,569.13037109375,736.7034912109375,257.15185546875,251.2392578125,0.8848492503166199
437,1171,10221,88.36280059814453,782.8641357421875,237.06462860107422,232.746337890625,0.8402323722839355
438,1171,4543,633.6107788085938,145.7872314453125,211.7208251953125,209.35675048828125,0.8029959201812744
439,1171,3544,119.61699676513672,176.2587890625,209.72815704345703,207.52032470703125,0.7865282297134399
440,1173,16548,156.08346557617188,279.03411865234375,248.89666748046875,238.68231201171875,0.8412035703659058
441,1173,3544,639.8612060546875,872.7078857421875,224.3765869140625,222.48388671875,0.832162082195282
442,1173,10221,635.3426513671875,254.1927490234375,231.0885009765625,224.80377197265625,0.7976663112640381
443,1173,4543,101.00760650634766,903.4501953125,219.14763641357422,217.949462890625,0.7691438794136047
444,1174,29667,122.25677490234375,857.3519287109375,236.51092529296875,238.97412109375,0.8028154969215393
445,1174,3483,130.3057861328125,278.33203125,285.822021484375,191.4337158203125,0.7722169160842896
446,1174,30308,553.2706298828125,744.073974609375,422.7293701171875,455.1461181640625,0.7524837851524353
447,1174,27653,673.4810180664062,248.24398803710938,221.851806640625,212.58135986328125,0.6503243446350098
448,1176,29667,624.610595703125,174.2364959716797,235.826171875,229.30372619628906,0.8029849529266357
449,1176,3483,581.5338134765625,834.1051025390625,292.153564453125,185.3935546875,0.7716533541679382
450,1176,30308,24.4490966796875,60.28668212890625,412.52490234375,441.71527099609375,0.7262015342712402
451,1176,27653,93.19097137451172,847.20849609375,226.30493927001953,216.64111328125,0.6130370497703552
452,1178,20238,568.1011352539062,181.70428466796875,235.0909423828125,230.23089599609375,0.8173897862434387
453,1178,31885,91.56298828125,30.13818359375,435.271484375,529.5775146484375,0.776606559753418
454,1178,27777,137.86099243164062,774.4627685546875,192.02166748046875,213.3330078125,0.7545304894447327
455,1178,3483,524.2838134765625,768.3165283203125,286.2291259765625,237.9295654296875,0.7352592349052429
456,118,13900,57.65643310546875,306.24639892578125,241.92449951171875,223.3643798828125,0.7871523499488831
457,118,16688,365.1190185546875,41.4871826171875,508.2724609375,588.689453125,0.6955364346504211
458,118,3351,450.8603515625,837.5748291015625,201.920654296875,209.76220703125,0.6672120094299316
459,1180,19232,479.3359069824219,219.89901733398438,348.8965148925781,287.80535888671875,0.8295689821243286
460,1180,3351,387.5419921875,906.2401123046875,209.00714111328125,213.177490234375,0.6746236681938171
461,1180,21325,180.0513916015625,303.5703125,185.0875244140625,233.03564453125,0.6192365288734436
462,1184,16548,137.66659545898438,873.517333984375,255.64251708984375,251.47802734375,0.8653034567832947
463,1184,1900,184.83375549316406,264.20458984375,213.21995544433594,151.3753662109375,0.7476285696029663
464,1184,24850,662.2772216796875,826.9644775390625,205.240966796875,303.77978515625,0.733711838722229
465,1184,21026,679.7406616210938,270.71173095703125,184.6761474609375,180.0714111328125,0.6949098110198975
466,1185,16548,593.54052734375,143.48983764648438,248.2421875,239.49200439453125,0.8533073663711548
467,1185,1900,607.6800537109375,899.8338623046875,209.737548828125,144.06298828125,0.7562403082847595
468,1185,24850,131.25189208984375,140.14556884765625,198.08432006835938,299.3802490234375,0.7523313164710999
469,1185,21026,122.62808227539062,861.1727294921875,188.31744384765625,186.215087890625,0.7375584244728088
470,1186,19552,494.3542785644531,539.9337158203125,357.5895690917969,527.66015625,0.9289542436599731
471,1186,4378,124.94515991210938,111.524169921875,240.2916259765625,434.9739990234375,0.8780767321586609
472,1186,5094,538.2379150390625,178.2017364501953,291.4654541015625,292.89939880371094,0.7855499982833862
473,1186,2483,82.49494171142578,675.329833984375,244.39812469482422,485.737548828125,0.6464983224868774
474,1187,19552,100.31732177734375,149.30517578125,347.21966552734375,520.547119140625,0.9455022215843201
475,1187,4378,563.6941528320312,698.2137451171875,257.4854736328125,461.9332275390625,0.793483316898346
476,1187,2483,593.2821044921875,47.22227478027344,258.294677734375,495.60707092285156,0.7037244439125061
477,1187,5094,96.33953857421875,791.6173095703125,293.21722412109375,291.552978515625,0.7020670175552368
478,1189,22627,85.80242919921875,131.18177795410156,328.319580078125,491.67259216308594,0.8052715063095093
479,1189,3743,108.26065063476562,773.060302734375,346.61383056640625,347.500244140625,0.7297564744949341
480,1189,2483,575.9547119140625,60.33734130859375,268.6478271484375,494.4403076171875,0.7079814076423645
481,1189,12081,581.6359252929688,707.7608642578125,268.948486328125,460.677978515625,0.5453954339027405
482,119,13900,644.919921875,699.7918090820312,240.2076416015625,235.9075927734375,0.8376868367195129
483,119,3351,285.1217956542969,182.0176544189453,201.9501953125,210.85472106933594,0.6898051500320435
484,119,16688,68.57701110839844,549.553955078125,479.95314025878906,615.4970703125,0.5770310759544373
485,1190,3743,111.03147888183594,784.1190185546875,349.70814514160156,351.8717041015625,0.7509295344352722
486,1190,22627,94.3731689453125,168.2860107421875,319.99871826171875,483.971923828125,0.7233726382255554
487,1190,2483,573.1673583984375,107.60398864746094,261.0908203125,470.60084533691406,0.7215433716773987
488,1190,12081,588.7996826171875,713.909423828125,272.563720703125,467.572021484375,0.6198183298110962
489,1191,22627,510.2373046875,577.154296875,340.91748046875,499.669677734375,0.7211306691169739
490,1191,12081,93.59707641601562,109.72236633300781,260.8689270019531,432.94248962402344,0.7192084193229675
491,1191,3743,479.2790832519531,148.71913146972656,341.7341003417969,334.37693786621094,0.7108433842658997
492,1191,2483,93.28436279296875,660.477294921875,254.596435546875,481.5986328125,0.6338271498680115
493,1192,33009,86.56147766113281,239.87054443359375,372.72398376464844,239.5477294921875,0.7631959915161133
494,1192,24850,635.3013305664062,205.8092041015625,193.5174560546875,282.2401123046875,0.761735200881958
495,1192,1900,639.1829833984375,849.3310546875,211.888916015625,183.04345703125,0.7358800768852234
496,1192,16551,79.22021484375,687.253173828125,316.58447265625,510.25830078125,0.7306257486343384
497,1194,24850,158.43243408203125,816.4832763671875,191.3016357421875,297.98779296875,0.7832539677619934
498,1194,33009,540.3905029296875,820.7086181640625,384.61376953125,227.29443359375,0.7773474454879761
499,1194,1900,149.71780395507812,247.07284545898438,203.8701171875,175.09381103515625,0.7581666707992554
500,1194,16551,594.3280029296875,53.57666015625,316.244873046875,502.32501220703125,0.740630567073822
501,1196,28763,608.0321044921875,882.7813720703125,231.3858642578125,225.2589111328125,0.8042858242988586
502,1196,35206,125.73385620117188,700.0362548828125,264.48358154296875,420.2119140625,0.7889337539672852
503,1196,3483,165.92591857910156,272.06927490234375,276.66319274902344,226.9996337890625,0.7702106833457947
504,1196,27777,629.7967529296875,288.06304931640625,185.255126953125,205.4287109375,0.7205150127410889
505,1197,35206,599.7271118164062,131.5582275390625,246.4847412109375,421.78277587890625,0.8003231883049011
506,1197,3483,555.8857421875,805.3690185546875,280.30224609375,227.453125,0.772851288318634
507,1197,27777,172.21153259277344,812.9071044921875,189.64540100097656,208.747314453125,0.764927089214325
508,1197,28763,160.248779296875,172.11529541015625,226.8656005859375,215.00360107421875,0.7608101963996887
509,1198,20238,599.1689453125,185.93411254882812,235.72412109375,229.89678955078125,0.7829721570014954
510,1198,3483,554.2801513671875,808.492919921875,281.47412109375,227.4512939453125,0.7701340317726135
511,1198,27777,171.54995727539062,813.8621826171875,189.3533935546875,209.14404296875,0.7634173035621643
512,1198,28763,128.41668701171875,208.9825439453125,224.30487060546875,214.68475341796875,0.7445264458656311
513,1199,28763,643.2197875976562,849.01416015625,228.691162109375,220.936767578125,0.8256149888038635
514,1199,3483,166.58343505859375,270.01544189453125,277.40069580078125,225.5582275390625,0.7530137896537781
515,1199,20238,145.3012237548828,844.371826171875,245.27586364746094,237.9593505859375,0.7485460042953491
516,1199,27777,630.960693359375,287.00897216796875,185.6480712890625,205.2978515625,0.7179735898971558
517,120,13900,683.504638671875,790.2825927734375,238.908935546875,229.946533203125,0.7684035897254944
518,120,3351,325.84344482421875,244.27896118164062,204.70751953125,204.609130859375,0.7039413452148438
519,120,16688,99.43658447265625,642.0972900390625,513.0753784179688,632.0941162109375,0.6194301247596741
520,1201,12247,575.9375,809.9125366210938,222.026611328125,170.0723876953125,0.9314270615577698
521,1201,16548,576.724609375,206.7538299560547,246.7044677734375,237.46131896972656,0.8868390321731567
522,1201,3544,140.78143310546875,182.04627990722656,211.66656494140625,207.09788513183594,0.7851044535636902
523,1201,21026,98.78713989257812,819.0218505859375,190.61785888671875,187.1121826171875,0.7777512073516846
524,1204,32310,61.84197998046875,200.8397979736328,362.604736328125,284.58738708496094,0.7557361125946045
525,1204,22074,681.6328125,258.66180419921875,194.2509765625,195.447509765625,0.7508031725883484
526,1204,3351,382.6754150390625,847.8057861328125,214.66064453125,216.281982421875,0.6392503976821899
527,1206,22074,87.31759643554688,849.88720703125,196.31884765625,195.7841796875,0.779403030872345
528,1206,32310,555.5856323242188,800.2042236328125,377.119140625,300.7451171875,0.7180341482162476
529,1206,3351,387.14935302734375,212.99017333984375,205.4158935546875,206.467529296875,0.6888511776924133
530,1207,22347,679.5220947265625,806.1618041992188,222.9404296875,217.232666015625,0.8845325112342834
531,1207,16232,149.31661987304688,822.3516845703125,200.10150146484375,198.062744140625,0.8493499159812927
532,1207,3483,165.92730712890625,272.29278564453125,277.5540771484375,225.3802490234375,0.7587128281593323
533,1207,27777,630.2010498046875,288.130126953125,184.219970703125,205.070068359375,0.72243332862854
534,1209,16232,642.5668334960938,244.82965087890625,191.3824462890625,191.8592529296875,0.8366765975952148
535,1209,22347,98.97064208984375,253.5879364013672,214.39056396484375,208.14002990722656,0.8270057439804077
536,1209,3483,555.19921875,805.782958984375,280.731201171875,227.391845703125,0.7702018022537231
537,1209,27777,172.3882293701172,812.689208984375,189.74464416503906,209.037109375,0.7591002583503723
538,1210,20877,115.3609619140625,760.5765991210938,343.862060546875,256.2576904296875,0.8041693568229675
539,1210,35206,645.5971069335938,168.12255859375,243.6812744140625,420.80615234375,0.7900525331497192
540,1210,3483,640.7578125,741.5838623046875,225.6202392578125,276.8072509765625,0.7648518085479736
541,1210,34597,56.8114013671875,112.80517578125,506.05908203125,451.12109375,0.7029237151145935
542,1212,3483,132.54800415039062,283.69537353515625,225.68988037109375,270.59747314453125,0.8117880821228027
543,1212,35206,89.60356903076172,664.54248046875,254.98432159423828,420.76416015625,0.8049916625022888
544,1212,20877,535.922607421875,283.55609130859375,341.6517333984375,254.24560546875,0.8007712960243225
545,1212,34597,444.9837341308594,685.1207275390625,500.7649230957031,459.037841796875,0.701757550239563
546,1213,25438,119.99583435058594,827.446533203125,272.84608459472656,273.2454833984375,0.7685855031013489
547,1213,22627,95.11640930175781,12.349609375,333.20262145996094,487.87701416015625,0.7318537831306458
548,1213,2483,635.53466796875,59.3341064453125,248.52197265625,492.430908203125,0.6830923557281494
549,1213,5886,566.76171875,677.6512451171875,269.5416259765625,499.357421875,0.4221293330192566
550,1214,22627,102.27130126953125,37.3975830078125,327.92584228515625,497.92962646484375,0.7208535075187683
551,1214,2483,627.3359375,103.02980041503906,242.3673095703125,463.27085876464844,0.706886887550354
552,1214,25438,120.86141967773438,835.9951171875,279.10955810546875,283.990966796875,0.666706383228302
553,1214,5886,567.293701171875,674.3388671875,287.268310546875,518.5867919921875,0.628322958946228
554,1216,27926,147.82083129882812,164.96629333496094,291.8018798828125,474.92787170410156,0.7939002513885498
555,1216,16551,599.046142578125,173.86187744140625,308.6109619140625,475.82391357421875,0.7604048848152161
556,1216,10221,125.2333984375,836.9654541015625,245.90142822265625,243.90234375,0.7592124938964844
557,1216,3544,653.9486694335938,857.9945068359375,222.1898193359375,223.718505859375,0.7476596236228943
558,1219,3544,101.62832641601562,237.987060546875,212.18600463867188,205.9166259765625,0.781676709651947
559,1219,10221,640.9715576171875,199.0055694580078,233.085693359375,230.37889099121094,0.7815142273902893
560,1219,29345,555.95361328125,656.6461181640625,309.1502685546875,462.938232421875,0.7757609486579895
561,1219,16551,55.4083251953125,564.0015869140625,356.8343505859375,492.86669921875,0.7717947959899902
562,122,25367,45.1240234375,88.99566650390625,385.802001953125,474.64678955078125,0.8405916690826416
563,122,29667,582.810791015625,161.381591796875,230.091064453125,231.01336669921875,0.8334366083145142
564,122,3483,567.67822265625,805.355224609375,293.208984375,203.832763671875,0.7644285559654236
565,122,25469,39.94818115234375,775.9200439453125,365.73333740234375,322.308837890625,0.6562023162841797
566,1220,16551,83.62832641601562,618.3328857421875,357.13629150390625,477.0562744140625,0.7797494530677795
567,1220,10221,670.7611083984375,208.5613555908203,238.431884765625,228.73960876464844,0.7703242897987366
568,1220,3544,117.4066162109375,246.0552215576172,215.70883178710938,211.70704650878906,0.7606449127197266
569,1220,29345,586.29443359375,695.305908203125,301.123779296875,457.480224609375,0.7529279589653015
570,1222,25367,81.03411865234375,105.83917236328125,339.9970703125,484.31072998046875,0.8283482193946838
571,1222,36637,604.537841796875,198.58824157714844,202.919677734375,254.62135314941406,0.77989661693573
572,1222,3483,550.4215087890625,796.7164306640625,301.9666748046875,194.8818359375,0.7686504125595093
573,1222,27653,59.513214111328125,804.4188232421875,231.46636962890625,221.697998046875,0.6026387810707092
574,1224,25367,108.04695129394531,115.0606689453125,356.81590270996094,515.673828125,0.838690459728241
575,1224,3483,582.6859130859375,834.01953125,292.889892578125,185.205078125,0.7739114165306091
576,1224,36637,635.31103515625,206.56903076171875,202.932373046875,257.17156982421875,0.7463255524635315
577,1224,27653,94.08533477783203,847.4552001953125,226.86064910888672,217.24560546875,0.6097132563591003
578,1226,35206,569.763916015625,83.90365600585938,304.366455078125,405.546875,0.7936787605285645
579,1226,3483,591.94384765625,859.9432373046875,271.483642578125,242.5218505859375,0.7894487380981445
580,1226,31885,114.168212890625,5.0030517578125,366.8721923828125,550.0626220703125,0.7756428122520447
581,1226,19861,124.71978759765625,860.6455078125,229.65338134765625,177.558837890625,0.6937465667724609
582,1227,3483,140.6510009765625,211.83721923828125,265.03240966796875,234.94146728515625,0.8165868520736694
583,1227,31885,526.7593994140625,690.1484375,360.838623046875,575.8656005859375,0.7494477033615112
584,1227,35206,103.14620971679688,760.602294921875,314.10797119140625,411.077880859375,0.7206698060035706
585,1227,19861,635.3695068359375,272.42364501953125,228.810546875,177.36083984375,0.6005508303642273
586,1232,3483,136.55039978027344,281.39166259765625,228.12294006347656,269.614013671875,0.8150399327278137
587,1232,29667,129.05609130859375,851.3682861328125,238.14654541015625,240.4052734375,0.8095442652702332
588,1232,20877,588.3045654296875,251.4316864013672,336.482421875,260.35731506347656,0.7616235017776489
589,1232,31885,529.6402587890625,650.936767578125,428.65771484375,553.71240234375,0.729158878326416
590,1235,21771,157.606201171875,798.8363647460938,203.17608642578125,196.9951171875,0.8832912445068359
591,1235,16548,611.673828125,137.47718811035156,250.821044921875,241.17723083496094,0.8668885231018066
592,1235,33009,538.8921508789062,819.90283203125,386.3232421875,229.1676025390625,0.7866873145103455
593,1235,1900,149.76708984375,246.13455200195312,204.00567626953125,175.79217529296875,0.7566553354263306
594,1237,44199,621.4581298828125,791.98095703125,183.5179443359375,297.434326171875,0.8642497062683105
595,1237,16548,605.91845703125,179.81021118164062,251.61083984375,242.3790283203125,0.8636871576309204
596,1237,31705,152.893798828125,679.51513671875,290.52471923828125,460.432861328125,0.8016510605812073
597,1237,1900,101.89324951171875,264.064697265625,212.21044921875,136.770263671875,0.674683153629303
598,1238,16548,127.61569213867188,835.7633056640625,255.603515625,251.237548828125,0.8772182464599609
599,1238,44199,196.68846130371094,223.130126953125,183.77247619628906,288.087158203125,0.8628019094467163
600,1238,31705,552.9200439453125,170.816162109375,279.216552734375,436.31719970703125,0.7658923864364624
601,1238,1900,678.263671875,871.969482421875,219.654541015625,144.65673828125,0.6641941070556641
602,1239,16548,576.9290771484375,174.24578857421875,247.91748046875,239.32965087890625,0.8858221173286438
603,1239,44199,588.875732421875,759.1976318359375,194.5869140625,303.4071044921875,0.8805745840072632
604,1239,31705,122.325927734375,635.8509521484375,290.31842041015625,466.539306640625,0.7646653056144714
605,1239,1900,86.45223236083984,252.12742614746094,205.95905303955078,140.33351135253906,0.6888383030891418
606,124,21771,678.3489990234375,877.583740234375,211.422607421875,202.96826171875,0.8081415891647339
607,124,16551,0.0,749.8458251953125,373.2802734375,487.625244140625,0.7661101222038269
608,124,1900,171.90643310546875,274.26556396484375,212.2640380859375,152.00701904296875,0.7502223253250122
609,124,21026,667.6685791015625,267.42828369140625,186.1513671875,181.483642578125,0.7386893630027771
610,1242,44199,628.363037109375,796.5970458984375,182.404296875,302.35498046875,0.8823266625404358
611,1242,29345,85.16494750976562,698.9378662109375,306.34613037109375,462.15771484375,0.8715247511863708
612,1242,16551,522.0294799804688,76.46492004394531,325.4552001953125,495.12474060058594,0.752086341381073
613,1242,1900,154.19400024414062,254.0879364013672,139.30126953125,205.84584045410156,0.6729180216789246
614,1243,35206,588.4415283203125,116.1251220703125,275.364990234375,412.0111083984375,0.8340129256248474
615,1243,3483,599.0105590820312,785.0234375,285.56005859375,211.831787109375,0.786026120185852
616,1243,30308,52.3626708984375,123.7918701171875,399.14837646484375,454.252685546875,0.7819806933403015
617,1243,27733,119.2010498046875,757.689208984375,321.02490234375,299.9248046875,0.7633945345878601
618,1244,3483,119.6519775390625,303.1748046875,279.8076171875,211.07598876953125,0.8056689500808716
619,1244,27733,548.7137451171875,248.82232666015625,321.392578125,286.91265869140625,0.7997540831565857
620,1244,35206,116.66537475585938,722.176025390625,286.59197998046875,416.7586669921875,0.7975279092788696
621,1244,30308,540.2535400390625,673.127685546875,409.885498046875,460.2445068359375,0.7548961043357849
622,1245,3483,570.5322875976562,752.5452270507812,288.358154296875,215.24853515625,0.8079873323440552
623,1245,35206,559.240966796875,107.94769287109375,269.77587890625,400.167236328125,0.7905417084693909
624,1245,27733,83.47491455078125,713.3968505859375,327.18280029296875,301.896728515625,0.7716442346572876
625,1245,30308,38.9927978515625,110.01148986816406,388.57147216796875,439.68150329589844,0.7619655132293701
626,1246,34597,45.15155029296875,75.9761962890625,425.2725830078125,483.763916015625,0.8006337881088257
627,1246,27777,137.72296142578125,774.0111083984375,191.77386474609375,213.289306640625,0.7535051107406616
628,1246,16262,566.4127197265625,175.8625946044922,255.21630859375,249.70814514160156,0.7401680946350098
629,1246,3483,524.283447265625,768.2781982421875,286.469482421875,237.600830078125,0.7354936003684998
630,1248,34597,503.33319091796875,651.72705078125,447.3890380859375,515.9765625,0.79795902967453
631,1248,16262,129.90313720703125,826.6865234375,263.15228271484375,257.8072509765625,0.7762996554374695
632,1248,3483,166.9927978515625,270.23297119140625,276.9754638671875,225.8194580078125,0.7591143250465393
633,1248,27777,631.7501220703125,288.1370849609375,185.158447265625,205.19683837890625,0.7469003200531006
634,125,21771,111.4540023803711,195.8722686767578,202.27277374267578,196.30113220214844,0.8872181177139282
635,125,1900,620.66845703125,888.6837158203125,209.19775390625,145.074951171875,0.7630094885826111
636,125,21026,134.98098754882812,863.432373046875,186.524658203125,186.187744140625,0.7467933893203735
637,125,16551,612.273193359375,19.364166259765625,359.990966796875,468.4563903808594,0.7381148934364319
638,1250,5094,96.6024169921875,802.0540771484375,298.41705322265625,299.265380859375,0.7455551028251648
639,1250,2483,589.037841796875,91.84490966796875,250.72900390625,468.16705322265625,0.7220418453216553
640,1250,4378,568.5060424804688,699.3187255859375,267.9871826171875,468.594482421875,0.6509591341018677
641,1250,12778,101.07601928710938,76.5478515625,311.2662353515625,516.71044921875,0.5431162714958191
642,1251,4378,125.37701416015625,111.32887268066406,239.8148193359375,435.51988220214844,0.875623881816864
643,1251,5094,538.6202392578125,178.79925537109375,290.46337890625,291.13299560546875,0.7544428706169128
644,1251,2483,82.697021484375,675.192626953125,244.7628173828125,486.4515380859375,0.651523768901825
645,1251,12778,516.5570068359375,640.226806640625,345.640869140625,550.31396484375,0.5168838500976562
646,1252,20877,66.3424072265625,792.984375,344.03936767578125,262.63623046875,0.8057177662849426
647,1252,29667,616.925048828125,177.6215057373047,234.853759765625,231.19825744628906,0.7977424263954163
648,1252,3483,638.3883056640625,747.9896240234375,225.447021484375,275.721923828125,0.7749649286270142
649,1252,30308,62.49638366699219,62.84295654296875,427.57728576660156,448.8997802734375,0.7534895539283752
650,1254,20877,33.27838134765625,751.1015625,346.6033935546875,263.648681640625,0.8249202370643616
651,1254,29667,588.32958984375,173.4881591796875,230.73583984375,229.95660400390625,0.8011431694030762
652,1254,3483,607.411376953125,711.34765625,230.5772705078125,285.48388671875,0.7585499286651611
653,1254,30308,48.57438659667969,53.671966552734375,414.75636291503906,430.982666015625,0.7297788858413696
654,1256,31705,123.12074279785156,126.96527099609375,272.53733825683594,429.57928466796875,0.8111913800239563
655,1256,16551,81.735595703125,653.1383056640625,333.359130859375,504.770263671875,0.7459883093833923
656,1256,1900,634.8131103515625,822.6156005859375,187.4619140625,212.16650390625,0.7372666597366333
657,1256,19607,647.95703125,266.45086669921875,168.1005859375,160.44171142578125,0.7089415788650513
658,126,21026,100.91348266601562,828.6568603515625,189.143798828125,188.0599365234375,0.811079204082489
659,126,21771,97.24774169921875,188.14337158203125,194.98968505859375,192.4913330078125,0.7805930972099304
660,126,1900,588.9173583984375,852.0546875,219.415283203125,156.474365234375,0.7702448964118958
661,126,16551,583.5260009765625,12.520416259765625,356.039306640625,458.35443115234375,0.715814471244812
662,1261,16232,643.9920654296875,223.79208374023438,199.752197265625,192.35791015625,0.8185045719146729
663,1261,22347,136.18685913085938,160.0760040283203,217.57659912109375,212.24754333496094,0.8021773099899292
664,1261,3483,582.1033935546875,834.150390625,292.23681640625,186.435546875,0.7702672481536865
665,1261,27653,93.64849853515625,847.27001953125,227.03384399414062,217.48779296875,0.5913107991218567
666,1262,16232,613.841796875,212.77687072753906,198.807373046875,196.17601013183594,0.8110096454620361
667,1262,3483,549.6517333984375,796.661376953125,302.25634765625,194.34228515625,0.769335925579071
668,1262,22347,122.62796020507812,157.1983642578125,207.91867065429688,204.48931884765625,0.7634156942367554
669,1262,27653,58.538726806640625,804.783203125,232.46762084960938,220.77392578125,0.5980004668235779
670,1263,16232,138.82058715820312,841.286376953125,205.09249877929688,199.72998046875,0.8430102467536926
671,1263,22347,641.2777099609375,894.7666015625,220.3623046875,219.52685546875,0.832017183303833
672,1263,3483,129.62705993652344,277.4333801269531,285.92213439941406,192.881591796875,0.7776811718940735
673,1263,27653,672.9605712890625,247.66526794433594,221.60009765625,211.91297912597656,0.6461288332939148
674,1264,31863,628.545166015625,314.16290283203125,216.2373046875,218.55322265625,0.7503609657287598
675,1264,36637,216.88137817382812,309.70001220703125,228.54217529296875,261.11053466796875,0.7036707997322083
676,1264,3351,384.0263671875,850.0723876953125,206.6416015625,212.39306640625,0.661180853843689
677,1265,31863,74.6771240234375,698.339599609375,219.2762451171875,221.132080078125,0.7627376317977905
678,1265,36637,481.34429931640625,644.362548828125,250.6376953125,285.4530029296875,0.7027330994606018
679,1265,3351,349.55657958984375,169.67030334472656,198.07440185546875,207.55174255371094,0.6926665306091309
680,1266,31863,120.12136840820312,786.59033203125,215.87310791015625,212.945068359375,0.7127036452293396
681,1266,36637,527.3145751953125,739.1694946289062,235.404052734375,269.9801025390625,0.7090919613838196
682,1266,3351,387.09033203125,226.18540954589844,207.132568359375,207.06910705566406,0.6596293449401855
683,1269,13900,607.0076904296875,757.137939453125,192.3392333984375,272.493408203125,0.8321987390518188
684,1269,36637,209.13803100585938,757.7132568359375,239.13177490234375,264.431884765625,0.6820883750915527
685,1269,3351,352.0982666015625,220.95709228515625,203.944091796875,206.45440673828125,0.6693083047866821
686,127,5094,127.246826171875,847.0882568359375,300.9356689453125,301.838134765625,0.7579277753829956
687,127,6192,120.33062744140625,168.7286376953125,324.53363037109375,524.26513671875,0.7567535042762756
688,127,2483,614.2339477539062,119.94384765625,242.4842529296875,469.74310302734375,0.7150448560714722
689,127,22362,602.3143310546875,780.8082275390625,284.1884765625,427.6444091796875,0.6593473553657532
690,1270,16548,112.71358489990234,848.8641357421875,249.42725372314453,246.729248046875,0.8543022871017456
691,1270,27926,140.1717529296875,137.17437744140625,287.037353515625,470.942626953125,0.7999688982963562
692,1270,1900,624.2640380859375,887.530029296875,220.549072265625,146.3330078125,0.7297792434692383
693,1270,18110,635.2890625,261.1964111328125,309.0928955078125,302.54193115234375,0.4967857003211975
694,1272,16548,623.0946044921875,173.5192108154297,246.196044921875,235.15077209472656,0.8477583527565002
695,1272,1900,153.53546142578125,244.29795837402344,214.563232421875,137.02760314941406,0.7387253642082214
696,1272,27926,567.21044921875,670.2457275390625,297.18310546875,482.840576171875,0.6980695724487305
697,1272,18110,46.79071044921875,733.01513671875,310.80145263671875,304.411865234375,0.45858025550842285
698,1273,6192,525.7046508789062,590.5328369140625,329.57373046875,535.97412109375,0.7489294409751892
699,1273,25438,542.3104248046875,191.3296356201172,268.78173828125,270.79933166503906,0.7398090362548828
700,1273,13395,104.60952758789062,51.45465087890625,268.7208557128906,476.88067626953125,0.6882331371307373
701,1273,2483,103.44976806640625,678.224853515625,243.19354248046875,490.548095703125,0.4992966949939728
702,1274,6192,89.6845703125,82.49517822265625,324.73321533203125,531.8355712890625,0.8370242118835449
703,1274,25438,115.51943969726562,800.8084716796875,272.17431640625,274.7803955078125,0.7440750598907471
704,1274,2483,578.0234985351562,37.25653076171875,258.5595703125,494.85345458984375,0.7179116010665894
705,1274,13395,562.15625,712.0816650390625,284.13623046875,514.406005859375,0.666175365447998
706,1278,38162,608.2069091796875,694.8575439453125,214.35791015625,314.0869140625,0.8792557716369629
707,1278,3351,407.6508483886719,244.04495239257812,204.06497192382812,206.65216064453125,0.6733653545379639
708,1278,3832,139.53472900390625,588.7965087890625,328.34515380859375,448.8905029296875,0.5547875165939331
709,1278,35206,134.47378540039062,581.1868896484375,342.4466552734375,461.3040771484375,0.3080119490623474
710,1279,21771,665.4302978515625,279.42437744140625,202.552001953125,192.96826171875,0.7844953536987305
711,1279,31705,116.37774658203125,129.49822998046875,270.13751220703125,430.63348388671875,0.7782769203186035
712,1279,1900,643.06201171875,850.5880126953125,217.1820068359375,167.0859375,0.7727640271186829
713,1279,16551,80.7427978515625,755.186767578125,323.2983093261719,514.1820068359375,0.7364831566810608
714,128,6192,115.29864501953125,129.84130859375,331.9608154296875,540.3245849609375,0.8412452936172485
715,128,5094,126.0394287109375,838.970703125,294.84710693359375,292.273193359375,0.7972073554992676
716,128,2483,622.2102661132812,77.45832824707031,247.402587890625,486.98265075683594,0.6682488322257996
717,128,22362,591.2342529296875,780.5328369140625,282.05517578125,418.3179931640625,0.6472020149230957
718,1280,21771,87.52374267578125,803.1845703125,205.64874267578125,202.058837890625,0.8420447111129761
719,1280,1900,121.64508056640625,257.978759765625,206.08935546875,154.88720703125,0.7568989396095276
720,1280,31705,583.1403198242188,687.5816650390625,284.8154296875,460.260986328125,0.7434254884719849
721,1280,16551,553.757568359375,1.12738037109375,314.52734375,465.11651611328125,0.7407278418540955
722,1282,19552,484.6434326171875,575.376953125,350.5450439453125,529.033935546875,0.9061748385429382
723,1282,3743,484.56304931640625,110.23806762695312,338.4586181640625,335.2113037109375,0.7651644945144653
724,1282,13395,68.53717041015625,83.4482421875,265.760009765625,480.012451171875,0.686659038066864
725,1282,2483,39.466102600097656,643.1456298828125,237.30681610107422,491.1376953125,0.6293582320213318
726,1284,19552,107.48602294921875,111.52294921875,344.67047119140625,525.751708984375,0.9328495860099792
727,1284,3743,105.76260375976562,817.1597900390625,346.965576171875,345.22900390625,0.7516179084777832
728,1284,2483,648.1256103515625,78.79132080078125,241.630126953125,487.99578857421875,0.6847792863845825
729,1284,13395,602.726318359375,671.0572509765625,271.832763671875,512.225341796875,0.6674288511276245
730,129,5094,508.572509765625,139.11439514160156,290.471923828125,289.16795349121094,0.802330732345581
731,129,6192,494.8587646484375,535.2518310546875,336.32421875,541.60791015625,0.7852137684822083
732,129,22362,75.87796020507812,74.6090087890625,270.6034240722656,399.306396484375,0.7402700781822205
733,129,2483,65.00281524658203,642.286376953125,234.32195281982422,491.6453857421875,0.5634825825691223
734,1290,16548,527.8785400390625,127.8311767578125,248.4041748046875,247.554443359375,0.8657621145248413
735,1290,29345,563.970947265625,526.4427490234375,303.150146484375,456.55859375,0.7824965119361877
736,1290,1900,159.264404296875,254.03643798828125,136.85540771484375,204.450927734375,0.6833274364471436
737,1290,18110,41.19287109375,714.7615966796875,315.55413818359375,315.5548095703125,0.6018495559692383
738,1293,30308,109.07290649414062,78.06658935546875,328.7103271484375,456.07342529296875,0.8147249817848206
739,1293,20238,569.889404296875,182.09303283691406,233.375,229.32432556152344,0.8139163851737976
740,1293,27777,138.46151733398438,774.7861328125,191.58865356445312,213.0081787109375,0.7564656734466553
741,1293,3483,524.2735595703125,768.102294921875,286.2396240234375,238.029541015625,0.7379757761955261
742,1294,35206,667.5146484375,148.3382110595703,223.688232421875,417.32652282714844,0.8029252290725708
743,1294,34597,0.0,38.17950439453125,444.5105895996094,478.83538818359375,0.7974881529808044
744,1294,3483,582.77197265625,834.2977294921875,292.59619140625,185.2275390625,0.7771003842353821
745,1294,27653,93.798828125,847.3829345703125,226.5186767578125,216.9339599609375,0.6099507808685303
746,1295,34597,0.0,13.71380615234375,424.00457763671875,483.984619140625,0.8190670609474182
747,1295,35206,637.282470703125,139.9396514892578,219.69677734375,404.72923278808594,0.789299726486206
748,1295,3483,550.7501220703125,797.257080078125,300.081787109375,194.072265625,0.7673441171646118
749,1295,27653,59.09912109375,804.96630859375,231.4464111328125,220.5821533203125,0.6006469130516052
750,1296,34597,553.5733642578125,722.0927734375,422.4266357421875,510.435546875,0.8028725385665894
751,1296,35206,91.78042602539062,685.2313232421875,225.73358154296875,420.759033203125,0.7991360425949097
752,1296,3483,129.3189697265625,278.35882568359375,285.478271484375,191.888916015625,0.7818573117256165
753,1296,27653,672.3685302734375,247.83621215820312,221.8634033203125,212.4085693359375,0.6460847854614258
754,1297,16548,148.1661376953125,240.83932495117188,244.48345947265625,234.34515380859375,0.8645462989807129
755,1297,3544,637.3380126953125,913.174560546875,226.8416748046875,226.31884765625,0.7604712843894958
756,1297,4543,151.3966064453125,886.0469970703125,225.438720703125,219.091796875,0.7428025007247925
757,1297,12420,682.71337890625,271.39410400390625,189.593994140625,179.143798828125,0.7301056981086731
758,1298,16548,610.508056640625,820.909423828125,247.54736328125,240.808349609375,0.8795930743217468
759,1298,3544,136.00640869140625,139.41696166992188,216.57415771484375,211.95208740234375,0.8171347975730896
760,1298,4543,610.9815673828125,163.1356201171875,216.529541015625,211.3583984375,0.7974759340286255
761,1298,12420,115.19732666015625,855.4530029296875,193.00387573242188,189.52734375,0.6656169295310974
762,13,16232,140.50433349609375,325.61907958984375,202.67340087890625,200.6671142578125,0.7626214623451233
763,13,33880,464.8746643066406,230.236083984375,462.1852722167969,307.3328857421875,0.7483302354812622
764,13,3351,422.56878662109375,843.5810546875,206.4326171875,211.55517578125,0.6831344962120056
765,130,36637,123.373779296875,826.4400634765625,204.80557250976562,266.3948974609375,0.8065608739852905
766,130,3483,166.64776611328125,271.6800842285156,277.07781982421875,226.521240234375,0.7551345825195312
767,130,27777,631.09130859375,288.82855224609375,184.64599609375,204.47314453125,0.7227166295051575
768,130,30308,495.0549011230469,746.2183837890625,480.9450988769531,356.77685546875,0.6523467898368835
769,1300,29667,623.2711181640625,174.18634033203125,237.096435546875,229.8341064453125,0.7918748259544373
770,1300,31885,63.8411865234375,107.36921691894531,473.424072265625,487.37705993652344,0.7785190939903259
771,1300,3483,581.4585571289062,834.158447265625,292.356689453125,184.953125,0.7733059525489807
772,1300,27653,93.11312866210938,847.3536376953125,226.3131103515625,216.39453125,0.6049636006355286
773,1302,29667,593.5870361328125,170.08090209960938,233.4364013671875,228.11834716796875,0.809373676776886
774,1302,31885,56.18989562988281,85.80908203125,462.86131286621094,482.0631103515625,0.7843331098556519
775,1302,3483,548.9937744140625,796.0054321289062,301.3623046875,195.635009765625,0.7664756774902344
776,1302,27653,58.11328125,803.6217041015625,231.56057739257812,221.546142578125,0.6172197461128235
777,1305,16551,78.19630432128906,655.1942138671875,348.08384704589844,494.923828125,0.7543401718139648
778,1305,27926,584.59033203125,155.18223571777344,284.871337890625,460.94606018066406,0.7254315614700317
779,1305,1900,627.62939453125,888.02197265625,218.856201171875,146.3321533203125,0.7240261435508728
780,1305,44199,134.5790557861328,279.4677734375,291.58689880371094,175.408203125,0.7188929915428162
781,1309,3483,120.86074829101562,302.2823486328125,280.1688232421875,210.15234375,0.7996606826782227
782,1309,29667,85.2468032836914,855.64453125,234.65215301513672,240.236328125,0.7983635067939758
783,1309,27733,545.4784545898438,245.01210021972656,318.583251953125,278.80955505371094,0.7795038223266602
784,1309,28763,574.6258544921875,863.4326171875,234.412109375,229.46630859375,0.7754740118980408
785,1311,29667,633.923583984375,172.20053100585938,228.3778076171875,225.0379638671875,0.8173311352729797
786,1311,3483,569.1157836914062,752.815185546875,290.305419921875,215.171630859375,0.8102721571922302
787,1311,27733,88.1251220703125,720.277587890625,328.11968994140625,302.462646484375,0.78142249584198
788,1311,28763,170.23873901367188,179.6066131591797,224.3133544921875,213.11061096191406,0.7450213432312012
789,1312,22627,59.890045166015625,53.52032470703125,338.09326171875,496.11822509765625,0.7978653311729431
790,1312,5094,99.17486572265625,798.558349609375,293.33392333984375,289.881103515625,0.7754071950912476
791,1312,2483,598.8526611328125,37.91552734375,270.126953125,490.23040771484375,0.7116187810897827
792,1312,5886,565.7693481445312,681.0189208984375,282.883056640625,500.64013671875,0.5276744961738586
793,1315,19232,531.829833984375,197.21185302734375,310.657470703125,309.93701171875,0.8246378302574158
794,1315,3351,415.74176025390625,868.853759765625,203.72705078125,211.9677734375,0.6741371750831604
795,1315,16688,128.58717346191406,83.19482421875,342.87803649902344,602.879150390625,0.3755892813205719
796,1316,19232,74.4010009765625,686.2432861328125,320.88470458984375,322.290283203125,0.8443212509155273
797,1316,3351,319.1568603515625,150.57620239257812,200.1693115234375,210.57598876953125,0.682116687297821
798,1316,16688,478.0724792480469,472.8189697265625,359.0310363769531,653.9163818359375,0.4348594844341278
799,132,3483,554.04736328125,805.3221435546875,280.76611328125,227.978759765625,0.7696621417999268
800,132,27777,171.69383239746094,812.2177734375,189.52137756347656,209.042724609375,0.7666113376617432
801,132,36637,658.318603515625,177.23098754882812,197.31298828125,258.7437744140625,0.7518010139465332
802,132,30308,18.592666625976562,160.0557861328125,469.31773376464844,350.5252685546875,0.669567883014679
803,1322,4378,125.18597412109375,111.23265075683594,240.44219970703125,435.66761779785156,0.8714718222618103
804,1322,6192,464.07696533203125,575.6331787109375,371.8526611328125,540.1654052734375,0.8636201024055481
805,1322,5094,537.852783203125,178.45925903320312,291.988525390625,292.7366943359375,0.7830448746681213
806,1322,2483,83.330078125,675.0489501953125,245.9896240234375,486.158203125,0.653831958770752
807,1323,6192,115.33526611328125,89.5987548828125,365.46722412109375,538.4068603515625,0.8459995985031128
808,1323,4378,563.0836791992188,698.068603515625,258.2916259765625,462.1785888671875,0.7895858287811279
809,1323,5094,96.33529663085938,791.88818359375,293.75274658203125,291.794921875,0.7327552437782288
810,1323,2483,593.45556640625,47.33421325683594,258.177490234375,494.65480041503906,0.7146887183189392
811,1326,18357,149.8070068359375,657.8995361328125,292.19232177734375,371.848388671875,0.8349514007568359
812,1326,20238,590.958984375,829.743408203125,240.828369140625,240.527099609375,0.7470456957817078
813,1326,3351,361.54217529296875,237.9402618408203,201.507568359375,200.65184020996094,0.6881729960441589
814,1327,44199,168.10220336914062,224.0377197265625,216.8443603515625,279.916748046875,0.883417546749115
815,1327,16548,162.53375244140625,806.43896484375,256.9820556640625,252.444091796875,0.8651509881019592
816,1327,29451,501.58929443359375,224.47735595703125,418.486572265625,258.80047607421875,0.85101318359375
817,1327,1900,638.66943359375,836.564453125,195.4197998046875,201.389404296875,0.7402225732803345
818,1328,44199,618.7173461914062,801.3216552734375,219.6298828125,286.384033203125,0.8952659368515015
819,1328,16548,572.771240234375,208.6422119140625,251.373291015625,244.32818603515625,0.8807159662246704
820,1328,29451,62.44073486328125,825.0540771484375,428.93780517578125,255.118408203125,0.8527243137359619
821,1328,1900,164.6942138671875,244.77667236328125,186.66119384765625,189.39947509765625,0.7383527159690857
822,1329,44199,588.190673828125,767.211181640625,225.46826171875,293.416015625,0.8803781867027283
823,1329,16548,543.652099609375,198.86972045898438,248.63330078125,244.15850830078125,0.8617493510246277
824,1329,29451,27.68487548828125,785.2864990234375,435.88311767578125,259.10302734375,0.8296259045600891
825,1329,1900,145.15396118164062,233.47488403320312,186.93014526367188,188.52301025390625,0.751055896282196
826,1330,35206,593.96826171875,111.15850830078125,257.836181640625,419.02606201171875,0.8257472515106201
827,1330,34597,78.92585754394531,144.54766845703125,483.26670837402344,475.22857666015625,0.7649626135826111
828,1330,3483,595.646728515625,835.60546875,290.966796875,201.8363037109375,0.729792594909668
829,1330,25469,82.58999633789062,814.7012939453125,353.1307373046875,325.3458251953125,0.6404255032539368
830,1331,35206,566.8406982421875,102.42295837402344,250.61865234375,406.08387756347656,0.7935093641281128
831,1331,3483,569.7913818359375,804.8863525390625,291.9300537109375,203.033203125,0.7573079466819763
832,1331,34597,72.10406494140625,117.090087890625,458.23004150390625,470.54010009765625,0.7570595145225525
833,1331,25469,45.510650634765625,772.4425048828125,361.48016357421875,328.5421142578125,0.6735721230506897
834,1332,35206,127.52262878417969,720.2655029296875,268.41603088378906,423.7283935546875,0.8060551881790161
835,1332,34597,444.8074951171875,630.4307861328125,481.4017333984375,483.2799072265625,0.7735969424247742
836,1332,3483,121.16748046875,268.1612548828125,282.7774658203125,200.3995361328125,0.7659149765968323
837,1332,25469,562.0284423828125,171.66368103027344,345.02880859375,313.69618225097656,0.6967366933822632
838,1333,20014,563.241455078125,267.409912109375,364.404052734375,345.95184326171875,0.793896496295929
839,1333,36637,149.0543212890625,279.76434326171875,212.1199951171875,257.40155029296875,0.7621476054191589
840,1333,3351,392.37060546875,911.1861572265625,208.684814453125,214.4644775390625,0.6626604199409485
841,1337,16548,570.2242431640625,179.05889892578125,250.7275390625,242.91619873046875,0.8869783878326416
842,1337,29451,484.6496887207031,816.426513671875,407.4963073730469,281.881103515625,0.8329824209213257
843,1337,1900,164.10743713378906,244.31069946289062,188.43614196777344,187.4622802734375,0.7392163276672363
844,1337,18110,74.92510986328125,782.8427734375,309.2896728515625,308.071533203125,0.5463961362838745
845,134,35206,636.841552734375,139.63426208496094,220.27734375,405.46717834472656,0.7947945594787598
846,134,31885,34.949981689453125,6.8651123046875,376.20098876953125,525.08349609375,0.7823454737663269
847,134,3483,550.4774169921875,796.8592529296875,300.944091796875,195.000244140625,0.7671071290969849
848,134,27653,59.30200958251953,804.8720703125,231.48674774169922,220.650146484375,0.6002338528633118
849,1340,16548,178.9940948486328,815.205078125,261.88584899902344,254.7998046875,0.834905207157135
850,1340,24850,573.021484375,274.2022705078125,302.315673828125,193.3223876953125,0.8072187304496765
851,1340,31705,125.4217529296875,121.9129638671875,272.37908935546875,430.35772705078125,0.8068867921829224
852,1340,1900,638.416748046875,853.775390625,217.606689453125,169.002197265625,0.7550709247589111
853,1345,29667,609.0745849609375,166.3936004638672,236.062744140625,232.21669006347656,0.7866908311843872
854,1345,31885,146.763916015625,103.71832275390625,453.17449951171875,537.5457763671875,0.7577560544013977
855,1345,3483,593.3768310546875,835.5516357421875,291.6470947265625,203.6298828125,0.7369851469993591
856,1345,25469,80.671630859375,814.7830810546875,353.657470703125,322.795654296875,0.6515797972679138
857,1347,29667,134.073486328125,861.765625,243.91998291015625,244.4200439453125,0.764845609664917
858,1347,3483,121.89321899414062,268.03662109375,283.780517578125,200.50323486328125,0.7645082473754883
859,1347,31885,382.39434814453125,595.863525390625,469.70556640625,548.7010498046875,0.7142680883407593
860,1347,25469,560.9453125,173.03961181640625,349.1982421875,312.0296630859375,0.6934829354286194
861,1348,31863,179.33096313476562,257.7806396484375,218.2518310546875,219.334716796875,0.8663687705993652
862,1348,3351,355.6248779296875,869.7166748046875,206.6600341796875,212.3568115234375,0.6635885238647461
863,1348,22074,670.2391357421875,305.58087158203125,192.94140625,195.388671875,0.639724850654602
864,135,35206,666.8785400390625,148.78700256347656,223.765380859375,416.73460388183594,0.802942156791687
865,135,31885,42.28057861328125,11.39471435546875,390.1053466796875,545.5655517578125,0.7811216711997986
866,135,3483,582.8469848632812,834.99365234375,292.325927734375,184.115234375,0.7727308869361877
867,135,27653,94.0184326171875,847.4559326171875,226.37158203125,217.0482177734375,0.6128372550010681
868,1350,31863,580.2841796875,852.2109375,219.997802734375,216.7169189453125,0.8399115204811096
869,1350,22074,102.4357681274414,814.8328247070312,192.89849090576172,191.96240234375,0.7135811448097229
870,1350,3351,417.156494140625,209.25286865234375,203.994384765625,206.87591552734375,0.6947370171546936
871,1353,16232,149.69810485839844,822.3609619140625,200.52857971191406,198.0726318359375,0.8399792909622192
872,1353,34597,497.98870849609375,664.31494140625,463.1253662109375,501.45166015625,0.7735946178436279
873,1353,3483,166.18092346191406,272.42108154296875,276.70091247558594,226.3564453125,0.7565167546272278
874,1353,27777,630.471923828125,288.86798095703125,183.53955078125,205.0302734375,0.7456873059272766
875,1354,20877,535.7210693359375,284.12255859375,341.750732421875,252.31451416015625,0.8055947422981262
876,1354,3483,131.82034301757812,283.357177734375,226.67819213867188,270.8594970703125,0.8033250570297241
877,1354,36637,157.7721405029297,795.9459228515625,208.95021057128906,268.095703125,0.7805448770523071
878,1354,30308,554.70849609375,721.746337890625,366.4564208984375,489.16845703125,0.7796411514282227
879,1355,20877,83.9603271484375,720.69677734375,347.66851806640625,252.42431640625,0.8589825630187988
880,1355,30308,75.58578491210938,41.47613525390625,336.5677795410156,449.97943115234375,0.8010206818580627
881,1355,36637,594.1368408203125,200.10614013671875,199.12939453125,256.22772216796875,0.7711937427520752
882,1355,3483,611.162109375,706.1889038085938,228.939697265625,285.5341796875,0.7618893384933472
883,1357,16548,570.6287841796875,159.5460968017578,246.43505859375,241.70164489746094,0.8802242875099182
884,1357,6563,151.0813446044922,667.92626953125,249.62367248535156,376.027099609375,0.8599440455436707
885,1357,3544,93.20321655273438,221.10577392578125,212.43618774414062,212.80126953125,0.6481260657310486
886,1357,12420,619.181640625,808.868408203125,201.994384765625,194.8594970703125,0.4709763526916504
887,1358,16548,597.815185546875,168.7552490234375,250.641357421875,239.6995849609375,0.8652988076210022
888,1358,6563,182.0351104736328,707.2774658203125,250.89781188964844,377.7325439453125,0.8524293303489685
889,1358,3544,106.32583618164062,235.7441864013672,218.16763305664062,209.78761291503906,0.7806583046913147
890,1358,12420,649.8302612304688,843.4525146484375,193.1160888671875,187.680419921875,0.3141271770000458
891,1359,16548,136.15399169921875,848.447265625,253.6920166015625,248.1064453125,0.8716964721679688
892,1359,6563,561.1837768554688,226.856201171875,249.2344970703125,349.5174560546875,0.8241865634918213
893,1359,3544,667.332275390625,821.379150390625,223.89208984375,222.435791015625,0.7760728597640991
894,1359,12420,162.0794677734375,275.985107421875,189.25762939453125,184.43438720703125,0.5857948660850525
895,136,44199,134.468505859375,237.03282165527344,250.09320068359375,245.63624572753906,0.8140649795532227
896,136,1900,648.0684814453125,843.66162109375,215.455078125,172.347412109375,0.7735662460327148
897,136,16551,77.27444458007812,653.235107421875,315.2428283691406,490.120361328125,0.7322662472724915
898,136,33009,561.7096557617188,205.5603790283203,333.216796875,307.50657653808594,0.7114850878715515
899,1361,19232,151.77725219726562,641.6893310546875,279.8099365234375,373.194091796875,0.8802385926246643
900,1361,29667,621.8846435546875,687.275634765625,240.142578125,239.46142578125,0.7923023700714111
901,1361,3351,349.98638916015625,140.37652587890625,200.12322998046875,208.22308349609375,0.6968348622322083
902,1363,16262,116.68292236328125,280.16143798828125,257.0206604003906,258.8590087890625,0.8147998452186584
903,1363,3351,425.4349365234375,876.3916015625,207.4007568359375,214.845458984375,0.673056960105896
904,1363,33880,440.898193359375,233.6478271484375,445.9578857421875,318.15679931640625,0.621061384677887
905,1366,22347,657.5992431640625,829.766357421875,219.240966796875,217.891357421875,0.8701792359352112
906,1366,29667,123.46450805664062,856.144287109375,236.7763671875,237.7271728515625,0.7991946935653687
907,1366,3483,130.09788513183594,277.54254150390625,285.68727111816406,192.609375,0.775615930557251
908,1366,27653,674.051513671875,247.986328125,221.33740234375,212.61712646484375,0.6515694856643677
909,1367,22347,104.47372436523438,219.87359619140625,210.56961059570312,202.6239013671875,0.8364740610122681
910,1367,29667,597.3236083984375,169.67431640625,229.362060546875,227.2003173828125,0.8119211196899414
911,1367,3483,549.021728515625,796.2099609375,301.108642578125,195.4013671875,0.7664380669593811
912,1367,27653,57.69506072998047,804.1063232421875,232.31983184814453,221.1041259765625,0.6051629781723022
913,1369,22347,117.65740966796875,207.3228759765625,214.94827270507812,209.3848876953125,0.8289541602134705
914,1369,3483,592.4830322265625,860.1512451171875,270.840087890625,242.594482421875,0.790027379989624
915,1369,16262,632.245361328125,165.96493530273438,256.640625,249.794921875,0.7685428857803345
916,1369,19861,124.49505615234375,860.259765625,229.78463745117188,178.44189453125,0.6858670711517334
917,1371,22347,100.67279052734375,200.4151611328125,211.15921020507812,204.39300537109375,0.8225923776626587
918,1371,3483,563.4600219726562,824.2054443359375,276.3240966796875,249.28857421875,0.7662229537963867
919,1371,16262,601.8255615234375,162.3018035888672,252.628173828125,245.18202209472656,0.7605276703834534
920,1371,19861,88.62673950195312,821.99169921875,234.502685546875,183.205078125,0.616439163684845
921,1372,22627,75.40777587890625,104.40614318847656,334.1319885253906,477.42161560058594,0.8399702310562134
922,1372,2483,583.481201171875,107.06890869140625,299.986572265625,455.29266357421875,0.7677854299545288
923,1372,3743,62.440399169921875,800.779296875,357.5492858886719,352.08642578125,0.7070733308792114
924,1372,5886,592.4559326171875,695.6700439453125,271.357177734375,510.704833984375,0.5968425869941711
925,1376,33208,147.0277099609375,290.13031005859375,219.54205322265625,207.88623046875,0.8457729816436768
926,1376,33009,577.9140014648438,235.34962463378906,372.6063232421875,256.11766052246094,0.7533876299858093
927,1376,1900,636.3544311523438,855.1923828125,215.8646240234375,176.3057861328125,0.7480606436729431
928,1376,16551,83.1373291015625,694.7333984375,316.2100830078125,507.409423828125,0.7240127921104431
929,1377,33208,635.97314453125,798.6085815429688,219.5263671875,210.743896484375,0.8551867604255676
930,1377,1900,149.4276123046875,250.83309936523438,206.3189697265625,166.57415771484375,0.7572722434997559
931,1377,33009,38.75909423828125,813.144775390625,379.16094970703125,257.06494140625,0.7546355724334717
932,1377,16551,584.841552734375,48.46031188964844,316.16259765625,497.91493225097656,0.7385839819908142
933,1378,3483,141.082275390625,212.27996826171875,264.1505126953125,233.76385498046875,0.8192903995513916
934,1378,22347,615.776611328125,861.4381103515625,224.249267578125,220.9747314453125,0.8149629831314087
935,1378,35206,102.065185546875,761.511474609375,314.971435546875,410.4356689453125,0.6747953295707703
936,1378,19861,634.2742919921875,272.0921630859375,230.299072265625,178.0997314453125,0.5962923765182495
937,1379,22347,158.02395629882812,193.08331298828125,218.77117919921875,212.23773193359375,0.8089659214019775
938,1379,3483,592.0916748046875,860.06640625,270.14013671875,242.382568359375,0.7891582250595093
939,1379,35206,569.0699462890625,84.2352294921875,306.162841796875,404.42596435546875,0.7795329093933105
940,1379,19861,124.63937377929688,860.33154296875,229.28939819335938,178.524169921875,0.6914049983024597
941,1381,21325,627.377197265625,266.87091064453125,248.899658203125,157.5220947265625,0.9129058718681335
942,1381,32310,26.158203125,216.57716369628906,385.9725036621094,266.84690856933594,0.6341212391853333
943,1381,3351,397.33831787109375,829.7958984375,211.16107177734375,217.048095703125,0.6183797121047974
944,1384,25367,37.593841552734375,85.2431640625,440.2945556640625,477.0120849609375,0.8393442034721375
945,1384,20238,598.791015625,185.9597625732422,236.335693359375,229.88966369628906,0.7795851230621338
946,1384,3483,554.1893310546875,808.3868408203125,280.8946533203125,227.425537109375,0.768631637096405
947,1384,27777,171.33197021484375,813.6158447265625,189.1123046875,209.1695556640625,0.7573599815368652
948,1385,20238,569.6036376953125,182.37835693359375,233.7318115234375,229.11785888671875,0.8099616765975952
949,1385,25367,26.271484375,73.46844482421875,424.7174987792969,454.9710693359375,0.8001319169998169
950,1385,27777,137.91949462890625,774.437744140625,191.73394775390625,213.5035400390625,0.7475376129150391
951,1385,3483,524.1885375976562,769.1237182617188,286.7569580078125,236.9044189453125,0.7420622706413269
952,1386,25367,517.0386962890625,686.532470703125,447.512939453125,498.0341796875,0.7928349375724792
953,1386,20238,145.31578063964844,844.802490234375,245.69129943847656,237.890380859375,0.7600928544998169
954,1386,3483,166.5709228515625,269.9068298339844,277.11431884765625,225.56854248046875,0.7592341303825378
955,1386,27777,631.5467529296875,287.56195068359375,185.265869140625,205.16455078125,0.7278196215629578
956,1387,20877,134.31201171875,827.6121826171875,281.17083740234375,327.2943115234375,0.8577454090118408
957,1387,22347,107.56591033935547,238.08642578125,216.40930938720703,204.81488037109375,0.8535590767860413
958,1387,3483,634.870361328125,750.27294921875,215.508544921875,283.119384765625,0.7865087985992432
959,1387,20238,596.5836181640625,175.51315307617188,237.10595703125,229.349609375,0.7825161218643188
960,139,35206,570.381591796875,104.2100830078125,247.4774169921875,403.67913818359375,0.7774227857589722
961,139,31885,0.473663330078125,37.11419677734375,406.4205322265625,517.4683227539062,0.7727943062782288
962,139,3483,568.2532958984375,806.0927734375,293.0009765625,203.5107421875,0.768041729927063
963,139,25469,45.017333984375,773.02734375,361.9290771484375,327.654296875,0.6563400030136108
964,1390,25438,150.19007873535156,859.753173828125,275.77146911621094,287.521484375,0.6995044350624084
965,1390,2483,577.4935302734375,116.5338134765625,247.9091796875,470.56103515625,0.6809720396995544
966,1390,22627,110.30938720703125,161.15350341796875,376.3616943359375,472.3330078125,0.6737099289894104
967,1390,22362,588.149658203125,744.5809326171875,292.3359375,427.0096435546875,0.6433520317077637
968,1392,22627,106.4525146484375,120.90086364746094,370.08380126953125,484.51136779785156,0.7455804347991943
969,1392,25438,145.77212524414062,847.8804931640625,274.92816162109375,277.890625,0.7438945770263672
970,1392,2483,585.5889892578125,77.4620361328125,251.6685791015625,486.28948974609375,0.7005429863929749
971,1392,22362,577.647705078125,742.36962890625,289.851318359375,421.490478515625,0.6726475954055786
972,1393,22347,677.34423828125,863.9256591796875,222.279296875,218.929931640625,0.8777128458023071
973,1393,16262,129.61318969726562,826.755859375,262.2823486328125,257.3291015625,0.770949125289917
974,1393,3483,167.26902770996094,269.961669921875,277.00331115722656,225.50640869140625,0.754658043384552
975,1393,27777,631.4412841796875,287.51776123046875,186.806396484375,205.11590576171875,0.7149980068206787
976,1395,22347,86.22402954101562,186.61318969726562,209.27691650390625,204.56719970703125,0.7975370287895203
977,1395,27777,137.6217041015625,774.136474609375,191.7498779296875,212.720947265625,0.7517574429512024
978,1395,3483,522.993896484375,768.1878051757812,286.69677734375,236.8614501953125,0.7385548949241638
979,1395,16262,567.0222778320312,175.9700927734375,254.7821044921875,248.58966064453125,0.7384958267211914
980,1396,19552,493.5982360839844,578.224609375,360.5642395019531,524.472900390625,0.9236094355583191
981,1396,5094,512.009033203125,147.56134033203125,288.9608154296875,292.06951904296875,0.7765281200408936
982,1396,13395,67.026123046875,84.41900634765625,261.82745361328125,479.23223876953125,0.6974342465400696
983,1396,2483,67.30447387695312,660.1724853515625,230.84197998046875,484.3265380859375,0.5793085694313049
984,140,35206,595.1082153320312,111.63749694824219,257.473876953125,418.23390197753906,0.8284451961517334
985,140,31885,8.0994873046875,55.751708984375,422.7083435058594,519.9520874023438,0.7520749568939209
986,140,3483,594.572265625,836.3187255859375,290.939697265625,202.031982421875,0.7350694537162781
987,140,25469,81.34283447265625,818.9215087890625,351.618408203125,321.2481689453125,0.6405045390129089
988,1401,22347,644.0245971679688,847.583984375,222.239013671875,215.57763671875,0.8269117474555969
989,1401,29667,131.38352966308594,863.23291015625,244.82130432128906,243.9505615234375,0.7943974137306213
990,1401,3483,122.01641845703125,266.3569030761719,284.06732177734375,201.08062744140625,0.7635524868965149
991,1401,25469,561.7990112304688,173.33135986328125,347.8660888671875,310.560302734375,0.6798312664031982
992,1402,20238,80.22516632080078,326.243896484375,235.16002655029297,235.9156494140625,0.785659670829773
993,1402,3351,417.63409423828125,874.8997802734375,206.415283203125,214.175048828125,0.6850377917289734
994,1402,33880,446.5128479003906,181.5257568359375,409.4418640136719,393.12646484375,0.4455125629901886
995,1402,19232,446.09356689453125,178.8551025390625,408.25146484375,392.4193115234375,0.2623581886291504
996,1404,20238,665.3428955078125,755.17919921875,237.5634765625,235.88671875,0.7509364485740662
997,1404,33880,115.48321533203125,725.5677490234375,412.71453857421875,411.3057861328125,0.7082682847976685
998,1404,3351,357.15118408203125,206.0645751953125,203.2252197265625,203.93463134765625,0.7024585008621216
999,1407,38162,596.3587646484375,784.5931396484375,259.74462890625,271.505615234375,0.8944723010063171
1000,1407,33880,99.82057189941406,676.8338623046875,318.40403747558594,445.529296875,0.8427160382270813
1001,1407,3351,368.91778564453125,218.3354034423828,207.368408203125,208.05455017089844,0.6892857551574707
1002,1408,16548,71.43572998046875,802.2491455078125,248.81851196289062,247.87890625,0.8851734399795532
1003,1408,33208,648.3421020507812,891.85009765625,230.796630859375,223.299560546875,0.8414674997329712
1004,1408,1900,185.22216796875,264.6175842285156,212.471923828125,150.58123779296875,0.7524697184562683
1005,1408,21026,679.4945068359375,270.40008544921875,185.074951171875,180.495361328125,0.7209948897361755
1006,1411,3483,582.9659423828125,832.8121948242188,294.0599365234375,186.024169921875,0.7814494371414185
1007,1411,36637,635.0907592773438,206.33822631835938,202.879150390625,256.66693115234375,0.7557398676872253
1008,1411,30308,51.11177062988281,111.76264953613281,420.66038513183594,449.68833923339844,0.7399126887321472
1009,1411,27653,94.2718505859375,847.6678466796875,227.7115478515625,217.14404296875,0.6255596280097961
1010,1413,3483,128.229248046875,278.3567810058594,287.01385498046875,193.14788818359375,0.7761619687080383
1011,1413,36637,145.63784790039062,799.16015625,208.9581298828125,264.52294921875,0.7680862545967102
1012,1413,30308,525.005126953125,692.066650390625,424.037353515625,454.219482421875,0.7303319573402405
1013,1413,27653,672.1845703125,247.37564086914062,221.9029541015625,212.97637939453125,0.6448591947555542
1014,1414,10221,590.194580078125,180.72618103027344,234.23779296875,230.50245666503906,0.8321239948272705
1015,1414,16548,49.132171630859375,768.3787841796875,250.77349853515625,247.96142578125,0.8210809230804443
1016,1414,3544,105.95599365234375,187.66261291503906,211.53009033203125,209.18113708496094,0.8028257489204407
1017,1414,27926,532.055908203125,588.0050048828125,302.3499755859375,498.0565185546875,0.7500871419906616
1018,1418,1900,126.09515380859375,252.00225830078125,205.73748779296875,158.73114013671875,0.766220211982727
1019,1418,16551,91.8408203125,643.5570068359375,313.4564208984375,503.635009765625,0.7573606967926025
1020,1418,31705,568.4277954101562,692.947021484375,290.12890625,465.7342529296875,0.7361193299293518
1021,142,44199,75.3951416015625,168.78102111816406,257.8052978515625,240.33457946777344,0.8841347694396973
1022,142,16548,584.6682739257812,147.74964904785156,246.07958984375,240.04588317871094,0.8698148131370544
1023,142,1900,578.270263671875,861.00048828125,217.71875,155.458740234375,0.7521030902862549
1024,142,21026,88.62994384765625,826.87060546875,190.90884399414062,187.796142578125,0.747992217540741
1025,1420,3351,402.0653381347656,862.0968017578125,206.45700073242188,215.4130859375,0.6451736092567444
1026,1420,41768,93.34442138671875,230.12725830078125,302.247802734375,281.98138427734375,0.5901143550872803
1027,1420,16688,502.27093505859375,59.42205810546875,343.4000244140625,607.1393432617188,0.523260235786438
1028,1421,3351,331.8604736328125,155.509521484375,201.76611328125,210.505859375,0.6775063276290894
1029,1421,41768,539.562744140625,703.609130859375,320.1722412109375,305.4088134765625,0.6532319188117981
1030,1421,16688,89.22740173339844,512.358642578125,351.81178283691406,641.6484375,0.5135302543640137
1031,1424,35206,570.663330078125,126.0777587890625,241.705322265625,404.9755859375,0.7864786982536316
1032,1424,31885,87.6748046875,72.04150390625,374.3529052734375,516.783203125,0.7608804702758789
1033,1424,27777,137.9114990234375,772.990478515625,192.05032348632812,213.345703125,0.7522540092468262
1034,1424,3483,525.29248046875,765.982666015625,285.7442626953125,237.5369873046875,0.7344552278518677
1035,1425,35206,600.5740356445312,133.655029296875,245.6124267578125,420.5152587890625,0.7918199896812439
1036,1425,3483,554.6552734375,806.318115234375,280.398681640625,226.9632568359375,0.7718690633773804
1037,1425,27777,171.4281005859375,812.6673583984375,188.89306640625,208.26611328125,0.75403892993927
1038,1425,31885,101.87689208984375,83.774658203125,398.95928955078125,538.360595703125,0.7297336459159851
1039,1429,16548,122.77740478515625,822.1251220703125,247.61163330078125,244.257080078125,0.8427491784095764
1040,1429,10221,670.7169189453125,208.63720703125,237.435791015625,228.646728515625,0.7839688062667847
1041,1429,29345,585.0377197265625,696.37744140625,302.5887451171875,456.527099609375,0.7609455585479736
1042,1429,3544,117.14236450195312,246.0856475830078,215.69073486328125,210.98692321777344,0.7606603503227234
1043,143,44199,90.3853759765625,174.86126708984375,265.3201904296875,245.494140625,0.8725931644439697
1044,143,16548,614.294677734375,152.7288818359375,249.85595703125,243.9112548828125,0.8389316201210022
1045,143,1900,607.4296875,900.0972900390625,209.698486328125,143.95654296875,0.753183126449585
1046,143,21026,122.33859252929688,861.20556640625,188.40292358398438,186.138427734375,0.7213531136512756
1047,1431,16548,89.43463897705078,784.4853515625,250.14037322998047,244.975830078125,0.8184178471565247
1048,1431,3544,101.5480728149414,238.23782348632812,212.04222869873047,205.6947021484375,0.7948658466339111
1049,1431,29345,554.91650390625,656.986083984375,309.43603515625,462.437744140625,0.7786976099014282
1050,1431,10221,641.1497802734375,198.8064422607422,232.7593994140625,230.58876037597656,0.7630053758621216
1051,1433,38162,598.702392578125,742.22412109375,308.121826171875,228.9169921875,0.9219210743904114
1052,1433,32310,0.0,648.158203125,306.96807861328125,349.7470703125,0.6702298521995544
1053,1433,3351,360.7568359375,161.92364501953125,198.886962890625,206.0364990234375,0.6503982543945312
1054,1435,13900,161.19580078125,338.01910400390625,184.708251953125,262.36639404296875,0.8330612182617188
1055,1435,3351,390.32806396484375,843.0775146484375,206.88409423828125,212.831298828125,0.6854514479637146
1056,1435,3351,578.3826904296875,299.08447265625,241.43896484375,234.89202880859375,0.28243231773376465
1057,1436,13900,584.5045776367188,622.0859375,200.052490234375,276.735595703125,0.8135756850242615
1058,1436,3351,340.365966796875,175.38046264648438,203.3524169921875,209.6546630859375,0.6795781254768372
1059,1436,20238,105.91583251953125,693.6832275390625,240.03997802734375,239.457763671875,0.6691807508468628
1060,1438,12247,168.93392944335938,292.5848388671875,220.88067626953125,144.94580078125,0.9511137008666992
1061,1438,16548,200.543212890625,827.524169921875,262.96295166015625,264.209228515625,0.8438441157341003
1062,1438,6563,560.3450927734375,227.604248046875,249.1119384765625,349.05963134765625,0.8117917776107788
1063,1438,3544,690.411865234375,850.5626220703125,226.32666015625,224.946044921875,0.7841536402702332
1064,1439,12247,582.40380859375,839.8062744140625,226.651611328125,147.078369140625,0.9192429184913635
1065,1439,16548,503.9822998046875,172.22021484375,252.4163818359375,244.8707275390625,0.8698989748954773
1066,1439,6563,151.49002075195312,667.98828125,250.48052978515625,375.56640625,0.8625050187110901
1067,1439,3544,70.52237701416016,192.86431884765625,212.04869842529297,212.3837890625,0.7844820618629456
1068,1441,36637,585.7294311523438,193.32931518554688,263.3218994140625,184.6888427734375,0.8463652729988098
1069,1441,3483,569.2311401367188,752.849365234375,289.892578125,215.066162109375,0.8114779591560364
1070,1441,22347,116.338623046875,168.7684326171875,209.05343627929688,202.10760498046875,0.810671865940094
1071,1441,27733,87.85336303710938,720.469970703125,328.06640625,302.6087646484375,0.7882823944091797
1072,1442,22347,131.5892333984375,173.32229614257812,214.90036010742188,207.51409912109375,0.8400260806083679
1073,1442,3483,598.2988891601562,785.79052734375,286.4771728515625,211.919921875,0.7945478558540344
1074,1442,36637,615.3953247070312,200.73101806640625,269.543212890625,183.659423828125,0.7808487415313721
1075,1442,27733,122.950927734375,764.0582275390625,321.86590576171875,300.1455078125,0.7530416250228882
1076,1444,4378,122.6229248046875,110.17500305175781,242.2164306640625,436.10569763183594,0.8765691518783569
1077,1444,23223,502.69256591796875,618.3953857421875,330.0255126953125,523.6142578125,0.8362782001495361
1078,1444,3743,465.990478515625,131.5762176513672,343.108642578125,337.11244201660156,0.7627373337745667
1079,1444,2483,80.6907958984375,692.27880859375,237.31597900390625,481.1588134765625,0.653811514377594
1080,1446,23223,110.69244384765625,61.0780029296875,328.6102294921875,529.7821044921875,0.8514833450317383
1081,1446,4378,563.1593017578125,700.0008544921875,258.19921875,460.8414306640625,0.7978450059890747
1082,1446,3743,119.26876831054688,790.2296142578125,344.777099609375,345.25830078125,0.7559596300125122
1083,1446,2483,595.5932006835938,23.59515380859375,254.2198486328125,502.54388427734375,0.7259477376937866
1084,1447,16548,39.687538146972656,784.8900146484375,249.61644744873047,245.641845703125,0.809334397315979
1085,1447,3544,101.35900115966797,175.40554809570312,211.39838409423828,205.1387939453125,0.8036282062530518
1086,1447,29451,451.3409729003906,750.029541015625,431.7946472167969,275.86865234375,0.800068199634552
1087,1447,10221,618.217529296875,181.68133544921875,235.17041015625,230.42620849609375,0.7816609144210815
1088,1449,16548,74.67422485351562,825.2576904296875,246.8709716796875,241.198486328125,0.7996625900268555
1089,1449,3544,114.91006469726562,178.52352905273438,215.223876953125,212.055419921875,0.7867001295089722
1090,1449,10221,647.05029296875,188.4391326904297,240.48291015625,230.63636779785156,0.7836036682128906
1091,1449,29451,480.1773681640625,789.923828125,427.2802734375,267.302978515625,0.7816666960716248
1092,1450,25438,114.73516845703125,801.5372314453125,273.21075439453125,273.419677734375,0.742395281791687
1093,1450,2483,579.585205078125,37.86198425292969,256.656494140625,494.17079162597656,0.723363995552063
1094,1450,13395,561.8600463867188,711.3179931640625,283.7100830078125,515.4017333984375,0.688029944896698
1095,1450,12778,109.56790161132812,67.47869873046875,305.94158935546875,524.2474365234375,0.6684063673019409
1096,1452,2483,576.5386962890625,87.73577880859375,249.476806640625,468.3433837890625,0.7293462753295898
1097,1452,13395,575.2722778320312,710.260498046875,275.6143798828125,526.403564453125,0.7123759984970093
1098,1452,25438,117.671875,811.8082275390625,274.56024169921875,284.046142578125,0.7061364054679871
1099,1452,12778,111.48283386230469,105.62322998046875,302.33863830566406,519.5962524414062,0.511272668838501
1100,1453,18357,45.292205810546875,301.935302734375,284.51708984375,344.7576904296875,0.8675736784934998
1101,1453,16688,437.419677734375,90.2369384765625,478.014404296875,582.2303466796875,0.6971790194511414
1102,1453,3351,451.7265625,897.836181640625,203.108154296875,211.1478271484375,0.6491791009902954
1103,1455,18357,641.1934814453125,642.3648681640625,296.8193359375,357.583740234375,0.7994784116744995
1104,1455,3351,325.2200927734375,179.89474487304688,204.1383056640625,207.0765380859375,0.7078948020935059
1105,1455,16688,54.07957458496094,594.8863525390625,491.53883361816406,638.17529296875,0.4996166229248047
1106,1458,23223,69.25750732421875,158.7314453125,325.672119140625,527.3946533203125,0.8604583144187927
1107,1458,4378,628.30712890625,704.4066162109375,248.3009033203125,460.54541015625,0.8016734719276428
1108,1458,2483,591.5771484375,58.07757568359375,264.927978515625,491.29132080078125,0.709317684173584
1109,1458,25438,100.34963989257812,819.175537109375,276.29876708984375,273.651123046875,0.7084078192710876
1110,1459,5094,97.094970703125,801.912109375,299.310302734375,301.3428955078125,0.7465149164199829
1111,1459,22627,70.7091064453125,184.04168701171875,318.375244140625,485.85150146484375,0.6846873164176941
1112,1459,2483,615.5389404296875,74.84893798828125,250.306884765625,462.30633544921875,0.6249259114265442
1113,1459,12081,628.1112060546875,690.733154296875,274.729736328125,468.3424072265625,0.5954282283782959
1114,146,16232,149.48065185546875,822.341552734375,199.9925537109375,198.306884765625,0.8413786292076111
1115,146,3483,165.69000244140625,272.14447021484375,277.82330322265625,226.1822509765625,0.7515674829483032
1116,146,31885,542.521484375,659.3668212890625,429.1650390625,566.0711669921875,0.7466800212860107
1117,146,27777,630.55517578125,288.54119873046875,183.596923828125,205.1419677734375,0.738215982913971
1118,1460,5094,538.810791015625,176.864013671875,290.7244873046875,293.49359130859375,0.796601414680481
1119,1460,22627,531.5810546875,566.741943359375,339.396728515625,500.408447265625,0.7029247283935547
1120,1460,12081,53.1646728515625,125.3250732421875,260.74237060546875,436.59814453125,0.7020894289016724
1121,1460,2483,46.931060791015625,696.7940673828125,264.4580383300781,487.7421875,0.6390900611877441
1122,1461,5094,97.70864868164062,794.5843505859375,292.85662841796875,290.548095703125,0.774775505065918
1123,1461,22627,65.10256958007812,147.93540954589844,324.35211181640625,495.28822326660156,0.7403696775436401
1124,1461,2483,618.7164306640625,19.208984375,254.47509765625,501.09228515625,0.6717315912246704
1125,1461,12081,623.0228271484375,687.4656982421875,267.23095703125,459.428466796875,0.480233758687973
1126,1462,25367,505.190185546875,661.7757568359375,453.950439453125,488.7044677734375,0.8010998368263245
1127,1462,3483,128.6744384765625,277.94580078125,286.70001220703125,192.92974853515625,0.7742979526519775
1128,1462,20238,129.6660919189453,860.659423828125,242.69615173339844,239.830322265625,0.7702068090438843
1129,1462,27653,671.67041015625,247.17034912109375,222.18798828125,213.2904052734375,0.6421274542808533
1130,1463,25367,49.303955078125,113.936767578125,442.32244873046875,475.65484619140625,0.8372389078140259
1131,1463,20238,616.3575439453125,168.6891326904297,236.22119140625,231.05934143066406,0.7938994765281677
1132,1463,3483,582.5809326171875,833.5579833984375,294.0267333984375,186.41845703125,0.7727599740028381
1133,1463,27653,94.68048095703125,847.75146484375,226.54119873046875,216.55517578125,0.6309998631477356
1134,1464,25367,33.65338134765625,100.06324768066406,429.48046875,458.60862731933594,0.8255888223648071
1135,1464,20238,586.966796875,166.15013122558594,233.5159912109375,225.96852111816406,0.8081101179122925
1136,1464,3483,550.69580078125,796.009521484375,301.7935791015625,195.840087890625,0.7742360234260559
1137,1464,27653,59.811370849609375,805.14794921875,232.11846923828125,221.2412109375,0.610317587852478
1138,1466,22347,103.35748291015625,174.6802978515625,210.11611938476562,201.34979248046875,0.8235968351364136
1139,1466,3483,549.68994140625,795.9573974609375,301.12548828125,195.513427734375,0.7661815881729126
1140,1466,16262,585.2664794921875,167.07749938964844,250.733154296875,246.08815002441406,0.7343142032623291
1141,1466,27653,58.67357635498047,804.380615234375,231.86963653564453,220.8623046875,0.6073098182678223
1142,1473,19607,150.0823974609375,214.5713348388672,165.50921630859375,159.48329162597656,0.9207041263580322
1143,1473,1900,612.0806274414062,858.830322265625,205.1273193359375,166.9296875,0.7563197612762451
1144,1473,16551,546.2364501953125,81.54449462890625,323.01123046875,498.29156494140625,0.7509375214576721
1145,1473,21026,122.88665771484375,861.333740234375,187.82553100585938,186.0313720703125,0.7269614338874817
1146,1474,3483,599.7366333007812,784.3743896484375,285.852783203125,212.455810546875,0.7921682596206665
1147,1474,36637,614.2178955078125,198.97964477539062,269.1685791015625,188.57745361328125,0.7821651697158813
1148,1474,27733,120.31964111328125,758.690185546875,320.751708984375,298.63427734375,0.7618193030357361
1149,1474,34597,55.85321044921875,87.33123779296875,458.959716796875,464.66253662109375,0.7435295581817627
1150,1476,36637,585.1480712890625,191.996826171875,263.49658203125,185.3265380859375,0.8556805849075317
1151,1476,3483,571.019775390625,752.1519775390625,288.325927734375,215.183349609375,0.809188961982727
1152,1476,34597,44.175048828125,61.72802734375,453.39813232421875,464.9984130859375,0.7646393775939941
1153,1476,27733,84.25225830078125,713.868408203125,327.1425476074219,301.4970703125,0.7637854814529419
1154,1477,18357,321.6676025390625,658.461181640625,325.4854736328125,412.8948974609375,0.8010342121124268
1155,1477,3351,648.0513916015625,282.16741943359375,188.0576171875,195.95477294921875,0.6566410660743713
1156,1477,36637,83.1923599243164,222.54847717285156,250.55748748779297,229.20005798339844,0.632218062877655
1157,148,19232,487.06781005859375,222.38189697265625,345.14794921875,289.867431640625,0.8141884207725525
1158,148,3351,394.93341064453125,840.4315185546875,206.03375244140625,211.295654296875,0.6812357902526855
1159,148,20238,116.81979370117188,290.02447509765625,236.08999633789062,236.35986328125,0.6359522342681885
1160,1480,16548,167.31771850585938,825.1683349609375,257.59832763671875,257.4354248046875,0.8643463850021362
1161,1480,3544,635.6622314453125,871.3262939453125,224.370361328125,223.598388671875,0.8182966709136963
1162,1480,10221,151.88555908203125,249.95364379882812,236.9227294921875,232.32196044921875,0.8040845990180969
1163,1480,6563,575.1041259765625,235.0615234375,239.65625,349.77557373046875,0.796332061290741
1164,1483,3483,140.84059143066406,211.80694580078125,264.96665954589844,235.3358154296875,0.813981294631958
1165,1483,28763,621.8265991210938,893.49609375,233.086181640625,224.2835693359375,0.7860150337219238
1166,1483,35206,102.50335693359375,761.2060546875,314.6068115234375,411.30859375,0.6598659753799438
1167,1483,19861,635.0797119140625,272.007080078125,229.34033203125,177.1156005859375,0.589163601398468
1168,1485,3483,592.3277587890625,859.5364990234375,270.0137939453125,243.04248046875,0.7892224192619324
1169,1485,28763,144.77578735351562,156.98049926757812,224.55303955078125,220.37078857421875,0.7818524241447449
1170,1485,35206,569.4481201171875,83.89706420898438,304.8580322265625,404.21881103515625,0.7772167921066284
1171,1485,19861,124.7662353515625,860.70703125,229.44772338867188,177.785400390625,0.6889725923538208
1172,1488,21325,203.69644165039062,817.0037841796875,220.265625,214.724365234375,0.8583031892776489
1173,1488,31863,618.40234375,824.96923828125,220.34375,218.2210693359375,0.7541084289550781
1174,1488,3351,383.9442138671875,194.94293212890625,202.27313232421875,205.46746826171875,0.6711774468421936
1175,1489,20014,519.8792724609375,273.6273193359375,363.559326171875,346.33282470703125,0.8113405108451843
1176,1489,3351,395.387939453125,841.7783203125,205.1253662109375,210.031494140625,0.6748388409614563
1177,1489,20238,179.5349578857422,272.99169921875,240.53541564941406,235.7371826171875,0.4784855544567108
1178,149,19232,86.55612182617188,689.5081787109375,347.85382080078125,287.5220947265625,0.8093372583389282
1179,149,20238,583.5949096679688,701.292724609375,245.560546875,246.610107421875,0.7586715221405029
1180,149,3351,336.66326904296875,178.63677978515625,203.66357421875,209.8372802734375,0.6849254369735718
1181,1492,3351,369.61358642578125,891.22607421875,209.4302978515625,215.026123046875,0.657897412776947
1182,1492,18147,512.076171875,284.94671630859375,363.05859375,385.55889892578125,0.6416745781898499
1183,1492,21325,176.88623046875,271.7099609375,179.85345458984375,240.83251953125,0.4759243428707123
1184,1493,21325,582.5026245117188,716.7200927734375,185.349365234375,250.12939453125,0.774033784866333
1185,1493,18147,50.380889892578125,529.0152587890625,365.7254943847656,402.186767578125,0.7562995553016663
1186,1493,3351,358.949462890625,126.08307647705078,202.0787353515625,210.79448699951172,0.6634841561317444
1187,1497,34597,49.6370849609375,54.5977783203125,323.90814208984375,499.4688720703125,0.8180307745933533
1188,1497,29667,603.6639404296875,190.19293212890625,229.029052734375,231.16192626953125,0.7962584495544434
1189,1497,3483,553.372314453125,827.5716552734375,279.314697265625,252.279541015625,0.7662183046340942
1190,1497,19861,82.55532836914062,822.9093017578125,235.04684448242188,182.442138671875,0.6315029263496399
1191,15,33880,43.34797668457031,773.0755615234375,461.89402770996094,311.6800537109375,0.8043017387390137
1192,15,3351,352.19891357421875,238.71817016601562,202.5379638671875,203.67608642578125,0.6980979442596436
1193,15,16232,635.70263671875,791.2584838867188,205.7657470703125,199.2366943359375,0.6605567336082458
1194,150,19232,128.19813537597656,786.8629150390625,351.96678161621094,292.9959716796875,0.8164651393890381
1195,150,20238,624.954345703125,794.4354248046875,238.622802734375,236.091064453125,0.7688021659851074
1196,150,3351,378.20623779296875,240.64329528808594,205.164794921875,205.52394104003906,0.6939331293106079
1197,1500,38162,188.0262451171875,730.0704345703125,207.44921875,310.5120849609375,0.8818336129188538
1198,1500,3351,340.43212890625,224.75613403320312,208.75177001953125,208.43487548828125,0.6893078684806824
1199,1500,41768,565.929443359375,850.0867919921875,362.50732421875,204.0322265625,0.44294989109039307
1200,151,16548,95.72555541992188,814.7294921875,249.51724243164062,245.03369140625,0.8917204737663269
1201,151,29451,500.95391845703125,224.2168426513672,417.64453125,258.81605529785156,0.8420301079750061
1202,151,33208,176.44703674316406,258.023681640625,224.93333435058594,215.1708984375,0.7971655130386353
1203,151,1900,638.898681640625,835.894775390625,195.421142578125,202.451171875,0.7403932809829712
1204,152,16548,612.7659912109375,195.68878173828125,243.920654296875,240.73699951171875,0.863533616065979
1205,152,33208,571.4661865234375,800.2188720703125,231.453369140625,221.841552734375,0.8491594195365906
1206,152,29451,28.005828857421875,785.724365234375,436.1897277832031,258.54052734375,0.8339974284172058
1207,152,1900,144.76687622070312,233.7090301513672,187.79876708984375,190.28407287597656,0.7637538313865662
1208,153,16548,642.142578125,205.8468475341797,248.1214599609375,240.62001037597656,0.8736532330513
1209,153,33208,600.2626953125,834.3004150390625,226.5955810546875,214.96923828125,0.8483641147613525
1210,153,29451,63.323150634765625,825.33251953125,428.97991943359375,254.8441162109375,0.8475539088249207
1211,153,1900,164.49554443359375,244.9042510986328,186.17901611328125,189.59788513183594,0.7344605922698975
1212,154,23223,82.51907348632812,122.0787353515625,340.03662109375,525.088134765625,0.8571310639381409
1213,154,5094,99.6666259765625,797.764404296875,292.37799072265625,290.687744140625,0.7641730904579163
1214,154,2483,599.7940673828125,37.4610595703125,268.503662109375,490.6507568359375,0.7107195258140564
1215,154,5886,569.00390625,680.3326416015625,274.681640625,503.6485595703125,0.5021612644195557
1216,155,23223,521.1094970703125,560.4412841796875,342.7047119140625,517.6497802734375,0.8495700359344482
1217,155,5094,536.083984375,174.8714599609375,291.0447998046875,288.16680908203125,0.7746181488037109
1218,155,2483,53.738922119140625,683.9447021484375,260.1463623046875,484.2049560546875,0.6784898042678833
1219,155,5886,106.07324981689453,83.0762939453125,253.14830780029297,477.8768310546875,0.5775032639503479
1220,156,23223,85.07424926757812,164.64366149902344,338.0660400390625,503.98683166503906,0.8524476289749146
1221,156,5094,99.2509765625,806.5216064453125,299.2884521484375,299.7972412109375,0.7520061731338501
1222,156,2483,587.3804931640625,83.44438171386719,278.517333984375,468.64198303222656,0.7380994558334351
1223,156,5886,575.7903442382812,678.300537109375,281.42041015625,517.6103515625,0.5982422828674316
1224,157,25367,93.55625915527344,75.8348388671875,421.43763732910156,475.55999755859375,0.8154599666595459
1225,157,27777,137.8016357421875,774.0682373046875,191.42523193359375,213.1663818359375,0.755149245262146
1226,157,16262,566.5223388671875,175.52899169921875,255.2933349609375,249.89984130859375,0.7421494126319885
1227,157,3483,523.69140625,768.2064208984375,286.575927734375,238.130615234375,0.7325555682182312
1228,159,25367,110.744140625,86.44134521484375,426.7276611328125,487.88702392578125,0.8482018113136292
1229,159,3483,553.7786865234375,808.4332275390625,280.915283203125,226.9481201171875,0.7679560780525208
1230,159,27777,171.22000122070312,813.435546875,188.91778564453125,208.7998046875,0.7646483182907104
1231,159,16262,592.0230102539062,180.87094116210938,262.4468994140625,253.00482177734375,0.7313904762268066
1232,160,23203,202.9298553466797,313.169189453125,152.27552795410156,149.69598388671875,0.8781998753547668
1233,160,4543,138.93197631835938,911.115966796875,224.07684326171875,220.3319091796875,0.8151910901069641
1234,160,3544,615.066650390625,879.523681640625,228.697265625,228.118408203125,0.7986162900924683
1235,160,16551,555.2444458007812,256.59820556640625,318.622802734375,485.9525146484375,0.7369123697280884
1236,162,3544,154.78216552734375,173.231689453125,218.6158447265625,211.1141357421875,0.8001984357833862
1237,162,4543,618.123046875,139.92105102539062,220.59619140625,209.8785400390625,0.7918413281440735
1238,162,16551,116.32235717773438,524.979248046875,325.5224609375,506.818603515625,0.7741056084632874
1239,162,23203,648.0501708984375,848.9937744140625,148.4459228515625,144.4178466796875,0.612638533115387
1240,163,16232,642.68505859375,244.6005859375,191.3369140625,192.180908203125,0.8368557095527649
1241,163,3483,554.7311401367188,804.8707275390625,281.5615234375,228.4251708984375,0.7690680027008057
1242,163,27777,172.46495056152344,813.0535888671875,189.75184631347656,208.749755859375,0.7611104846000671
1243,163,28763,125.02886962890625,165.12054443359375,224.85372924804688,216.990966796875,0.7528089880943298
1244,164,16232,149.4790496826172,822.1610107421875,200.00306701660156,197.964599609375,0.8504838347434998
1245,164,28763,643.3826904296875,886.51220703125,232.53369140625,227.012939453125,0.7697883248329163
1246,164,3483,166.01087951660156,271.8570556640625,277.51377868652344,225.8367919921875,0.7576122879981995
1247,164,27777,629.8603515625,288.2049560546875,185.0389404296875,204.57904052734375,0.7173033952713013
1248,165,16232,611.25146484375,234.05294799804688,191.3389892578125,190.2109375,0.8374722599983215
1249,165,28763,106.2889175415039,161.279052734375,221.64049530029297,210.96600341796875,0.7888214588165283
1250,165,27777,138.92880249023438,773.158447265625,192.739501953125,213.4091796875,0.7450717687606812
1251,165,3483,525.5726318359375,764.92626953125,286.486572265625,238.638671875,0.7357004284858704
1252,17,41768,544.5194702148438,627.0603637695312,289.048095703125,328.6981201171875,0.719642698764801
1253,17,35206,109.66285705566406,573.591552734375,322.32322692871094,407.72265625,0.6798509955406189
1254,17,3351,291.9039306640625,155.8672637939453,195.8194580078125,208.14805603027344,0.6683551669120789
1255,170,5094,98.36068725585938,799.0810546875,297.3296203613281,305.33056640625,0.7160400152206421
1256,170,6192,110.26422119140625,165.64599609375,329.70025634765625,520.80224609375,0.713864266872406
1257,170,2483,611.0181884765625,75.69244384765625,257.0419921875,464.88348388671875,0.6107900142669678
1258,170,12081,629.5462646484375,690.996337890625,271.71923828125,471.384033203125,0.6105613708496094
1259,172,25367,101.82357788085938,58.95745849609375,370.57080078125,505.09637451171875,0.840762197971344
1260,172,29667,625.43115234375,174.351806640625,234.9061279296875,229.01153564453125,0.7979480624198914
1261,172,3483,581.585205078125,833.8646850585938,292.8173828125,185.8612060546875,0.774453341960907
1262,172,27653,93.06771850585938,847.174072265625,226.49237060546875,216.3447265625,0.6097622513771057
1263,173,25367,87.75253295898438,47.42671203613281,362.12774658203125,489.91355895996094,0.8369609117507935
1264,173,29667,595.8145751953125,170.77951049804688,231.081787109375,226.64984130859375,0.816130518913269
1265,173,3483,548.9715576171875,796.5346069335938,301.623779296875,195.6771240234375,0.7643845677375793
1266,173,27653,58.229270935058594,803.9095458984375,231.61292266845703,221.06591796875,0.6136158108711243
1267,174,29667,123.5001220703125,856.328857421875,236.45724487304688,237.680419921875,0.7979276776313782
1268,174,25367,521.0389404296875,679.162353515625,381.949951171875,527.4046630859375,0.7973325252532959
1269,174,3483,130.06292724609375,278.24407958984375,286.0457763671875,191.6632080078125,0.771604597568512
1270,174,27653,673.23486328125,248.47763061523438,221.902587890625,213.48016357421875,0.6514471173286438
1271,175,30308,107.99667358398438,91.66107177734375,300.6689453125,485.72259521484375,0.8440003395080566
1272,175,29667,632.4663696289062,197.75439453125,233.8997802734375,228.941650390625,0.7873857021331787
1273,175,3483,584.3064575195312,861.283935546875,274.271728515625,248.073974609375,0.7850861549377441
1274,175,19861,116.86572265625,860.2117919921875,232.18167114257812,177.4449462890625,0.6709231734275818
1275,176,30308,579.205078125,670.7886962890625,309.49755859375,502.858154296875,0.8266502022743225
1276,176,3483,150.2606201171875,207.98565673828125,263.653076171875,235.7735595703125,0.7952991127967834
1277,176,29667,115.6671142578125,832.88671875,236.92269897460938,239.37744140625,0.7517415881156921
1278,176,19861,643.4571533203125,274.28216552734375,226.81298828125,176.913330078125,0.5804797410964966
1279,179,22347,640.052978515625,827.138916015625,220.559814453125,217.63525390625,0.8575551509857178
1280,179,20238,145.49472045898438,844.75,244.9534912109375,237.79052734375,0.7650646567344666
1281,179,3483,166.91107177734375,270.201904296875,276.788330078125,224.29449462890625,0.7595183253288269
1282,179,27777,631.272705078125,287.06591796875,185.7275390625,205.2864990234375,0.7159124612808228
1283,180,20238,569.7825317382812,181.5630340576172,233.8375244140625,229.77760314941406,0.8081343770027161
1284,180,27777,137.92410278320312,774.2747802734375,192.00433349609375,213.751220703125,0.7540116906166077
1285,180,22347,122.14654541015625,221.99285888671875,208.37066650390625,205.28607177734375,0.7405992746353149
1286,180,3483,523.585205078125,768.804931640625,287.26220703125,237.16455078125,0.7338113188743591
1287,183,10221,152.22848510742188,250.099365234375,235.824951171875,232.3636474609375,0.8253948092460632
1288,183,3544,635.32373046875,871.617431640625,224.748046875,223.6015625,0.8154956102371216
1289,183,6563,575.3932495117188,235.25640869140625,240.139892578125,350.5821533203125,0.7726067304611206
1290,183,16551,12.649658203125,680.9736328125,430.19036865234375,441.68798828125,0.7507378458976746
1291,185,16548,129.49383544921875,730.580322265625,254.43182373046875,251.4189453125,0.859459400177002
1292,185,3544,137.78961181640625,165.78968811035156,213.08203125,209.56541442871094,0.8004273176193237
1293,185,4543,590.662353515625,139.656494140625,214.887939453125,205.9742431640625,0.7808285355567932
1294,185,23203,619.5784912109375,817.0740356445312,155.6513671875,150.839599609375,0.5968237519264221
1295,186,16548,160.58798217773438,770.8596801757812,254.24884033203125,248.761962890625,0.875260055065155
1296,186,3544,153.86505126953125,173.69964599609375,219.3604736328125,211.40570068359375,0.7977559566497803
1297,186,4543,618.1318359375,138.67562866210938,220.4580078125,211.44000244140625,0.7809099555015564
1298,186,23203,651.0107421875,849.119140625,147.5118408203125,144.6090087890625,0.6261990070343018
1299,189,5094,127.47589111328125,847.333251953125,301.0645751953125,301.638427734375,0.7576886415481567
1300,189,2483,615.7186889648438,121.5989990234375,241.527099609375,468.24273681640625,0.7089516520500183
1301,189,22362,601.8603515625,780.8826904296875,284.611083984375,427.635498046875,0.6539422869682312
1302,189,12778,83.06161499023438,142.63128662109375,304.73760986328125,516.975830078125,0.5921507477760315
1303,19,36637,615.1614379882812,197.1393280029297,269.2984619140625,183.63294982910156,0.7920921444892883
1304,19,28763,97.86981964111328,161.2210693359375,226.04265594482422,217.54339599609375,0.7875293493270874
1305,19,27733,121.03836059570312,757.295166015625,321.74493408203125,300.336181640625,0.7856166362762451
1306,19,3483,600.7159423828125,784.029541015625,285.631103515625,211.6904296875,0.7821897268295288
1307,191,10221,88.90583038330078,782.9527587890625,236.25017547607422,232.305419921875,0.8385517001152039
1308,191,4543,633.669189453125,146.54202270507812,211.406005859375,209.7908935546875,0.8044500350952148
1309,191,3544,120.00106811523438,176.45559692382812,209.32949829101562,207.6077880859375,0.7794602513313293
1310,191,16551,560.7120971679688,561.1131591796875,315.259765625,507.130126953125,0.7452222108840942
1311,196,3743,475.9814758300781,109.751953125,340.0278015136719,337.9532470703125,0.749684751033783
1312,196,22362,78.77716064453125,114.22540283203125,271.74481201171875,400.99249267578125,0.6865721940994263
1313,196,2483,77.78543090820312,659.6007080078125,235.80194091796875,491.27392578125,0.6483526229858398
1314,196,12778,502.04638671875,505.584716796875,334.2010498046875,543.0904541015625,0.6324896812438965
1315,197,3743,112.84114074707031,817.0050048828125,344.27525329589844,344.60791015625,0.764141321182251
1316,197,2483,610.4808349609375,57.93798828125,247.45751953125,496.73095703125,0.7331399917602539
1317,197,22362,588.4256591796875,729.024169921875,283.1156005859375,421.563232421875,0.57779461145401
1318,197,12778,111.5218505859375,171.260986328125,309.015869140625,529.453857421875,0.5063425302505493
1319,198,2483,599.20166015625,102.9990234375,246.21484375,462.0545654296875,0.7363412976264954
1320,198,3743,114.03022766113281,821.5718994140625,350.26792907714844,360.517333984375,0.7342055439949036
1321,198,22362,592.6983642578125,733.2265625,295.890869140625,426.5347900390625,0.5778313279151917
1322,198,12778,114.91642761230469,205.37939453125,306.46791076660156,519.1637573242188,0.5167340636253357
1323,199,29667,623.2061767578125,157.28970336914062,234.859375,229.95880126953125,0.8284024000167847
1324,199,3483,551.9489135742188,807.126220703125,281.4461669921875,227.50244140625,0.7651864886283875
1325,199,27777,169.93028259277344,811.02294921875,189.58839416503906,208.09521484375,0.7590675950050354
1326,199,30308,22.483642578125,101.87486267089844,437.380126953125,436.24000549316406,0.7355273962020874
1327,200,29667,124.88192749023438,874.5101318359375,236.53240966796875,238.345458984375,0.7869405150413513
1328,200,3483,168.79856872558594,271.09283447265625,276.36708068847656,224.90234375,0.7569200396537781
1329,200,27777,632.8555297851562,289.84539794921875,186.6202392578125,204.5262451171875,0.7478603720664978
1330,200,30308,542.6697387695312,717.9842529296875,433.33026123046875,442.5904541015625,0.7318143248558044
1331,202,22347,682.314208984375,859.7381591796875,222.6937255859375,218.854248046875,0.8275126814842224
1332,202,20877,538.3367919921875,285.123779296875,340.72314453125,252.25018310546875,0.8074015974998474
1333,202,3483,132.5653076171875,281.86810302734375,227.3348388671875,271.07379150390625,0.8019879460334778
1334,202,16262,105.01925659179688,827.5726318359375,257.9381103515625,255.418701171875,0.8010360598564148
1335,203,20877,82.15911865234375,722.1114501953125,346.92877197265625,250.54443359375,0.8495426177978516
1336,203,22347,80.82684326171875,189.7861328125,209.09689331054688,206.6832275390625,0.8359960913658142
1337,203,3483,609.359130859375,708.224365234375,229.024658203125,285.068603515625,0.7614848017692566
1338,203,16262,590.002685546875,175.83416748046875,254.310791015625,248.541015625,0.7292138934135437
1339,204,22347,95.09524536132812,198.745849609375,215.5023193359375,207.463623046875,0.818967342376709
1340,204,20877,113.54388427734375,761.3099365234375,344.8360595703125,256.722900390625,0.8069319725036621
1341,204,3483,639.8143920898438,745.04248046875,225.604736328125,275.6533203125,0.7744786143302917
1342,204,16262,622.8306884765625,181.2949981689453,254.53857421875,252.30223083496094,0.7711575627326965
1343,205,16548,583.7494506835938,114.63243865966797,243.76123046875,236.93543243408203,0.8723502159118652
1344,205,6563,151.41192626953125,668.4248046875,250.9515380859375,376.507080078125,0.8681591749191284
1345,205,23203,615.1336669921875,845.6204833984375,154.599853515625,148.518310546875,0.8193632364273071
1346,205,3544,110.1570053100586,155.08963012695312,211.53748321533203,212.03564453125,0.7730041146278381
1347,210,31863,586.0111083984375,870.8558349609375,221.787841796875,216.788330078125,0.8212061524391174
1348,210,29667,156.51400756835938,743.746826171875,243.5130615234375,238.9501953125,0.787735641002655
1349,210,3351,409.8781433105469,236.62388610839844,202.19851684570312,202.93910217285156,0.681263267993927
1350,212,1900,620.7347412109375,888.1983642578125,209.346923828125,145.45751953125,0.7657912969589233
1351,212,21026,135.1934814453125,863.329345703125,186.474853515625,186.235595703125,0.7532703280448914
1352,212,16551,465.6314697265625,115.36732482910156,460.986572265625,406.16783142089844,0.7315240502357483
1353,212,18110,57.35833740234375,113.18377685546875,311.3797607421875,311.20916748046875,0.5576307773590088
1354,213,21026,101.07605743408203,828.3553466796875,189.13011932373047,188.43994140625,0.805993914604187
1355,213,1900,589.2910766601562,852.717529296875,218.8831787109375,155.71142578125,0.7772225737571716
1356,213,16551,438.5130615234375,105.05397033691406,448.12353515625,394.63975524902344,0.7456791400909424
1357,213,18110,44.149200439453125,105.7454833984375,304.4498596191406,305.1507568359375,0.41733065247535706
1358,214,33208,579.5852661132812,791.176025390625,226.7998046875,220.028076171875,0.830462634563446
1359,214,16551,542.340576171875,42.21360778808594,316.4576416015625,482.26673889160156,0.7631927728652954
1360,214,1900,137.76385498046875,236.40740966796875,207.39205932617188,137.94207763671875,0.7497119307518005
1361,214,27926,85.29067993164062,609.907958984375,292.8656921386719,494.4749755859375,0.6935465931892395
1362,215,33208,609.4962158203125,827.955078125,221.2144775390625,210.64453125,0.8443381786346436
1363,215,16551,570.264892578125,52.0018310546875,319.1336669921875,497.5936279296875,0.7800672054290771
1364,215,1900,154.00852966308594,243.78448486328125,214.03663635253906,137.26239013671875,0.7404464483261108
1365,215,27926,118.11138916015625,658.542236328125,292.6195068359375,485.0718994140625,0.668565034866333
1366,217,6192,114.55201721191406,126.09613037109375,315.24461364746094,537.3733520507812,0.8622340559959412
1367,217,3743,107.37942504882812,773.0423583984375,346.62017822265625,347.465576171875,0.7377811074256897
1368,217,2483,583.502685546875,64.6370849609375,263.273193359375,495.0950927734375,0.7025148868560791
1369,217,12081,580.7691650390625,708.998779296875,269.271728515625,459.52197265625,0.5610619187355042
1370,219,6192,509.234375,537.2764892578125,316.549560546875,549.904052734375,0.7652016878128052
1371,219,3743,479.8055419921875,148.40904235839844,342.5679931640625,335.30458068847656,0.7264840006828308
1372,219,12081,93.4068603515625,109.53755187988281,261.3564453125,433.13560485839844,0.7249385714530945
1373,219,2483,82.01028442382812,658.9632568359375,268.2923889160156,478.1285400390625,0.6699791550636292
1374,222,16262,163.7450408935547,755.9683837890625,261.31581115722656,259.7894287109375,0.7630860209465027
1375,222,3351,397.36444091796875,191.3024139404297,204.560302734375,208.21644592285156,0.678053081035614
1376,222,41768,593.37109375,726.521484375,282.8453369140625,323.753173828125,0.6555374264717102
1377,224,34597,89.75462341308594,77.88848876953125,398.83204650878906,495.68865966796875,0.8347427845001221
1378,224,29667,611.4984130859375,165.80111694335938,234.418701171875,230.65924072265625,0.8117626309394836
1379,224,3483,593.3983154296875,835.7325439453125,291.703857421875,203.309326171875,0.7372949123382568
1380,224,25469,80.4176025390625,814.69970703125,352.60302734375,321.680419921875,0.6338475346565247
1381,225,34597,514.13720703125,658.5816650390625,402.424072265625,524.9058837890625,0.8188475966453552
1382,225,29667,135.12847900390625,863.5374755859375,241.55523681640625,242.804443359375,0.7830074429512024
1383,225,3483,124.42572021484375,269.5652160644531,283.35699462890625,201.0040283203125,0.7670915126800537
1384,225,25469,563.3641357421875,174.1121826171875,347.4173583984375,311.18084716796875,0.6879185438156128
1385,226,22347,103.8263931274414,221.03302001953125,218.42321014404297,212.58428955078125,0.8469574451446533
1386,226,3483,592.26953125,859.8343505859375,270.056884765625,242.7476806640625,0.790000319480896
1387,226,20238,639.115966796875,179.26559448242188,234.146240234375,231.62152099609375,0.7746849656105042
1388,226,19861,124.7738037109375,860.6573486328125,229.416748046875,178.095703125,0.6895522475242615
1389,229,23223,474.19305419921875,634.082275390625,444.238525390625,500.2301025390625,0.8009806871414185
1390,229,3743,523.15185546875,137.25221252441406,337.3837890625,328.33934020996094,0.7464127540588379
1391,229,5886,86.7890625,76.13775634765625,269.424072265625,468.57330322265625,0.6666294932365417
1392,229,2483,39.1129150390625,665.163818359375,288.5804138183594,474.62890625,0.6460697054862976
1393,23,25367,12.249755859375,81.20806884765625,435.97662353515625,452.75994873046875,0.8100512623786926
1394,23,3483,549.39013671875,796.4651489257812,301.4644775390625,195.5006103515625,0.7666324973106384
1395,23,16262,584.3326416015625,169.003662109375,251.239501953125,243.491455078125,0.7487983107566833
1396,23,27653,59.0892333984375,804.3414306640625,231.5889892578125,220.9879150390625,0.6006516814231873
1397,231,23223,40.92852783203125,126.43011474609375,419.62542724609375,469.3538818359375,0.7806835770606995
1398,231,2483,583.1346435546875,106.92724609375,301.30810546875,455.4427490234375,0.7753180861473083
1399,231,3743,62.38446044921875,800.6068115234375,357.412841796875,352.56591796875,0.7147437334060669
1400,231,5886,592.4286499023438,696.095703125,271.222412109375,510.6512451171875,0.5784146785736084
1401,232,22347,124.95449829101562,226.35023498535156,216.54437255859375,210.25865173339844,0.8378021717071533
1402,232,29667,672.874267578125,180.97711181640625,231.83056640625,229.84515380859375,0.812455415725708
1403,232,3483,587.6689453125,793.402587890625,287.54248046875,208.70654296875,0.7975426912307739
1404,232,27733,110.98204040527344,763.7528076171875,329.38270568847656,291.093994140625,0.746480405330658
1405,234,22347,106.99032592773438,216.3690185546875,212.82644653320312,205.49517822265625,0.8238784074783325
1406,234,3483,557.8761596679688,759.897216796875,295.0570068359375,212.8115234375,0.80091792345047
1407,234,29667,643.080322265625,177.65802001953125,227.3753662109375,226.68145751953125,0.7896939516067505
1408,234,27733,74.65884399414062,720.3763427734375,336.658935546875,289.09912109375,0.7809471487998962
1409,236,35206,90.66998291015625,685.166015625,227.04965209960938,420.994140625,0.7879748344421387
1410,236,3483,129.3680419921875,278.30291748046875,285.17071533203125,191.5875244140625,0.7839413285255432
1411,236,28763,609.4224853515625,829.80419921875,230.1448974609375,221.7520751953125,0.7796390056610107
1412,236,27653,672.5228271484375,247.59889221191406,221.7587890625,212.33030700683594,0.6497995257377625
1413,237,35206,636.1075439453125,139.8935546875,221.3377685546875,404.42669677734375,0.7835659384727478
1414,237,28763,139.0018310546875,216.19900512695312,222.34942626953125,211.32269287109375,0.774073600769043
1415,237,3483,550.60107421875,796.7841796875,300.4208984375,195.78759765625,0.7660093307495117
1416,237,27653,59.263214111328125,804.9615478515625,232.02285766601562,220.6575927734375,0.6000342965126038
1417,238,18357,60.77569580078125,249.3001708984375,315.721435546875,319.2933349609375,0.8836289644241333
1418,238,16262,617.230224609375,231.86279296875,253.112548828125,250.5509033203125,0.8227846622467041
1419,238,3351,395.26190185546875,820.5982666015625,206.70391845703125,212.0198974609375,0.6233397126197815
1420,24,25367,21.400665283203125,91.63848876953125,452.0558166503906,471.83502197265625,0.8397075533866882
1421,24,3483,582.235595703125,833.52490234375,292.65380859375,186.130615234375,0.775672197341919
1422,24,16262,615.1309814453125,173.39825439453125,253.9793701171875,246.8922119140625,0.7444372773170471
1423,24,27653,93.90115356445312,847.388427734375,226.15802001953125,216.442138671875,0.6083863973617554
1424,241,3351,402.43560791015625,904.0892333984375,207.0299072265625,210.5225830078125,0.6581051349639893
1425,241,18147,496.6639709472656,244.52288818359375,336.8979187011719,412.34375,0.5523784160614014
1426,241,20238,125.81430053710938,318.29815673828125,235.96981811523438,234.06939697265625,0.4767540693283081
1427,243,20238,614.7454833984375,761.6988525390625,241.610595703125,237.7001953125,0.7717990279197693
1428,243,18147,135.50625610351562,633.953125,342.654052734375,426.459716796875,0.7066569924354553
1429,243,3351,370.12841796875,174.38970947265625,203.466796875,205.66009521484375,0.6869023442268372
1430,244,6563,182.3165283203125,706.84716796875,252.49908447265625,378.6365966796875,0.8520857095718384
1431,244,3544,125.66256713867188,161.9970245361328,216.64688110351562,213.15281677246094,0.7803857326507568
1432,244,23203,646.1502685546875,876.934326171875,148.03662109375,142.7666015625,0.7421936988830566
1433,244,16551,562.8739013671875,10.410064697265625,311.316162109375,486.5410461425781,0.7275127172470093
1434,247,3743,113.74935913085938,823.7606201171875,350.9044189453125,357.93017578125,0.7421464323997498
1435,247,2483,598.0364990234375,104.27130126953125,247.408447265625,460.02215576171875,0.7396073937416077
1436,247,6192,45.925537109375,140.02442932128906,351.68365478515625,503.52012634277344,0.690769374370575
1437,247,22362,592.0933837890625,732.790771484375,296.02294921875,427.885498046875,0.5725738406181335
1438,248,6192,41.01910400390625,92.33154296875,356.26385498046875,534.1800537109375,0.7585322260856628
1439,248,3743,111.62890625,817.4434814453125,345.94354248046875,344.318359375,0.7545441389083862
1440,248,2483,607.7433471679688,58.15655517578125,251.1402587890625,496.57635498046875,0.7331913113594055
1441,248,22362,587.9832153320312,729.420166015625,283.4482421875,421.505126953125,0.573164701461792
1442,249,6192,541.9917602539062,583.6920166015625,363.6630859375,525.580810546875,0.767842710018158
1443,249,3743,478.55908203125,110.88772583007812,337.28955078125,334.4571533203125,0.7452151775360107
1444,249,22362,79.41159057617188,113.66603088378906,271.8273010253906,401.87059020996094,0.7095279097557068
1445,249,2483,77.17794799804688,659.2467041015625,236.11001586914062,489.4349365234375,0.6284759640693665
1446,250,18357,523.3123779296875,221.87103271484375,275.65478515625,371.14111328125,0.8697722554206848
1447,250,29667,126.36236572265625,199.37062072753906,233.89361572265625,239.22496032714844,0.7986645698547363
1448,250,3351,369.8712158203125,840.7257080078125,205.5301513671875,209.61181640625,0.6517817974090576
1449,251,18357,127.70272827148438,591.298828125,274.9764404296875,381.214599609375,0.8522553443908691
1450,251,29667,576.84228515625,785.129638671875,249.3892822265625,251.657958984375,0.7778698801994324
1451,251,3351,362.24932861328125,171.89352416992188,199.32305908203125,205.51275634765625,0.6904143691062927
1452,252,18357,169.75503540039062,684.1629638671875,275.89678955078125,387.14111328125,0.8404562473297119
1453,252,29667,616.8170166015625,878.63232421875,239.8033447265625,238.85107421875,0.7939760684967041
1454,252,3351,401.04638671875,227.59613037109375,206.9443359375,205.515869140625,0.6493536829948425
1455,253,3351,438.7431640625,840.29248046875,203.2332763671875,210.016845703125,0.6542739272117615
1456,253,33880,438.6867370605469,241.91514587402344,452.1150207519531,319.25660705566406,0.6459450125694275
1457,253,35206,62.02626037597656,228.93589782714844,427.74497985839844,267.20033264160156,0.617350697517395
1458,256,19552,473.8433532714844,641.073486328125,356.7202453613281,534.52978515625,0.8852370381355286
1459,256,25438,530.4564208984375,162.39215087890625,271.642578125,279.00250244140625,0.7455416917800903
1460,256,5886,104.01693725585938,87.73298645019531,252.73333740234375,475.36582946777344,0.5740576386451721
1461,256,2483,51.42852783203125,666.4063720703125,231.83218383789062,478.796875,0.49212896823883057
1462,259,41768,107.76617431640625,275.04229736328125,274.4541320800781,302.3758544921875,0.7431425452232361
1463,259,3351,373.99261474609375,881.76123046875,209.86077880859375,216.4248046875,0.6472029089927673
1464,259,20238,594.4242553710938,270.68719482421875,239.0767822265625,237.211669921875,0.47596731781959534
1465,262,34597,64.54736328125,28.502944946289062,359.7130432128906,502.41856384277344,0.823532223701477
1466,262,29667,595.563720703125,170.24801635742188,231.51123046875,227.54010009765625,0.8118958473205566
1467,262,3483,549.45654296875,796.631103515625,300.6708984375,194.9892578125,0.7657476663589478
1468,262,27653,58.01123809814453,803.920166015625,231.76512908935547,221.129150390625,0.6067346930503845
1469,264,34597,551.2333984375,674.2379150390625,375.95263671875,535.4342041015625,0.8177929520606995
1470,264,29667,123.66482543945312,856.57666015625,236.4295654296875,237.213623046875,0.7926315069198608
1471,264,3483,129.61334228515625,278.42218017578125,286.49609375,191.9306640625,0.774619996547699
1472,264,27653,673.127685546875,248.6881866455078,222.2698974609375,212.16661071777344,0.6486126780509949
1473,265,16232,138.86428833007812,841.5726318359375,204.89599609375,200.1595458984375,0.8434506058692932
1474,265,25367,580.434326171875,658.3883056640625,395.565673828125,504.9847412109375,0.8236986398696899
1475,265,3483,129.63516235351562,277.7235107421875,286.50457763671875,193.25732421875,0.7756474614143372
1476,265,27653,672.8931884765625,248.28431701660156,221.3782958984375,212.24961853027344,0.6401852369308472
1477,266,25367,6.110748291015625,102.2200927734375,408.8421630859375,486.6864013671875,0.8371671438217163
1478,266,16232,644.0487060546875,223.67898559570312,199.513671875,192.35113525390625,0.8197827339172363
1479,266,3483,582.330810546875,834.5660400390625,292.2618408203125,185.0391845703125,0.773216724395752
1480,266,27653,93.7445068359375,847.4794921875,226.15304565429688,216.6278076171875,0.6128218173980713
1481,27,23223,68.55227661132812,113.02326965332031,319.8531799316406,510.51890563964844,0.794056236743927
1482,27,2483,571.42578125,86.38690185546875,249.700927734375,471.2476806640625,0.7347472310066223
1483,27,13395,570.9634399414062,708.1163330078125,279.4686279296875,527.2779541015625,0.7152329087257385
1484,27,25438,116.05691528320312,810.5784912109375,275.515380859375,284.1630859375,0.7058470249176025
1485,271,20877,83.57058715820312,721.2291870117188,347.57147216796875,251.9539794921875,0.8520671725273132
1486,271,22347,101.5543212890625,181.54266357421875,211.01553344726562,203.00848388671875,0.8158338665962219
1487,271,35206,620.9402465820312,156.77490234375,233.70947265625,406.3592529296875,0.781178891658783
1488,271,3483,610.3231201171875,705.7681884765625,229.59228515625,287.083251953125,0.7648284435272217
1489,273,22347,662.4632568359375,870.323486328125,221.612060546875,217.178466796875,0.8196360468864441
1490,273,3483,134.31268310546875,284.86309814453125,224.935546875,270.22222900390625,0.8138640522956848
1491,273,35206,89.93255615234375,665.2896728515625,252.15899658203125,420.064208984375,0.8010469675064087
1492,273,20877,537.1502685546875,285.21246337890625,340.5458984375,252.197021484375,0.7897900938987732
1493,274,20014,564.7142333984375,246.04736328125,359.7548828125,341.4742431640625,0.816955029964447
1494,274,3351,411.6786804199219,878.80126953125,205.81253051757812,214.459716796875,0.6637091636657715
1495,274,21325,197.4459228515625,322.360595703125,171.19482421875,241.369384765625,0.5774478912353516
1496,275,20014,0.0,636.596435546875,363.94769287109375,360.20849609375,0.8496078252792358
1497,275,21325,564.97705078125,658.8898315429688,179.8359375,254.5216064453125,0.8016387820243835
1498,275,3351,321.48260498046875,142.06802368164062,198.7862548828125,209.02655029296875,0.7071539163589478
1499,277,30308,62.398681640625,76.90110778808594,437.48504638671875,446.90419006347656,0.8831380605697632
1500,277,3483,590.9462890625,859.2899169921875,271.56884765625,243.062744140625,0.7884238362312317
1501,277,36637,613.6466064453125,186.65980529785156,276.293701171875,173.84007263183594,0.7048722505569458
1502,277,19861,124.29507446289062,860.4307861328125,230.04425048828125,177.7506103515625,0.6783902049064636
1503,278,30308,493.9222412109375,722.9678955078125,447.884521484375,464.2130126953125,0.851754903793335
1504,278,3483,140.81591796875,212.29547119140625,265.18719482421875,234.75970458984375,0.812360942363739
1505,278,36637,92.4840087890625,897.8385009765625,283.99310302734375,180.9127197265625,0.768589198589325
1506,278,19861,635.40966796875,272.258544921875,229.1544189453125,178.557373046875,0.6018545627593994
1507,28,25367,2.68212890625,52.64439392089844,433.51080322265625,471.75148010253906,0.8472980856895447
1508,28,35206,599.9981689453125,131.9114990234375,246.2578125,422.41131591796875,0.8003915548324585
1509,28,3483,554.6903076171875,806.5760498046875,279.853515625,226.868896484375,0.77403724193573
1510,28,27777,171.39207458496094,812.5548095703125,189.26380920410156,208.422119140625,0.7564858198165894
1511,280,3832,416.8994140625,252.49351501464844,415.1605224609375,398.34718322753906,0.9012143611907959
1512,280,16232,132.25332641601562,284.81732177734375,194.85110473632812,198.235107421875,0.6880190968513489
1513,280,3351,401.5228271484375,856.9932861328125,207.6175537109375,212.051025390625,0.6551002860069275
1514,286,30308,16.072998046875,105.798095703125,401.04888916015625,428.82318115234375,0.7649001479148865
1515,286,27777,137.81283569335938,774.4149169921875,191.52804565429688,213.0050048828125,0.7558712959289551
1516,286,16262,567.5072021484375,176.329833984375,254.26513671875,248.16888427734375,0.749221920967102
1517,286,3483,523.854248046875,768.9295654296875,286.5233154296875,237.06103515625,0.7346383929252625
1518,287,16262,130.20343017578125,827.318115234375,261.71856689453125,256.085205078125,0.7829999923706055
1519,287,3483,167.02239990234375,270.4700927734375,276.86456298828125,224.31396484375,0.7558028101921082
1520,287,30308,554.15234375,689.2464599609375,421.2391357421875,452.8212890625,0.750688910484314
1521,287,27777,631.9813232421875,287.84857177734375,185.65283203125,205.0316162109375,0.7239106893539429
1522,288,3483,553.63916015625,808.59375,280.7569580078125,226.68798828125,0.7720624208450317
1523,288,27777,171.29983520507812,813.448486328125,188.8017578125,208.8199462890625,0.7623968124389648
1524,288,16262,594.9952392578125,180.64810180664062,258.56494140625,252.4390869140625,0.7421431541442871
1525,288,30308,26.570220947265625,117.6322021484375,413.56298828125,440.20782470703125,0.7275463342666626
1526,289,6192,81.17291259765625,49.96539306640625,310.2669677734375,540.9204711914062,0.8412533402442932
1527,289,25438,133.01824951171875,834.2392578125,277.3011474609375,272.731201171875,0.7425177693367004
1528,289,2483,587.6304931640625,77.6719970703125,268.667724609375,484.6143798828125,0.7044477462768555
1529,289,22362,566.7919921875,742.021484375,289.1290283203125,422.5438232421875,0.6436730027198792
1530,29,25367,0.0,40.75982666015625,414.5610656738281,470.7772216796875,0.808337390422821
1531,29,35206,571.905517578125,125.82624816894531,241.2884521484375,405.02391052246094,0.7968296408653259
1532,29,27777,138.11715698242188,773.2144775390625,191.99615478515625,213.2789306640625,0.7480292320251465
1533,29,3483,524.91796875,766.2569580078125,285.7041015625,237.968505859375,0.7366721034049988
1534,291,6192,546.4002685546875,615.71240234375,314.568359375,542.422119140625,0.7640015482902527
1535,291,25438,520.7613525390625,158.78079223632812,273.788330078125,275.39093017578125,0.7397392988204956
1536,291,22362,93.20632934570312,105.57345581054688,271.0098571777344,400.19207763671875,0.7198846936225891
1537,291,2483,71.86459350585938,651.3135986328125,267.75799560546875,477.250244140625,0.6699605584144592
1538,292,25438,535.73974609375,160.63677978515625,268.5693359375,277.4197998046875,0.7580188512802124
1539,292,5886,105.32323455810547,84.13117980957031,251.78968048095703,477.61595153808594,0.6096721291542053
1540,292,2483,48.5953369140625,660.3822021484375,233.37481689453125,480.204345703125,0.6061360836029053
1541,292,12778,526.9874267578125,581.76171875,341.490478515625,526.08203125,0.5417904853820801
1542,295,20014,118.84429931640625,175.5879364013672,361.16937255859375,346.16627502441406,0.7801734805107117
1543,295,16232,638.11572265625,290.626708984375,200.4859619140625,202.30352783203125,0.7072250247001648
1544,295,3351,402.9989013671875,849.47998046875,209.8282470703125,216.2198486328125,0.6472088098526001
1545,298,16548,154.6292724609375,765.2738037109375,259.7469482421875,255.630126953125,0.8796277642250061
1546,298,33208,149.38775634765625,226.53665161132812,222.8380126953125,210.9515380859375,0.826826810836792
1547,298,31705,551.5816650390625,170.51097106933594,280.5059814453125,436.77540588378906,0.765762448310852
1548,298,1900,678.608642578125,871.8517456054688,219.6182861328125,144.9490966796875,0.6429581046104431
1549,299,16548,549.5087890625,237.9827117919922,251.4942626953125,243.95472717285156,0.8698796033859253
1550,299,33208,602.6923828125,837.8839111328125,228.349853515625,221.599365234375,0.8633604049682617
1551,299,31705,122.59906005859375,636.6563720703125,290.19287109375,465.7320556640625,0.7594251036643982
1552,299,1900,86.3996810913086,252.3658905029297,205.63922882080078,140.11402893066406,0.6704363226890564
1553,3,24850,133.06365966796875,703.1500244140625,199.48974609375,297.96923828125,0.7690026760101318
1554,3,16551,518.01708984375,44.773193359375,403.18896484375,438.80682373046875,0.7447651624679565
1555,3,1900,137.72952270507812,236.58908081054688,207.93646240234375,138.8785400390625,0.740615725517273
1556,3,27926,540.74560546875,621.58203125,301.09375,494.4638671875,0.70760577917099
1557,302,19232,86.076171875,628.8094482421875,299.6641845703125,339.435791015625,0.8573580384254456
1558,302,3351,303.62933349609375,150.85934448242188,201.30908203125,207.73968505859375,0.6856665015220642
1559,302,36637,559.6542358398438,704.517333984375,253.26904296875,244.2005615234375,0.6699882745742798
1560,304,22627,99.78094482421875,147.652099609375,319.16925048828125,483.07672119140625,0.7767403721809387
1561,304,3743,120.14799499511719,798.8397216796875,356.18519592285156,355.833251953125,0.7417348623275757
1562,304,4378,568.306884765625,700.37548828125,270.435546875,467.1904296875,0.7040624022483826
1563,304,2483,589.6002197265625,74.15411376953125,245.8912353515625,467.03125,0.6675624251365662
1564,308,41768,542.9483642578125,584.3839721679688,295.19287109375,324.3804931640625,0.7019354104995728
1565,308,3351,282.82965087890625,195.0379638671875,200.933349609375,210.70599365234375,0.6778981685638428
1566,308,36637,112.8687744140625,706.9473876953125,203.68704223632812,274.1796875,0.59004145860672
1567,31,6563,181.90582275390625,706.7049560546875,251.4923095703125,378.46044921875,0.8408740162849426
1568,31,3544,106.511474609375,235.95260620117188,217.67254638671875,209.4442138671875,0.7788825035095215
1569,31,16551,567.7601318359375,34.64430236816406,320.048095703125,506.79991149902344,0.7642444372177124
1570,31,12420,650.1416625976562,844.24462890625,192.82080078125,186.715576171875,0.3116888999938965
1571,310,12247,608.4315185546875,315.04290771484375,188.4725341796875,195.00140380859375,0.9483546018600464
1572,310,16551,99.35226440429688,135.1202392578125,324.37603759765625,468.889404296875,0.7752282619476318
1573,310,3544,644.5665283203125,883.560302734375,227.601318359375,227.30810546875,0.7744374871253967
1574,310,4543,133.94845581054688,860.832275390625,220.94012451171875,218.4556884765625,0.7434967756271362
1575,313,20877,33.0758056640625,750.35693359375,346.05291748046875,264.26806640625,0.8230398297309875
1576,313,34597,6.0203857421875,8.37255859375,473.9232177734375,451.15435791015625,0.7928482294082642
1577,313,29667,587.0396728515625,174.04441833496094,232.7657470703125,229.12757873535156,0.7905634641647339
1578,313,3483,607.3529052734375,711.8342895507812,230.424072265625,284.7716064453125,0.7606909275054932
1579,315,29667,128.91017150878906,851.5992431640625,238.25047302246094,240.560546875,0.8062328696250916
1580,315,3483,136.0935516357422,280.4698486328125,229.30592346191406,271.250732421875,0.8046823143959045
1581,315,20877,587.3038330078125,251.2698974609375,337.50244140625,259.68499755859375,0.7786197066307068
1582,315,34597,497.74237060546875,763.8115234375,478.25762939453125,477.462646484375,0.7548395991325378
1583,316,16548,160.52853393554688,782.0294189453125,254.55462646484375,246.657958984375,0.8717405796051025
1584,316,3544,123.52239990234375,227.57015991210938,217.86297607421875,212.4627685546875,0.8002095818519592
1585,316,33009,551.2587280273438,793.5318603515625,381.7344970703125,240.1185302734375,0.7511757612228394
1586,316,10221,622.8145751953125,188.69346618652344,239.529541015625,233.45069885253906,0.7290360331535339
1587,317,16548,583.163818359375,276.42962646484375,246.3037109375,234.7685546875,0.8648521304130554
1588,317,3544,651.4201049804688,825.7994384765625,222.706298828125,221.781494140625,0.7625157237052917
1589,317,33009,75.82237243652344,252.8105010986328,373.57765197753906,250.72727966308594,0.7586756348609924
1590,317,10221,120.55673217773438,835.50830078125,243.02581787109375,243.970947265625,0.7464123964309692
1591,32,6563,560.4179077148438,227.07940673828125,250.4771728515625,349.75335693359375,0.8194603323936462
1592,32,3544,667.7012939453125,821.689453125,223.152099609375,221.761474609375,0.7759304642677307
1593,32,16551,96.22412109375,700.0875244140625,325.54095458984375,503.932861328125,0.7356191277503967
1594,32,12420,162.9377899169922,276.1217041015625,187.60292053222656,184.4461669921875,0.5656048059463501
1595,320,20877,83.61126708984375,721.281982421875,348.13543701171875,251.55322265625,0.8525223731994629
1596,320,35206,621.2451171875,158.21875,232.3876953125,404.3843994140625,0.7802194952964783
1597,320,28763,132.99664306640625,189.03842163085938,222.35882568359375,212.2750244140625,0.7743635177612305
1598,320,3483,610.8167724609375,705.72998046875,229.715576171875,286.5855712890625,0.7642744779586792
1599,323,22347,648.3435668945312,869.8468017578125,223.34765625,218.89599609375,0.8774613738059998
1600,323,3483,129.2995147705078,277.93231201171875,285.72581481933594,191.6650390625,0.779611349105835
1601,323,36637,145.121826171875,798.466064453125,209.8487548828125,264.8544921875,0.769160807132721
1602,323,27653,672.1807861328125,247.1322021484375,222.3291015625,212.11578369140625,0.6498876214027405
1603,324,22347,128.84918212890625,187.67303466796875,215.25579833984375,209.209716796875,0.7913117408752441
1604,324,3483,582.6511840820312,833.6918334960938,293.03955078125,185.851318359375,0.7739654779434204
1605,324,36637,635.0424194335938,206.29031372070312,203.50146484375,256.81341552734375,0.7484148144721985
1606,324,27653,93.92156982421875,847.5260009765625,226.46417236328125,217.262451171875,0.6193739175796509
1607,325,16262,129.95956420898438,826.6864013671875,262.9976806640625,256.8822021484375,0.782119631767273
1608,325,3483,167.2847900390625,269.89300537109375,276.89727783203125,226.11297607421875,0.7598140239715576
1609,325,27777,631.600341796875,287.8385009765625,185.9781494140625,205.1976318359375,0.7293567657470703
1610,325,31885,490.35369873046875,689.0819091796875,433.886474609375,572.351318359375,0.7202781438827515
1611,327,3483,553.3330688476562,807.923828125,281.205810546875,227.275146484375,0.7690643668174744
1612,327,27777,171.0436553955078,813.3858642578125,189.08262634277344,208.358642578125,0.7607553601264954
1613,327,31885,81.23577880859375,9.921875,431.38916015625,540.4798583984375,0.7486770153045654
1614,327,16262,591.954833984375,180.32916259765625,262.276123046875,253.46441650390625,0.7276841402053833
1615,328,27733,547.2977294921875,246.4661865234375,315.9185791015625,277.1683349609375,0.8032434582710266
1616,328,3483,120.93612670898438,303.1810302734375,279.60321044921875,209.44305419921875,0.8026713728904724
1617,328,36637,96.05523681640625,876.3984375,278.32305908203125,191.740234375,0.7805541753768921
1618,328,31885,501.9178466796875,627.6201171875,411.0430908203125,576.4833984375,0.7400714755058289
1619,332,3544,123.80062866210938,137.22268676757812,208.36993408203125,204.96041870117188,0.7937355637550354
1620,332,4543,581.2557373046875,158.5893096923828,216.748291015625,212.16282653808594,0.7765622138977051
1621,332,16551,533.460205078125,529.56591796875,327.635498046875,502.69921875,0.7350568175315857
1622,332,12420,79.86492919921875,819.4156494140625,197.16250610351562,190.7646484375,0.6594632267951965
1623,334,20877,83.68562316894531,721.51953125,347.60423278808594,251.145751953125,0.8505676984786987
1624,334,16232,620.0872802734375,213.97975158691406,201.107177734375,193.67820739746094,0.8357902765274048
1625,334,22347,143.65597534179688,217.25289916992188,211.17626953125,203.66973876953125,0.790988564491272
1626,334,3483,610.6702270507812,706.5433349609375,228.71142578125,285.40869140625,0.7616408467292786
1627,335,16232,133.46392822265625,842.1268310546875,202.53326416015625,199.495361328125,0.8642736673355103
1628,335,22347,614.5762329101562,831.9473876953125,221.53955078125,218.06201171875,0.8297998905181885
1629,335,3483,132.39968872070312,283.09857177734375,225.85079956054688,270.4329833984375,0.8052905797958374
1630,335,20877,537.523681640625,285.6365966796875,340.1514892578125,251.5828857421875,0.7865022420883179
1631,336,16232,650.1892700195312,225.1431121826172,201.7548828125,191.15650939941406,0.8266628980636597
1632,336,20877,115.39436340332031,761.0771484375,343.96226501464844,256.418212890625,0.8251940011978149
1633,336,22347,159.74606323242188,222.58352661132812,221.6912841796875,215.298828125,0.8218845129013062
1634,336,3483,640.741943359375,741.586181640625,225.46044921875,277.0911865234375,0.7684960961341858
1635,337,36637,124.10073852539062,826.8541259765625,194.1563720703125,271.7313232421875,0.8183391690254211
1636,337,22347,635.092529296875,830.508544921875,222.1055908203125,215.719970703125,0.7789548635482788
1637,337,3483,121.23527526855469,266.94085693359375,284.32814025878906,199.89422607421875,0.7629826068878174
1638,337,25469,560.9256591796875,171.4103546142578,347.685791015625,312.40428161621094,0.6739953756332397
1639,338,36637,635.376220703125,167.595703125,187.324951171875,256.32525634765625,0.7827393412590027
1640,338,3483,568.2861328125,806.3050537109375,292.8017578125,202.819580078125,0.764991283416748
1641,338,22347,124.3475341796875,218.8404541015625,211.24078369140625,204.81365966796875,0.7296825051307678
1642,338,25469,44.47021484375,773.0394287109375,363.50555419921875,327.09375,0.664533257484436
1643,339,22347,140.228271484375,228.75955200195312,218.2650146484375,209.71917724609375,0.8438369035720825
1644,339,36637,666.7352294921875,172.65476989746094,187.3701171875,260.42628479003906,0.76079922914505
1645,339,3483,598.1025390625,842.3004150390625,289.875,197.199951171875,0.7403739094734192
1646,339,25469,80.09353637695312,818.8292236328125,354.22601318359375,321.0478515625,0.6428930759429932
1647,340,20238,569.3008422851562,181.93988037109375,233.75537109375,229.813232421875,0.8152862787246704
1648,340,34597,23.42657470703125,82.48419189453125,418.2421875,480.15789794921875,0.8038354516029358
1649,340,27777,138.5364990234375,774.8059692382812,191.08950805664062,212.99658203125,0.7588816285133362
1650,340,3483,524.53076171875,768.71240234375,287.0849609375,237.0091552734375,0.7344849705696106
1651,341,34597,37.63398742675781,108.65742492675781,430.22947692871094,484.73667907714844,0.8267415761947632
1652,341,20238,598.68798828125,186.16812133789062,236.0101318359375,229.4183349609375,0.7829791307449341
1653,341,27777,171.77139282226562,813.5634155273438,188.4910888671875,209.0257568359375,0.76980060338974
1654,341,3483,554.5902099609375,808.8504638671875,280.801025390625,226.793212890625,0.7687309980392456
1655,344,3483,553.5946655273438,808.2327880859375,280.9581298828125,227.2008056640625,0.7684770822525024
1656,344,27777,171.2887420654297,813.5396728515625,189.25965881347656,208.837890625,0.7641741633415222
1657,344,28763,151.674560546875,184.45513916015625,227.771484375,215.97845458984375,0.7290177941322327
1658,344,16262,592.14208984375,180.98211669921875,261.513671875,251.63018798828125,0.7205274701118469
1659,345,28763,133.50518798828125,179.81771850585938,221.98135375976562,212.074951171875,0.7570714354515076
1660,345,27777,137.57302856445312,774.2598876953125,192.0875244140625,213.4593505859375,0.754499614238739
1661,345,16262,567.169677734375,175.47650146484375,254.79248046875,248.96246337890625,0.745851457118988
1662,345,3483,523.0780029296875,768.30908203125,287.9725341796875,237.98046875,0.7340081930160522
1663,346,25367,126.865234375,44.97703552246094,364.304931640625,511.09877014160156,0.8411684036254883
1664,346,16232,641.9432373046875,244.64901733398438,191.9072265625,192.14398193359375,0.8304985761642456
1665,346,3483,555.2457275390625,804.9046630859375,281.084716796875,228.2861328125,0.7691994905471802
1666,346,27777,172.51043701171875,812.6561279296875,189.17205810546875,208.79736328125,0.7580965161323547
1667,347,16232,611.5194091796875,233.96539306640625,190.765869140625,190.956298828125,0.8325222134590149
1668,347,25367,113.12156677246094,36.04554748535156,350.44911193847656,491.21653747558594,0.8249516487121582
1669,347,27777,138.81918334960938,773.0999755859375,192.90109252929688,213.32421875,0.7461085915565491
1670,347,3483,526.097412109375,764.8826293945312,286.87109375,238.4351806640625,0.7346920371055603
1671,349,35206,603.25634765625,133.29974365234375,243.556640625,420.21087646484375,0.7989283800125122
1672,349,34597,0.0,118.02024841308594,451.2444152832031,459.14625549316406,0.7719320058822632
1673,349,3483,555.6896362304688,805.27197265625,280.064453125,227.8330078125,0.7703551054000854
1674,349,27777,172.29522705078125,812.7703857421875,189.30322265625,208.322509765625,0.7603225111961365
1675,352,19552,103.17576599121094,179.2065887451172,342.17811584472656,490.44898986816406,0.9451442360877991
1676,352,5094,129.18060302734375,847.5169677734375,299.31402587890625,301.375732421875,0.7666186690330505
1677,352,2483,614.31884765625,121.658203125,242.6044921875,468.5240478515625,0.7192279100418091
1678,352,22362,604.2392578125,780.393798828125,283.798828125,427.890869140625,0.6632362604141235
1679,355,23223,525.2476196289062,580.4197998046875,331.6102294921875,522.30712890625,0.8262641429901123
1680,355,5094,538.9217529296875,176.83909606933594,290.806640625,293.43190002441406,0.7995226383209229
1681,355,12081,53.5079345703125,125.3536376953125,259.53973388671875,436.20294189453125,0.6970667243003845
1682,355,2483,47.4127197265625,696.6041259765625,262.15411376953125,485.9571533203125,0.6264810562133789
1683,356,23223,86.08950805664062,102.61822509765625,330.5677490234375,523.9111328125,0.8540967106819153
1684,356,5094,97.82611083984375,794.9793701171875,292.36834716796875,289.8885498046875,0.7783529758453369
1685,356,2483,621.0997314453125,23.719985961914062,259.57177734375,501.41380310058594,0.6545849442481995
1686,356,12081,623.330078125,687.549560546875,266.906005859375,459.30859375,0.5166109204292297
1687,359,29667,622.6844482421875,157.29827880859375,235.30615234375,229.87457275390625,0.8215163946151733
1688,359,3483,551.841064453125,806.875,281.543212890625,227.6663818359375,0.7663315534591675
1689,359,27777,169.56585693359375,811.0999755859375,189.851806640625,208.1650390625,0.7607166171073914
1690,359,31885,71.95013427734375,22.95709228515625,391.19610595703125,554.1417846679688,0.7400826215744019
1691,361,16262,636.2059936523438,276.3380126953125,255.38671875,256.4775390625,0.804125964641571
1692,361,18147,192.00347900390625,160.72923278808594,277.610107421875,430.89259338378906,0.7272668480873108
1693,361,3351,421.3175048828125,870.3677978515625,206.9678955078125,214.225830078125,0.6698387265205383
1694,364,35206,90.61613464355469,235.369140625,377.31532287597656,364.0174560546875,0.7231128215789795
1695,364,3351,395.3153076171875,842.425537109375,214.36865234375,217.606689453125,0.6274038553237915
1696,364,32310,567.94189453125,159.04632568359375,271.61181640625,356.34893798828125,0.5450693368911743
1697,372,34597,7.47723388671875,122.55743408203125,473.9468994140625,460.061767578125,0.7592360973358154
1698,372,16262,560.3056030273438,181.00230407714844,265.7252197265625,256.89418029785156,0.7555617690086365
1699,372,3483,594.650634765625,835.2236328125,291.850830078125,202.8990478515625,0.737535834312439
1700,372,25469,37.751617431640625,844.643798828125,393.0296630859375,243.0301513671875,0.6566688418388367
1701,374,25367,84.48197937011719,19.83306884765625,441.60951232910156,494.3310546875,0.8246861100196838
1702,374,20877,66.03338623046875,792.56396484375,344.01171875,262.92919921875,0.8136719465255737
1703,374,29667,616.76513671875,177.6497802734375,234.88525390625,231.26605224609375,0.7964925765991211
1704,374,3483,638.19384765625,748.07763671875,225.443359375,275.6800537109375,0.7765976190567017
1705,379,16688,400.23089599609375,121.10601806640625,569.1025390625,531.2291870117188,0.748166561126709
1706,379,31863,133.69442749023438,309.807861328125,217.93313598632812,216.3779296875,0.7074244618415833
1707,379,3351,456.9057922363281,847.4842529296875,205.97335815429688,213.354248046875,0.660051703453064
1708,38,20877,83.58316040039062,720.70263671875,347.3497314453125,252.8349609375,0.842029333114624
1709,38,35206,614.8399047851562,155.26092529296875,231.0784912109375,408.016357421875,0.7985180616378784
1710,38,31885,102.2796630859375,13.56787109375,424.8809814453125,530.986083984375,0.7820806503295898
1711,38,3483,610.2283935546875,705.902587890625,229.814697265625,286.3857421875,0.7648952007293701
1712,380,31863,584.4851684570312,707.3081665039062,227.2120361328125,226.7593994140625,0.821256697177887
1713,380,3351,280.64984130859375,173.33026123046875,198.7998046875,208.24932861328125,0.6819638609886169
1714,380,16688,0.0,523.448486328125,494.85888671875,545.832763671875,0.6114934682846069
1715,382,2483,583.4857177734375,107.0089111328125,299.1710205078125,454.754150390625,0.7744821310043335
1716,382,3743,62.341033935546875,800.6707763671875,357.786376953125,352.681884765625,0.712731122970581
1717,382,5886,592.7275390625,696.188232421875,271.3046875,509.67236328125,0.5906503200531006
1718,382,12778,82.59635925292969,116.66754150390625,404.54090881347656,482.04559326171875,0.5319958329200745
1719,384,3743,63.0430908203125,792.1624755859375,350.38421630859375,343.177978515625,0.7214674949645996
1720,384,2483,591.6304931640625,63.88232421875,295.22021484375,484.99609375,0.7164002060890198
1721,384,12778,75.45687866210938,73.29899597167969,408.1610107421875,492.85658264160156,0.6108325719833374
1722,384,5886,579.9427490234375,690.50830078125,272.507080078125,506.607666015625,0.47538384795188904
1723,387,3483,129.02960205078125,277.923828125,286.27044677734375,192.632568359375,0.7743399739265442
1724,387,20238,129.40110778808594,860.3695068359375,243.52503967285156,240.85009765625,0.7594523429870605
1725,387,31885,482.9119873046875,642.1016845703125,443.5738525390625,553.497802734375,0.7338912487030029
1726,387,27653,671.6015625,246.9295654296875,222.3441162109375,213.22076416015625,0.6398617625236511
1727,389,20877,83.21923828125,721.0269775390625,346.44610595703125,253.0384521484375,0.8469303250312805
1728,389,3483,610.4439086914062,707.7552490234375,228.441162109375,284.6290283203125,0.7623534202575684
1729,389,34597,19.978317260742188,111.6319580078125,467.95326232910156,461.11383056640625,0.7527579665184021
1730,389,16262,589.35400390625,174.69366455078125,254.9605712890625,249.83489990234375,0.7406311631202698
1731,390,20877,112.71159362792969,760.3974609375,346.26173400878906,257.81640625,0.8286841511726379
1732,390,34597,33.04335021972656,142.40374755859375,474.69065856933594,454.64764404296875,0.7839953899383545
1733,390,3483,640.3604125976562,742.943115234375,225.8284912109375,276.709716796875,0.7673927545547485
1734,390,16262,621.3060302734375,179.67645263671875,257.294677734375,254.2763671875,0.7424479722976685
1735,392,33208,648.06298828125,892.22509765625,230.1910400390625,223.67236328125,0.8480229377746582
1736,392,1900,185.6090087890625,265.0222473144531,210.98907470703125,150.32427978515625,0.7503480911254883
1737,392,16551,104.23699951171875,693.908203125,322.876708984375,507.762939453125,0.7479847073554993
1738,392,21026,679.7650756835938,270.57196044921875,184.6533203125,180.030517578125,0.7004039883613586
1739,393,33208,106.7236328125,153.87355041503906,215.3262939453125,206.35484313964844,0.8363587260246277
1740,393,1900,577.5686645507812,864.04248046875,217.768310546875,151.110107421875,0.754407525062561
1741,393,21026,88.76648712158203,826.791748046875,190.99919891357422,187.788818359375,0.7541195750236511
1742,393,16551,533.1416015625,36.656982421875,316.257568359375,489.987548828125,0.7353835701942444
1743,394,28763,600.76513671875,852.574951171875,228.97509765625,222.39306640625,0.7966219186782837
1744,394,20238,133.19393920898438,845.113525390625,243.95147705078125,235.549072265625,0.7854955196380615
1745,394,3483,120.32585144042969,267.38665771484375,284.39967346191406,200.5240478515625,0.764187753200531
1746,394,25469,559.6749267578125,215.95840454101562,390.6654052734375,246.7239990234375,0.6298608779907227
1747,395,28763,166.63363647460938,201.87057495117188,227.6502685546875,216.581298828125,0.7840824723243713
1748,395,20238,611.8321533203125,185.6262969970703,236.38037109375,231.30662536621094,0.7596256136894226
1749,395,3483,594.734130859375,835.6878662109375,291.532470703125,202.6617431640625,0.737431526184082
1750,395,25469,40.361572265625,844.6541748046875,394.54742431640625,245.787353515625,0.6596593260765076
1751,396,28763,150.6929931640625,192.5681610107422,222.95404052734375,213.40699768066406,0.7542407512664795
1752,396,3483,568.690673828125,803.792236328125,292.88720703125,204.570556640625,0.7485755085945129
1753,396,25469,0.373199462890625,800.883056640625,399.7352600097656,245.69775390625,0.731024444103241
1754,396,20238,581.7261352539062,181.8061065673828,234.1973876953125,228.02598571777344,0.7112417221069336
1755,4,24850,595.0552978515625,244.88607788085938,299.673583984375,183.66253662109375,0.8197190761566162
1756,4,29345,113.50384521484375,144.77223205566406,289.19140625,432.24424743652344,0.805086076259613
1757,4,16551,117.24169921875,638.0743408203125,327.04986572265625,512.180419921875,0.7499334216117859
1758,4,1900,673.7977294921875,802.4730224609375,148.447998046875,215.416015625,0.7323251366615295
1759,40,3483,151.041748046875,207.17071533203125,263.8773193359375,236.63983154296875,0.8033509254455566
1760,40,31885,603.294677734375,602.6507568359375,352.93359375,580.287353515625,0.7334540486335754
1761,40,29667,117.77570343017578,830.5423583984375,237.38036346435547,240.152587890625,0.7278910279273987
1762,40,19861,644.06884765625,274.5001220703125,226.959228515625,177.7125244140625,0.5715959072113037
1763,400,16548,596.56201171875,116.77713012695312,242.3651123046875,237.59194946289062,0.8629029989242554
1764,400,33208,603.6732177734375,762.650146484375,228.505126953125,218.73681640625,0.851600170135498
1765,400,1900,131.5621337890625,239.5538330078125,201.71600341796875,166.32757568359375,0.771453320980072
1766,400,33009,5.9718017578125,765.6488037109375,380.7137145996094,257.760009765625,0.7659397125244141
1767,401,16548,107.03133392333984,893.0380859375,253.56153106689453,251.98876953125,0.8763971328735352
1768,401,33208,146.98147583007812,289.00299072265625,222.217041015625,208.06884765625,0.8329707980155945
1769,401,33009,578.38232421875,234.516357421875,372.38232421875,257.64117431640625,0.7513601779937744
1770,401,1900,637.2672119140625,852.632568359375,213.830078125,176.671630859375,0.7392531633377075
1771,404,18147,5.94482421875,577.5740966796875,301.3772277832031,443.685546875,0.7993372678756714
1772,404,3351,350.50909423828125,137.26242065429688,198.9189453125,207.91021728515625,0.687298059463501
1773,404,35206,423.1434326171875,679.9683227539062,440.405029296875,273.4161376953125,0.6564017534255981
1774,409,16551,0.0,716.188720703125,477.8662109375,354.8380126953125,0.7926538586616516
1775,409,1900,132.21591186523438,236.4550018310547,196.29855346679688,175.39637756347656,0.7787492275238037
1776,409,33009,508.6610107421875,779.2625732421875,388.036865234375,234.7744140625,0.708752453327179
1777,41,3483,583.39404296875,862.68017578125,274.53173828125,247.1734619140625,0.782213568687439
1778,41,29667,631.648193359375,199.46072387695312,233.308349609375,228.06964111328125,0.7819148898124695
1779,41,31885,50.94854736328125,83.8985595703125,345.28582763671875,537.5337524414062,0.7550085186958313
1780,41,19861,118.6644287109375,861.5792236328125,227.75177001953125,178.1925048828125,0.6652300357818604
1781,411,16551,479.6587219238281,179.21905517578125,472.3395690917969,363.359619140625,0.7834882140159607
1782,411,33009,86.7999267578125,241.75775146484375,376.27520751953125,238.30560302734375,0.7567118406295776
1783,411,1900,640.697021484375,846.6328125,209.6812744140625,187.28466796875,0.7297161817550659
1784,412,19552,104.671630859375,189.12152099609375,329.97271728515625,507.27252197265625,0.9432064890861511
1785,412,5094,98.316162109375,799.1976318359375,297.65924072265625,305.46240234375,0.7084129452705383
1786,412,2483,613.5262451171875,74.7474365234375,253.1968994140625,463.78851318359375,0.6082600355148315
1787,412,12081,627.7308349609375,690.0504150390625,272.8642578125,470.15380859375,0.6017444133758545
1788,413,19552,102.38227844238281,153.4957275390625,332.79258728027344,525.4443969726562,0.9422004222869873
1789,413,5094,97.9404296875,794.1766357421875,292.8050537109375,290.681396484375,0.768213152885437
1790,413,2483,618.087890625,19.472763061523438,255.176025390625,500.10011291503906,0.6516764163970947
1791,413,12081,623.100830078125,686.12646484375,267.2103271484375,458.1199951171875,0.49368321895599365
1792,414,19552,497.2937316894531,534.064208984375,347.8376159667969,530.7227783203125,0.9212896823883057
1793,414,5094,538.75390625,176.85882568359375,290.840576171875,293.9007568359375,0.7854686975479126
1794,414,12081,52.94635009765625,126.044677734375,260.0072021484375,435.6927490234375,0.7000652551651001
1795,414,2483,45.45263671875,692.9278564453125,258.74432373046875,488.9659423828125,0.6436953544616699
1796,415,3483,591.4866943359375,859.527099609375,271.0413818359375,242.765380859375,0.7874552607536316
1797,415,16262,632.346923828125,166.0330810546875,256.12158203125,250.55633544921875,0.7592137455940247
1798,415,31885,86.95697021484375,80.5849609375,357.77947998046875,543.4390869140625,0.7526936531066895
1799,415,19861,124.79763793945312,859.852783203125,229.47100830078125,178.465576171875,0.6881245374679565
1800,416,16262,601.783203125,163.11001586914062,252.275390625,245.40338134765625,0.7721653580665588
1801,416,3483,563.8905029296875,824.4033203125,275.7099609375,248.394287109375,0.7720797061920166
1802,416,31885,72.88555908203125,62.27203369140625,345.0626220703125,546.524169921875,0.7511146068572998
1803,416,19861,91.50628662109375,823.7356567382812,231.89349365234375,183.228271484375,0.6099044680595398
1804,417,3483,140.92372131347656,211.91717529296875,264.63243103027344,234.7822265625,0.8210626244544983
1805,417,31885,555.7373046875,605.2288818359375,355.556640625,571.024169921875,0.7608478665351868
1806,417,16262,93.6614990234375,842.66064453125,259.95709228515625,258.0150146484375,0.7436712980270386
1807,417,19861,635.6907348632812,272.21240234375,228.24267578125,178.3380126953125,0.5982092618942261
1808,419,3483,121.76107788085938,302.8270263671875,278.5001220703125,210.5533447265625,0.804450511932373
1809,419,25367,529.358154296875,716.1220703125,446.641845703125,480.447509765625,0.8001691699028015
1810,419,27733,548.9495849609375,248.96055603027344,321.962158203125,286.74830627441406,0.7870892286300659
1811,419,20238,107.93927001953125,849.7537841796875,240.64410400390625,235.5118408203125,0.7784689664840698
1812,42,29667,602.107421875,191.15208435058594,229.7568359375,231.34327697753906,0.7875742316246033
1813,42,3483,553.1173095703125,828.0772705078125,278.995361328125,251.8116455078125,0.7696217894554138
1814,42,31885,21.8472900390625,65.85906982421875,348.1610107421875,535.9730224609375,0.7617688775062561
1815,42,19861,81.84334564208984,823.0472412109375,234.97827911376953,182.511474609375,0.6345946192741394
1816,420,3483,569.354248046875,752.4893798828125,288.775146484375,215.3089599609375,0.8113898038864136
1817,420,25367,0.0,61.823974609375,441.6695556640625,439.54119873046875,0.7937071323394775
1818,420,27733,82.72589111328125,714.3275146484375,327.38848876953125,301.331298828125,0.7828883528709412
1819,420,20238,607.459228515625,177.9453582763672,231.178955078125,228.07838439941406,0.7379727363586426
1820,422,34597,542.07275390625,694.8583984375,380.667724609375,536.9658203125,0.8197624683380127
1821,422,3483,141.99859619140625,210.97146606445312,264.81280517578125,234.818359375,0.8120145201683044
1822,422,36637,92.567138671875,896.3004150390625,283.72100830078125,182.0970458984375,0.7784910202026367
1823,422,19861,637.337158203125,272.27545166015625,228.2686767578125,178.8526611328125,0.5893453359603882
1824,423,34597,78.0123291015625,13.5150146484375,357.71307373046875,505.92327880859375,0.838042140007019
1825,423,36637,584.2298583984375,182.49957275390625,269.3660888671875,178.02783203125,0.7816674709320068
1826,423,3483,560.951171875,825.6864013671875,277.12841796875,248.784423828125,0.7662194967269897
1827,423,19861,87.45893096923828,823.04248046875,234.90282440185547,182.6484375,0.6186423301696777
1828,429,29667,661.912109375,173.83633422851562,233.67333984375,229.0244140625,0.8089719414710999
1829,429,3483,598.7111206054688,785.4979248046875,285.1187744140625,212.931640625,0.7888715863227844
1830,429,27733,124.8824462890625,763.15869140625,319.8544921875,300.6142578125,0.7582947611808777
1831,429,34597,63.68133544921875,126.16423034667969,515.934326171875,421.01039123535156,0.6841865181922913
1832,430,33878,608.4747314453125,786.1259765625,181.810791015625,232.56884765625,0.9618216156959534
1833,430,3544,177.9022979736328,188.49085998535156,216.15611267089844,217.23081970214844,0.7876281142234802
1834,430,4543,605.5568237304688,147.54141235351562,213.0557861328125,209.17596435546875,0.7542659640312195
1835,430,16551,59.19488525390625,593.6441650390625,426.520751953125,438.740234375,0.6621648073196411
1836,431,33878,639.4564208984375,823.7838134765625,174.687744140625,227.514404296875,0.9303160905838013
1837,431,3544,195.4551544189453,198.12374877929688,221.05979919433594,217.88092041015625,0.7931733727455139
1838,431,4543,634.7733154296875,148.62203979492188,217.002197265625,211.27349853515625,0.7398506999015808
1839,431,16551,97.7830810546875,650.896484375,414.5672607421875,431.048583984375,0.6460250616073608
1840,432,33878,188.343017578125,254.2869873046875,173.93096923828125,225.6522216796875,0.9590001106262207
1841,432,4543,130.08941650390625,899.678955078125,219.68389892578125,221.4747314453125,0.835938036441803
1842,432,3544,575.888427734375,851.39501953125,226.424072265625,227.55810546875,0.7684646844863892
1843,432,16551,475.4032897949219,212.96343994140625,409.3496398925781,423.382568359375,0.736609697341919
1844,433,16232,614.0506591796875,170.96258544921875,196.468505859375,194.23956298828125,0.8367387652397156
1845,433,30308,78.087646484375,91.6053466796875,380.49212646484375,452.281005859375,0.821167528629303
1846,433,3483,569.5870971679688,752.6767578125,288.5687255859375,215.53369140625,0.8106752634048462
1847,433,27733,82.705078125,713.7509765625,327.58599853515625,301.202880859375,0.767322838306427
1848,434,16232,137.376708984375,885.4796142578125,206.0902099609375,201.3916015625,0.8339916467666626
1849,434,3483,120.90362548828125,303.18780517578125,279.6734619140625,210.05224609375,0.803986668586731
1850,434,27733,549.9212646484375,249.6778564453125,320.354248046875,284.8824462890625,0.8025679588317871
1851,434,30308,514.515380859375,683.2978515625,389.635498046875,465.8145751953125,0.7668750286102295
1852,435,16232,644.0594482421875,177.07688903808594,198.5712890625,192.20631408691406,0.8211537003517151
1853,435,30308,90.369873046875,104.15594482421875,394.85223388671875,468.98211669921875,0.8062608242034912
1854,435,3483,598.1046142578125,785.0438842773438,286.5860595703125,212.35400390625,0.8011056780815125
1855,435,27733,118.80020141601562,758.4722900390625,320.813720703125,298.51416015625,0.7663635015487671
1856,436,20238,610.998779296875,186.2202911376953,236.8306884765625,231.22239685058594,0.7824797630310059
1857,436,31885,33.46685791015625,122.59686279296875,459.8397216796875,499.99383544921875,0.7547206878662109
1858,436,3483,594.3194580078125,835.48876953125,292.1923828125,202.72607421875,0.737413227558136
1859,436,25469,40.925994873046875,845.0809326171875,392.80047607421875,245.5765380859375,0.6542277932167053
1860,44,29667,91.45745849609375,718.3690185546875,236.017822265625,241.73779296875,0.8067399859428406
1861,44,13900,557.5966796875,666.7161865234375,208.58251953125,278.353515625,0.7120984196662903
1862,44,3351,362.5797119140625,143.9071044921875,202.533203125,209.95388793945312,0.7016340494155884
1863,443,4378,74.25524139404297,103.51165771484375,237.79688262939453,438.38580322265625,0.8416181802749634
1864,443,22627,523.7420043945312,674.0052490234375,357.8499755859375,495.1080322265625,0.7379712462425232
1865,443,25438,553.221435546875,171.72994995117188,273.563720703125,275.1239013671875,0.7305354475975037
1866,443,2483,70.84759521484375,666.671630859375,248.03970336914062,477.744873046875,0.6847026944160461
1867,444,4378,633.328857421875,707.0972900390625,252.2362060546875,463.1790771484375,0.7475703954696655
1868,444,2483,580.6663818359375,100.67906188964844,274.958984375,461.89466857910156,0.7284952402114868
1869,444,22627,72.43746948242188,81.98834228515625,340.6568603515625,475.54656982421875,0.7087410688400269
1870,444,25438,100.95315551757812,831.2486572265625,279.48052978515625,281.44384765625,0.6788315773010254
1871,449,34597,32.41497802734375,127.69329833984375,409.312255859375,494.42486572265625,0.8284903168678284
1872,449,3483,582.5970458984375,833.9863891601562,292.66015625,184.93359375,0.7765676379203796
1873,449,16262,614.9649658203125,172.98428344726562,254.201904296875,247.10748291015625,0.7464297413825989
1874,449,27653,93.88903045654297,847.066650390625,227.18714141845703,217.223388671875,0.6125357747077942
1875,452,44199,168.81524658203125,224.66427612304688,214.259521484375,279.414306640625,0.8651330471038818
1876,452,29451,501.7545471191406,225.56471252441406,418.4128112792969,257.53294372558594,0.8464550375938416
1877,452,16551,123.17503356933594,622.5533447265625,347.91810607910156,511.831298828125,0.7682603001594543
1878,452,1900,638.839599609375,836.3729248046875,195.244873046875,201.97607421875,0.7427335977554321
1879,454,5094,551.4071044921875,182.87347412109375,285.630126953125,291.56317138671875,0.7825918793678284
1880,454,6192,480.7224426269531,582.0025634765625,332.0566101074219,553.369384765625,0.7422969341278076
1881,454,2483,89.93364715576172,697.5340576171875,253.75141143798828,491.287109375,0.6006686091423035
1882,454,5886,117.33740234375,84.77561950683594,256.38250732421875,478.30653381347656,0.5972790122032166
1883,455,6192,135.3431396484375,83.89923095703125,321.566650390625,541.0850219726562,0.8747620582580566
1884,455,5094,88.09268188476562,787.5771484375,293.5577392578125,292.5921630859375,0.7348831295967102
1885,455,2483,581.8670654296875,16.863601684570312,260.275634765625,504.56724548339844,0.6698430776596069
1886,455,5886,556.8004150390625,677.3692626953125,277.76171875,499.065673828125,0.41945144534111023
1887,456,6192,137.04066467285156,122.76507568359375,316.42625427246094,526.7994995117188,0.8874238133430481
1888,456,5094,87.90087890625,796.9097900390625,297.3558349609375,299.40576171875,0.763911247253418
1889,456,2483,576.617431640625,66.87098693847656,251.47509765625,463.71739196777344,0.7186172008514404
1890,456,5886,561.0780029296875,675.7113037109375,288.08349609375,519.4874267578125,0.6405436396598816
1891,457,6192,102.37020874023438,157.724853515625,302.5968017578125,541.5972900390625,0.8444374799728394
1892,457,5094,123.70600891113281,824.9027099609375,297.01170349121094,292.7548828125,0.758661687374115
1893,457,13395,607.569091796875,670.2578125,273.0416259765625,512.602783203125,0.717171847820282
1894,457,2483,612.4217529296875,61.99153137207031,251.229736328125,495.77598571777344,0.699776828289032
1895,458,6192,104.92755126953125,193.34759521484375,300.05438232421875,527.5467529296875,0.8186557292938232
1896,458,13395,616.48681640625,669.294921875,275.6314697265625,526.5728759765625,0.7537434101104736
1897,458,5094,123.40516662597656,833.0343017578125,302.88999938964844,302.49560546875,0.7418996095657349
1898,458,2483,601.489013671875,105.91583251953125,254.0382080078125,462.93206787109375,0.6883673667907715
1899,459,5094,511.5130615234375,147.409423828125,289.813232421875,294.61322021484375,0.7868639826774597
1900,459,6192,521.3741455078125,512.9410400390625,321.9434814453125,547.0858154296875,0.7015519142150879
1901,459,13395,66.748291015625,84.41075134277344,261.87994384765625,479.63783264160156,0.6360560059547424
1902,459,2483,66.9690170288086,660.0157470703125,230.97052764892578,486.2635498046875,0.5669375658035278
1903,46,23223,93.4716796875,103.72418212890625,338.70550537109375,524.7986450195312,0.8696057200431824
1904,46,3743,108.18869018554688,773.4473876953125,346.596435546875,347.1612548828125,0.7281889915466309
1905,46,2483,577.4093017578125,60.90312194824219,266.335693359375,493.80311584472656,0.7076979279518127
1906,46,12081,582.05224609375,708.535400390625,268.5018310546875,459.9013671875,0.5995824337005615
1907,460,3743,478.3155517578125,111.01213073730469,337.1693115234375,334.41615295410156,0.7409887909889221
1908,460,22362,78.67086791992188,113.65763854980469,272.0652160644531,401.44850158691406,0.7002642154693604
1909,460,23223,488.48602294921875,570.02294921875,335.798583984375,532.7122802734375,0.6786078214645386
1910,460,2483,76.16189575195312,658.3173828125,239.22799682617188,486.71435546875,0.641878068447113
1911,462,23223,125.4503173828125,150.07984924316406,327.0452880859375,511.60948181152344,0.8335188031196594
1912,462,3743,113.76258850097656,823.3121337890625,350.71946716308594,358.8726806640625,0.7411521673202515
1913,462,2483,599.813232421875,104.0025634765625,243.625732421875,462.3797607421875,0.7279385924339294
1914,462,22362,593.1148071289062,733.2493896484375,295.491943359375,427.192138671875,0.5644691586494446
1915,463,3483,128.19386291503906,278.308349609375,286.06138610839844,192.1798095703125,0.7773178219795227
1916,463,28763,615.8895263671875,867.9873046875,230.842529296875,226.661376953125,0.7748388648033142
1917,463,20238,128.3135986328125,859.5919189453125,241.88934326171875,242.279296875,0.7437360882759094
1918,463,27653,671.4318237304688,247.28323364257812,221.4102783203125,212.2166748046875,0.6435143947601318
1919,464,20238,587.18408203125,164.6281280517578,233.1849365234375,226.42088317871094,0.7939426898956299
1920,464,28763,133.99349975585938,179.66160583496094,220.75051879882812,210.22926330566406,0.7796952724456787
1921,464,3483,551.21337890625,795.702880859375,302.1363525390625,194.999755859375,0.7716077566146851
1922,464,27653,60.54106903076172,805.885009765625,232.18726348876953,220.6253662109375,0.5978935956954956
1923,465,20238,616.4901733398438,167.90093994140625,236.509521484375,230.97698974609375,0.7837599515914917
1924,465,3483,583.202880859375,833.4903564453125,294.2236328125,185.29638671875,0.7776176333427429
1925,465,28763,152.25686645507812,184.2174072265625,226.80810546875,214.87469482421875,0.7220790386199951
1926,465,27653,95.14321899414062,847.7681884765625,227.27359008789062,217.4698486328125,0.63541579246521
1927,468,23223,104.53514099121094,120.32244873046875,331.77565002441406,504.81988525390625,0.8585007190704346
1928,468,25438,147.82321166992188,860.020263671875,276.981201171875,285.8087158203125,0.690022885799408
1929,468,2483,576.467529296875,117.1263427734375,248.790771484375,469.2998046875,0.6796873807907104
1930,468,22362,587.756103515625,746.0137939453125,291.0078125,425.95556640625,0.6546968221664429
1931,469,35206,587.809326171875,115.8570556640625,276.71240234375,412.1478271484375,0.8351961374282837
1932,469,3483,599.199951171875,785.2581787109375,285.605712890625,211.697265625,0.7900838851928711
1933,469,27733,119.48895263671875,758.076171875,321.68115234375,299.6451416015625,0.7871927618980408
1934,469,28763,146.19830322265625,213.10394287109375,226.97003173828125,215.61370849609375,0.762378454208374
1935,47,23223,517.5601806640625,576.16162109375,332.346435546875,525.5867919921875,0.8422682881355286
1936,47,3743,479.5689697265625,148.62847900390625,340.8485107421875,334.25421142578125,0.7287504076957703
1937,47,12081,93.7353515625,109.93553161621094,259.94390869140625,432.88966369628906,0.7164497971534729
1938,47,2483,82.67550659179688,659.1156005859375,267.2484436035156,479.1981201171875,0.625968337059021
1939,472,16548,620.3958740234375,141.90130615234375,247.1263427734375,239.4361572265625,0.8537914752960205
1940,472,6563,177.01950073242188,703.120361328125,248.843017578125,375.877197265625,0.8142831921577454
1941,472,3544,146.56968688964844,181.51177978515625,218.05897521972656,215.554443359375,0.7648807764053345
1942,472,33878,624.43701171875,841.4942626953125,228.4207763671875,155.503173828125,0.7467647790908813
1943,474,33878,149.37835693359375,297.2716064453125,228.88519287109375,171.92449951171875,0.9055349826812744
1944,474,16548,115.90972900390625,876.694580078125,252.93121337890625,248.0115966796875,0.8719072937965393
1945,474,3544,626.5865478515625,869.912841796875,227.9969482421875,225.05322265625,0.8273623585700989
1946,474,6563,567.1553344726562,231.494873046875,251.6697998046875,349.2203369140625,0.768753170967102
1947,475,19552,77.95263671875,141.84686279296875,338.57257080078125,509.16741943359375,0.9278329014778137
1948,475,2483,576.1416625976562,87.719482421875,249.7138671875,468.117919921875,0.72474604845047
1949,475,25438,117.54806518554688,811.88525390625,275.0850830078125,284.34130859375,0.7079030275344849
1950,475,13395,573.6815185546875,709.634765625,277.7296142578125,527.28271484375,0.6871151924133301
1951,477,19552,74.81741333007812,99.13751220703125,336.0743713378906,520.7388305664062,0.9281479120254517
1952,477,25438,114.94110107421875,801.491943359375,273.41986083984375,273.92236328125,0.7425379157066345
1953,477,2483,579.78564453125,37.54559326171875,255.6900634765625,494.5728759765625,0.7307265400886536
1954,477,13395,561.7733154296875,711.8924560546875,283.48779296875,515.463623046875,0.6445592641830444
1955,479,25367,53.175201416015625,78.55352783203125,391.57061767578125,475.39202880859375,0.7959508299827576
1956,479,36637,629.8544921875,174.52490234375,194.8978271484375,253.207275390625,0.7737894654273987
1957,479,27777,138.50595092773438,773.079345703125,191.78424072265625,212.853515625,0.7509218454360962
1958,479,3483,523.64697265625,764.81787109375,287.059814453125,239.2794189453125,0.7294574975967407
1959,481,5094,124.52635192871094,834.220458984375,300.80055236816406,301.1136474609375,0.7933685779571533
1960,481,22627,68.85214233398438,116.01014709472656,319.0284423828125,493.31712341308594,0.7917113304138184
1961,481,13395,616.0885009765625,669.698486328125,276.3212890625,525.73095703125,0.7588186264038086
1962,481,2483,602.5035400390625,105.7979736328125,252.965087890625,463.9306640625,0.6835477948188782
1963,482,5094,512.0387573242188,147.31680297851562,289.1087646484375,292.48504638671875,0.7821602821350098
1964,482,13395,66.64462280273438,84.45726013183594,262.0945739746094,479.53541564941406,0.6787681579589844
1965,482,22627,543.5408935546875,624.4346923828125,330.0892333984375,507.75146484375,0.655254602432251
1966,482,2483,67.38501739501953,659.8680419921875,230.02733612060547,486.3682861328125,0.6099167466163635
1967,484,16688,441.0965576171875,90.0111083984375,466.9296875,582.7843017578125,0.6828736662864685
1968,484,32310,17.195709228515625,317.69439697265625,300.5475769042969,339.3516845703125,0.6502959132194519
1969,484,3351,411.7154541015625,882.380859375,207.1785888671875,215.025390625,0.6477723121643066
1970,485,3351,322.00103759765625,138.587646484375,197.94427490234375,207.0859375,0.6943931579589844
1971,485,32310,614.0618896484375,524.0743408203125,305.946044921875,358.946044921875,0.668489396572113
1972,485,16688,21.097885131835938,495.7943115234375,465.66639709472656,623.4622802734375,0.5138726234436035
1973,486,3351,359.73577880859375,192.3036346435547,206.24212646484375,207.76246643066406,0.6865280866622925
1974,486,32310,656.644287109375,620.510498046875,304.390380859375,365.316650390625,0.6547403931617737
1975,486,16688,62.40025329589844,595.340087890625,479.29737854003906,638.0743408203125,0.46793410181999207
1976,487,16232,643.6864013671875,177.19427490234375,199.010986328125,192.58978271484375,0.8183263540267944
1977,487,3483,598.0104370117188,785.2381591796875,286.397705078125,212.66552734375,0.7936602830886841
1978,487,27733,118.44863891601562,758.3040771484375,321.7174072265625,298.81298828125,0.760718584060669
1979,487,31885,84.2745361328125,23.6007080078125,428.50042724609375,542.1712646484375,0.7393259406089783
1980,493,19607,677.7738037109375,896.5894775390625,172.7303466796875,167.8743896484375,0.9066641330718994
1981,493,16548,121.59590148925781,880.214599609375,254.66258239746094,248.64892578125,0.8833245038986206
1982,493,1900,183.3260955810547,282.7674560546875,209.94032287597656,167.2113037109375,0.7386423945426941
1983,493,21026,679.5123901367188,270.5482482910156,184.920654296875,180.13482666015625,0.7017090916633606
1984,494,16548,583.690673828125,129.351806640625,244.74951171875,240.09689331054688,0.8708593249320984
1985,494,1900,580.2786865234375,824.926513671875,214.8662109375,173.896240234375,0.7265786528587341
1986,494,21026,88.82501220703125,826.942626953125,190.872314453125,187.632568359375,0.724968433380127
1987,494,19607,134.91079711914062,208.27755737304688,160.09576416015625,159.0616455078125,0.6245362162590027
1988,496,3832,478.0616760253906,158.3065185546875,395.7768249511719,412.521484375,0.878767728805542
1989,496,3351,384.925048828125,857.983642578125,207.99658203125,216.1446533203125,0.622024655342102
1990,496,36637,154.12142944335938,289.48291015625,208.425048828125,259.70458984375,0.5619290471076965
1991,497,3832,45.88592529296875,635.46875,403.9105224609375,409.6141357421875,0.8876603841781616
1992,497,3351,346.93115234375,148.84390258789062,199.177001953125,206.15460205078125,0.6611725091934204
1993,497,36637,571.9830932617188,661.5391845703125,218.968505859375,274.19384765625,0.5077587366104126
1994,499,25367,508.9483642578125,711.8531494140625,463.007080078125,493.4267578125,0.7923455238342285
1995,499,16262,159.73428344726562,823.148681640625,264.27276611328125,261.151123046875,0.7789034843444824
1996,499,3483,123.14767456054688,270.129150390625,283.84100341796875,199.39593505859375,0.7680556774139404
1997,499,25469,559.231201171875,216.83734130859375,391.231201171875,247.17681884765625,0.626395583152771
1998,5,24850,92.6298828125,882.9132080078125,304.70977783203125,185.615478515625,0.8150482773780823
1999,5,29345,594.2645874023438,707.5018310546875,301.4102783203125,454.421630859375,0.7759843468666077
2000,5,16551,543.478515625,100.96453857421875,323.427490234375,498.08685302734375,0.7739261388778687
2001,5,1900,174.62301635742188,263.76251220703125,143.72073364257812,206.3316650390625,0.7380856275558472
2002,500,25367,23.7650146484375,53.739288330078125,437.92535400390625,457.46722412109375,0.814013659954071
2003,500,3483,568.6402587890625,803.9594116210938,292.687255859375,204.8255615234375,0.7599893808364868
2004,500,16262,536.4581909179688,176.53857421875,256.688720703125,251.521728515625,0.740957498550415
2005,500,25469,0.359771728515625,800.8408203125,399.5039978027344,245.4815673828125,0.7320684194564819
2006,501,25367,33.57490539550781,67.27996826171875,458.07286071777344,465.68267822265625,0.7993425726890564
2007,501,16262,561.9539794921875,181.26446533203125,264.097412109375,256.20074462890625,0.7519655823707581
2008,501,3483,594.19384765625,835.7021484375,292.149169921875,203.44189453125,0.7352237105369568
2009,501,25469,40.762054443359375,844.06396484375,393.5445861816406,246.4482421875,0.6623468399047852
2010,502,20238,133.46255493164062,845.2362060546875,243.89935302734375,235.443115234375,0.7744801044464111
2011,502,3483,123.08781433105469,270.169921875,284.15821838378906,200.56842041015625,0.7706425189971924
2012,502,30308,531.111572265625,713.9298095703125,433.206298828125,445.5020751953125,0.7108294367790222
2013,502,25469,558.91162109375,216.43325805664062,391.443359375,247.34027099609375,0.6369110941886902
2014,503,3483,568.8268432617188,804.341552734375,292.6090087890625,204.2352294921875,0.7527405023574829
2015,503,20238,581.5806884765625,182.43609619140625,233.443603515625,228.03753662109375,0.7513159513473511
2016,503,25469,0.8380126953125,800.56396484375,398.8443603515625,245.7578125,0.7316770553588867
2017,503,30308,23.955078125,88.24790954589844,415.50701904296875,425.66212463378906,0.7300198674201965
2018,506,38162,515.3311157226562,622.0250244140625,224.5870361328125,323.309814453125,0.9088662266731262
2019,506,31863,76.07879638671875,693.0679931640625,218.91143798828125,222.6993408203125,0.698360800743103
2020,506,3351,343.91644287109375,130.0802001953125,200.1424560546875,209.815673828125,0.674988865852356
2021,507,38162,557.411865234375,720.4417724609375,218.05615234375,310.5831298828125,0.9112873673439026
2022,507,3351,381.3642578125,185.0893096923828,204.6898193359375,207.85069274902344,0.6815997362136841
2023,507,31863,120.6539306640625,781.0335693359375,217.83935546875,212.1998291015625,0.6522701978683472
2024,508,18147,525.5545654296875,225.94525146484375,357.758056640625,381.93951416015625,0.6544879078865051
2025,508,3351,409.32818603515625,857.9515380859375,208.326416015625,214.228271484375,0.6371684074401855
2026,508,22074,163.5474090576172,254.73019409179688,197.33522033691406,199.4580078125,0.4834121763706207
2027,509,18147,38.6370849609375,592.9052734375,367.1705017089844,404.90087890625,0.7188670039176941
2028,509,22074,579.5823974609375,773.9940185546875,205.625244140625,203.1015625,0.7104580402374268
2029,509,3351,321.39007568359375,156.54969787597656,199.8433837890625,209.87351989746094,0.6614664793014526
2030,511,3483,142.25433349609375,211.32913208007812,264.45989990234375,234.22772216796875,0.8133878707885742
2031,511,36637,92.79830932617188,896.815185546875,283.0231628417969,181.2955322265625,0.7667636871337891
2032,511,25367,546.0264892578125,732.34423828125,429.857177734375,526.0467529296875,0.7638651132583618
2033,511,19861,636.984130859375,272.2540283203125,228.998779296875,178.8572998046875,0.5878437757492065
2034,515,35206,599.3250732421875,134.43565368652344,246.207763671875,417.64552307128906,0.8007644414901733
2035,515,3483,555.62744140625,805.2738037109375,280.294921875,227.3763427734375,0.7732916474342346
2036,515,27777,172.2490997314453,812.1109619140625,189.54649353027344,209.1424560546875,0.7586552500724792
2037,515,30308,74.52110290527344,160.46380615234375,465.47096252441406,423.66912841796875,0.7100878953933716
2038,516,35206,127.61480712890625,699.713623046875,263.63372802734375,419.599853515625,0.7810410857200623
2039,516,3483,165.78924560546875,272.229736328125,277.22528076171875,227.53314208984375,0.7688415050506592
2040,516,27777,630.073486328125,288.75360107421875,184.4300537109375,204.971923828125,0.7279911041259766
2041,516,30308,462.21484375,674.2078857421875,458.55029296875,423.491943359375,0.6654167175292969
2042,517,3483,582.4041137695312,833.7637939453125,292.69091796875,185.84912109375,0.7738534212112427
2043,517,31885,18.641082763671875,9.35040283203125,400.59124755859375,540.9724731445312,0.7671739459037781
2044,517,36637,635.4271240234375,206.7598876953125,202.53173828125,256.5673828125,0.7506105899810791
2045,517,27653,93.8599853515625,847.891357421875,226.87185668945312,216.62744140625,0.6129103302955627
2046,518,36637,604.26318359375,198.8502197265625,203.2708740234375,254.04766845703125,0.7741236090660095
2047,518,3483,550.21875,796.8634033203125,301.946533203125,194.404052734375,0.767503023147583
2048,518,31885,8.16802978515625,5.0328369140625,386.8438720703125,521.899658203125,0.7455163598060608
2049,518,27653,59.135536193847656,805.4132080078125,231.58074188232422,220.6864013671875,0.6094487905502319
2050,519,31885,585.9969482421875,686.7813720703125,390.0030517578125,581.7818603515625,0.7847502827644348
2051,519,3483,129.4886474609375,278.0614013671875,285.62908935546875,192.1568603515625,0.7792946100234985
2052,519,36637,145.1667022705078,798.5927734375,209.58726501464844,264.82275390625,0.7657903432846069
2053,519,27653,672.7261962890625,247.689453125,221.335205078125,212.03680419921875,0.6473934054374695
2054,520,29667,124.63543701171875,874.9017333984375,236.46340942382812,238.1441650390625,0.7949156165122986
2055,520,28763,607.0650634765625,899.5860595703125,232.885009765625,226.781494140625,0.7922086715698242
2056,520,3483,168.17120361328125,270.835693359375,277.00482177734375,225.48876953125,0.7535435557365417
2057,520,27777,632.3742065429688,289.5906982421875,186.88427734375,204.595703125,0.7345778942108154
2058,521,29667,595.3036499023438,150.48892211914062,229.2076416015625,230.33160400390625,0.7889383435249329
2059,521,28763,143.20318603515625,148.9637451171875,220.9832763671875,209.25775146484375,0.7770911455154419
2060,521,27777,136.75238037109375,772.0068359375,192.47482299804688,212.968017578125,0.7383185625076294
2061,521,3483,520.408935546875,766.562744140625,288.81982421875,238.3306884765625,0.730404257774353
2062,522,29667,622.3973388671875,156.72952270507812,235.430419921875,229.89599609375,0.8407082557678223
2063,522,3483,551.9661865234375,806.8035888671875,281.744140625,227.477294921875,0.7662162780761719
2064,522,27777,169.98736572265625,811.185546875,190.016845703125,208.85498046875,0.757555365562439
2065,522,28763,160.6612548828125,150.75210571289062,226.79644775390625,217.5628662109375,0.7574157118797302
2066,525,16232,137.49002075195312,885.5484619140625,205.730712890625,201.873046875,0.8375906944274902
2067,525,3483,121.44627380371094,302.64215087890625,279.04945373535156,209.494873046875,0.8038002252578735
2068,525,27733,548.18359375,248.35572814941406,322.98779296875,286.84959411621094,0.792374312877655
2069,525,28763,624.9730224609375,858.96337890625,234.3631591796875,225.95556640625,0.7866121530532837
2070,526,30308,530.5419921875,697.1356201171875,337.165771484375,501.8482666015625,0.8753516674041748
2071,526,3483,140.81381225585938,212.2927703857422,264.75958251953125,234.33668518066406,0.8142291307449341
2072,526,16262,93.93716430664062,842.9896240234375,259.48486328125,257.284423828125,0.7476877570152283
2073,526,19861,635.536376953125,272.0960693359375,228.767333984375,178.717041015625,0.6050741076469421
2074,527,30308,129.53262329101562,59.06488037109375,340.28741455078125,496.96435546875,0.8678318858146667
2075,527,3483,592.3065185546875,859.30615234375,270.068603515625,243.1767578125,0.7901940941810608
2076,527,16262,632.190185546875,165.71347045898438,256.435546875,250.6685791015625,0.7623589038848877
2077,527,19861,124.80426025390625,860.4017333984375,229.61248779296875,177.979248046875,0.6795176863670349
2078,528,30308,116.51864624023438,51.70953369140625,323.5379638671875,468.94744873046875,0.8592267036437988
2079,528,3483,564.10595703125,824.7830810546875,275.565185546875,248.9322509765625,0.7694279551506042
2080,528,16262,602.391845703125,163.19650268554688,251.7137451171875,244.9217529296875,0.7667824625968933
2081,528,19861,88.5712890625,822.260498046875,234.604736328125,182.0946044921875,0.6248020529747009
2082,529,22347,103.5543441772461,237.14866638183594,214.18750762939453,205.21046447753906,0.8496835827827454
2083,529,20238,611.699462890625,185.81512451171875,236.489990234375,231.21588134765625,0.7624454498291016
2084,529,3483,594.630859375,835.604248046875,291.6541748046875,202.41650390625,0.7362422943115234
2085,529,25469,37.16973876953125,844.87939453125,393.506591796875,242.7421875,0.6600210666656494
2086,53,6192,94.99443054199219,100.11256408691406,374.40370178222656,508.37364196777344,0.8392754793167114
2087,53,2483,624.43115234375,104.84454345703125,244.97021484375,462.928955078125,0.6987995505332947
2088,53,25438,123.2313232421875,840.42138671875,281.73956298828125,284.769287109375,0.6845583915710449
2089,53,5886,578.2570190429688,676.614501953125,276.74462890625,518.7598876953125,0.6162834167480469
2090,530,22347,675.4600830078125,824.1671142578125,221.627685546875,218.0592041015625,0.8721347451210022
2091,530,20238,132.8918914794922,845.216552734375,244.26112365722656,235.1915283203125,0.7670737504959106
2092,530,3483,120.99383544921875,267.90289306640625,283.50244140625,201.0360107421875,0.767040491104126
2093,530,25469,559.35546875,215.3162841796875,391.01513671875,247.4525146484375,0.6269656419754028
2094,531,22347,87.835693359375,223.63787841796875,208.61233520507812,205.72344970703125,0.8003425002098083
2095,531,3483,569.04443359375,804.7569580078125,293.055908203125,203.675048828125,0.7570979595184326
2096,531,25469,0.477142333984375,801.468994140625,398.8553771972656,244.8282470703125,0.7351136207580566
2097,531,20238,581.780517578125,181.77078247070312,233.82568359375,228.100341796875,0.6887246966362
2098,532,19552,102.35646057128906,96.57244873046875,413.79380798339844,467.69024658203125,0.9363423585891724
2099,532,2483,583.1634521484375,106.98323059082031,299.6124267578125,454.57151794433594,0.7809892892837524
2100,532,3743,62.240692138671875,800.513671875,357.8119201660156,352.557373046875,0.7192974090576172
2101,532,5886,592.4990234375,695.7596435546875,271.7882080078125,510.669189453125,0.5838335752487183
2102,533,19552,95.5009765625,52.673583984375,420.6263427734375,483.98846435546875,0.9501976370811462
2103,533,3743,62.87353515625,792.212646484375,350.401611328125,342.6435546875,0.7319342494010925
2104,533,2483,590.446533203125,63.90557861328125,296.970947265625,486.61456298828125,0.7105710506439209
2105,533,5886,580.1466064453125,690.94140625,272.221923828125,505.70166015625,0.48996084928512573
2106,534,19552,412.6610412597656,665.9619140625,442.9977722167969,505.3154296875,0.9077900052070618
2107,534,3743,522.8216552734375,137.27734375,337.813720703125,328.72021484375,0.7262802720069885
2108,534,2483,39.924957275390625,666.35888671875,277.2454833984375,477.2503662109375,0.6828672885894775
2109,534,5886,86.5682373046875,76.09657287597656,269.96075439453125,469.20689392089844,0.6590834259986877
2110,535,31885,71.51522827148438,130.60064697265625,424.707275390625,521.4187622070312,0.7709504961967468
2111,535,3483,593.0927734375,836.0869140625,293.103271484375,203.06005859375,0.7352045774459839
2112,535,36637,666.624267578125,173.0237274169922,187.5408935546875,260.46669006347656,0.7178723812103271
2113,535,25469,81.67727661132812,814.8011474609375,352.91705322265625,324.3101806640625,0.6449456214904785
2114,536,36637,635.0570068359375,168.04776000976562,187.844970703125,256.82037353515625,0.7877672910690308
2115,536,31885,58.5146484375,108.1204833984375,406.61895751953125,505.478515625,0.7705168724060059
2116,536,3483,568.1270751953125,805.61376953125,292.8638916015625,203.168212890625,0.7612422704696655
2117,536,25469,44.749481201171875,772.9619140625,360.88037109375,326.592041015625,0.6592190265655518
2118,537,36637,124.15707397460938,826.6739501953125,195.19775390625,272.91015625,0.8092001080513
2119,537,3483,122.13360595703125,268.4459228515625,283.1982421875,200.254638671875,0.7666693925857544
2120,537,31885,500.5196533203125,586.74853515625,428.4044189453125,547.22607421875,0.7346290349960327
2121,537,25469,562.03466796875,172.28172302246094,345.849853515625,313.07423400878906,0.6897343397140503
2122,539,38162,579.9071044921875,703.9959716796875,218.3046875,313.376708984375,0.921130359172821
2123,539,20014,0.0,658.081787109375,371.7004699707031,365.32861328125,0.8455557227134705
2124,539,3351,313.32659912109375,121.49852752685547,202.4295654296875,210.60272979736328,0.6756598949432373
2125,54,25438,535.1109619140625,160.71533203125,269.839599609375,278.90460205078125,0.7564864158630371
2126,54,6192,463.6709899902344,625.1090087890625,379.6977844238281,522.843017578125,0.708732545375824
2127,54,5886,105.4969711303711,84.07896423339844,251.93701934814453,477.97743225097656,0.6301603317260742
2128,54,2483,51.54759979248047,663.202880859375,232.07593536376953,477.52783203125,0.5746027231216431
2129,540,38162,621.9571533203125,802.142822265625,209.989990234375,303.6600341796875,0.8959389328956604
2130,540,20014,51.5535888671875,748.185302734375,359.475830078125,354.643798828125,0.863771915435791
2131,540,3351,353.68597412109375,177.52130126953125,204.71746826171875,207.59912109375,0.7073448896408081
2132,541,16232,141.31427001953125,894.1295166015625,205.34930419921875,199.614013671875,0.818920910358429
2133,541,3483,141.0191192626953,212.2233428955078,264.51048278808594,233.83616638183594,0.817344605922699
2134,541,31885,570.3829345703125,646.10009765625,351.39013671875,583.419677734375,0.736463189125061
2135,541,19861,635.6849365234375,272.6923828125,228.384521484375,176.644775390625,0.6055397987365723
2136,542,16232,612.9216918945312,165.66505432128906,192.2764892578125,193.17735290527344,0.8135842084884644
2137,542,3483,563.6976318359375,824.59765625,274.932861328125,248.5447998046875,0.7657974362373352
2138,542,31885,54.3203125,23.43939208984375,349.44403076171875,538.8811645507812,0.7598750591278076
2139,542,19861,89.08914184570312,822.0946044921875,234.03689575195312,182.47509765625,0.6265018582344055
2140,543,16232,643.924560546875,169.6604766845703,194.3114013671875,195.89976501464844,0.8024264574050903
2141,543,3483,592.0513916015625,859.635498046875,270.428955078125,243.086181640625,0.7902287244796753
2142,543,31885,80.66741943359375,34.827880859375,353.08599853515625,549.8887939453125,0.7626152634620667
2143,543,19861,124.66455078125,860.418212890625,229.72830200195312,177.70849609375,0.6871996521949768
2144,545,22347,659.0128173828125,855.6990966796875,219.550048828125,218.2869873046875,0.8418703079223633
2145,545,29667,124.70462036132812,874.3388671875,236.42581176757812,238.5,0.7935137748718262
2146,545,3483,169.21633911132812,270.70782470703125,276.1925048828125,225.3043212890625,0.7555804252624512
2147,545,27777,632.5140380859375,289.603515625,187.263916015625,204.426513671875,0.7319812178611755
2148,546,29667,594.9301147460938,150.94859313964844,229.750244140625,230.56080627441406,0.7878427505493164
2149,546,22347,104.40575408935547,194.9210662841797,210.64124298095703,204.76588439941406,0.773978054523468
2150,546,27777,136.13894653320312,771.8192138671875,192.14154052734375,213.02099609375,0.7370145320892334
2151,546,3483,519.908447265625,767.1013793945312,288.8173828125,237.62548828125,0.7208006978034973
2152,547,22347,118.27230834960938,238.02203369140625,216.7376708984375,206.5855712890625,0.8435305953025818
2153,547,20877,113.87860107421875,761.23046875,345.03741455078125,256.79638671875,0.8106057643890381
2154,547,3483,640.1387939453125,743.6707763671875,225.8282470703125,276.349853515625,0.7712603807449341
2155,547,36637,623.2334594726562,207.69192504882812,202.060791015625,260.0953369140625,0.7564166188240051
2156,548,22347,660.1168212890625,822.8887939453125,221.22265625,218.1197509765625,0.8399443030357361
2157,548,3483,132.24383544921875,282.3399658203125,226.97955322265625,270.84979248046875,0.803840696811676
2158,548,36637,157.3737335205078,794.6279296875,209.65440368652344,268.583740234375,0.7907689809799194
2159,548,20877,536.2581176757812,283.56292724609375,342.3984375,251.2864990234375,0.7898804545402527
2160,55,20014,46.205322265625,272.27166748046875,354.32135009765625,341.1163330078125,0.8278070688247681
2161,55,16688,380.2582702636719,125.4981689453125,588.0154113769531,526.2271118164062,0.7537928223609924
2162,55,3351,416.66961669921875,837.589111328125,203.330810546875,210.857177734375,0.6645249724388123
2163,551,3483,128.66513061523438,278.82562255859375,285.65625,191.89501953125,0.7766790390014648
2164,551,30308,521.706298828125,674.8798828125,413.5225830078125,453.5791015625,0.745280921459198
2165,551,20238,128.9785614013672,859.9627685546875,241.66481018066406,242.013671875,0.7399633526802063
2166,551,27653,671.2813720703125,247.11004638671875,222.32470703125,212.827880859375,0.6483021974563599
2167,552,30308,62.0428466796875,123.60491943359375,412.28509521484375,459.9268798828125,0.7980706095695496
2168,552,20238,616.46826171875,168.5177001953125,236.05859375,230.58917236328125,0.7908057570457458
2169,552,3483,583.1597900390625,832.7421875,294.6064453125,186.3768310546875,0.7772614359855652
2170,552,27653,95.30951690673828,847.8519287109375,226.79552459716797,216.6533203125,0.6347613334655762
2171,553,16232,594.21826171875,206.60116577148438,198.9549560546875,195.43499755859375,0.8412824869155884
2172,553,34597,0.0167236328125,63.75596618652344,441.95281982421875,466.57972717285156,0.7829132080078125
2173,553,3483,569.0662231445312,804.9127197265625,292.497802734375,203.151123046875,0.75105881690979
2174,553,25469,0.96636962890625,801.2913818359375,398.775390625,245.001220703125,0.7340168952941895
2175,555,16232,624.6324462890625,213.59051513671875,200.146728515625,198.1240234375,0.8368392586708069
2176,555,34597,10.47637939453125,82.14002990722656,454.71563720703125,474.27708435058594,0.8047160506248474
2177,555,3483,594.7039184570312,835.3216552734375,292.053466796875,202.6134033203125,0.7365840673446655
2178,555,25469,37.635345458984375,844.595947265625,392.93170166015625,244.759521484375,0.6550841331481934
2179,56,20014,524.1793212890625,603.20654296875,383.376220703125,374.599609375,0.8547899723052979
2180,56,3351,316.57818603515625,181.379638671875,203.60888671875,212.3250732421875,0.6759597063064575
2181,56,16688,0.78912353515625,518.8255615234375,532.37548828125,571.9439697265625,0.6225341558456421
2182,560,30308,101.76786804199219,65.50187683105469,308.92860412597656,498.32740783691406,0.8496559262275696
2183,560,35206,569.462890625,84.52801513671875,306.246826171875,404.5673828125,0.7939979434013367
2184,560,3483,591.965087890625,859.956298828125,270.63330078125,242.315673828125,0.791265606880188
2185,560,19861,124.72085571289062,860.6240234375,229.40667724609375,177.86767578125,0.6798142194747925
2186,564,21771,157.74154663085938,798.4970703125,203.5235595703125,197.200439453125,0.8775091767311096
2187,564,33009,540.36181640625,819.976318359375,384.7294921875,228.0830078125,0.7766196131706238
2188,564,1900,150.15335083007812,247.2993927001953,203.65350341796875,174.83787536621094,0.76012122631073
2189,564,16551,564.83251953125,93.60919189453125,327.2109375,496.27630615234375,0.7483775019645691
2190,565,5094,97.4774169921875,802.7083740234375,299.10406494140625,300.23828125,0.779448926448822
2191,565,2483,613.016845703125,74.56927490234375,253.622314453125,465.02703857421875,0.5978582501411438
2192,565,12081,629.439208984375,690.5040283203125,271.8447265625,472.0653076171875,0.5886656045913696
2193,565,12778,10.952789306640625,148.8408203125,432.7640686035156,458.98291015625,0.4977991282939911
2194,569,3743,480.4361572265625,148.85891723632812,341.3831787109375,334.0987548828125,0.7197569608688354
2195,569,12081,93.59173583984375,109.62451171875,261.0736083984375,433.11358642578125,0.7151812314987183
2196,569,2483,83.15032958984375,659.3023681640625,266.4044189453125,477.87646484375,0.670508861541748
2197,569,12778,510.563720703125,561.485595703125,340.3232421875,546.7984619140625,0.5301117897033691
2198,571,1900,576.1432495117188,863.6949462890625,218.140869140625,151.94775390625,0.7531382441520691
2199,571,16551,519.2281494140625,38.789306640625,328.9853515625,479.37353515625,0.730505108833313
2200,571,24850,118.83865356445312,136.42596435546875,191.26785278320312,288.59075927734375,0.7257915735244751
2201,571,21026,88.02043914794922,826.254150390625,190.85736846923828,187.552734375,0.725632905960083
2202,572,16551,93.86878967285156,697.0545654296875,349.42564392089844,504.4022216796875,0.7570710778236389
2203,572,1900,185.8121337890625,264.900634765625,211.8538818359375,150.5428466796875,0.7486668229103088
2204,572,21026,680.1552734375,271.74578857421875,185.07470703125,179.9666748046875,0.7173228859901428
2205,572,24850,662.3409423828125,827.2984619140625,205.2939453125,304.7379150390625,0.7143718004226685
2206,573,1900,606.6396484375,899.72216796875,209.424072265625,143.9554443359375,0.7556699514389038
2207,573,24850,131.6395263671875,139.77267456054688,198.148193359375,298.652099609375,0.7385326027870178
2208,573,21026,122.0946044921875,860.763671875,187.85452270507812,185.57666015625,0.7032100558280945
2209,573,16551,553.185791015625,51.1966552734375,334.45654296875,492.18426513671875,0.6795860528945923
2210,574,22627,82.482666015625,175.06365966796875,329.1891174316406,495.502685546875,0.7806882858276367
2211,574,3743,105.50456237792969,816.1668701171875,347.47291564941406,346.22802734375,0.7394887208938599
2212,574,13395,602.6851806640625,671.2828369140625,271.6094970703125,512.3499755859375,0.7124852538108826
2213,574,2483,647.999755859375,78.9036865234375,240.909423828125,486.41650390625,0.6844146251678467
2214,575,3743,483.00469970703125,109.7237548828125,340.8682861328125,337.00665283203125,0.7607244253158569
2215,575,22627,512.9244384765625,535.4063720703125,340.761962890625,502.646484375,0.7317298650741577
2216,575,13395,69.56491088867188,83.97210693359375,264.0135192871094,479.101318359375,0.6843000650405884
2217,575,2483,38.88330078125,642.2742919921875,239.9007568359375,491.2578125,0.5499394536018372
2218,576,22627,86.65791320800781,207.2139892578125,325.66477966308594,489.929931640625,0.8334676027297974
2219,576,3743,106.60319519042969,823.070068359375,353.12916564941406,359.6693115234375,0.7342984080314636
2220,576,2483,634.852783203125,114.35797119140625,245.451416015625,472.83380126953125,0.7185807228088379
2221,576,13395,613.576171875,669.0443115234375,273.018310546875,527.3956298828125,0.7174142003059387
2222,577,19607,136.5762939453125,783.3868408203125,170.43771362304688,164.2142333984375,0.9101685881614685
2223,577,1900,131.98617553710938,240.70692443847656,201.10220336914062,166.01597595214844,0.7725927829742432
2224,577,33009,510.502685546875,781.8515625,386.4866943359375,230.38427734375,0.7608848214149475
2225,577,16551,523.48193359375,50.56523132324219,367.95703125,460.03443908691406,0.7510939240455627
2226,578,19607,653.84716796875,329.3306884765625,165.34130859375,158.12255859375,0.9030912518501282
2227,578,33009,86.6077880859375,239.45040893554688,373.002685546875,240.65496826171875,0.7635101079940796
2228,578,16551,46.40289306640625,715.42822265625,384.213134765625,471.6290283203125,0.7517391443252563
2229,578,1900,638.3589477539062,855.6175537109375,212.5406494140625,172.8837890625,0.745357096195221
2230,579,19607,169.02935791015625,817.590087890625,169.26019287109375,163.3856201171875,0.8548069000244141
2231,579,33009,540.0289916992188,820.4486083984375,384.72021484375,228.062744140625,0.7776699066162109
2232,579,1900,149.3660888671875,250.06410217285156,206.63482666015625,167.80723571777344,0.7583160996437073
2233,579,16551,555.3511962890625,64.7171630859375,378.583740234375,464.82135009765625,0.6879590749740601
2234,58,34597,23.9453125,46.5533447265625,419.78497314453125,482.784423828125,0.8160274028778076
2235,58,3483,563.61083984375,824.9617919921875,275.49755859375,247.743896484375,0.7672548294067383
2236,58,35206,543.633544921875,77.72137451171875,295.4552001953125,394.36993408203125,0.7479868531227112
2237,58,19861,91.39997100830078,823.9428100585938,231.83544158935547,182.53076171875,0.6195117831230164
2238,581,16548,101.1419906616211,898.926025390625,251.99628448486328,250.835205078125,0.8822267651557922
2239,581,24850,635.5081787109375,205.46939086914062,193.0810546875,281.22442626953125,0.7769169807434082
2240,581,33009,87.2735595703125,237.1288299560547,373.307373046875,241.13587951660156,0.7628874182701111
2241,581,1900,639.804443359375,847.7540283203125,211.519775390625,182.42529296875,0.7352285981178284
2242,583,19552,443.77294921875,613.322509765625,378.9427490234375,534.529541015625,0.9019918441772461
2243,583,5094,535.156005859375,174.38174438476562,292.3553466796875,288.66900634765625,0.8061270713806152
2244,583,2483,53.15362548828125,684.365234375,262.91204833984375,483.69580078125,0.6692246794700623
2245,583,5886,106.31558227539062,82.57374572753906,252.67349243164062,478.08604431152344,0.6100633144378662
2246,584,19552,134.20376586914062,116.42002868652344,350.77008056640625,492.33790588378906,0.9278542995452881
2247,584,5094,99.37277221679688,807.364013671875,300.0426025390625,298.7000732421875,0.7635045647621155
2248,584,2483,587.4935302734375,84.00469970703125,278.43603515625,467.46282958984375,0.736168384552002
2249,584,5886,575.5130615234375,677.562255859375,281.636962890625,519.88916015625,0.6448718905448914
2250,586,36637,635.1868896484375,167.5061492919922,188.447265625,256.50587463378906,0.7816939353942871
2251,586,3483,568.3232421875,806.4134521484375,293.2635498046875,202.6500244140625,0.7682902216911316
2252,586,28763,141.9727020263672,191.1234893798828,220.37965393066406,211.74034118652344,0.7623745203018188
2253,586,25469,44.7991943359375,772.5379638671875,362.94195556640625,327.5360107421875,0.6615146994590759
2254,587,36637,123.96444702148438,827.1578369140625,194.527099609375,271.53076171875,0.8233481049537659
2255,587,28763,604.0003662109375,853.396728515625,235.231689453125,226.8841552734375,0.7865525484085083
2256,587,3483,121.47048950195312,267.12567138671875,284.13677978515625,200.19683837890625,0.7612297534942627
2257,587,25469,561.12060546875,171.15457153320312,346.2939453125,312.9544677734375,0.6842430233955383
2258,588,36637,666.8057861328125,172.44662475585938,187.5673828125,260.7620849609375,0.7543613910675049
2259,588,28763,161.46905517578125,198.61187744140625,225.81646728515625,216.56536865234375,0.7405011057853699
2260,588,3483,593.43994140625,836.19580078125,292.7535400390625,202.7855224609375,0.7329617738723755
2261,588,25469,81.79299926757812,814.1990966796875,354.7757568359375,327.0980224609375,0.6394731402397156
2262,589,25367,15.96881103515625,107.15130615234375,361.4559326171875,499.53582763671875,0.8312988877296448
2263,589,3483,592.0425415039062,859.504150390625,270.3760986328125,242.939697265625,0.7895991206169128
2264,589,16262,632.735107421875,167.03997802734375,255.9378662109375,248.9932861328125,0.7598569393157959
2265,589,19861,124.89080810546875,860.180908203125,229.11288452148438,178.283203125,0.6725783348083496
2266,591,25367,619.5482177734375,635.9256591796875,356.4517822265625,526.2882080078125,0.8398829102516174
2267,591,3483,141.3641357421875,212.11782836914062,264.15234375,234.2021484375,0.8142731785774231
2268,591,16262,93.57891845703125,842.754638671875,259.57708740234375,257.7486572265625,0.7525209188461304
2269,591,19861,635.63330078125,272.75311279296875,228.21630859375,177.4644775390625,0.5961973667144775
2270,592,3483,142.28033447265625,210.79161071777344,264.45361328125,234.67591857910156,0.8087925910949707
2271,592,28763,644.63232421875,896.1519775390625,229.38232421875,225.2149658203125,0.791944146156311
2272,592,29667,116.4344711303711,837.3197021484375,238.25104522705078,240.0321044921875,0.7621129751205444
2273,592,19861,637.2445068359375,271.7887268066406,228.864013671875,178.6683349609375,0.5907130241394043
2274,593,28763,110.89801788330078,153.06573486328125,218.29161834716797,209.50518798828125,0.7740512490272522
2275,593,3483,560.4962158203125,826.3455810546875,276.685546875,248.68310546875,0.769890308380127
2276,593,29667,602.1044921875,184.47618103027344,232.677734375,229.46754455566406,0.7519600987434387
2277,593,19861,87.20651245117188,823.019775390625,235.09823608398438,182.322509765625,0.6167958378791809
2278,594,29667,632.0404052734375,192.76263427734375,233.55908203125,229.90594482421875,0.8096573352813721
2279,594,28763,125.82830810546875,154.53018188476562,226.925048828125,221.09735107421875,0.8091374635696411
2280,594,3483,589.271728515625,860.099609375,272.210693359375,244.26123046875,0.7894454002380371
2281,594,19861,122.2017822265625,860.0904541015625,230.6134033203125,178.224609375,0.6667638421058655
2282,595,32310,101.79287719726562,206.76898193359375,270.4566650390625,356.89862060546875,0.6253789067268372
2283,595,3351,384.024169921875,850.976806640625,218.574951171875,219.7681884765625,0.6091545820236206
2284,595,16232,645.4796142578125,283.467529296875,199.241943359375,199.58758544921875,0.6001149415969849
2285,596,16232,76.23587036132812,728.7431640625,206.14703369140625,205.313720703125,0.7043152451515198
2286,596,3351,342.63720703125,152.35055541992188,198.3363037109375,204.87155151367188,0.6809285283088684
2287,596,32310,557.4798583984375,606.6192626953125,294.522216796875,385.640869140625,0.6258305907249451
2288,598,33880,534.2180786132812,187.1011962890625,319.91650390625,432.757568359375,0.7995878458023071
2289,598,36637,163.44711303710938,330.75848388671875,202.66351318359375,262.33489990234375,0.7381842732429504
2290,598,3351,392.87945556640625,860.88330078125,210.4462890625,217.350341796875,0.6430561542510986
2291,60,3483,140.82241821289062,211.90744018554688,265.321044921875,235.18927001953125,0.8133729696273804
2292,60,34597,531.8267822265625,683.6728515625,436.843994140625,518.0804443359375,0.7774584293365479
2293,60,35206,102.72805786132812,760.9930419921875,314.0855712890625,410.653076171875,0.6849841475486755
2294,60,19861,635.7703857421875,272.4971923828125,228.1741943359375,177.628173828125,0.5992273092269897
2295,600,33880,112.63905334472656,679.9847412109375,313.23753356933594,444.0517578125,0.8199632167816162
2296,600,3351,375.465087890625,211.03224182128906,209.0194091796875,211.72581481933594,0.6968126893043518
2297,600,36637,608.4859619140625,716.5180053710938,212.301025390625,272.4302978515625,0.6863624453544617
2298,601,27733,550.6197509765625,250.2293701171875,319.595703125,282.4720458984375,0.8108499646186829
2299,601,3483,120.82806396484375,302.99603271484375,278.80548095703125,210.98876953125,0.8056323528289795
2300,601,16262,145.38241577148438,792.9696044921875,265.8348388671875,259.6273193359375,0.7779137492179871
2301,601,31885,487.05377197265625,620.712158203125,468.021484375,515.5166015625,0.7704538106918335
2302,602,3483,569.4482421875,752.7069091796875,289.0550537109375,215.16796875,0.8099367618560791
2303,602,27733,82.44830322265625,712.9205932617188,328.19720458984375,302.3447265625,0.7743233442306519
2304,602,31885,30.254013061523438,98.51422119140625,461.33815002441406,495.22247314453125,0.771377444267273
2305,602,16262,547.133056640625,204.60055541992188,260.5758056640625,254.25946044921875,0.737773597240448
2306,603,3483,598.9492797851562,785.3262939453125,284.7557373046875,212.070068359375,0.7955110669136047
2307,603,27733,118.74237060546875,757.91748046875,320.56787109375,298.9317626953125,0.7645677924156189
2308,603,16262,577.6544189453125,213.97360229492188,261.650390625,254.08001708984375,0.7598002552986145
2309,603,31885,40.10247802734375,121.08331298828125,465.0057373046875,495.11376953125,0.746328592300415
2310,605,28763,140.98388671875,241.71604919433594,228.97021484375,214.31654357910156,0.7818479537963867
2311,605,3483,583.2135009765625,833.24169921875,294.5205078125,185.6171875,0.7797505855560303
2312,605,36637,635.5445556640625,205.6966552734375,202.7177734375,256.55401611328125,0.7477244138717651
2313,605,27653,94.43531036376953,847.793701171875,227.17015838623047,217.02001953125,0.6271001100540161
2314,608,33880,46.31591796875,604.641357421875,317.9136962890625,451.7969970703125,0.8558376431465149
2315,608,29667,576.65576171875,714.2669677734375,249.2149658203125,247.6500244140625,0.8071643710136414
2316,608,3351,331.2205810546875,180.93551635742188,205.30712890625,211.34686279296875,0.6956198215484619
2317,610,16232,613.6561889648438,212.8279266357422,199.574462890625,196.30482482910156,0.8029071092605591
2318,610,34597,0.0,98.6014404296875,404.27996826171875,465.3006591796875,0.7917690873146057
2319,610,3483,549.710205078125,796.2491455078125,301.2900390625,195.82568359375,0.7675202488899231
2320,610,27653,58.75652313232422,804.5445556640625,232.19709014892578,221.355224609375,0.60273677110672
2321,611,16232,138.85153198242188,841.2703857421875,205.47564697265625,200.496826171875,0.8399381637573242
2322,611,34597,570.091796875,645.5919189453125,405.908203125,494.2254638671875,0.8056098818778992
2323,611,3483,129.7974853515625,278.259033203125,285.58453369140625,191.43994140625,0.7739890813827515
2324,611,27653,672.8041381835938,247.9981231689453,221.5474853515625,212.80943298339844,0.6422713994979858
2325,612,16232,644.2288818359375,224.20863342285156,199.7032470703125,191.80833435058594,0.8195968270301819
2326,612,34597,0.0,124.66094970703125,429.3843994140625,471.00958251953125,0.780722439289093
2327,612,3483,582.197021484375,833.9224853515625,292.792236328125,185.8076171875,0.7739770412445068
2328,612,27653,93.66656494140625,847.364990234375,226.8480224609375,216.73828125,0.6176053881645203
2329,614,19232,149.9958953857422,645.602783203125,279.74391174316406,372.6705322265625,0.8846833109855652
2330,614,22074,627.7046508789062,721.8128662109375,202.0556640625,202.80517578125,0.7468876838684082
2331,614,3351,338.11273193359375,143.977294921875,202.46551513671875,209.37347412109375,0.6902162432670593
2332,615,19232,190.21246337890625,743.8311767578125,281.6859130859375,375.6229248046875,0.8386492729187012
2333,615,22074,669.5000610351562,817.1605224609375,194.9874267578125,195.8934326171875,0.7654581069946289
2334,615,3351,381.240966796875,203.76840209960938,201.24462890625,203.32373046875,0.6951897144317627
2335,616,16232,140.727783203125,894.3236083984375,205.3818359375,198.929443359375,0.8266266584396362
2336,616,3483,140.87448120117188,211.93739318847656,264.664306640625,234.46153259277344,0.8191288113594055
2337,616,28763,622.3363037109375,883.7015380859375,232.436279296875,224.217529296875,0.7964317202568054
2338,616,19861,634.6510009765625,272.0796813964844,229.7080078125,177.5062255859375,0.59567791223526
2339,617,16232,644.01611328125,169.5975341796875,194.379638671875,195.8131103515625,0.8152027130126953
2340,617,3483,592.4560546875,859.8671875,270.931396484375,243.2115478515625,0.7907924652099609
2341,617,28763,145.23724365234375,169.89242553710938,225.81610107421875,216.71759033203125,0.7810996770858765
2342,617,19861,124.73760986328125,860.4383544921875,229.55398559570312,178.29052734375,0.6888338327407837
2343,618,16232,613.2587280273438,165.4033203125,192.64892578125,193.06976318359375,0.8151119351387024
2344,618,28763,129.4036865234375,164.08935546875,221.947265625,212.88787841796875,0.7649713754653931
2345,618,3483,563.8770751953125,824.9173583984375,275.2724609375,248.06396484375,0.7647351622581482
2346,618,19861,88.6724853515625,822.2857666015625,234.42236328125,182.718994140625,0.6232563853263855
2347,62,18147,83.27066040039062,543.1243896484375,305.1855163574219,435.116943359375,0.8176825046539307
2348,62,36637,521.0452880859375,639.242919921875,237.794677734375,273.6982421875,0.7041982412338257
2349,62,3351,318.7386474609375,145.71585083007812,200.36517333984375,211.13653564453125,0.6880778074264526
2350,620,5094,509.0841064453125,137.95057678222656,289.72900390625,289.39463806152344,0.7919678092002869
2351,620,23223,527.807373046875,627.77294921875,330.907958984375,534.764892578125,0.7753638625144958
2352,620,22362,75.38668823242188,75.56640625,269.5729064941406,398.87957763671875,0.7207148671150208
2353,620,2483,65.07730102539062,639.90283203125,231.93255615234375,492.72021484375,0.5706077814102173
2354,621,5094,127.22372436523438,840.4217529296875,293.8880615234375,290.970703125,0.8116195797920227
2355,621,23223,83.443115234375,48.114990234375,327.48291015625,532.0833740234375,0.8010948896408081
2356,621,2483,623.224609375,80.40576171875,245.06591796875,487.337646484375,0.6952494978904724
2357,621,22362,591.467529296875,780.1065673828125,282.849853515625,418.537109375,0.6530992388725281
2358,622,41768,124.62051391601562,285.5057373046875,265.29913330078125,313.88153076171875,0.6835094094276428
2359,622,3351,387.15521240234375,877.8046875,209.72900390625,216.2132568359375,0.6652975678443909
2360,622,22074,603.1123046875,282.92108154296875,199.087890625,201.21295166015625,0.6108819842338562
2361,623,22074,122.59402465820312,742.2044677734375,198.31112670898438,202.615966796875,0.7265385389328003
2362,623,41768,538.90234375,611.029541015625,286.9468994140625,338.3170166015625,0.7040562033653259
2363,623,3351,344.60687255859375,140.16900634765625,198.995849609375,210.3551025390625,0.6825299263000488
2364,624,22074,165.55279541015625,834.0126953125,198.1124267578125,194.873291015625,0.7222751379013062
2365,624,3351,386.47467041015625,200.34320068359375,199.13861083984375,204.08831787109375,0.680657684803009
2366,624,41768,579.53173828125,703.6707763671875,277.6282958984375,334.04931640625,0.6051650643348694
2367,625,3483,120.52824401855469,302.9892578125,279.14772033691406,210.96484375,0.8049415946006775
2368,625,27733,549.8673095703125,249.10874938964844,320.5284423828125,286.14051818847656,0.8000046014785767
2369,625,16262,145.48085021972656,793.2076416015625,265.97972106933594,259.74609375,0.7781107425689697
2370,625,30308,482.6834716796875,679.81982421875,441.9876708984375,428.537841796875,0.6977980136871338
2371,627,3483,569.7371826171875,752.7861328125,288.720947265625,215.855224609375,0.8112769722938538
2372,627,30308,59.61474609375,126.63214111328125,435.37091064453125,421.8199462890625,0.7733058333396912
2373,627,27733,82.7440185546875,713.801025390625,327.59759521484375,301.563232421875,0.7721009850502014
2374,627,16262,548.4583740234375,204.79367065429688,259.2080078125,253.12725830078125,0.7469313144683838
2375,628,22347,672.322509765625,846.7823486328125,222.3082275390625,216.7763671875,0.8663605451583862
2376,628,16232,137.3712158203125,885.2916259765625,205.9744873046875,202.0108642578125,0.8337015509605408
2377,628,3483,121.14572143554688,302.45721435546875,280.21295166015625,210.1297607421875,0.8006300926208496
2378,628,27733,548.088134765625,248.6787109375,323.0299072265625,286.234130859375,0.7889726161956787
2379,632,23223,481.04638671875,590.6937255859375,340.0518798828125,535.2528076171875,0.8232260346412659
2380,632,25438,537.4827880859375,163.0361328125,269.3389892578125,279.970703125,0.7578740119934082
2381,632,2483,52.38287353515625,665.15673828125,233.447021484375,479.004150390625,0.6085297465324402
2382,632,5886,108.89151000976562,85.99859619140625,253.80056762695312,477.2425537109375,0.5417966842651367
2383,633,23223,131.014892578125,129.56060791015625,324.144287109375,509.29766845703125,0.8414645195007324
2384,633,2483,627.2681884765625,103.03759765625,242.281982421875,463.78460693359375,0.7182380557060242
2385,633,25438,121.22357177734375,834.8612060546875,278.40325927734375,284.235107421875,0.6850684881210327
2386,633,5886,567.8480224609375,674.4716796875,286.8612060546875,518.8502197265625,0.6464915871620178
2387,635,33878,607.760498046875,786.5326538085938,181.5556640625,232.374267578125,0.9606385231018066
2388,635,16548,63.79692840576172,747.9317016601562,252.09540557861328,243.1495361328125,0.8242934942245483
2389,635,4543,606.7703857421875,147.5377197265625,212.4344482421875,209.3314208984375,0.7746096849441528
2390,635,3544,178.3308563232422,187.29872131347656,215.63380432128906,216.41099548339844,0.7662690877914429
2391,636,33878,188.60177612304688,253.65798950195312,174.22674560546875,223.48272705078125,0.9613690376281738
2392,636,16548,646.2303466796875,273.91217041015625,244.068359375,234.38653564453125,0.85029137134552
2393,636,4543,129.688232421875,899.161376953125,220.01486206054688,222.06787109375,0.8359852433204651
2394,636,3544,575.53369140625,851.55615234375,226.6927490234375,227.115234375,0.762232780456543
2395,637,2483,582.2694091796875,106.75628662109375,301.52587890625,455.93048095703125,0.7653775215148926
2396,637,3743,62.0450439453125,800.4461669921875,358.43145751953125,353.001220703125,0.7117722034454346
2397,637,5886,592.35986328125,696.1427001953125,271.371337890625,510.21435546875,0.599295973777771
2398,637,6192,35.76094055175781,171.82354736328125,510.88768005371094,394.63433837890625,0.5879613757133484
2399,638,3743,63.42095947265625,792.2821044921875,350.2343444824219,342.662353515625,0.7278305292129517
2400,638,2483,590.2275390625,63.55010986328125,297.137939453125,486.3416748046875,0.7078865170478821
2401,638,6192,31.85638427734375,133.5220184326172,515.9413452148438,401.91578674316406,0.5492298603057861
2402,638,5886,580.126708984375,691.0406494140625,272.4464111328125,505.45947265625,0.46450114250183105
2403,64,20014,580.8458862304688,254.23199462890625,356.105224609375,346.45196533203125,0.8124632239341736
2404,64,29667,151.2156982421875,271.76416015625,236.1959228515625,237.25262451171875,0.7939503788948059
2405,64,3351,389.172119140625,876.734130859375,207.958984375,214.63232421875,0.6646068692207336
2406,640,3832,472.53857421875,270.4664306640625,415.4000244140625,376.14727783203125,0.9176243543624878
2407,640,3351,397.20849609375,909.154541015625,208.973876953125,213.0966796875,0.6704932451248169
2408,640,20238,92.29171752929688,292.700439453125,236.12075805664062,233.29608154296875,0.6593766808509827
2409,641,3832,27.359710693359375,563.1121826171875,423.49639892578125,377.485107421875,0.8922735452651978
2410,641,20238,611.06494140625,699.560546875,244.5775146484375,245.050048828125,0.7884345054626465
2411,641,3351,334.78338623046875,114.56700897216797,201.68634033203125,206.64557647705078,0.6713876724243164
2412,644,3743,468.376708984375,104.0421142578125,341.7374267578125,335.18890380859375,0.748323380947113
2413,644,13395,56.018341064453125,85.386474609375,268.57220458984375,481.4349365234375,0.7009447813034058
2414,644,6192,471.9226989746094,600.851318359375,334.1789855957031,563.29052734375,0.6987758874893188
2415,644,2483,38.006874084472656,647.971435546875,241.19097137451172,488.33837890625,0.5926520824432373
2416,646,36637,122.20556640625,824.3870849609375,209.03085327148438,269.0072021484375,0.7933283448219299
2417,646,3483,166.78094482421875,271.42578125,277.377685546875,227.34375,0.7657614946365356
2418,646,34597,368.2221984863281,599.12841796875,497.1955261230469,501.543212890625,0.7471058368682861
2419,646,27777,630.8267822265625,288.98162841796875,185.564453125,204.9984130859375,0.7408701777458191
2420,647,34597,125.80462646484375,158.56883239746094,504.69183349609375,498.15174865722656,0.7723984122276306
2421,647,3483,553.79541015625,803.7884521484375,281.322265625,229.875732421875,0.7717252373695374
2422,647,27777,171.8115692138672,811.7592163085938,189.11585998535156,209.172119140625,0.7662312984466553
2423,647,36637,656.3184814453125,176.55181884765625,200.364990234375,262.5618896484375,0.7258955836296082
2424,648,36637,627.098876953125,174.16259765625,197.1083984375,255.42877197265625,0.767216145992279
2425,648,27777,138.43997192382812,772.978759765625,192.02633666992188,213.005126953125,0.7458809018135071
2426,648,34597,112.6353759765625,132.24058532714844,487.64111328125,492.03407287597656,0.7442553639411926
2427,648,3483,523.8411865234375,765.6417846679688,286.11328125,237.6661376953125,0.7409796118736267
2428,65,20014,0.0,622.7130126953125,352.0448913574219,366.25244140625,0.8859151005744934
2429,65,29667,544.1851806640625,720.163330078125,250.7921142578125,246.790283203125,0.8008632063865662
2430,65,3351,341.9017333984375,144.0205078125,202.5616455078125,209.763916015625,0.6857170462608337
2431,650,36637,549.4508056640625,810.7142333984375,288.847900390625,190.53857421875,0.7671277523040771
2432,650,3351,362.5421142578125,169.87783813476562,194.9117431640625,203.58056640625,0.6706946492195129
2433,650,32310,0.0,690.541748046875,315.99407958984375,337.2093505859375,0.6531428694725037
2434,652,24850,115.7557373046875,830.8341064453125,307.9195556640625,193.293701171875,0.7883821129798889
2435,652,16551,538.3428344726562,52.28350830078125,321.7869873046875,488.6715087890625,0.772815465927124
2436,652,1900,123.42132568359375,255.07781982421875,205.07479858398438,157.19757080078125,0.7597922682762146
2437,652,31705,573.42822265625,689.6728515625,286.935546875,465.1951904296875,0.7500578761100769
2438,653,24850,539.1080932617188,258.0875244140625,302.6572265625,182.8426513671875,0.8022565841674805
2439,653,31705,120.36968994140625,127.04045104980469,271.91827392578125,429.41334533691406,0.8021529316902161
2440,653,1900,641.8494873046875,851.4217529296875,216.9208984375,167.564697265625,0.7670802474021912
2441,653,16551,84.68638610839844,683.6680908203125,333.62330627441406,510.552734375,0.7471721768379211
2442,654,31705,601.8115234375,730.946533203125,285.1175537109375,455.49755859375,0.7742447853088379
2443,654,24850,149.53717041015625,865.4388427734375,303.3231201171875,191.762939453125,0.7735028862953186
2444,654,1900,137.76394653320312,262.7073974609375,214.22366333007812,160.748046875,0.768477201461792
2445,654,16551,565.1986083984375,61.08277893066406,330.40625,496.69578552246094,0.7585394382476807
2446,656,6563,176.94708251953125,703.318359375,249.07574462890625,375.565185546875,0.8108260035514832
2447,656,3544,146.72596740722656,181.6748809814453,217.69737243652344,215.28123474121094,0.7588196396827698
2448,656,33878,624.3929443359375,841.578369140625,228.3843994140625,154.858642578125,0.7437318563461304
2449,656,16551,526.1357421875,165.8448944091797,431.60888671875,426.78480529785156,0.6887111663818359
2450,658,29451,484.5592041015625,816.4595947265625,407.5306396484375,282.5992431640625,0.8234224319458008
2451,658,16551,610.2667846679688,14.655426025390625,313.8511962890625,488.50958251953125,0.7567127346992493
2452,658,1900,164.247314453125,244.2064208984375,188.099609375,187.94891357421875,0.7471513748168945
2453,658,18110,74.74432373046875,782.78369140625,309.262939453125,308.178466796875,0.5545161366462708
2454,659,29451,454.86468505859375,775.646728515625,412.1810302734375,293.7548828125,0.830305814743042
2455,659,1900,145.45101928710938,232.00831604003906,188.05853271484375,190.60801696777344,0.7567810416221619
2456,659,16551,582.4584350585938,3.992462158203125,310.085693359375,481.97772216796875,0.7427079081535339
2457,659,18110,40.849517822265625,740.78955078125,316.7188720703125,316.1964111328125,0.4941170811653137
2458,66,20014,25.19158935546875,711.5640869140625,364.51300048828125,355.4544677734375,0.8575654029846191
2459,66,29667,588.1995849609375,812.6265869140625,241.9654541015625,237.83203125,0.8121539950370789
2460,66,3351,384.716796875,203.7119140625,200.4195556640625,203.17254638671875,0.691742479801178
2461,660,29451,112.0028076171875,207.45640563964844,399.78167724609375,283.76222229003906,0.8399069309234619
2462,660,16551,53.21185302734375,737.72412109375,320.86712646484375,517.92724609375,0.7493554353713989
2463,660,1900,638.6585083007812,837.892822265625,195.4234619140625,200.49169921875,0.7455509305000305
2464,660,18110,601.1085815429688,218.46820068359375,311.5469970703125,303.00775146484375,0.6112433075904846
2465,661,31863,171.87136840820312,297.6143798828125,219.2164306640625,218.4669189453125,0.7833297848701477
2466,661,16232,684.3951416015625,289.43890380859375,198.200439453125,195.8858642578125,0.6881572604179382
2467,661,3351,368.33489990234375,866.3006591796875,208.02197265625,214.724609375,0.6548441052436829
2468,662,31863,543.099853515625,718.512939453125,228.942626953125,227.4945068359375,0.8576014637947083
2469,662,16232,37.643463134765625,741.3843994140625,205.27102661132812,198.681640625,0.7616597414016724
2470,662,3351,362.04705810546875,151.2719268798828,203.30950927734375,209.59153747558594,0.6900883316993713
2471,664,3483,131.35653686523438,282.823486328125,227.2677001953125,271.51019287109375,0.8040871620178223
2472,664,20877,537.1041259765625,285.05169677734375,340.6009521484375,251.97314453125,0.7944753170013428
2473,664,36637,157.49737548828125,795.9412841796875,209.08551025390625,268.11474609375,0.786200761795044
2474,664,28763,621.2071533203125,868.71484375,233.30615234375,225.185546875,0.784758985042572
2475,665,20877,83.7828369140625,721.1123046875,347.85791015625,252.16796875,0.8529329895973206
2476,665,36637,593.8601684570312,199.7283477783203,199.662353515625,256.44371032714844,0.7749563455581665
2477,665,3483,611.1168212890625,705.6966552734375,229.341796875,285.740234375,0.7584022879600525
2478,665,28763,129.4310302734375,179.31285095214844,219.50347900390625,209.37391662597656,0.750736653804779
2479,667,22627,11.09722900390625,111.86569213867188,499.5224609375,341.58251953125,0.7770721316337585
2480,667,2483,562.2669677734375,100.68017578125,308.3828125,480.22998046875,0.7507748007774353
2481,667,25438,111.09255981445312,808.737060546875,276.72283935546875,276.5482177734375,0.7411402463912964
2482,667,12081,631.2548828125,693.4493408203125,264.19091796875,466.4998779296875,0.49797913432121277
2483,668,25438,542.6619873046875,178.58737182617188,272.3466796875,277.11956787109375,0.7599726915359497
2484,668,12081,50.141197204589844,113.91583251953125,255.75281524658203,435.38250732421875,0.7136822938919067
2485,668,2483,55.699554443359375,634.4757080078125,311.3458251953125,470.0723876953125,0.7076848745346069
2486,668,22627,412.4166259765625,733.009033203125,511.842041015625,385.56640625,0.6293402314186096
2487,670,22347,677.459228515625,840.8232421875,221.46484375,217.567626953125,0.8088301420211792
2488,670,35206,127.129150390625,720.502685546875,265.5880126953125,423.86474609375,0.8083622455596924
2489,670,3483,120.89236450195312,268.0015869140625,283.2978515625,199.5194091796875,0.7640106678009033
2490,670,25469,560.1767578125,171.32066345214844,347.3046875,312.89344787597656,0.6672939658164978
2491,672,35206,595.1280517578125,111.10125732421875,256.36962890625,418.38043212890625,0.8306059241294861
2492,672,22347,102.05083465576172,217.40841674804688,216.50653839111328,209.363037109375,0.8265300393104553
2493,672,3483,594.8011474609375,836.5814208984375,291.494873046875,202.400390625,0.7293468117713928
2494,672,25469,82.32933044433594,814.0496826171875,354.00917053222656,327.04833984375,0.652079164981842
2495,674,16548,148.3642120361328,880.568359375,257.42478942871094,256.0316162109375,0.8593123555183411
2496,674,1900,627.49853515625,887.5665283203125,219.084716796875,146.4483642578125,0.7239021062850952
2497,674,27926,584.0103759765625,154.38067626953125,285.09716796875,461.43878173828125,0.712698757648468
2498,674,44199,133.0282440185547,279.44293212890625,293.29505920410156,174.8311767578125,0.706875205039978
2499,675,16548,556.979736328125,125.57223510742188,244.751953125,240.9271240234375,0.7996116876602173
2500,675,1900,135.546142578125,235.77191162109375,208.1756591796875,138.53875732421875,0.74769526720047
2501,675,44199,542.4278564453125,817.824462890625,304.161376953125,174.794189453125,0.7278914451599121
2502,675,27926,86.82574462890625,609.90869140625,294.7251281738281,494.057373046875,0.6975036859512329
2503,677,1900,137.50250244140625,236.06333923339844,207.91876220703125,138.42933654785156,0.7478510737419128
2504,677,27926,539.677978515625,621.1771240234375,301.384033203125,494.54052734375,0.7090132236480713
2505,677,16551,596.945556640625,5.28814697265625,325.419921875,477.19921875,0.7000003457069397
2506,677,18110,8.7037353515625,684.9846801757812,316.49127197265625,318.142578125,0.4128144681453705
2507,679,5094,96.6248779296875,801.268798828125,298.2911376953125,300.384521484375,0.737106204032898
2508,679,2483,587.742919921875,91.5435791015625,252.14501953125,468.3021240234375,0.721768856048584
2509,679,4378,569.2430419921875,699.9376220703125,267.0439453125,467.5250244140625,0.7174343466758728
2510,679,22627,133.02960205078125,158.6434326171875,343.14404296875,484.449462890625,0.7071725130081177
2511,68,16232,149.88592529296875,822.29833984375,200.47674560546875,198.290283203125,0.8487226366996765
2512,68,3483,165.97799682617188,272.4295654296875,277.2022705078125,225.390380859375,0.7586538195610046
2513,68,27777,630.5475463867188,288.61431884765625,183.681640625,204.96124267578125,0.7254593372344971
2514,68,30308,495.7272033691406,746.2115478515625,467.7118835449219,420.4266357421875,0.6903047561645508
2515,680,4378,125.15994262695312,111.10174560546875,240.24114990234375,436.379638671875,0.8637224435806274
2516,680,5094,538.023193359375,178.20745849609375,291.514404296875,293.069580078125,0.7704148292541504
2517,680,22627,452.3562927246094,580.98046875,371.2705383300781,510.301513671875,0.731602132320404
2518,680,2483,83.22370147705078,674.653564453125,244.91875457763672,486.885009765625,0.64544278383255
2519,681,4378,563.362060546875,698.67236328125,257.9296875,461.64013671875,0.7947477102279663
2520,681,22627,126.89434814453125,118.42042541503906,351.15789794921875,497.44969177246094,0.7356655597686768
2521,681,5094,96.41561889648438,792.390869140625,293.6922912597656,291.042236328125,0.7150807976722717
2522,681,2483,592.80859375,46.90678405761719,257.8800048828125,495.07704162597656,0.7094084024429321
2523,684,29345,562.4135131835938,706.2305908203125,332.5748291015625,446.65185546875,0.7923429608345032
2524,684,16551,511.11981201171875,68.68768310546875,391.4273681640625,468.06500244140625,0.7504552006721497
2525,684,1900,174.72662353515625,264.04205322265625,143.35546875,205.9979248046875,0.7398092150688171
2526,684,18110,78.09512329101562,759.398681640625,310.75128173828125,305.273193359375,0.6166179776191711
2527,685,6192,78.27853393554688,15.1072998046875,331.3028564453125,526.5428466796875,0.821746289730072
2528,685,2483,562.468017578125,102.00544738769531,307.3369140625,480.85545349121094,0.7390790581703186
2529,685,25438,106.62957763671875,809.6871337890625,276.4238586425781,273.576171875,0.7240562438964844
2530,685,12081,628.3733520507812,696.475341796875,263.7791748046875,466.3544921875,0.5114297270774841
2531,688,3483,570.3446044921875,752.5115966796875,287.8778076171875,215.580322265625,0.8110477924346924
2532,688,27733,82.61578369140625,713.229248046875,328.42694091796875,302.2919921875,0.7653062343597412
2533,688,20238,605.3411865234375,177.42733764648438,233.06689453125,229.71551513671875,0.7569303512573242
2534,688,34597,91.82768249511719,159.98529052734375,490.98487854003906,463.99334716796875,0.7309970855712891
2535,692,22347,651.7557373046875,829.3670654296875,220.830322265625,217.717041015625,0.8810263872146606
2536,692,35206,92.84100341796875,685.4503173828125,224.07843017578125,420.483642578125,0.798176646232605
2537,692,3483,130.01434326171875,278.0174560546875,284.63543701171875,191.7904052734375,0.7817037105560303
2538,692,27653,672.7002563476562,247.18386840820312,222.10791015625,213.2615966796875,0.6422125101089478
2539,694,19232,487.22735595703125,224.46359252929688,345.411376953125,285.65789794921875,0.8485907316207886
2540,694,3351,394.4339599609375,840.0205078125,206.9747314453125,212.5772705078125,0.6708464622497559
2541,694,35206,144.6748046875,264.15728759765625,280.0845947265625,414.29034423828125,0.656359076499939
2542,697,38162,137.13372802734375,251.816650390625,236.22869873046875,284.264892578125,0.909671425819397
2543,697,18357,585.37158203125,198.01959228515625,269.4482421875,352.33526611328125,0.7629034519195557
2544,697,3351,391.566162109375,842.9661865234375,213.53875732421875,216.171875,0.6268333792686462
2545,698,38162,561.8248291015625,668.4130859375,254.0404052734375,298.582275390625,0.9319427609443665
2546,698,18357,62.07861328125,624.178955078125,280.42681884765625,384.962890625,0.7583891749382019
2547,698,3351,339.140869140625,163.92953491210938,198.1009521484375,205.99285888671875,0.6553375124931335
2548,70,29451,42.607818603515625,215.80746459960938,415.590087890625,262.67828369140625,0.8040595054626465
2549,70,24850,635.5076904296875,254.2869873046875,203.8648681640625,276.95062255859375,0.798309326171875
2550,70,1900,628.438720703125,892.7840576171875,216.138671875,164.973388671875,0.7456240057945251
2551,70,16551,43.9940185546875,704.7012939453125,319.465576171875,509.187255859375,0.7436522841453552
2552,700,30308,57.36528015136719,114.13679504394531,422.41432189941406,432.81333923339844,0.8693072199821472
2553,700,16232,612.84423828125,166.2164306640625,192.70751953125,192.802734375,0.8163018226623535
2554,700,3483,563.7177734375,824.90771484375,275.7388916015625,248.622314453125,0.7705495953559875
2555,700,19861,91.46643829345703,823.59521484375,231.84832000732422,182.57080078125,0.6190636157989502
2556,701,30308,75.93182373046875,125.78485107421875,429.3387451171875,452.421630859375,0.8776148557662964
2557,701,16232,643.7979736328125,169.5594024658203,194.7308349609375,196.42991638183594,0.7896998524665833
2558,701,3483,591.4713134765625,859.8629150390625,272.2392578125,242.61279296875,0.7877845764160156
2559,701,19861,124.596435546875,860.642333984375,229.9136962890625,177.5445556640625,0.6837214827537537
2560,702,30308,489.8910217285156,672.8963623046875,438.7775573730469,463.6943359375,0.8324212431907654
2561,702,16232,141.527099609375,894.120849609375,205.70040893554688,199.71875,0.8276546597480774
2562,702,3483,140.9163818359375,212.3326416015625,264.6065673828125,234.1822509765625,0.8175824284553528
2563,702,19861,635.1649780273438,272.4149169921875,229.176513671875,178.3370361328125,0.6009787321090698
2564,705,22347,117.90001678466797,192.07632446289062,215.48120880126953,211.5084228515625,0.8200918436050415
2565,705,29667,632.3819580078125,198.7628173828125,234.2611083984375,228.67095947265625,0.7907239198684692
2566,705,3483,583.4381103515625,862.169921875,274.237060546875,248.1236572265625,0.7840411067008972
2567,705,19861,118.42889404296875,861.3389892578125,228.08392333984375,179.39892578125,0.6671606302261353
2568,706,5094,99.24664306640625,807.4716796875,299.42669677734375,298.803466796875,0.7515609264373779
2569,706,2483,587.1439208984375,83.58624267578125,277.9599609375,468.676513671875,0.7427820563316345
2570,706,5886,576.1234741210938,678.237548828125,280.961181640625,518.458251953125,0.6023777723312378
2571,706,12778,66.1925048828125,110.44293212890625,350.25885009765625,507.9588623046875,0.5729346871376038
2572,707,5094,535.8033447265625,174.68035888671875,291.579833984375,287.7574462890625,0.7975578904151917
2573,707,2483,53.69866943359375,684.02099609375,260.1563720703125,484.341064453125,0.6832236647605896
2574,707,5886,106.2325439453125,82.94761657714844,252.78805541992188,478.04322814941406,0.6091129779815674
2575,707,12778,519.8690185546875,619.693603515625,373.5966796875,519.42919921875,0.5290849208831787
2576,708,5094,99.56521606445312,798.6246337890625,292.7626647949219,290.07958984375,0.7848669290542603
2577,708,2483,599.4354248046875,36.9014892578125,270.096923828125,490.96600341796875,0.6968724727630615
2578,708,12778,58.467742919921875,69.4078369140625,355.9056701660156,516.6295166015625,0.6578632593154907
2579,708,5886,568.9737548828125,680.5753173828125,274.489990234375,501.959228515625,0.530627965927124
2580,710,3483,569.274658203125,752.8424072265625,289.5771484375,215.3291015625,0.8104650378227234
2581,710,28763,155.40103149414062,226.5923309326172,224.0,213.21180725097656,0.7805248498916626
2582,710,27733,82.28634643554688,714.209228515625,328.6397705078125,301.7686767578125,0.7750060558319092
2583,710,16262,552.82080078125,206.95187377929688,254.854736328125,247.62908935546875,0.7123903036117554
2584,712,5094,124.28524780273438,833.783203125,301.06817626953125,301.6123046875,0.7759310603141785
2585,712,13395,616.60302734375,670.0499267578125,275.18896484375,525.4100341796875,0.7590595483779907
2586,712,2483,602.2633056640625,105.36822509765625,254.5023193359375,463.795654296875,0.7016971111297607
2587,712,12778,104.55990600585938,126.0936279296875,303.11175537109375,520.67578125,0.5217448472976685
2588,713,5094,511.8343505859375,147.579833984375,289.3291015625,292.29327392578125,0.789097249507904
2589,713,13395,65.9071044921875,83.9468994140625,263.10272216796875,480.711669921875,0.6646517515182495
2590,713,12778,522.157470703125,591.0242919921875,325.897216796875,540.944091796875,0.5873671770095825
2591,713,2483,67.23452758789062,658.377685546875,236.32421875,484.0006103515625,0.5301063060760498
2592,714,5094,124.04681396484375,826.655517578125,295.93829345703125,291.2691650390625,0.7762498259544373
2593,714,2483,613.9315185546875,62.30517578125,249.048583984375,494.8597412109375,0.7009735703468323
2594,714,13395,606.8682861328125,670.7581787109375,273.3162841796875,511.3671875,0.6929287314414978
2595,714,12778,98.73916625976562,81.78387451171875,307.97802734375,537.61328125,0.49331915378570557
2596,716,19552,88.315185546875,140.9215545654297,341.2828369140625,494.08705139160156,0.9426247477531433
2597,716,3743,109.92578125,784.1285400390625,350.29315185546875,352.260498046875,0.7508172392845154
2598,716,2483,574.16162109375,108.08306884765625,259.1318359375,469.95074462890625,0.7278420925140381
2599,716,12081,587.9171142578125,713.4384765625,272.587890625,468.6187744140625,0.6487008929252625
2600,717,19552,509.60205078125,586.569580078125,351.6480712890625,528.2362060546875,0.9288177490234375
2601,717,3743,481.0225524902344,149.2792510986328,340.3017883300781,332.82066345214844,0.7260555028915405
2602,717,12081,93.74688720703125,109.54664611816406,260.7091979980469,433.27378845214844,0.7128931283950806
2603,717,2483,82.71173095703125,659.3206787109375,266.6875,478.23583984375,0.6589987277984619
2604,719,16548,541.2014770507812,172.2572784423828,249.635009765625,244.60508728027344,0.8282203078269958
2605,719,21771,87.43704223632812,802.832763671875,205.54330444335938,202.457275390625,0.825402021408081
2606,719,31705,583.1951904296875,687.2462158203125,285.3779296875,459.725830078125,0.7503427267074585
2607,719,1900,121.12802124023438,257.50079345703125,206.763916015625,154.901123046875,0.7432781457901001
2608,72,29451,539.4656982421875,825.8621826171875,426.46826171875,258.40576171875,0.7800583839416504
2609,72,24850,149.47219848632812,769.882568359375,205.75189208984375,290.620849609375,0.7750058770179749
2610,72,1900,156.4202880859375,220.83517456054688,209.29266357421875,158.22930908203125,0.7691224217414856
2611,72,16551,624.7696533203125,33.97845458984375,318.1943359375,502.88555908203125,0.7622963786125183
2612,720,16548,161.06396484375,832.2889404296875,257.1812744140625,255.51025390625,0.8787073493003845
2613,720,31705,116.37419128417969,129.166748046875,270.42616271972656,429.99530029296875,0.7835221886634827
2614,720,1900,643.01904296875,850.6560668945312,217.021240234375,167.0792236328125,0.7661759853363037
2615,720,21771,665.2178344726562,279.52203369140625,202.656494140625,192.61004638671875,0.7395356297492981
2616,721,3483,570.77587890625,752.5252685546875,288.447998046875,214.3857421875,0.8086807727813721
2617,721,35206,557.757568359375,107.99786376953125,270.463623046875,400.2808837890625,0.7832415699958801
2618,721,31885,57.89691162109375,149.6251220703125,469.69964599609375,486.76123046875,0.7787032723426819
2619,721,27733,83.02627563476562,711.6395263671875,329.389404296875,302.3057861328125,0.7729828953742981
2620,724,16548,102.84225463867188,729.9835205078125,247.08322143554688,246.818115234375,0.8397899270057678
2621,724,3544,130.3436279296875,173.85552978515625,212.03131103515625,205.81964111328125,0.7932329773902893
2622,724,10221,568.1876220703125,154.37664794921875,235.903076171875,235.478759765625,0.7889913320541382
2623,724,31705,552.4833984375,669.4580078125,284.431640625,463.8134765625,0.7109500169754028
2624,725,16548,610.3399658203125,296.02545166015625,246.030517578125,235.80718994140625,0.8448238968849182
2625,725,10221,146.77743530273438,863.9940185546875,243.7943115234375,246.2760009765625,0.8036147356033325
2626,725,31705,140.4752655029297,144.03375244140625,273.84095764160156,428.521484375,0.7843561172485352
2627,725,3544,626.8722534179688,879.9964599609375,228.704833984375,221.7529296875,0.7795648574829102
2628,726,16548,134.77053833007812,768.3251342773438,246.77166748046875,241.7301025390625,0.8638490438461304
2629,726,3544,144.5526580810547,176.46075439453125,216.27308654785156,213.86761474609375,0.7970280051231384
2630,726,31705,583.0052490234375,712.71630859375,279.048095703125,452.1356201171875,0.7870583534240723
2631,726,10221,596.8131103515625,160.44696044921875,239.803466796875,235.86712646484375,0.7718238830566406
2632,727,16232,594.1881103515625,207.1868438720703,198.7808837890625,194.83421325683594,0.8487517237663269
2633,727,25367,25.9395751953125,148.06793212890625,431.015869140625,465.6441650390625,0.8240736126899719
2634,727,3483,569.340087890625,803.9354248046875,292.0096435546875,204.0772705078125,0.7498515844345093
2635,727,25469,0.66162109375,799.405517578125,398.61810302734375,247.178466796875,0.7321299314498901
2636,728,16232,624.535888671875,213.43824768066406,200.950439453125,197.53343200683594,0.8373947143554688
2637,728,25367,38.91755676269531,167.96661376953125,446.83543395996094,475.5712890625,0.8153764605522156
2638,728,3483,594.8084716796875,835.18505859375,291.844970703125,202.91259765625,0.7360817193984985
2639,728,25469,41.11175537109375,844.23974609375,392.6343994140625,245.9796142578125,0.6571595072746277
2640,73,12247,582.4774169921875,839.53955078125,226.43212890625,147.573486328125,0.913654088973999
2641,73,6563,151.3771209716797,667.704345703125,251.09999084472656,375.923583984375,0.8665256500244141
2642,73,3544,70.6407470703125,192.975830078125,211.99627685546875,212.35516357421875,0.7722932696342468
2643,73,16551,506.536865234375,51.51112365722656,367.927978515625,463.47898864746094,0.7066095471382141
2644,731,16548,112.68498992919922,761.8310546875,251.13617706298828,245.641357421875,0.8650291562080383
2645,731,4543,605.518798828125,138.18365478515625,213.3104248046875,204.552001953125,0.7799440026283264
2646,731,3544,101.38519287109375,153.495849609375,212.20010375976562,208.780517578125,0.7723826766014099
2647,731,29871,594.4512329101562,761.4564208984375,221.0367431640625,241.106201171875,0.7494145631790161
2648,732,16548,598.19873046875,258.95587158203125,243.41748046875,235.8175048828125,0.8490170836448669
2649,732,4543,130.59695434570312,912.82080078125,219.89788818359375,219.9293212890625,0.8046560883522034
2650,732,3544,660.0740966796875,892.407958984375,228.5350341796875,222.506591796875,0.8036655783653259
2651,732,29871,162.87742614746094,271.952880859375,215.78846740722656,223.65460205078125,0.5425560474395752
2652,738,44199,591.1138916015625,759.554443359375,191.2244873046875,303.20458984375,0.8765904903411865
2653,738,31705,122.38584899902344,636.0108642578125,290.14308166503906,466.1065673828125,0.7497230172157288
2654,738,16551,565.65966796875,78.93194580078125,320.75732421875,481.10015869140625,0.736977219581604
2655,738,1900,86.65116119384766,252.3297882080078,205.56664276123047,140.07518005371094,0.6786966323852539
2656,740,16548,118.06017303466797,795.8603515625,253.33917999267578,251.30126953125,0.8705712556838989
2657,740,31705,122.855224609375,127.26409912109375,273.43951416015625,428.594970703125,0.8092310428619385
2658,740,19607,647.8583984375,266.54229736328125,168.03173828125,159.9600830078125,0.7645992636680603
2659,740,1900,635.1339111328125,822.789306640625,187.2255859375,211.946533203125,0.730938196182251
2660,742,4378,74.2974853515625,105.16754150390625,234.47174072265625,433.93902587890625,0.8666255474090576
2661,742,6192,543.383544921875,531.9619140625,317.926513671875,542.1029052734375,0.8291877508163452
2662,742,25438,553.5567626953125,171.77667236328125,273.05078125,276.0733642578125,0.7039000391960144
2663,742,2483,70.13284301757812,667.42041015625,249.54428100585938,476.3548583984375,0.6701750159263611
2664,743,6192,82.37594604492188,132.7484130859375,315.53814697265625,534.3643188476562,0.8619381785392761
2665,743,4378,628.91064453125,704.4427490234375,247.041015625,460.5,0.7977826595306396
2666,743,2483,593.3470458984375,53.24531555175781,261.75341796875,493.69554138183594,0.7089138627052307
2667,743,25438,100.3692626953125,819.2415771484375,275.80303955078125,274.390380859375,0.7042161226272583
2668,745,16262,655.6063232421875,261.3291015625,251.53662109375,248.2591552734375,0.7927988767623901
2669,745,32310,104.4341812133789,172.95281982421875,250.08055877685547,371.29547119140625,0.6516168713569641
2670,745,3351,340.11505126953125,878.9091796875,214.25994873046875,218.834716796875,0.6301112174987793
2671,747,16262,55.47503662109375,789.8428955078125,256.6336975097656,254.94091796875,0.7878127694129944
2672,747,3351,427.77203369140625,180.53526306152344,204.35302734375,207.39552307128906,0.7000175714492798
2673,747,32310,619.5953369140625,731.162353515625,263.63134765625,402.671875,0.6907675266265869
2674,75,12247,613.5003662109375,873.9139404296875,218.409423828125,139.2149658203125,0.8833286166191101
2675,75,6563,182.46701049804688,706.129150390625,252.1527099609375,378.8807373046875,0.8475392460823059
2676,75,3544,84.50241088867188,204.99549865722656,214.335693359375,210.39915466308594,0.7673162817955017
2677,75,16551,533.45068359375,64.35908508300781,381.671142578125,469.30491638183594,0.6744341850280762
2678,750,29345,566.4273681640625,120.06500244140625,301.9788818359375,430.389892578125,0.8469213843345642
2679,750,44199,171.537841796875,190.93841552734375,176.56622314453125,285.18817138671875,0.8450919985771179
2680,750,16548,143.09576416015625,783.927001953125,254.21527099609375,246.9334716796875,0.8443589210510254
2681,750,1900,676.2564697265625,798.8076171875,149.082275390625,217.6295166015625,0.7038479447364807
2682,752,16548,549.807861328125,127.53160858154297,244.960205078125,241.60163116455078,0.8744445443153381
2683,752,6563,151.2239227294922,667.9627685546875,251.04957580566406,375.2957763671875,0.8531664609909058
2684,752,27993,540.371337890625,765.5816650390625,322.76171875,261.6953125,0.8031315803527832
2685,752,3544,89.1947021484375,189.1854248046875,211.6702880859375,210.24420166015625,0.6245368719100952
2686,754,29667,615.96826171875,754.4241943359375,243.326416015625,237.236328125,0.761711597442627
2687,754,3832,82.62208557128906,636.9688720703125,387.37828063964844,412.484130859375,0.715537965297699
2688,754,3351,364.56329345703125,185.923583984375,204.0653076171875,204.56707763671875,0.6587398052215576
2689,756,3832,498.5818176269531,238.35008239746094,384.1208190917969,412.25672912597656,0.9264470338821411
2690,756,29667,122.70657348632812,312.59765625,234.87124633789062,237.89837646484375,0.7809365391731262
2691,756,3351,409.695068359375,878.75146484375,205.3433837890625,213.751220703125,0.6421156525611877
2692,758,3483,142.01461791992188,211.07720947265625,265.1077880859375,235.03472900390625,0.8061370253562927
2693,758,36637,92.8707275390625,896.554443359375,283.2107849121094,181.423583984375,0.7816154360771179
2694,758,31885,549.4598388671875,657.58056640625,362.4488525390625,570.590087890625,0.7292352914810181
2695,758,19861,637.2574462890625,272.546875,228.356689453125,177.885009765625,0.5879899859428406
2696,759,31885,73.97039794921875,18.43621826171875,348.55877685546875,547.2598876953125,0.7764220237731934
2697,759,3483,559.9290771484375,825.1439208984375,276.8740234375,250.012939453125,0.7603909373283386
2698,759,36637,584.3046875,182.9154510498047,269.5792236328125,177.43836975097656,0.7540605068206787
2699,759,19861,89.39014434814453,823.4375610351562,232.03905487060547,183.01708984375,0.6157620549201965
2700,760,16548,572.892822265625,192.996337890625,248.5518798828125,244.75750732421875,0.890695333480835
2701,760,29345,84.3338623046875,699.890625,309.2186279296875,460.67822265625,0.8661091923713684
2702,760,33208,650.1722412109375,797.0081787109375,221.5008544921875,214.8983154296875,0.8456256985664368
2703,760,1900,154.18563842773438,254.11703491210938,139.63543701171875,205.7235107421875,0.6705318093299866
2704,761,16548,602.1787109375,206.85365295410156,249.66259765625,238.95005798339844,0.881321370601654
2705,761,29345,117.3575439453125,740.647705078125,308.2906494140625,457.1329345703125,0.869911253452301
2706,761,33208,677.8271484375,829.3431396484375,218.788818359375,211.76123046875,0.8620726466178894
2707,761,1900,171.5728759765625,265.7091064453125,143.31634521484375,205.6810302734375,0.7270191311836243
2708,763,27733,549.6868896484375,249.82281494140625,320.626708984375,284.73809814453125,0.804962158203125
2709,763,20238,108.19017791748047,849.91455078125,240.62854766845703,236.1260986328125,0.8024330735206604
2710,763,3483,120.7847900390625,303.0770263671875,279.25714111328125,210.38934326171875,0.8021693825721741
2711,763,31885,489.1026611328125,624.292236328125,479.3812255859375,522.62353515625,0.7424454092979431
2712,764,20238,636.79052734375,181.97103881835938,234.347412109375,229.6978759765625,0.8045340180397034
2713,764,3483,598.0908203125,786.203369140625,283.913330078125,213.021240234375,0.7965642809867859
2714,764,27733,118.85919189453125,757.87353515625,320.2232666015625,298.738037109375,0.7650130391120911
2715,764,31885,42.76580810546875,114.51513671875,473.09051513671875,496.6990966796875,0.7606808543205261
2716,766,34597,555.0960693359375,722.3218994140625,420.9039306640625,511.5765380859375,0.8058274388313293
2717,766,3483,132.50515747070312,282.534423828125,226.73138427734375,270.749267578125,0.8028230667114258
2718,766,20877,536.4463500976562,283.76556396484375,341.914306640625,251.87139892578125,0.7989093661308289
2719,766,36637,157.74407958984375,794.6722412109375,208.85015869140625,268.46923828125,0.7905735969543457
2720,768,20877,82.96978759765625,721.2095947265625,346.996337890625,251.98291015625,0.8515027165412903
2721,768,34597,0.0,11.649169921875,424.2528381347656,484.02593994140625,0.8310299515724182
2722,768,36637,594.018310546875,201.08447265625,199.48583984375,256.16778564453125,0.7673031687736511
2723,768,3483,609.8482666015625,707.6181640625,228.7027587890625,285.0029296875,0.7609431147575378
2724,772,33208,632.538330078125,871.07568359375,222.1387939453125,214.3267822265625,0.8779945969581604
2725,772,31705,153.41786193847656,679.9337158203125,290.72471618652344,459.8543701171875,0.8011693358421326
2726,772,16551,527.3282470703125,68.23847961425781,327.4415283203125,505.20542907714844,0.7543656826019287
2727,772,1900,101.96795654296875,265.3499450683594,212.63742065429688,135.04669189453125,0.6942184567451477
2728,773,33208,602.9195556640625,837.770263671875,227.78076171875,221.3466796875,0.8639510869979858
2729,773,16551,504.2681884765625,61.21290588378906,321.938720703125,488.17893981933594,0.752892792224884
2730,773,31705,122.50648498535156,635.92236328125,290.31272888183594,466.5648193359375,0.7433647513389587
2731,773,1900,86.18557739257812,252.09495544433594,206.16531372070312,140.47938537597656,0.6498966217041016
2732,778,16232,624.0673828125,213.30108642578125,201.640380859375,197.870849609375,0.8386995792388916
2733,778,30308,73.34454345703125,150.76055908203125,431.7281494140625,438.195556640625,0.756019651889801
2734,778,3483,595.112060546875,835.8155517578125,291.40087890625,201.89697265625,0.7353785634040833
2735,778,25469,41.083740234375,844.441162109375,393.0010986328125,245.6279296875,0.6582058072090149
2736,779,16232,162.3637237548828,850.0064697265625,200.19981384277344,199.6522216796875,0.8695530891418457
2737,779,3483,120.69256591796875,268.2113037109375,283.53643798828125,200.1446533203125,0.7663165330886841
2738,779,30308,488.21148681640625,663.7244873046875,441.8482666015625,442.5218505859375,0.6615523099899292
2739,779,25469,559.060546875,216.525390625,391.330810546875,247.7513427734375,0.6281336545944214
2740,780,16232,594.0745849609375,207.30392456054688,199.108154296875,194.46142578125,0.845907986164093
2741,780,3483,569.0440673828125,803.462158203125,292.404541015625,204.62841796875,0.7457692623138428
2742,780,25469,0.902496337890625,800.507568359375,398.98809814453125,246.1041259765625,0.7335957288742065
2743,780,30308,56.06941223144531,136.9841766357422,418.53099060058594,415.87355041503906,0.722515344619751
2744,782,20014,0.0,616.9869384765625,366.9751281738281,359.895263671875,0.8576520681381226
2745,782,3351,331.5877685546875,174.21743774414062,202.9622802734375,211.20166015625,0.6944425106048584
2746,782,22074,575.6375732421875,721.7935791015625,204.537109375,208.758056640625,0.5707136392593384
2747,785,25367,516.3743896484375,682.205322265625,428.1328125,513.494140625,0.8159132599830627
2748,785,35206,92.422607421875,685.19580078125,224.7811279296875,420.656494140625,0.8012115359306335
2749,785,3483,129.863037109375,278.15704345703125,284.7586669921875,191.8963623046875,0.7831864953041077
2750,785,27653,672.2713623046875,247.67648315429688,222.107421875,212.71209716796875,0.6420783996582031
2751,787,34597,520.5733642578125,649.0357666015625,382.7381591796875,529.926513671875,0.8289194703102112
2752,787,3483,140.8697509765625,212.1533203125,264.55853271484375,234.17364501953125,0.8201130032539368
2753,787,20238,105.403564453125,849.3818359375,242.6773681640625,240.2236328125,0.7757990956306458
2754,787,19861,635.156982421875,272.37689208984375,229.208251953125,178.44482421875,0.5916886329650879
2755,788,34597,84.7960205078125,52.4708251953125,363.323974609375,501.9200439453125,0.8076768517494202
2756,788,3483,563.712890625,824.7197265625,275.628173828125,248.661376953125,0.7691709995269775
2757,788,20238,608.81689453125,176.47027587890625,231.1064453125,229.12994384765625,0.756173312664032
2758,788,19861,91.47893524169922,823.970703125,231.75385284423828,182.622314453125,0.6065457463264465
2759,79,19232,486.9259338378906,223.225341796875,344.8366394042969,289.0323486328125,0.8314107060432434
2760,79,16262,124.66444396972656,288.0050048828125,255.95054626464844,253.8819580078125,0.7904265522956848
2761,79,3351,380.3533935546875,836.7044677734375,203.21649169921875,209.8455810546875,0.6536720395088196
2762,797,27993,487.5175476074219,831.945556640625,348.1626281738281,205.04541015625,0.8537853956222534
2763,797,16551,27.908111572265625,517.732666015625,334.1973876953125,487.823974609375,0.779876172542572
2764,797,3544,142.45567321777344,184.63743591308594,212.02015686035156,208.71241760253906,0.7753165364265442
2765,797,4543,595.657470703125,180.46929931640625,213.43603515625,209.64794921875,0.7615930438041687
2766,798,4543,623.28955078125,182.49252319335938,220.46484375,215.1920166015625,0.7823238968849182
2767,798,16551,57.362060546875,563.919189453125,335.837890625,494.6885986328125,0.7722281813621521
2768,798,3544,160.2376708984375,190.00555419921875,218.38446044921875,216.58624267578125,0.7637729644775391
2769,798,27993,519.8181762695312,874.2691650390625,339.023681640625,191.908935546875,0.7412806153297424
2770,799,3483,591.97314453125,859.81884765625,270.536865234375,242.95263671875,0.7898752689361572
2771,799,28763,165.0559539794922,172.43069458007812,227.99525451660156,216.73651123046875,0.7885787487030029
2772,799,20238,639.196533203125,178.86700439453125,234.071533203125,232.1126708984375,0.7829729914665222
2773,799,19861,124.88775634765625,860.4876708984375,229.525146484375,178.243408203125,0.6885377168655396
2774,8,20238,616.44677734375,168.68946838378906,236.5782470703125,230.90281677246094,0.790956974029541
2775,8,22347,127.58242797851562,211.57131958007812,218.62149047851562,209.4342041015625,0.7757793664932251
2776,8,3483,582.9093017578125,833.71923828125,293.777099609375,186.157958984375,0.7738980650901794
2777,8,27653,94.2418441772461,847.658203125,227.48877716064453,217.27783203125,0.6243554949760437
2778,80,19232,86.21832275390625,689.0606689453125,356.53594970703125,288.4443359375,0.7929947972297668
2779,80,16262,556.76318359375,683.3829345703125,267.014404296875,265.56787109375,0.722648561000824
2780,80,3351,350.66845703125,182.9982452392578,202.2969970703125,210.78221130371094,0.6699344515800476
2781,807,3483,150.43896484375,207.5889129638672,263.71539306640625,235.99940490722656,0.8031314015388489
2782,807,25367,584.302734375,701.4456787109375,355.339599609375,533.9273681640625,0.8024901151657104
2783,807,29667,116.75653076171875,831.353759765625,238.37136840820312,241.0234375,0.7363837361335754
2784,807,19861,643.4911499023438,274.51300048828125,226.925537109375,176.6881103515625,0.5911595821380615
2785,808,6563,179.63040161132812,701.2105712890625,247.98602294921875,376.6181640625,0.820115327835083
2786,808,3544,104.75244140625,202.2211456298828,215.13067626953125,209.21311950683594,0.8086531758308411
2787,808,16551,597.7196044921875,28.6993408203125,359.6749267578125,488.91229248046875,0.7713505029678345
2788,808,29871,625.087158203125,818.1502685546875,184.5296630859375,256.3094482421875,0.6369855999946594
2789,810,6563,148.85357666015625,661.0267333984375,248.11376953125,376.71875,0.8690528869628906
2790,810,16551,572.29443359375,21.53509521484375,349.062255859375,478.33026123046875,0.7752520442008972
2791,810,3544,91.23480224609375,192.45375061035156,207.53765869140625,207.78538513183594,0.7397730946540833
2792,810,29871,593.056640625,782.026123046875,197.08154296875,261.613037109375,0.6172835230827332
2793,815,20238,95.05643463134766,703.8699951171875,239.79174041748047,243.246337890625,0.7336170077323914
2794,815,3351,354.33795166015625,158.18511962890625,198.40692138671875,206.58404541015625,0.6490904688835144
2795,815,32310,501.5701904296875,596.7772827148438,305.481201171875,383.694580078125,0.5956448316574097
2796,817,16232,644.1046142578125,223.9518585205078,199.3876953125,192.28135681152344,0.8205521702766418
2797,817,3483,582.0223388671875,833.4111328125,292.4404296875,186.755615234375,0.7736096382141113
2798,817,30308,83.22869873046875,142.43727111816406,408.31005859375,445.65159606933594,0.765438437461853
2799,817,27653,93.62250518798828,847.316650390625,226.76116180419922,217.1373291015625,0.617843508720398
2800,818,16232,139.03790283203125,841.528076171875,205.0418701171875,200.195556640625,0.8434604406356812
2801,818,3483,129.94970703125,278.2921142578125,285.48394775390625,191.5794677734375,0.7742727994918823
2802,818,30308,504.06781005859375,662.404296875,415.0728759765625,448.1590576171875,0.7256626486778259
2803,818,27653,673.0062255859375,248.10025024414062,221.5845947265625,212.43597412109375,0.6493039727210999
2804,819,16232,614.3485717773438,213.8563690185547,198.443359375,195.07167053222656,0.8148958683013916
2805,819,3483,549.554443359375,796.2205200195312,301.753173828125,194.926025390625,0.7684945464134216
2806,819,30308,68.95552062988281,122.15057373046875,399.10032653808594,439.3831787109375,0.7593401074409485
2807,819,27653,58.98717498779297,804.5665283203125,231.73999786376953,220.605224609375,0.605117678642273
2808,82,19552,106.01246643066406,149.13507080078125,347.72520446777344,507.37249755859375,0.9392304420471191
2809,82,3743,114.37896728515625,823.44140625,350.80133056640625,358.33154296875,0.7416151762008667
2810,82,2483,599.4215087890625,104.27848815917969,243.0986328125,461.69374084472656,0.7319801449775696
2811,82,22362,594.5401611328125,729.8304443359375,292.76904296875,432.3687744140625,0.5621652007102966
2812,820,19552,467.3080139160156,625.3333740234375,371.6650085449219,526.2235107421875,0.9113203287124634
2813,820,4378,122.48779296875,109.93670654296875,242.533935546875,437.03924560546875,0.8653569221496582
2814,820,3743,465.93316650390625,132.0919189453125,343.1729736328125,335.4324951171875,0.7569667100906372
2815,820,2483,84.81497955322266,694.366455078125,234.91692352294922,479.6533203125,0.5809854865074158
2816,822,19552,116.597900390625,109.20335388183594,355.8114013671875,494.44459533691406,0.9520489573478699
2817,822,3743,119.97505187988281,798.9482421875,356.91868591308594,355.812255859375,0.7482262253761292
2818,822,4378,568.1085205078125,699.873779296875,271.59326171875,468.01171875,0.7052878737449646
2819,822,2483,588.621337890625,74.34686279296875,246.45166015625,466.2113037109375,0.6748074889183044
2820,826,38162,175.58053588867188,195.48712158203125,264.46685791015625,283.237548828125,0.8450784087181091
2821,826,18147,521.211181640625,310.765869140625,326.89501953125,409.982177734375,0.6959478259086609
2822,826,3351,398.446044921875,849.8072509765625,209.793701171875,213.6787109375,0.6624084115028381
2823,828,38162,545.516357421875,852.76318359375,259.685791015625,272.326904296875,0.890001654624939
2824,828,18147,118.0653076171875,560.5160522460938,329.05364990234375,431.9423828125,0.7640526294708252
2825,828,3351,372.42926025390625,226.4477081298828,205.05181884765625,204.97398376464844,0.677539050579071
2826,829,36637,630.0433349609375,174.1607666015625,194.871826171875,252.13232421875,0.7652435302734375
2827,829,28763,96.00357055664062,162.276611328125,219.2763671875,210.60211181640625,0.7507887482643127
2828,829,27777,138.38034057617188,773.5091552734375,192.25582885742188,212.47021484375,0.7501893639564514
2829,829,3483,523.37255859375,765.670166015625,286.998291015625,237.822509765625,0.7373003959655762
2830,83,19552,483.3891296386719,581.5062255859375,359.7632141113281,525.1302490234375,0.9177976250648499
2831,83,3743,475.7996826171875,109.85321044921875,339.9632568359375,336.8387451171875,0.7444002032279968
2832,83,22362,78.86041259765625,113.94728088378906,271.8699951171875,401.17088317871094,0.7022807002067566
2833,83,2483,80.91693115234375,659.5452880859375,235.35272216796875,489.097412109375,0.6361979246139526
2834,830,36637,122.57659912109375,825.8382568359375,205.81988525390625,266.8408203125,0.7980318665504456
2835,830,28763,658.8546142578125,887.534912109375,232.3289794921875,222.819580078125,0.7679880261421204
2836,830,3483,167.06689453125,271.5059509277344,277.3294677734375,225.24560546875,0.7534928917884827
2837,830,27777,630.9744873046875,288.47894287109375,184.8958740234375,204.2420654296875,0.7268773317337036
2838,831,28763,107.73983764648438,167.86305236816406,224.79464721679688,214.93797302246094,0.7883833050727844
2839,831,3483,553.843017578125,805.789794921875,281.0751953125,227.8544921875,0.77347332239151
2840,831,36637,659.6199951171875,177.12359619140625,196.1505126953125,258.1201171875,0.7649516463279724
2841,831,27777,171.78721618652344,812.7852783203125,189.46900939941406,208.8466796875,0.7628995180130005
2842,832,16548,599.9845581054688,154.3055419921875,248.1431884765625,241.06146240234375,0.8586411476135254
2843,832,1900,620.8600463867188,887.7373046875,209.252197265625,145.6649169921875,0.7641019821166992
2844,832,21026,135.3494873046875,863.5994873046875,186.26104736328125,185.92578125,0.7625589370727539
2845,832,18110,57.65618896484375,113.9752197265625,310.22528076171875,310.51544189453125,0.5661190152168274
2846,838,16548,584.63818359375,153.7686767578125,244.1063232421875,241.25347900390625,0.864354133605957
2847,838,33208,579.277099609375,791.6719970703125,227.556884765625,220.0562744140625,0.832129180431366
2848,838,1900,137.50341796875,235.92234802246094,207.54098510742188,139.02589416503906,0.7472308874130249
2849,838,27926,85.20382690429688,610.6728515625,292.94439697265625,493.780517578125,0.688086211681366
2850,842,3483,120.8541259765625,303.1883544921875,278.56207275390625,210.62738037109375,0.8059693574905396
2851,842,27733,550.1051635742188,249.036376953125,320.487060546875,286.89190673828125,0.8000653386116028
2852,842,16262,145.0886993408203,792.2755126953125,266.99815368652344,261.146240234375,0.7786729335784912
2853,842,34597,452.9723815917969,649.7337646484375,497.7969055175781,481.3035888671875,0.7473695278167725
2854,85,16548,561.9688720703125,243.37843322753906,245.7412109375,241.14060974121094,0.8653878569602966
2855,85,21771,144.24859619140625,842.390625,206.45977783203125,202.0732421875,0.7861988544464111
2856,85,29345,563.6021728515625,669.1641845703125,312.1578369140625,458.7991943359375,0.7836107611656189
2857,85,1900,159.244873046875,253.87872314453125,137.10690307617188,204.462158203125,0.6850916743278503
2858,851,22627,101.03131103515625,161.70274353027344,322.5006103515625,485.88478088378906,0.7759762406349182
2859,851,3743,114.0040283203125,823.364990234375,350.96185302734375,358.75341796875,0.7424501776695251
2860,851,2483,600.078369140625,104.3157958984375,243.3726806640625,462.0020751953125,0.730652391910553
2861,851,22362,592.6029052734375,733.0831298828125,295.8349609375,427.1539306640625,0.5752997994422913
2862,855,3743,120.13357543945312,797.8770751953125,356.282470703125,356.832763671875,0.7449257373809814
2863,855,4378,569.195556640625,698.69775390625,269.342529296875,469.6729736328125,0.7077437043190002
2864,855,2483,588.1720581054688,74.29713439941406,246.3480224609375,467.62718200683594,0.6662746071815491
2865,855,12778,84.98486328125,143.1773681640625,317.6795654296875,517.6866455078125,0.5503435134887695
2866,857,31863,557.94384765625,735.135986328125,233.820556640625,231.76611328125,0.8790156245231628
2867,857,16262,88.8348388671875,672.0445556640625,258.2776794433594,259.629638671875,0.7432295083999634
2868,857,3351,329.95306396484375,121.78136444091797,201.7490234375,208.79236602783203,0.674529492855072
2869,858,31863,603.4072265625,827.5977783203125,222.6044921875,219.4912109375,0.8430839776992798
2870,858,16262,129.9254150390625,761.12841796875,258.16497802734375,254.7691650390625,0.7739279270172119
2871,858,3351,369.28216552734375,177.87332153320312,206.1732177734375,207.71038818359375,0.700767993927002
2872,86,16548,147.240234375,760.2371215820312,256.216064453125,251.4326171875,0.8524430394172668
2873,86,29345,114.12017822265625,144.944091796875,288.650146484375,431.0638427734375,0.8262442350387573
2874,86,1900,674.0191650390625,802.6553955078125,148.46044921875,215.12841796875,0.7317819595336914
2875,86,21771,606.722412109375,245.99935913085938,203.570556640625,192.22821044921875,0.6912037134170532
2876,861,19552,58.88665771484375,93.34295654296875,364.66558837890625,484.18316650390625,0.9492709636688232
2877,861,2483,554.352294921875,140.7344970703125,312.03515625,450.9437255859375,0.772416889667511
2878,861,25438,115.05641174316406,821.472900390625,276.92454528808594,281.3428955078125,0.720531702041626
2879,861,12081,635.0848999023438,700.252197265625,277.1661376953125,469.425537109375,0.5535627603530884
2880,862,34597,67.37358093261719,109.50450134277344,478.69386291503906,474.40809631347656,0.7604113221168518
2881,862,3483,593.57275390625,836.53662109375,292.037841796875,202.5345458984375,0.7370335459709167
2882,862,36637,665.4454345703125,172.49351501464844,188.8837890625,261.04762268066406,0.7187904715538025
2883,862,25469,81.38137817382812,819.002685546875,352.1046142578125,320.3824462890625,0.6407954096794128
2884,864,36637,634.72119140625,168.6044158935547,187.732421875,256.27601623535156,0.7732219099998474
2885,864,3483,568.6497802734375,805.4217529296875,292.4501953125,203.222900390625,0.7626009583473206
2886,864,34597,53.6932373046875,85.64453125,468.61053466796875,474.28741455078125,0.7323931455612183
2887,864,25469,44.674774169921875,772.342529296875,362.10223388671875,328.222900390625,0.6598873138427734
2888,866,3351,299.65216064453125,162.84475708007812,201.50079345703125,211.736328125,0.6836596131324768
2889,866,3832,456.30877685546875,532.1790771484375,427.9835205078125,415.0,0.6592131853103638
2890,866,16688,20.56683349609375,499.3338623046875,463.4395751953125,619.331298828125,0.6052518486976624
2891,867,3351,337.47686767578125,221.26431274414062,205.7198486328125,208.33551025390625,0.6810530424118042
2892,867,16688,52.03684997558594,595.1759033203125,494.25086975097656,637.668701171875,0.5268389582633972
2893,867,3832,499.3624267578125,641.465576171875,418.28955078125,395.512451171875,0.43939679861068726
2894,867,35206,500.008544921875,639.9168701171875,417.3199462890625,394.8551025390625,0.31906917691230774
2895,868,16232,644.0592041015625,223.97845458984375,199.9140625,192.3011474609375,0.8149923086166382
2896,868,3483,582.1556396484375,834.5286254882812,292.455078125,185.3740234375,0.7738434076309204
2897,868,31885,20.3292236328125,43.921142578125,419.73382568359375,528.9725341796875,0.7496432065963745
2898,868,27653,93.635498046875,847.3800048828125,226.0936279296875,216.9437255859375,0.6165228486061096
2899,869,16232,613.8494262695312,212.89202880859375,199.150634765625,196.08245849609375,0.805902898311615
2900,869,3483,549.440673828125,796.4598388671875,301.963623046875,195.938720703125,0.7657334804534912
2901,869,31885,9.012969970703125,30.005615234375,411.784423828125,514.50732421875,0.7596930265426636
2902,869,27653,59.07166290283203,804.6962890625,231.33165740966797,220.6082763671875,0.6083046197891235
2903,870,16232,139.01791381835938,841.27587890625,204.8056640625,200.1795654296875,0.8352314829826355
2904,870,3483,129.62640380859375,277.9324951171875,286.39996337890625,192.3060302734375,0.7700815796852112
2905,870,31885,557.2637939453125,661.195556640625,418.7362060546875,552.0155029296875,0.7428572177886963
2906,870,27653,672.8994140625,248.03286743164062,222.260009765625,211.97467041015625,0.6410509347915649
2907,873,18147,606.103759765625,658.908935546875,304.250244140625,446.60400390625,0.7641915082931519
2908,873,3351,334.75616455078125,213.50079345703125,205.593017578125,206.7913818359375,0.6931507587432861
2909,873,16688,51.09794616699219,595.831787109375,492.35194396972656,636.8720703125,0.4990720748901367
2910,874,20877,83.57463073730469,720.014404296875,347.39125061035156,253.7799072265625,0.8400906324386597
2911,874,16232,618.3702392578125,212.59500122070312,203.19580078125,197.524658203125,0.8187233209609985
2912,874,31885,126.603271484375,131.940185546875,485.38970947265625,518.978271484375,0.8037483096122742
2913,874,3483,609.662841796875,705.9339599609375,231.40380859375,286.96630859375,0.7534613609313965
2914,875,20877,114.51048278808594,761.733154296875,344.44093322753906,252.892822265625,0.820901095867157
2915,875,16232,648.9638061523438,224.1888427734375,203.8897705078125,192.7281494140625,0.8105946183204651
2916,875,31885,141.8585205078125,152.02972412109375,491.269775390625,531.1248168945312,0.7678858637809753
2917,875,3483,640.2828369140625,741.6273803710938,226.222900390625,276.89794921875,0.7641411423683167
2918,878,34597,62.087127685546875,122.6177978515625,362.7943115234375,502.40325927734375,0.8398029804229736
2919,878,3483,582.9515991210938,832.6112060546875,293.79296875,186.6337890625,0.7786744832992554
2920,878,36637,635.0223388671875,206.10943603515625,203.5869140625,257.22247314453125,0.7493218183517456
2921,878,27653,94.49325561523438,847.5321044921875,226.99679565429688,216.958984375,0.6315410137176514
2922,879,34597,46.68939208984375,87.29920959472656,348.45428466796875,503.39317321777344,0.8155829906463623
2923,879,36637,604.958740234375,198.33978271484375,202.29736328125,254.84014892578125,0.7782065272331238
2924,879,3483,550.7584228515625,795.9271240234375,302.1005859375,195.284912109375,0.7702935934066772
2925,879,27653,60.072181701660156,804.917236328125,231.33654022216797,221.7720947265625,0.6049733757972717
2926,88,31705,598.8294677734375,731.52978515625,285.133544921875,455.999267578125,0.7670822739601135
2927,88,16551,590.71240234375,37.64826965332031,314.67041015625,502.23789978027344,0.7543455362319946
2928,88,1900,129.25570678710938,223.5806121826172,212.42413330078125,152.15492248535156,0.7438600659370422
2929,88,18110,78.9521484375,792.9208984375,310.31231689453125,307.1221923828125,0.6783706545829773
2930,880,23223,488.645751953125,591.706787109375,343.4422607421875,530.55517578125,0.8042007088661194
2931,880,5094,497.0306396484375,146.03562927246094,290.423828125,292.73011779785156,0.7957959175109863
2932,880,13395,53.069854736328125,82.68829345703125,259.7246398925781,494.624267578125,0.6354842185974121
2933,880,2483,61.38885498046875,665.0618896484375,239.4376220703125,487.772705078125,0.3857603073120117
2934,882,23223,116.40716552734375,81.88446044921875,336.89117431640625,534.3145751953125,0.8454517722129822
2935,882,5094,141.09817504882812,828.2569580078125,294.2274169921875,293.255126953125,0.7836688756942749
2936,882,13395,621.80322265625,663.52197265625,271.8670654296875,510.5281982421875,0.6958650946617126
2937,882,2483,614.7393188476562,56.0284423828125,252.015869140625,494.48345947265625,0.6793785691261292
2938,883,16232,624.8631591796875,213.1018829345703,201.05712890625,197.66355895996094,0.8426762819290161
2939,883,28763,137.54132080078125,222.99717712402344,225.53271484375,217.92079162597656,0.7854611277580261
2940,883,3483,594.6156005859375,835.47119140625,292.0106201171875,202.9954833984375,0.7359480857849121
2941,883,25469,40.93017578125,844.927490234375,392.7545166015625,245.374755859375,0.6582956910133362
2942,886,31863,159.2676544189453,279.48187255859375,218.58714294433594,216.14141845703125,0.819614589214325
2943,886,3351,399.027099609375,879.6092529296875,210.6605224609375,215.527587890625,0.6508489847183228
2944,886,35206,526.489013671875,251.03253173828125,291.072509765625,407.510498046875,0.5900047421455383
2945,888,31863,600.791015625,828.113037109375,222.1536865234375,218.89990234375,0.7862827777862549
2946,888,3351,370.41619873046875,194.48248291015625,205.75634765625,206.7132568359375,0.6717950701713562
2947,888,35206,151.731201171875,632.60791015625,287.37493896484375,422.8291015625,0.6481477618217468
2948,889,16232,133.6373291015625,841.965087890625,202.34100341796875,199.8463134765625,0.8676303625106812
2949,889,3483,132.09515380859375,282.97686767578125,226.32183837890625,270.91094970703125,0.8032488226890564
2950,889,28763,704.051025390625,883.9122314453125,230.30078125,222.38671875,0.799655556678772
2951,889,20877,537.1279296875,284.8380126953125,340.4266357421875,251.8896484375,0.7932986617088318
2952,89,1900,112.73410034179688,218.99815368652344,207.78744506835938,150.88893127441406,0.7644873261451721
2953,89,16551,560.1058349609375,31.5277099609375,312.2618408203125,490.47174072265625,0.7572623491287231
2954,89,31705,568.072998046875,689.9656982421875,290.084716796875,464.958251953125,0.7462589740753174
2955,89,18110,42.27166748046875,749.618896484375,316.6880187988281,316.09521484375,0.5984895825386047
2956,891,20877,83.84127807617188,721.9998779296875,346.73858642578125,250.4730224609375,0.8482944965362549
2957,891,16232,619.9492797851562,213.74835205078125,200.9300537109375,194.15582275390625,0.8314706087112427
2958,891,28763,53.19501495361328,166.81402587890625,218.68328094482422,209.9122314453125,0.7754887938499451
2959,891,3483,610.8572387695312,706.7120361328125,228.77734375,285.47802734375,0.7602133750915527
2960,894,20877,82.91168212890625,721.795654296875,346.8670654296875,250.93994140625,0.8562803864479065
2961,894,25367,17.6905517578125,16.3763427734375,434.6745910644531,462.30157470703125,0.8225660920143127
2962,894,36637,593.71044921875,201.23304748535156,199.78271484375,256.20408630371094,0.7702509760856628
2963,894,3483,609.4591064453125,707.2545166015625,229.716796875,286.097900390625,0.7591000199317932
2964,895,10221,570.15625,763.4395141601562,249.0914306640625,241.1361083984375,0.8180069923400879
2965,895,16551,510.7618408203125,21.7821044921875,327.127197265625,487.20562744140625,0.7610175609588623
2966,895,3544,90.86638641357422,215.31729125976562,207.53217315673828,208.45660400390625,0.7500596046447754
2967,895,21026,97.44473266601562,817.8072509765625,190.68386840820312,186.51171875,0.7468312978744507
2968,896,3544,104.889404296875,225.3549346923828,216.2186279296875,212.72325134277344,0.7784942388534546
2969,896,10221,603.0533447265625,804.2015380859375,237.74658203125,230.387939453125,0.7537308931350708
2970,896,16551,534.5989990234375,26.969131469726562,336.496337890625,497.68089294433594,0.6987698674201965
2971,896,21026,131.70480346679688,851.7501220703125,187.53521728515625,185.4312744140625,0.6064631342887878
2972,897,21026,672.22998046875,279.8365478515625,186.032470703125,182.96533203125,0.8079289197921753
2973,897,3544,671.69091796875,829.098876953125,221.3291015625,221.4730224609375,0.7937600612640381
2974,897,16551,110.6431884765625,709.468017578125,339.61328125,514.3349609375,0.7478505373001099
2975,897,10221,159.92947387695312,267.0279541015625,239.89959716796875,230.7032470703125,0.7206283211708069
2976,898,12247,610.553466796875,197.89927673339844,187.55859375,200.77943420410156,0.907746434211731
2977,898,16548,68.8636474609375,771.040283203125,250.62811279296875,247.48779296875,0.8371376395225525
2978,898,3544,116.83377075195312,166.41168212890625,209.32635498046875,207.288330078125,0.821504533290863
2979,898,27926,542.820068359375,579.2994384765625,292.8790283203125,489.3587646484375,0.7593063116073608
2980,9,20238,586.802734375,165.0066680908203,233.72314453125,226.79026794433594,0.8012828826904297
2981,9,22347,109.29405975341797,206.6185302734375,212.39936065673828,202.496337890625,0.781437337398529
2982,9,3483,550.7069091796875,796.51025390625,301.6173095703125,194.84912109375,0.7687638401985168
2983,9,27653,59.99603271484375,805.386962890625,232.162841796875,220.7806396484375,0.5832538604736328
2984,90,31705,124.2401123046875,126.79876708984375,271.25128173828125,429.2578125,0.8106569647789001
2985,90,16551,82.15802001953125,702.08740234375,316.4834899902344,504.8594970703125,0.7433451414108276
2986,90,1900,650.7694091796875,899.2003173828125,220.8466796875,157.2740478515625,0.7296910285949707
2987,90,18110,601.8306274414062,207.720947265625,311.278564453125,306.90240478515625,0.6532157063484192
2988,900,12247,640.7378540039062,198.6817169189453,187.3590087890625,203.30564880371094,0.9144374132156372
2989,900,16548,102.04922485351562,815.541259765625,245.74160766601562,238.45849609375,0.8649201393127441
2990,900,3544,132.272705078125,173.33734130859375,215.96038818359375,210.36212158203125,0.8047242164611816
2991,900,27926,570.4385986328125,624.2333984375,289.7666015625,479.5849609375,0.6934383511543274
2992,904,30308,148.314453125,42.9957275390625,327.44677734375,488.374267578125,0.8122987151145935
2993,904,20238,636.7659912109375,181.32725524902344,234.712646484375,230.17945861816406,0.796775758266449
2994,904,3483,598.5407104492188,784.995361328125,285.901123046875,212.62646484375,0.7913016676902771
2995,904,27733,118.7786865234375,758.7117919921875,321.51629638671875,298.55810546875,0.7590562701225281
2996,906,3483,121.47467041015625,302.87359619140625,278.82598876953125,210.24688720703125,0.8030045628547668
2997,906,27733,549.2081298828125,248.87596130371094,321.592041015625,286.79579162597656,0.7928048372268677
2998,906,20238,107.94994354248047,850.136962890625,240.28186798095703,235.386962890625,0.7762601971626282
2999,906,30308,524.3956298828125,717.554931640625,326.874267578125,492.1175537109375,0.7282448410987854
3000,908,31863,558.7891845703125,735.5556640625,233.212158203125,230.8408203125,0.8729442358016968
3001,908,20238,110.02017211914062,707.8989868164062,240.39816284179688,243.5224609375,0.8161281943321228
3002,908,3351,297.65325927734375,183.00125122070312,202.48077392578125,208.89862060546875,0.6907128691673279
3003,91,19607,684.2742309570312,296.144775390625,164.65576171875,156.27197265625,0.9228824377059937
3004,91,16548,120.28359985351562,857.81787109375,253.66888427734375,251.7508544921875,0.8833847045898438
3005,91,27926,139.83294677734375,136.665771484375,288.1453857421875,470.435302734375,0.7930474281311035
3006,91,1900,623.4934692382812,886.94189453125,221.1923828125,146.8985595703125,0.7279382348060608
3007,910,29667,125.22222900390625,874.0706787109375,235.915283203125,238.467041015625,0.7922648787498474
3008,910,3483,169.125,270.95599365234375,275.96551513671875,225.2427978515625,0.754209041595459
3009,910,27777,632.8524169921875,289.9620361328125,186.8427734375,204.8465576171875,0.746067464351654
3010,910,25367,500.47314453125,683.18505859375,473.132080078125,477.4068603515625,0.7387986779212952
3011,912,25367,22.24652099609375,92.17665100097656,447.38800048828125,445.72715759277344,0.8037636280059814
3012,912,29667,592.0814208984375,152.04913330078125,232.8408203125,231.3643798828125,0.7853232026100159
3013,912,27777,136.14678955078125,772.1357421875,191.958251953125,212.6439208984375,0.7343475222587585
3014,912,3483,520.4503173828125,767.2364501953125,287.8824462890625,237.78271484375,0.7257845401763916
3015,914,13900,540.1915893554688,699.07958984375,225.868896484375,264.65185546875,0.757980227470398
3016,914,3351,360.7996826171875,113.49608612060547,202.76690673828125,210.23847198486328,0.6995688080787659
3017,914,35206,34.699798583984375,595.8880615234375,362.570068359375,385.9176025390625,0.6383417844772339
3018,915,13900,583.0845947265625,790.2608642578125,215.9503173828125,259.8365478515625,0.7758743762969971
3019,915,3351,404.13177490234375,169.3182373046875,201.93603515625,206.1024169921875,0.6737819910049438
3020,915,35206,85.37727355957031,690.1727294921875,353.93357849121094,380.2708740234375,0.6229032278060913
3021,916,16232,137.20156860351562,885.30322265625,206.45986938476562,202.0096435546875,0.8382365107536316
3022,916,3483,121.2796630859375,302.9853515625,279.06024169921875,210.43865966796875,0.8053637146949768
3023,916,27733,550.2349853515625,250.187744140625,320.2205810546875,284.9244384765625,0.7996665835380554
3024,916,25367,490.3873291015625,656.5245361328125,477.50830078125,471.7349853515625,0.7598745822906494
3025,919,27733,549.0208740234375,249.1800994873047,319.4755859375,286.26893615722656,0.804724395275116
3026,919,3483,118.82084655761719,303.84722900390625,280.02467346191406,210.93511962890625,0.8041862845420837
3027,919,36637,99.0185546875,875.3404541015625,277.627685546875,191.953369140625,0.780357837677002
3028,919,30308,465.4764709472656,662.0472412109375,401.3322448730469,470.6005859375,0.7724761962890625
3029,920,36637,585.6019287109375,191.78302001953125,263.1849365234375,185.447265625,0.8446967005729675
3030,920,3483,571.6654052734375,752.2957763671875,288.2333984375,214.17431640625,0.811269998550415
3031,920,30308,112.683349609375,111.23907470703125,393.1346435546875,448.11767578125,0.7904870510101318
3032,920,27733,84.30767822265625,713.6687622070312,327.02227783203125,303.3653564453125,0.7638394236564636
3033,923,16262,105.70785522460938,827.881103515625,257.5570068359375,254.96484375,0.7965894341468811
3034,923,3483,132.55490112304688,281.82501220703125,227.30169677734375,271.42999267578125,0.7958945631980896
3035,923,20877,537.09423828125,283.83831787109375,341.3531494140625,253.01422119140625,0.789410412311554
3036,923,25367,524.1722412109375,692.6016845703125,451.8277587890625,481.564697265625,0.7879349589347839
3037,925,16232,141.061279296875,893.4053955078125,206.58929443359375,201.25,0.8267033100128174
3038,925,3483,140.93035888671875,211.9520263671875,264.843505859375,235.16845703125,0.8180004954338074
3039,925,34597,470.8631286621094,611.2431640625,467.6550598144531,495.70751953125,0.7828841209411621
3040,925,19861,635.36328125,272.21197509765625,228.906494140625,179.6954345703125,0.6048774719238281
3041,927,16232,612.6817016601562,165.9020233154297,193.4364013671875,193.22120666503906,0.8074883222579956
3042,927,34597,54.44023132324219,131.64654541015625,450.20252990722656,466.4422607421875,0.7710886001586914
3043,927,3483,564.4276123046875,824.8797607421875,274.607421875,247.7684326171875,0.7697808146476746
3044,927,19861,89.80938720703125,823.1165161132812,234.241455078125,182.6695556640625,0.6145896315574646
3045,929,16232,593.82763671875,206.83851623535156,199.417236328125,195.06797790527344,0.8406335115432739
3046,929,31885,16.446044921875,27.431564331054688,430.52325439453125,506.36561584472656,0.7718601226806641
3047,929,3483,569.096435546875,803.9805908203125,292.281494140625,204.71044921875,0.7584912180900574
3048,929,25469,0.714385986328125,801.10546875,399.1208801269531,245.2906494140625,0.7324972748756409
3049,930,16232,162.2978515625,850.06787109375,199.93414306640625,199.8660888671875,0.8640000820159912
3050,930,3483,120.92160034179688,268.1688232421875,283.970703125,200.2281494140625,0.7669785022735596
3051,930,31885,530.093994140625,675.2523193359375,445.906005859375,561.1627197265625,0.7431583404541016
3052,930,25469,559.2086791992188,216.653564453125,390.8955078125,246.8436279296875,0.6266292333602905
3053,931,19607,164.9000244140625,912.7777099609375,165.483642578125,164.1414794921875,0.8545917868614197
3054,931,16551,463.389892578125,216.234619140625,512.3790283203125,320.9661865234375,0.8075721263885498
3055,931,29345,563.3137817382812,706.6270751953125,331.707275390625,445.655029296875,0.7898268699645996
3056,931,1900,171.15939331054688,264.9484558105469,146.3160400390625,206.9796142578125,0.7248001098632812
3057,932,19607,130.57550048828125,881.83056640625,167.23883056640625,164.36865234375,0.8972956538200378
3058,932,16551,440.6983642578125,188.28936767578125,500.1114501953125,328.67236328125,0.7956370115280151
3059,932,29345,532.663818359375,668.5003662109375,343.1337890625,449.6339111328125,0.7783638834953308
3060,932,1900,154.08071899414062,254.14065551757812,140.25177001953125,205.4644775390625,0.6758704781532288
3061,933,19607,659.2628173828125,248.11654663085938,166.31787109375,158.296142578125,0.9260922074317932
3062,933,29345,112.52078247070312,155.00804138183594,320.39697265625,424.23524475097656,0.8186649680137634
3063,933,16551,9.920654296875,702.9830322265625,513.8704833984375,339.295654296875,0.7670609951019287
3064,933,1900,675.6541748046875,798.769287109375,149.7869873046875,217.3345947265625,0.7240937948226929
3065,936,19552,106.03326416015625,194.46348571777344,333.75531005859375,501.23561096191406,0.9451761841773987
3066,936,4378,633.60205078125,706.36376953125,252.060302734375,464.102294921875,0.7466379404067993
3067,936,2483,581.0828857421875,101.85162353515625,273.298828125,459.73345947265625,0.7325098514556885
3068,936,25438,100.82498168945312,830.5902099609375,279.18572998046875,281.7611083984375,0.6640075445175171
3069,937,3743,120.23788452148438,798.981689453125,356.56536865234375,355.907958984375,0.7431554794311523
3070,937,6192,117.03778076171875,107.45404052734375,326.893798828125,524.2349243164062,0.7176284193992615
3071,937,4378,568.0115966796875,700.10498046875,271.26123046875,468.073974609375,0.7031993269920349
3072,937,2483,587.42529296875,73.98362731933594,247.605224609375,468.19483947753906,0.6675766110420227
3073,938,6192,113.54560852050781,69.1298828125,326.93675231933594,535.8864135742188,0.8351362347602844
3074,938,4378,563.7176513671875,700.031982421875,257.87939453125,460.86083984375,0.7934318780899048
3075,938,3743,119.4061279296875,790.33447265625,344.73065185546875,344.9541015625,0.7605152130126953
3076,938,2483,594.396484375,23.81414794921875,254.4273681640625,502.9837646484375,0.7202510833740234
3077,940,18147,182.07763671875,222.2874755859375,284.77508544921875,429.6444091796875,0.7289136052131653
3078,940,16232,639.3822631835938,314.72479248046875,196.6783447265625,200.35546875,0.7059493660926819
3079,940,3351,412.6034851074219,885.131591796875,209.02175903320312,215.8035888671875,0.6256020665168762
3080,941,16232,88.33148193359375,707.043212890625,199.73455810546875,201.42041015625,0.7866373658180237
3081,941,18147,449.8082580566406,542.0137939453125,334.4731140136719,467.6937255859375,0.7461622953414917
3082,941,3351,320.30499267578125,134.25466918945312,198.084716796875,208.49176025390625,0.6764360666275024
3083,942,16232,130.89111328125,794.9571533203125,198.19146728515625,199.3731689453125,0.787696361541748
3084,942,18147,514.474609375,637.27978515625,289.43017578125,464.18603515625,0.7399707436561584
3085,942,3351,357.99176025390625,187.1842803955078,206.6622314453125,208.15818786621094,0.6862759590148926
3086,945,3483,141.2972412109375,212.43722534179688,264.13250732421875,233.799560546875,0.8156204223632812
3087,945,25367,617.6510620117188,634.929931640625,335.4437255859375,528.452880859375,0.8035069108009338
3088,945,20238,105.35232543945312,849.7337646484375,242.03152465820312,239.127197265625,0.7597891092300415
3089,945,19861,636.1103515625,272.41741943359375,227.859130859375,177.9544677734375,0.5981056690216064
3090,947,16232,138.93417358398438,841.4822998046875,205.18267822265625,199.7724609375,0.8386192917823792
3091,947,3483,129.70635986328125,277.83843994140625,285.57403564453125,191.3968505859375,0.7765473127365112
3092,947,28763,584.2855224609375,883.096435546875,234.80419921875,225.216064453125,0.7629515528678894
3093,947,27653,672.6666259765625,247.49020385742188,221.7353515625,212.3570556640625,0.6487586498260498
3094,948,16232,644.1002197265625,223.94821166992188,199.54248046875,191.85955810546875,0.815702497959137
3095,948,3483,582.1130981445312,833.771240234375,292.981689453125,186.3504638671875,0.7730815410614014
3096,948,28763,180.4901885986328,169.61151123046875,228.88865661621094,218.72882080078125,0.7673313021659851
3097,948,27653,93.80184936523438,847.2979736328125,227.00863647460938,217.351318359375,0.6018184423446655
3098,949,3483,132.110107421875,282.59442138671875,226.8189697265625,270.60211181640625,0.8027146458625793
3099,949,16262,105.48599243164062,828.2852783203125,257.9015808105469,255.9842529296875,0.8002015948295593
3100,949,20877,535.8397216796875,283.51177978515625,342.40869140625,253.8829345703125,0.7995022535324097
3101,949,30308,481.526611328125,698.7557373046875,446.3856201171875,437.162841796875,0.6876346468925476
3102,95,29667,57.206787109375,736.564208984375,238.05902099609375,247.368896484375,0.7997643351554871
3103,95,3351,331.78125,174.557373046875,198.43951416015625,205.4000244140625,0.6973952054977417
3104,95,32310,481.679443359375,696.712646484375,411.348388671875,279.567626953125,0.6836757063865662
3105,950,20877,83.54231262207031,721.5220947265625,346.51048278808594,251.79052734375,0.8494306802749634
3106,950,3483,610.1854858398438,706.9791870117188,229.1954345703125,285.078125,0.7629965543746948
3107,950,30308,59.34501647949219,101.08489990234375,434.04896545410156,427.057861328125,0.7584313154220581
3108,950,16262,589.8631591796875,175.33551025390625,254.4046630859375,248.4451904296875,0.7388477921485901
3109,951,20877,112.82260131835938,761.5924072265625,345.89971923828125,256.3194580078125,0.8025599122047424
3110,951,3483,640.46484375,743.388427734375,225.4732666015625,276.111572265625,0.7702291011810303
3111,951,16262,622.1822509765625,179.67039489746094,255.3955078125,253.93678283691406,0.7554113268852234
3112,951,30308,76.6710205078125,123.5546875,430.1866455078125,414.80108642578125,0.7383642792701721
3113,952,16262,159.56224060058594,822.7110595703125,264.39369201660156,261.980224609375,0.7767562866210938
3114,952,3483,123.03631591796875,270.0548095703125,283.5244140625,200.4407958984375,0.7690245509147644
3115,952,30308,544.98486328125,635.559326171875,407.8228759765625,450.0513916015625,0.6922432780265808
3116,952,25469,559.0064697265625,216.6954803466797,391.275390625,247.02003479003906,0.6220666170120239
3117,953,30308,34.355224609375,149.65850830078125,394.0791015625,437.21990966796875,0.7623774409294128
3118,953,16262,536.6149291992188,176.73529052734375,256.721923828125,251.84423828125,0.7558906674385071
3119,953,3483,569.183837890625,803.76806640625,292.309814453125,204.748046875,0.7512432932853699
3120,953,25469,0.60491943359375,800.556396484375,398.7777099609375,245.42041015625,0.7340541481971741
3121,954,30308,49.24591064453125,169.7427978515625,402.19415283203125,446.9779052734375,0.7700231075286865
3122,954,16262,562.4730224609375,181.7716827392578,263.447021484375,255.88572692871094,0.7674142122268677
3123,954,3483,594.343505859375,835.3951416015625,292.313720703125,202.310302734375,0.7342835068702698
3124,954,25469,40.76458740234375,844.1156005859375,393.7721252441406,246.53369140625,0.6596404910087585
3125,956,19607,140.06146240234375,859.8282470703125,165.24249267578125,161.5478515625,0.9350916147232056
3126,956,16551,581.086669921875,1.62872314453125,332.806640625,455.58642578125,0.7582435607910156
3127,956,1900,154.515625,244.25132751464844,214.185791015625,137.30043029785156,0.7419136762619019
3128,956,27926,567.33251953125,671.178466796875,296.8125,483.1258544921875,0.6870604157447815
3129,957,19607,684.524169921875,296.078857421875,164.2001953125,156.1236572265625,0.9234727025032043
3130,957,27926,140.2205810546875,136.41038513183594,287.47015380859375,472.30262756347656,0.7921483516693115
3131,957,16551,70.453125,779.4644165039062,338.23004150390625,498.61907958984375,0.7548674941062927
3132,957,1900,623.7939453125,887.173095703125,220.817138671875,147.091064453125,0.6825445890426636
3133,962,19607,139.7325439453125,843.924560546875,169.93109130859375,165.295654296875,0.9305566549301147
3134,962,29451,461.21392822265625,771.8118896484375,411.178955078125,293.1005859375,0.8410401940345764
3135,962,16551,609.7236328125,103.80029296875,307.333740234375,486.40863037109375,0.7656142711639404
3136,962,1900,144.76239013671875,233.66213989257812,186.7401123046875,191.02679443359375,0.7652018666267395
3137,966,16548,123.21383666992188,847.4112548828125,255.6927490234375,249.4716796875,0.8780670166015625
3138,966,31705,123.25691223144531,126.5018310546875,274.35081481933594,428.949951171875,0.8095929622650146
3139,966,1900,650.1370849609375,898.823486328125,221.76904296875,157.575927734375,0.7288432717323303
3140,966,18110,602.0123291015625,207.9857177734375,310.520751953125,306.23748779296875,0.6781265139579773
3141,967,29667,574.7095947265625,298.780517578125,243.112060546875,238.75433349609375,0.7749268412590027
3142,967,41768,123.33880615234375,291.79364013671875,262.074462890625,313.46649169921875,0.7108175158500671
3143,967,3351,398.03125,876.14208984375,208.23968505859375,215.32275390625,0.6516729593276978
3144,968,29667,106.87120819091797,691.3637084960938,241.29529571533203,243.74951171875,0.7493782043457031
3145,968,41768,541.3306884765625,605.556396484375,286.036865234375,331.23095703125,0.728843092918396
3146,968,3351,333.3759765625,145.26239013671875,202.7593994140625,211.0672607421875,0.6833425164222717
3147,97,19607,659.040283203125,247.84725952148438,166.6409912109375,158.22271728515625,0.9222815632820129
3148,97,16548,97.15180206298828,816.22607421875,250.63530731201172,246.5628662109375,0.883768618106842
3149,97,29345,113.01466369628906,155.3566131591797,322.23851013183594,423.56996154785156,0.8204066753387451
3150,97,1900,675.7626953125,798.793701171875,149.576171875,217.537353515625,0.7140070199966431
3151,972,21771,121.74917602539062,767.5120849609375,205.36508178710938,199.433349609375,0.8146278262138367
3152,972,1900,137.74972534179688,236.96829223632812,207.8009033203125,138.40972900390625,0.7424322962760925
3153,972,27926,544.6944580078125,622.7254638671875,296.63671875,494.8974609375,0.7274361252784729
3154,972,16551,555.4639892578125,7.253387451171875,348.55322265625,458.4652404785156,0.7022455334663391
3155,973,21771,179.6397247314453,876.9844970703125,205.15977478027344,199.600830078125,0.8115464448928833
3156,973,29345,595.0219116210938,708.3311767578125,301.1162109375,453.5850830078125,0.7854984402656555
3157,973,16551,549.7603759765625,68.48799133300781,329.32470703125,491.31639099121094,0.7441749572753906
3158,973,1900,174.46914672851562,263.5626220703125,144.16412353515625,206.638671875,0.7398749589920044
3159,974,29345,563.1524658203125,668.481201171875,312.904052734375,459.5667724609375,0.7772995233535767
3160,974,21771,145.88522338867188,842.0557861328125,206.436767578125,203.62353515625,0.7680996656417847
3161,974,16551,525.1446533203125,63.05780029296875,325.791015625,479.2664794921875,0.735515296459198
3162,974,1900,159.23178100585938,253.99951171875,137.00091552734375,204.2242431640625,0.6911682486534119
3163,975,29345,113.86233520507812,144.7845458984375,288.34515380859375,432.1256103515625,0.8103084564208984
3164,975,16551,96.21417236328125,686.0072021484375,326.65008544921875,493.7120361328125,0.7735190987586975
3165,975,1900,673.624267578125,802.29638671875,148.8963623046875,215.83203125,0.7339704036712646
3166,975,21771,607.04833984375,245.9688262939453,203.287841796875,192.65196228027344,0.6648803353309631
3167,979,18357,57.0887451171875,537.192626953125,304.95257568359375,356.658447265625,0.8408055901527405
3168,979,3351,383.99517822265625,147.28189086914062,200.2388916015625,209.403564453125,0.6926847696304321
3169,979,22074,573.6463012695312,701.9658203125,205.811279296875,207.63623046875,0.6878308653831482
3170,980,18357,561.1605834960938,295.6448974609375,299.6097412109375,342.2430419921875,0.8610929250717163
3171,980,22074,164.81922912597656,305.5972900390625,201.49607849121094,200.8411865234375,0.6662601828575134
3172,980,3351,344.2398681640625,858.039306640625,208.79266357421875,215.9034423828125,0.6335192322731018
3173,982,23223,97.341796875,121.68345642089844,324.0821533203125,505.27638244628906,0.8240954875946045
3174,982,13395,613.05126953125,669.8746337890625,273.2578125,525.9439697265625,0.7412500381469727
3175,982,3743,106.69097900390625,824.7366943359375,352.68817138671875,357.698486328125,0.7352020144462585
3176,982,2483,636.9384765625,114.40673828125,242.158203125,473.09075927734375,0.71940016746521
3177,983,23223,93.53656005859375,72.93414306640625,328.94622802734375,528.2772216796875,0.8523887991905212
3178,983,3743,105.30754089355469,817.01220703125,347.69471740722656,345.483154296875,0.744841992855072
3179,983,13395,599.7156982421875,672.15771484375,277.012939453125,509.149658203125,0.7215908765792847
3180,983,2483,648.2976684570312,78.4747314453125,240.9981689453125,489.2452392578125,0.6886588335037231
3181,984,23223,518.3301391601562,602.8287353515625,334.9840087890625,530.338134765625,0.8017582297325134
3182,984,3743,483.86676025390625,110.26528930664062,339.1287841796875,334.99432373046875,0.7576550245285034
3183,984,13395,69.1422119140625,83.88604736328125,264.13958740234375,479.75506591796875,0.7001859545707703
3184,984,2483,39.62157440185547,642.3839111328125,237.79560089111328,492.2232666015625,0.6511419415473938
3185,985,16548,569.28173828125,178.61866760253906,242.3790283203125,240.23619079589844,0.8837577104568481
3186,985,24850,114.391845703125,735.5770263671875,209.13018798828125,290.78955078125,0.8048565983772278
3187,985,1900,138.52099609375,218.36669921875,204.9664306640625,154.26190185546875,0.7530838251113892
3188,985,29451,508.24951171875,787.7965087890625,437.6673583984375,264.3248291015625,0.7412019371986389
3189,986,16548,139.3451385498047,828.44970703125,252.62098693847656,253.3515625,0.8685333132743835
3190,986,29451,43.06269836425781,215.89781188964844,416.56333923339844,263.77772521972656,0.8013237714767456
3191,986,24850,635.7667236328125,254.25469970703125,203.33203125,277.2369384765625,0.7921673059463501
3192,986,1900,628.306640625,892.03515625,216.57080078125,167.093505859375,0.7316473126411438
3193,988,22347,156.2964324951172,175.9696807861328,217.31715393066406,209.77720642089844,0.8155735731124878
3194,988,3483,589.0823974609375,860.2047119140625,272.2802734375,244.1494140625,0.7902305722236633
3195,988,36637,614.104248046875,187.4901580810547,276.214599609375,173.50672912597656,0.7442367076873779
3196,988,19861,122.10736083984375,860.3043212890625,230.6422119140625,178.134765625,0.6757811307907104
3197,989,22347,137.75003051757812,168.45858764648438,214.9796142578125,208.9879150390625,0.7858264446258545
3198,989,3483,560.1214599609375,825.819580078125,277.368408203125,249.570556640625,0.7661727070808411
3199,989,36637,584.2105712890625,182.78623962402344,269.8804931640625,177.24806213378906,0.7640962600708008
3200,989,19861,87.3005142211914,823.2108154296875,234.83446502685547,182.589599609375,0.6195645332336426
3201,990,22347,618.407958984375,881.3428955078125,223.9268798828125,219.10888671875,0.8199905157089233
3202,990,3483,142.596923828125,210.93800354003906,264.2664794921875,234.50218200683594,0.807786762714386
3203,990,36637,92.50732421875,896.1788330078125,283.40130615234375,181.61669921875,0.7805967926979065
3204,990,19861,636.5902099609375,271.7882080078125,229.4326171875,178.833984375,0.5793378949165344
3205,991,16548,563.9183349609375,213.41482543945312,244.32958984375,241.0391845703125,0.8605741262435913
3206,991,10221,569.76708984375,763.0588989257812,249.131103515625,241.326171875,0.8054531812667847
3207,991,3544,90.58612060546875,215.47576904296875,208.0509033203125,208.19537353515625,0.7665839195251465
3208,991,21026,97.1910171508789,817.312744140625,191.12200164794922,187.468505859375,0.7470498085021973
3209,993,16548,592.7671508789062,225.6083984375,247.9044189453125,240.43463134765625,0.8658255338668823
3210,993,10221,602.0393676757812,803.77978515625,238.9267578125,230.862060546875,0.7853615283966064
3211,993,3544,104.93524932861328,225.38980102539062,216.20958709716797,212.643310546875,0.7849116325378418
3212,993,21026,131.66409301757812,851.8658447265625,187.67129516601562,185.47509765625,0.6546068787574768
3213,994,3483,129.51852416992188,277.994384765625,286.00360107421875,192.4468994140625,0.7768306136131287
3214,994,16262,113.03775024414062,838.2843017578125,263.24359130859375,255.625244140625,0.7581624388694763
3215,994,30308,483.8955383300781,737.3056640625,422.1330261230469,459.4609375,0.7450635433197021
3216,994,27653,672.493408203125,247.6563720703125,222.0914306640625,213.11224365234375,0.6496902108192444
3217,996,3483,582.207763671875,833.7039794921875,293.0936279296875,186.25537109375,0.772099494934082
3218,996,30308,94.41778564453125,52.77093505859375,421.93389892578125,465.6187744140625,0.7582334280014038
3219,996,16262,614.8961181640625,173.0250244140625,254.597412109375,247.55609130859375,0.7456518411636353
3220,996,27653,93.63082122802734,847.250732421875,226.83020782470703,217.06494140625,0.6217030882835388
3221,997,21771,120.06625366210938,798.8827514648438,205.6168212890625,199.1676025390625,0.8445431590080261
3222,997,29451,445.0082702636719,791.57177734375,437.1340637207031,259.104736328125,0.7931651473045349
3223,997,1900,144.98419189453125,234.118408203125,186.84710693359375,187.8369140625,0.7446902394294739
3224,997,16551,567.5320434570312,52.21336364746094,308.381591796875,486.69288635253906,0.7399773597717285
3225,998,21771,153.75885009765625,832.7357177734375,202.6534423828125,196.1260986328125,0.876323938369751
3226,998,29451,476.2483825683594,828.65234375,429.8699035644531,257.11083984375,0.8225279450416565
3227,998,16551,597.7740478515625,57.74334716796875,317.64111328125,500.06390380859375,0.7521226406097412
3228,998,1900,163.68685913085938,244.7373504638672,188.51934814453125,189.43299865722656,0.7347999215126038
3229,999,29451,100.9029541015625,215.21112060546875,418.7874755859375,263.22247314453125,0.8158088326454163
3230,999,16551,74.24856567382812,681.718017578125,318.3683776855469,512.96240234375,0.7521754503250122
3231,999,1900,639.035400390625,836.790283203125,195.49560546875,201.2001953125,0.7461534738540649
3232,999,21771,634.33056640625,281.88726806640625,201.6763916015625,196.51251220703125,0.6869397163391113
