annotation_id,image_id,category_id,bbox_x,bbox_y,bbox_w,bbox_h,score
1,1,21771,598.7,674.9,258.1,479.0,0.9515054225921631
2,1,24850,172.0,742.2,182.5,292.2,0.8376564979553223
3,1,29871,550.4,71.0,405.6,403.3,0.800451934337616
4,1,19607,156.3,251.5,205.1,123.7,0.8003517985343933
5,3,21771,571.2,626.4,261.3,489.4,0.9581987261772156
6,3,24850,138.3,702.7,185.9,295.1,0.8744679093360901
7,3,29871,528.9,66.4,387.3,392.4,0.8054661154747009
8,3,3544,140.1,243.5,199.4,125.7,0.7189398407936096
9,4,16548,601.6,250.2,291.0,167.7,0.9820379018783569
10,4,29345,116.2,152.8,274.7,415.2,0.9274613857269287
11,4,19607,129.5,647.4,295.4,495.3,0.8119771480560303
12,4,19607,685.8,807.6,130.8,207.4,0.7874107360839844
13,5,24850,94.4,893.2,298.2,164.4,0.9803210496902466
14,5,29345,612.9,715.2,283.9,442.4,0.9332696199417114
15,5,19607,180.5,267.4,130.0,198.8,0.8296540379524231
16,5,19607,569.9,111.9,285.9,480.9,0.7987149953842163
17,8,20238,623.2,176.9,226.7,216.4,0.8799517154693604
18,8,3483,588.2,844.3,283.2,168.8,0.8142919540405273
19,8,22347,129.9,220.0,207.3,196.6,0.7908256649971008
20,8,27653,96.0,854.5,221.3,204.8,0.7079943418502808
21,9,20238,595.0,173.6,220.4,212.7,0.8725664615631104
22,9,3483,560.8,811.0,285.3,176.1,0.818906843662262
23,9,22347,113.6,212.0,200.9,192.8,0.8162817358970642
24,9,27653,63.1,810.8,224.4,211.6,0.6736589670181274
25,10,21771,642.8,290.1,189.5,181.0,0.9334176182746887
26,10,21771,102.2,237.7,409.1,216.6,0.8287224769592285
27,10,1900,641.8,843.5,192.3,189.4,0.7739048004150391
28,10,29667,103.0,807.3,240.2,238.3,0.7534326910972595
29,13,33880,477.5,242.9,439.7,275.9,0.8140196204185486
30,13,31863,144.1,330.5,191.9,189.5,0.811410129070282
31,13,3351,428.9,854.3,190.2,189.4,0.8076959848403931
32,15,33880,47.0,781.7,446.0,280.2,0.9418420791625977
33,15,3351,360.4,247.9,185.0,180.9,0.8157057762145996
34,15,31863,643.4,796.4,195.1,189.7,0.3706817924976349
35,17,41768,559.8,641.2,277.4,304.2,0.9335028529167175
36,17,31863,116.6,581.4,310.1,390.7,0.8383632898330688
37,17,3351,297.8,164.7,185.2,189.5,0.7945356965065002
38,19,28763,100.9,169.1,212.6,202.7,0.8641804456710815
39,19,3483,609.4,789.8,273.8,207.7,0.8362221717834473
40,19,27733,124.4,768.6,316.3,275.8,0.8243475556373596
41,19,29667,620.2,206.3,261.4,168.7,0.5529058575630188
42,23,25367,22.3,88.0,413.3,439.0,0.8498234152793884
43,23,3483,560.0,810.9,284.9,175.8,0.8181415796279907
44,23,20238,595.4,178.5,235.6,227.2,0.7679965496063232
45,23,27653,61.8,809.9,224.2,211.5,0.6560686826705933
46,24,25367,31.6,102.2,431.1,443.6,0.8940946459770203
47,24,3483,587.3,844.2,282.8,168.1,0.8131213784217834
48,24,20238,622.7,183.2,242.3,230.2,0.7428234815597534
49,24,27653,95.5,853.6,220.7,203.4,0.7035183906555176
50,27,5094,598.7,709.4,235.4,524.1,0.9692808389663696
51,27,23223,72.2,110.7,298.6,503.3,0.9489872455596924
52,27,25438,125.0,822.0,257.8,265.9,0.8908554911613464
53,27,2483,603.0,78.1,198.1,475.3,0.7412043213844299
54,28,25367,20.8,64.7,412.6,454.4,0.8940101265907288
55,28,27733,614.4,141.9,225.6,401.8,0.8774824142456055
56,28,27777,177.3,812.4,176.6,197.3,0.8316851258277893
57,28,3483,566.1,812.1,263.3,217.8,0.7972300052642822
58,29,27733,585.8,131.0,220.5,394.9,0.8935097455978394
59,29,25367,7.8,47.7,399.7,451.2,0.8849809765815735
60,29,27777,143.7,775.3,180.6,204.7,0.866011381149292
61,29,3483,538.6,777.0,266.1,226.1,0.8187488317489624
62,31,19607,111.9,239.6,208.2,200.3,0.8057452440261841
63,31,19607,590.0,47.1,288.5,482.7,0.8015718460083008
64,31,29667,196.2,714.3,218.0,363.2,0.7898818254470825
65,31,12420,654.7,847.7,185.3,179.7,0.483079731464386
66,32,3544,673.5,827.6,214.4,212.1,0.8214805722236633
67,32,16232,105.5,702.4,294.9,499.0,0.8126984238624573
68,32,12420,166.8,278.7,181.6,177.6,0.7466624975204468
69,32,21771,581.4,228.8,212.7,340.5,0.7438533306121826
70,38,31885,117.2,30.0,393.3,502.4,0.9170727133750916
71,38,27733,627.4,160.4,213.3,395.2,0.8864665627479553
72,38,20877,84.4,723.5,333.0,241.5,0.8822020888328552
73,38,3483,624.9,717.7,208.9,271.5,0.8598000407218933
74,40,31885,610.3,610.1,332.9,560.0,0.8884360790252686
75,40,3483,160.1,214.8,247.5,221.4,0.8446017503738403
76,40,21771,118.5,839.0,231.1,224.7,0.7789578437805176
77,40,3544,646.0,278.4,221.1,169.6,0.5998862385749817
78,41,3483,593.2,871.8,257.1,231.0,0.8188949823379517
79,41,31885,54.7,92.0,325.2,543.1,0.8013066053390503
80,41,21771,636.9,206.5,224.4,212.5,0.7822996973991394
81,41,19607,117.3,863.4,223.0,169.6,0.732767641544342
82,42,31885,32.9,69.4,319.5,539.1,0.8972675204277039
83,42,3483,564.7,841.5,261.5,231.6,0.8216748833656311
84,42,21771,608.4,200.2,219.9,214.1,0.7999746799468994
85,42,19607,80.7,826.6,230.0,174.9,0.7519150376319885
86,44,33880,579.5,670.7,180.0,265.7,0.9234306812286377
87,44,29667,92.0,722.3,234.6,232.6,0.8739705681800842
88,44,3351,370.5,152.9,184.0,187.1,0.8221966624259949
89,46,23223,99.9,113.4,311.9,499.7,0.9121154546737671
90,46,5094,116.4,785.6,327.6,320.0,0.8821474313735962
91,46,2483,591.5,65.0,248.6,484.8,0.877600371837616
92,46,5094,599.2,708.2,236.1,453.9,0.6078907251358032
93,47,2483,89.5,660.4,260.3,480.7,0.7810901999473572
94,47,5094,494.9,165.4,314.6,302.6,0.7667739391326904
95,47,23223,526.9,589.1,311.1,503.5,0.7272740602493286
96,47,5094,109.4,108.0,227.1,433.5,0.5403957366943359
97,53,12778,95.3,115.3,370.9,475.5,0.9582781791687012
98,53,25438,133.4,852.9,258.9,265.6,0.8852181434631348
99,53,2483,654.1,103.0,207.5,469.6,0.8641433715820312
100,53,5094,607.5,682.4,241.4,506.5,0.8502388000488281
101,54,12778,477.4,644.8,368.0,482.8,0.9546563029289246
102,54,25438,548.1,175.5,246.8,253.7,0.8851100206375122
103,54,16232,69.1,660.9,206.7,488.0,0.8293135166168213
104,54,5094,116.4,84.0,229.2,475.3,0.804694414138794
105,55,16688,439.1,159.8,500.6,466.8,0.836583137512207
106,55,3351,423.0,847.8,190.1,190.1,0.7588900327682495
107,55,20014,48.7,284.3,343.1,319.2,0.43087801337242126
108,56,16688,0.0,550.9,512.7,504.6,0.9060052037239075
109,56,3351,325.5,190.4,184.8,190.7,0.7794523239135742
110,56,20014,551.5,620.3,349.1,340.5,0.6374913454055786
111,58,3483,572.6,836.7,262.7,230.8,0.8633270859718323
112,58,16551,554.9,92.9,278.1,366.3,0.7892877459526062
113,58,34597,38.9,46.8,389.0,470.3,0.7675375938415527
114,58,19607,87.7,827.2,229.5,175.0,0.7531222701072693
115,60,3483,151.7,219.4,246.3,220.0,0.8682435750961304
116,60,29871,108.1,773.1,302.8,391.1,0.8350393176078796
117,60,34597,545.6,685.6,409.6,493.0,0.7105627655982971
118,60,3544,636.6,278.2,222.0,169.1,0.6085308790206909
119,62,18147,90.6,547.2,289.6,422.1,0.9420847296714783
120,62,3351,326.0,154.5,185.0,189.3,0.8130578398704529
121,62,33880,542.2,650.5,206.0,254.2,0.5211073160171509
122,64,29667,152.1,277.9,231.1,222.7,0.8814064860343933
123,64,3351,396.0,886.5,190.9,191.8,0.7905676960945129
124,64,20014,592.1,265.9,341.0,318.3,0.714511513710022
125,65,29667,559.2,726.8,232.5,232.2,0.8549820184707642
126,65,3351,351.8,153.6,184.5,186.3,0.795083224773407
127,65,20014,0.0,631.0,342.6,346.3,0.4620001018047333
128,66,29667,596.5,818.1,230.8,224.1,0.87144935131073
129,66,3351,392.8,211.2,185.0,183.0,0.8126658797264099
130,66,20014,32.5,716.7,350.0,340.4,0.5171210169792175
131,68,16232,152.2,827.6,191.6,192.9,0.9014166593551636
132,68,30308,511.5,767.5,443.9,371.8,0.8810600638389587
133,68,3483,173.0,275.8,260.4,220.0,0.8405198454856873
134,68,27777,637.1,293.6,176.0,194.0,0.8098300099372864
135,70,24850,644.3,258.7,192.7,268.7,0.9196816682815552
136,70,19607,630.7,897.6,211.8,157.8,0.779591977596283
137,70,16232,47.8,706.8,302.3,501.8,0.7360929250717163
138,70,21771,45.4,234.4,401.9,225.0,0.6673820614814758
139,72,24850,152.7,774.0,194.9,278.7,0.9064292311668396
140,72,19607,643.8,45.9,289.0,483.6,0.8706693053245544
141,72,19607,154.8,224.5,206.9,150.1,0.7608361840248108
142,72,21771,549.1,842.7,413.2,223.6,0.47899457812309265
143,73,18110,593.6,850.2,211.1,125.6,0.9068318605422974
144,73,29871,520.2,73.6,356.1,422.2,0.8680717349052429
145,73,3544,72.9,199.7,203.3,199.1,0.7759695649147034
146,73,21771,166.2,670.8,218.4,367.8,0.7407809495925903
147,75,18110,623.2,880.6,204.1,123.9,0.8850187659263611
148,75,29871,548.1,81.2,367.8,436.6,0.866598904132843
149,75,19607,87.1,209.0,209.4,200.2,0.8005471229553223
150,75,21771,197.5,713.9,218.2,362.8,0.7695991396903992
151,79,33880,502.7,238.4,327.9,254.0,0.8340928554534912
152,79,3351,387.2,844.9,190.7,191.2,0.770833432674408
153,79,20238,127.5,296.5,245.4,237.0,0.721796989440918
154,80,33880,93.8,697.8,340.6,267.4,0.8539726138114929
155,80,3351,360.1,194.4,185.6,188.3,0.7863074541091919
156,80,16262,570.9,694.3,248.6,242.8,0.7583640217781067
157,82,5094,120.8,836.5,333.1,336.1,0.8896617293357849
158,82,5094,609.7,737.0,270.9,417.0,0.7470548748970032
159,82,2483,631.1,95.7,201.0,476.6,0.7434507608413696
160,82,22627,114.2,147.0,324.2,492.2,0.7134842276573181
161,83,22627,501.3,594.7,325.1,489.3,0.9110321998596191
162,83,16232,93.4,661.0,208.7,490.9,0.8576033711433411
163,83,5094,491.6,125.5,315.2,306.3,0.8502748012542725
164,83,5094,83.7,116.9,257.4,392.8,0.7620858550071716
165,85,21771,148.8,848.8,196.1,191.7,0.9524585008621216
166,85,21026,586.5,676.2,287.5,450.1,0.9496740102767944
167,85,21771,570.7,251.1,232.3,226.8,0.8885477781295776
168,85,19607,163.9,257.2,125.4,199.1,0.8140704035758972
169,86,29345,116.1,152.6,274.7,415.1,0.9290105104446411
170,86,21771,618.5,250.7,188.5,181.1,0.8925852179527283
171,86,19607,685.7,807.4,130.9,207.7,0.7821018099784851
172,86,21771,151.0,770.0,240.6,236.1,0.6822109818458557
173,88,19607,130.9,231.0,205.7,137.9,0.8582501411437988
174,88,10221,623.1,733.9,247.1,449.1,0.8322044014930725
175,88,19607,610.6,48.7,284.2,481.8,0.800047755241394
176,88,18110,79.7,801.1,304.6,289.4,0.522940456867218
177,89,19607,115.7,223.7,197.2,139.6,0.8728780150413513
178,89,10221,594.3,692.3,254.2,461.4,0.836544394493103
179,89,19607,584.3,42.9,275.9,467.7,0.8078692555427551
180,89,18110,44.9,755.9,309.1,302.7,0.5836750268936157
181,90,19607,658.1,903.5,211.2,146.5,0.8346203565597534
182,90,19607,86.9,704.9,295.5,497.9,0.8110350966453552
183,90,10221,132.0,128.5,247.5,419.0,0.8063984513282776
184,90,18110,612.3,218.4,298.1,286.4,0.6422879099845886
185,91,21771,143.7,142.8,261.4,458.7,0.9645335674285889
186,91,19607,688.4,300.4,157.9,147.8,0.9461094737052917
187,91,19607,630.5,893.9,210.4,133.8,0.7981042265892029
188,91,21771,122.5,865.5,243.3,238.1,0.760380208492279
189,95,18357,61.5,743.7,233.1,232.5,0.8561606407165527
190,95,3351,338.9,182.4,181.2,186.0,0.8079600930213928
191,95,18357,496.7,716.0,385.3,244.5,0.6246037483215332
192,97,19607,665.8,252.2,156.1,151.3,0.9686996936798096
193,97,29345,118.0,167.3,307.8,397.0,0.8407386541366577
194,97,19607,688.0,806.3,131.1,207.1,0.8096628189086914
195,97,21771,99.8,822.3,241.9,236.5,0.7093862891197205
196,100,16548,587.6,131.5,232.4,223.8,0.8983843326568604
197,100,29871,135.4,243.8,191.8,162.2,0.8741044402122498
198,100,33208,519.3,791.4,381.8,208.7,0.8296513557434082
199,100,18110,44.2,747.0,310.2,298.6,0.5364969372749329
200,102,1900,152.0,253.7,194.5,162.1,0.8963558673858643
201,102,16548,615.7,134.6,237.9,228.5,0.8675295114517212
202,102,33208,548.7,838.5,379.6,198.7,0.7730147838592529
203,102,18110,79.0,791.0,307.3,290.4,0.42756757140159607
204,104,3351,324.1,203.4,182.6,187.6,0.7944693565368652
205,104,18357,106.7,610.1,250.2,371.7,0.7009639739990234
206,104,21325,617.3,761.0,176.3,228.6,0.6844877600669861
207,108,12778,106.9,45.6,295.8,523.7,0.9191194176673889
208,108,25438,143.5,843.8,254.0,252.9,0.8852434754371643
209,108,2483,601.4,80.9,251.0,476.5,0.841583251953125
210,108,5094,586.0,741.6,254.6,411.0,0.6494460105895996
211,109,25367,580.2,715.9,386.1,499.3,0.9027149081230164
212,109,16551,108.3,772.5,302.4,393.1,0.8682397603988647
213,109,3483,151.4,219.2,246.4,220.4,0.86761075258255
214,109,3544,636.5,278.2,221.5,169.4,0.6318168044090271
215,110,25367,40.3,47.4,383.7,482.1,0.912708580493927
216,110,3483,600.9,867.1,259.7,229.7,0.8091555833816528
217,110,16551,582.3,97.3,289.4,377.2,0.7603699564933777
218,110,19607,124.7,864.6,221.7,169.0,0.7461202144622803
219,112,10221,633.8,199.7,223.2,214.2,0.894895076751709
220,112,1900,154.5,587.9,308.6,470.1,0.8681226372718811
221,112,19607,126.9,233.9,206.8,200.4,0.8255870938301086
222,112,33208,561.6,812.0,372.5,204.0,0.5887506008148193
223,113,10221,125.9,846.0,228.8,224.8,0.9537304639816284
224,113,29871,531.2,230.2,307.0,457.1,0.8366355299949646
225,113,3544,657.9,832.9,215.0,211.7,0.8323271870613098
226,113,33208,77.2,270.4,362.0,218.7,0.8012186884880066
227,114,10221,605.4,192.5,217.8,212.6,0.904373824596405
228,114,29871,124.1,535.3,310.2,475.0,0.8695428967475891
229,114,3544,110.7,224.4,202.5,199.3,0.7510659098625183
230,114,33208,534.0,763.9,376.9,224.1,0.7472696304321289
231,115,25367,496.6,642.6,418.0,464.4,0.8864169120788574
232,115,27733,559.3,257.0,301.1,262.5,0.8527634739875793
233,115,3483,121.5,308.1,273.3,198.2,0.8402850031852722
234,115,36637,101.0,881.5,268.6,178.3,0.7305478453636169
235,118,16688,419.4,65.3,436.0,531.3,0.816063642501831
236,118,3351,456.6,845.9,191.2,191.9,0.7731789350509644
237,118,13900,64.7,310.4,231.1,212.1,0.708200991153717
238,119,3351,293.1,191.4,184.7,189.9,0.7788399457931519
239,119,13900,653.3,707.6,229.6,217.7,0.6838849782943726
240,119,16688,72.1,577.6,460.7,572.5,0.6733530163764954
241,120,16688,120.4,674.0,450.6,582.6,0.8222693204879761
242,120,3351,332.6,255.5,186.1,181.1,0.8010250926017761
243,120,33880,691.1,795.9,230.5,215.4,0.6809809803962708
244,122,25367,54.4,89.7,369.6,474.5,0.9025072455406189
245,122,25469,48.0,789.6,354.4,299.6,0.8254836797714233
246,122,3483,575.8,811.0,277.7,193.6,0.8207725286483765
247,122,29667,592.0,171.0,219.2,214.1,0.8200722932815552
248,124,21771,686.2,882.9,199.0,191.8,0.9474062919616699
249,124,21026,670.8,273.3,180.5,171.3,0.8633798360824585
250,124,29871,0.0,769.9,370.0,451.2,0.7716472148895264
251,124,29871,174.6,280.2,202.3,140.0,0.7261131405830383
252,125,21771,116.0,203.9,192.0,183.6,0.9382349848747253
253,125,29871,619.3,29.5,356.7,445.5,0.8783227801322937
254,125,29871,623.6,888.9,205.9,137.9,0.7705885767936707
255,125,21026,138.8,867.5,178.3,177.0,0.7312145233154297
256,126,21771,100.4,196.5,188.0,181.2,0.9496031403541565
257,126,29871,594.3,28.6,346.3,427.4,0.8701705932617188
258,126,21026,103.2,833.8,182.9,179.8,0.8392756581306458
259,126,29871,596.3,855.8,210.3,146.0,0.7882204651832581
260,127,5094,137.6,856.6,284.9,287.6,0.8994726538658142
261,127,12778,135.3,157.2,291.0,526.6,0.8731560111045837
262,127,2483,641.8,112.9,199.7,474.9,0.7942824959754944
263,127,5094,618.8,779.2,257.3,427.4,0.7490347027778625
264,128,5094,135.6,847.4,279.4,272.7,0.874113917350769
265,128,16232,651.9,80.2,193.5,488.3,0.8233422636985779
266,128,12778,136.6,129.7,286.1,529.9,0.7004501819610596
267,128,5094,606.1,778.3,256.7,411.7,0.6558601260185242
268,129,5094,523.9,151.2,268.5,265.3,0.8998609185218811
269,129,16232,84.2,640.8,208.1,494.7,0.8247819542884827
270,129,5094,81.5,73.8,254.3,394.7,0.8153768181800842
271,129,12778,521.5,545.6,284.5,520.1,0.7552497386932373
272,130,3483,173.9,275.1,261.1,220.5,0.8388822674751282
273,130,30308,506.8,764.0,469.2,315.5,0.8245977163314819
274,130,27777,637.6,293.7,176.0,194.1,0.8143723011016846
275,130,36637,129.9,828.7,193.0,255.7,0.7563356161117554
276,132,30308,26.1,179.9,461.0,307.8,0.8697170615196228
277,132,27777,177.8,811.7,176.8,197.8,0.8376328945159912
278,132,27777,665.8,179.2,186.4,247.8,0.8284032940864563
279,132,3483,565.9,812.0,263.4,217.8,0.7965839505195618
280,134,31885,40.1,4.2,352.5,524.1,0.8674620389938354
281,134,16232,652.3,143.0,195.9,398.1,0.8447882533073425
282,134,3483,559.8,811.0,285.7,175.5,0.8176761269569397
283,134,27653,61.4,809.8,224.7,211.5,0.6228512525558472
284,135,31885,48.4,17.7,374.1,533.3,0.8751723170280457
285,135,16232,681.7,152.8,198.1,407.1,0.8517879843711853
286,135,3483,587.4,844.3,283.4,168.2,0.8133943676948547
287,135,27653,95.3,853.9,220.9,205.0,0.7104440927505493
288,136,44199,135.5,244.4,242.9,229.6,0.9040764570236206
289,136,1900,652.5,851.5,208.0,158.4,0.8471837639808655
290,136,29871,79.1,652.4,315.1,484.8,0.8423173427581787
291,136,33009,569.0,212.6,318.6,290.6,0.4766973853111267
292,139,31885,7.9,45.8,398.3,507.1,0.9287003874778748
293,139,27733,583.9,113.3,224.3,390.1,0.8973876237869263
294,139,25469,49.2,788.7,353.1,302.4,0.826107919216156
295,139,3483,575.8,811.6,277.9,192.5,0.8249784111976624
296,140,31885,21.1,66.9,415.7,509.3,0.9430912733078003
297,140,27733,611.5,119.9,232.5,401.4,0.8965922594070435
298,140,3483,602.7,845.1,275.9,187.2,0.826335072517395
299,140,25469,85.0,829.5,346.7,304.9,0.8138113021850586
300,142,44199,79.2,177.6,247.8,222.2,0.9673646688461304
301,142,29667,593.8,155.5,231.9,224.9,0.8876482844352722
302,142,21026,90.9,831.5,183.0,179.7,0.841541588306427
303,142,29871,582.3,866.3,209.3,142.9,0.784626841545105
304,143,44199,92.7,184.7,257.0,227.1,0.9739591479301453
305,143,16548,621.7,162.0,237.6,226.1,0.891559362411499
306,143,21026,125.5,865.0,179.8,176.5,0.7966694831848145
307,143,29871,609.1,899.5,206.1,136.9,0.7885470986366272
308,146,16232,152.0,827.6,191.6,192.6,0.9085412621498108
309,146,3483,173.0,275.3,260.2,220.8,0.844512939453125
310,146,27777,637.0,293.4,176.0,194.2,0.8012952208518982
311,146,31885,555.3,670.6,402.5,528.7,0.6815742254257202
312,148,33880,503.2,238.6,327.0,254.1,0.8145507574081421
313,148,3351,402.3,849.6,189.5,190.5,0.8117125630378723
314,148,20238,119.6,299.1,227.1,220.6,0.3866040110588074
315,148,20238,121.0,298.7,225.7,221.5,0.2806159555912018
316,149,3351,346.7,187.8,184.4,188.8,0.8068585395812988
317,149,20238,594.8,711.6,229.9,226.9,0.806650698184967
318,149,33880,94.4,698.3,339.5,267.0,0.7848319411277771
319,150,20238,634.7,801.1,226.4,222.9,0.8159076571464539
320,150,3351,388.2,251.2,184.8,181.2,0.7938351631164551
321,150,33880,138.5,801.4,335.3,262.7,0.772063136100769
322,151,33208,185.4,267.6,204.0,196.6,0.9235857725143433
323,151,21771,511.2,244.6,410.2,220.2,0.8704045414924622
324,151,1900,642.8,844.0,192.0,189.9,0.7768486738204956
325,151,21771,98.2,819.7,241.1,236.5,0.732624888420105
326,152,33208,582.7,811.6,212.6,202.9,0.9158822894096375
327,152,21771,620.8,205.1,231.3,225.1,0.8888521790504456
328,152,21771,34.4,803.1,422.5,224.2,0.815072238445282
329,152,29871,148.0,239.3,181.2,182.6,0.6808503866195679
330,153,33208,610.5,843.2,209.7,199.1,0.8910373449325562
331,153,21771,648.9,212.9,237.3,226.2,0.8849082589149475
332,153,1900,166.1,248.4,184.2,179.7,0.8004310131072998
333,153,21771,68.4,845.4,418.6,214.1,0.8004112243652344
334,154,5094,596.5,684.7,237.0,490.0,0.947431206703186
335,154,23223,89.0,130.1,319.6,498.7,0.9018586277961731
336,154,2483,622.0,50.1,247.1,470.2,0.8596355319023132
337,154,5094,108.0,806.6,279.4,272.2,0.8554920554161072
338,155,5094,548.1,185.4,272.1,267.1,0.8943400979042053
339,155,5094,115.4,84.1,233.2,472.1,0.877307116985321
340,155,2483,71.5,689.3,251.9,473.1,0.8537295460700989
341,155,23223,532.3,569.9,323.2,502.4,0.7758815884590149
342,156,23223,92.6,162.6,318.4,497.4,0.9243332743644714
343,156,5094,604.2,683.8,246.6,505.8,0.8853275775909424
344,156,5094,109.9,816.3,282.4,284.6,0.8786037564277649
345,156,2483,608.3,87.7,258.9,459.5,0.8746949434280396
346,157,27777,143.7,775.7,180.0,204.6,0.8684290051460266
347,157,25367,109.8,78.5,391.7,462.1,0.856840193271637
348,157,3483,538.4,779.9,266.3,225.0,0.8187348246574402
349,157,20238,576.6,188.1,236.6,227.3,0.7705256342887878
350,159,25367,124.5,97.4,400.5,465.4,0.9066435694694519
351,159,27777,176.8,813.0,176.7,197.4,0.8351423144340515
352,159,3483,565.6,814.8,263.7,218.5,0.7940994501113892
353,159,20238,604.6,195.1,242.0,228.2,0.7684392333030701
354,160,23203,211.7,314.4,133.5,139.5,0.9425116181373596
355,160,4543,146.9,915.4,212.6,211.1,0.8734787106513977
356,160,16232,574.5,265.7,292.3,467.1,0.8468056917190552
357,160,19607,626.7,888.5,214.5,212.0,0.8141180276870728
358,162,12420,629.1,144.0,207.7,201.4,0.8562607169151306
359,162,19607,127.7,537.1,289.2,479.1,0.8334726691246033
360,162,19607,158.0,177.7,207.3,198.6,0.7750541567802429
361,162,23203,654.0,854.2,137.9,133.2,0.7226602435112
362,163,16232,644.3,250.3,187.5,182.2,0.9172481894493103
363,163,27777,178.8,812.2,176.0,198.0,0.8344811797142029
364,163,3483,567.6,812.2,263.3,217.9,0.7908391952514648
365,163,28763,128.0,172.9,211.1,203.4,0.7453193068504333
366,164,28763,652.9,890.0,221.5,215.5,0.9209938049316406
367,164,16232,152.2,827.5,191.8,193.4,0.8729002475738525
368,164,3483,172.7,274.9,260.4,220.3,0.8391735553741455
369,164,27777,636.7,292.1,175.8,196.3,0.812382161617279
370,165,16232,615.9,239.4,183.7,182.0,0.887270987033844
371,165,27777,145.0,775.5,180.3,203.7,0.8493322134017944
372,165,3483,540.1,776.7,266.1,225.4,0.8184060454368591
373,165,28763,110.5,167.2,207.7,199.5,0.43184882402420044
374,170,12778,118.4,152.6,305.0,524.4,0.9269461035728455
375,170,5094,107.3,811.2,283.7,287.3,0.8780868053436279
376,170,2483,620.3,67.7,230.5,472.4,0.822053849697113
377,170,5094,649.5,690.1,245.0,471.7,0.5612483620643616
378,172,25367,112.0,60.0,341.2,506.3,0.8973408341407776
379,172,29667,631.6,180.6,224.1,213.7,0.8142161965370178
380,172,3483,586.6,844.2,282.9,168.1,0.8094689249992371
381,172,27653,94.1,853.3,221.8,203.7,0.7148868441581726
382,173,25367,99.9,47.7,325.8,495.2,0.9020066857337952
383,173,29667,603.3,176.5,218.6,212.4,0.8199782371520996
384,173,3483,559.3,810.9,285.0,175.8,0.8191889524459839
385,173,27653,60.8,809.7,224.9,211.5,0.657350480556488
386,174,25367,546.6,680.5,345.7,518.8,0.9360870122909546
387,174,3483,132.6,287.7,277.2,174.1,0.8269733190536499
388,174,27653,671.3,256.3,221.6,199.1,0.7863137125968933
389,174,29667,124.1,862.9,232.1,227.2,0.784229040145874
390,175,22347,120.7,95.3,278.1,479.1,0.9670148491859436
391,175,3483,594.1,870.7,257.8,231.3,0.8118131160736084
392,175,21771,639.5,204.6,223.1,214.0,0.7782257795333862
393,175,19607,118.1,863.6,223.5,169.3,0.7386894822120667
394,176,22347,589.9,672.1,291.0,491.1,0.961794376373291
395,176,3483,158.8,214.6,245.9,221.4,0.8448268175125122
396,176,21771,117.7,840.2,230.5,225.5,0.7805115580558777
397,176,3544,645.1,278.1,220.3,170.0,0.6058560013771057
398,179,22347,644.4,832.6,212.9,208.8,0.8480637073516846
399,179,3483,173.7,272.3,260.6,219.7,0.8392170667648315
400,179,20238,151.8,851.2,232.0,225.3,0.8391433358192444
401,179,27777,638.4,292.2,175.6,194.4,0.8218595385551453
402,180,27777,143.7,775.9,180.2,205.3,0.847059428691864
403,180,20238,576.7,191.0,221.1,212.8,0.8319286108016968
404,180,3483,539.8,780.1,265.2,225.2,0.8230054974555969
405,180,22347,123.2,229.6,203.9,192.9,0.6712450385093689
406,183,10221,158.5,262.1,219.9,211.4,0.9598960280418396
407,183,3544,641.7,876.4,215.2,214.1,0.8080084323883057
408,183,29871,21.4,694.2,405.0,415.8,0.7780199646949768
409,183,21771,592.6,238.9,211.6,338.2,0.7424229979515076
410,185,23203,628.4,822.4,139.5,138.3,0.9195231199264526
411,185,29667,133.6,737.9,240.3,234.7,0.8932939171791077
412,185,12420,601.3,144.7,201.7,196.8,0.860965371131897
413,185,19607,142.5,171.6,202.1,197.7,0.7838936448097229
414,186,29667,167.0,780.7,236.8,229.3,0.8751333951950073
415,186,12420,629.1,143.9,207.6,201.5,0.8562583327293396
416,186,19607,159.1,178.4,206.8,200.9,0.7782325148582458
417,186,23203,655.9,854.3,137.5,133.6,0.7014856338500977
418,189,5094,137.5,857.0,285.0,287.3,0.9000955820083618
419,189,2483,641.4,116.4,202.4,473.1,0.8027510643005371
420,189,5094,619.1,778.7,256.5,428.5,0.7381240129470825
421,189,12778,87.6,138.6,290.4,522.2,0.6333812475204468
422,191,29667,92.2,788.9,224.6,220.5,0.9345740079879761
423,191,4543,641.0,152.0,200.8,199.5,0.8569105863571167
424,191,19607,580.9,567.2,288.4,487.7,0.7847306132316589
425,191,3544,123.0,183.0,203.6,195.9,0.76826012134552
426,196,16232,90.0,661.4,215.2,491.2,0.8633741736412048
427,196,5094,491.7,125.6,315.1,305.8,0.8462778329849243
428,196,12778,532.9,513.3,287.6,524.6,0.7857062816619873
429,196,5094,83.7,116.6,257.0,392.8,0.7635311484336853
430,197,5094,120.6,827.1,326.2,319.6,0.9224965572357178
431,197,12778,117.7,173.4,291.3,520.2,0.8847609758377075
432,197,2483,635.6,59.2,201.9,488.9,0.8230103850364685
433,197,5094,601.6,732.8,262.4,408.7,0.6737872362136841
434,198,5094,120.7,836.4,333.3,336.4,0.9033294320106506
435,198,12778,117.9,198.7,291.4,525.7,0.8477338552474976
436,198,5094,609.8,736.8,270.6,416.8,0.7478400468826294
437,198,2483,630.5,94.9,198.4,477.2,0.7262763977050781
438,199,30308,38.4,116.8,407.1,399.8,0.9307926893234253
439,199,27777,175.8,810.5,176.6,198.0,0.8465298414230347
440,199,29667,631.9,164.4,222.3,214.6,0.8264272212982178
441,199,3483,563.4,814.2,264.5,216.3,0.7961370348930359
442,200,30308,559.4,731.5,414.5,409.9,0.8466216921806335
443,200,3483,175.9,273.6,261.6,221.3,0.8316534161567688
444,200,27777,639.7,294.5,175.3,194.4,0.8152101039886475
445,200,29667,125.9,880.1,233.3,226.8,0.7822965979576111
446,202,3483,143.2,291.0,211.9,255.6,0.8865727782249451
447,202,20877,546.5,293.7,325.4,233.9,0.8836537599563599
448,202,22347,688.5,866.8,215.2,208.6,0.8414060473442078
449,202,20238,109.8,836.8,250.2,240.5,0.7957941889762878
450,203,20877,82.8,724.2,332.4,241.5,0.8853902816772461
451,203,3483,624.1,720.0,208.5,270.7,0.8665324449539185
452,203,20238,602.4,187.8,237.1,227.2,0.7576292753219604
453,203,22347,81.9,198.1,201.5,194.1,0.745121955871582
454,204,20877,113.7,765.9,330.7,233.0,0.8900213837623596
455,204,3483,648.7,751.6,212.2,269.8,0.8576837182044983
456,204,20238,630.4,194.6,242.6,228.9,0.7514337301254272
457,204,22347,97.6,204.3,207.2,196.6,0.6271842122077942
458,205,29667,592.9,122.1,230.8,223.5,0.8887044191360474
459,205,23203,623.5,851.0,138.4,136.1,0.811763346195221
460,205,3544,113.3,163.8,201.5,198.2,0.7685226798057556
461,205,21771,165.9,671.8,218.1,367.8,0.7268936634063721
462,210,29667,160.3,751.2,233.2,222.9,0.8552258610725403
463,210,3351,418.0,242.8,185.6,183.1,0.784437894821167
464,210,31863,596.8,875.2,207.5,205.2,0.7475173473358154
465,212,29871,480.1,137.6,443.8,355.2,0.8145071268081665
466,212,29871,623.9,888.6,206.0,137.8,0.7676422595977783
467,212,21026,138.7,867.0,178.4,177.3,0.7637727856636047
468,212,18110,61.7,123.7,302.1,291.7,0.5177135467529297
469,213,21026,103.4,833.6,182.6,180.1,0.8421342372894287
470,213,29871,596.5,855.6,210.2,146.2,0.7925923466682434
471,213,29871,453.6,126.2,431.9,347.8,0.7838107943534851
472,213,18110,47.5,115.7,296.6,284.8,0.4740533232688904
473,214,33208,588.6,800.5,212.6,204.9,0.9109940528869629
474,214,21771,92.0,614.1,271.6,483.4,0.8205088973045349
475,214,19607,568.3,56.1,278.9,465.4,0.7628981471061707
476,214,3544,139.9,242.1,199.6,126.3,0.7068536281585693
477,215,33208,615.9,835.8,209.6,198.8,0.904055118560791
478,215,21771,127.0,660.8,269.0,480.7,0.862114429473877
479,215,19607,156.4,249.7,204.9,124.7,0.7976507544517517
480,215,19607,595.6,61.8,286.3,482.2,0.7573234438896179
481,217,5094,115.6,785.1,327.7,320.8,0.8911864757537842
482,217,2483,591.8,65.7,248.2,484.3,0.8791254758834839
483,217,12778,130.0,123.3,272.4,535.3,0.8064191341400146
484,217,5094,598.6,707.8,236.3,454.2,0.6072613000869751
485,219,3351,538.9,543.5,269.8,535.0,0.8239152431488037
486,219,5094,495.7,165.6,314.4,302.4,0.7781808376312256
487,219,2483,89.3,660.9,260.9,479.9,0.7664653658866882
488,219,5094,110.0,107.7,226.4,433.6,0.5852518677711487
489,222,41768,601.9,737.9,275.6,303.0,0.9537071585655212
490,222,3351,406.0,202.5,184.7,184.3,0.8128367066383362
491,222,16262,171.3,767.9,246.3,238.4,0.7369997501373291
492,224,21771,620.1,172.8,224.5,215.4,0.8316861987113953
493,224,3483,602.9,844.3,275.6,186.9,0.8220449090003967
494,224,25469,83.1,829.6,346.8,301.8,0.8178035020828247
495,224,34597,104.2,76.7,367.1,490.4,0.6376989483833313
496,225,3483,126.6,271.4,270.7,190.0,0.8639577627182007
497,225,25469,575.4,189.9,332.3,283.5,0.7770529389381409
498,225,21771,139.0,872.0,229.8,227.7,0.7480157613754272
499,225,34597,524.7,661.4,375.9,507.6,0.6563193798065186
500,226,33208,646.2,188.6,224.7,216.0,0.8701669573783875
501,226,22347,108.7,229.6,206.0,198.0,0.851944088935852
502,226,3483,601.0,867.5,259.8,229.2,0.8115859031677246
503,226,19607,124.7,864.4,221.5,169.5,0.7400420904159546
504,229,5094,96.5,71.7,244.9,472.5,0.9374915957450867
505,229,2483,54.9,676.4,279.2,460.4,0.8715378642082214
506,229,5094,537.6,150.7,316.5,304.0,0.866570770740509
507,229,23223,497.6,649.8,409.5,459.9,0.6996453404426575
508,231,5094,613.7,691.9,237.0,515.3,0.8851759433746338
509,231,2483,597.3,112.0,288.7,446.3,0.8686206936836243
510,231,5094,73.8,812.9,333.8,330.4,0.8125573992729187
511,231,23223,55.5,129.3,397.0,449.7,0.781676709651947
512,232,27733,115.0,774.5,323.5,267.3,0.8621796369552612
513,232,29667,677.3,189.8,227.0,213.4,0.839209258556366
514,232,3483,597.6,800.0,277.0,203.3,0.8185052275657654
515,232,22347,128.5,233.0,205.8,197.6,0.814552366733551
516,234,29667,648.7,184.8,220.8,213.2,0.8644405603408813
517,234,22347,111.3,223.4,201.8,193.6,0.8620240688323975
518,234,27733,79.5,733.3,329.7,268.3,0.8355642557144165
519,234,3483,570.4,769.3,276.6,202.3,0.8141061663627625
520,236,28763,617.3,834.9,220.0,211.0,0.9037315249443054
521,236,3483,131.9,287.9,276.8,173.6,0.8297019004821777
522,236,27653,670.3,255.1,221.8,199.4,0.7779807448387146
523,236,16232,107.5,684.6,199.3,421.0,0.3491520881652832
524,237,28763,144.2,220.8,209.2,200.9,0.9030356407165527
525,237,16232,651.7,142.8,197.0,398.0,0.8360821008682251
526,237,3483,560.1,811.3,285.4,175.3,0.8192837834358215
527,237,27653,62.3,810.4,223.5,211.5,0.6398404836654663
528,238,18357,69.4,256.4,299.9,303.6,0.9052651524543762
529,238,3351,402.9,835.4,187.7,188.6,0.7950404286384583
530,238,20238,628.4,241.2,242.5,231.5,0.732134222984314
531,241,18147,518.2,257.3,308.0,383.4,0.9373346567153931
532,241,3351,411.1,912.3,190.8,192.5,0.7620114684104919
533,241,20238,129.2,327.7,229.3,219.2,0.37945136427879333
534,243,20238,622.3,768.9,230.0,224.0,0.8428772687911987
535,243,3351,379.5,185.9,183.3,181.8,0.7988718152046204
536,243,18147,143.0,644.7,316.9,406.3,0.6956373453140259
537,244,19607,580.1,2.3,286.7,484.6,0.8437268137931824
538,244,19607,127.9,168.6,206.9,200.3,0.8159741163253784
539,244,21771,197.1,715.9,218.2,361.7,0.7844429016113281
540,244,23203,650.2,883.0,138.3,131.1,0.5554071664810181
541,247,5094,120.0,836.6,333.6,335.8,0.8961533904075623
542,247,12778,56.6,131.6,335.7,503.2,0.8363732695579529
543,247,2483,629.0,95.0,198.6,477.4,0.7657801508903503
544,247,5094,609.5,737.1,270.6,417.4,0.7446399927139282
545,248,5094,120.1,827.0,326.1,319.8,0.9101064801216125
546,248,2483,634.3,59.0,203.7,489.8,0.8337104916572571
547,248,5094,601.3,732.6,262.4,409.5,0.6782076954841614
548,248,12778,52.6,106.2,335.8,500.8,0.5012154579162598
549,249,16232,88.6,662.0,218.4,490.2,0.8652372360229492
550,249,5094,492.2,125.4,314.8,306.1,0.8384461998939514
551,249,5094,84.2,116.1,256.9,393.4,0.7584662437438965
552,249,12778,557.1,592.2,338.0,497.3,0.6950646638870239
553,250,18357,541.6,230.1,245.8,354.8,0.941153347492218
554,250,32310,128.9,208.3,228.8,221.6,0.8578178286552429
555,250,3351,379.0,848.8,189.1,191.5,0.7654126882553101
556,251,18357,140.8,594.2,247.0,373.3,0.8936460614204407
557,251,29667,588.6,793.5,232.1,232.7,0.8495833873748779
558,251,3351,370.0,178.3,182.9,187.2,0.8079200983047485
559,252,29667,624.6,884.5,230.2,224.1,0.8743900656700134
560,252,18357,182.8,689.6,245.3,373.6,0.8739403486251831
561,252,3351,412.1,237.4,185.3,183.2,0.813200056552887
562,253,31863,65.2,258.1,412.6,216.9,0.9793975949287415
563,253,3351,446.8,849.3,189.0,190.3,0.767013430595398
564,253,33880,452.2,252.7,439.5,287.4,0.7519789338111877
565,256,22627,493.4,654.8,318.7,499.1,0.929003894329071
566,256,5094,113.4,90.8,232.9,470.5,0.9095338582992554
567,256,25438,546.1,178.6,246.0,253.3,0.887004017829895
568,256,16232,61.9,663.3,214.1,489.8,0.849375307559967
569,259,41768,112.5,281.9,267.7,288.1,0.9923130869865417
570,259,3351,384.3,894.8,190.4,192.6,0.7585198879241943
571,259,20238,605.0,279.1,226.4,220.9,0.5737059712409973
572,262,29667,603.2,176.6,219.0,212.6,0.8191326260566711
573,262,3483,559.2,810.6,285.3,176.3,0.8177947998046875
574,262,27653,60.4,809.3,225.4,211.9,0.6660983562469482
575,262,34597,76.3,31.3,331.2,498.0,0.6622714996337891
576,264,3483,132.7,287.7,277.1,174.2,0.8297809958457947
577,264,27653,672.3,256.5,220.6,199.2,0.7884153723716736
578,264,29667,124.2,863.1,232.1,227.2,0.7812516093254089
579,264,34597,560.6,677.5,356.6,517.3,0.730734646320343
580,265,16232,143.0,847.1,196.4,191.6,0.9166605472564697
581,265,25367,598.6,661.9,377.4,493.9,0.9129040837287903
582,265,3483,132.4,287.9,276.5,174.0,0.8290067315101624
583,265,27653,670.8,255.9,221.2,199.1,0.788130521774292
584,266,25367,20.1,102.3,389.6,478.0,0.9051461815834045
585,266,16232,648.7,230.8,191.8,181.3,0.8809890747070312
586,266,3483,587.4,844.3,283.0,168.7,0.8134150505065918
587,266,27653,95.4,853.8,220.8,203.8,0.7113592028617859
588,271,27733,632.2,160.9,216.3,397.6,0.8894311189651489
589,271,20877,84.2,723.9,333.0,240.9,0.8824054002761841
590,271,3483,624.9,718.3,208.8,270.8,0.8598490953445435
591,271,22347,105.0,188.7,201.3,193.4,0.8330286145210266
592,273,3483,141.6,292.1,211.6,256.5,0.8865126371383667
593,273,20877,544.6,293.6,326.7,233.8,0.8839138150215149
594,273,27733,96.1,668.6,237.6,414.9,0.8465941548347473
595,273,22347,666.1,876.0,215.1,208.8,0.5215026140213013
596,274,3351,419.6,888.7,191.9,192.7,0.7498584389686584
597,274,31863,206.2,326.0,153.6,234.6,0.6271646022796631
598,274,20014,579.0,256.7,341.7,318.6,0.6169123649597168
599,275,3351,329.1,149.7,185.1,188.7,0.8237980008125305
600,275,31863,582.9,665.0,154.4,243.8,0.6066529750823975
601,275,20014,2.1,645.6,356.4,343.6,0.5716982483863831
602,277,30308,78.3,95.0,400.3,403.8,0.9503063559532166
603,277,10221,620.3,199.4,264.4,150.8,0.8278253078460693
604,277,3483,600.8,867.2,259.8,230.0,0.8077566623687744
605,277,19607,124.7,864.7,221.3,168.9,0.7441766262054443
606,278,30308,523.0,744.6,407.9,417.5,0.949766993522644
607,278,3483,151.9,219.1,246.1,220.5,0.8690577149391174
608,278,10221,95.8,908.6,272.5,164.0,0.800795316696167
609,278,3544,636.5,278.1,222.2,169.3,0.6216228008270264
610,280,3832,437.1,276.8,389.0,350.7,0.9751502275466919
611,280,3351,410.2,866.4,191.0,192.4,0.7629241347312927
612,280,31863,136.1,290.6,188.6,193.8,0.3079395890235901
613,286,30308,29.9,112.6,376.8,408.2,0.9373576045036316
614,286,27777,143.8,775.7,180.2,205.3,0.8683969974517822
615,286,3483,538.9,779.7,265.8,225.3,0.8197571039199829
616,286,20238,575.7,188.2,237.8,228.7,0.7501397728919983
617,287,30308,572.9,700.3,395.6,426.7,0.8526089191436768
618,287,3483,174.3,272.8,260.7,220.8,0.8378627300262451
619,287,27777,639.0,292.6,175.2,195.2,0.8175615072250366
620,287,20238,137.2,836.5,251.3,240.5,0.7994260787963867
621,288,30308,42.9,129.2,388.0,419.4,0.9086113572120667
622,288,27777,176.8,812.9,176.6,198.1,0.8393473029136658
623,288,3483,565.8,815.1,263.3,218.3,0.7898804545402527
624,288,20238,604.1,195.2,242.6,228.4,0.7545626163482666
625,289,25438,143.6,843.8,254.0,252.6,0.8859390616416931
626,289,2483,599.7,81.1,254.0,475.7,0.8374590873718262
627,289,12778,94.4,46.6,273.7,536.2,0.8233088254928589
628,289,5094,586.1,741.8,254.7,411.0,0.6234511733055115
629,291,25438,536.2,173.6,246.7,252.6,0.8928381204605103
630,291,3351,576.8,613.0,268.6,535.9,0.8348278403282166
631,291,2483,77.1,654.7,262.6,474.9,0.8347362875938416
632,291,5094,102.8,105.5,251.3,396.1,0.7791194319725037
633,292,12778,536.4,591.2,333.9,505.4,0.9606499671936035
634,292,25438,548.1,176.1,247.2,252.5,0.8844813108444214
635,292,16232,69.7,660.9,205.5,488.2,0.833340585231781
636,292,5094,116.3,83.1,229.1,476.1,0.7957348227500916
637,295,31863,644.8,296.6,192.7,191.3,0.836685836315155
638,295,3351,412.9,864.2,190.1,190.1,0.7513400316238403
639,295,20014,126.2,195.7,340.3,312.7,0.7356579303741455
640,298,33208,156.9,235.2,205.3,196.4,0.922455370426178
641,298,21771,160.4,775.8,240.7,236.9,0.8546934723854065
642,298,21771,567.9,174.4,253.0,423.4,0.8302109241485596
643,298,19607,687.0,879.3,207.6,131.2,0.8227892518043518
644,299,21771,561.6,245.2,232.9,226.7,0.9027268290519714
645,299,33208,611.7,846.1,213.6,206.2,0.891211748123169
646,299,19607,89.2,260.7,199.9,125.2,0.8144139647483826
647,299,21771,139.3,643.1,251.5,455.8,0.8077785968780518
648,302,33880,98.6,633.8,278.7,324.6,0.9031236171722412
649,302,3351,311.0,160.1,183.0,187.6,0.8062199950218201
650,302,33880,570.4,711.6,237.7,230.7,0.7097609639167786
651,304,5094,130.8,813.5,329.6,331.2,0.876274585723877
652,304,5094,596.5,703.0,232.9,466.6,0.8653784394264221
653,304,2483,624.3,69.5,192.1,469.8,0.77476567029953
654,304,22627,106.8,144.8,305.4,486.2,0.6972041726112366
655,308,41768,559.3,601.3,281.2,302.1,0.9802126884460449
656,308,3351,289.8,204.2,185.0,188.7,0.7932161092758179
657,308,33880,119.3,710.6,189.4,262.3,0.6611552238464355
658,310,12247,617.5,321.9,176.2,181.9,0.9797489047050476
659,310,12420,141.0,865.5,211.0,211.1,0.8603542447090149
660,310,3544,654.4,891.1,215.8,214.0,0.8233183026313782
661,310,29871,105.0,149.0,313.9,449.9,0.7864758372306824
662,313,20877,39.4,753.9,325.6,253.1,0.8954732418060303
663,313,3483,620.5,721.9,210.7,271.9,0.8634017109870911
664,313,29667,597.2,180.9,217.2,216.5,0.809357762336731
665,313,34597,12.6,18.2,451.3,413.7,0.7393295764923096
666,315,3483,145.2,288.2,212.4,255.9,0.8900663256645203
667,315,20877,594.2,258.2,320.9,244.1,0.8870033621788025
668,315,21771,134.2,858.2,230.9,227.8,0.7581708431243896
669,315,34597,505.3,780.9,470.7,427.6,0.754408597946167
670,316,10221,633.9,199.3,223.4,214.3,0.8947712182998657
671,316,29667,166.3,791.3,236.2,226.7,0.8337640166282654
672,316,19607,126.6,233.5,207.1,200.8,0.8230761885643005
673,316,33208,562.5,813.1,371.3,203.9,0.6411367058753967
674,317,10221,125.5,845.1,229.1,225.5,0.9545025825500488
675,317,3544,658.0,832.2,215.2,212.0,0.8245512247085571
676,317,33208,76.8,268.4,363.2,218.6,0.804047167301178
677,317,29667,592.3,282.6,231.2,222.9,0.5799541473388672
678,320,27733,632.3,161.0,216.2,397.6,0.8938474059104919
679,320,28763,135.4,195.8,208.4,198.0,0.8911948800086975
680,320,20877,84.3,724.4,333.4,240.2,0.8763980865478516
681,320,3483,625.1,718.0,209.1,270.8,0.8583061695098877
682,323,22347,655.2,876.1,214.7,208.6,0.831992506980896
683,323,3483,131.5,287.6,277.0,173.5,0.831088125705719
684,323,36637,151.0,801.6,195.6,254.1,0.7996482253074646
685,323,27653,670.4,254.5,221.2,199.5,0.7658587098121643
686,324,3483,588.0,844.3,282.9,167.9,0.8144687414169312
687,324,27777,643.9,207.9,190.1,245.7,0.7846599221229553
688,324,27653,95.5,854.3,221.1,205.0,0.7058414220809937
689,324,22347,130.7,195.0,206.5,196.7,0.6152521967887878
690,325,3483,174.6,272.7,260.6,221.5,0.8362353444099426
691,325,27777,639.0,293.3,175.2,194.5,0.8113526105880737
692,325,20238,137.3,836.1,251.6,240.6,0.8108978271484375
693,325,31885,508.1,703.2,405.1,524.1,0.6413807272911072
694,327,31885,93.3,25.2,409.5,513.8,0.9290827512741089
695,327,27777,176.6,813.0,176.7,197.5,0.840707004070282
696,327,3483,565.3,814.6,263.4,218.3,0.7920071482658386
697,327,22347,604.4,195.2,242.1,228.0,0.7670022249221802
698,328,27733,560.8,258.2,297.7,262.8,0.8498944044113159
699,328,3483,121.5,307.6,273.5,198.7,0.8455328345298767
700,328,36637,100.8,881.0,268.8,178.8,0.7354357242584229
701,328,31885,516.5,639.2,384.4,537.6,0.6450247168540955
702,332,12420,85.0,822.9,187.3,185.0,0.7992092967033386
703,332,19607,564.1,538.5,288.5,485.7,0.7944809198379517
704,332,12420,589.9,168.1,200.8,198.1,0.7785034775733948
705,332,3544,127.9,142.4,201.0,196.7,0.715124249458313
706,334,16232,626.3,221.0,190.9,182.8,0.9154410362243652
707,334,20877,84.1,723.7,332.9,241.3,0.8789896965026855
708,334,3483,624.7,717.9,209.4,271.8,0.864234447479248
709,334,22347,145.4,222.7,201.5,194.6,0.5496257543563843
710,335,16232,134.7,847.3,195.9,191.8,0.9138317108154297
711,335,3483,141.9,291.8,211.3,256.3,0.8874717950820923
712,335,20877,544.6,293.7,326.9,233.6,0.8761299848556519
713,335,22347,621.0,840.2,213.6,205.9,0.7812108993530273
714,336,16232,655.7,231.8,192.5,178.8,0.9216363430023193
715,336,20877,114.2,766.2,332.1,231.6,0.8815308809280396
716,336,3483,650.8,749.7,211.3,268.4,0.8562416434288025
717,336,22347,164.0,232.1,205.6,197.7,0.6699768304824829
718,337,3483,125.7,270.9,271.4,188.8,0.8631612658500671
719,337,22347,639.9,835.4,215.0,208.5,0.858912467956543
720,337,25469,574.3,188.1,331.6,284.6,0.769816517829895
721,337,36637,131.1,827.4,182.4,263.6,0.6299217939376831
722,338,3483,576.0,811.8,278.1,192.4,0.8232419490814209
723,338,25469,48.6,789.1,353.9,301.3,0.8203691244125366
724,338,27777,645.5,167.8,170.4,249.2,0.635651707649231
725,338,22347,128.2,225.1,202.1,195.3,0.4496512711048126
726,339,3483,602.4,845.0,276.1,187.2,0.8261500000953674
727,339,25469,84.7,830.7,346.9,304.1,0.8144962787628174
728,339,22347,144.6,235.4,206.4,197.7,0.7719739675521851
729,339,27777,675.7,170.8,174.7,255.5,0.7295553088188171
730,340,20238,577.0,191.4,220.7,212.8,0.8630329966545105
731,340,27777,144.2,776.0,179.9,204.6,0.8626032471656799
732,340,3483,539.7,779.6,265.3,225.4,0.8188214302062988
733,340,34597,37.3,80.2,392.5,473.6,0.6833553314208984
734,341,20238,604.8,196.3,225.5,214.9,0.8613151907920837
735,341,27777,177.6,813.5,176.2,197.3,0.8452779650688171
736,341,3483,567.1,815.3,262.9,218.1,0.7945911288261414
737,341,34597,50.7,110.2,403.4,467.3,0.6697598099708557
738,344,27777,177.0,813.9,176.3,196.7,0.8220705986022949
739,344,3483,566.0,815.1,263.2,217.6,0.7905274629592896
740,344,20238,604.4,195.1,242.5,228.4,0.7547999620437622
741,344,28763,156.0,192.0,212.3,203.2,0.6801245212554932
742,345,27777,143.4,775.7,180.4,204.7,0.8536571264266968
743,345,3483,538.6,780.1,266.0,224.8,0.8213624954223633
744,345,20238,576.0,187.8,237.8,228.6,0.7539166808128357
745,345,28763,136.9,185.2,208.7,201.0,0.43018195033073425
746,346,16232,644.2,250.1,186.9,182.5,0.91693514585495
747,346,25367,139.0,47.9,340.1,506.6,0.9076183438301086
748,346,27777,178.8,811.8,176.0,198.2,0.8343109488487244
749,346,3483,567.5,812.3,263.3,217.9,0.7984870672225952
750,347,25367,124.7,37.9,327.7,495.2,0.9053387641906738
751,347,16232,616.1,240.0,183.6,182.4,0.8721446990966797
752,347,27777,145.1,775.1,180.1,204.7,0.8572506308555603
753,347,3483,540.3,776.2,265.9,225.6,0.8168047070503235
754,349,27733,615.0,141.2,224.9,401.9,0.8770485520362854
755,349,27777,178.5,812.1,176.2,197.9,0.8406244516372681
756,349,3483,567.9,811.6,262.8,218.2,0.795314610004425
757,349,34597,1.3,129.0,445.2,428.2,0.6521029472351074
758,352,5094,138.5,857.2,284.8,287.3,0.9027583003044128
759,352,2483,641.7,114.3,203.4,475.5,0.8027016520500183
760,352,5094,619.6,778.6,257.9,426.5,0.7515904903411865
761,352,22627,108.6,175.6,329.4,485.5,0.6832267642021179
762,355,5094,550.9,189.6,272.7,268.7,0.8969988822937012
763,355,2483,55.3,696.6,251.5,481.2,0.8445485234260559
764,355,5094,71.3,126.1,227.1,434.8,0.7611206769943237
765,355,23223,538.6,591.3,305.3,504.9,0.5842097997665405
766,356,2483,630.0,29.8,243.2,482.9,0.8579593300819397
767,356,23223,93.7,109.8,305.1,503.1,0.8373876810073853
768,356,5094,106.9,800.5,276.7,275.4,0.7392998933792114
769,356,5094,639.7,687.8,236.7,451.9,0.7235859632492065
770,359,31885,81.8,37.7,371.4,538.5,0.8748561143875122
771,359,27777,175.5,810.4,177.1,198.1,0.8436059355735779
772,359,29667,632.1,164.2,222.0,214.6,0.8296747207641602
773,359,3483,563.1,814.1,264.7,217.0,0.7956027388572693
774,361,3351,428.2,880.9,190.7,191.1,0.7608882188796997
775,361,20238,645.4,287.4,244.3,235.1,0.7367123961448669
776,361,18147,213.5,166.2,211.8,415.0,0.7011088728904724
777,364,5094,102.6,251.9,347.5,328.0,0.9692641496658325
778,364,3351,409.3,853.8,188.3,195.4,0.7901937365531921
779,364,33880,587.9,165.2,242.7,344.3,0.5153629183769226
780,372,3483,603.5,844.5,275.7,187.9,0.824584424495697
781,372,20238,48.0,857.4,378.3,217.5,0.8136375546455383
782,372,20238,575.0,195.9,243.2,229.9,0.7567375302314758
783,372,34597,11.5,138.1,454.2,416.2,0.6235042810440063
784,374,20877,71.8,796.2,324.0,244.9,0.8924225568771362
785,374,25367,103.2,32.5,403.1,465.9,0.8860700130462646
786,374,3483,645.6,753.9,213.6,269.5,0.8584684729576111
787,374,29667,625.4,185.1,222.7,216.0,0.8315306901931763
788,379,31863,137.1,313.7,206.8,208.7,0.9222514033317566
789,379,16688,453.8,152.9,490.8,479.3,0.856820285320282
790,379,3351,463.8,858.3,191.2,192.0,0.7969781756401062
791,380,16688,0.0,546.9,491.3,517.5,0.8892966508865356
792,380,31863,598.0,714.4,210.1,213.8,0.8060246706008911
793,380,3351,285.6,178.4,186.1,191.3,0.7992004752159119
794,382,5094,613.4,692.8,237.2,514.5,0.8723961710929871
795,382,2483,599.0,112.0,285.9,444.5,0.8715104460716248
796,382,5094,73.8,812.6,333.6,330.4,0.8420505523681641
797,384,5094,599.7,694.1,245.1,496.5,0.9484395980834961
798,384,5094,73.5,800.8,327.2,317.8,0.8703954219818115
799,384,2483,614.5,78.0,274.8,457.1,0.8355991244316101
800,384,12778,90.0,89.3,384.7,458.6,0.3339247703552246
801,387,20238,134.6,869.1,230.1,225.4,0.867485761642456
802,387,3483,131.7,287.8,276.7,174.0,0.8291633129119873
803,387,27653,669.8,255.0,221.3,199.1,0.7709670066833496
804,387,31885,494.6,649.9,421.9,515.1,0.5947156548500061
805,389,20877,84.3,723.6,332.3,242.0,0.8878995776176453
806,389,3483,624.3,719.2,209.1,271.1,0.8658340573310852
807,389,20238,602.9,186.6,236.2,227.7,0.7626116275787354
808,389,34597,29.0,124.2,439.2,422.9,0.5460084676742554
809,390,20877,114.6,765.6,331.3,232.3,0.8871555924415588
810,390,3483,650.2,750.7,211.4,269.4,0.8570312261581421
811,390,20238,630.6,193.1,242.0,229.8,0.7532919645309448
812,390,34597,40.7,156.0,454.1,414.2,0.6561784148216248
813,392,33208,659.2,900.1,214.9,208.6,0.9172182083129883
814,392,21026,683.6,275.2,179.0,171.5,0.8457525968551636
815,392,3544,188.1,274.7,202.3,135.5,0.7454222440719604
816,392,3544,112.0,697.4,295.5,500.8,0.7342770099639893
817,393,33208,110.3,159.5,205.7,196.2,0.9078009128570557
818,393,21026,91.1,831.2,183.2,179.9,0.8395891189575195
819,393,19607,557.2,48.7,280.8,468.9,0.8011085391044617
820,393,29871,582.0,866.2,209.7,142.4,0.7862730026245117
821,394,28763,604.8,855.4,222.0,214.3,0.9066477417945862
822,394,20238,139.6,849.9,231.0,226.8,0.8763628005981445
823,394,3483,125.2,271.6,271.5,189.6,0.8611652255058289
824,394,22347,573.6,230.5,372.5,218.9,0.7739618420600891
825,395,28763,173.6,208.1,211.4,203.2,0.8684433698654175
826,395,20238,618.1,195.7,227.1,215.5,0.8616224527359009
827,395,3483,603.5,844.5,275.6,187.6,0.8234414458274841
828,395,20238,48.1,857.8,378.4,217.4,0.819496750831604
829,396,28763,153.2,198.6,209.8,201.2,0.8678394556045532
830,396,20238,589.8,191.0,222.4,212.8,0.8498038649559021
831,396,3483,576.4,811.1,278.9,192.8,0.82220458984375
832,396,20238,12.4,813.4,386.4,221.1,0.8177944421768188
833,400,33208,614.1,771.7,211.9,203.4,0.8871244788169861
834,400,16548,604.5,124.1,230.5,225.1,0.8739698529243469
835,400,29871,134.1,245.9,194.1,155.5,0.8689016699790955
836,400,33009,14.0,772.2,365.3,241.6,0.6996670365333557
837,401,33208,154.6,297.0,203.8,194.1,0.930816650390625
838,401,1900,641.0,858.2,208.1,167.1,0.8815284371376038
839,401,21771,110.6,899.1,244.3,239.5,0.8025194406509399
840,401,33009,585.9,240.8,357.1,238.7,0.7748555541038513
841,404,18147,10.1,587.3,296.7,421.2,0.9244781136512756
842,404,3351,358.1,145.0,185.6,187.7,0.7960363626480103
843,404,31863,437.3,697.8,416.4,234.6,0.5959514379501343
844,409,29871,135.8,242.5,189.9,166.3,0.8740414977073669
845,409,29871,0.0,726.4,478.4,330.9,0.8097456693649292
846,409,33208,518.6,791.5,381.3,208.3,0.7835034132003784
847,411,1900,646.8,854.0,200.8,174.9,0.8700824975967407
848,411,33208,86.6,255.8,367.7,210.1,0.8683377504348755
849,411,29871,500.0,200.2,460.2,312.2,0.7468962073326111
850,411,33878,22.8,825.3,402.4,302.5,0.2831977307796478
851,412,5094,107.3,810.9,283.9,287.3,0.8747676610946655
852,412,2483,625.2,67.6,221.3,472.5,0.8289087414741516
853,412,22627,113.5,188.6,309.4,497.1,0.7874634265899658
854,412,5094,650.2,689.7,243.9,471.7,0.575911819934845
855,413,22627,110.9,161.5,311.3,494.7,0.8746092915534973
856,413,2483,628.9,30.8,245.9,482.1,0.8553041219711304
857,413,5094,106.6,800.2,276.9,275.2,0.740679919719696
858,413,5094,639.7,688.1,236.8,451.6,0.7257788777351379
859,414,22627,518.1,547.9,308.8,496.7,0.9068355560302734
860,414,5094,551.7,190.9,270.7,268.6,0.8952674865722656
861,414,2483,53.6,696.2,255.9,481.0,0.8365599513053894
862,414,5094,71.2,126.5,227.3,434.6,0.7592911124229431
863,415,31885,98.7,93.7,323.7,540.4,0.872166097164154
864,415,3483,600.9,867.6,259.6,228.9,0.8118938207626343
865,415,20238,638.3,179.1,243.2,228.8,0.7672907710075378
866,415,19607,124.7,864.6,221.6,168.9,0.7500751614570618
867,416,31885,79.0,70.6,315.9,539.2,0.8902575969696045
868,416,3483,572.3,836.4,263.1,231.5,0.8615249395370483
869,416,20238,610.6,172.8,237.0,228.2,0.7929143309593201
870,416,19607,88.0,827.3,229.3,174.7,0.7463694214820862
871,417,3483,151.4,219.2,246.6,220.9,0.8640334010124207
872,417,31885,566.0,611.1,333.3,557.1,0.815028727054596
873,417,33208,100.4,851.1,249.4,239.4,0.7977190613746643
874,417,3544,637.8,277.0,220.9,170.8,0.6342325210571289
875,419,25367,542.4,735.1,433.6,437.9,0.893557608127594
876,419,20238,113.7,854.4,231.5,226.1,0.8766571879386902
877,419,27733,565.1,260.8,299.6,267.1,0.8714056015014648
878,419,3483,121.8,306.8,273.4,199.9,0.8488479256629944
879,420,25367,2.2,72.9,431.0,421.7,0.8872373104095459
880,420,27733,85.5,728.8,322.1,280.8,0.8700856566429138
881,420,20238,614.6,186.4,222.2,214.0,0.8653599619865417
882,420,3483,580.3,760.4,274.7,207.5,0.8022697567939758
883,422,3483,153.3,218.6,246.0,219.9,0.8716599941253662
884,422,10221,96.1,907.8,272.2,164.0,0.8061025738716125
885,422,33208,554.8,697.2,355.4,514.8,0.7730012536048889
886,422,3544,639.0,278.5,220.4,169.4,0.60588538646698
887,423,3483,570.6,837.3,262.4,231.4,0.8623480796813965
888,423,10221,591.5,196.3,258.9,152.9,0.8391293883323669
889,423,19607,88.1,826.7,226.7,176.0,0.7538514137268066
890,423,34597,79.9,15.5,331.4,495.1,0.7101315259933472
891,429,27733,129.2,774.5,316.0,277.6,0.8708664774894714
892,429,29667,666.2,180.9,227.0,212.7,0.8271589279174805
893,429,3483,608.3,790.4,275.0,208.1,0.8051114678382874
894,429,34597,69.4,156.8,500.0,349.5,0.7590715885162354
895,430,33878,617.0,792.1,168.3,218.5,0.9877520799636841
896,430,27733,63.1,610.2,415.5,409.1,0.8210899233818054
897,430,12420,612.1,154.8,202.6,197.2,0.8072801828384399
898,430,3544,182.6,199.3,204.1,197.4,0.7103720903396606
899,431,33878,646.1,830.4,162.4,212.8,0.9909955859184265
900,431,27733,97.4,662.7,409.1,399.7,0.8304126262664795
901,431,12420,640.5,154.2,207.9,200.8,0.8231717348098755
902,431,19607,199.6,206.3,208.6,201.1,0.6955196261405945
903,432,33878,192.5,258.7,162.4,212.1,0.9859192371368408
904,432,4543,134.7,905.8,210.5,210.2,0.8686999678611755
905,432,3544,584.8,858.0,214.3,213.9,0.8180133104324341
906,432,1900,492.8,229.3,399.1,387.0,0.7400973439216614
907,433,30308,93.1,103.7,351.6,424.8,0.9154689908027649
908,433,16232,618.9,178.6,188.8,182.9,0.8840785622596741
909,433,27733,85.4,728.0,321.9,280.2,0.867756724357605
910,433,3483,580.2,760.8,274.6,206.6,0.7979480624198914
911,434,16232,141.8,891.9,196.8,193.3,0.9224581122398376
912,434,30308,532.3,689.4,371.2,451.9,0.8937180042266846
913,434,27733,565.1,260.5,300.4,267.5,0.8730821013450623
914,434,3483,122.2,307.2,273.3,199.2,0.8494275808334351
915,435,16232,647.5,185.1,192.9,179.5,0.9225793480873108
916,435,30308,107.8,117.1,361.9,441.5,0.9056084752082825
917,435,3483,606.8,791.6,274.2,208.9,0.8088074326515198
918,435,27733,121.8,768.6,317.2,275.0,0.8071579933166504
919,436,31885,36.8,134.2,452.8,479.2,0.9498019218444824
920,436,20238,618.3,196.1,226.0,215.3,0.8670167326927185
921,436,3483,603.6,844.2,276.0,187.8,0.8259684443473816
922,436,20238,47.9,857.4,378.1,217.3,0.8050493597984314
923,443,5094,77.1,98.6,224.4,441.1,0.9704274535179138
924,443,25438,569.3,185.9,246.4,253.5,0.8987670540809631
925,443,2483,84.6,672.3,245.5,474.1,0.8658407330513
926,443,22627,530.7,676.1,345.0,485.1,0.770111620426178
927,444,5094,651.6,702.6,224.0,477.2,0.9080870747566223
928,444,25438,111.8,841.1,258.2,266.6,0.8950746059417725
929,444,2483,600.5,101.6,249.3,458.8,0.8867406249046326
930,444,22627,75.3,76.3,333.9,476.0,0.7342821359634399
931,449,3483,587.3,844.1,283.6,167.7,0.8105586171150208
932,449,20238,623.0,183.2,242.0,229.2,0.7489744424819946
933,449,27653,96.3,853.7,220.1,203.7,0.7247337102890015
934,449,34597,44.9,128.5,383.9,480.5,0.7083684206008911
935,452,44199,179.0,234.1,197.5,259.3,0.8968077898025513
936,452,21771,512.3,245.4,409.8,219.3,0.8617018461227417
937,452,19607,138.6,633.5,309.4,490.4,0.8385473489761353
938,452,1900,641.8,844.1,192.5,189.9,0.7738040089607239
939,454,12778,498.5,592.1,294.1,522.7,0.9790984392166138
940,454,5094,125.9,84.8,233.6,475.0,0.8884167075157166
941,454,5094,563.1,196.3,271.2,267.4,0.8875814080238342
942,454,2483,103.6,701.5,234.4,485.4,0.8352451920509338
943,455,12778,146.1,87.9,296.6,523.7,0.9806101322174072
944,455,5094,585.3,678.6,233.0,493.1,0.9331825971603394
945,455,5094,92.9,794.2,279.6,274.1,0.8706761598587036
946,455,2483,603.9,23.3,217.3,485.2,0.860725462436676
947,456,12778,143.3,118.6,297.8,520.5,0.9803076386451721
948,456,5094,592.6,681.3,243.6,506.2,0.9060267210006714
949,456,5094,95.8,806.2,282.3,284.7,0.898318886756897
950,456,2483,600.5,62.5,204.2,474.7,0.8362675309181213
951,457,12778,112.6,156.1,280.2,533.9,0.9531127214431763
952,457,5094,629.5,674.2,236.0,501.3,0.9353314638137817
953,457,2483,637.4,66.3,220.4,482.7,0.8606593012809753
954,457,5094,133.6,834.0,280.3,274.0,0.8386715054512024
955,458,12778,109.0,180.7,285.1,531.4,0.9558812975883484
956,458,5094,641.0,672.5,239.2,516.2,0.9362801909446716
957,458,5094,135.5,843.8,284.8,286.0,0.8784520030021667
958,458,2483,629.1,97.5,221.5,474.6,0.8719165325164795
959,459,5094,80.1,80.6,232.2,485.9,0.9353204965591431
960,459,3351,552.9,519.2,269.5,526.6,0.928484320640564
961,459,5094,523.9,161.7,272.0,266.1,0.9076394438743591
962,459,16232,85.1,660.2,211.7,488.0,0.6271607875823975
963,460,16232,93.7,661.4,208.1,490.1,0.8507818579673767
964,460,5094,491.7,125.6,315.1,305.9,0.8473851680755615
965,460,5094,83.6,116.6,257.5,392.9,0.7453000545501709
966,460,23223,509.1,581.3,293.1,509.3,0.7372081875801086
967,462,23223,133.7,148.0,294.0,506.3,0.9232285618782043
968,462,5094,120.5,836.8,333.7,335.8,0.8817230463027954
969,462,2483,630.8,97.7,202.2,474.9,0.7541639804840088
970,462,5094,609.7,737.0,271.0,417.4,0.7491409778594971
971,463,28763,623.8,873.4,221.4,213.5,0.9058687090873718
972,463,20238,133.3,869.7,230.7,226.2,0.8678650259971619
973,463,3483,130.8,287.8,276.6,174.3,0.8305487632751465
974,463,27653,669.5,254.1,221.0,198.5,0.7645037770271301
975,464,28763,137.6,183.6,208.0,200.4,0.8985596895217896
976,464,20238,594.9,173.3,220.1,212.5,0.8710878491401672
977,464,3483,561.3,810.5,286.1,175.7,0.8160258531570435
978,464,27653,63.9,811.1,224.2,211.6,0.69206303358078
979,465,20238,623.0,176.3,226.9,216.6,0.890172004699707
980,465,28763,154.9,191.7,212.7,202.3,0.8862154483795166
981,465,3483,589.1,844.0,282.9,167.7,0.8109849691390991
982,465,27653,96.9,854.4,221.1,205.4,0.7020910382270813
983,468,23223,113.8,113.8,303.5,506.9,0.9041995406150818
984,468,25438,156.4,872.7,259.3,266.6,0.8843875527381897
985,468,2483,603.7,110.3,197.5,474.0,0.8064870238304138
986,468,5094,604.3,747.6,266.6,420.9,0.6800095438957214
987,469,28763,150.3,220.4,211.5,201.5,0.8944016098976135
988,469,3483,608.3,791.1,273.7,209.8,0.8130158185958862
989,469,27733,122.8,768.8,316.8,275.5,0.810858428478241
990,469,27733,601.0,126.1,256.3,390.0,0.8102772831916809
991,472,16548,627.2,148.7,238.0,225.5,0.8774203658103943
992,472,19607,149.1,189.4,208.8,201.9,0.7772617340087891
993,472,29667,189.1,707.8,217.7,362.6,0.7533460259437561
994,472,33878,630.0,851.6,225.2,136.9,0.7383005619049072
995,474,33878,153.8,306.5,218.3,149.7,0.9567732214927673
996,474,3544,634.6,874.6,215.5,214.5,0.8229093551635742
997,474,21771,116.9,880.2,242.8,238.8,0.7695856094360352
998,474,21771,589.8,236.8,211.9,336.5,0.7497700452804565
999,475,5094,600.1,711.6,237.0,525.0,0.9655771851539612
1000,475,25438,126.6,823.3,257.4,266.1,0.886198878288269
1001,475,2483,598.9,78.8,204.4,477.7,0.8009869456291199
1002,475,22627,92.1,143.3,311.5,490.1,0.5013461112976074
1003,477,5094,586.5,706.6,240.5,508.4,0.958480715751648
1004,477,25438,123.4,810.8,256.3,254.1,0.8983957767486572
1005,477,2483,602.9,41.7,213.9,489.2,0.8626495599746704
1006,477,22627,86.2,110.9,317.5,488.3,0.7334033250808716
1007,479,25367,64.6,79.5,375.9,471.9,0.8965250253677368
1008,479,27777,144.4,774.8,180.1,204.7,0.8694690465927124
1009,479,3483,538.3,776.2,266.1,225.7,0.8167535066604614
1010,479,27777,637.2,175.7,181.6,243.2,0.788829505443573
1011,481,5094,641.4,672.8,238.4,516.1,0.938209056854248
1012,481,5094,135.4,844.1,284.5,285.5,0.8888447284698486
1013,481,2483,629.1,99.1,221.4,473.0,0.8733289241790771
1014,481,22627,77.3,113.6,305.0,490.2,0.7340421080589294
1015,482,5094,80.2,80.6,231.7,485.9,0.9398452043533325
1016,482,5094,523.9,161.6,272.0,266.8,0.9101592302322388
1017,482,16232,83.6,657.4,213.1,489.9,0.636416494846344
1018,482,22627,554.4,631.6,311.6,493.3,0.5876519083976746
1019,484,16688,479.3,114.5,418.8,536.8,0.797724187374115
1020,484,3351,419.8,894.2,191.4,192.5,0.7823535799980164
1021,484,33880,27.3,325.1,291.8,324.2,0.6953291296958923
1022,485,3351,329.1,145.7,184.5,188.3,0.8216356039047241
1023,485,33880,626.1,533.0,289.8,339.5,0.789596438407898
1024,485,16688,38.6,520.1,425.6,581.7,0.4040864408016205
1025,486,33880,666.2,631.3,291.7,343.0,0.8223879337310791
1026,486,3351,370.6,203.5,183.7,183.9,0.8170126676559448
1027,486,16688,79.7,620.0,425.9,585.8,0.7929028868675232
1028,487,31885,94.3,43.4,416.6,513.9,0.9306177496910095
1029,487,16232,647.8,185.3,192.4,179.3,0.9063594937324524
1030,487,3483,607.1,791.9,273.4,208.7,0.8083075881004333
1031,487,27733,121.8,769.1,317.1,274.6,0.7996824383735657
1032,493,19607,682.7,901.5,165.2,161.1,0.8813766241073608
1033,493,21026,683.7,274.9,178.7,171.6,0.8433701395988464
1034,493,29871,186.6,290.3,200.0,155.1,0.8025553822517395
1035,493,21771,123.2,886.3,244.5,237.6,0.7207775115966797
1036,494,19607,136.0,213.1,153.9,150.7,0.9203835129737854
1037,494,29667,592.9,137.9,230.8,225.1,0.8778106570243835
1038,494,21026,91.0,831.2,183.2,180.0,0.8469164371490479
1039,494,29871,587.1,828.6,205.7,164.3,0.7635267972946167
1040,496,21325,500.1,180.8,372.9,365.1,0.987983226776123
1041,496,3351,394.3,870.8,189.9,192.2,0.7638365030288696
1042,496,32310,165.9,293.4,187.9,251.2,0.5918206572532654
1043,497,3832,53.3,652.1,388.6,381.2,0.9856379628181458
1044,497,3351,356.3,160.0,179.6,184.2,0.7502138614654541
1045,497,32310,587.8,667.2,194.8,261.6,0.40002313256263733
1046,499,25367,522.8,724.9,441.6,458.2,0.867205023765564
1047,499,3483,125.2,271.5,271.4,190.2,0.8640676140785217
1048,499,20238,167.2,834.4,251.4,241.2,0.7981749773025513
1049,499,22347,573.0,230.6,372.9,219.8,0.7692534327507019
1050,500,25367,36.0,62.8,414.0,437.2,0.8722392916679382
1051,500,3483,576.6,810.8,278.4,193.1,0.8226718306541443
1052,500,20238,12.3,812.9,385.9,221.7,0.8167423605918884
1053,500,20238,547.2,188.7,237.1,228.6,0.7584102749824524
1054,501,25367,43.9,72.9,432.8,446.5,0.8595734238624573
1055,501,3483,603.9,844.3,275.1,187.6,0.8269782066345215
1056,501,20238,48.0,857.3,378.5,217.5,0.8186318874359131
1057,501,20238,575.1,196.1,243.5,229.8,0.7557482719421387
1058,502,30308,551.3,727.5,413.9,413.9,0.8871173858642578
1059,502,20238,140.2,849.9,230.6,226.8,0.8797698616981506
1060,502,3483,125.3,271.6,271.3,190.2,0.8631064295768738
1061,502,22347,573.9,230.4,372.2,219.8,0.7715997099876404
1062,503,30308,39.9,100.0,386.9,395.7,0.9266120791435242
1063,503,20238,589.6,191.3,222.4,212.9,0.8571379780769348
1064,503,3483,576.3,811.1,278.5,193.0,0.8199182152748108
1065,503,20238,11.1,812.0,384.2,222.6,0.8178049325942993
1066,506,38162,536.2,627.4,197.1,307.0,0.9202882647514343
1067,506,31863,82.8,696.7,211.0,215.4,0.8055456876754761
1068,506,3351,352.6,137.7,183.5,190.2,0.7888995409011841
1069,507,38162,573.4,725.2,198.0,295.7,0.8886973261833191
1070,507,3351,393.0,196.8,185.9,183.8,0.7853291630744934
1071,507,31863,125.2,784.9,208.0,205.6,0.730323076248169
1072,508,3351,418.8,869.6,191.5,191.9,0.7711935639381409
1073,508,31863,167.7,261.2,187.2,189.0,0.6915123462677002
1074,508,18147,540.5,236.8,337.0,355.0,0.3772919476032257
1075,509,31863,589.1,780.8,188.7,193.8,0.8841233253479004
1076,509,18147,42.2,606.0,355.4,381.2,0.8569486141204834
1077,509,3351,329.8,167.0,184.9,188.8,0.7947814464569092
1078,511,25367,571.6,739.0,394.3,501.0,0.9038316607475281
1079,511,3483,153.4,218.2,246.3,220.5,0.8704920411109924
1080,511,10221,95.9,907.8,272.3,164.2,0.7927995324134827
1081,511,3544,639.2,278.1,220.1,169.6,0.6187345385551453
1082,515,30308,93.4,184.6,425.9,369.0,0.9316504001617432
1083,515,27733,614.9,141.2,225.0,401.8,0.8733803033828735
1084,515,27777,178.5,811.6,176.5,198.4,0.836157500743866
1085,515,3483,567.2,811.4,263.3,217.5,0.7897744178771973
1086,516,27733,137.1,703.7,244.0,411.7,0.896567165851593
1087,516,30308,479.7,700.5,437.7,372.1,0.8920575976371765
1088,516,3483,173.0,275.6,260.3,220.5,0.8429628014564514
1089,516,27777,637.0,293.6,176.2,194.3,0.8045011758804321
1090,517,31885,25.9,14.1,387.0,527.3,0.8988736271858215
1091,517,3483,587.6,844.4,283.3,167.8,0.8124093413352966
1092,517,27777,643.8,208.2,189.9,246.2,0.7960620522499084
1093,517,27653,95.2,854.3,221.1,204.9,0.7153772115707397
1094,518,31885,13.5,2.6,369.1,518.2,0.8919188976287842
1095,518,3483,560.4,810.9,285.0,175.7,0.8187102675437927
1096,518,27777,614.4,202.8,185.5,242.4,0.7741591334342957
1097,518,27653,62.4,810.4,224.3,212.0,0.6750704646110535
1098,519,3483,132.1,287.8,276.5,173.8,0.8288151621818542
1099,519,36637,151.4,801.8,195.4,254.2,0.8093317747116089
1100,519,27653,670.3,254.7,221.5,199.5,0.7811670303344727
1101,519,31885,597.7,695.3,374.2,542.2,0.6893693208694458
1102,520,28763,616.4,905.8,220.5,213.1,0.8933477997779846
1103,520,3483,175.3,273.5,261.7,221.2,0.8373178839683533
1104,520,27777,639.4,294.4,175.5,194.4,0.818176805973053
1105,520,29667,125.6,880.2,233.3,227.4,0.7817167043685913
1106,521,28763,147.6,154.8,206.4,198.5,0.9057374596595764
1107,521,27777,142.6,774.2,180.8,203.6,0.8531776070594788
1108,521,3483,535.5,777.7,267.1,225.7,0.8163655400276184
1109,521,29667,601.8,161.5,216.6,212.8,0.8074851036071777
1110,522,28763,162.9,159.3,213.1,201.7,0.8816460967063904
1111,522,29667,631.7,163.4,222.7,214.9,0.8416156768798828
1112,522,27777,176.2,810.7,176.8,198.0,0.8349916338920593
1113,522,3483,563.7,813.3,263.7,218.6,0.7995317578315735
1114,525,16232,140.9,891.6,197.5,194.3,0.9129812717437744
1115,525,28763,635.9,864.3,222.5,212.5,0.9019019603729248
1116,525,27733,565.2,261.0,299.4,266.3,0.8703352808952332
1117,525,3483,121.9,306.6,273.2,199.1,0.846829891204834
1118,526,22347,547.8,705.8,315.8,479.7,0.9592815041542053
1119,526,3483,151.6,219.0,246.3,220.7,0.8674614429473877
1120,526,33208,100.3,851.0,249.0,239.9,0.8025103807449341
1121,526,3544,636.1,278.1,222.4,169.4,0.6297367811203003
1122,527,22347,143.3,72.3,310.7,469.0,0.9719688296318054
1123,527,3483,601.3,866.2,259.3,230.3,0.8131133913993835
1124,527,20238,638.1,178.8,243.4,229.1,0.7750803828239441
1125,527,19607,124.6,864.3,221.8,169.2,0.7505884170532227
1126,528,22347,127.6,63.7,296.9,450.1,0.9659901261329651
1127,528,3483,572.6,837.0,262.9,230.9,0.8653126955032349
1128,528,20238,610.7,172.5,236.9,228.7,0.7858389616012573
1129,528,19607,89.7,827.3,227.2,175.5,0.7507176995277405
1130,529,20238,618.3,195.6,226.5,215.7,0.8582046627998352
1131,529,3483,603.6,844.2,275.7,188.2,0.8251645565032959
1132,529,22347,106.6,241.1,205.9,196.7,0.8168516159057617
1133,529,20238,47.8,857.7,378.7,217.4,0.8126960396766663
1134,530,20238,139.5,849.8,231.1,226.9,0.8783738613128662
1135,530,3483,125.3,271.4,271.3,189.7,0.8638049960136414
1136,530,22347,679.8,830.5,213.2,207.6,0.8527676463127136
1137,530,22347,573.4,230.5,372.6,219.2,0.7766502499580383
1138,531,20238,589.9,191.0,222.5,212.8,0.845966637134552
1139,531,20238,12.2,813.7,385.8,221.0,0.8225256204605103
1140,531,3483,576.1,810.9,278.7,192.9,0.820026695728302
1141,531,22347,88.8,231.0,203.4,193.8,0.798750102519989
1142,532,2483,599.6,111.9,284.6,443.8,0.8705722689628601
1143,532,5094,613.6,694.2,237.1,515.9,0.8409483432769775
1144,532,5094,73.8,813.3,333.6,330.0,0.8067060708999634
1145,532,22627,115.4,111.6,383.6,427.4,0.792696475982666
1146,533,5094,599.7,694.5,245.3,496.0,0.951610267162323
1147,533,5094,73.5,800.6,327.2,318.3,0.8798286318778992
1148,533,19552,112.5,72.1,388.7,433.2,0.8719215393066406
1149,533,2483,614.9,77.6,274.5,456.5,0.8405835628509521
1150,534,5094,96.4,71.1,245.1,472.8,0.93818598985672
1151,534,19552,443.6,693.6,396.9,436.6,0.8926576972007751
1152,534,5094,537.7,150.6,316.6,304.4,0.878301203250885
1153,534,2483,54.7,677.3,279.8,459.5,0.8692601919174194
1154,535,31885,84.1,142.1,414.3,508.5,0.9128460884094238
1155,535,3483,602.4,845.4,275.9,186.0,0.8273189663887024
1156,535,25469,84.4,830.2,346.6,304.0,0.8100207448005676
1157,535,27777,675.6,171.4,174.0,255.2,0.7274642586708069
1158,536,31885,67.7,115.4,400.9,505.2,0.922640860080719
1159,536,3483,575.6,811.4,278.6,192.9,0.8268797993659973
1160,536,25469,48.5,789.2,353.6,301.1,0.8206707835197449
1161,536,27777,645.9,168.7,168.9,249.4,0.6470648050308228
1162,537,3483,126.3,271.5,270.9,189.2,0.8632504940032959
1163,537,25469,574.2,188.3,332.0,284.5,0.7570987939834595
1164,537,36637,131.6,828.1,182.1,263.3,0.679207980632782
1165,537,31885,514.8,594.0,405.6,521.6,0.5514114499092102
1166,539,38162,596.1,707.0,199.3,306.2,0.9016268253326416
1167,539,3351,322.5,132.9,185.2,187.8,0.7844435572624207
1168,539,20014,8.6,667.6,353.3,344.2,0.6451275944709778
1169,540,38162,633.7,804.8,194.6,296.5,0.852230429649353
1170,540,3351,362.7,189.3,185.6,182.2,0.8065720200538635
1171,540,20014,52.6,751.4,350.1,340.1,0.688934326171875
1172,541,3544,145.3,899.9,195.6,189.9,0.9104524254798889
1173,541,3483,151.7,219.2,246.1,220.6,0.8678889870643616
1174,541,31885,579.4,649.0,332.9,556.3,0.7849578857421875
1175,541,3544,636.2,278.1,222.2,169.3,0.6167668104171753
1176,542,31885,71.8,34.4,310.1,534.8,0.8737903237342834
1177,542,3483,572.7,835.9,262.3,232.1,0.8635827302932739
1178,542,19607,87.6,827.1,229.8,175.3,0.7432118654251099
1179,542,3544,618.6,173.0,184.4,180.6,0.7362812161445618
1180,543,3483,601.1,867.9,259.6,228.7,0.8096410036087036
1181,543,31885,84.7,51.5,325.1,545.8,0.8029459118843079
1182,543,3544,645.8,176.1,190.7,186.1,0.7472827434539795
1183,543,19607,124.7,864.9,221.6,168.7,0.7365462779998779
1184,545,22347,662.1,862.7,215.8,208.4,0.8561533689498901
1185,545,3483,175.9,273.2,261.8,220.7,0.8348120450973511
1186,545,27777,640.0,295.3,175.1,193.9,0.8251978158950806
1187,545,29667,125.2,879.7,232.4,227.8,0.7582042217254639
1188,546,27777,142.1,774.3,180.8,203.4,0.8556146025657654
1189,546,3483,535.2,778.2,267.3,225.6,0.8142529129981995
1190,546,29667,602.0,162.2,216.6,212.7,0.8063730001449585
1191,546,22347,105.4,200.6,203.3,193.5,0.6224573254585266
1192,547,20877,113.8,766.3,331.8,232.6,0.8882728219032288
1193,547,3483,649.8,751.2,211.5,268.5,0.8562761545181274
1194,547,22347,121.3,242.8,207.9,196.6,0.8178645968437195
1195,547,27777,632.9,209.4,185.1,249.7,0.7954373955726624
1196,548,3483,142.5,291.1,211.9,256.0,0.887421190738678
1197,548,20877,545.6,293.7,326.2,233.2,0.8812648057937622
1198,548,22347,662.9,829.4,215.6,208.4,0.8602943420410156
1199,548,36637,166.1,796.9,191.3,257.5,0.7287209630012512
1200,551,30308,544.1,684.8,389.3,432.0,0.8998847603797913
1201,551,20238,133.6,869.7,230.9,226.3,0.8686143755912781
1202,551,3483,130.8,288.2,276.8,174.3,0.8327651023864746
1203,551,27653,668.8,254.4,221.4,199.6,0.7705499529838562
1204,552,30308,77.3,142.5,381.4,420.9,0.9114238023757935
1205,552,20238,622.8,176.5,226.2,216.5,0.889894962310791
1206,552,3483,589.0,844.0,283.0,167.8,0.8102977871894836
1207,552,27653,97.1,854.4,220.9,205.0,0.7023604512214661
1208,553,16232,603.2,214.9,184.2,181.3,0.833768367767334
1209,553,20238,12.8,812.7,386.1,222.1,0.8182945251464844
1210,553,3483,576.5,810.8,278.7,193.0,0.8154506087303162
1211,553,34597,9.7,64.7,417.8,454.0,0.6716558933258057
1212,555,16232,631.3,219.9,188.9,186.0,0.8598888516426086
1213,555,3483,603.5,844.2,275.9,187.8,0.8234210014343262
1214,555,20238,47.9,857.5,378.7,217.7,0.8156076073646545
1215,555,34597,24.0,97.0,428.9,444.6,0.6708271503448486
1216,560,22347,114.7,74.4,278.3,480.1,0.9671080112457275
1217,560,3483,601.1,867.1,259.6,229.3,0.8192200064659119
1218,560,16551,582.1,97.5,289.4,377.3,0.7625971436500549
1219,560,19607,124.8,864.5,221.5,169.1,0.7381077408790588
1220,564,1900,152.3,254.0,194.2,161.9,0.8973156213760376
1221,564,21771,160.8,805.7,191.1,185.7,0.8164324164390564
1222,564,33208,548.9,839.0,377.4,196.9,0.7844012975692749
1223,564,29871,588.6,108.4,297.2,475.7,0.7704629302024841
1224,565,5094,107.6,810.9,283.6,287.2,0.8818075656890869
1225,565,2483,624.4,69.0,222.4,470.9,0.8207293152809143
1226,565,5094,649.4,690.6,245.1,471.4,0.5755519270896912
1227,569,12778,537.5,571.0,298.5,523.7,0.8361715078353882
1228,569,2483,89.5,660.9,260.2,479.6,0.7879828214645386
1229,569,5094,495.7,165.7,314.7,302.5,0.7614266276359558
1230,569,5094,109.9,107.5,226.6,434.3,0.5503565073013306
1231,571,21026,90.4,831.0,182.8,179.4,0.8465390801429749
1232,571,29871,540.8,55.6,302.1,452.7,0.8281604647636414
1233,571,29871,581.5,866.5,209.5,142.1,0.7837469577789307
1234,571,24850,121.2,135.8,179.4,283.2,0.5907568335533142
1235,572,21026,684.3,275.9,179.3,171.5,0.8391682505607605
1236,572,29871,97.5,711.8,330.0,478.2,0.7862339019775391
1237,572,3544,188.8,274.8,202.5,135.2,0.7530132532119751
1238,572,24850,675.2,827.5,188.5,301.5,0.5865360498428345
1239,573,29871,566.9,61.5,313.0,467.9,0.8374630808830261
1240,573,21026,124.9,864.0,180.0,176.8,0.7966188192367554
1241,573,29871,608.2,898.9,206.0,136.8,0.7933883666992188
1242,573,24850,138.0,141.9,185.1,292.4,0.5181735754013062
1243,574,5094,626.6,673.8,232.9,502.3,0.9461328983306885
1244,574,5094,114.7,827.5,323.2,319.5,0.9211938977241516
1245,574,2483,673.6,77.1,203.7,486.8,0.810630202293396
1246,574,22627,88.6,176.2,315.0,484.5,0.5776445269584656
1247,575,5094,84.8,79.6,229.8,486.7,0.9224081039428711
1248,575,16232,61.7,646.1,203.0,488.3,0.7854856848716736
1249,575,5094,497.1,124.2,315.6,306.7,0.733039379119873
1250,575,22627,530.6,546.6,312.8,486.0,0.5227989554405212
1251,576,5094,637.4,673.2,238.4,517.3,0.9285620450973511
1252,576,5094,114.1,838.3,333.5,332.1,0.9202456474304199
1253,576,2483,663.1,110.0,209.8,474.0,0.8703762292861938
1254,576,22627,91.8,203.7,312.6,483.9,0.6169446110725403
1255,577,19607,140.1,787.1,159.2,156.6,0.9615466594696045
1256,577,29871,135.0,246.8,193.3,155.4,0.8697803616523743
1257,577,29871,538.8,71.3,353.8,423.5,0.8372349143028259
1258,577,33208,519.0,791.0,382.4,209.1,0.8273769617080688
1259,578,19607,661.3,334.0,157.5,148.8,0.972955584526062
1260,578,1900,641.1,859.3,207.5,166.4,0.87868732213974
1261,578,33208,86.2,255.6,368.7,210.2,0.858558177947998
1262,578,29871,42.1,728.3,390.3,443.9,0.7444860339164734
1263,579,19607,173.0,822.9,156.0,152.7,0.9141488075256348
1264,579,1900,151.4,254.9,198.0,157.3,0.8897404074668884
1265,579,29871,565.3,80.8,365.4,434.3,0.8353690505027771
1266,579,33208,548.8,838.9,377.3,196.9,0.7824084758758545
1267,581,24850,646.8,206.0,177.4,276.8,0.8907891511917114
1268,581,1900,644.4,854.2,204.4,172.4,0.8775551915168762
1269,581,33208,86.4,255.0,367.9,209.3,0.8485885858535767
1270,581,16548,103.4,904.3,243.8,240.7,0.7224529981613159
1271,583,19552,463.1,630.1,340.4,490.0,0.9235805869102478
1272,583,5094,548.0,185.4,272.1,267.3,0.8939127922058105
1273,583,5094,115.6,84.1,233.1,472.1,0.8860501646995544
1274,583,2483,71.3,689.6,252.7,472.8,0.8565289378166199
1275,584,5094,604.3,684.4,246.4,505.2,0.8859453201293945
1276,584,5094,110.0,816.5,282.2,284.3,0.8826308846473694
1277,584,2483,608.2,87.9,258.7,459.4,0.8811092972755432
1278,584,22627,143.2,113.2,329.9,483.6,0.8060244917869568
1279,586,28763,146.6,197.3,208.4,198.5,0.8870488405227661
1280,586,3483,575.9,811.5,278.6,192.7,0.8201016187667847
1281,586,25469,49.1,788.5,353.4,302.3,0.818116307258606
1282,586,27777,645.5,167.9,170.5,249.1,0.6271288990974426
1283,587,28763,615.9,857.4,220.8,214.1,0.9031186103820801
1284,587,3483,126.0,270.8,271.3,189.2,0.8613499402999878
1285,587,25469,574.5,187.8,331.3,284.9,0.7808345556259155
1286,587,36637,130.8,827.6,182.7,263.6,0.6281927227973938
1287,588,28763,163.6,205.1,213.5,203.0,0.8734005689620972
1288,588,3483,602.8,845.0,276.1,186.9,0.8269988894462585
1289,588,25469,85.1,830.3,346.1,304.5,0.8198588490486145
1290,588,27777,675.8,170.8,174.8,255.3,0.7253060340881348
1291,589,25367,24.3,110.1,350.9,498.4,0.9208114743232727
1292,589,3483,601.1,867.6,259.5,229.5,0.8160078525543213
1293,589,20238,638.1,178.9,243.3,229.0,0.7682684659957886
1294,589,19607,124.7,864.7,221.6,168.9,0.7466937303543091
1295,591,25367,624.3,641.7,351.7,511.9,0.9102907776832581
1296,591,3483,151.8,219.3,246.1,220.5,0.8679479956626892
1297,591,33208,100.2,851.1,249.1,239.8,0.7869910597801208
1298,591,3544,636.3,278.2,222.1,169.4,0.6331424713134766
1299,592,33208,649.5,902.0,222.0,212.8,0.8801453113555908
1300,592,3483,153.1,218.0,246.6,220.6,0.8704520463943481
1301,592,21771,117.9,844.0,230.6,226.3,0.7782281041145325
1302,592,3544,639.0,278.1,220.8,169.4,0.6408549547195435
1303,593,28763,114.8,158.8,208.2,197.4,0.8947190046310425
1304,593,3483,571.1,837.5,261.7,230.9,0.8538622856140137
1305,593,21771,609.1,195.0,220.2,213.0,0.7947801351547241
1306,593,19607,85.8,826.6,229.1,175.3,0.7582108974456787
1307,594,33208,128.9,164.2,213.7,202.1,0.8954314589500427
1308,594,3483,598.9,867.5,259.8,230.6,0.8059872984886169
1309,594,21771,639.4,200.4,223.1,214.1,0.7879053950309753
1310,594,19607,122.8,864.4,222.1,169.1,0.7406300902366638
1311,595,3351,397.8,866.1,190.5,192.7,0.8041883707046509
1312,595,5094,652.3,290.3,189.0,187.6,0.7818096280097961
1313,595,18357,110.7,214.1,248.8,346.0,0.32713237404823303
1314,596,5094,81.2,734.4,197.0,197.0,0.809177041053772
1315,596,3351,351.8,161.9,181.4,186.0,0.796181321144104
1316,596,18357,578.5,615.5,261.2,373.5,0.5885457396507263
1317,598,33880,551.2,191.7,304.3,422.3,0.928281843662262
1318,598,3351,402.3,873.4,190.9,191.2,0.8140894174575806
1319,598,19232,171.6,334.9,186.1,252.4,0.7033532857894897
1320,600,33880,113.2,684.9,311.4,431.6,0.783538818359375
1321,600,3351,387.2,226.0,183.7,181.8,0.7825781106948853
1322,600,33880,624.3,720.3,184.0,260.9,0.6548582911491394
1323,601,27733,565.8,261.0,299.6,266.7,0.87839674949646
1324,601,3483,122.2,307.2,273.1,199.5,0.845224916934967
1325,601,20238,151.5,803.7,249.7,240.2,0.8125591278076172
1326,601,31885,499.2,632.7,457.6,485.5,0.797632098197937
1327,602,31885,33.3,108.0,450.4,473.2,0.9199835658073425
1328,602,27733,85.3,729.2,322.4,279.2,0.8715315461158752
1329,602,3483,580.1,760.7,274.7,207.2,0.7996178269386292
1330,602,20238,563.8,217.8,236.6,228.2,0.7682192325592041
1331,603,31885,47.3,135.6,464.1,474.2,0.9598908424377441
1332,603,3483,607.1,791.5,273.5,209.0,0.8144095540046692
1333,603,27733,122.0,768.8,315.8,273.4,0.787650465965271
1334,603,20238,590.1,228.6,243.1,228.7,0.7521233558654785
1335,605,28763,146.5,249.8,212.3,200.9,0.8755961060523987
1336,605,3483,588.5,844.1,283.3,168.0,0.8122434020042419
1337,605,27777,643.9,207.2,190.2,246.4,0.7814428806304932
1338,605,27653,96.1,854.3,221.2,205.3,0.7115602493286133
1339,608,33880,48.0,606.0,317.5,445.5,0.9279295802116394
1340,608,29667,588.8,721.1,233.5,232.0,0.8646650910377502
1341,608,3351,338.8,191.4,185.5,188.0,0.7953565716743469
1342,610,16232,620.6,221.3,187.6,183.0,0.9118779897689819
1343,610,3483,560.0,810.8,284.7,176.2,0.8168742060661316
1344,610,34597,0.0,97.5,394.7,454.8,0.660764753818512
1345,610,27653,61.8,809.9,224.4,211.9,0.6586381793022156
1346,611,16232,143.2,847.3,196.2,191.3,0.9178308844566345
1347,611,3483,132.4,287.8,276.7,174.1,0.8283148407936096
1348,611,27653,670.6,255.8,221.8,199.5,0.7818566560745239
1349,611,34597,578.5,650.5,397.5,466.6,0.6207073330879211
1350,612,16232,648.5,230.9,192.0,181.2,0.8726984858512878
1351,612,3483,587.2,844.3,283.1,168.0,0.8120533227920532
1352,612,27653,95.5,853.5,220.8,204.0,0.7159731984138489
1353,612,34597,0.0,133.4,418.3,444.6,0.6990261673927307
1354,614,31863,636.4,728.4,186.5,190.3,0.9019270539283752
1355,614,3351,347.6,154.2,184.3,185.1,0.8121656179428101
1356,614,33880,165.4,653.0,243.4,355.9,0.6774425506591797
1357,615,31863,674.7,822.1,184.9,185.3,0.8983959555625916
1358,615,3351,389.4,213.0,184.1,181.8,0.8048297762870789
1359,615,33880,207.7,753.8,240.7,357.2,0.6697530746459961
1360,616,3544,144.8,900.2,195.3,189.9,0.9216342568397522
1361,616,33208,630.4,886.0,222.5,214.1,0.9125258922576904
1362,616,3483,151.8,219.4,246.0,219.6,0.8669049739837646
1363,616,3544,636.4,277.8,221.8,169.4,0.6429343819618225
1364,617,33208,148.7,177.5,212.1,202.5,0.883236289024353
1365,617,3544,645.8,176.1,191.5,186.1,0.8356456756591797
1366,617,3483,601.3,866.4,259.5,231.0,0.798897385597229
1367,617,19607,124.5,864.7,221.8,169.0,0.7436836957931519
1368,618,28763,131.8,170.2,208.4,199.2,0.8920519948005676
1369,618,3483,572.5,837.0,262.5,230.7,0.8644065260887146
1370,618,3544,618.1,172.5,185.7,181.0,0.7570154666900635
1371,618,19607,87.5,827.3,229.7,174.9,0.7546249628067017
1372,620,5094,523.0,150.9,268.4,265.6,0.9016671180725098
1373,620,23223,547.7,639.3,299.4,508.5,0.8449147939682007
1374,620,16232,84.4,639.2,206.5,493.6,0.8351031541824341
1375,620,5094,80.9,73.7,253.3,395.5,0.8134615421295166
1376,621,23223,90.2,56.8,298.6,506.5,0.9256312251091003
1377,621,5094,137.0,847.9,279.1,272.4,0.8752593994140625
1378,621,16232,649.8,85.2,198.5,483.4,0.8221957683563232
1379,621,5094,607.3,776.8,256.0,413.0,0.6701151728630066
1380,622,41768,130.0,293.7,261.5,294.2,0.9880829453468323
1381,622,31863,613.1,291.0,186.7,189.1,0.8555428385734558
1382,622,3351,395.8,888.8,191.4,192.6,0.7926927804946899
1383,623,31863,127.8,746.6,189.0,196.0,0.8198264241218567
1384,623,3351,352.0,147.1,185.0,190.2,0.8035838603973389
1385,623,41768,555.7,630.6,270.8,307.7,0.7066743969917297
1386,624,31863,169.5,839.9,187.7,185.0,0.8610709309577942
1387,624,3351,392.6,207.6,186.2,183.3,0.8133127093315125
1388,624,41768,596.1,719.2,264.5,310.3,0.8043229579925537
1389,625,30308,503.3,695.9,419.6,401.4,0.9184643030166626
1390,625,27733,565.3,261.0,299.5,266.5,0.8720816373825073
1391,625,3483,121.6,307.0,273.7,199.8,0.8486247658729553
1392,625,20238,151.2,803.9,250.3,240.2,0.809183657169342
1393,627,30308,73.7,145.6,398.8,380.4,0.9428584575653076
1394,627,27733,86.2,728.7,321.3,280.0,0.8672364354133606
1395,627,3483,580.2,761.1,274.8,206.6,0.798137903213501
1396,627,20238,564.1,217.6,236.5,228.2,0.7652077078819275
1397,628,16232,141.2,891.4,197.1,194.3,0.9200416803359985
1398,628,27733,565.6,261.1,299.3,265.8,0.8749737739562988
1399,628,3483,121.7,306.2,273.6,199.5,0.8471530675888062
1400,628,22347,675.7,851.2,215.3,207.6,0.8029653429985046
1401,632,5094,118.8,87.7,233.4,472.2,0.9041715264320374
1402,632,25438,550.9,180.2,246.9,252.8,0.8828325867652893
1403,632,2483,61.7,665.1,218.9,485.4,0.8526778221130371
1404,632,23223,500.6,600.4,302.5,513.9,0.8249481916427612
1405,633,23223,136.1,126.2,297.1,506.0,0.9536405205726624
1406,633,25438,131.0,848.2,258.5,265.1,0.8800302147865295
1407,633,5094,600.9,679.5,246.1,506.2,0.8775281310081482
1408,633,2483,656.0,94.6,196.0,477.2,0.7906641960144043
1409,635,33878,618.0,792.8,166.3,217.7,0.9890905022621155
1410,635,29667,70.4,752.0,239.3,233.0,0.8739560842514038
1411,635,12420,612.4,154.4,202.4,197.3,0.8028758764266968
1412,635,3544,182.5,198.6,204.1,197.4,0.7133859992027283
1413,636,33878,194.3,257.3,159.5,211.9,0.9822309613227844
1414,636,4543,134.1,905.5,210.7,210.3,0.8691113591194153
1415,636,3544,583.8,858.6,215.0,213.3,0.8123071193695068
1416,636,29667,652.5,279.9,233.2,222.6,0.6980553269386292
1417,637,2483,599.8,112.3,284.2,444.1,0.866410493850708
1418,637,5094,613.2,692.7,237.9,514.4,0.8624086380004883
1419,637,5094,73.9,813.2,333.8,329.5,0.8025845289230347
1420,637,5094,614.9,694.7,235.8,515.9,0.523829996585846
1421,638,5094,599.3,694.6,246.1,495.7,0.9510753154754639
1422,638,5094,73.6,800.7,327.3,318.0,0.8839922547340393
1423,638,2483,614.7,76.7,274.6,458.7,0.846177339553833
1424,638,12778,50.2,157.9,482.5,348.4,0.3106135129928589
1425,640,3832,490.4,286.8,398.7,337.8,0.9763934016227722
1426,640,3351,406.4,918.0,190.0,192.0,0.7907388210296631
1427,640,20238,95.4,298.7,229.5,222.4,0.5043493509292603
1428,641,3832,39.4,575.9,413.7,352.5,0.8566975593566895
1429,641,20238,619.7,708.4,232.1,229.3,0.8526148200035095
1430,641,3351,342.6,123.6,183.1,186.6,0.8107177019119263
1431,644,3351,507.3,607.8,270.9,535.0,0.9297363758087158
1432,644,5094,73.9,83.0,232.9,485.6,0.9257680177688599
1433,644,16232,60.6,652.2,207.4,484.5,0.763643741607666
1434,644,5094,486.2,116.3,314.4,308.7,0.6947718858718872
1435,646,3483,174.2,275.0,260.7,220.6,0.8432900905609131
1436,646,27777,637.4,293.5,176.3,194.8,0.8265190720558167
1437,646,36637,129.9,826.5,194.0,256.9,0.7768579125404358
1438,646,34597,396.6,627.3,462.1,436.3,0.7198812365531921
1439,647,36637,665.4,179.1,186.6,248.3,0.8463504314422607
1440,647,27777,177.6,811.6,176.6,197.6,0.8456787467002869
1441,647,3483,565.5,812.0,263.8,217.9,0.796386182308197
1442,647,34597,144.0,190.5,451.3,411.1,0.6102954149246216
1443,648,27777,144.4,775.2,180.1,203.8,0.858584463596344
1444,648,3483,538.3,776.8,265.9,225.2,0.8164058327674866
1445,648,36637,636.8,175.5,181.9,243.9,0.8048993349075317
1446,648,34597,129.0,156.3,439.0,420.8,0.307517409324646
1447,650,33880,0.0,701.9,310.8,318.3,0.8803958296775818
1448,650,3351,369.0,176.3,180.9,184.9,0.8082247376441956
1449,650,29667,560.5,822.2,276.0,169.3,0.7098090648651123
1450,652,24850,116.3,842.5,299.5,169.8,0.9490338563919067
1451,652,1900,125.8,259.5,197.6,147.1,0.8878481984138489
1452,652,10221,597.9,691.9,255.3,461.6,0.8325038552284241
1453,652,19607,563.5,66.0,289.6,462.9,0.7989729642868042
1454,653,23203,549.8,266.3,286.8,165.0,0.9105440378189087
1455,653,19607,90.1,689.4,313.0,488.8,0.8463465571403503
1456,653,19607,648.5,857.8,207.8,156.1,0.8370327949523926
1457,653,10221,129.4,129.0,245.0,418.4,0.8048998117446899
1458,654,24850,150.7,880.1,296.2,163.2,0.9684264659881592
1459,654,19607,144.2,269.2,199.9,146.2,0.8924593329429626
1460,654,10221,627.0,733.3,248.7,450.2,0.8349166512489319
1461,654,19607,591.7,76.9,295.4,470.0,0.7712896466255188
1462,656,29871,540.2,182.6,418.8,385.1,0.7725842595100403
1463,656,33878,630.1,851.0,225.2,137.0,0.7722580432891846
1464,656,19607,149.3,189.5,208.5,201.8,0.7647356390953064
1465,656,29667,189.3,707.2,217.6,363.1,0.7323504090309143
1466,658,19607,631.9,11.0,287.1,483.6,0.8529497385025024
1467,658,21771,496.4,823.0,398.1,263.1,0.8108065724372864
1468,658,1900,166.5,247.8,185.2,178.7,0.7786344885826111
1469,658,18110,78.2,790.9,305.4,288.8,0.5483518242835999
1470,659,22347,465.3,786.0,405.3,268.9,0.890599250793457
1471,659,16232,603.6,10.2,277.8,464.4,0.8621782660484314
1472,659,27733,148.6,238.7,181.6,181.5,0.6530054807662964
1473,659,18110,43.3,748.8,310.6,299.4,0.6287787556648254
1474,660,21771,114.1,217.1,390.0,258.5,0.9179372191429138
1475,660,1900,640.7,846.1,193.2,188.2,0.7757372260093689
1476,660,16232,64.3,740.4,294.7,504.6,0.7572113871574402
1477,660,18110,611.2,227.6,299.0,284.9,0.680993378162384
1478,661,31863,178.9,303.0,205.9,206.4,0.9368951916694641
1479,661,3351,377.0,877.5,191.3,191.8,0.7650805711746216
1480,662,31863,556.0,725.3,209.9,213.2,0.7975480556488037
1481,662,3351,369.4,160.1,185.1,189.0,0.7890669107437134
1482,662,31863,43.4,746.9,195.4,189.4,0.6183934211730957
1483,664,28763,631.2,874.1,221.2,213.3,0.9000876545906067
1484,664,3483,141.1,292.1,211.8,256.3,0.8870817422866821
1485,664,20877,544.2,294.1,327.0,233.4,0.8825759291648865
1486,664,36637,166.4,798.6,191.2,257.5,0.7368341088294983
1487,665,28763,129.8,183.4,209.2,201.0,0.8934710025787354
1488,665,20877,84.8,724.1,332.6,240.5,0.8780141472816467
1489,665,3483,625.2,717.6,209.2,271.7,0.8625508546829224
1490,665,27777,605.1,202.1,179.8,244.9,0.7645836472511292
1491,667,25438,120.9,821.1,256.8,253.0,0.8963263630867004
1492,667,22627,19.7,147.1,486.9,276.8,0.8521001935005188
1493,667,2483,581.5,117.9,295.3,446.7,0.849774181842804
1494,667,5094,644.3,703.4,243.1,450.7,0.6551905870437622
1495,668,25438,556.6,195.3,247.3,251.3,0.9028156995773315
1496,668,2483,72.3,651.8,295.7,448.5,0.8741729259490967
1497,668,22627,435.0,778.7,492.1,298.5,0.8185163140296936
1498,668,5094,64.0,114.8,231.5,431.2,0.7930183410644531
1499,670,3483,125.0,271.7,271.4,189.4,0.8625162839889526
1500,670,22347,681.5,847.1,213.4,208.7,0.837151825428009
1501,670,27733,134.7,725.0,246.1,413.9,0.8281762599945068
1502,670,25469,574.1,188.0,330.5,284.5,0.7733076810836792
1503,672,27733,612.0,119.6,232.3,401.1,0.8967193961143494
1504,672,3483,603.3,844.3,275.9,187.8,0.8245718479156494
1505,672,25469,85.4,829.8,347.0,304.8,0.8206674456596375
1506,672,22347,105.0,224.1,207.2,197.4,0.6716426014900208
1507,674,21771,596.4,159.1,258.0,454.6,0.9206290245056152
1508,674,19607,631.9,894.1,211.3,134.0,0.7931190729141235
1509,674,21771,151.5,890.0,243.6,239.1,0.7351080775260925
1510,674,20238,138.2,293.0,283.2,146.8,0.3771357536315918
1511,675,21771,99.3,613.8,265.8,483.4,0.8588598966598511
1512,675,21771,565.6,135.0,229.9,224.6,0.8584244847297668
1513,675,20238,550.6,832.7,293.3,146.5,0.8396907448768616
1514,675,3544,138.5,241.9,199.4,126.9,0.7107720375061035
1515,677,21771,570.1,627.5,260.9,488.1,0.9556243419647217
1516,677,29871,616.3,16.5,301.1,450.8,0.8060081005096436
1517,677,3544,139.9,242.8,199.4,125.7,0.7107506394386292
1518,677,18110,14.9,694.1,310.0,298.8,0.6152274012565613
1519,679,5094,106.9,811.9,282.2,284.6,0.9003077149391174
1520,679,2483,610.5,85.0,212.3,475.2,0.8411878347396851
1521,679,5094,597.3,701.5,225.1,469.0,0.7003941535949707
1522,679,22627,130.6,159.2,339.6,472.2,0.6942684054374695
1523,680,5094,552.4,191.1,272.2,268.5,0.8760634660720825
1524,680,2483,85.9,673.5,240.6,486.1,0.8073606491088867
1525,680,22627,470.6,602.0,343.7,473.4,0.7705428600311279
1526,680,5094,141.4,107.5,210.4,437.6,0.5549078583717346
1527,681,2483,615.8,48.6,223.9,489.0,0.8677045106887817
1528,681,5094,105.3,800.7,276.9,273.7,0.8559574484825134
1529,681,22627,128.6,127.0,342.2,471.9,0.6053889989852905
1530,681,5094,589.7,695.1,217.4,459.3,0.4238327145576477
1531,684,29345,577.9,717.5,324.6,425.5,0.9169599413871765
1532,684,29871,527.5,85.5,365.8,433.7,0.8382204174995422
1533,684,19607,180.5,267.5,130.0,198.8,0.8289923071861267
1534,684,18110,78.7,765.6,306.2,289.2,0.5612474679946899
1535,685,25438,116.9,819.8,256.2,253.9,0.8931410908699036
1536,685,2483,580.2,118.8,297.4,448.3,0.8451911211013794
1537,685,5094,642.3,705.3,241.2,450.3,0.7156743407249451
1538,685,12778,94.5,12.7,299.4,520.3,0.6421982645988464
1539,688,20238,614.5,186.1,221.7,214.6,0.875855565071106
1540,688,27733,85.4,728.8,322.6,279.7,0.8627360463142395
1541,688,3483,580.2,760.7,274.6,207.0,0.8007874488830566
1542,688,34597,95.0,178.4,464.3,408.9,0.557099461555481
1543,692,22347,657.7,835.8,214.1,208.1,0.8474018573760986
1544,692,3483,132.2,287.7,276.7,173.9,0.8285754323005676
1545,692,27653,669.9,255.1,222.0,199.3,0.7768489718437195
1546,692,16232,107.9,684.8,198.7,420.1,0.4135918915271759
1547,694,33880,502.6,238.7,327.7,254.6,0.829166054725647
1548,694,3351,402.4,850.7,190.2,190.0,0.7659318447113037
1549,694,31863,157.5,276.7,258.2,390.9,0.6434128880500793
1550,697,38162,138.6,260.6,228.8,265.2,0.9703283309936523
1551,697,3351,403.5,854.6,189.5,193.3,0.7651801705360413
1552,697,18357,600.8,201.6,243.1,345.7,0.6712898015975952
1553,698,38162,573.5,677.4,241.8,282.9,0.9792757034301758
1554,698,3351,347.3,172.3,179.6,186.3,0.8199223279953003
1555,698,18357,78.6,629.7,252.6,373.2,0.31466278433799744
1556,700,30308,74.9,130.5,382.0,396.3,0.958033561706543
1557,700,3483,572.4,836.3,262.6,231.5,0.8641325235366821
1558,700,3544,618.5,172.9,184.6,181.0,0.7524604797363281
1559,700,19607,89.9,827.3,227.1,175.1,0.7386453151702881
1560,701,30308,87.4,146.4,398.4,406.4,0.9588742852210999
1561,701,3483,601.0,867.1,259.7,229.4,0.8084256649017334
1562,701,3544,646.0,176.2,190.6,186.2,0.7812666296958923
1563,701,19607,124.9,864.5,221.4,169.1,0.7483670115470886
1564,702,30308,517.7,693.4,400.3,414.2,0.9533487558364868
1565,702,3544,145.3,899.8,195.9,190.3,0.9093296527862549
1566,702,3483,151.4,219.3,246.1,220.3,0.867955207824707
1567,702,3544,636.4,278.3,222.3,169.3,0.6340991258621216
1568,705,3483,593.2,870.9,257.3,232.1,0.8144400715827942
1569,705,22347,121.4,200.9,206.9,197.5,0.7861043810844421
1570,705,21771,639.3,205.6,223.2,213.8,0.7838017344474792
1571,705,19607,117.3,863.6,223.0,169.8,0.7404834032058716
1572,706,5094,603.9,685.6,247.7,504.9,0.896259605884552
1573,706,5094,110.0,816.4,282.3,284.7,0.8844825029373169
1574,706,2483,608.6,87.3,258.4,460.1,0.8785736560821533
1575,706,12778,68.0,113.3,346.8,493.1,0.7516276240348816
1576,707,12778,530.5,627.7,360.8,493.2,0.9560548663139343
1577,707,5094,548.1,185.3,271.9,267.5,0.8964287638664246
1578,707,5094,115.4,84.0,233.1,472.1,0.8862515687942505
1579,707,2483,71.1,689.1,253.0,472.9,0.8412027955055237
1580,708,5094,596.6,684.8,236.9,489.6,0.9472846388816833
1581,708,12778,64.0,80.6,349.2,488.9,0.9309654235839844
1582,708,2483,622.0,50.2,247.6,470.6,0.862463116645813
1583,708,5094,108.3,807.2,278.4,272.1,0.8543490171432495
1584,710,28763,157.7,232.2,207.9,200.8,0.8814247846603394
1585,710,27733,85.7,728.6,321.6,279.7,0.872198224067688
1586,710,3483,579.9,760.5,275.0,208.9,0.7908185720443726
1587,710,20238,564.0,217.5,236.9,228.3,0.7512092590332031
1588,712,5094,641.2,672.2,238.8,515.8,0.9360952377319336
1589,712,5094,135.5,844.0,284.6,285.5,0.8910412192344666
1590,712,2483,629.5,100.0,220.9,472.0,0.8735125064849854
1591,712,12778,106.1,114.1,294.1,528.5,0.8186157941818237
1592,713,5094,80.2,80.6,231.8,486.1,0.9380878806114197
1593,713,5094,523.8,161.6,272.1,266.9,0.9100750088691711
1594,713,12778,547.0,596.8,287.2,521.2,0.8450295925140381
1595,713,16232,83.5,658.5,213.8,489.0,0.6161974668502808
1596,714,5094,629.6,673.6,235.7,501.8,0.9289278984069824
1597,714,2483,637.4,66.4,220.2,482.7,0.8655762076377869
1598,714,12778,104.2,87.9,295.7,519.4,0.8566948771476746
1599,714,5094,133.7,833.5,280.2,274.5,0.8386136889457703
1600,716,5094,118.6,794.6,331.3,331.4,0.9115637540817261
1601,716,2483,589.7,100.3,228.3,475.0,0.8604599833488464
1602,716,22627,98.0,135.2,319.0,491.5,0.8022742867469788
1603,716,5094,610.1,715.5,240.2,468.5,0.6855262517929077
1604,717,19552,522.0,605.5,326.0,491.1,0.9270625710487366
1605,717,2483,89.5,660.4,260.1,480.6,0.7932922840118408
1606,717,5094,495.7,165.5,314.5,302.6,0.7818792462348938
1607,717,5094,110.1,107.8,226.5,433.4,0.5605987310409546
1608,719,21771,91.3,810.2,195.5,189.6,0.9595781564712524
1609,719,21771,554.4,182.5,231.6,225.1,0.8957626223564148
1610,719,19607,124.0,261.5,197.7,145.8,0.8875904083251953
1611,719,10221,605.9,687.9,255.4,458.7,0.818183183670044
1612,720,21771,674.5,286.1,190.4,180.9,0.9476321935653687
1613,720,10221,119.7,132.5,250.9,421.1,0.8407347202301025
1614,720,19607,649.3,856.8,208.9,155.0,0.8357088565826416
1615,720,21771,165.8,841.0,243.1,238.3,0.8339565396308899
1616,721,31885,64.4,161.7,453.6,467.9,0.9391686916351318
1617,721,27733,87.0,728.5,321.1,280.1,0.8336667418479919
1618,721,27733,571.3,117.0,249.1,381.4,0.8200381994247437
1619,721,3483,580.3,760.1,275.1,207.1,0.796461820602417
1620,724,21771,580.0,168.7,215.5,211.7,0.9042701125144958
1621,724,29667,107.2,736.0,238.7,232.8,0.8882128596305847
1622,724,19607,132.4,178.5,204.0,197.9,0.81601881980896
1623,724,21771,576.0,676.4,252.4,453.2,0.7452602982521057
1624,725,10221,151.7,874.6,228.0,226.1,0.9486599564552307
1625,725,19607,634.5,884.7,217.2,212.9,0.8388047814369202
1626,725,21771,143.6,146.9,256.8,422.4,0.7682071924209595
1627,725,29667,620.2,300.6,230.5,227.0,0.7109473943710327
1628,726,10221,608.1,171.1,220.6,214.5,0.8997195363044739
1629,726,16548,139.8,774.9,235.7,227.5,0.8982688784599304
1630,726,19607,148.7,182.8,208.0,201.5,0.8201146125793457
1631,726,21771,601.8,712.9,253.5,447.6,0.6923547983169556
1632,727,25367,38.0,153.4,407.6,445.8,0.8919352293014526
1633,727,16232,603.1,214.7,184.2,181.6,0.8428900837898254
1634,727,3483,576.6,810.7,278.5,192.7,0.821781575679779
1635,727,20238,12.0,812.8,386.5,222.0,0.8098210096359253
1636,728,25367,51.6,171.9,421.1,453.1,0.8807409405708313
1637,728,16232,631.0,220.0,189.2,186.3,0.8805238604545593
1638,728,3483,603.8,844.1,275.5,187.0,0.8235611915588379
1639,728,20238,47.8,857.1,378.7,217.7,0.8009300231933594
1640,731,29871,604.8,772.5,206.6,221.4,0.9090842008590698
1641,731,29667,118.2,769.1,240.0,231.7,0.8881173729896545
1642,731,12420,612.3,141.9,201.9,197.5,0.8395988941192627
1643,731,3544,102.6,159.5,203.0,199.2,0.7390459179878235
1644,732,4543,132.9,916.7,212.4,212.1,0.8644813299179077
1645,732,3544,667.1,897.8,219.0,215.6,0.8219979405403137
1646,732,29667,606.0,265.8,231.7,221.7,0.6515016555786133
1647,732,29871,167.1,277.7,205.7,213.9,0.43173670768737793
1648,738,21771,139.0,642.7,251.5,456.0,0.8130140900611877
1649,738,19607,89.3,260.7,199.7,125.0,0.8127554059028625
1650,738,19607,586.6,90.6,289.2,462.1,0.8050104975700378
1651,738,33208,605.2,769.8,169.2,284.8,0.7929508686065674
1652,740,19607,646.8,828.1,168.3,201.1,0.8901510238647461
1653,740,19607,655.7,274.1,156.8,148.5,0.8496987223625183
1654,740,21771,120.1,804.7,241.6,236.1,0.831951379776001
1655,740,10221,131.5,128.9,247.9,419.0,0.8023183345794678
1656,742,5094,79.4,97.7,220.4,443.0,0.9559295773506165
1657,742,25438,568.8,186.0,246.7,254.0,0.8936029076576233
1658,742,2483,84.3,672.8,246.2,473.0,0.8666784167289734
1659,742,12778,568.6,541.3,277.1,524.6,0.8658087253570557
1660,743,5094,639.5,703.8,225.2,458.1,0.9495077729225159
1661,743,25438,110.1,828.9,254.1,253.7,0.8970924019813538
1662,743,2483,613.2,65.9,241.6,471.8,0.8527659177780151
1663,743,12778,94.4,129.0,278.8,533.1,0.8052464127540588
1664,745,20238,663.5,271.9,239.8,229.6,0.7917712330818176
1665,745,3351,352.5,890.9,189.5,194.7,0.7805277705192566
1666,745,18357,114.5,175.4,227.4,366.4,0.43587639927864075
1667,747,3351,437.0,193.4,184.0,181.3,0.8218154311180115
1668,747,20238,63.1,797.8,242.8,237.5,0.7985566258430481
1669,747,18357,637.1,735.3,233.7,395.7,0.65901118516922
1670,750,29345,587.9,130.6,272.3,409.1,0.973456859588623
1671,750,20238,168.9,200.3,173.5,267.3,0.9033435583114624
1672,750,19607,688.2,806.2,131.1,207.2,0.8109521865844727
1673,750,21771,147.3,790.1,241.2,235.8,0.7306693196296692
1674,752,29871,548.8,778.2,308.6,240.6,0.9627671837806702
1675,752,16548,559.9,136.3,229.3,225.5,0.8834567070007324
1676,752,3544,92.2,196.8,204.1,198.7,0.7597931027412415
1677,752,21771,165.7,671.6,219.5,365.5,0.7098538279533386
1678,754,3832,90.7,653.9,372.3,380.3,0.9875859022140503
1679,754,3351,627.1,760.2,229.3,222.9,0.8564459681510925
1680,754,3351,374.4,198.3,182.4,181.9,0.7854322195053101
1681,756,21325,517.5,256.9,367.5,374.4,0.9905397891998291
1682,756,29667,126.5,319.5,226.7,226.3,0.8680704236030579
1683,756,3351,417.9,890.1,188.0,190.1,0.7571948766708374
1684,758,31885,553.6,657.2,347.6,552.7,0.9141227006912231
1685,758,3483,153.5,218.1,246.3,220.8,0.8711125254631042
1686,758,10221,96.1,907.6,272.2,164.3,0.8090960383415222
1687,758,3544,639.2,278.4,220.9,169.4,0.6331987380981445
1688,759,31885,75.9,29.0,331.8,533.9,0.9097665548324585
1689,759,3483,570.7,836.4,262.0,232.0,0.8537176251411438
1690,759,10221,591.6,196.5,259.0,153.0,0.8365293741226196
1691,759,19607,85.5,826.7,229.5,175.0,0.7463744878768921
1692,760,29345,88.7,708.0,295.6,445.7,0.9845317006111145
1693,760,33208,657.0,804.3,213.4,204.0,0.8949320316314697
1694,760,21771,582.5,203.1,231.4,225.8,0.8914127945899963
1695,760,19607,160.2,258.4,125.0,199.0,0.8227208256721497
1696,761,29345,125.4,750.5,285.7,439.2,0.9826149940490723
1697,761,33208,683.8,835.4,210.1,201.5,0.9024152755737305
1698,761,21771,609.6,212.4,237.5,225.5,0.8894029855728149
1699,761,19607,178.0,268.7,130.6,199.2,0.8220688700675964
1700,763,27733,565.3,261.1,300.6,266.7,0.8742132186889648
1701,763,20238,114.0,854.0,231.6,226.4,0.8741989731788635
1702,763,3483,122.4,307.3,273.0,199.5,0.8498964309692383
1703,763,31885,497.5,636.7,461.2,486.5,0.7805726528167725
1704,764,31885,46.4,133.0,469.3,469.9,0.9693687558174133
1705,764,20238,643.9,190.7,226.1,215.0,0.866546630859375
1706,764,3483,607.6,791.0,273.0,209.8,0.8113826513290405
1707,764,27733,122.0,769.1,316.2,272.9,0.7826349139213562
1708,766,3483,142.6,291.1,211.8,256.2,0.887744665145874
1709,766,20877,545.1,294.1,326.6,234.4,0.8777499794960022
1710,766,36637,166.1,798.7,190.8,256.8,0.7386112809181213
1711,766,34597,568.5,728.9,407.5,479.0,0.6013476252555847
1712,768,20877,83.6,724.1,332.6,241.7,0.886813759803772
1713,768,3483,624.2,719.0,209.2,271.1,0.8672424554824829
1714,768,27777,605.1,203.4,180.1,245.8,0.7792370319366455
1715,768,34597,5.8,15.9,401.7,462.5,0.6451253890991211
1716,772,33208,640.8,879.8,207.8,198.7,0.902084469795227
1717,772,19607,554.9,79.2,289.7,481.3,0.8247741460800171
1718,772,21771,171.1,685.2,251.0,448.2,0.8085232377052307
1719,772,19607,106.5,271.3,202.0,122.2,0.7558528184890747
1720,773,33208,611.5,845.7,214.1,206.6,0.894944965839386
1721,773,19607,527.9,74.6,282.2,462.7,0.8508760333061218
1722,773,19607,88.6,260.3,200.4,127.4,0.8087900876998901
1723,773,21771,139.2,642.6,251.6,456.2,0.8082050085067749
1724,778,30308,83.7,168.4,403.2,400.0,0.9172369837760925
1725,778,16232,631.2,220.1,189.0,186.0,0.8643270134925842
1726,778,3483,603.4,843.9,276.0,187.7,0.822779655456543
1727,778,20238,48.6,857.4,378.2,217.5,0.8192917704582214
1728,779,16232,163.6,856.3,194.9,190.6,0.9190911054611206
1729,779,30308,514.7,681.1,413.9,410.1,0.8951012492179871
1730,779,3483,125.2,271.9,271.4,190.0,0.8621395826339722
1731,779,22347,573.3,230.9,372.8,219.5,0.7755796909332275
1732,780,30308,71.7,145.8,390.0,395.0,0.9385819435119629
1733,780,20238,13.0,812.7,385.3,222.3,0.8177685737609863
1734,780,3483,576.5,810.8,279.0,193.1,0.8163110017776489
1735,780,16232,603.2,214.9,184.1,181.3,0.7988758087158203
1736,782,31863,586.3,728.5,189.2,193.7,0.8967500329017639
1737,782,3351,340.4,183.1,183.9,187.6,0.8190529346466064
1738,782,20014,6.7,623.8,352.3,344.2,0.6098363995552063
1739,785,25367,541.1,686.3,391.2,494.5,0.9246561527252197
1740,785,3483,132.0,287.7,276.6,174.1,0.8294711112976074
1741,785,27653,671.3,255.6,220.6,199.0,0.784426748752594
1742,785,16232,108.1,684.6,198.7,420.8,0.40045440196990967
1743,787,33208,113.7,855.8,229.9,225.2,0.8748295903205872
1744,787,3483,151.7,219.4,246.3,220.3,0.8677045106887817
1745,787,33208,532.8,653.3,355.3,513.8,0.7273340225219727
1746,787,3544,636.6,278.1,221.9,169.8,0.6285550594329834
1747,788,20238,616.9,185.2,219.5,214.2,0.8850253820419312
1748,788,3483,572.6,836.3,263.1,231.6,0.8618671298027039
1749,788,34597,98.9,57.7,336.1,498.1,0.7640392184257507
1750,788,19607,90.1,827.3,227.2,175.6,0.75221186876297
1751,797,3544,493.7,854.4,337.9,164.0,0.9910350441932678
1752,797,29871,41.6,528.0,308.9,476.6,0.8589827418327332
1753,797,12420,602.6,189.0,204.3,197.6,0.8258696794509888
1754,797,3544,147.0,190.9,203.2,197.0,0.7193156480789185
1755,798,19607,522.4,891.4,334.1,157.7,0.9912376999855042
1756,798,19607,68.2,574.7,312.2,471.9,0.8721454739570618
1757,798,12420,630.7,192.4,209.3,200.8,0.8187749981880188
1758,798,19607,164.1,198.0,206.1,199.8,0.7838339805603027
1759,799,33208,170.1,180.9,210.9,200.2,0.8816781640052795
1760,799,33208,646.3,188.6,224.5,215.9,0.8671687245368958
1761,799,3483,601.4,867.2,259.4,230.0,0.8046492338180542
1762,799,19607,124.8,864.9,221.5,168.8,0.7484460473060608
1763,807,23203,608.4,705.0,318.5,529.4,0.9192312359809875
1764,807,3483,159.1,215.0,247.2,221.5,0.8422406911849976
1765,807,21771,118.2,839.8,230.4,225.1,0.7822889685630798
1766,807,3544,645.6,278.5,220.7,169.6,0.6026438474655151
1767,808,29871,614.9,48.8,335.2,456.0,0.8552165627479553
1768,808,19607,109.6,205.9,206.8,200.9,0.8126500844955444
1769,808,19607,634.3,825.5,169.5,241.4,0.7746732831001282
1770,808,29667,191.7,705.8,217.5,363.8,0.669668436050415
1771,810,29871,587.0,41.3,327.2,445.0,0.8587522506713867
1772,810,19607,605.6,789.2,173.7,248.3,0.827119767665863
1773,810,3544,94.0,199.0,202.8,196.6,0.7887716889381409
1774,810,29667,160.7,663.6,219.2,366.7,0.77070552110672
1775,815,20238,99.8,712.3,229.5,227.6,0.8370552659034729
1776,815,3351,362.3,170.3,182.4,184.0,0.8128381371498108
1777,815,33880,521.6,613.6,274.3,358.7,0.7267988324165344
1778,817,30308,96.7,154.1,384.8,420.6,0.9115516543388367
1779,817,16232,648.4,231.1,192.1,181.1,0.878447949886322
1780,817,3483,587.1,844.3,282.9,167.6,0.8117866516113281
1781,817,27653,95.0,853.9,221.3,204.8,0.697250485420227
1782,818,16232,143.2,847.1,196.1,191.6,0.9150372743606567
1783,818,30308,525.5,673.7,388.6,430.8,0.862817108631134
1784,818,3483,132.2,287.8,277.1,174.5,0.8256866335868835
1785,818,27653,671.2,255.7,220.9,199.3,0.7809228301048279
1786,819,30308,79.9,134.0,375.6,412.5,0.9259626865386963
1787,819,16232,620.5,221.3,187.7,183.0,0.9063711166381836
1788,819,3483,560.0,810.6,284.9,176.0,0.8191235065460205
1789,819,27653,61.8,810.3,223.6,211.5,0.6359661817550659
1790,820,19552,483.2,640.4,340.4,485.4,0.9306449890136719
1791,820,5094,484.3,148.1,315.0,305.7,0.8751010894775391
1792,820,16232,94.2,691.7,212.7,488.4,0.8399894833564758
1793,820,5094,138.8,109.0,215.6,434.5,0.8172193765640259
1794,822,5094,596.4,703.6,233.3,465.8,0.8728692531585693
1795,822,5094,130.9,813.9,329.7,330.6,0.8673669099807739
1796,822,2483,624.5,69.2,191.9,469.9,0.7867546677589417
1797,822,22627,124.4,106.9,331.4,483.5,0.7783492207527161
1798,826,38162,179.5,207.0,249.4,256.4,0.923113226890564
1799,826,18147,540.9,321.0,303.0,385.2,0.8909040093421936
1800,826,3351,407.6,860.6,190.4,192.3,0.7950618863105774
1801,828,38162,553.7,861.0,249.2,254.0,0.9661701321601868
1802,828,18147,126.5,573.9,313.0,407.5,0.9256590008735657
1803,828,3351,383.1,236.5,184.6,183.0,0.7852457165718079
1804,829,27777,144.2,775.4,180.3,203.8,0.8510493636131287
1805,829,28763,97.8,168.6,206.4,199.5,0.8395951986312866
1806,829,3483,538.5,777.0,266.3,225.6,0.8191276788711548
1807,829,27777,637.8,175.2,181.5,242.9,0.7655194401741028
1808,830,28763,666.6,889.8,223.9,214.4,0.8971244692802429
1809,830,3483,174.0,274.7,260.4,220.7,0.8417994976043701
1810,830,27777,637.7,293.3,175.9,194.1,0.8059360384941101
1811,830,36637,129.5,828.0,193.2,256.2,0.7524356245994568
1812,831,28763,114.5,175.1,210.2,200.8,0.8634333610534668
1813,831,27777,177.6,812.0,176.7,197.9,0.8364518284797668
1814,831,27777,665.9,178.8,186.6,248.1,0.8246352076530457
1815,831,3483,566.0,812.0,263.7,217.9,0.7939532995223999
1816,832,16548,607.3,163.3,235.9,224.0,0.859052300453186
1817,832,29871,623.9,888.8,206.1,138.0,0.7741183638572693
1818,832,21026,138.8,867.4,178.5,176.9,0.7734464406967163
1819,832,18110,61.7,123.8,302.8,292.0,0.5236566066741943
1820,838,33208,589.0,801.2,212.5,204.5,0.9093611836433411
1821,838,16548,593.0,163.5,231.2,223.9,0.8859761357307434
1822,838,21771,92.3,614.2,270.9,482.8,0.8297888040542603
1823,838,3544,139.9,242.4,199.8,126.6,0.7098047137260437
1824,842,27733,565.6,261.2,299.1,266.8,0.8745251893997192
1825,842,3483,122.1,307.2,273.2,199.2,0.850817859172821
1826,842,20238,151.9,803.8,250.3,239.9,0.8153354525566101
1827,842,34597,465.5,666.3,469.2,432.3,0.7811536192893982
1828,851,5094,120.6,836.5,333.3,336.3,0.8863864541053772
1829,851,2483,631.0,96.8,201.9,475.8,0.754105806350708
1830,851,5094,609.5,737.3,271.1,416.7,0.7164838910102844
1831,851,22627,108.3,156.7,308.4,487.7,0.7058093547821045
1832,855,12778,87.8,139.5,305.2,517.3,0.929485559463501
1833,855,5094,131.1,814.0,329.0,330.8,0.8920964598655701
1834,855,5094,597.8,700.4,229.9,468.9,0.8415051698684692
1835,855,2483,625.0,69.9,191.3,469.3,0.7682569026947021
1836,857,3351,339.0,134.6,183.3,186.2,0.8020927309989929
1837,857,20238,93.4,678.0,246.8,244.4,0.788043200969696
1838,857,31863,575.2,745.4,209.8,212.9,0.7587601542472839
1839,858,3351,380.2,189.3,185.1,182.7,0.8125737905502319
1840,858,20238,136.2,769.1,243.5,237.7,0.8115044832229614
1841,858,31863,612.2,834.3,207.8,206.7,0.6962611079216003
1842,861,25438,122.9,832.6,260.6,264.6,0.8864036798477173
1843,861,2483,569.5,149.9,302.1,435.5,0.8641542196273804
1844,861,22627,65.8,94.4,348.9,465.5,0.7637977600097656
1845,861,5094,653.2,706.2,252.1,467.3,0.7452514171600342
1846,862,3483,602.7,845.2,275.8,186.8,0.8288464546203613
1847,862,25469,85.1,829.9,346.5,304.4,0.8079808354377747
1848,862,27777,675.3,171.4,174.3,255.3,0.7292637825012207
1849,862,34597,75.0,132.6,452.5,415.9,0.5631933212280273
1850,864,3483,575.9,811.5,278.1,193.1,0.8221513032913208
1851,864,25469,49.3,787.9,353.5,302.8,0.8210368156433105
1852,864,27777,645.8,168.8,168.8,249.1,0.631329357624054
1853,864,34597,60.5,100.4,442.0,427.2,0.4369959831237793
1854,866,3351,306.0,170.4,184.9,190.7,0.8002901673316956
1855,866,16688,33.8,522.6,434.6,583.4,0.7626775503158569
1856,867,16688,76.3,621.8,429.9,582.2,0.8778280019760132
1857,867,3351,347.4,232.5,185.8,183.8,0.7965642809867859
1858,867,16232,524.1,655.9,382.0,367.7,0.40554481744766235
1859,868,31885,29.2,56.3,416.9,509.0,0.9344111680984497
1860,868,16232,648.6,230.9,191.9,181.2,0.8785415291786194
1861,868,3483,587.1,844.5,282.5,167.9,0.8135094046592712
1862,868,27653,94.9,854.1,221.3,204.7,0.7082801461219788
1863,869,31885,15.5,35.1,404.3,508.5,0.9366523623466492
1864,869,16232,620.6,221.4,187.6,183.0,0.9067858457565308
1865,869,3483,559.7,811.1,285.0,176.1,0.8186224102973938
1866,869,27653,61.9,810.1,223.7,211.3,0.6769788861274719
1867,870,16232,143.1,847.0,196.4,191.5,0.9153432250022888
1868,870,3483,132.5,287.5,276.7,174.2,0.8312265872955322
1869,870,27653,670.6,255.5,221.6,199.6,0.7878610491752625
1870,870,31885,564.4,669.9,405.6,526.9,0.6755715012550354
1871,873,18147,627.5,672.1,280.7,422.0,0.9019284844398499
1872,873,16688,75.5,621.4,431.9,582.8,0.886042594909668
1873,873,3351,345.4,225.4,183.0,181.7,0.8043951392173767
1874,874,31885,148.6,149.3,434.0,479.9,0.9290231466293335
1875,874,20877,84.5,723.8,332.4,240.7,0.8804288506507874
1876,874,3483,624.9,717.9,209.0,271.2,0.8628921508789062
1877,874,16232,628.1,220.7,187.4,184.5,0.7633761167526245
1878,875,31885,161.8,178.9,453.1,481.6,0.9590274095535278
1879,875,20877,114.9,766.2,331.3,230.8,0.8794052600860596
1880,875,3483,650.6,749.6,211.1,268.0,0.8563806414604187
1881,875,16232,656.1,231.9,191.4,179.4,0.7987895011901855
1882,878,3483,588.4,844.1,283.2,167.7,0.8111538887023926
1883,878,27777,643.8,207.8,189.6,246.1,0.7902111411094666
1884,878,27653,96.9,854.1,220.4,203.7,0.7027047872543335
1885,878,34597,73.2,119.7,338.7,499.9,0.6699491739273071
1886,879,3483,560.8,810.4,285.8,175.6,0.8152647018432617
1887,879,27777,614.8,202.3,185.1,243.1,0.7733727097511292
1888,879,34597,59.1,90.1,330.0,502.1,0.7116295695304871
1889,879,27653,63.0,810.2,223.4,211.9,0.6501516699790955
1890,880,5094,509.9,159.2,269.9,267.2,0.9050251245498657
1891,880,5094,67.0,85.0,233.2,486.3,0.8680567741394043
1892,880,2483,80.7,666.3,220.4,485.4,0.7347946763038635
1893,880,23223,509.3,605.5,303.5,504.5,0.6569667458534241
1894,882,5094,643.5,668.8,235.5,499.4,0.9436870813369751
1895,882,23223,124.6,91.4,307.6,506.8,0.8815743327140808
1896,882,2483,637.9,58.1,224.8,484.5,0.867624819278717
1897,882,5094,148.3,837.0,278.1,272.7,0.8472576141357422
1898,883,16232,631.2,219.6,189.5,185.9,0.8944784998893738
1899,883,28763,143.7,230.6,212.2,203.1,0.8684309720993042
1900,883,3483,603.6,843.9,275.9,188.6,0.8248651623725891
1901,883,20238,47.6,857.7,378.8,217.5,0.820556640625
1902,886,31863,163.4,282.1,205.9,209.7,0.9437549114227295
1903,886,3351,409.2,890.9,191.7,192.6,0.7832117080688477
1904,886,21325,546.5,257.6,263.6,392.0,0.40870746970176697
1905,888,3351,380.8,203.9,185.8,184.4,0.8073142766952515
1906,888,31863,611.2,835.3,206.5,205.9,0.7335517406463623
1907,888,21325,160.8,645.5,270.6,396.5,0.7130457758903503
1908,889,16232,134.7,847.3,195.8,192.0,0.9140813946723938
1909,889,28763,710.8,886.9,221.7,213.9,0.9058486819267273
1910,889,3483,141.5,292.1,211.9,256.1,0.8864006996154785
1911,889,20877,544.5,293.7,326.9,233.8,0.8754324913024902
1912,891,16232,626.3,220.8,190.8,183.0,0.9085150957107544
1913,891,20877,84.1,724.1,333.2,240.9,0.8850492238998413
1914,891,28763,57.4,170.9,206.4,199.8,0.8781121373176575
1915,891,3483,625.1,718.3,209.1,271.2,0.8642001748085022
1916,894,20877,83.5,724.0,332.4,241.2,0.8863925337791443
1917,894,3483,624.2,719.4,209.0,271.1,0.8646193742752075
1918,894,25367,29.9,24.1,408.7,441.1,0.839953601360321
1919,894,27777,605.3,203.5,179.9,245.5,0.7634989023208618
1920,895,10221,585.0,776.1,226.7,219.8,0.9106626510620117
1921,895,29871,534.5,40.0,295.8,456.7,0.8443113565444946
1922,895,21026,99.8,821.7,181.6,178.4,0.799204409122467
1923,895,3544,93.2,221.0,203.9,199.2,0.7276369333267212
1924,896,10221,612.9,813.0,222.6,213.4,0.8804519176483154
1925,896,29871,559.9,46.9,304.6,471.4,0.8095672726631165
1926,896,19607,109.2,232.0,207.4,200.1,0.7603084444999695
1927,896,21026,133.5,855.5,179.3,174.9,0.714228630065918
1928,897,10221,168.7,275.2,219.0,214.0,0.9575716257095337
1929,897,3544,675.8,833.7,215.4,214.1,0.8296217322349548
1930,897,29871,112.0,720.8,321.7,488.5,0.8028997182846069
1931,897,21026,675.5,284.8,179.9,172.3,0.7134513258934021
1932,898,21771,566.7,584.1,260.3,486.7,0.970649242401123
1933,898,29667,74.0,777.7,238.7,233.9,0.8642479181289673
1934,898,12247,618.3,205.8,175.8,185.4,0.7527781128883362
1935,898,3544,120.1,171.9,203.1,196.9,0.7433101534843445
1936,900,21771,595.9,624.4,255.8,483.9,0.965420126914978
1937,900,29667,107.5,821.7,236.3,225.6,0.8769318461418152
1938,900,12247,647.6,205.2,177.7,188.8,0.8647323846817017
1939,900,19607,135.3,176.9,208.7,202.3,0.7408899664878845
1940,904,20238,160.2,50.5,295.5,477.6,0.928374171257019
1941,904,20238,643.3,190.8,227.2,215.0,0.8586156368255615
1942,904,3483,607.3,791.3,274.0,209.6,0.8121877312660217
1943,904,27733,122.0,769.0,317.5,274.7,0.8043559193611145
1944,906,22347,544.4,718.7,299.1,486.2,0.9251748919487
1945,906,20238,113.9,854.5,231.5,226.0,0.8757280707359314
1946,906,27733,565.1,261.4,299.5,266.3,0.8716022968292236
1947,906,3483,122.1,306.7,273.1,200.1,0.8460999727249146
1948,908,31863,575.4,745.6,209.5,212.3,0.8142927885055542
1949,908,3351,305.2,193.0,183.6,187.8,0.792445719242096
1950,908,20238,115.8,715.6,229.6,228.5,0.7031334042549133
1951,910,25367,510.9,697.9,451.3,440.8,0.8801793456077576
1952,910,3483,175.7,273.5,262.0,221.6,0.8380814790725708
1953,910,27777,639.9,295.2,175.0,194.2,0.825782060623169
1954,910,29667,125.4,879.9,232.6,227.6,0.7737464308738708
1955,912,27777,142.2,773.8,180.7,204.4,0.8721991181373596
1956,912,25367,29.6,105.9,435.4,421.3,0.8644058108329773
1957,912,29667,602.4,162.8,215.9,212.6,0.8165029883384705
1958,912,3483,535.1,778.2,267.2,225.9,0.8161051869392395
1959,914,13900,555.6,708.4,204.3,247.9,0.9018391370773315
1960,914,3351,368.8,122.9,184.4,188.4,0.8254284262657166
1961,914,31863,41.7,613.5,350.3,356.7,0.3604387044906616
1962,915,13900,596.5,796.6,198.3,244.6,0.9101411700248718
1963,915,3351,411.7,179.3,185.4,182.6,0.8013383150100708
1964,915,31863,87.9,704.6,349.1,353.3,0.6169087886810303
1965,915,31863,87.2,706.7,346.9,352.9,0.3164561986923218
1966,916,16232,141.6,891.9,197.1,193.5,0.9208112359046936
1967,916,27733,565.7,260.7,299.5,266.6,0.8816280364990234
1968,916,25367,504.7,678.2,459.9,426.4,0.8757961988449097
1969,916,3483,122.1,307.2,273.2,199.4,0.8482538461685181
1970,919,27733,564.1,260.4,299.9,268.0,0.8734801411628723
1971,919,30308,491.6,676.3,372.9,442.1,0.8717023730278015
1972,919,3483,121.2,308.4,271.6,198.8,0.8364483714103699
1973,919,36637,101.1,882.4,268.9,178.7,0.7380372881889343
1974,920,30308,129.2,119.7,357.7,426.9,0.9317590594291687
1975,920,27733,87.3,728.0,322.0,281.6,0.8543737530708313
1976,920,3483,580.6,759.6,275.4,207.3,0.8292799592018127
1977,920,36637,593.2,204.3,253.7,167.3,0.7389857769012451
1978,923,25367,538.8,707.5,437.2,451.8,0.8929662704467773
1979,923,3483,143.0,291.1,212.2,256.0,0.8872178792953491
1980,923,20877,545.9,293.7,326.0,233.6,0.8792722225189209
1981,923,20238,109.9,836.8,250.4,240.3,0.8068230748176575
1982,925,3544,145.4,900.1,195.5,190.3,0.9048615097999573
1983,925,3483,151.6,219.2,246.0,220.9,0.8674813508987427
1984,925,34597,482.8,622.6,441.3,458.7,0.7523247003555298
1985,925,3544,636.7,278.2,221.3,169.2,0.6195631623268127
1986,927,3483,572.4,836.7,262.8,230.8,0.8642780780792236
1987,927,19607,89.8,827.0,227.4,175.5,0.7579925060272217
1988,927,34597,65.7,134.5,421.9,446.3,0.7087191939353943
1989,927,3544,618.4,172.9,184.8,181.1,0.5953496694564819
1990,929,31885,29.1,37.5,414.9,492.5,0.9264721870422363
1991,929,3483,576.3,811.1,278.7,192.6,0.8194920420646667
1992,929,20238,12.8,813.2,385.0,221.5,0.8147974014282227
1993,929,16232,602.2,215.2,185.5,181.5,0.7886230945587158
1994,930,16232,163.5,856.4,194.9,190.3,0.9251519441604614
1995,930,3483,125.4,271.7,271.1,189.6,0.8642309308052063
1996,930,22347,573.7,230.3,372.1,219.8,0.7630846500396729
1997,930,31885,540.6,688.0,428.3,510.9,0.6122048497200012
1998,931,29345,577.4,717.2,325.1,425.6,0.918202817440033
1999,931,19607,166.1,917.8,159.0,154.0,0.8934093117713928
2000,931,19607,177.9,268.8,130.6,199.1,0.8202099800109863
2001,931,19607,475.4,243.4,490.7,263.7,0.7802833914756775
2002,932,19607,130.5,885.5,162.8,157.7,0.9597316980361938
2003,932,29345,548.4,679.4,331.0,430.6,0.9058284163475037
2004,932,19607,160.4,258.1,126.6,199.9,0.8169614672660828
2005,932,3544,449.8,223.5,488.4,267.5,0.7919140458106995
2006,933,19607,666.0,252.2,155.8,151.1,0.9699820876121521
2007,933,29345,118.2,167.3,307.5,396.3,0.8325632810592651
2008,933,19607,687.9,806.1,131.3,207.4,0.8104944825172424
2009,933,3544,14.3,737.7,503.3,278.3,0.7298773527145386
2010,936,25438,111.8,842.0,258.2,265.9,0.8940185904502869
2011,936,5094,652.0,702.2,223.3,478.0,0.8892649412155151
2012,936,2483,600.4,103.1,249.9,457.0,0.8860905766487122
2013,936,22627,112.7,190.1,314.5,497.1,0.7556312084197998
2014,937,12778,125.3,97.6,294.5,528.9,0.9292554259300232
2015,937,5094,131.0,813.5,329.5,330.8,0.8782132863998413
2016,937,5094,595.3,703.3,233.8,465.8,0.8677050471305847
2017,937,2483,624.6,71.2,191.8,468.0,0.7781638503074646
2018,938,5094,129.7,802.3,324.7,316.5,0.901476263999939
2019,938,2483,630.9,31.5,198.8,485.0,0.8286663889884949
2020,938,5094,588.6,700.1,224.0,454.6,0.7828624248504639
2021,938,12778,127.7,67.5,289.2,529.9,0.6646818518638611
2022,940,31863,645.1,322.6,190.3,188.9,0.8811975717544556
2023,940,18147,207.3,223.9,216.4,418.5,0.786148726940155
2024,940,3351,421.0,898.1,191.1,191.4,0.768819272518158
2025,941,18147,512.5,547.7,220.3,450.0,0.886907696723938
2026,941,31863,91.7,713.1,192.4,192.0,0.7926536798477173
2027,941,3351,327.2,142.5,185.4,187.6,0.7902447581291199
2028,942,18147,551.9,638.8,223.1,451.5,0.8870310187339783
2029,942,31863,133.7,800.9,191.7,188.6,0.8622952103614807
2030,942,3351,367.2,200.4,185.0,182.0,0.8040335178375244
2031,945,23203,628.1,640.6,316.4,521.3,0.9003072381019592
2032,945,33208,113.8,856.0,229.7,224.6,0.8717886209487915
2033,945,3483,151.9,218.9,245.9,220.9,0.8665626645088196
2034,945,3544,636.1,277.9,222.6,170.1,0.6139035820960999
2035,947,28763,593.9,886.1,220.3,213.8,0.9140570759773254
2036,947,16232,142.5,847.1,196.5,191.4,0.913222074508667
2037,947,3483,132.2,287.3,276.7,174.0,0.8318429589271545
2038,947,27653,671.0,254.9,220.9,199.3,0.7794461250305176
2039,948,16232,648.5,230.7,192.2,181.1,0.8902490139007568
2040,948,28763,185.3,178.5,211.4,200.9,0.8597643971443176
2041,948,3483,587.6,844.2,282.7,168.4,0.8143171072006226
2042,948,27653,95.5,853.6,221.1,204.4,0.7204664349555969
2043,949,30308,504.5,721.5,419.4,401.5,0.9074423909187317
2044,949,3483,142.2,291.4,212.0,256.5,0.8866757750511169
2045,949,20877,544.7,294.1,326.9,233.4,0.8788563013076782
2046,949,20238,109.9,837.2,250.5,240.3,0.8124154806137085
2047,950,30308,74.0,114.3,398.2,388.8,0.926074206829071
2048,950,20877,83.9,723.2,333.0,242.0,0.8811765909194946
2049,950,3483,624.5,718.5,209.1,271.9,0.8637025952339172
2050,950,20238,602.8,187.1,236.4,227.2,0.7669515609741211
2051,951,30308,87.3,134.1,410.1,394.2,0.9170050621032715
2052,951,20877,114.4,766.0,331.5,231.9,0.8789255619049072
2053,951,3483,650.1,751.1,211.5,268.1,0.8569400906562805
2054,951,20238,630.5,193.1,242.2,229.9,0.7510272860527039
2055,952,30308,559.2,646.6,390.8,430.0,0.8682188987731934
2056,952,3483,125.3,271.5,271.4,190.4,0.8630944490432739
2057,952,20238,167.6,834.7,250.5,240.8,0.7913638353347778
2058,952,22347,573.2,230.7,372.9,219.7,0.7792888283729553
2059,953,30308,48.5,157.2,371.1,417.1,0.9183188676834106
2060,953,3483,576.7,810.4,278.3,193.5,0.8182432055473328
2061,953,20238,12.7,812.7,386.0,222.2,0.8122546672821045
2062,953,20238,546.8,188.7,237.6,228.8,0.7433865666389465
2063,954,30308,61.5,177.6,383.3,426.9,0.9229501485824585
2064,954,3483,603.5,844.4,275.9,187.3,0.824824333190918
2065,954,20238,47.4,857.2,378.5,217.6,0.8069446086883545
2066,954,20238,574.4,196.6,242.6,228.8,0.7486822605133057
2067,956,19607,142.0,862.0,158.7,153.7,0.9527337551116943
2068,956,21771,596.9,674.1,258.1,479.7,0.9498640894889832
2069,956,29871,595.4,0.0,309.3,448.2,0.8659763336181641
2070,956,19607,156.3,249.8,205.4,125.1,0.7959560751914978
2071,957,21771,143.7,142.6,261.4,458.1,0.9623567461967468
2072,957,19607,688.4,300.5,157.9,147.5,0.953983724117279
2073,957,19607,79.6,784.0,311.9,493.5,0.8504416942596436
2074,957,19607,630.1,894.1,210.8,133.7,0.7977244853973389
2075,962,19607,142.7,847.9,161.9,157.7,0.97402024269104
2076,962,22347,475.4,782.2,402.4,269.3,0.8662335872650146
2077,962,16232,626.5,110.3,278.8,466.5,0.8552260398864746
2078,962,27733,148.3,239.3,180.7,182.9,0.6569781303405762
2079,966,21771,126.3,853.3,245.5,237.4,0.8672844767570496
2080,966,19607,658.6,903.5,210.6,146.7,0.8326030969619751
2081,966,10221,132.1,128.4,247.3,419.6,0.8076620101928711
2082,966,18110,612.6,218.4,297.7,286.3,0.6392552256584167
2083,967,41768,128.1,302.9,259.6,294.8,0.9868268966674805
2084,967,29667,590.0,306.2,226.2,222.7,0.869334876537323
2085,967,3351,406.9,888.0,190.3,189.9,0.7609784603118896
2086,968,29667,110.8,696.8,232.8,232.9,0.8601171970367432
2087,968,3351,342.3,153.3,183.8,190.1,0.8224289417266846
2088,968,41768,559.2,618.1,266.5,314.5,0.7434598803520203
2089,972,21771,125.3,774.8,195.0,189.3,0.9579269886016846
2090,972,21771,571.6,627.2,259.7,487.9,0.9566130638122559
2091,972,29871,572.1,17.0,331.0,433.1,0.8280959129333496
2092,972,3544,140.4,243.6,199.2,125.9,0.7246084809303284
2093,973,21771,183.1,884.6,192.1,184.2,0.9437218904495239
2094,973,29345,612.7,715.2,284.2,442.3,0.9364836812019348
2095,973,19607,180.4,267.4,130.1,199.0,0.8277140855789185
2096,973,29871,569.3,82.5,305.6,469.2,0.8142926096916199
2097,974,21771,148.7,848.8,195.9,191.5,0.9586392045021057
2098,974,21026,586.6,675.8,287.1,450.9,0.9468761682510376
2099,974,29871,541.4,76.2,298.8,457.0,0.8530659675598145
2100,974,19607,163.9,257.3,125.4,198.9,0.8141924738883972
2101,975,29345,115.9,152.2,274.8,415.7,0.9323585629463196
2102,975,21771,618.8,250.8,188.1,180.8,0.8640103936195374
2103,975,19607,104.0,689.5,318.9,478.4,0.8468391299247742
2104,975,19607,685.8,807.4,131.0,207.8,0.7944866418838501
2105,979,22074,585.0,710.2,188.8,193.8,0.9033677577972412
2106,979,3351,393.6,156.4,181.9,187.8,0.8026696443557739
2107,980,5094,169.9,311.7,189.1,191.4,0.8697420954704285
2108,980,3351,353.4,871.6,190.5,191.5,0.7561199069023132
2109,982,5094,636.9,674.8,239.9,514.6,0.9286430478096008
2110,982,5094,114.2,838.1,333.1,332.1,0.9170635938644409
2111,982,23223,103.4,118.6,297.9,503.4,0.9109176397323608
2112,982,2483,663.7,110.4,208.7,473.5,0.8616551160812378
2113,983,5094,626.6,673.7,232.6,502.3,0.9475576877593994
2114,983,5094,114.7,827.2,323.1,319.7,0.910589873790741
2115,983,23223,97.6,82.4,303.4,506.1,0.8488043546676636
2116,983,2483,672.9,77.2,203.9,487.6,0.8100035190582275
2117,984,5094,84.9,79.6,229.9,486.7,0.9269159436225891
2118,984,16232,62.3,646.5,202.0,487.9,0.7604750394821167
2119,984,5094,497.1,124.4,315.8,307.1,0.7302183508872986
2120,984,23223,536.8,609.9,300.4,511.6,0.6989235877990723
2121,985,24850,118.2,738.6,198.9,286.2,0.9040090441703796
2122,985,29667,576.6,187.4,231.5,224.3,0.8804763555526733
2123,985,16232,139.8,219.4,200.2,147.4,0.7435417175292969
2124,985,21771,521.0,804.6,418.4,231.2,0.6271594762802124
2125,986,24850,645.0,258.6,192.1,269.0,0.9186115264892578
2126,986,19607,630.8,897.4,211.7,157.8,0.7841935157775879
2127,986,29667,143.0,837.5,240.0,237.2,0.7084344029426575
2128,986,21771,44.9,234.5,403.0,225.1,0.6616522073745728
2129,988,22347,159.0,182.8,206.3,197.6,0.8258041143417358
2130,988,10221,620.2,200.1,265.0,150.9,0.8250060677528381
2131,988,3483,598.8,868.1,259.7,229.9,0.8005390167236328
2132,988,19607,123.0,864.1,222.0,169.6,0.7457404732704163
2133,989,3483,570.6,837.4,262.2,231.3,0.8604319095611572
2134,989,10221,591.3,195.2,259.9,153.3,0.8327430486679077
2135,989,19607,88.2,826.9,226.8,175.5,0.7637729644775391
2136,989,22347,142.1,176.6,202.2,194.7,0.6856204271316528
2137,990,3483,153.3,217.9,246.3,220.4,0.8656518459320068
2138,990,22347,627.1,886.9,214.1,208.2,0.8359524607658386
2139,990,10221,95.6,907.6,272.3,164.2,0.7626724243164062
2140,990,3544,639.0,278.1,220.8,169.2,0.6198594570159912
2141,991,10221,585.0,775.7,226.8,220.3,0.9108049869537354
2142,991,16548,573.2,221.1,231.8,226.5,0.8816573023796082
2143,991,21026,99.8,821.5,181.4,178.2,0.781912088394165
2144,991,3544,93.1,221.3,203.8,198.9,0.7265785336494446
2145,993,10221,613.0,812.9,222.6,213.7,0.8934978246688843
2146,993,16548,600.7,232.3,237.0,226.5,0.8835339546203613
2147,993,19607,109.2,231.7,207.3,200.4,0.7573037147521973
2148,993,21026,133.5,855.4,179.2,175.0,0.6717261075973511
2149,994,30308,505.8,751.7,394.8,433.2,0.8591079115867615
2150,994,3483,132.0,287.7,276.9,174.2,0.8293766379356384
2151,994,20238,117.1,846.3,250.2,241.5,0.7953592538833618
2152,994,27653,669.9,255.7,222.2,199.1,0.7856494188308716
2153,996,30308,110.5,73.0,384.2,421.4,0.913305938243866
2154,996,3483,587.4,844.2,283.3,168.3,0.8133469820022583
2155,996,20238,623.2,183.2,242.0,229.3,0.7569116353988647
2156,996,27653,95.3,853.6,221.0,203.9,0.7145628929138184
2157,997,16232,589.4,60.9,278.8,469.6,0.8793007135391235
2158,997,21771,122.9,807.1,194.7,187.3,0.8739058375358582
2159,997,21771,455.9,809.3,425.0,223.1,0.7447997331619263
2160,997,27733,148.2,239.3,181.4,182.0,0.6505310535430908
2161,998,19607,618.1,68.4,286.0,482.7,0.8693881630897522
2162,998,1900,166.4,248.2,184.9,179.4,0.7905632853507996
2163,998,21771,156.8,840.0,191.3,184.4,0.7726067304611206
2164,998,21771,486.5,848.4,417.5,216.4,0.7349050641059875
2165,999,21771,644.2,290.6,189.1,181.7,0.942618727684021
2166,999,21771,103.5,238.5,409.5,215.9,0.8285767436027527
2167,999,1900,641.8,844.2,192.7,189.4,0.772067129611969
2168,999,16232,80.1,686.2,295.1,499.2,0.6951426267623901
2169,1003,16232,647.9,185.0,192.5,179.7,0.9185256361961365
2170,1003,3483,607.1,791.4,273.8,208.7,0.8081974387168884
2171,1003,27733,121.8,768.6,317.3,274.8,0.7983721494674683
2172,1003,34597,34.9,159.1,451.9,413.2,0.6898200511932373
2173,1004,16232,141.9,892.0,196.8,193.4,0.9226294755935669
2174,1004,27733,565.1,260.6,300.7,267.6,0.8726799488067627
2175,1004,3483,122.2,307.0,273.3,199.4,0.8490810394287109
2176,1004,34597,507.6,655.9,460.1,442.3,0.7571389079093933
2177,1005,16232,619.1,178.7,188.4,182.8,0.8742195963859558
2178,1005,27733,84.6,728.3,323.4,280.4,0.8733726143836975
2179,1005,3483,580.3,760.9,274.7,206.5,0.796364426612854
2180,1005,34597,23.3,122.4,439.2,426.4,0.4757687449455261
2181,1006,25367,42.0,174.1,448.3,425.1,0.8705800175666809
2182,1006,20238,618.1,196.1,226.6,215.5,0.8648433685302734
2183,1006,3483,603.3,844.0,276.3,188.0,0.8226659893989563
2184,1006,20238,48.1,857.2,377.9,217.6,0.8039963841438293
2185,1007,20238,589.6,191.9,222.4,212.5,0.8573136329650879
2186,1007,25367,29.7,152.9,433.6,422.3,0.8290737271308899
2187,1007,3483,576.4,810.7,278.7,193.1,0.8207338452339172
2188,1007,20238,11.7,812.4,386.8,222.3,0.8113030791282654
2189,1009,22347,78.7,199.0,202.1,194.2,0.8488011956214905
2190,1009,20238,12.9,813.4,385.3,221.3,0.8239588737487793
2191,1009,3483,576.3,810.6,278.8,193.1,0.8194188475608826
2192,1009,20238,547.3,188.0,237.4,229.0,0.7568822503089905
2193,1010,22347,94.0,205.8,207.2,198.3,0.8268606662750244
2194,1010,3483,603.5,844.2,275.9,188.1,0.82448410987854
2195,1010,20238,47.7,857.8,379.0,217.4,0.8231514692306519
2196,1010,20238,574.0,195.7,243.9,229.5,0.75322425365448
2197,1012,21771,571.5,627.7,259.9,487.9,0.9572727680206299
2198,1012,24850,138.3,703.1,186.1,294.9,0.8758717179298401
2199,1012,16548,612.3,157.9,231.4,225.2,0.8542991876602173
2200,1012,3544,140.1,243.8,199.7,125.9,0.722147524356842
2201,1013,21771,142.8,142.6,259.7,458.8,0.9644855260848999
2202,1013,16548,639.9,272.2,178.2,279.5,0.8603178262710571
2203,1013,19607,631.0,892.8,210.1,133.1,0.7982789278030396
2204,1013,21771,104.5,865.8,241.2,239.0,0.7296925187110901
2205,1014,21771,599.0,674.8,257.8,479.3,0.9506275057792664
2206,1014,16548,640.5,164.2,236.8,225.0,0.8567720651626587
2207,1014,24850,171.7,740.4,181.7,291.9,0.847629964351654
2208,1014,19607,156.4,251.7,205.0,124.0,0.8079148530960083
2209,1015,30308,67.3,122.6,396.1,404.5,0.9183050394058228
2210,1015,27733,658.9,175.3,224.5,403.0,0.9037506580352783
2211,1015,20877,114.9,765.8,331.8,231.8,0.8774542212486267
2212,1015,3483,650.8,749.7,211.1,268.1,0.8521488904953003
2213,1016,3483,141.7,292.3,211.4,256.1,0.885580837726593
2214,1016,30308,534.8,719.7,410.8,414.5,0.8826058506965637
2215,1016,20877,544.4,294.3,326.8,233.1,0.8756218552589417
2216,1016,27733,96.9,668.5,236.9,415.3,0.8484518527984619
2217,1018,27733,561.2,258.5,297.4,262.0,0.8506428003311157
2218,1018,3483,121.5,307.4,274.0,199.0,0.8482563495635986
2219,1018,22347,437.4,742.2,477.7,306.7,0.8285486698150635
2220,1018,29667,86.5,860.3,231.7,228.3,0.7871801257133484
2221,1019,27733,127.3,775.3,317.0,276.1,0.8675678372383118
2222,1019,30308,90.8,212.1,467.5,295.7,0.8525604009628296
2223,1019,29667,666.4,182.3,226.8,212.9,0.8431545495986938
2224,1019,3483,607.3,792.0,273.7,208.2,0.8050646781921387
2225,1020,27733,92.0,733.3,321.0,279.9,0.8587313294410706
2226,1020,29667,637.7,177.7,220.7,212.7,0.8462395668029785
2227,1020,30308,74.1,188.7,457.7,297.7,0.8187978267669678
2228,1020,3483,579.6,761.0,275.3,206.0,0.7933763861656189
2229,1022,33208,582.8,811.8,212.4,202.2,0.9148402810096741
2230,1022,19607,626.0,25.9,280.6,462.0,0.8317195177078247
2231,1022,21771,34.5,802.9,422.3,224.3,0.8279116153717041
2232,1022,1900,148.4,239.3,180.8,182.5,0.707430362701416
2233,1023,33208,610.6,843.1,209.6,199.1,0.8953590393066406
2234,1023,19607,653.5,26.7,290.8,482.1,0.8102479577064514
2235,1023,1900,166.0,248.4,184.0,179.9,0.8075712323188782
2236,1023,21771,68.5,845.8,418.6,213.9,0.8070135712623596
2237,1025,28763,643.8,861.1,223.6,212.6,0.905809760093689
2238,1025,3483,142.3,291.3,211.7,256.7,0.8871341347694397
2239,1025,20877,544.7,294.0,326.9,233.0,0.877905011177063
2240,1025,20238,109.5,837.4,250.4,240.7,0.8057429790496826
2241,1026,20877,114.4,766.4,331.7,231.5,0.8884269595146179
2242,1026,28763,134.5,204.3,212.0,201.4,0.8592535257339478
2243,1026,3483,650.1,750.5,211.6,269.0,0.8570926189422607
2244,1026,20238,630.5,193.0,242.8,229.5,0.7501041293144226
2245,1027,13900,189.7,283.0,199.6,236.6,0.9076933860778809
2246,1027,3351,352.8,882.5,192.3,192.5,0.769294798374176
2247,1027,31863,600.4,262.8,189.7,186.5,0.36239808797836304
2248,1028,13900,554.1,708.1,205.2,246.2,0.9210227727890015
2249,1028,3351,392.5,154.5,184.8,190.7,0.7910169363021851
2250,1028,31863,136.4,781.2,191.7,188.0,0.26907476782798767
2251,1029,13900,595.0,796.3,199.1,243.8,0.9253359436988831
2252,1029,3351,434.9,216.3,185.3,181.8,0.8106597065925598
2253,1029,31863,178.0,866.9,191.8,191.9,0.38001856207847595
2254,1030,27733,86.4,728.5,322.3,280.5,0.8758442997932434
2255,1030,27733,571.3,117.0,249.2,381.2,0.8179882764816284
2256,1030,3483,580.9,760.6,274.7,205.9,0.795671284198761
2257,1030,34597,42.9,135.9,449.0,421.2,0.4162617325782776
2258,1034,33208,649.9,882.9,221.8,212.9,0.8734441995620728
2259,1034,3483,151.7,218.9,246.2,219.9,0.870922327041626
2260,1034,10221,95.8,908.4,272.2,164.3,0.7661057114601135
2261,1034,3544,636.4,278.1,222.1,169.1,0.6305809617042542
2262,1039,28763,126.2,213.0,212.8,203.5,0.8946074843406677
2263,1039,3483,603.4,844.3,276.3,186.9,0.8218957185745239
2264,1039,20238,48.0,857.7,377.9,217.6,0.8171055912971497
2265,1039,20238,574.6,196.1,243.3,228.9,0.747469425201416
2266,1041,28763,652.4,851.9,221.9,213.6,0.9099369049072266
2267,1041,3483,125.5,271.6,271.2,189.6,0.8607925772666931
2268,1041,20238,167.0,834.6,250.2,241.6,0.7931876182556152
2269,1041,22347,573.6,230.2,372.7,219.3,0.7714161276817322
2270,1043,18357,50.7,625.9,271.2,355.2,0.8974275588989258
2271,1043,3351,315.2,169.8,182.3,186.4,0.8083785176277161
2272,1043,21325,514.3,603.3,244.8,417.7,0.7035319209098816
2273,1044,18357,92.0,720.5,270.3,359.6,0.8814939260482788
2274,1044,3351,354.7,227.3,183.0,183.5,0.7767919898033142
2275,1044,21325,554.2,700.0,238.4,411.1,0.5808097720146179
2276,1045,20877,40.7,755.1,328.2,250.3,0.8918505311012268
2277,1045,28763,132.9,212.1,209.5,201.4,0.8754245638847351
2278,1045,3483,624.3,719.1,209.0,271.3,0.8645274043083191
2279,1045,29667,595.2,178.4,218.2,215.7,0.7985321879386902
2280,1046,28763,151.5,221.3,212.8,202.4,0.8840005397796631
2281,1046,20877,73.6,797.3,327.1,243.6,0.881594717502594
2282,1046,3483,649.7,751.0,211.6,269.2,0.8589921593666077
2283,1046,29667,623.9,182.0,222.8,216.1,0.8325962424278259
2284,1047,28763,627.6,844.3,220.6,212.0,0.9053289890289307
2285,1047,3483,142.5,291.0,211.7,256.0,0.888006329536438
2286,1047,20877,591.1,259.2,320.8,241.6,0.8854223489761353
2287,1047,29667,135.2,861.7,230.2,227.6,0.7568687796592712
2288,1050,5094,137.0,847.8,279.1,272.5,0.8733873963356018
2289,1050,16232,652.2,84.0,194.1,484.9,0.8250564336776733
2290,1050,5094,606.9,774.3,256.1,414.5,0.6274626851081848
2291,1050,22627,87.1,174.0,340.0,471.4,0.5983972549438477
2292,1051,5094,552.6,190.9,272.0,268.7,0.8645145893096924
2293,1051,2483,87.4,672.8,236.3,487.1,0.79238361120224
2294,1051,12778,488.2,655.5,384.7,472.4,0.7703374624252319
2295,1051,5094,141.3,107.8,210.3,437.4,0.5455521941184998
2296,1053,23223,79.2,77.6,378.0,465.5,0.901936948299408
2297,1053,2483,619.2,48.7,217.8,489.1,0.8646404147148132
2298,1053,5094,105.2,800.7,276.6,273.4,0.8605634570121765
2299,1053,5094,589.3,698.8,216.9,456.4,0.3620704710483551
2300,1055,31885,55.1,31.8,431.3,489.6,0.9306095242500305
2301,1055,29667,648.7,185.7,220.2,213.1,0.8659788370132446
2302,1055,27733,80.2,733.8,330.0,268.5,0.8292922377586365
2303,1055,3483,571.2,769.7,276.5,202.6,0.8133173584938049
2304,1056,31885,66.1,48.6,446.9,493.6,0.94156414270401
2305,1056,27733,115.4,776.0,323.9,266.2,0.8569381833076477
2306,1056,29667,677.3,190.3,226.9,213.6,0.8428428769111633
2307,1056,3483,598.4,799.9,276.6,203.0,0.8182646036148071
2308,1057,5094,639.3,703.9,225.5,458.0,0.9511748552322388
2309,1057,12778,77.2,74.4,332.0,500.1,0.9385309815406799
2310,1057,25438,109.9,829.3,254.1,253.2,0.8972288370132446
2311,1057,2483,613.4,66.0,241.1,472.3,0.8536315560340881
2312,1058,25438,111.9,841.7,257.9,265.8,0.8944343328475952
2313,1058,2483,600.5,102.0,249.9,458.0,0.8856703639030457
2314,1058,12778,79.2,105.8,331.7,505.9,0.8664548993110657
2315,1058,5094,653.7,702.8,220.1,477.6,0.847676694393158
2316,1060,5094,116.0,47.1,241.9,487.7,0.9146789908409119
2317,1060,32310,557.0,204.9,247.0,251.1,0.8870322108268738
2318,1060,16232,115.1,675.4,217.9,497.6,0.847791850566864
2319,1060,22627,525.6,640.8,360.4,470.9,0.5381487607955933
2320,1064,20238,618.2,196.0,226.3,215.5,0.869253933429718
2321,1064,3483,603.7,844.3,275.5,187.2,0.823686420917511
2322,1064,20238,47.7,857.4,378.7,217.5,0.8201898336410522
2323,1064,34597,60.6,129.9,451.1,414.9,0.6653181910514832
2324,1065,20238,140.0,849.9,230.9,226.6,0.880179226398468
2325,1065,3483,125.1,271.8,271.6,189.7,0.8633955717086792
2326,1065,22347,573.4,230.7,372.7,219.4,0.7649932503700256
2327,1065,34597,478.1,682.0,473.1,436.5,0.7259044647216797
2328,1067,3483,132.1,288.1,277.0,174.0,0.8268344402313232
2329,1067,20238,117.3,846.2,250.3,241.5,0.7936996817588806
2330,1067,27653,670.8,256.1,221.4,199.2,0.7876039743423462
2331,1067,31885,555.7,671.6,401.6,529.2,0.6643742322921753
2332,1069,21771,116.0,203.6,191.7,183.9,0.9400011897087097
2333,1069,16548,643.7,164.8,235.9,225.8,0.8691011667251587
2334,1069,21026,138.5,867.7,178.3,177.0,0.7769063711166382
2335,1069,29871,623.8,889.2,205.8,138.3,0.7750574350357056
2336,1070,21771,686.6,882.5,199.2,191.8,0.9452340602874756
2337,1070,21026,670.8,273.0,180.7,171.5,0.8590428829193115
2338,1070,29871,175.1,280.2,202.0,139.3,0.7220900654792786
2339,1070,21771,101.7,863.6,242.3,239.1,0.6762272715568542
2340,1073,27777,142.8,774.2,180.8,204.2,0.8522009253501892
2341,1073,3483,536.4,777.2,266.7,225.9,0.8183813691139221
2342,1073,27777,637.0,175.9,182.0,243.0,0.7698479294776917
2343,1073,22347,114.5,199.8,202.0,193.2,0.6390445232391357
2344,1075,29871,95.4,593.8,337.7,463.2,0.9101061820983887
2345,1075,29871,603.2,772.0,208.2,223.1,0.8386450409889221
2346,1075,12420,612.0,142.6,201.9,197.1,0.8380511403083801
2347,1075,3544,102.7,160.0,202.8,199.2,0.7181593179702759
2348,1076,4543,133.0,916.8,212.2,212.2,0.8584179878234863
2349,1076,1900,534.8,193.1,329.4,438.5,0.8377627730369568
2350,1076,3544,666.5,898.7,219.4,215.0,0.8154546618461609
2351,1076,29871,167.7,278.1,206.1,213.1,0.595758318901062
2352,1077,27733,127.9,642.1,332.7,460.8,0.9098681807518005
2353,1077,12420,640.7,142.1,207.7,200.3,0.8564609289169312
2354,1077,29871,631.1,808.1,205.1,216.5,0.8495100736618042
2355,1077,19607,116.9,166.1,208.3,201.8,0.8221598267555237
2356,1079,20877,71.8,796.8,323.9,244.5,0.8943023681640625
2357,1079,3483,645.8,754.2,213.1,269.3,0.8580888509750366
2358,1079,22347,118.7,218.7,208.3,198.2,0.857990562915802
2359,1079,29667,624.7,184.6,225.0,216.8,0.8340584635734558
2360,1080,20877,39.5,754.0,325.7,252.7,0.8964279890060425
2361,1080,3483,620.5,721.8,210.7,271.6,0.8633009195327759
2362,1080,22347,101.7,211.5,203.6,192.8,0.8451772928237915
2363,1080,29667,596.2,180.6,218.2,216.5,0.8071961402893066
2364,1081,44199,93.0,184.8,257.1,227.2,0.9701356887817383
2365,1081,29871,477.4,203.8,465.7,324.6,0.8244922757148743
2366,1081,29871,608.9,899.2,206.1,136.9,0.787598729133606
2367,1081,21026,125.1,865.0,180.5,176.2,0.7870762944221497
2368,1085,16232,626.6,221.4,190.2,182.8,0.9067666530609131
2369,1085,20877,84.4,723.4,332.8,241.9,0.8862341046333313
2370,1085,3483,624.9,718.0,209.1,271.1,0.864630401134491
2371,1085,25367,32.1,128.8,442.0,410.5,0.7889394164085388
2372,1087,21771,623.9,205.2,219.3,213.7,0.9339814782142639
2373,1087,19607,87.6,588.8,296.2,483.6,0.8912619352340698
2374,1087,19607,133.7,175.8,203.1,197.2,0.8189816474914551
2375,1087,21771,571.5,677.7,252.9,452.5,0.7400283217430115
2376,1089,10221,106.8,834.6,229.0,223.4,0.9516097903251648
2377,1089,16232,582.9,180.0,293.1,463.1,0.8332592844963074
2378,1089,19607,634.9,886.7,215.7,213.2,0.8313632607460022
2379,1089,21771,145.9,146.9,257.7,421.8,0.7531216144561768
2380,1092,44199,135.3,243.7,243.0,230.0,0.9047653675079346
2381,1092,1900,652.8,849.9,209.8,159.0,0.846942663192749
2382,1092,21771,82.9,913.4,244.2,239.4,0.7348639965057373
2383,1092,33009,568.2,212.7,319.2,290.2,0.514279305934906
2384,1093,3483,151.6,219.3,246.1,220.3,0.8666459918022156
2385,1093,34597,497.8,688.5,465.8,445.2,0.8488055467605591
2386,1093,33208,100.3,851.1,249.1,239.6,0.8037147521972656
2387,1093,3544,636.1,277.9,222.2,169.6,0.621497392654419
2388,1095,3483,601.2,867.8,259.3,228.8,0.811934232711792
2389,1095,33208,638.7,178.7,244.5,228.1,0.7715470790863037
2390,1095,34597,44.0,123.2,450.3,415.1,0.7533208131790161
2391,1095,19607,124.7,864.6,221.5,168.9,0.751867949962616
2392,1096,29871,548.8,778.1,308.8,241.0,0.9649543762207031
2393,1096,29871,479.6,115.7,451.8,324.2,0.8013607859611511
2394,1096,3544,92.1,197.2,204.2,198.3,0.754343569278717
2395,1096,29667,166.1,670.8,218.0,367.8,0.7450112104415894
2396,1097,1900,578.1,818.7,302.4,228.2,0.9803569912910461
2397,1097,29871,505.9,125.8,462.4,329.0,0.8036652207374573
2398,1097,29667,197.0,713.7,217.9,363.0,0.7676019072532654
2399,1097,19607,108.1,204.0,207.2,200.6,0.7514734268188477
2400,1098,29871,10.1,785.4,480.7,345.0,0.8300964832305908
2401,1098,3544,678.2,861.4,215.1,212.6,0.8064001202583313
2402,1098,21771,579.8,229.2,213.6,340.7,0.7214391231536865
2403,1098,29871,125.8,252.5,295.3,232.6,0.408823162317276
2404,1100,31885,45.9,92.7,430.9,497.5,0.8971693515777588
2405,1100,27777,142.8,774.1,180.9,204.4,0.8680906891822815
2406,1100,3483,536.1,777.8,267.2,225.6,0.8186771869659424
2407,1100,27777,637.4,177.2,180.9,241.9,0.7841865420341492
2408,1101,31885,63.9,123.2,441.8,489.6,0.9437534213066101
2409,1101,27777,176.4,810.4,176.8,198.3,0.8410785794258118
2410,1101,27777,665.8,179.9,186.2,247.7,0.8349542021751404
2411,1101,3483,563.8,813.0,264.0,217.6,0.7979623079299927
2412,1105,27733,122.7,768.5,316.9,275.5,0.812129557132721
2413,1105,22347,112.5,212.7,204.4,195.3,0.8102819919586182
2414,1105,27733,600.8,126.1,256.5,389.8,0.8096696734428406
2415,1105,3483,608.4,791.1,273.8,209.1,0.8090655207633972
2416,1109,28763,139.7,223.6,213.5,202.8,0.8763880729675293
2417,1109,3483,587.8,844.0,283.3,167.8,0.808610737323761
2418,1109,20238,623.0,182.5,242.2,230.4,0.7436962127685547
2419,1109,27653,96.1,853.4,220.5,204.3,0.7204714417457581
2420,1111,28763,115.8,186.7,209.0,200.5,0.9016106724739075
2421,1111,3483,559.4,810.7,285.0,175.7,0.8192098140716553
2422,1111,29667,602.8,176.0,219.5,212.5,0.8131609559059143
2423,1111,27653,60.7,809.9,224.5,211.0,0.6728968620300293
2424,1114,30308,559.1,695.4,398.4,421.2,0.8493916392326355
2425,1114,3483,131.9,288.1,277.0,173.7,0.8285511136054993
2426,1114,27653,670.0,255.0,221.9,199.8,0.7749413251876831
2427,1114,16232,106.9,685.1,200.4,420.5,0.43485966324806213
2428,1115,30308,40.3,123.5,380.8,402.5,0.9351128935813904
2429,1115,16232,652.6,142.7,195.7,398.4,0.8360174298286438
2430,1115,3483,559.9,810.8,285.3,176.0,0.8190981149673462
2431,1115,27653,62.1,810.3,224.4,211.4,0.670686662197113
2432,1116,30308,52.3,139.1,395.5,414.4,0.9193633794784546
2433,1116,16232,681.9,152.6,198.2,407.4,0.846855103969574
2434,1116,3483,587.6,844.2,283.1,168.0,0.8105918169021606
2435,1116,27653,95.5,854.1,221.0,205.0,0.7099102139472961
2436,1118,3544,199.0,239.8,169.5,234.3,0.8728665709495544
2437,1118,3544,677.8,859.1,215.4,213.5,0.8313820958137512
2438,1118,21771,586.9,237.0,211.1,337.4,0.7622054815292358
2439,1118,21771,100.7,881.3,242.7,239.3,0.6395989060401917
2440,1119,16548,644.8,145.8,236.0,227.1,0.885163426399231
2441,1119,19607,109.4,206.6,206.7,200.4,0.8055787086486816
2442,1119,19607,634.5,825.9,169.6,241.3,0.7610874176025391
2443,1119,29667,192.7,706.2,218.0,363.9,0.684654951095581
2444,1121,28763,620.6,859.5,220.4,213.4,0.9065133333206177
2445,1121,3483,126.0,271.5,270.8,188.5,0.8647828102111816
2446,1121,25469,574.2,188.9,332.6,282.9,0.77922523021698
2447,1121,21771,139.3,870.5,229.1,229.0,0.750667929649353
2448,1123,27733,565.5,261.0,299.5,266.4,0.8724367618560791
2449,1123,25367,491.2,661.3,449.4,443.0,0.8653776049613953
2450,1123,3483,121.8,307.0,273.4,199.8,0.8485551476478577
2451,1123,20238,151.6,803.9,249.6,240.1,0.8108400106430054
2452,1125,25367,62.6,159.3,447.1,424.1,0.8887978196144104
2453,1125,3483,607.6,791.4,273.2,209.0,0.8119924664497375
2454,1125,27733,122.2,768.2,316.1,273.8,0.7967151999473572
2455,1125,20238,590.0,228.6,243.4,228.7,0.7533257603645325
2456,1126,3483,143.6,291.2,211.6,255.7,0.8880218863487244
2457,1126,20877,546.4,293.9,325.6,234.1,0.8766500949859619
2458,1126,31885,506.1,730.5,469.9,472.7,0.8409053683280945
2459,1126,20238,110.1,836.6,250.4,240.1,0.8106675148010254
2460,1129,27733,565.2,261.2,299.8,266.2,0.8757657408714294
2461,1129,20238,113.5,854.7,231.5,226.2,0.8652651309967041
2462,1129,22347,680.9,826.2,212.8,207.2,0.8596945405006409
2463,1129,3483,122.0,306.4,273.2,199.7,0.8481602072715759
2464,1135,1900,152.4,254.1,194.6,161.7,0.8958369493484497
2465,1135,33208,549.0,838.9,377.1,196.5,0.790887176990509
2466,1135,19607,607.7,52.1,285.5,484.9,0.7771853804588318
2467,1135,18110,78.5,790.3,306.9,290.0,0.43623948097229004
2468,1136,1900,642.8,855.9,205.3,170.1,0.8756836652755737
2469,1136,33208,86.9,256.0,367.1,210.0,0.8589087724685669
2470,1136,16232,89.1,699.9,296.6,495.7,0.79123854637146
2471,1136,18110,611.0,222.1,299.9,284.8,0.6585058569908142
2472,1138,20238,595.3,174.1,219.6,212.1,0.8757921457290649
2473,1138,3483,561.1,810.8,285.9,175.3,0.815824031829834
2474,1138,34597,29.9,81.1,374.7,484.4,0.6699226498603821
2475,1138,27653,63.7,810.9,224.4,211.8,0.6618859767913818
2476,1140,20238,622.7,176.5,226.4,216.6,0.8909518122673035
2477,1140,3483,588.7,844.0,283.3,168.0,0.8124763369560242
2478,1140,34597,43.9,110.4,384.1,481.9,0.7311528921127319
2479,1140,27653,97.0,854.4,220.8,205.1,0.6887383460998535
2480,1141,25438,556.7,194.9,247.4,251.4,0.9005787372589111
2481,1141,2483,72.7,649.9,294.4,450.0,0.8680644631385803
2482,1141,23223,571.0,568.0,300.9,509.1,0.8538265824317932
2483,1141,5094,64.2,114.4,231.0,431.5,0.7894321084022522
2484,1142,23223,62.2,129.3,304.7,505.8,0.925459086894989
2485,1142,25438,120.6,820.8,256.7,254.6,0.8969776034355164
2486,1142,2483,580.8,116.3,295.2,450.2,0.849372386932373
2487,1142,5094,644.6,703.3,242.5,450.8,0.6793665289878845
2488,1143,23223,64.9,160.5,302.2,505.9,0.9536389708518982
2489,1143,25438,122.6,832.7,260.0,265.3,0.8928718566894531
2490,1143,2483,569.8,149.9,301.4,436.7,0.8627482056617737
2491,1143,5094,653.4,706.0,252.0,467.9,0.7415241599082947
2492,1144,31885,51.8,170.9,444.3,486.4,0.943129301071167
2493,1144,3483,603.4,844.0,276.1,187.3,0.8245928883552551
2494,1144,20238,47.9,857.2,378.2,217.5,0.7996622920036316
2495,1144,20238,574.4,196.4,242.8,229.1,0.7561876773834229
2496,1148,31863,147.8,731.7,193.6,192.4,0.8907341957092285
2497,1148,3351,385.4,158.3,183.8,190.8,0.7824479341506958
2498,1148,41768,555.6,630.6,270.3,307.8,0.6987248659133911
2499,1149,31863,190.7,821.6,190.7,189.1,0.8404701948165894
2500,1149,3351,426.7,220.3,185.4,182.4,0.8044450283050537
2501,1149,41768,596.1,719.2,264.4,310.6,0.7921341061592102
2502,1150,27777,175.5,810.0,177.0,198.5,0.8402307033538818
2503,1150,29667,632.3,164.1,221.9,214.6,0.8258084058761597
2504,1150,3483,563.4,814.4,263.6,217.8,0.8041889667510986
2505,1150,34597,83.2,49.2,405.1,468.8,0.6714779138565063
2506,1153,22347,144.6,209.7,206.2,197.1,0.827072024345398
2507,1153,3544,645.9,175.9,191.2,186.2,0.8267918825149536
2508,1153,3483,601.1,866.2,259.5,231.0,0.808677077293396
2509,1153,19607,124.8,864.6,221.5,169.1,0.7429530024528503
2510,1154,3483,572.4,836.1,263.2,231.6,0.8635720610618591
2511,1154,22347,128.1,202.1,201.7,194.2,0.7942495346069336
2512,1154,3544,618.1,172.6,185.7,181.2,0.780036211013794
2513,1154,19607,87.7,827.1,229.5,175.3,0.7549251914024353
2514,1155,3544,144.9,900.0,195.2,190.3,0.9226270318031311
2515,1155,3483,151.5,219.1,245.9,219.7,0.8677518367767334
2516,1155,22347,639.8,860.8,215.0,207.3,0.8270639181137085
2517,1155,3544,636.6,277.3,221.6,170.0,0.6294391751289368
2518,1156,13900,184.3,281.6,204.4,230.8,0.9020363688468933
2519,1156,3351,392.7,857.0,190.3,190.9,0.7686349749565125
2520,1156,20238,573.1,308.9,244.4,234.3,0.7303580641746521
2521,1157,13900,554.2,714.7,211.7,242.9,0.8830709457397461
2522,1157,3351,355.5,181.1,184.7,188.6,0.7951955199241638
2523,1157,16262,110.8,676.2,248.5,245.2,0.7217153906822205
2524,1158,13900,595.0,804.7,206.7,237.3,0.920558512210846
2525,1158,3351,397.2,241.2,185.0,182.8,0.7895588278770447
2526,1158,16262,153.1,767.2,245.4,238.3,0.7262482047080994
2527,1159,3351,402.8,808.2,187.4,191.2,0.8038120865821838
2528,1159,18357,151.4,300.9,242.9,357.4,0.7825818061828613
2529,1159,5094,647.9,292.5,189.4,195.6,0.4882204830646515
2530,1161,3351,387.9,281.4,183.2,180.5,0.793860137462616
2531,1161,18357,583.3,614.2,243.8,373.9,0.7817621231079102
2532,1161,5094,131.9,816.9,189.6,187.3,0.5586228370666504
2533,1163,19607,40.1,602.4,306.8,471.7,0.8806029558181763
2534,1163,10221,656.6,198.0,225.1,214.0,0.8757903575897217
2535,1163,19607,117.8,184.6,209.9,201.9,0.8193619251251221
2536,1164,10221,628.2,192.5,218.7,213.8,0.8929383754730225
2537,1164,19607,11.7,555.8,304.1,478.7,0.8910601735115051
2538,1164,3544,102.6,180.3,205.3,197.8,0.8118351101875305
2539,1164,22347,466.2,765.9,408.7,246.8,0.3911190629005432
2540,1166,25367,568.1,678.4,392.5,493.9,0.9223850965499878
2541,1166,3483,126.2,271.4,271.2,188.9,0.8645138740539551
2542,1166,25469,574.3,188.2,331.3,284.7,0.7721290588378906
2543,1166,36637,131.2,828.5,182.6,262.8,0.6483871936798096
2544,1167,25367,44.7,85.6,396.2,480.9,0.8906646370887756
2545,1167,3483,602.4,845.2,276.4,186.3,0.826155424118042
2546,1167,25469,85.1,829.8,346.4,304.5,0.8116269111633301
2547,1167,27777,675.6,171.4,174.3,255.0,0.7257615923881531
2548,1168,30308,43.4,13.2,349.6,428.7,0.9334268569946289
2549,1168,25469,47.9,788.7,354.6,301.2,0.8236532211303711
2550,1168,3483,575.7,811.6,278.3,191.8,0.8210061192512512
2551,1168,29667,591.7,170.5,219.5,213.7,0.8206003308296204
2552,1170,30308,51.4,19.1,368.0,443.9,0.9065175652503967
2553,1170,21771,619.9,172.5,224.6,215.3,0.8295000791549683
2554,1170,3483,602.2,844.8,276.4,186.8,0.8267679214477539
2555,1170,25469,83.8,830.5,348.1,303.2,0.8138306140899658
2556,1171,21771,91.9,789.3,224.7,220.0,0.9298248291015625
2557,1171,16548,579.1,744.5,241.1,235.6,0.8680861592292786
2558,1171,4543,640.7,151.6,201.4,198.8,0.8502224087715149
2559,1171,3544,123.1,182.6,203.1,195.9,0.7563926577568054
2560,1173,10221,642.2,263.5,219.7,210.5,0.9191978573799133
2561,1173,12420,105.3,905.5,210.9,210.6,0.8058313131332397
2562,1173,3544,646.6,876.5,214.8,213.5,0.8019982576370239
2563,1173,29667,159.6,286.2,233.9,225.6,0.7195468544960022
2564,1174,30308,575.5,752.9,396.3,431.9,0.8397600054740906
2565,1174,3483,132.8,287.8,276.8,174.2,0.8275599479675293
2566,1174,29667,124.2,863.0,232.0,227.4,0.7805561423301697
2567,1174,27653,672.2,256.3,220.7,199.5,0.7788053750991821
2568,1176,30308,40.8,73.4,387.4,417.0,0.9104287028312683
2569,1176,29667,631.4,180.3,224.3,213.9,0.8154040575027466
2570,1176,3483,586.6,844.5,282.9,167.5,0.8129427433013916
2571,1176,27653,94.7,853.4,221.2,203.8,0.7259517312049866
2572,1178,31885,104.3,44.0,405.9,507.8,0.9181561470031738
2573,1178,20238,577.2,191.5,220.0,212.7,0.8655773401260376
2574,1178,27777,143.9,776.2,180.0,204.2,0.8621120452880859
2575,1178,3483,539.3,779.8,265.6,225.4,0.8212624788284302
2576,1180,31863,188.5,306.9,167.9,226.3,0.8483726978302002
2577,1180,33880,495.7,234.9,328.8,253.9,0.8398786783218384
2578,1180,3351,394.9,916.6,191.0,190.2,0.7710819840431213
2579,1184,21026,683.7,275.2,178.8,171.6,0.8502417802810669
2580,1184,3544,188.1,274.3,202.5,135.3,0.7584751844406128
2581,1184,21771,143.3,879.3,243.6,237.7,0.6814893484115601
2582,1184,24850,675.2,825.4,189.1,302.3,0.5886760354042053
2583,1185,16548,600.8,150.3,239.3,225.7,0.8642926812171936
2584,1185,21026,125.1,865.2,180.5,175.9,0.7873473167419434
2585,1185,29871,609.0,899.3,206.4,136.9,0.7842031717300415
2586,1185,24850,137.2,143.3,185.5,292.2,0.48301687836647034
2587,1186,22627,509.8,556.0,322.4,490.9,0.929716944694519
2588,1186,5094,552.5,190.9,272.2,268.4,0.8713666796684265
2589,1186,2483,84.2,673.5,243.1,485.5,0.8182726502418518
2590,1186,5094,141.6,108.3,210.4,436.6,0.5771856307983398
2591,1187,19552,108.8,159.3,319.1,488.0,0.8649119734764099
2592,1187,2483,615.7,48.1,224.4,489.3,0.8623314499855042
2593,1187,5094,105.3,800.9,276.7,273.4,0.8448721766471863
2594,1187,5094,589.5,697.3,217.3,458.3,0.3643796741962433
2595,1189,5094,116.4,785.5,327.4,320.3,0.8844610452651978
2596,1189,2483,591.9,64.9,247.9,485.4,0.8752744793891907
2597,1189,22627,98.7,130.2,310.1,489.0,0.6805486679077148
2598,1189,5094,598.9,708.1,236.1,453.9,0.5882771611213684
2599,1190,5094,119.5,795.2,330.9,330.4,0.9168958067893982
2600,1190,2483,588.9,100.5,230.1,474.2,0.8443012833595276
2601,1190,22627,101.1,160.7,307.2,489.6,0.7058804631233215
2602,1190,5094,611.0,715.2,240.2,468.3,0.647995114326477
2603,1191,5094,495.0,165.3,314.4,302.8,0.7922104001045227
2604,1191,2483,89.2,660.9,260.7,480.1,0.7900335788726807
2605,1191,22627,530.3,580.1,307.9,493.1,0.7708137035369873
2606,1191,5094,109.6,107.9,226.7,433.8,0.5114433169364929
2607,1192,24850,646.7,206.2,177.5,276.1,0.8875216841697693
2608,1192,1900,644.4,855.9,203.6,171.7,0.8782196044921875
2609,1192,33208,87.0,255.8,367.3,209.5,0.857911229133606
2610,1192,16232,82.6,692.4,296.5,498.8,0.732836127281189
2611,1194,1900,152.1,253.7,193.9,162.3,0.896045982837677
2612,1194,24850,165.1,815.1,181.8,296.6,0.8442623615264893
2613,1194,19607,615.6,63.2,284.1,481.0,0.832726776599884
2614,1194,33208,549.1,838.3,377.9,197.5,0.7923489809036255
2615,1196,28763,617.2,886.6,219.9,213.5,0.9120041728019714
2616,1196,27733,136.5,703.6,243.7,412.8,0.8812045454978943
2617,1196,3483,173.0,275.7,260.0,220.0,0.8440690636634827
2618,1196,27777,636.7,293.2,176.4,194.7,0.816360592842102
2619,1197,27733,614.9,140.9,225.2,401.8,0.8744572401046753
2620,1197,28763,162.8,178.8,212.3,202.5,0.8337735533714294
2621,1197,27777,178.4,811.8,176.5,198.4,0.8299356698989868
2622,1197,3483,567.2,811.3,263.8,218.3,0.7934847474098206
2623,1198,28763,129.4,214.9,212.6,202.9,0.8490174412727356
2624,1198,20238,605.3,195.7,225.4,215.6,0.8418022990226746
2625,1198,27777,177.7,813.9,176.4,196.9,0.8330420255661011
2626,1198,3483,566.9,815.0,263.3,218.4,0.7932278513908386
2627,1199,28763,650.3,851.7,219.6,210.9,0.9171903133392334
2628,1199,3483,173.6,272.4,260.0,220.1,0.8367673754692078
2629,1199,20238,152.5,850.8,231.1,225.7,0.8172335028648376
2630,1199,27777,638.0,292.2,175.7,194.4,0.8151257038116455
2631,1201,12247,582.4,814.9,211.3,155.4,0.9611216187477112
2632,1201,16548,586.3,212.5,231.6,224.8,0.874148964881897
2633,1201,21026,101.3,823.1,181.9,178.4,0.7408124804496765
2634,1201,3544,145.5,186.8,202.7,198.3,0.7262765765190125
2635,1204,22074,687.2,264.4,183.8,185.0,0.8889841437339783
2636,1204,3351,393.9,859.0,190.0,195.4,0.7801887392997742
2637,1204,18357,71.1,212.8,341.1,257.4,0.6492666602134705
2638,1206,18357,568.7,815.1,354.4,275.3,0.9161195158958435
2639,1206,22074,93.7,854.9,186.0,185.8,0.8805574774742126
2640,1206,3351,395.1,225.4,184.7,180.9,0.8020902276039124
2641,1207,16232,152.1,827.5,191.9,193.3,0.8841071724891663
2642,1207,3483,172.7,275.1,260.5,220.1,0.8385123014450073
2643,1207,22347,685.7,812.9,212.6,207.0,0.8183096647262573
2644,1207,27777,637.0,293.4,176.0,194.1,0.8150456547737122
2645,1209,16232,644.5,250.5,187.3,182.1,0.9183324575424194
2646,1209,27777,178.5,812.1,176.2,197.8,0.8330991864204407
2647,1209,22347,101.5,260.2,206.4,196.9,0.8126635551452637
2648,1209,3483,567.5,812.1,263.3,217.8,0.7935890555381775
2649,1210,27733,658.2,175.3,225.1,403.4,0.8992176651954651
2650,1210,20877,115.1,766.4,331.4,231.1,0.879949688911438
2651,1210,3483,651.1,749.4,210.8,268.4,0.8523176908493042
2652,1210,34597,61.7,136.9,476.9,390.3,0.6606101989746094
2653,1212,3483,141.7,292.3,211.5,256.3,0.8855385184288025
2654,1212,20877,544.4,294.7,326.9,233.0,0.8767486214637756
2655,1212,27733,97.2,668.2,237.6,414.9,0.8414463400840759
2656,1212,34597,451.3,705.9,484.8,406.6,0.7767181992530823
2657,1213,5094,593.8,678.2,234.2,493.1,0.9451175332069397
2658,1213,25438,127.9,836.2,255.3,253.5,0.8846180438995361
2659,1213,2483,661.4,60.2,202.9,487.7,0.8164258003234863
2660,1213,22627,102.4,2.3,318.4,485.9,0.6403059959411621
2661,1214,5094,600.9,679.8,245.3,505.5,0.8918055891990662
2662,1214,25438,130.6,848.3,258.5,264.7,0.8784606456756592
2663,1214,2483,656.4,95.3,195.9,476.9,0.7905369400978088
2664,1214,22627,109.1,39.4,309.0,487.3,0.6361968517303467
2665,1216,21771,152.5,174.8,267.7,456.2,0.9742749929428101
2666,1216,10221,130.4,847.1,229.0,225.1,0.9507001042366028
2667,1216,3544,658.3,865.3,216.8,213.6,0.8354212641716003
2668,1216,16232,617.8,178.4,283.0,465.3,0.8127941489219666
2669,1219,10221,578.2,665.1,286.1,450.7,0.9413736462593079
2670,1219,10221,650.7,208.0,218.7,214.1,0.894969642162323
2671,1219,19607,63.1,578.6,337.5,468.6,0.8617640733718872
2672,1219,3544,103.5,242.0,203.6,198.6,0.7713443636894226
2673,1220,29345,605.8,702.7,281.3,444.9,0.946452260017395
2674,1220,19607,92.4,629.0,340.1,456.6,0.8750174045562744
2675,1220,10221,679.7,214.7,224.2,214.9,0.8700072169303894
2676,1220,19607,119.6,251.0,209.3,201.1,0.8083800077438354
2677,1222,3483,560.5,810.6,285.0,175.7,0.8182251453399658
2678,1222,25367,97.8,105.4,315.5,493.6,0.8134790062904358
2679,1222,27777,614.6,202.7,185.3,242.9,0.7637588381767273
2680,1222,27653,62.2,810.4,224.2,211.7,0.6567549705505371
2681,1224,3483,587.7,844.2,283.3,168.1,0.8118491172790527
2682,1224,25367,114.8,120.2,321.8,504.4,0.8101734519004822
2683,1224,27777,643.9,208.0,189.4,246.2,0.7903493046760559
2684,1224,27653,96.3,854.2,220.4,203.5,0.7036733031272888
2685,1226,3483,600.9,866.9,260.0,229.7,0.810418963432312
2686,1226,31885,122.0,3.3,320.2,547.7,0.8090200424194336
2687,1226,19607,124.8,864.9,221.4,168.6,0.7400235533714294
2688,1226,16551,581.9,97.4,290.0,377.3,0.7123690247535706
2689,1227,3483,151.8,219.3,245.9,220.4,0.8675479292869568
2690,1227,29871,107.4,773.1,302.1,389.3,0.8358142375946045
2691,1227,31885,545.2,693.2,328.4,556.7,0.8343637585639954
2692,1227,3544,636.5,277.8,222.2,169.8,0.6403765082359314
2693,1232,3483,145.5,288.7,212.0,255.6,0.8899595141410828
2694,1232,20877,594.2,258.3,320.8,242.5,0.8842523694038391
2695,1232,29667,134.3,858.2,230.9,228.0,0.7724381685256958
2696,1232,31885,546.0,655.2,403.7,526.1,0.728776752948761
2697,1235,1900,151.9,253.4,193.8,162.2,0.8974671363830566
2698,1235,16548,621.4,145.3,238.6,227.1,0.8796412944793701
2699,1235,21771,160.9,806.8,191.1,184.8,0.8328061103820801
2700,1235,33208,548.8,840.3,378.0,197.0,0.7684102058410645
2701,1237,21771,614.1,188.8,238.1,225.1,0.8828220963478088
2702,1237,21771,171.4,684.3,250.8,449.8,0.8060808777809143
2703,1237,33208,632.2,801.2,167.0,279.8,0.7733404636383057
2704,1237,19607,106.4,271.0,202.2,122.6,0.7443557381629944
2705,1238,33208,203.8,233.3,159.0,269.0,0.8632813096046448
2706,1238,21771,568.6,174.4,252.6,423.5,0.8328735828399658
2707,1238,21771,132.3,843.6,242.8,237.8,0.8283680081367493
2708,1238,19607,687.4,879.5,207.1,131.1,0.8150648474693298
2709,1239,21771,586.8,181.3,231.6,225.5,0.886222779750824
2710,1239,21771,139.1,642.8,251.5,455.9,0.8142174482345581
2711,1239,19607,88.9,260.4,199.9,127.2,0.8053333163261414
2712,1239,33208,605.5,769.4,168.5,285.1,0.8012814521789551
2713,1242,29345,90.1,705.9,290.7,448.4,0.9838723540306091
2714,1242,20238,637.5,806.6,164.9,286.3,0.9085303544998169
2715,1242,19607,547.3,89.6,285.3,470.0,0.8278070688247681
2716,1242,19607,160.3,258.1,125.0,199.4,0.8214868307113647
2717,1243,30308,65.2,136.1,379.9,425.9,0.9276059865951538
2718,1243,27733,600.4,126.6,256.4,389.6,0.8093895316123962
2719,1243,3483,608.0,791.0,273.8,209.4,0.8084925413131714
2720,1243,27733,122.7,767.9,317.0,276.0,0.8028189539909363
2721,1244,27733,564.9,261.3,299.1,266.6,0.8733422756195068
2722,1244,30308,560.6,685.3,383.5,437.3,0.8658074140548706
2723,1244,27733,120.3,733.4,275.0,400.6,0.8621541261672974
2724,1244,3483,120.7,307.9,273.6,199.2,0.8424059748649597
2725,1245,30308,52.1,118.0,368.3,418.5,0.9308451414108276
2726,1245,27733,86.0,728.6,322.7,280.1,0.8747836351394653
2727,1245,27733,570.9,117.2,247.4,382.4,0.8567810654640198
2728,1245,3483,580.8,760.5,275.0,206.3,0.795410692691803
2729,1246,27777,143.7,775.7,180.1,205.0,0.8717954754829407
2730,1246,3483,538.5,779.4,266.2,225.4,0.8182005286216736
2731,1246,20238,576.3,188.0,237.1,228.3,0.75743567943573
2732,1246,34597,57.6,72.8,396.4,469.5,0.6347150802612305
2733,1248,3483,174.3,272.8,260.7,221.0,0.8369656801223755
2734,1248,27777,638.7,292.9,175.6,194.7,0.8298037648200989
2735,1248,20238,137.1,836.3,251.5,240.5,0.8102736473083496
2736,1248,34597,519.1,659.5,417.3,485.6,0.6217254996299744
2737,1250,5094,106.8,811.8,282.6,284.9,0.8943957090377808
2738,1250,12778,101.6,64.6,298.4,522.1,0.8923559188842773
2739,1250,2483,610.4,82.7,213.2,477.9,0.8433475494384766
2740,1250,5094,597.2,700.1,225.1,469.9,0.6919398903846741
2741,1251,5094,552.3,190.8,272.2,268.9,0.8737276196479797
2742,1251,12778,545.2,650.7,300.5,524.0,0.8372673988342285
2743,1251,2483,84.1,673.0,242.8,485.9,0.811072826385498
2744,1251,5094,141.5,108.0,210.3,437.2,0.49048465490341187
2745,1252,30308,76.9,77.1,397.5,411.4,0.9096402525901794
2746,1252,20877,71.9,795.9,324.5,245.8,0.884113609790802
2747,1252,3483,645.9,753.7,213.1,269.5,0.8606269359588623
2748,1252,29667,625.0,184.7,223.0,216.1,0.8337330222129822
2749,1254,30308,65.3,65.8,382.3,398.1,0.9242052435874939
2750,1254,20877,39.4,754.1,326.3,252.8,0.8939924240112305
2751,1254,3483,620.8,721.0,210.5,272.4,0.8619870543479919
2752,1254,29667,596.9,180.8,217.3,216.4,0.8037891983985901
2753,1256,19607,646.8,828.0,168.6,201.5,0.890803337097168
2754,1256,19607,655.6,273.9,157.0,148.4,0.863726794719696
2755,1256,19607,89.9,658.2,306.6,492.6,0.8100728988647461
2756,1256,10221,131.6,128.6,247.8,418.9,0.80411297082901
2757,1261,16232,648.3,230.9,192.6,181.1,0.8964858055114746
2758,1261,3483,587.4,844.5,282.5,169.5,0.816931426525116
2759,1261,22347,140.3,169.1,206.4,197.2,0.7416059970855713
2760,1261,27653,94.6,853.7,221.4,205.5,0.7131626605987549
2761,1262,16232,620.4,221.2,188.1,182.7,0.9144853353500366
2762,1262,3483,559.8,811.0,285.2,176.3,0.8207464218139648
2763,1262,27653,61.6,810.5,224.6,211.3,0.6742159724235535
2764,1262,22347,124.7,165.9,203.1,191.5,0.6483245491981506
2765,1263,16232,142.5,846.8,196.6,191.7,0.9108895659446716
2766,1263,22347,645.1,901.4,214.2,208.8,0.8530923128128052
2767,1263,3483,132.2,287.4,276.9,173.9,0.8292855620384216
2768,1263,27653,671.1,254.8,221.0,199.4,0.7779756188392639
2769,1264,31863,638.7,319.1,206.2,209.6,0.9363786578178406
2770,1264,3351,390.8,859.9,191.0,192.5,0.7674283385276794
2771,1264,33880,226.9,317.4,205.5,241.3,0.7119195461273193
2772,1265,3351,356.0,176.3,184.8,189.3,0.7846981287002563
2773,1265,31863,81.3,704.3,210.8,214.1,0.7573878169059753
2774,1265,33880,507.8,661.0,210.1,254.9,0.693793535232544
2775,1266,3351,397.7,236.3,185.4,183.9,0.7989028096199036
2776,1266,31863,123.7,791.7,208.4,204.9,0.7071278095245361
2777,1266,33880,545.6,751.6,208.2,246.1,0.6731881499290466
2778,1269,33880,619.7,760.7,176.6,261.4,0.918420135974884
2779,1269,3351,361.1,231.8,185.1,182.6,0.7854741811752319
2780,1269,33880,217.8,770.1,214.6,238.3,0.6857441663742065
2781,1270,21771,143.7,143.5,260.7,458.5,0.964672863483429
2782,1270,19607,630.4,894.7,211.1,133.1,0.7811293005943298
2783,1270,21771,115.1,853.0,243.1,237.2,0.7279661893844604
2784,1270,18110,640.1,271.8,302.3,285.8,0.7073163986206055
2785,1272,21771,597.4,673.5,257.4,479.4,0.9526423811912537
2786,1272,16548,629.4,177.4,239.7,226.3,0.8777026534080505
2787,1272,19607,156.1,250.3,205.0,123.9,0.7873018383979797
2788,1272,18110,47.8,739.5,305.6,289.1,0.5605813264846802
2789,1273,5094,113.4,46.8,242.5,486.4,0.9172056913375854
2790,1273,25438,555.7,202.8,246.6,251.2,0.8814684152603149
2791,1273,2483,107.5,675.1,232.1,493.9,0.8599616885185242
2792,1273,12778,547.1,592.3,290.1,520.9,0.7480328679084778
2793,1274,5094,586.7,706.4,240.6,508.3,0.959321141242981
2794,1274,25438,123.3,811.0,256.4,254.0,0.9002752304077148
2795,1274,2483,602.1,43.3,214.9,487.9,0.8614257574081421
2796,1274,12778,106.4,78.9,291.1,526.0,0.8191481828689575
2797,1278,3832,146.5,602.5,318.9,422.9,0.9933017492294312
2798,1278,20238,621.4,704.7,189.5,298.0,0.9743134379386902
2799,1278,3351,417.4,256.2,183.5,180.9,0.7499470114707947
2800,1279,21771,674.7,285.6,190.1,181.1,0.9391105771064758
2801,1279,10221,120.1,132.6,250.6,421.1,0.8416973352432251
2802,1279,19607,88.4,761.7,300.5,503.1,0.8288966417312622
2803,1279,19607,649.5,857.2,208.2,153.9,0.8164387941360474
2804,1280,21771,91.2,810.1,195.8,189.6,0.9614170789718628
2805,1280,1900,124.1,261.4,197.5,146.0,0.8920048475265503
2806,1280,10221,608.1,688.8,253.5,458.9,0.8150059580802917
2807,1280,19607,576.7,0.0,280.0,456.8,0.8039774894714355
2808,1282,5094,84.9,79.3,229.8,486.7,0.9283872246742249
2809,1282,22627,508.1,590.4,309.6,494.2,0.886163592338562
2810,1282,16232,61.6,646.3,202.7,488.1,0.7788305878639221
2811,1282,5094,497.0,124.3,315.8,306.8,0.7361632585525513
2812,1284,5094,626.6,673.4,232.7,502.7,0.9449080228805542
2813,1284,5094,114.6,827.3,323.3,319.8,0.9213411211967468
2814,1284,19552,120.9,119.7,313.1,495.8,0.866199254989624
2815,1284,2483,673.7,77.1,203.3,486.0,0.8105502128601074
2816,1290,10221,592.1,533.8,271.3,443.4,0.9785988330841064
2817,1290,21771,538.7,139.4,232.2,226.7,0.8909246325492859
2818,1290,19607,163.2,256.2,127.0,199.8,0.8132849931716919
2819,1290,18110,45.3,723.0,310.1,299.1,0.6402616500854492
2820,1293,30308,115.8,83.1,310.5,451.7,0.9435277581214905
2821,1293,27777,144.2,775.8,179.9,205.1,0.8666644096374512
2822,1293,20238,576.7,191.8,221.0,212.5,0.8600159883499146
2823,1293,3483,539.7,779.8,265.5,224.9,0.8229228258132935
2824,1294,16232,682.3,152.8,200.2,408.0,0.8493688702583313
2825,1294,3483,587.8,844.2,282.9,167.9,0.8120462894439697
2826,1294,27653,96.0,853.6,220.2,204.1,0.7177636027336121
2827,1294,34597,10.6,40.4,418.6,457.6,0.6723354458808899
2828,1295,16232,652.5,143.1,195.7,398.2,0.8349764347076416
2829,1295,3483,559.9,811.2,285.6,175.4,0.8148841261863708
2830,1295,27653,62.0,810.5,224.1,211.4,0.6644929051399231
2831,1295,34597,0.3,18.5,406.8,458.1,0.6055567264556885
2832,1296,3483,132.0,288.1,276.7,173.7,0.8292078971862793
2833,1296,27653,670.0,255.2,221.8,199.6,0.782706618309021
2834,1296,34597,569.0,725.4,407.0,482.9,0.6450161933898926
2835,1296,16232,107.4,685.3,200.0,420.1,0.41760173439979553
2836,1297,12420,691.5,272.6,179.4,173.9,0.9301990866661072
2837,1297,12420,158.1,890.1,211.9,212.7,0.8503797054290771
2838,1297,3544,644.1,920.4,217.3,214.4,0.8308896422386169
2839,1297,29667,151.3,246.6,231.3,223.9,0.7014037370681763
2840,1298,16548,617.9,828.1,237.3,228.7,0.8995018601417542
2841,1298,12420,618.3,170.0,205.0,199.6,0.7995224595069885
2842,1298,19607,142.1,144.4,206.4,202.0,0.7949326038360596
2843,1298,12420,118.9,861.1,185.1,180.4,0.3841176927089691
2844,1300,31885,71.8,124.9,465.3,467.3,0.9612365961074829
2845,1300,29667,630.2,180.7,225.8,212.8,0.8156915903091431
2846,1300,3483,586.5,844.4,282.8,167.7,0.8116211891174316
2847,1300,27653,94.7,853.4,221.4,203.8,0.7210429906845093
2848,1302,31885,58.4,98.5,453.1,466.5,0.9204225540161133
2849,1302,3483,559.2,810.9,284.9,175.7,0.8181604146957397
2850,1302,29667,603.7,176.7,218.1,212.5,0.813908576965332
2851,1302,27653,60.6,809.5,224.2,211.3,0.6635578274726868
2852,1305,21771,597.1,159.8,258.2,453.9,0.9172117114067078
2853,1305,29871,80.4,665.9,335.1,474.2,0.8524957299232483
2854,1305,19607,631.5,894.3,211.6,134.1,0.8045176863670349
2855,1305,20238,139.0,293.0,283.8,146.6,0.3414808511734009
2856,1309,28763,584.9,871.2,220.9,211.5,0.8951441645622253
2857,1309,27733,559.5,256.8,301.1,262.5,0.8571814298629761
2858,1309,3483,121.4,307.3,273.6,198.1,0.8485733866691589
2859,1309,29667,86.1,860.2,232.0,228.6,0.776340126991272
2860,1311,28763,176.7,187.0,206.9,199.1,0.890850305557251
2861,1311,27733,92.1,733.6,320.8,279.5,0.8645994067192078
2862,1311,29667,637.8,177.3,220.9,212.0,0.8361425995826721
2863,1311,3483,579.9,761.2,275.4,207.5,0.7919091582298279
2864,1312,5094,596.1,685.2,237.3,488.5,0.9468125700950623
2865,1312,5094,108.0,806.4,279.1,272.6,0.8591864705085754
2866,1312,2483,622.0,49.5,247.3,471.0,0.8581277132034302
2867,1312,22627,66.3,51.7,326.3,487.6,0.5751455426216125
2868,1315,33880,545.9,209.5,295.0,289.2,0.887103796005249
2869,1315,3351,421.1,878.0,191.6,192.1,0.7821687459945679
2870,1315,20014,144.5,92.5,277.7,603.8,0.5450646281242371
2871,1316,33880,83.6,694.3,307.4,301.8,0.8853099942207336
2872,1316,20014,517.5,474.7,288.0,653.8,0.8269869089126587
2873,1316,3351,326.7,161.3,185.3,188.0,0.7787809371948242
2874,1322,5094,552.4,191.0,272.2,268.6,0.8853099942207336
2875,1322,2483,85.2,674.0,242.1,484.7,0.8059572577476501
2876,1322,12778,484.7,591.9,337.6,502.2,0.726493239402771
2877,1322,5094,141.5,107.5,210.5,437.4,0.514456570148468
2878,1323,2483,615.1,48.7,225.0,488.8,0.8718191385269165
2879,1323,5094,105.3,800.6,276.7,273.7,0.847493052482605
2880,1323,12778,128.5,99.2,332.8,507.3,0.5057632923126221
2881,1323,5094,589.8,696.8,217.1,458.6,0.35903048515319824
2882,1326,3351,367.7,244.8,184.7,182.8,0.8105599284172058
2883,1326,20238,601.5,839.4,226.0,222.8,0.8014578223228455
2884,1326,18357,161.1,670.6,268.4,352.0,0.4093981087207794
2885,1327,44199,178.6,233.9,197.7,259.9,0.8863461017608643
2886,1327,21771,512.0,245.0,410.5,220.3,0.8673251271247864
2887,1327,1900,642.3,844.2,192.2,189.8,0.777033269405365
2888,1327,21771,168.2,815.4,240.4,236.6,0.64883953332901
2889,1328,21771,582.3,216.9,238.1,227.1,0.8944031596183777
2890,1328,44199,630.1,811.1,205.7,268.2,0.823619544506073
2891,1328,21771,67.3,845.5,419.2,214.0,0.8076454401016235
2892,1328,1900,166.4,248.3,184.2,179.4,0.8042616844177246
2893,1329,21771,555.1,208.4,230.3,225.9,0.8871380686759949
2894,1329,21771,33.3,802.9,423.0,224.2,0.8320149779319763
2895,1329,44199,599.5,778.4,212.8,275.8,0.7397365570068359
2896,1329,29871,148.4,239.3,181.1,182.3,0.6933624148368835
2897,1330,27733,609.7,119.4,233.9,401.0,0.8826928734779358
2898,1330,3483,603.3,844.6,276.0,186.6,0.8236435055732727
2899,1330,25469,85.6,829.5,347.5,305.0,0.8003723621368408
2900,1330,34597,93.4,160.4,443.5,422.5,0.590811014175415
2901,1331,27733,582.5,112.8,225.8,390.3,0.887259304523468
2902,1331,3483,576.7,810.5,278.7,193.1,0.8213675618171692
2903,1331,25469,50.5,787.9,353.1,303.2,0.8175366520881653
2904,1331,34597,75.2,129.0,435.7,433.1,0.45062994956970215
2905,1332,3483,125.3,272.0,271.2,190.0,0.8635731339454651
2906,1332,27733,135.5,724.6,247.3,413.3,0.8148536682128906
2907,1332,25469,573.6,187.9,331.3,285.8,0.7709120512008667
2908,1332,34597,456.5,645.7,459.8,442.5,0.6970513463020325
2909,1333,3351,399.5,921.6,191.1,193.3,0.8089188933372498
2910,1333,33880,156.8,283.0,196.1,247.3,0.7244300842285156
2911,1333,20014,582.0,282.9,340.3,319.6,0.6422221660614014
2912,1337,16548,577.3,187.3,238.2,226.8,0.8956872224807739
2913,1337,21771,496.8,823.3,397.6,262.9,0.8198713660240173
2914,1337,1900,166.4,247.7,185.6,178.9,0.7720394134521484
2915,1337,18110,78.3,790.4,305.1,288.6,0.5453119277954102
2916,1340,23203,583.7,284.6,285.8,169.6,0.8862348198890686
2917,1340,19607,645.0,859.7,209.6,157.8,0.8564626574516296
2918,1340,21771,186.6,824.9,242.3,236.2,0.8439141511917114
2919,1340,10221,133.7,124.9,245.8,421.7,0.7884389758110046
2920,1345,31885,167.3,131.5,424.9,495.1,0.93876713514328
2921,1345,3483,602.0,844.7,276.1,186.7,0.8249529004096985
2922,1345,21771,619.4,173.4,224.5,215.3,0.8193945288658142
2923,1345,25469,83.4,830.3,347.9,302.7,0.8135108351707458
2924,1347,3483,126.8,271.6,270.7,189.5,0.8636523485183716
2925,1347,25469,574.4,189.2,333.0,283.0,0.7715256214141846
2926,1347,21771,139.4,871.8,230.7,227.2,0.7446619272232056
2927,1347,31885,416.4,616.4,421.2,511.1,0.5626940131187439
2928,1348,31863,186.3,264.0,205.5,208.0,0.9156895279884338
2929,1348,31863,675.5,310.8,185.0,186.5,0.8551256060600281
2930,1348,3351,361.5,880.1,190.6,191.0,0.7583712339401245
2931,1350,31863,105.6,815.2,187.8,187.9,0.8927619457244873
2932,1350,3351,426.4,219.1,185.5,182.9,0.7743375301361084
2933,1350,31863,588.2,857.2,206.6,206.9,0.7230473160743713
2934,1353,16232,152.2,827.6,191.8,192.8,0.9049705266952515
2935,1353,3483,172.7,275.5,260.5,220.4,0.8460094332695007
2936,1353,27777,636.9,293.5,176.0,194.7,0.8178181648254395
2937,1353,34597,510.5,674.4,446.1,463.9,0.7079870700836182
2938,1354,30308,575.6,734.0,342.1,467.7,0.8925679326057434
2939,1354,3483,141.6,292.4,211.3,256.1,0.8867824077606201
2940,1354,20877,544.1,294.5,327.0,233.3,0.8746011853218079
2941,1354,36637,166.1,798.6,191.7,257.9,0.7379928827285767
2942,1355,30308,82.2,41.7,321.5,446.3,0.9383235573768616
2943,1355,20877,84.3,723.8,333.2,241.1,0.8867939710617065
2944,1355,3483,625.3,717.9,208.7,270.3,0.8668826222419739
2945,1355,27777,605.0,202.6,179.4,244.7,0.7678393721580505
2946,1357,16548,578.4,168.4,231.9,225.6,0.870189368724823
2947,1357,3544,95.2,228.9,203.2,198.6,0.776461124420166
2948,1357,29667,165.0,671.1,217.8,367.8,0.7270210981369019
2949,1357,12420,628.7,814.7,188.5,186.2,0.3920947313308716
2950,1358,16548,606.4,176.4,237.2,225.4,0.8775709867477417
2951,1358,19607,111.9,239.2,208.2,200.9,0.8089379668235779
2952,1358,29667,196.2,714.2,218.2,363.0,0.7807250618934631
2953,1358,12420,654.7,848.0,185.3,179.5,0.5100963711738586
2954,1359,3544,672.8,827.7,215.6,211.8,0.8281729817390442
2955,1359,12420,166.6,278.5,181.2,178.0,0.7792898416519165
2956,1359,21771,581.2,228.5,212.9,340.9,0.7318002581596375
2957,1359,21771,139.9,854.5,242.1,236.2,0.6973763108253479
2958,1361,29667,628.3,690.7,231.8,229.4,0.8554834127426147
2959,1361,3351,357.7,148.4,185.0,186.8,0.8186352849006653
2960,1361,33880,169.8,649.2,241.9,355.3,0.6734750866889954
2961,1363,3351,432.3,886.7,190.1,191.4,0.8175706267356873
2962,1363,20238,118.7,292.0,243.6,235.5,0.739120602607727
2963,1363,33880,451.2,244.2,438.2,287.0,0.7352896332740784
2964,1366,22347,662.8,836.8,213.1,207.5,0.8294966220855713
2965,1366,3483,132.7,287.5,276.9,173.8,0.8292722702026367
2966,1366,27653,672.0,255.9,221.0,199.0,0.7823114395141602
2967,1366,29667,123.6,863.1,233.2,228.0,0.7789462208747864
2968,1367,3483,559.3,811.1,285.1,175.6,0.8196783661842346
2969,1367,29667,602.8,176.2,219.6,212.4,0.8133174777030945
2970,1367,22347,106.7,225.5,202.3,194.2,0.8076672554016113
2971,1367,27653,60.4,809.9,224.6,211.3,0.6768946647644043
2972,1369,22347,118.6,214.0,207.8,197.2,0.8395726680755615
2973,1369,3483,601.0,867.0,259.6,229.5,0.8178178668022156
2974,1369,20238,638.5,178.7,243.7,229.3,0.7707512378692627
2975,1369,19607,124.6,864.7,221.7,169.2,0.7479127645492554
2976,1371,3483,572.2,836.9,263.4,231.1,0.8660752177238464
2977,1371,22347,102.9,205.5,202.5,194.5,0.7922623157501221
2978,1371,20238,610.3,171.6,237.3,229.3,0.7807731628417969
2979,1371,19607,87.8,827.3,229.4,174.9,0.7580470442771912
2980,1372,2483,599.4,112.0,284.5,444.5,0.8705724477767944
2981,1372,5094,612.8,693.7,237.8,513.6,0.8562632203102112
2982,1372,5094,73.8,812.7,333.7,330.7,0.8340651988983154
2983,1372,22627,78.1,94.5,325.0,484.0,0.6743975877761841
2984,1376,33208,154.6,297.5,203.7,194.5,0.9282020926475525
2985,1376,1900,640.7,859.7,207.4,166.1,0.8745987415313721
2986,1376,33009,585.7,241.5,357.4,238.2,0.8056002259254456
2987,1376,16232,89.1,697.1,295.8,498.2,0.7699167132377625
2988,1377,1900,151.4,255.2,198.1,156.7,0.8884669542312622
2989,1377,33208,642.2,807.7,207.8,198.3,0.8616277575492859
2990,1377,19607,608.9,54.8,285.1,483.4,0.7705737352371216
2991,1377,33009,45.6,827.0,363.0,226.5,0.600413978099823
2992,1378,16551,108.9,773.0,301.6,392.2,0.8731248378753662
2993,1378,3483,151.8,219.2,246.0,220.2,0.8679244518280029
2994,1378,22347,623.2,869.3,214.5,207.4,0.8134982585906982
2995,1378,3544,636.4,277.9,222.3,169.2,0.6357517242431641
2996,1379,3483,600.9,866.8,259.7,230.2,0.8095178604125977
2997,1379,22347,160.9,200.7,206.7,198.6,0.8048256635665894
2998,1379,27733,582.4,96.9,289.2,377.0,0.7751010060310364
2999,1379,19607,124.6,864.9,221.7,168.9,0.753371000289917
3000,1381,5094,633.4,276.2,239.6,141.1,0.9462317824363708
3001,1381,3351,408.2,843.3,189.3,191.8,0.7807589769363403
3002,1381,18357,36.2,237.4,366.3,232.4,0.44938957691192627
3003,1384,25367,52.6,94.3,417.3,453.1,0.8913944363594055
3004,1384,20238,604.6,196.5,225.7,215.0,0.8571285009384155
3005,1384,27777,177.3,813.5,176.3,197.5,0.8334176540374756
3006,1384,3483,566.5,815.3,263.2,217.9,0.7936661243438721
3007,1385,25367,38.7,76.9,405.0,449.9,0.8772804141044617
3008,1385,27777,143.8,775.7,180.2,205.4,0.8657321929931641
3009,1385,20238,576.9,191.7,220.9,212.4,0.8604206442832947
3010,1385,3483,539.5,779.7,265.4,225.3,0.8202155828475952
3011,1386,25367,535.8,698.7,422.0,470.2,0.8944306373596191
3012,1386,20238,152.9,850.9,231.2,225.2,0.8803640007972717
3013,1386,3483,173.9,272.4,260.3,220.7,0.838158369064331
3014,1386,27777,638.2,292.8,175.7,194.4,0.8171248435974121
3015,1387,20877,140.1,832.6,273.1,309.3,0.8970246911048889
3016,1387,20238,601.0,181.3,228.0,216.9,0.8766579031944275
3017,1387,22347,112.4,242.0,205.2,195.4,0.7413305640220642
3018,1387,3483,644.8,758.7,200.0,271.7,0.7404486536979675
3019,1390,25438,157.2,872.4,260.1,267.4,0.8831876516342163
3020,1390,2483,602.6,110.3,199.6,473.2,0.7968965172767639
3021,1390,22627,112.6,161.6,361.5,457.0,0.7360303401947021
3022,1390,5094,605.6,745.1,267.4,422.8,0.6931681632995605
3023,1392,25438,154.6,859.8,256.0,253.7,0.9064096212387085
3024,1392,2483,605.5,77.5,218.8,483.8,0.8393133282661438
3025,1392,5094,596.0,743.0,258.7,409.5,0.6328954696655273
3026,1392,22627,107.1,129.1,368.4,459.0,0.6081139445304871
3027,1393,3483,174.3,272.5,261.0,220.7,0.8360270857810974
3028,1393,22347,682.8,870.3,213.6,208.5,0.8255444169044495
3029,1393,27777,638.7,292.5,175.7,194.6,0.8254563808441162
3030,1393,20238,137.0,836.2,249.7,241.0,0.7921489477157593
3031,1395,27777,143.2,775.6,180.3,204.6,0.855652928352356
3032,1395,3483,537.7,779.2,266.6,225.4,0.816759467124939
3033,1395,22347,87.0,193.9,203.9,193.1,0.7920873761177063
3034,1395,20238,575.8,187.6,238.2,228.8,0.7578447461128235
3035,1396,5094,80.2,80.6,231.7,485.9,0.938300609588623
3036,1396,19552,507.3,592.3,329.6,487.1,0.9263527989387512
3037,1396,5094,523.9,161.5,272.1,266.8,0.9114100337028503
3038,1396,16232,84.5,660.6,212.9,487.7,0.6237444281578064
3039,1401,3483,126.5,270.7,270.8,189.5,0.8646366596221924
3040,1401,22347,649.6,851.2,214.7,208.3,0.8349400162696838
3041,1401,25469,574.4,188.6,332.6,283.4,0.7780070900917053
3042,1401,29667,139.1,870.2,229.4,229.0,0.765738308429718
3043,1402,33880,463.7,195.4,388.5,366.0,0.8364019393920898
3044,1402,3351,424.3,884.1,191.3,191.8,0.797256350517273
3045,1402,20238,84.5,334.4,227.2,221.3,0.7703341841697693
3046,1404,33880,122.3,739.9,389.6,375.4,0.9295188188552856
3047,1404,3351,364.3,215.3,186.9,181.4,0.8212789297103882
3048,1404,20238,670.8,762.5,226.8,222.6,0.7876253724098206
3049,1407,38162,603.2,791.1,249.7,255.7,0.9691199064254761
3050,1407,3351,379.0,231.0,185.1,180.3,0.8004790544509888
3051,1407,33880,101.2,682.2,315.1,431.3,0.7337414622306824
3052,1408,33208,658.9,900.0,215.9,208.5,0.9200320839881897
3053,1408,21026,683.7,275.0,178.8,171.7,0.84330815076828
3054,1408,21771,75.2,807.6,240.5,237.8,0.8377729654312134
3055,1408,3544,188.1,274.4,202.4,135.4,0.7560220956802368
3056,1411,30308,70.6,124.9,386.9,421.0,0.9080809950828552
3057,1411,3483,588.7,844.0,283.0,167.5,0.808099627494812
3058,1411,27777,644.0,207.7,189.7,246.1,0.7940793037414551
3059,1411,27653,96.0,854.4,221.5,205.1,0.7043660879135132
3060,1413,30308,550.4,703.0,390.1,428.2,0.8717308044433594
3061,1413,3483,130.9,288.2,276.9,174.1,0.8304879665374756
3062,1413,36637,151.5,802.4,195.2,253.9,0.8045995831489563
3063,1413,27653,669.2,254.0,222.0,199.6,0.7655479907989502
3064,1414,21771,554.3,594.9,276.3,487.1,0.9715158343315125
3065,1414,10221,600.8,190.9,217.6,213.3,0.9493553042411804
3066,1414,29667,55.0,775.8,241.5,234.4,0.8502097129821777
3067,1414,3544,110.4,193.9,202.5,199.6,0.7227665185928345
3068,1418,19607,106.7,647.6,291.6,490.2,0.8938618302345276
3069,1418,1900,128.0,255.8,198.2,149.2,0.8860439658164978
3070,1418,10221,593.4,695.6,254.2,461.0,0.844296395778656
3071,1420,41768,102.6,240.6,290.5,263.5,0.9935205578804016
3072,1420,20014,544.2,63.3,268.7,603.8,0.8249658346176147
3073,1420,3351,410.1,873.2,191.0,191.8,0.7695267200469971
3074,1421,41768,551.4,719.1,302.2,282.6,0.9849193096160889
3075,1421,3351,339.1,166.4,183.4,187.4,0.791375994682312
3076,1421,20014,110.9,507.8,276.7,657.3,0.6708037257194519
3077,1424,27733,584.8,131.0,221.3,395.0,0.88517826795578
3078,1424,31885,97.5,73.5,357.9,523.7,0.8768125176429749
3079,1424,27777,144.0,775.2,180.2,204.3,0.864197313785553
3080,1424,3483,538.6,776.5,266.2,226.1,0.8200574517250061
3081,1425,31885,110.2,97.2,376.2,526.5,0.8789017796516418
3082,1425,27733,612.9,142.1,226.7,401.2,0.8631218671798706
3083,1425,27777,177.5,812.3,176.5,197.1,0.8422763347625732
3084,1425,3483,566.3,812.3,262.8,218.0,0.7965516448020935
3085,1429,29345,605.9,702.9,281.5,444.7,0.9468289613723755
3086,1429,16548,126.2,830.3,237.4,228.5,0.8953736424446106
3087,1429,10221,679.6,214.9,224.2,215.0,0.8903598189353943
3088,1429,19607,119.6,251.1,209.4,201.2,0.8117324709892273
3089,1431,10221,578.5,665.2,285.7,450.3,0.9413310885429382
3090,1431,10221,650.5,207.8,218.9,214.0,0.9107834696769714
3091,1431,29667,91.2,791.0,241.6,234.2,0.8574367165565491
3092,1431,3544,103.3,241.3,205.1,199.1,0.7918875813484192
3093,1433,38162,607.4,752.8,300.0,210.5,0.9803292751312256
3094,1433,33880,0.0,660.3,303.1,328.8,0.889259397983551
3095,1433,3351,368.3,172.3,180.4,184.9,0.8103799819946289
3096,1435,36637,169.9,339.6,171.9,253.9,0.9261153340339661
3097,1435,3351,397.0,853.6,189.8,189.9,0.8078866600990295
3098,1435,20238,589.6,306.9,225.5,218.2,0.7021263241767883
3099,1436,33880,601.6,625.7,176.5,266.4,0.8986794948577881
3100,1436,3351,351.1,185.7,184.0,186.5,0.802401065826416
3101,1436,20238,111.0,699.9,230.2,227.2,0.6600737571716309
3102,1438,18110,178.0,303.6,201.9,125.7,0.8449088335037231
3103,1438,3544,697.3,857.5,215.5,212.7,0.8393576741218567
3104,1438,21771,207.7,841.6,243.1,237.7,0.7449251413345337
3105,1438,21771,579.8,229.3,213.4,340.4,0.7383775115013123
3106,1439,18110,593.8,850.1,210.9,125.8,0.899678647518158
3107,1439,21771,514.2,180.5,232.9,224.9,0.8872231841087341
3108,1439,3544,72.8,199.6,203.6,199.3,0.792273759841919
3109,1439,21771,166.3,670.6,218.5,368.1,0.7417547702789307
3110,1441,27733,91.7,734.3,321.1,278.7,0.8511988520622253
3111,1441,3483,579.7,761.1,275.6,207.9,0.7932780385017395
3112,1441,22347,117.7,173.1,202.9,193.2,0.7402154803276062
3113,1441,29667,591.9,204.2,255.1,166.5,0.6731404662132263
3114,1442,27733,127.4,775.9,316.8,276.8,0.8704627156257629
3115,1442,22347,133.4,178.7,207.2,196.6,0.8100529909133911
3116,1442,3483,607.4,791.9,273.9,209.2,0.8089898228645325
3117,1442,29667,620.0,208.3,261.5,169.1,0.5633556842803955
3118,1444,5094,484.6,148.1,314.9,305.2,0.8899450898170471
3119,1444,16232,94.2,691.0,213.3,489.1,0.836088240146637
3120,1444,5094,138.9,109.0,215.4,434.0,0.8020769953727722
3121,1444,23223,519.7,624.4,299.0,511.5,0.7677834033966064
3122,1446,5094,129.4,801.9,324.7,316.9,0.9031972289085388
3123,1446,23223,120.5,64.6,296.7,511.1,0.8688739538192749
3124,1446,2483,630.6,31.6,200.0,484.9,0.8424130082130432
3125,1446,5094,588.5,700.2,224.2,454.4,0.8115960955619812
3126,1447,10221,629.0,193.0,217.6,213.0,0.8778770565986633
3127,1447,29667,46.5,791.0,239.4,234.7,0.8658576607704163
3128,1447,3544,102.6,180.3,205.3,197.7,0.8185768127441406
3129,1447,22347,466.3,765.5,408.8,247.4,0.38857245445251465
3130,1449,29667,80.9,831.4,236.6,228.0,0.9027736783027649
3131,1449,10221,656.6,198.3,225.3,213.5,0.8757927417755127
3132,1449,19607,118.0,184.4,209.7,202.0,0.8171140551567078
3133,1449,21771,496.4,806.0,403.9,237.1,0.25220614671707153
3134,1450,5094,586.5,706.0,240.7,509.0,0.9590427875518799
3135,1450,12778,114.0,62.8,290.3,522.5,0.9071298241615295
3136,1450,25438,123.3,811.0,256.4,254.0,0.905424952507019
3137,1450,2483,603.1,41.8,213.1,488.7,0.858349084854126
3138,1452,5094,600.1,712.4,236.8,524.3,0.9682909846305847
3139,1452,25438,126.3,823.4,257.4,267.0,0.8879401683807373
3140,1452,2483,599.5,78.8,203.5,477.7,0.7945073246955872
3141,1452,12778,115.9,102.2,286.5,522.8,0.7278999090194702
3142,1453,33880,50.9,307.3,277.7,333.7,0.9421625137329102
3143,1453,16688,477.2,114.5,424.1,535.9,0.7987171411514282
3144,1453,3351,457.2,907.3,191.2,191.0,0.7951350808143616
3145,1455,33880,651.4,645.7,282.2,344.4,0.8836784958839417
3146,1455,3351,332.4,193.5,184.6,179.6,0.8056765198707581
3147,1455,16688,76.1,620.6,431.5,584.6,0.7950006127357483
3148,1458,5094,637.2,705.4,231.4,455.8,0.9606643915176392
3149,1458,25438,110.1,828.8,254.2,253.8,0.8978632688522339
3150,1458,23223,73.0,165.1,303.1,504.8,0.8654422760009766
3151,1458,2483,617.6,61.6,237.2,478.0,0.8610652685165405
3152,1459,5094,107.1,811.2,283.7,287.1,0.879160463809967
3153,1459,2483,626.0,68.6,219.3,471.6,0.8317785263061523
3154,1459,22627,72.7,178.7,316.7,484.0,0.7222135066986084
3155,1459,5094,649.4,691.1,245.2,470.5,0.6153632998466492
3156,1460,5094,551.9,191.2,270.6,268.4,0.8992031812667847
3157,1460,2483,53.8,696.8,254.1,480.8,0.8382790088653564
3158,1460,22627,548.5,576.7,315.6,479.3,0.7586735486984253
3159,1460,5094,71.4,126.4,227.1,434.7,0.7579625248908997
3160,1461,2483,629.0,30.5,245.8,481.9,0.8517563939094543
3161,1461,5094,106.9,800.1,276.9,276.0,0.7503577470779419
3162,1461,5094,639.9,688.3,236.5,451.4,0.7152577638626099
3163,1461,22627,68.9,155.9,319.6,477.0,0.687588632106781
3164,1462,25367,524.2,673.8,423.7,464.3,0.8996288180351257
3165,1462,20238,133.7,868.9,230.9,226.1,0.8706344962120056
3166,1462,3483,131.5,287.9,276.6,173.9,0.8291485905647278
3167,1462,27653,669.5,254.3,221.5,199.2,0.7684458494186401
3168,1463,20238,622.8,177.1,226.7,216.4,0.8978709578514099
3169,1463,25367,60.5,121.2,420.6,451.0,0.8838353753089905
3170,1463,3483,588.1,844.2,283.3,168.3,0.8148277997970581
3171,1463,27653,96.2,854.4,221.4,204.9,0.6942166090011597
3172,1464,20238,594.7,174.8,220.2,212.1,0.8759773373603821
3173,1464,25367,43.8,102.6,410.4,449.2,0.8598341345787048
3174,1464,3483,560.6,810.6,285.6,176.5,0.8190650343894958
3175,1464,27653,63.1,810.5,223.7,211.8,0.6571102738380432
3176,1466,22347,106.2,179.8,201.7,192.4,0.8268094658851624
3177,1466,3483,560.0,810.7,285.2,176.1,0.8177995085716248
3178,1466,20238,595.5,177.7,236.0,227.6,0.7737849354743958
3179,1466,27653,61.5,810.1,224.7,211.4,0.6806398034095764
3180,1473,19607,152.0,218.4,157.2,151.6,0.8412172794342041
3181,1473,21026,125.7,865.6,179.8,176.0,0.7922422289848328
3182,1473,19607,572.4,89.0,288.1,482.7,0.7740669250488281
3183,1473,29871,615.9,860.2,200.7,157.0,0.7584089040756226
3184,1474,27733,123.9,768.4,316.2,275.7,0.8071224689483643
3185,1474,3483,608.6,790.5,274.4,208.9,0.8059576749801636
3186,1474,36637,621.0,208.1,261.0,168.5,0.6599729657173157
3187,1474,34597,62.9,98.7,446.4,429.0,0.6310089826583862
3188,1476,27733,87.2,728.8,322.7,280.5,0.8718741536140442
3189,1476,3483,581.1,759.1,274.5,207.6,0.837812602519989
3190,1476,36637,593.1,204.4,253.7,167.1,0.7440248131752014
3191,1476,34597,55.0,62.0,431.2,442.2,0.4956105947494507
3192,1477,18357,358.3,678.2,251.2,375.7,0.9117074012756348
3193,1477,3351,651.4,288.5,183.4,183.4,0.7045948505401611
3194,1477,32310,87.7,230.6,241.2,212.3,0.5788934230804443
3195,1480,10221,158.1,261.9,220.1,211.0,0.9608766436576843
3196,1480,3544,641.8,875.9,215.3,214.3,0.8086708784103394
3197,1480,21771,172.7,833.5,241.4,238.1,0.7887101769447327
3198,1480,21771,592.2,238.5,211.6,338.1,0.734190046787262
3199,1483,33208,631.6,897.7,221.5,213.2,0.8717752695083618
3200,1483,16551,108.5,772.8,301.7,392.5,0.871626079082489
3201,1483,3483,151.6,219.1,246.0,220.5,0.8712760210037231
3202,1483,3544,636.8,278.0,221.8,169.3,0.6259998083114624
3203,1485,33208,148.1,167.9,211.3,201.3,0.8696638345718384
3204,1485,3483,600.7,866.7,260.0,230.4,0.8103955984115601
3205,1485,27733,582.5,97.0,289.0,377.0,0.77813720703125
3206,1485,19607,124.7,864.5,221.7,169.3,0.7432666420936584
3207,1488,3351,392.4,206.5,185.3,182.7,0.8051296472549438
3208,1488,31863,627.2,830.0,207.3,207.7,0.8011284470558167
3209,1488,21325,209.5,825.9,206.3,197.9,0.28621259331703186
3210,1489,20014,538.0,288.0,338.8,317.3,0.8468330502510071
3211,1489,3351,402.1,850.8,190.6,190.3,0.7633491158485413
3212,1489,20238,184.0,280.9,227.5,219.0,0.5456368327140808
3213,1492,31863,186.4,277.3,159.0,228.1,0.8277913928031921
3214,1492,3351,379.3,904.0,191.1,190.9,0.7498430609703064
3215,1492,18147,528.9,295.4,341.3,355.9,0.3757752478122711
3216,1493,18147,58.2,543.3,350.4,379.4,0.8533010482788086
3217,1493,3351,368.3,135.2,184.3,190.3,0.8097906112670898
3218,1493,31863,599.1,721.3,159.0,238.7,0.6136655211448669
3219,1497,3483,565.4,841.1,261.7,231.2,0.8197908401489258
3220,1497,21771,609.7,199.7,219.7,213.6,0.7956706881523132
3221,1497,19607,82.8,826.0,228.6,176.3,0.7569156885147095
3222,1497,28763,60.3,51.8,300.9,508.4,0.6712595224380493
3223,1500,3351,197.1,734.8,188.3,297.9,0.9657662510871887
3224,1500,3351,352.0,236.6,184.7,182.5,0.8117187023162842
3225,1500,41768,572.5,857.8,349.7,183.1,0.701780378818512
